0.0	-0.49543030268729116
1.66789	-0.2739831026872911
3.33578	-0.18409340268729105
5.00367	0.1504321973127089
6.67156	0.2641375973127089
8.33945	0.5467227973127089
10.0073	0.42481159731270896
11.6752	0.5733191973127088
13.3431	0.33682899731270893
15.011	0.30383949731270893
16.6789	-0.06977110268729105
18.3468	-0.1568787226872911
20.0147	-0.515835412687291
21.6826	-0.3892422026872911
23.3505	-0.517351102687291
25.0183	-0.29584440268729106
26.6862	-0.3523271026872911
28.3541	-0.04190914268729113
30.022	-0.12036269268729112
31.6899	0.07387619731270878
33.3578	-0.006393502687291108
35.0257	0.004038297312708839
36.6936	-0.17214360268729106
38.3615	-0.07323590268729104
40.0294	-0.2101381026872911
41.6972	0.13831859731270893
43.3651	0.2391713973127089
45.033	0.660121597312709
46.7009	0.9795156973127088
48.3688	1.506258197312709
50.0367	1.735575297312709
51.7046	1.9742163973127087
53.3725	1.676042397312709
55.0404	1.4562943973127087
56.7083	0.864254997312709
58.3761	0.5351548973127089
60.044	0.2020551673127089
61.7119	0.3182600873127089
63.3798	0.17926800731270892
65.0477	0.2647346373127089
66.7156	0.07952439731270891
68.3835	0.17113699731270887
70.0514	0.052353297312708845
71.7193	0.26465259731270885
73.3871	0.28774769731270894
75.055	0.6528040973127089
76.7229	0.851546997312709
78.3908	1.725699147312709
80.0587	2.144869397312709
81.7266	2.5934533973127087
83.3945	2.3326633973127087
85.0624	1.8362105973127085
86.7303	0.8087805973127091
88.3982	0.4040211973127089
90.066	0.1208932973127089
91.7339	0.7213183973127091
93.4018	1.0475043973127087
95.0697	1.309022797312709
96.7376	1.0897274973127087
98.4055	0.7965747973127087
100.073	0.17303439731270892
101.741	0.029657597312708894
103.409	-0.18278663268729106
105.077	-0.09089166268729107
106.745	-0.21470616268729112
108.413	0.10837139731270898
110.081	0.21493659731270878
111.749	0.4487099973127089
113.417	0.33895139731270896
115.084	0.3622283973127089
116.752	0.06621259731270893
118.42	0.08260459731270894
120.088	-0.12821270268729107
121.756	0.17564099731270894
123.424	0.06446339731270893
125.092	0.2685368973127089
126.76	-0.05899665468729105
128.428	-0.07013599268729112
130.095	-0.3390780826872911
131.763	-0.16687960268729113
133.431	-0.0491159026872911
135.099	0.46459871731270896
136.767	0.5526363173127089
138.435	1.0621497973127092
140.103	1.234442597312709
141.771	1.980385797312709
143.439	2.8841823973127085
145.106	4.7030273973127095
146.774	6.2458993973127095
148.442	7.184038397312707
150.11	6.610139397312709
151.778	5.216054397312709
153.446	2.981955397312709
155.114	1.3030071973127089
156.782	0.07256599731270894
158.45	0.02962219731270883
160.117	0.2163099973127089
161.785	0.6268637973127088
163.453	0.4406575973127088
165.121	0.324284997312709
166.789	-0.07218390268729116
168.457	-0.28980920268729105
170.125	-0.419472412687291
171.793	-0.08875913268729123
173.461	0.3066143973127087
175.128	1.8447482973127087
176.796	2.787961397312709
178.464	3.3990513973127086
180.132	3.342537397312708
181.8	2.5436390973127088
183.468	1.4970640673127087
185.136	1.1069770973127089
186.804	0.5976756973127089
188.472	1.0149357973127087
190.139	0.7831233973127087
191.807	0.5168562973127085
193.475	-0.09999817268729108
195.143	-0.06389190268729124
196.811	0.4541455973127089
198.479	2.048290717312709
200.147	4.17237384731271
201.815	6.403577697312708
203.483	8.24521529731271
205.15	10.288073397312708
206.818	11.106173397312709
208.486	11.19433639731271
210.154	10.05762139731271
211.822	8.117068697312707
213.49	5.869734797312709
215.158	4.079110497312708
216.826	2.809148697312709
218.494	2.7275785973127094
220.161	2.619618997312709
221.829	2.5391553973127095
223.497	2.2351473973127094
225.165	2.685075097312709
226.833	2.8162483973127093
228.501	3.1631342973127086
230.169	2.8940283973127086
231.837	2.3064593973127088
233.505	0.8988173973127089
235.172	0.7119279973127088
236.84	3.1389057973127086
238.508	6.294428397312709
240.176	8.956044397312708
241.844	10.115051797312711
243.512	8.627092297312709
245.18	6.689223397312709
246.848	4.485389897312708
248.516	3.6778838973127095
250.183	5.6834373973127095
251.851	7.457142397312708
253.519	8.422834397312709
255.187	8.655677497312709
256.855	7.526655397312711
258.523	6.766121397312709
260.191	5.836732397312708
261.859	5.48910739731271
263.527	5.306609397312708
265.194	4.991443397312709
266.862	4.253407397312708
268.53	3.314274397312709
270.198	1.6836903973127086
271.866	0.3979213973127089
273.534	-0.889884782687291
275.202	-1.192080702687291
276.87	-1.079342102687291
278.538	0.06382655731270895
280.205	0.9107895973127089
281.873	2.1050851973127087
283.541	2.513813597312709
285.209	3.592593897312709
286.877	4.553504397312709
288.545	8.57344039731271
290.213	15.05229339731271
291.881	21.52202539731271
293.549	25.96506739731271
295.216	27.091677397312708
296.884	23.82726739731271
298.552	18.50174739731271
300.22	12.174579397312709
301.888	7.5604583973127095
303.556	7.183741457312709
305.224	8.722868697312709
306.892	12.14869239731271
308.56	17.41864339731271
310.227	20.855470397312708
311.895	21.05160539731271
313.563	18.03947139731271
315.231	12.067710397312707
316.899	6.192857107312709
318.567	1.9617283973127086
320.235	-0.38337560268729065
321.903	0.16410279731270877
323.571	0.9299181973127089
325.238	1.405049397312709
326.906	3.175150297312709
328.574	6.458686397312708
330.242	10.17738139731271
331.91	13.578542397312711
333.578	15.07380739731271
335.246	14.004672397312708
336.914	11.029934397312712
338.582	6.9892504973127085
340.25	3.6630563973127095
341.917	2.1126476939127086
343.585	1.2929466473127091
345.253	1.215893997312709
346.921	1.3806816803127089
348.589	2.2518075973127085
350.257	4.7189158973127086
351.925	7.777248397312709
353.593	9.550561397312709
355.261	10.166530397312707
356.928	8.48713739731271
358.596	5.74039239731271
360.264	2.5505677973127088
361.932	0.369308097312709
363.6	-0.4025822286872911
365.268	0.12735639731270879
366.936	-0.11665448268729106
368.604	-0.11687710268729119
370.272	-0.4581635026872911
371.939	-0.3309235026872912
373.607	-0.5180277326872911
375.275	-0.06645900268729106
376.943	0.13711319731270882
378.611	0.6951890973127088
380.279	0.9078094973127089
381.947	1.2409113973127088
383.615	0.9785033973127091
385.283	1.1365685973127089
386.95	0.850806897312709
388.618	1.0466191973127088
390.286	0.9926381173127089
391.954	1.1920249973127093
393.622	1.1154997973127088
395.29	1.330552697312709
396.958	1.041521597312709
398.626	1.103330197312709
400.294	0.9994382973127088
401.961	1.3884904973127088
403.629	1.7819522973127089
405.297	2.643891297312708
406.965	3.6714017973127087
408.633	6.218165697312709
410.301	8.511633397312709
411.969	9.77508839731271
413.637	10.05770339731271
415.305	8.63639629731271
416.972	5.98500294731271
418.64	3.472335397312709
420.308	1.102100647312709
421.976	0.29938919731270885
423.644	0.17124129731270887
425.312	0.08752729731270893
426.98	0.20881329731270895
428.648	0.42769739731270884
430.316	0.1898494973127089
431.983	-0.1350480026872912
433.651	-0.5571996026872912
435.319	-0.6503833026872912
436.987	-0.790949722687291
438.655	-0.36323090268729114
440.323	-0.21675050268729104
441.991	0.024047697312708873
443.659	-0.13249110268729117
445.327	-0.16143600268729114
446.994	-0.21146670268729117
448.662	0.1034344973127089
450.33	0.13434669731270893
451.998	0.40972899731270884
453.666	0.29454519731270895
455.334	0.3300886973127089
457.002	0.051077097312708895
458.67	0.16345669731270887
460.338	0.13441329731270887
462.005	0.44567559731270895
463.673	0.4012249973127089
465.341	0.516753697312709
467.009	0.33276219731270895
468.677	0.368456097312709
470.345	0.23157939731270893
472.013	0.708779397312709
473.681	1.0331593973127087
475.349	1.694550397312709
477.016	2.080488567312709
478.684	2.678949397312709
480.352	3.0251733973127086
482.02	3.437772397312709
483.688	3.455078397312709
485.356	4.387919397312709
487.024	5.1272403973127085
488.692	5.75219939731271
490.36	5.402689397312709
492.027	4.4507653973127095
493.695	2.7995351573127087
495.363	1.061942397312709
497.031	-0.4613778026872911
498.699	-0.7763297566872912
500.367	-0.5881972026872908
502.035	-0.10158530268729109
503.703	-0.0400633026872911
505.371	-0.01697180268729106
507.038	-0.0032373626872911564
508.706	-0.09216850268729107
510.374	-0.18108127268729102
512.042	0.15754966531270898
513.71	0.2996378973127089
515.378	0.5820454973127089
517.046	0.6079990973127091
518.714	0.6340460973127089
520.382	0.614743667312709
522.049	0.7402390973127086
523.717	0.584853897312709
525.385	0.6714743973127089
527.053	0.4072158973127089
528.721	0.34543339731270895
530.389	0.456632397312709
532.057	1.663054397312709
533.725	3.219996397312708
535.393	5.179578097312708
537.06	6.279819397312709
538.728	6.472864397312709
540.396	5.232894397312709
542.064	3.614578397312709
543.732	1.6872793973127092
545.4	0.7163290973127088
547.068	0.03350469731270891
548.736	0.09758429731270894
550.404	-0.009840402687291116
552.072	0.09716709731270896
553.739	-0.11709180268729105
555.407	-0.1225927026872911
557.075	-0.282328822687291
558.743	-0.12762928268729112
560.411	-0.1297406026872911
562.079	0.15134032731270883
563.747	0.18253698731270893
565.415	0.37808869731270894
567.083	0.3396539973127089
568.75	0.6040287973127088
570.418	0.8865434973127089
572.086	1.342331697312709
573.754	1.3831615973127092
575.422	1.4080859973127091
577.09	0.902381997312709
578.758	0.6066989973127089
580.426	0.09140359731270895
582.094	-0.022414902687291162
583.761	-0.1506484026872911
585.429	-0.0625613026872911
587.097	-0.3007855126872911
588.765	-0.23800374268729113
590.433	-0.40780710268729115
592.101	-0.20968790268729104
593.769	-0.2866727026872911
595.437	-0.10792903548729109
597.105	-0.2297504326872911
598.772	-0.1455219026872911
600.44	-0.2977841026872911
602.108	-0.24855060268729107
603.776	-0.3805831026872911
605.444	-0.26139410268729113
607.112	-0.37898290268729107
608.78	-0.2545593026872911
610.448	-0.41288590268729114
612.116	-0.36501953268729104
613.783	-0.4984953226872911
615.451	-0.49954910268729114
617.119	-0.6798061126872911
618.787	-0.5819352026872912
620.455	-0.6804417026872911
622.123	-0.4647163026872911
623.791	-0.45446870268729106
625.459	-0.1980708026872911
627.127	-0.04208820268729112
628.794	0.305799797312709
630.462	0.509100197312709
632.13	0.822168227312709
633.798	0.855150397312709
635.466	0.9477967973127089
637.134	0.788089097312709
638.802	0.854181297312709
640.47	0.7745752973127089
642.138	1.071243397312709
643.805	1.0655323973127089
645.473	1.3277613973127087
647.141	1.133964457312709
648.809	1.4893506973127089
650.477	2.061723297312709
652.145	3.412829797312709
653.813	4.718982997312709
655.481	5.918766697312709
657.149	5.902904397312709
658.816	5.651175397312708
660.484	4.560765397312709
662.152	4.08257839731271
663.82	3.803433797312709
665.488	3.9602838973127086
667.156	3.758935397312709
668.824	3.411967397312709
670.492	2.409249797312709
672.16	1.8148065773127087
673.827	1.1875764973127088
675.495	1.0406854973127089
677.163	0.8149297973127091
678.831	0.8240432973127089
680.499	0.5434388973127089
682.167	0.5551889973127089
683.835	0.35582211731270885
685.503	0.45237179731270893
687.171	0.3125860973127089
688.838	0.3440501973127089
690.506	0.16485521731270897
692.174	0.17624309731270887
693.842	0.06589039731270893
695.51	0.15947132731270883
697.178	0.06013219731270889
698.846	0.18415899731270896
700.514	0.08019149731270887
702.182	0.18253569731270894
703.849	0.09683399731270884
705.517	0.19560949731270888
707.185	0.07286159731270889
708.853	0.14590739731270888
710.521	-0.026179702687291105
712.189	0.0205418973127089
713.857	-0.10084360268729109
715.525	0.02374809731270896
717.193	-0.05063570268729113
718.86	0.1186767473127089
720.528	0.021292957312708923
722.196	0.1239976973127089
723.864	-0.025530002687291043
725.532	0.057716797312708915
727.2	-0.06838780268729112
728.868	0.03463929731270886
730.536	-0.11023940268729109
732.204	-0.00782190268729106
733.871	-0.1516740026872911
735.539	-0.06383240268729108
737.207	-0.1962958026872911
738.875	-0.05253570268729106
740.543	-0.13282000268729116
742.211	0.04202288731270888
743.879	-0.05425143568729106
745.547	0.08807841731270896
747.215	-0.01329630268729114
748.882	0.09431939731270883
750.55	-0.05808691268729114
752.218	0.027029117312708916
753.886	-0.15208112268729107
755.554	-0.051769732687291084
757.222	-0.19547581168729106
758.89	-0.09464106268729114
760.558	-0.2252479626872911
762.226	-0.10444050268729108
763.894	-0.22862615268729108
765.561	-0.0991550426872911
767.229	-0.1926548026872911
768.897	-0.04452079268729112
770.565	-0.12611290268729108
772.233	0.017941547312708916
773.901	-0.09859943268729107
775.569	0.01276965931270888
777.237	-0.1383398986872911
778.905	-0.042970302687291094
780.572	-0.16224470268729102
782.24	-0.04214600268729105
783.908	-0.13198800268729113
785.576	0.025781697312708917
787.244	-0.07309470268729108
788.912	0.05788859731270888
790.58	-0.07103570268729106
792.248	0.0489332973127089
793.916	-0.021124502687291057
795.583	0.1445834573127089
797.251	0.08222034731270891
798.919	0.2506926973127089
800.587	0.11054839731270893
802.255	0.1540113973127089
803.923	-0.07951530268729111
805.591	-0.08823433268729106
807.259	-0.2543758426872911
808.927	-0.1517794126872911
810.594	-0.21471330268729102
812.262	-0.050568802687291046
813.93	-0.20341490268729107
815.598	-0.10761090268729112
817.266	-0.29451710268729114
818.934	-0.27771530268729105
820.602	-0.38180975268729106
822.27	-0.26061876168729115
823.938	-0.34225000268729106
825.605	-0.15102341268729108
827.273	-0.28142282568729116
828.941	-0.13360720268729112
830.609	-0.2275893026872911
832.277	-0.1322557026872911
833.945	-0.22108530268729104
835.613	-0.04776860268729109
837.281	-0.14777035968729108
838.949	0.030504157312708946
840.616	-0.0872912026872911
842.284	0.03201129731270891
843.952	-0.11273920268729112
845.62	-0.01989720268729111
847.288	-0.20899058268729115
848.956	-0.1045259426872911
850.624	-0.29471628268729105
852.292	-0.16336720268729105
853.96	-0.2730875026872911
855.627	-0.08853790268729105
857.295	-0.1499603326872911
858.963	0.046050597312708955
860.631	-0.07495150268729112
862.299	0.06597579731270894
863.967	-0.1010882026872911
865.635	0.04044059731270897
867.303	-0.08734690268729109
868.971	0.061596497312708866
870.638	-0.08789210268729106
872.306	-0.011946192687291102
873.974	-0.22798120268729108
875.642	-0.1318832026872911
877.31	-0.2856798026872911
878.978	-0.062098202687291035
880.646	-0.09427807268729113
882.314	0.2367661973127088
883.982	-0.10319150268729113
885.649	-0.31532280268729107
887.317	-0.868608012687291
888.985	-1.0681252026872914
890.653	-1.2927690026872911
892.321	-0.953105902687291
893.989	-0.803554102687291
895.657	-0.21429870268729112
897.325	-0.20738340268729108
898.993	-0.050120378687291134
900.66	-0.15342800268729104
902.328	-0.025339502687291106
903.996	-0.2040398026872911
905.664	-0.12095212268729114
907.332	-0.3208236826872911
909.0	-0.20676857268729115
910.668	-0.378861958687291
912.336	-0.21738632268729113
914.004	-0.36324466268729105
915.671	-0.21304945268729109
917.339	-0.4092206926872911
919.007	-0.2872592826872911
920.675	-0.4883065226872912
922.343	-0.30721721268729113
924.011	-0.4679430626872911
925.679	-0.26468310268729106
927.347	-0.44029344268729115
929.015	-0.2752615886872911
930.682	-0.49318189268729107
932.35	-0.33918630268729105
934.018	-0.541591102687291
935.686	-0.33318010268729104
937.354	-0.5740065026872911
939.022	-0.41338800268729115
940.69	-0.6846833026872912
942.358	-0.523821902687291
944.026	-0.8410847226872911
945.693	-0.622724852687291
947.361	-1.0753255526872911
949.029	-0.7809525026872912
950.697	-2.155556102687291
952.365	2.483756397312709
954.033	12.775049397312708
955.701	22.50328739731271
957.369	30.32108739731271
959.037	31.824477397312712
960.704	25.75253739731271
962.372	17.089890397312708
964.04	6.339156297312708
965.708	0.08937349731270876
967.376	0.4393151483127089
969.044	0.26197624731270885
970.712	0.3533508773127089
972.38	0.25763586731270904
974.048	0.23180539731270886
975.715	0.2502862973127088
977.383	0.2519470603127089
979.051	0.46861619731270887
980.719	0.6852858973127088
982.387	1.1565779973127088
984.055	2.923649397312709
985.723	6.779654397312709
987.391	11.047661397312709
989.059	14.633307397312711
990.727	15.589000397312708
992.394	13.76402239731271
994.062	9.84570339731271
995.73	5.2840313973127095
997.398	1.6657788873127088
999.066	0.4360722973127089
1000.73	0.12118979731270892
1002.4	0.1875225973127089
1004.07	0.1199872973127089
1005.74	0.1394422973127089
1007.41	0.09482541631270891
1009.07	0.14587909731270893
1010.74	0.06759133731270886
1012.41	0.11667469731270885
1014.08	0.009127627312708919
1015.74	0.04138846731270888
1017.41	-0.0578921026872911
1019.08	0.05772373731270889
1020.75	0.00634666731270887
1022.42	0.06971699731270886
1024.08	-0.030771302687291023
1025.75	0.023466597312708882
1027.42	-0.08317020268729107
1029.09	-0.006348902687291091
1030.76	-0.09988243268729109
1032.42	0.01856689731270892
1034.09	-0.04592204268729112
1035.76	0.05409049731270894
1037.43	-0.019304402687291146
1039.1	0.07429539731270887
1040.76	0.011129597312708916
1042.43	0.10797439731270889
1044.1	0.027482597312708933
1045.77	0.14199359731270886
1047.43	0.047048397312708885
1049.1	0.1415674973127089
1050.77	0.05659009731270892
1052.44	0.13884099731270888
1054.11	0.0485114973127089
1055.77	0.12683929731270896
1057.44	0.01397399731270894
1059.11	0.09368729731270893
1060.78	-0.030462702687291055
1062.45	0.0498148973127089
1064.11	-0.0438085026872911
1065.78	0.046549897312708935
1067.45	-0.05692250268729108
1069.12	0.04467639731270895
1070.79	-0.07357330268729105
1072.45	0.09827379731270895
1074.12	-0.0906687026872911
1075.79	-0.1171562026872911
1077.46	-0.31987420268729105
1079.12	-0.30585390268729107
1080.79	-0.4144394026872911
1082.46	-0.20190580268729114
1084.13	-0.17837140268729113
1085.8	0.14191659731270895
1087.46	0.09994499731270895
1089.13	0.14539849731270896
1090.8	0.0020428973127089136
1092.47	0.029981553312708947
1094.14	-0.14379640268729105
1095.8	-0.07933108268729114
1097.47	-0.15617040268729107
1099.14	-0.02129141268729106
1100.81	-0.0859009246872911
1102.48	0.009015497312708898
1104.14	-0.09924296268729105
1105.81	-0.02121510268729111
1107.48	-0.1457908726872911
1109.15	-0.06207420268729112
1110.81	-0.16158712268729108
1112.48	-0.0654714026872911
1114.15	-0.14815529268729105
1115.82	-0.01801660268729107
1117.49	-0.09288310268729112
1119.15	0.01343339731270896
1120.82	-0.13166710268729112
1122.49	-0.11917820268729107
1124.16	-0.3505090927872911
1125.83	-0.37061990268729106
1127.49	-0.5256495026872912
1129.16	-0.40452450268729123
1130.83	-0.40746480268729107
1132.5	-0.22140360268729112
1134.17	-0.26690530268729107
1135.83	-0.20757290268729114
1137.5	-0.2769870326872911
1139.17	-0.30110660268729117
1140.84	-0.6424635926872909
1142.5	-0.533875202687291
1144.17	-0.6610308026872911
1145.84	-0.34368630268729106
1147.51	-0.18783320268729115
1149.18	0.12607509731270888
1150.84	0.19019399731270886
1152.51	0.3401536973127089
1154.18	-0.10059480268729111
1155.85	-0.08180420268729108
1157.52	-0.47106180268729114
1159.18	-0.4263339026872911
1160.85	-0.6244506026872911
1162.52	-0.32166570268729106
1164.19	-0.3580412826872911
1165.85	0.018667937312708948
1167.52	-0.2643033126872911
1169.19	-0.13689477268729117
1170.86	-0.9545600026872911
1172.53	0.7321394973127087
1174.19	5.567271297312709
1175.86	10.405285397312708
1177.53	14.530022397312706
1179.2	15.87031689731271
1180.87	13.389276397312708
1182.53	9.399242397312708
1184.2	4.345537997312709
1185.87	0.8814499973127088
1187.54	0.943338797312709
1189.21	0.845414717312709
1190.87	0.8646850973127089
1192.54	0.7715145973127088
1194.21	0.635195597312709
1195.88	0.519349897312709
1197.54	0.427119197312709
1199.21	0.37093769731270887
1200.88	0.36639629731270895
1202.55	0.48567789731270883
1204.22	0.4759873973127089
1205.88	0.5765315173127089
1207.55	0.5487533973127089
1209.22	0.5309530973127089
1210.89	0.3949317973127089
1212.56	0.27754255731270894
1214.22	0.09341069731270892
1215.89	0.09391491731270894
1217.56	0.014710397312708956
1219.23	0.031018027312708907
1220.9	-0.018202802687291065
1222.56	0.07765182731270893
1224.23	0.04899465731270889
1225.9	0.1757743973127089
1227.57	0.1448046073127089
1229.23	0.23652167731270893
1230.9	0.1595224973127089
1232.57	0.18030799731270888
1234.24	0.039544477312708895
1235.91	0.0726376773127089
1237.57	-0.04368290988729111
1239.24	0.027383193312708977
1240.91	-0.06101402268729106
1242.58	0.04928269731270889
1244.25	-0.02614927268729108
1245.91	0.01132254731270894
1247.58	-0.09944780268729114
1249.25	-0.04694403268729101
1250.92	-0.10476850268729106
1252.59	0.007250197312708861
1254.25	-0.11087110268729106
1255.92	-0.10319405268729107
1257.59	-0.2904336526872911
1259.26	-0.2858071026872909
1260.92	-0.13968920268729113
1262.59	0.335438197312709
1264.26	2.8702789973127087
1265.93	6.255354697312709
1267.6	8.894825397312708
1269.26	10.303110397312707
1270.93	8.999554397312707
1272.6	5.945707397312709
1274.27	2.547924797312709
1275.94	-0.3620599026872909
1277.6	-1.0252022026872913
1279.27	-0.17141960268729112
1280.94	0.31077709731270886
1282.61	0.7377217373127088
1284.28	0.5434481973127089
1285.94	0.4568188973127089
1287.61	0.22550789731270884
1289.28	0.4040720973127089
1290.95	0.3425923973127089
1292.61	0.4066305423127089
1294.28	0.20605039731270886
1295.95	0.20271219731270892
1297.62	-0.006077102687291058
1299.29	0.0516388973127089
1300.95	-0.05656963068729113
1302.62	0.07075369731270886
1304.29	-0.009055602687291104
1305.96	0.12192589731270895
1307.63	0.010835797312708912
1309.29	0.08295053831270889
1310.96	-0.04846397268729109
1312.63	0.03785049731270893
1314.3	-0.04641260268729111
1315.97	0.11430569731270887
1317.63	0.06360349731270891
1319.3	0.18425824731270887
1320.97	0.0746443773127089
1322.64	0.09320339731270895
1324.3	-0.08381210268729108
1325.97	-0.09171850268729112
1327.64	-0.30353688268729107
1329.31	-0.26810371268729105
1330.98	-0.3208874026872911
1332.64	-0.12005890268729114
1334.31	-0.046347902687291095
1335.98	0.19331748731270892
1337.65	0.2174710973127089
1339.32	0.32739579731270896
1340.98	0.2471449973127089
1342.65	0.3553648973127089
1344.32	0.27400989731270886
1345.99	0.33661459731270893
1347.65	0.17912019731270887
1349.32	0.09830819731270884
1350.99	-0.10881748268729105
1352.66	-0.09254150268729111
1354.33	0.23253577731270889
1355.99	1.204891297312709
1357.66	1.8316303973127088
1359.33	2.448874397312709
1361.0	2.377704397312709
1362.67	2.0217553973127087
1364.33	1.275237097312709
1366.0	0.7579854973127089
1367.67	0.28928589731270893
1369.34	0.4172458973127088
1371.01	0.1943462973127089
1372.67	0.20221693731270887
1374.34	-0.0358587426872911
1376.01	-0.02763930268729107
1377.68	-0.2404007026872911
1379.34	-0.1728788026872911
1381.01	-0.1701009626872912
1382.68	0.030589297312708784
1384.35	-0.024772002687291204
1386.02	0.05611039731270875
1387.68	-0.15719510268729103
1389.35	-0.14836870268729124
1391.02	-0.25028700268729137
1392.69	-0.06154460268729114
1394.36	0.04830485731270882
1396.02	0.3499916083127089
1397.69	0.24817709731270893
1399.36	0.2787319973127088
1401.03	0.010842297312708915
1402.7	-0.037948202687291044
1404.36	-0.28376590268729107
1406.03	-0.24296380268729112
1407.7	-0.3974021026872911
1409.37	-0.17685470268729103
1411.03	-0.1816900026872911
1412.7	0.02312641731270897
1414.37	-0.009974132687291082
1416.04	0.07902445731270895
1417.71	-0.012530110687291129
1419.37	0.14022725731270888
1421.04	0.050846737312709014
1422.71	0.2095716773127089
1424.38	0.1072510673127089
1426.05	0.13242349731270892
1427.71	-0.022630402687291173
1429.38	-0.024918402687291195
1431.05	-0.16350740268729105
1432.72	-0.05228470268729102
1434.39	-0.11094370268729108
1436.05	0.09822629731270886
1437.72	0.14407959731270883
1439.39	0.33597145731270894
1441.06	0.38061069731270886
1442.72	0.4658144973127089
1444.39	0.4595873973127088
1446.06	0.48248809731270886
1447.73	1.1961610973127086
1449.4	2.8000003973127088
1451.06	3.9531633973127094
1452.73	4.864096397312709
1454.4	4.656311397312708
1456.07	3.648792597312709
1457.74	2.236595297312709
1459.4	0.856217397312709
1461.07	-0.0666610026872911
1462.74	0.11537179731270897
1464.41	-0.10724674268729109
1466.08	-0.06679600268729109
1467.74	-0.26308178268729104
1469.41	-0.1310060026872911
1471.08	-0.22923503268729112
1472.75	0.036283597312708936
1474.41	-0.05729312268729112
1476.08	0.11220041731270895
1477.75	-0.0907987026872911
1479.42	-0.09194640268729115
1481.09	-0.43141620268729114
1482.75	-0.4273937026872911
1484.42	-0.927048552687291
1486.09	-0.39000490268729116
1487.76	1.806209997312709
1489.43	4.219563197312709
1491.09	6.599403797312709
1492.76	7.940679697312708
1494.43	7.352911597312709
1496.1	5.7937140973127095
1497.76	3.3291409973127095
1499.43	1.161045157312709
1501.1	0.638423937312709
1502.77	0.27413980731270887
1504.44	0.06898939731270892
1506.1	0.09171331731270893
1507.77	0.07754254731270885
1509.44	0.19399999731270892
1511.11	0.1671449373127089
1512.78	0.28152969731270894
1514.44	0.222828697312709
1516.11	0.2810333133127088
1517.78	0.17693441731270892
1519.45	0.24554876731270894
1521.12	0.16540002731270892
1522.78	0.1832795973127089
1524.45	0.02099715731270893
1526.12	-0.025829412687291154
1527.79	-0.1729140926872911
1529.45	-0.11396455268729104
1531.12	-0.10731641468729118
1532.79	0.15227979731270894
1534.46	0.27397589731270894
1536.13	0.4815834973127089
1537.79	0.43124039731270897
1539.46	0.4518933973127089
1541.13	0.26398239731270895
1542.8	0.2864933973127089
1544.47	0.21028309731270892
1546.13	0.33789779731270897
1547.8	0.3633743573127088
1549.47	0.5298946973127089
1551.14	0.6242995973127089
1552.81	1.160146397312709
1554.47	1.6782363973127086
1556.14	2.6145564973127096
1557.81	2.9754177973127094
1559.48	3.033521397312709
1561.14	2.390937397312709
1562.81	1.3566658973127088
1564.48	0.23111219731270896
1566.15	-0.5292542026872912
1567.82	-1.0798408026872912
1569.48	-0.8948664026872912
1571.15	-0.7706678826872914
1572.82	-0.3464753026872912
1574.49	-0.031383982687291166
1576.16	0.20451149731270898
1577.82	0.30167799731270895
1579.49	0.28991279731270897
1581.16	0.11608339731270903
1582.83	0.08288829731270893
1584.5	-0.04745690268729104
1586.16	-0.11157300268729124
1587.83	-0.07224680268729111
1589.5	0.6543307973127087
1591.17	4.741167397312709
1592.83	9.286716397312707
1594.5	13.053515897312707
1596.17	14.469386397312709
1597.84	15.99108039731271
1599.51	18.367700797312708
1601.17	27.09120839731271
1602.84	34.8618043973127
1604.51	40.689747397312715
1606.18	40.051957397312705
1607.85	31.37358739731271
1609.51	18.26908739731271
1611.18	7.417141397312709
1612.85	-0.15074800268729102
1614.52	-1.050627962687291
1616.19	-0.3016399026872911
1617.85	-0.6227768026872911
1619.52	-0.44250685168729104
1621.19	-0.6819452026872911
1622.86	-0.5880186026872911
1624.52	0.09680519731270887
1626.19	2.0589113973127087
1627.86	3.3525413973127085
1629.53	4.766484397312708
1631.2	4.588492397312709
1632.86	3.742144497312709
1634.53	2.190825297312709
1636.2	0.831805497312709
1637.87	-0.07871391268729107
1639.54	0.3568406973127089
1641.2	0.10317119731270892
1642.87	0.330121997312709
1644.54	0.0207677973127089
1646.21	0.2171137973127088
1647.88	-0.06704270268729112
1649.54	0.11088829731270891
1651.21	-0.15995500268729107
1652.88	-0.07392470268729105
1654.55	-0.3331953226872911
1656.21	-0.13561800268729116
1657.88	-0.3101702526872911
1659.55	-0.010979302687291127
1661.22	-0.10006080268729112
1662.89	0.10715811731270897
1664.55	-0.08020476268729107
1666.22	0.06915609731270886
1667.89	-0.1673762726872911
1669.56	0.00586670731270893
1671.23	-0.12039950268729113
1672.89	1.323073497312709
1674.56	2.492205097312709
1676.23	3.975939397312709
1677.9	4.819955397312709
1679.56	4.85219439731271
1681.23	3.859324397312709
1682.9	2.765332397312709
1684.57	1.022910947312709
1686.24	0.6026996973127089
1687.9	0.15002009731270888
1689.57	-0.007955302687291077
1691.24	0.03420649731270893
1692.91	0.20158759731270895
1694.58	0.21376909731270882
1696.24	-0.22517500268729118
1697.91	-1.1061430026872912
1699.58	-1.590286192687291
1701.25	-2.0052016026872908
1702.92	-1.6578090826872913
1704.58	-1.1200601026872912
1706.25	-0.3579680026872911
1707.92	0.1788493673127088
1709.59	0.35074129731270887
1711.25	-0.022391302687291104
1712.92	0.02423249731270889
1714.59	-0.1559981026872911
1716.26	-0.060619902687291095
1717.93	-0.1957669526872911
1719.59	-0.12528010268729112
1721.26	-0.3156777026872911
1722.93	-0.24509250268729108
1724.6	-0.41790732268729114
1726.27	-0.288045902687291
1727.93	-0.34732840268729104
1729.6	-0.17591050268729114
1731.27	-0.2447832026872911
1732.94	-0.08252930268729106
1734.61	-0.2136486926872911
1736.27	-0.046348242687291076
1737.94	-0.1483718246872911
1739.61	-0.025808112687291072
1741.28	-0.1555949026872911
1742.94	-0.07563629488729114
1744.61	-0.20842802268729113
1746.28	-0.01368604268729109
1747.95	-0.08138850268729107
1749.62	0.1351571973127089
1751.28	0.06845029731270888
1752.95	0.20778979731270897
1754.62	0.10564779731270893
1756.29	0.21784169731270886
1757.96	0.10790959731270895
1759.62	0.2350032973127089
1761.29	0.1053241973127089
1762.96	0.2202378973127089
1764.63	0.07858109731270892
1766.3	0.12924839731270893
1767.96	-0.035473402687291114
1769.63	-0.004915102687291106
1771.3	-0.15059500268729106
1772.97	-0.06682650268729114
1774.63	-0.14122160268729111
1776.3	0.019143597312708927
1777.97	-0.04202330268729111
1779.64	0.013819397312708892
1781.31	-0.14394190268729115
1782.97	-0.16661203268729105
1784.64	-0.32361010268729107
1786.31	-0.3124626026872911
1787.98	-0.39600200268729113
1789.65	-0.3638091426872911
1791.31	-0.4744349126872911
1792.98	-0.6614444026872911
1794.65	0.38576789731270883
1796.32	2.549821797312709
1797.99	4.383114397312709
1799.65	6.045911397312709
1801.32	6.086573397312709
1802.99	4.948091397312708
1804.66	3.075505797312709
1806.32	1.045304297312709
1807.99	-0.08064800268729115
1809.66	0.1803657073127089
1811.33	-0.0015737026872910786
1813.0	0.22280972731270893
1814.66	0.09152056731270893
1816.33	0.22793359731270893
1818.0	0.022222687312708878
1819.67	0.13830981731270892
1821.34	-0.04558309268729109
1823.0	0.09800476731270891
1824.67	-0.0352796426872911
1826.34	0.13007933731270896
1828.01	0.04974889731270887
1829.68	0.22286977731270893
1831.34	0.08635963731270893
1833.01	0.20970583731270898
1834.68	0.04263079731270893
1836.35	0.1325642973127089
1838.01	-0.04209910268729108
1839.68	0.07270023731270894
1841.35	-0.06650410268729111
1843.02	0.06447749731270888
1844.69	-0.06867482268729103
1846.35	0.04848946731270885
1848.02	-0.06657597268729112
1849.69	0.07760466731270883
1851.36	-0.0551639426872911
1853.03	0.07865408731270893
1854.69	-0.06210291968729109
1856.36	0.041053187312708905
1858.03	-0.0940029026872911
1859.7	0.021773597312708948
1861.36	-0.0954737426872911
1863.03	0.0637302773127089
1864.7	-0.0318016026872911
1866.37	0.11695039731270891
1868.04	-0.010913801687291058
1869.7	0.09569209731270893
1871.37	-0.05789938268729107
1873.04	0.05406729731270894
1874.71	-0.07920903268729111
1876.38	0.05057247731270892
1878.04	-0.07692826268729105
1879.71	0.034392350312708875
1881.38	-0.12121218268729109
1883.05	0.0067059873127089
1884.72	-0.1252446580872911
1886.38	0.0059031573127089395
1888.05	-0.11347409268729111
1889.72	0.015535527312708935
1891.39	-0.1108283626872911
1893.05	0.034517697312708935
1894.72	-0.07541940268729108
1896.39	0.08859369731270886
1898.06	-0.0036660026872910867
1899.73	0.12348081731270888
1901.39	-0.0026036926872910816
1903.06	0.09925373731270892
1904.73	-0.05802055268729114
1906.4	0.035386797312708884
1908.07	-0.12092956268729105
1909.73	-0.03598759268729111
1911.4	-0.16606134268729106
1913.07	-0.07451228268729108
1914.74	-0.21341800268729116
1916.41	-0.10264590268729112
1918.07	-0.22193620268729103
1919.74	-0.08698574268729112
1921.41	-0.16910390268729109
1923.08	0.012276197312708903
1924.74	-0.04234100268729113
1926.41	0.1211024973127089
1928.08	0.007770697312708863
1929.75	0.11351789731270892
1931.42	-0.03927376268729106
1933.08	0.032421907312708886
1934.75	-0.1195122626872911
1936.42	0.005460304312708891
1938.09	-0.09689420268729107
1939.76	0.05342876731270892
1941.42	-0.02757907268729117
1943.09	0.1527804773127089
1944.76	0.07098265731270896
1946.43	0.19363839731270888
1948.1	0.029793437312708882
1949.76	0.07852453731270889
1951.43	-0.13064880268729104
1953.1	-0.09337970268729114
1954.77	-0.2656090026872911
1956.43	-0.13876970268729108
1958.1	-0.22379660268729112
1959.77	-0.03519588268729108
1961.44	-0.10177300268729106
1963.11	0.052062567312708904
1964.77	-0.043086996987291085
1966.44	0.08980940231270891
1968.11	-0.052596822687291114
1969.78	0.0915266973127089
1971.45	-0.0468138426872911
1973.11	0.1193371973127089
1974.78	0.06593629731270889
1976.45	0.16076559731270884
1978.12	0.053847977312708864
1979.79	0.11130145731270888
1981.45	-0.12479128268729105
1983.12	-0.041296572687291075
1984.79	-0.2050234626872911
1986.46	-0.053316127687291104
1988.12	-0.07535350268729113
1989.79	0.0751713973127089
1991.46	0.009839167312708902
1993.13	0.13134847731270888
1994.8	-0.03227600268729113
1996.46	0.05158609731270891
1998.13	-0.10871110268729114
1999.8	-0.014771402687291052
2001.47	-0.1476778026872911
2003.14	-0.008423642687291058
2004.8	-0.1063765226872911
2006.47	0.058704413312708904
2008.14	-0.01412452268729109
2009.81	0.14225926731270894
2011.48	0.05380009731270892
2013.14	0.18222559731270896
2014.81	0.043789297312708864
2016.48	0.1398203973127089
2018.15	0.0037099573127089254
2019.81	0.12501178731270887
2021.48	0.019317447312708853
2023.15	0.1385671773127089
2024.82	0.009308007312708885
2026.49	0.11852879731270898
2028.15	-0.01700777268729109
2029.82	0.0673339573127089
2031.49	-0.07308260268729108
2033.16	0.023823907312708864
2034.83	-0.11267290268729113
2036.49	0.0016498373127088518
2038.16	-0.10645481268729107
2039.83	0.03982962731270889
2041.5	-0.05238640268729109
2043.16	0.07245419731270893
2044.83	-0.04754330268729114
2046.5	0.06299677731270889
2048.17	-0.06292339268729104
2049.84	0.047430167312708986
2051.5	-0.07427836268729106
2053.17	0.047779177312708906
2054.84	-0.07895199268729106
2056.51	0.026493067312708868
2058.18	-0.10472281368729108
2059.84	-0.009901886687291077
2061.51	-0.13716125268729112
2063.18	0.008191129312708888
2064.85	-0.08332910268729113
2066.52	0.06716309731270889
2068.18	-0.02670390268729107
2069.85	0.09345229731270889
2071.52	-0.02369260268729113
2073.19	0.08120406731270888
2074.85	-0.05797939268729111
2076.52	0.0533100473127089
2078.19	-0.07795588268729112
2079.86	0.016925417312708906
2081.53	-0.10227870268729107
2083.19	0.04143214731270891
2084.86	-0.03950870268729105
2086.53	0.13241795731270894
2088.2	0.04215249831270891
2089.87	0.1706515973127089
2091.53	0.0461311173127089
2093.2	0.13738500731270892
2094.87	-0.011244082687291101
2096.54	0.09494409431270891
2098.21	-0.0432051626872911
2099.87	0.08198439731270891
2101.54	-0.048494002687291086
2103.21	0.07489829731270889
2104.88	-0.045617832687291124
2106.54	0.08260275731270889
2108.21	-0.023477732687291076
2109.88	0.10875648731270893
2111.55	-0.008163802687291092
2113.22	0.12494539731270886
2114.88	0.005385897312708904
2116.55	0.14096986731270889
2118.22	0.02537694131270889
2119.89	0.13454361731270892
2121.56	-0.0031824426872910814
2123.22	0.07756349731270892
2124.89	-0.07308748268729112
2126.56	0.020501497312708884
2128.23	-0.10639122268729109
2129.9	0.021762897312708907
2131.56	-0.08445997268729116
2133.23	0.037314497312708916
2134.9	-0.07996386268729112
2136.57	0.029758337312708875
2138.23	-0.0780711826872911
2139.9	0.04200012731270891
2141.57	-0.06341546268729108
2143.24	0.05806681731270894
2144.91	-0.05931610268729111
2146.57	0.04464219731270893
2148.24	-0.09323980268729107
2149.91	0.004032397312708899
2151.58	-0.10522426268729106
2153.25	0.010364637312708914
2154.91	-0.09513295868729113
2156.58	0.02549379731270892
2158.25	-0.0887069826872911
2159.92	0.027174707312708928
2161.59	-0.08089228268729111
2163.25	0.04164122731270893
2164.92	-0.05982870268729109
2166.59	0.06769969731270893
2168.26	-0.05689472268729105
2169.92	0.051850757312708905
2171.59	-0.07071906668729111
2173.26	0.04041113731270888
2174.93	-0.07962040268729109
2176.6	0.04794599731270889
2178.26	-0.07441786268729109
2179.93	0.05013361731270891
2181.6	-0.06915262838729111
2183.27	0.044232999512708905
2184.94	-0.06403156268729106
2186.6	0.07372609731270893
2188.27	-0.03236969268729106
2189.94	0.09745775731270888
2191.61	-0.011286982687291041
2193.28	0.10085165731270893
2194.94	-0.022548812687291135
2196.61	0.08183559731270887
2198.28	-0.06313435268729109
2199.95	0.03287283731270886
2201.61	-0.10336806268729108
2203.28	0.0005243173127088635
2204.95	-0.11350909268729108
2206.62	0.013062065312708926
2208.29	-0.09747405568729108
2209.95	0.02908248731270887
2211.62	-0.08419425268729108
2213.29	0.04294212731270891
2214.96	-0.0646593066872911
2216.63	0.0668620773127089
2218.29	-0.043702542687291096
2219.96	0.07316329731270893
2221.63	-0.04903680268729109
2223.3	0.058640397312708856
2224.96	-0.05843600268729112
2226.63	0.07373279731270892
2228.3	-0.0329262626872911
2229.97	0.1006756973127089
2231.64	-0.0030614726872910643
2233.3	0.12039779431270889
2234.97	0.00951483731270889
2236.64	0.12033095731270893
2238.31	-0.006413267687291113
2239.98	0.0937977213127089
2241.64	-0.041067422687291064
2243.31	0.06710569731270896
2244.98	-0.033550192687291126
2246.65	0.08643099731270894
2248.32	-0.03678721268729107
2249.98	0.057252297312708846
2251.65	-0.07903800268729107
2253.32	0.027760597312708902
2254.99	-0.07055910268729111
2256.65	0.059949797312708865
2258.32	-0.02502160268729108
2259.99	0.09871519731270888
2261.66	-0.017169302687291076
2263.33	0.11062566731270893
2264.99	0.01953549731270888
2266.66	0.16711389731270893
2268.33	0.0995061973127089
2270.0	0.2209206973127089
2271.67	0.036899197312708874
2273.33	0.0654072273127089
2275.0	-0.15539090268729108
2276.67	-0.11659740268729113
2278.34	-0.2522216126872911
2280.01	-0.1133828326872911
2281.67	-0.1610662126872911
2283.34	0.02161269731270895
2285.01	-0.0904951626872911
2286.68	0.024515997312708898
2288.34	-0.09530392268729113
2290.01	0.017543895312708918
2291.68	-0.09098928468729109
2293.35	0.03867810461270892
2295.02	-0.053156312687291075
2296.68	0.08033346731270899
2298.35	-0.03401798268729108
2300.02	0.07727023631270888
2301.69	-0.06135118268729113
2303.36	0.02587503731270885
2305.02	-0.11831986268729108
2306.69	-0.012548202687291132
2308.36	-0.12552500268729114
2310.03	0.0055153973127088415
2311.7	-0.09976880268729109
2313.36	0.023746097312708915
2315.03	-0.10369290268729107
2316.7	0.015092007312708905
2318.37	-0.09819000268729113
2320.03	0.02793022731270891
2321.7	-0.09347323268729113
2323.37	0.05543968731270893
2325.04	-0.025944002687291114
2326.71	0.21694849731270888
2328.37	0.13645109731270894
2330.04	0.2917306973127089
2331.71	0.1466320073127089
2333.38	0.19383589731270887
2335.05	-0.006808062687291066
2336.71	0.09795639731270889
2338.38	-0.027254022687291067
2340.05	0.13590199731270888
2341.72	0.005349597312708865
2343.39	0.1071284673127089
2345.05	-0.027720962687291083
2346.72	0.07597053731270895
2348.39	-0.03113570268729112
2350.06	0.10234030731270893
2351.72	0.018291787312708863
2353.39	0.11253397831270891
2355.06	-0.013010832687291096
2356.73	0.07612381731270892
2358.4	-0.05878257168729113
2360.06	0.0251876673127089
2361.73	-0.09785466268729108
2363.4	0.015546747312708904
2365.07	-0.08972463268729111
2366.74	0.029496997312708904
2368.4	-0.08117380268729109
2370.07	0.037907597312708916
2371.74	-0.07234457268729111
2373.41	0.030439197312708933
2375.07	-0.10185033268729116
2376.74	0.006490697312708835
2378.41	-0.13040102268729106
2380.08	-0.015048202687291068
2381.75	-0.13481392268729114
2383.41	-0.015909482687291088
2385.08	-0.13136466868729116
2386.75	0.006056257312708946
2388.42	-0.09690020268729112
2390.09	0.05166221731270889
2391.75	-0.0374645226872911
2393.42	0.0963632273127089
2395.09	-0.005065122687291035
2396.76	0.1060402013127089
2398.43	-0.032270112687291054
2400.09	0.06441779731270894
2401.76	-0.06409010268729107
2403.43	0.049782597312708884
2405.1	-0.06504510268729109
2406.76	0.04138879731270892
2408.43	-0.05710042268729108
2410.1	0.05710900731270892
2411.77	-0.04363865268729113
2413.44	0.0819402073127089
2415.1	-0.030950921687291084
2416.77	0.08119083731270893
2418.44	-0.04646914268729111
2420.11	0.03364799731270897
2421.78	-0.0824165626872911
2423.44	0.026610147312708898
2425.11	-0.0824926026872911
2426.78	0.04674213731270893
2428.45	-0.06020780268729113
2430.12	0.06329717731270892
2431.78	-0.06007440268729112
2433.45	0.050882837312708894
2435.12	-0.06435255268729109
2436.79	0.06025189731270888
2438.45	-0.04564950268729108
2440.12	0.08998549731270891
2441.79	-0.006045202687291046
2443.46	0.1333956973127089
2445.13	0.026933117312708966
2446.79	0.14319897731270886
2448.46	0.011508329312708898
2450.13	0.11789845731270898
2451.8	-0.01763965268729112
2453.47	0.08377340731270892
2455.13	-0.04587841268729108
2456.8	0.05057461731270892
2458.47	-0.08067556768729112
2460.14	0.02698393731270888
2461.81	-0.09884317268729112
2463.47	0.021146247312708883
2465.14	-0.0917014826872911
2466.81	0.033077147312708895
2468.48	-0.08253564268729109
2470.14	0.028825787312708916
2471.81	-0.08574672268729108
2473.48	0.031170097312708932
2475.15	-0.08679768268729113
2476.82	0.019882497312708892
2478.48	-0.11440170268729108
2480.15	-0.01400776268729112
2481.82	-0.14879891268729106
2483.49	-0.05123021268729107
2485.16	-0.1465676626872911
2486.82	-0.0010853726872911418
2488.49	-0.0633614526872911
2490.16	0.1052865473127089
2491.83	0.020195337312708887
2493.5	0.14763992731270895
2495.16	0.025644487312708873
2496.83	0.1251795973127089
2498.5	0.007480797312708856
2500.17	0.11577109731270893
2501.83	0.0008545973127089101
2503.5	0.11739920731270889
2505.17	-0.012285722687291074
2506.84	0.07092662731270885
2508.51	-0.07587507268729113
2510.17	0.013730117312708904
2511.84	-0.12734233268729112
2513.51	-0.04480455268729107
2515.18	-0.15777670268729105
2516.85	-0.00012568268729111763
2518.51	-0.062277272687291066
2520.18	0.11224189731270891
2521.85	0.02666120731270889
2523.52	0.1331680073127089
2525.19	-0.009471902687291107
2526.85	0.04090469731270894
2528.52	-0.10234939268729111
2530.19	0.030211237312708895
2531.86	-0.07387250268729112
2533.52	0.07573129731270889
2535.19	-0.0186213226872911
2536.86	0.09066869731270884
2538.53	-0.03882940268729112
2540.2	0.05315908731270891
2541.86	-0.07873247868729112
2543.53	0.03911219731270895
2545.2	-0.06049067268729112
2546.87	0.08499931731270889
2548.54	-0.009626252687291115
2550.2	0.11158999731270888
2551.87	-0.008595702687291085
2553.54	0.10213445731270887
2555.21	-0.008177662687291087
2556.87	0.10621689731270889
2558.54	-0.0006330026872911065
2560.21	0.13647089731270884
2561.88	0.02546909731270891
2563.55	0.12619291731270893
2565.21	-0.000376482687291102
2566.88	0.07384539731270884
2568.55	-0.08810818268729106
2570.22	0.0054407273127089015
2571.89	-0.10338504268729112
2573.55	0.04757933731270887
2575.22	-0.03376935668729111
2576.89	0.0870827803127089
2578.56	-0.03444800268729111
2580.23	0.05470403731270891
2581.89	-0.0870981026872911
2583.56	0.043315747312708895
2585.23	0.0005629373127088888
2586.9	0.17705232731270892
2588.56	0.10145407731270888
2590.23	0.20304981731270894
2591.9	0.05468967731270895
2593.57	0.10917025731270893
2595.24	-0.048158512687291044
2596.9	0.028482147312708945
2598.57	-0.08565469968729109
2600.24	0.03690918731270888
2601.91	-0.06615150268729111
2603.58	0.056826087312708905
2605.24	-0.024855232687291125
2606.91	0.09448613731270886
2608.58	-0.009673272687291045
2610.25	0.10092611731270892
2611.92	-0.00828671268729112
2613.58	0.12935163731270888
2615.25	0.0341120423127089
2616.92	0.1545101973127089
2618.59	0.043364097312708925
2620.25	0.1340988973127089
2621.92	0.012842997312708848
2623.59	0.11354059731270887
2625.26	0.011496525312708939
2626.93	0.13703229731270888
2628.59	0.03917753731270897
2630.26	0.16314162731270893
2631.93	0.1056885473127089
2633.6	0.24592163731270889
2635.27	0.15647969731270894
2636.93	0.27711679731270894
2638.6	0.14062879731270886
2640.27	0.21780659731270885
2641.94	0.07351469731270892
2643.61	0.14175909731270891
2645.27	0.02828309731270891
2646.94	0.13673959731270888
2648.61	0.016987297312708885
2650.28	0.09352629731270894
2651.94	-0.0769574026872911
2653.61	0.060442677312708915
2655.28	0.007561527312708915
2656.95	0.15754584931270893
2658.62	0.06816259731270888
2660.28	0.0948150973127089
2661.95	-0.1258207026872911
2663.62	-0.13064560268729114
2665.29	-0.32386100268729107
2666.96	-0.1865823726872911
2668.62	-0.1960344426872911
2670.29	-0.0251500026872911
2671.96	-0.1063042726872911
2673.63	0.008284737312708868
2675.3	-0.08557840268729112
2676.96	0.052350797312708884
2678.63	-0.009029522687291036
2680.3	0.11274462731270889
2681.97	-0.005210690187291081
2683.63	0.09760449731270891
2685.3	-0.049672982687291055
2686.97	0.05573675731270884
2688.64	-0.04845154268729105
2690.31	0.09544679731270891
2691.97	0.0029398973127089225
2693.64	0.12338382731270894
2695.31	0.00684334731270887
2696.98	0.1414829973127089
2698.65	0.04684522731270887
2700.31	0.21730979731270894
2701.98	0.08580889731270891
2703.65	0.1763344973127089
2705.32	-0.01320693268729114
2706.99	0.02139221731270894
2708.65	-0.15415135268729113
2710.32	-0.06338281268729108
2711.99	-0.1936985026872911
2713.66	-0.06939400268729108
2715.32	-0.20605510268729113
2716.99	-0.10699318268729108
2718.66	-0.1858741826872911
2720.33	0.028972947312708858
2722.0	0.009636797312708922
2723.66	0.24111861731270884
2725.33	0.15853123731270888
2727.0	0.26629162731270883
2728.67	0.10399028731270894
2730.34	0.19398677731270886
2732.0	0.06568076731270886
2733.67	0.18929850731270884
2735.34	0.030606097312708906
2737.01	0.1303125673127089
2738.67	-0.01332029268729108
2740.34	0.11495779731270887
2742.01	0.016408787312708895
2743.68	0.21875849731270894
2745.35	0.2120255973127089
2747.01	0.37950780731270883
2748.68	0.2725370773127088
2750.35	0.42063579731270895
2752.02	0.29910449731270894
2753.69	0.43825919731270896
2755.35	0.3436496973127089
2757.02	0.578553097312709
2758.69	0.5493717973127088
2760.36	0.6921230973127088
2762.03	0.554983684312709
2763.69	0.5877105973127088
2765.36	0.3038579973127089
2767.03	0.2567891973127089
2768.7	-0.10020360268729114
2770.36	-0.14634580268729108
2772.03	-0.3829764026872911
2773.7	-0.3143389426872912
2775.37	-0.32383390268729106
2777.04	-0.05405930268729107
2778.7	-0.06187360268729114
2780.37	0.2044396773127089
2782.04	0.13318509731270892
2783.71	0.25685871731270893
2785.38	0.09606379731270884
2787.04	0.1430372973127089
2788.71	-0.03652707268729114
2790.38	0.07293619731270891
2792.05	-0.07026049868729109
2793.72	0.13408669531270895
2795.38	0.13034256731270885
2797.05	0.3711027973127089
2798.72	0.3528114973127089
2800.39	0.546706397312709
2802.05	0.49531929731270896
2803.72	0.7235669973127088
2805.39	0.46901795731270896
2807.06	0.467677817312709
2808.73	0.15865749731270884
2810.39	0.17584469731270888
2812.06	0.1436831973127089
2813.73	0.544612697312709
2815.4	0.518724097312709
2817.07	0.9854023973127092
2818.73	0.955553807312709
2820.4	1.4045278473127092
2822.07	2.033067997312709
2823.74	4.9979396973127095
2825.41	8.64957599731271
2827.07	11.43522429731271
2828.74	12.51269839731271
2830.41	11.32899339731271
2832.08	8.216588397312709
2833.74	4.903468897312708
2835.41	1.6683636473127095
2837.08	0.40157999731270905
2838.75	0.4462429173127089
2840.42	0.01847279731270879
2842.08	-0.11968613268729111
2843.75	-0.07087870268729113
2845.42	-0.05101410268729114
2847.09	0.06165489731270897
2848.76	0.07035579731270883
2850.42	0.06743459731270882
2852.09	-0.06143462268729109
2853.76	-0.07538327268729103
2855.43	-0.1891801726872911
2857.1	-0.0722415426872911
2858.76	-0.15021538268729112
2860.43	-0.0887258146872911
2862.1	-0.15097940268729115
2863.77	-0.07626040268729116
2865.43	-0.17414310268729113
2867.1	-0.08688170268729108
2868.77	-0.18233310268729105
2870.44	-0.053400202687291155
2872.11	-0.11713400268729116
2873.77	-0.053304102687291154
2875.44	-0.05266005268729109
2877.11	-0.0616920026872911
2878.78	-0.12762660268729106
2880.45	0.010770997312708853
2882.11	0.025061242312708877
2883.78	0.2561469973127089
2885.45	0.2950014973127089
2887.12	0.3622933873127088
2888.79	0.30371939731270886
2890.45	0.20381729731270903
2892.12	-0.11601496268729106
2893.79	-0.32150667268729105
2895.46	-0.583588122687291
2897.12	-0.48158859268729104
2898.79	-0.522257502687291
2900.46	-0.3241955026872911
2902.13	-0.18102274268729107
2903.8	-0.09384330268729116
2905.46	-0.0864940026872911
2907.13	-0.11279410268729113
2908.8	-0.14659010268729117
2910.47	0.12246650731270889
2912.14	0.3790669973127089
2913.8	0.6153831973127091
2915.47	0.8136485073127089
2917.14	1.1511270973127088
2918.81	1.3171523973127086
2920.47	1.505038397312709
2922.14	1.563012897312709
2923.81	1.626258597312709
2925.48	1.9336919573127092
2927.15	2.1532308973127092
2928.81	2.0921692973127093
2930.48	2.2161563973127087
2932.15	1.9832101973127088
2933.82	1.491809897312709
2935.49	1.4474173973127091
2937.15	1.6240857973127092
2938.82	2.4016944973127092
2940.49	4.131631797312709
2942.16	7.298129397312709
2943.83	12.92553939731271
2945.49	21.764091397312708
2947.16	33.65833739731271
2948.83	44.03677739731271
2950.5	48.89652739731271
2952.16	52.17230739731269
2953.83	54.35871739731272
2955.5	54.30975739731271
2957.17	53.4925573973127
2958.84	49.51781739731271
2960.5	43.40521739731271
2962.17	34.0537173973127
2963.84	21.922643397312708
2965.51	13.045269397312708
2967.18	9.392315397312709
2968.84	6.505149397312709
2970.51	4.733293397312709
2972.18	3.194541397312709
2973.85	2.754082397312709
2975.52	2.1321043973127094
2977.18	1.929950597312709
2978.85	1.612189827312709
2980.52	1.6761293973127092
2982.19	1.251239597312709
2983.85	1.1279950973127089
2985.52	0.8062322973127088
2987.19	0.7779787973127089
2988.86	0.710783097312709
2990.53	0.8844791973127089
2992.19	0.6971333973127088
2993.86	0.8054212973127088
2995.53	0.686523297312709
2997.2	0.615010797312709
2998.87	0.45241959731270887
3000.53	0.616032397312709
3002.2	0.629077637312709
3003.87	0.977913397312709
3005.54	0.9636151473127089
3007.21	1.0900685973127087
3008.87	0.9207362973127088
3010.54	0.776814697312709
3012.21	0.5687128973127089
3013.88	0.7171931973127089
3015.54	0.6546229973127089
3017.21	0.7009121973127087
3018.88	0.572932997312709
3020.55	0.48366619731270893
3022.22	0.3471854973127089
3023.88	0.39814389731270894
3025.55	0.4295971973127089
3027.22	0.6496320973127089
3028.89	0.8585741073127091
3030.56	0.8613483973127087
3032.22	1.005880197312709
3033.89	1.0756292973127088
3035.56	2.4836745973127092
3037.23	5.799713397312709
3038.9	8.063822597312708
3040.56	9.86723839731271
3042.23	9.31893539731271
3043.9	6.89703779731271
3045.57	3.613707297312709
3047.23	0.540310097312709
3048.9	-1.348573272687291
3050.57	-0.40039690268729106
3052.24	-0.1636361026872911
3053.91	0.6956746973127089
3055.57	0.660455247312709
3057.24	0.9398844973127088
3058.91	0.601130497312709
3060.58	0.6590569973127091
3062.25	0.40936529731270904
3063.91	1.019661907312709
3065.58	1.5628438973127086
3067.25	2.365897297312709
3068.92	2.566962397312709
3070.59	2.706585397312709
3072.25	2.1882103973127087
3073.92	1.970242797312709
3075.59	1.145840097312709
3077.26	1.225379397312709
3078.92	2.231611297312709
3080.59	6.32605979731271
3082.26	15.10894139731271
3083.93	33.56077039731271
3085.6	56.856517397312714
3087.26	76.40902739731271
3088.93	84.76648739731272
3090.6	79.29063739731271
3092.27	61.03406739731271
3093.94	38.56087139731271
3095.6	17.75444139731271
3097.27	6.082449397312709
3098.94	2.2226253973127093
3100.61	0.8645267973127087
3102.27	-0.225744502687291
3103.94	-0.46187349268729105
3105.61	-0.6485659026872911
3107.28	-0.6462806226872913
3108.95	-0.7154330726872912
3110.61	-0.5536104026872911
3112.28	-0.565300402687291
3113.95	-0.5305372926872911
3115.62	-0.6897358026872913
3117.29	-0.6746639026872913
3118.95	-0.7859115326872911
3120.62	-0.6865163026872911
3122.29	-0.7040416226872912
3123.96	-0.7402301026872908
3125.63	0.9931603973127088
3127.29	3.654425397312709
3128.96	5.7506273973127096
3130.63	7.49774139731271
3132.3	7.157307397312709
3133.96	5.702864397312708
3135.63	3.556086397312709
3137.3	1.2885223973127091
3138.97	0.36423579731270905
3140.64	0.5604109973127088
3142.3	0.040632397312709
3143.97	0.049050797312708894
3145.64	-0.32456470268729104
3147.31	-0.1717075026872911
3148.98	-0.2612404026872911
3150.64	0.09093319731270891
3152.31	0.015588997312708897
3153.98	0.24978159731270894
3155.65	0.042511897312708866
3157.32	0.15302479731270893
3158.98	-0.10657001268729112
3160.65	-0.041254402687291074
3162.32	-0.2885480026872911
3163.99	-0.13850030268729113
3165.65	-0.3312459626872911
3167.32	-0.1855631026872911
3168.99	-0.38388529268729105
3170.66	-0.21848833268729106
3172.33	-0.3662824026872911
3173.99	-0.18856214268729113
3175.66	-0.31255706268729117
3177.33	-0.10992690268729104
3179.0	-0.19475657268729107
3180.67	-0.01262727868729106
3182.33	-0.0953560026872911
3184.0	0.04505586731270893
3185.67	-0.14481401268729105
3187.34	-0.059847242687291115
3189.01	-0.2350632026872911
3190.67	-0.07939493668729108
3192.34	-0.20369230268729105
3194.01	-0.06894250268729106
3195.68	-0.1622918026872911
3197.34	-0.032100002687291095
3199.01	-0.11705330268729112
3200.68	0.0743157973127089
3202.35	-0.053280702687291126
3204.02	0.1424052973127089
3205.68	-0.02039440268729109
3207.35	0.11518759731270892
3209.02	-0.029587302687291133
3210.69	0.06143179731270894
3212.36	-0.14039290268729104
3214.02	-0.07487880268729111
3215.69	-0.30208660268729104
3217.36	-0.17801730268729116
3219.03	-0.322975112687291
3220.7	-0.1430536926872911
3222.36	-0.23631690268729105
3224.03	-0.04317910268729107
3225.7	-0.06858990268729108
3227.37	0.1514716973127089
3229.03	0.09458865731270896
3230.7	0.31982749731270893
3232.37	0.20058569731270892
3234.04	0.31502239731270887
3235.71	0.11324649731270889
3237.37	0.11273989731270888
3239.04	-0.11659944368729107
3240.71	-0.0701981326872911
3242.38	-0.2798074026872911
3244.05	-0.1452210026872911
3245.71	-0.3072878026872911
3247.38	-0.16104050268729114
3249.05	-0.3049846026872911
3250.72	-0.15242841268729107
3252.38	-0.21805912268729113
3254.05	-0.0531708226872911
3255.72	-0.16053230268729107
3257.39	-0.019382902687291072
3259.06	-0.2054633026872911
3260.72	0.09494289731270893
3262.39	0.23777209731270893
3264.06	0.5563432973127089
3265.73	0.601727297312709
3267.4	0.622175997312709
3269.06	0.1825202973127089
3270.73	-0.0017745726872910427
3272.4	-0.48903250268729115
3274.07	-0.3605504026872911
3275.74	-0.1977294026872911
3277.4	0.1394890973127089
3279.07	0.23557829731270888
3280.74	0.45097799731270893
3282.41	0.1988907973127089
3284.07	0.21439109731270892
3285.74	-0.14301180268729108
3287.41	-0.11208960268729111
3289.08	-0.21650740268729116
3290.75	-0.013379602687291058
3292.41	-0.08072330268729111
3294.08	0.17662891731270886
3295.75	0.0887775773127089
3297.42	0.30760699731270885
3299.09	0.18931869731270887
3300.75	0.3329231973127089
3302.42	0.19183909731270893
3304.09	0.3628958973127089
3305.76	0.24207659731270886
3307.43	0.3940330973127089
3309.09	0.20678379731270896
3310.76	0.2573354773127089
3312.43	-0.016406902687291097
3314.1	0.014849497312708914
3315.76	-0.19144376268729113
3317.43	-0.10251348268729113
3319.1	-0.2129312026872911
3320.77	-0.0720637026872911
3322.44	-0.16937480268729113
3324.1	0.06107429731270887
3325.77	0.04483079731270889
3327.44	0.3522377973127089
3329.11	0.3325150973127089
3330.78	0.49202759731270884
3332.44	0.2971413373127089
3334.11	0.33532729731270894
3335.78	0.1107227873127089
3337.45	0.17836419731270894
3339.12	-0.015506402687291077
3340.78	0.07253439731270893
3342.45	-0.0842001326872911
3344.12	0.10648289731270891
3345.79	0.014442497312708913
3347.45	0.2156172973127089
3349.12	0.10868629731270887
3350.79	0.19684969731270888
3352.46	-0.012241272687291105
3354.13	0.0572430973127089
3355.79	-0.11056350268729107
3357.46	0.07163879731270888
3359.13	-0.029129302687291102
3360.8	0.14679849731270891
3362.47	0.07914069731270892
3364.13	0.2353024373127089
3365.8	0.13464789731270893
3367.47	0.32093579731270894
3369.14	0.20053699731270885
3370.81	0.35829369731270894
3372.47	0.19985169731270885
3374.14	0.28494289731270894
3375.81	0.12519919731270882
3377.48	0.1942231973127089
3379.14	0.025713997312708865
3380.81	0.17801779731270892
3382.48	0.07750219731270891
3384.15	0.27994839731270893
3385.82	0.1955892973127089
3387.48	0.3619443973127089
3389.15	0.2108388873127089
3390.82	0.30851579731270895
3392.49	0.12842250731270893
3394.16	0.24811939731270885
3395.82	0.07110019731270885
3397.49	0.1616330973127089
3399.16	-0.017725722687291112
3400.83	0.09009409731270887
3402.5	-0.08014550268729112
3404.16	0.0655476673127089
3405.83	-0.08562232268729106
3407.5	0.09320252731270892
3409.17	-0.03850807268729108
3410.83	0.11472492731270893
3412.5	0.005605407312708965
3414.17	0.1476000973127089
3415.84	0.01879194731270887
3417.51	0.1639727273127089
3419.17	-0.005245602687291057
3420.84	0.15146339731270891
3422.51	0.02667469731270891
3424.18	0.18678047731270891
3425.85	0.08790263731270888
3427.51	0.2458449173127089
3429.18	0.09993530731270892
3430.85	0.23071288731270895
3432.52	0.02816149731270895
3434.18	0.1413059973127089
3435.85	-0.007371602687291101
3437.52	0.15837831131270888
3439.19	0.07200681731270886
3440.86	0.2900284773127089
3442.52	0.19282249731270892
3444.19	0.4132122973127089
3445.86	0.288870397312709
3447.53	0.43817329731270893
3449.2	0.2524201973127088
3450.86	0.3230990973127089
3452.53	0.10767229731270889
3454.2	0.19815039731270892
3455.87	0.03760879731270894
3457.54	0.2076077973127089
3459.2	0.09155088731270888
3460.87	0.27069686731270887
3462.54	0.13422679731270892
3464.21	0.27104449731270897
3465.87	0.10498019731270891
3467.54	0.2456749973127089
3469.21	0.1463880973127089
3470.88	0.42046903731270885
3472.55	0.4520102463127088
3474.21	0.7625568873127089
3475.88	0.6277026973127089
3477.55	0.7096922973127089
3479.22	0.2938052973127089
3480.89	0.14794999731270894
3482.55	-0.28164370268729105
3484.22	-0.355962602687291
3485.89	-0.544269232687291
3487.56	-0.15090246268729113
3489.23	0.928206297312709
3490.89	3.5040298973127095
3492.56	6.17863579731271
3494.23	8.667769397312709
3495.9	10.077712397312709
3497.56	10.50811239731271
3499.23	9.980656397312709
3500.9	9.023022397312708
3502.57	7.69468399731271
3504.24	6.838632187312707
3505.9	5.83077069731271
3507.57	7.11992739731271
3509.24	12.78252239731271
3510.91	25.516804397312708
3512.58	40.43997539731271
3514.24	51.67243139731271
3515.91	54.45125639731272
3517.58	47.60515739731271
3519.25	33.3158673973127
3520.92	18.207569397312707
3522.58	6.3470000973127085
3524.25	1.7871273973127089
3525.92	1.6273627973127092
3527.59	2.4959913973127086
3529.25	2.904753197312709
3530.92	3.0045751373127096
3532.59	2.82901829731271
3534.26	2.6867925973127087
3535.93	2.4786147973127086
3537.59	2.5010638473127087
3539.26	2.2122932973127085
3540.93	1.9838695973127094
3542.6	1.4153233973127093
3544.27	0.9264613973127089
3545.93	0.4191731973127089
3547.6	0.1465670973127089
3549.27	-0.30562911268729104
3550.94	-0.43828700268729115
3552.61	-0.617296402687291
3554.27	-0.47777330268729096
3555.94	-0.35131320268729116
3557.61	-0.03794651268729106
3559.28	-0.031461702687291114
3560.94	0.14911409731270892
3562.61	-0.018444662687291124
3564.28	-0.0017663026872911213
3565.95	-0.20095130268729106
3567.62	-0.1261359026872911
3569.28	-0.1597187326872911
3570.95	0.0794763973127088
3572.62	0.07630929731270882
3574.29	0.28875562731270893
3575.96	0.1715098573127089
3577.62	0.2536890973127089
3579.29	0.039111897312708935
3580.96	0.1528755973127089
3582.63	-0.038833202687291055
3584.3	0.056104467312708864
3585.96	-0.0838715026872911
3587.63	0.0012165973127089113
3589.3	-0.14676810268729107
3590.97	-0.009470502687291082
3592.63	-0.10967717268729109
3594.3	0.14103369731270896
3595.97	0.06600769731270888
3597.64	0.24734359731270894
3599.31	0.07010589731270886
3600.97	0.05246849731270897
3602.64	0.02207519731270897
3604.31	0.6447174973127089
3605.98	1.133268097312709
3607.65	1.8091875973127087
3609.31	1.952215697312709
3610.98	1.912629577312709
3612.65	1.2791392073127088
3614.32	0.7898586973127089
3615.98	0.20562762231270898
3617.65	0.22910148731270893
3619.32	0.1412841973127089
3620.99	0.26491578731270893
3622.66	0.2367327033127089
3624.32	0.39162637731270894
3625.99	0.29474553731270897
3627.66	0.2695885973127089
3629.33	0.1293404973127089
3631.0	-0.13822240268729113
3632.66	0.15883119731270892
3634.33	4.263956397312709
3636.0	7.990098397312709
3637.67	11.65821439731271
3639.34	12.917025397312708
3641.0	11.30286839731271
3642.67	7.549165397312708
3644.34	3.712107797312709
3646.01	-0.28801510268729114
3647.67	0.8257910673127089
3649.34	2.149839397312709
3651.01	3.471359097312709
3652.68	4.0623095973127095
3654.35	3.9495343973127084
3656.01	2.705782397312709
3657.68	1.7418851973127087
3659.35	0.22761339731270894
3661.02	0.050435197312708915
3662.69	0.06520032731270892
3664.35	0.11329130731270894
3666.02	0.02901439731270892
3667.69	0.19281613131270894
3669.36	0.15316362731270897
3671.03	0.37787529731270886
3672.69	0.3053051973127089
3674.36	0.531674297312709
3676.03	0.4071700973127088
3677.7	0.588578397312709
3679.36	0.40153282731270884
3681.03	0.5791547973127089
3682.7	0.4246622773127089
3684.37	0.6290583573127089
3686.04	0.45841149731270897
3687.7	0.6642777973127089
3689.37	0.4830712873127091
3691.04	0.7702671973127089
3692.71	0.640631087312709
3694.38	0.9602014973127091
3696.04	0.850340597312709
3697.71	1.238076997312709
3699.38	1.2907538873127091
3701.05	1.913074597312709
3702.72	1.900434697312709
3704.38	2.3624390973127087
3706.05	1.9703234973127084
3707.72	2.071789097312709
3709.39	1.4921903973127089
3711.05	1.8267323973127088
3712.72	1.6304424073127088
3714.39	2.747902797312709
3716.06	3.5637943973127095
3717.73	18.358456397312708
3719.39	39.32351739731271
3721.06	60.84673739731271
3722.73	75.0280473973127
3724.4	76.47898739731272
3726.07	65.09740739731271
3727.73	47.555664397312704
3729.4	26.405427397312707
3731.07	15.135389097312707
3732.74	10.31296939731271
3734.41	8.515674897312708
3736.07	14.964613397312709
3737.74	24.85294539731271
3739.41	34.941787397312716
3741.08	39.682627397312714
3742.74	36.23914739731271
3744.41	26.173517397312708
3746.08	14.006161397312706
3747.75	2.897647497312709
3749.42	-0.609520602687291
3751.08	-0.4628816876872911
3752.75	-0.5827282026872911
3754.42	-0.4526534026872911
3756.09	-0.43854309268729114
3757.76	-0.4639691026872911
3759.42	-0.5645950026872912
3761.09	-0.5361271426872911
3762.76	-0.5463130026872911
3764.43	-0.4623726026872911
3766.1	-0.481235972687291
3767.76	-0.4700130826872909
3769.43	-0.508752902687291
3771.1	-0.495420862687291
3772.77	-0.5748255026872912
3774.43	-0.47692940268729106
3776.1	-0.49134929268729116
3777.77	-0.368080902687291
3779.44	-0.39666720268729105
3781.11	-0.31578340268729105
3782.77	-0.358819902687291
3784.44	-0.2554581026872911
3786.11	-0.29347700268729104
3787.78	-0.1613378026872911
3789.45	-0.17857510268729104
3791.11	-0.09408110268729106
3792.78	-0.18535800268729108
3794.45	-0.1667585026872911
3796.12	-0.2830056026872911
3797.78	-0.20319890268729113
3799.45	-0.2749198026872911
3801.12	-0.14788932268729113
3802.79	-0.20781090268729105
3804.46	-0.19077125268729114
3806.12	-0.3262684026872911
3807.79	-0.32229950268729113
3809.46	-0.4571735026872911
3811.13	-0.32568050268729115
3812.8	-0.35236810268729113
3814.46	-0.17875320268729114
3816.13	-0.20771290268729103
3817.8	-0.11778248268729112
3819.47	-0.20613106268729112
3821.14	-0.10056530268729114
3822.8	-0.2362227726872911
3824.47	-0.17097090268729104
3826.14	-0.3007926026872911
3827.81	-0.25362887268729095
3829.47	-0.3683315426872912
3831.14	-0.29731582268729106
3832.81	-0.38664757268729105
3834.48	-0.30427926198729105
3836.15	-0.4472036626872911
3837.81	-0.3906390626872911
3839.48	-0.45013633268729114
3841.15	-0.2722498026872911
3842.82	-0.23601290268729108
3844.49	-0.052361502687291096
3846.15	-0.0998968026872911
3847.82	-0.04597650268729109
3849.49	-0.19392740268729108
3851.16	-0.1436337026872911
3852.83	-0.25911320268729104
3854.49	-0.150020902687291
3856.16	-0.2593993026872911
3857.83	-0.1837527126872911
3859.5	-0.3127490026872911
3861.16	-0.17289630268729111
3862.83	-0.17733640268729112
3864.5	0.05458579731270885
3866.17	0.044387997312708906
3867.84	0.1922688973127089
3869.5	0.08253819731270891
3871.17	0.09207409731270895
3872.84	-0.1048142826872911
3874.51	-0.07400820268729105
3876.18	-0.21076590268729115
3877.84	-0.09858870268729113
3879.51	-0.19771080268729108
3881.18	-0.09937830268729109
3882.85	-0.1746939226872911
3884.52	-0.12102911268729113
3886.18	-0.24491000268729107
3887.85	-0.17942770268729108
3889.52	-0.3112733626872911
3891.19	-0.2314217326872911
3892.85	-0.33097440268729106
3894.52	-0.2081232026872911
3896.19	-0.25322410268729106
3897.86	-0.11277072268729108
3899.53	-0.17466700268729105
3901.19	-0.04133600268729113
3902.86	-0.10537699268729103
3904.53	0.028302727312708886
3906.2	-0.06832100268729105
3907.87	-0.02052483268729109
3909.53	-0.26296800268729104
3911.2	-0.3146897026872911
3912.87	-0.534517902687291
3914.54	-0.4881070526872911
3916.21	-0.5876536926872911
3917.87	-0.4739493026872911
3919.54	-0.5303914026872911
3921.21	-0.405462102687291
3922.88	-0.4824357026872911
3924.54	-0.3188005026872911
3926.21	-0.35562687268729104
3927.88	-0.2295053126872911
3929.55	-0.341411802687291
3931.22	-0.30807520268729116
3932.88	-0.4512814126872911
3934.55	-0.36476110268729106
3936.22	-0.42937165268729116
3937.89	-0.24875330268729107
3939.56	-0.2728247026872911
3941.22	-0.15645400268729107
3942.89	-0.2696544426872911
3944.56	-0.19148638268729107
3946.23	-0.2784266926872911
3947.9	-0.14083784268729108
3949.56	-0.1897072026872911
3951.23	-0.05766790268729114
3952.9	-0.16110872268729115
3954.57	-0.13993640268729113
3956.23	-0.2907416226872911
3957.9	-0.23855120268729108
3959.57	-0.3453886826872911
3961.24	-0.2370756026872911
3962.91	-0.3372912026872911
3964.57	-0.2338494026872911
3966.24	-0.2935087626872911
3967.91	-0.18688900268729114
3969.58	-0.24689757268729115
3971.25	-0.10958427468729111
3972.91	-0.23387830268729104
3974.58	-0.19902320268729112
3976.25	-0.3695887026872911
3977.92	-0.2921023026872911
3979.58	-0.3518713026872911
3981.25	-0.16403540268729108
3982.92	-0.17907900268729113
3984.59	-0.00853030268729107
3986.26	-0.10039449268729113
3987.92	-0.052134302687291065
3989.59	-0.1839717026872911
3991.26	-0.07707700268729112
3992.93	-0.17752196268729112
3994.6	-0.07143007268729107
3996.26	-0.20270450268729107
3997.93	-0.09741968268729113
3999.6	-0.18779654268729112
4001.27	-0.10811116268729112
4002.94	-0.19917784978729108
4004.6	-0.10251318268729111
4006.27	-0.22457061268729106
4007.94	-0.11658603268729113
4009.61	-0.21753370268729108
4011.27	-0.11121140268729116
4012.94	-0.20162750268729107
4014.61	-0.1287150026872911
4016.28	-0.22136583068729107
4017.95	-0.11952128268729112
4019.61	-0.20576818268729108
4021.28	-0.1018075526872911
4022.95	-0.18878130268729112
4024.62	-0.08978196268729113
4026.29	-0.1719009426872911
4027.95	-0.06940302268729108
4029.62	-0.16828669268729107
4031.29	-0.0975215026872911
4032.96	-0.22995886268729104
4034.63	-0.1703844826872911
4036.29	-0.2544101826872911
4037.96	-0.14033130268729108
4039.63	-0.1874331626872911
4041.3	-0.03045810268729112
4042.96	-0.09795790268729107
4044.63	0.01218019731270894
4046.3	-0.0953024626872911
4047.97	-0.011842002687291098
4049.64	-0.10797122268729112
4051.3	-0.009060302687291077
4052.97	-0.09987320268729108
4054.64	0.021776997312708924
4056.31	-0.06079315268729102
4057.98	0.046124217312708896
4059.64	-0.07137212268729112
4061.31	0.026193267312708858
4062.98	-0.07934083268729106
4064.65	0.012801257312708925
4066.32	-0.09168057268729109
4067.98	0.015614197312708883
4069.65	-0.08628980268729114
4071.32	0.016738197312708914
4072.99	-0.13201050268729111
4074.65	-0.09029450268729107
4076.32	-0.23880870268729107
4077.99	-0.14892060268729107
4079.66	-0.24152200268729107
4081.33	-0.09420670268729107
4082.99	-0.17979321268729115
4084.66	-0.05904980968729112
4086.33	-0.18278110268729109
4088.0	-0.10600580268729103
4089.67	-0.24492490268729114
4091.33	-0.1273957026872911
4093.0	-0.2176913026872911
4094.67	-0.06243570268729111
4096.34	-0.12339490268729111
4098.01	0.02713649731270893
4099.67	-0.00991500268729113
4101.34	0.1381446973127089
4103.01	0.09502551731270892
4104.68	0.2488176973127089
4106.34	0.15282490731270895
4108.01	0.2458613973127089
4109.68	0.10551789731270891
4111.35	0.11361639731270898
4113.02	-0.09722670268729106
4114.68	-0.11298490268729114
4116.35	-0.2764989026872911
4118.02	-0.1437849026872911
4119.69	-0.17438280268729106
4121.36	0.043266497312708894
4123.02	0.04018693731270885
4124.69	0.18621633631270895
4126.36	0.03984079731270891
4128.03	0.08686759731270895
4129.69	-0.0657810026872911
4131.36	0.02881619731270888
4133.03	-0.08877140268729108
4134.7	-0.010912712687291094
4136.37	-0.15036511268729105
4138.03	-0.05801677268729107
4139.7	-0.18547575268729113
4141.37	-0.08018669268729106
4143.04	-0.1568673926872911
4144.71	0.0012858973127088725
4146.37	-0.048685102687291135
4148.04	0.09517937731270894
4149.71	-0.011032272687291123
4151.38	0.11744079731270889
4153.05	-0.005468102687291143
4154.71	0.07350529731270887
4156.38	-0.07984010268729105
4158.05	-0.01384434268729115
4159.72	-0.20802080268729117
4161.38	-0.19023690268729107
4163.05	-0.3833233026872911
4164.72	-0.30664790268729114
4166.39	-0.3720713026872911
4168.06	-0.1805277026872911
4169.72	-0.2070412126872911
4171.39	-0.011510302687291075
4173.06	-0.11054504268729112
4174.73	-0.02544746268729106
4176.4	-0.17344332268729107
4178.06	-0.07035240268729108
4179.73	-0.1490191026872911
4181.4	0.0014908973127088943
4183.07	-0.09174380268729106
4184.74	-0.006567002687291023
4186.4	-0.18195480268729103
4188.07	-0.11201984268729111
4189.74	-0.2336150426872911
4191.41	-0.10681601268729109
4193.07	-0.21318000268729112
4194.74	-0.10782060268729106
4196.41	-0.24034534268729116
4198.08	-0.15635180268729104
4199.75	-0.2682419026872911
4201.41	-0.09909580268729104
4203.08	-0.15595630268729108
4204.75	-0.022450902687291108
4206.42	-0.1617461226872911
4208.09	-0.10003510268729107
4209.75	-0.24736288268729112
4211.42	-0.15755210268729106
4213.09	-0.27814781268729105
4214.76	-0.10215670268729111
4216.43	-0.1699816026872911
4218.09	-0.02516470268729115
4219.76	-0.13132760268729105
4221.43	-0.010462502687291143
4223.1	-0.1256760326872911
4224.76	-0.01822080268729115
4226.43	-0.16196550268729112
4228.1	-0.08554010268729109
4229.77	-0.25280430268729115
4231.44	-0.1780406026872911
4233.1	-0.2998123287872911
4234.77	-0.14162870268729105
4236.44	-0.1764592026872911
4238.11	0.009687797312708852
4239.78	-0.06444330268729107
4241.44	0.0422145973127089
4243.11	-0.08417400268729115
4244.78	-0.009960722687291123
4246.45	-0.1214674026872911
4248.12	-0.017915102687291046
4249.78	-0.1401583026872911
4251.45	-0.0606295026872911
4253.12	-0.19156623268729112
4254.79	-0.11906670468729108
4256.45	-0.2078398026872911
4258.12	-0.08163380268729108
4259.79	-0.15627787268729104
4261.46	-0.017892802687291143
4263.13	-0.1257473426872911
4264.79	-0.02924367268729105
4266.46	-0.10786230268729113
4268.13	0.044709897312708934
4269.8	-0.003512552687291071
4271.47	0.15544289731270894
4273.13	0.09002519731270889
4274.8	0.22558927731270892
4276.47	0.10845012731270887
4278.14	0.17723039731270895
4279.81	0.049760897312708906
4281.47	0.13556499731270893
4283.14	-0.014902512687291102
4284.81	0.08670173731270887
4286.48	-0.05535544268729109
4288.14	0.006194257312708851
4289.81	-0.17068350268729113
4291.48	-0.15085758268729102
4293.15	-0.2723564026872911
4294.82	-0.13406980268729107
4296.48	-0.23354530268729112
4298.15	-0.06540750268729115
4299.82	-0.1456307026872911
4301.49	-0.051185502687291065
4303.16	-0.16777610268729104
4304.82	-0.07121130268729106
4306.49	-0.14815372268729105
4308.16	0.02825329731270888
4309.83	-0.06601702268729108
4311.49	0.08372839731270891
4313.16	0.023843497312708895
4314.83	0.13061389731270892
4316.5	0.01871359731270894
4318.17	0.11691669731270893
4319.83	-0.03603604268729107
4321.5	0.06682879731270888
4323.17	-0.09981290268729111
4324.84	0.007402997312708892
4326.51	-0.1039392026872911
4328.17	-0.004847702687291067
4329.84	-0.1566370926872911
4331.51	-0.06794440268729106
4333.18	-0.2156021026872911
4334.85	-0.10377310268729112
4336.51	-0.22970320268729108
4338.18	-0.07676020268729108
4339.85	-0.1794863026872911
4341.52	-0.05122716268729109
4343.18	-0.1759778126872911
4344.85	-0.05296476268729104
4346.52	-0.14460547268729113
4348.19	-0.024471562687291098
4349.86	-0.16378476268729109
4351.52	-0.06881660268729109
4353.19	-0.20873810268729107
4354.86	-0.11505804268729111
4356.53	-0.26351810268729103
4358.2	-0.19000055268729107
4359.86	-0.3369266726872911
4361.53	-0.2596016126872911
4363.2	-0.3714182596872911
4364.87	-0.2103231026872911
4366.54	-0.21251364268729112
4368.2	-0.01709354268729111
4369.87	-0.08450050268729108
4371.54	-0.017630102687291104
4373.21	-0.1820950026872911
4374.87	-0.12058350268729108
4376.54	-0.2286321226872911
4378.21	-0.09627360268729113
4379.88	-0.1572927626872912
4381.55	0.008521697312708876
4383.21	-0.0443490026872911
4384.88	0.07223069731270886
4386.55	-0.07029279268729112
4388.22	0.007077757312708921
4389.89	-0.11585628068729112
4391.55	0.0057601973127089255
4393.22	-0.10090333268729108
4394.89	0.03913035331270886
4396.56	-0.04700208268729106
4398.23	0.08150464731270893
4399.89	-0.017264002687291075
4401.56	0.11914199731270894
4403.23	0.0555260973127089
4404.9	0.19695619731270883
4406.56	0.058295097312708946
4408.23	0.10212099731270888
4409.9	-0.07122360268729108
4411.57	-0.02970400268729112
4413.24	-0.19144101268729113
4414.9	-0.12415370268729106
4416.57	-0.2855371426872911
4418.24	-0.2087119326872911
4419.91	-0.3162920226872911
4421.58	-0.17924813268729106
4423.24	-0.23241322268729112
4424.91	-0.05231332268729113
4426.58	-0.09043554268729112
4428.25	0.10885429731270886
4429.92	0.06165009731270894
4431.58	0.1907885973127089
4433.25	0.05774039731270889
4434.92	0.09750589731270892
4436.59	-0.09530052268729113
4438.25	-0.05564780268729106
4439.92	-0.18844420268729103
4441.59	-0.03531437268729112
4443.26	-0.08635200268729107
4444.93	0.05169159731270893
4446.59	-0.019881502687291146
4448.26	0.08520665731270895
4449.93	-0.015552060687291137
4451.6	0.12279140731270885
4453.27	0.01964016731270891
4454.93	0.08504981731270891
4456.6	-0.05019994268729109
4458.27	-0.030683012687291077
4459.94	-0.13597260268729108
4461.61	-0.032246552687291145
4463.27	-0.11741918268729108
4464.94	0.004961657312708934
4466.61	-0.06316291268729106
4468.28	0.0453353973127089
4469.94	-0.006828962687291051
4471.61	0.15369064731270893
4473.28	0.15676612031270895
4474.95	0.30702439731270886
4476.62	0.18619279731270885
4478.28	0.18995729731270888
4479.95	-0.018003502687291038
4481.62	0.0017075373127088621
4483.29	-0.14065780268729114
4484.96	-0.05390540268729112
4486.62	-0.12144740268729112
4488.29	0.0313403373127089
4489.96	-0.07600593968729116
4491.63	-0.0010279426872911086
4493.29	-0.15334676268729105
4494.96	-0.10204340268729109
4496.63	-0.2066840026872911
4498.3	-0.1096418026872911
4499.97	-0.20040301268729105
4501.63	-0.03815910268729107
4503.3	-0.08290717268729113
4504.97	0.07821375731270888
4506.64	0.010475487312708925
4508.31	0.14821607731270883
4509.97	0.06133891731270893
4511.64	0.1525954173127089
4513.31	-0.002487329687291084
4514.98	0.06771553731270892
4516.65	-0.0414081026872911
4518.31	0.060783997312708914
4519.98	-0.046157292687291095
4521.65	0.0767153973127089
4523.32	-0.026645302687291133
4524.98	0.09485547731270885
4526.65	-0.03191390268729115
4528.32	0.06455392731270886
4529.99	-0.028562402687291065
4531.66	0.0704014273127089
4533.32	-0.019289308687291052
4534.99	0.08763245731270897
4536.66	-0.03817000268729104
4538.33	0.08123253731270882
4540.0	-0.05853830268729106
4541.66	0.03420229731270893
4543.33	-0.0604445026872911
4545.0	0.0293884673127089
4546.67	-0.07459491268729107
4548.34	0.03617249731270894
4550.0	-0.05303710268729108
4551.67	0.10744379731270892
4553.34	0.031665497312708915
4555.01	0.15867119731270893
4556.67	0.05474229731270891
4558.34	0.15335799731270888
4560.01	0.02415009731270894
4561.68	0.11299279731270888
4563.35	-0.022782402687291103
4565.01	0.022607197312708972
4566.68	-0.14767980268729106
4568.35	-0.11102410268729117
4570.02	-0.2503310596872912
4571.69	-0.1399509026872911
4573.35	-0.20224960268729114
4575.02	-0.04579990268729105
4576.69	-0.09026020268729108
4578.36	0.06778719731270892
4580.03	0.006042037312708926
4581.69	0.12093909731270895
4583.36	-0.009377812687291171
4585.03	0.04787639731270893
4586.7	-0.10062809268729107
4588.36	-0.047256712687291105
4590.03	-0.1974861026872911
4591.7	-0.1343882426872911
4593.37	-0.30328600268729106
4595.04	-0.2400973026872911
4596.7	-0.4000721926872911
4598.37	-0.2954720026872911
4600.04	-0.379211202687291
4601.71	-0.19157791268729113
4603.38	-0.23106529268729115
4605.04	-0.07191200268729109
4606.71	-0.1801050726872911
4608.38	-0.09768078268729112
4610.05	-0.2564413526872912
4611.72	-0.1241128426872911
4613.38	-0.2347289326872911
4615.05	-0.07621542268729106
4616.72	-0.1468665026872911
4618.39	0.0005407973127089128
4620.05	-0.0946787026872911
4621.72	0.061546197312708904
4623.39	-0.043757112687291114
4625.06	0.09018939731270889
4626.73	-0.05398190268729106
4628.39	0.00793789731270888
4630.06	-0.16350980268729112
4631.73	-0.1212762196872911
4633.4	-0.2955593026872911
4635.07	-0.2069846026872911
4636.73	-0.33096300268729106
4638.4	-0.1541959726872911
4640.07	-0.1961018226872911
4641.74	-0.04150451268729112
4643.41	-0.13245346268729113
4645.07	-0.04792744268729113
4646.74	-0.16860570268729108
4648.41	-0.009826902687291089
4650.08	-0.06484180468729107
4651.74	0.15895805731270893
4653.41	0.09585689731270887
4655.08	0.20841309731270882
4656.75	0.03617099731270895
4658.42	0.08480069731270888
4660.08	-0.07343143268729109
4661.75	0.006646197312708912
4663.42	-0.10324132268729107
4665.09	0.06208119731270889
4666.76	-0.022823982687291067
4668.42	0.13385358731270885
4670.09	0.01642525731270883
4671.76	0.10428956731270893
4673.43	-0.07519030268729113
4675.09	-0.08193420268729115
4676.76	-0.2406705801872911
4678.43	-0.16321600268729114
4680.1	-0.26431980268729116
4681.77	-0.09813700268729107
4683.43	-0.16096170268729115
4685.1	0.019253597312708905
4686.77	-0.05210024268729109
4688.44	0.03371519731270891
4690.11	-0.06281407268729108
4691.77	0.040351157312708864
4693.44	-0.08818531268729106
4695.11	0.012340307312708864
4696.78	-0.10503241668729109
4698.45	0.004206647312708911
4700.11	-0.08684260268729112
4701.78	0.017472007312708926
4703.45	-0.09860125268729107
4705.12	0.014749197312708906
4706.78	-0.09312420268729109
4708.45	0.02254889731270888
4710.12	-0.12077119268729111
4711.79	-0.0716796026872911
4713.46	-0.2569972026872911
4715.12	-0.18617330268729115
4716.79	-0.29852845268729106
4718.46	-0.11790841368729113
4720.13	-0.16015320268729114
4721.8	0.022790097312708868
4723.46	-0.07844613268729114
4725.13	0.02633832731270891
4726.8	-0.1887426026872911
4728.47	-0.14784640268729105
4730.14	-0.2969907026872911
4731.8	-0.2212853026872911
4733.47	-0.3641120026872911
4735.14	-0.2176260026872911
4736.81	-0.23128720268729114
4738.47	0.04393329731270891
4740.14	0.05205439731270893
4741.81	0.22425549731270894
4743.48	0.13471749731270888
4745.15	0.19352139731270887
4746.81	-0.021963102687291108
4748.48	-0.0018764026872910955
4750.15	-0.15475990268729115
4751.82	-0.10052650268729106
4753.49	-0.26104860268729113
4755.15	-0.19244720268729107
4756.82	-0.33889510268729117
4758.49	-0.22740690268729108
4760.16	-0.29493430268729115
4761.83	-0.10895680268729109
4763.49	-0.08504120268729114
4765.16	0.08570159731270892
4766.83	0.0017586073127089318
4768.5	0.09494677731270887
4770.16	-0.08128752368729109
4771.83	-0.03235103268729108
4773.5	-0.15901852268729105
4775.17	-0.041151502687291085
4776.84	-0.0969959226872911
4778.5	0.006540697312708876
4780.17	-0.10101660268729107
4781.84	-0.0016644026872910556
4783.51	-0.11332890268729108
4785.18	-0.008713502687291097
4786.84	-0.13907018168729107
4788.51	-0.08119419268729111
4790.18	-0.2231524826872911
4791.85	-0.15824910268729112
4793.52	-0.24083064268729112
4795.18	-0.09338068768729106
4796.85	-0.165198602687291
4798.52	-0.017161302687291147
4800.19	-0.10181475268729108
4801.85	0.040130097312708876
4803.52	-0.020832602687291056
4805.19	0.0727406373127089
4806.86	-0.08942707268729111
4808.53	-0.029908002687291046
4810.19	-0.21273465268729114
4811.86	-0.11603340268729108
4813.53	-0.16804970268729114
4815.2	0.061221397312708946
4816.87	0.059432657312708935
4818.53	0.18882657731270883
4820.2	0.043977057312708914
4821.87	0.08222818731270888
4823.54	-0.1300924426872911
4825.21	-0.08940770268729106
4826.87	-0.22763330268729107
4828.54	-0.0843765626872911
4830.21	-0.13473620268729108
4831.88	0.06716529731270897
4833.54	0.06257079731270886
4835.21	0.25839569731270895
4836.88	0.16053979731270893
4838.55	0.2554431973127089
4840.22	0.0742629673127089
4841.88	0.12959889731270896
4843.55	-0.037761502687291094
4845.22	0.08723659731270883
4846.89	-0.015621002687291063
4848.56	0.1382535973127089
4850.22	0.08386259731270887
4851.89	0.2648604973127089
4853.56	0.21768009731270882
4855.23	0.3242138973127089
4856.89	0.16714919731270889
4858.56	0.18320099731270892
4860.23	0.022820147312708927
4861.9	0.09108899731270895
4863.57	0.02878659731270893
4865.23	0.20853489731270888
4866.9	0.17443339731270888
4868.57	0.28858189731270895
4870.24	0.14072209731270888
4871.91	0.11202269731270889
4873.57	-0.10051476268729105
4875.24	-0.09763581268729107
4876.91	-0.3085037026872911
4878.58	-0.19861280268729115
4880.25	-0.2944248026872911
4881.91	-0.15129820268729108
4883.58	-0.2099156026872911
4885.25	-0.03149640268729108
4886.92	-0.06804022268729108
4888.58	0.15611869731270894
4890.25	0.12490039731270883
4891.92	0.26683459731270887
4893.59	0.13200359731270886
4895.26	0.15856549731270891
4896.92	-0.048443262687291044
4898.59	0.01800302731270894
4900.26	-0.10335506268729107
4901.93	0.0225345173127089
4903.6	-0.004447702687291144
4905.26	0.1652993973127089
4906.93	0.08983949731270888
4908.6	0.2051215973127089
4910.27	0.09415859731270891
4911.94	0.17484849731270885
4913.6	-0.01786670268729105
4915.27	-0.030345102687291136
4916.94	-0.25673104268729113
4918.61	-0.23930635268729109
4920.27	-0.397688402687291
4921.94	-0.3058945026872911
4923.61	-0.3427859026872911
4925.28	-0.12522529268729105
4926.95	-0.15765110268729104
4928.61	0.028570997312708867
4930.28	-0.1299392026872911
4931.95	-0.0983586026872911
4933.62	-0.30484417268729114
4935.29	-0.23784460268729105
4936.95	-0.30025100268729105
4938.62	-0.06789090268729106
4940.29	-0.05016704268729111
4941.96	0.2311580873127089
4943.63	0.1804760973127089
4945.29	0.3132681973127089
4946.96	0.2068965973127089
4948.63	0.28723289731270885
4950.3	0.12360540731270893
4951.96	0.12320709731270889
4953.63	-0.1183327026872911
4955.3	-0.1453116026872911
4956.97	-0.3367632026872911
4958.64	-0.24924780268729113
4960.3	-0.259546802687291
4961.97	0.004445827312708933
4963.64	-0.007722002687291068
4965.31	0.12722573731270886
4966.98	0.0006065973127089064
4968.64	0.009098447312708924
4970.31	-0.13591464268729106
4971.98	-0.06408832268729109
4973.65	-0.1847544226872911
4975.32	-0.029144102687291108
4976.98	-0.10001283268729111
4978.65	0.07691849731270897
4980.32	0.03886539731270888
4981.99	0.15614033731270888
4983.65	0.03057689731270883
4985.32	0.05286069731270896
4986.99	-0.11686815268729109
4988.66	-0.06423850268729109
4990.33	-0.18310583268729108
4991.99	-0.023298602687291125
4993.66	-0.1126741026872911
4995.33	0.02419269731270889
4997.0	-0.06720176268729114
4998.67	-0.019779451887291095
5000.33	-0.1522974806872911
5002.0	-0.061852972687291084
5003.67	-0.1589019376872911
5005.34	0.009763397312708866
5007.0	-0.05346049268729112
5008.67	0.0666167423127089
5010.34	-0.032868962687291024
5012.01	0.07277149731270889
5013.68	-0.014502252687291084
5015.34	0.16155444521270898
5017.01	0.10344639731270895
5018.68	0.25100579731270894
5020.35	0.17404679731270895
5022.02	0.3022546273127089
5023.68	0.19047609731270893
5025.35	0.28024099731270896
5027.02	0.1392700973127089
5028.69	0.1969683373127089
5030.36	0.014355747312708911
5032.02	0.05645139731270896
5033.69	-0.07723820268729113
5035.36	0.02557229731270892
5037.03	-0.08162133268729108
5038.69	0.006658187312708913
5040.36	-0.1095167726872911
5042.03	-0.010146302687291076
5043.7	-0.09781810268729108
5045.37	0.06152149731270891
5047.03	0.07014529731270888
5048.7	0.2591433973127089
5050.37	0.19931439731270895
5052.04	0.26763669731270884
5053.71	0.06318674731270887
5055.37	0.05312739731270892
5057.04	-0.14278348268729107
5058.71	-0.048504102687291134
5060.38	-0.10575270268729112
5062.05	0.02396297731270893
5063.71	-0.04723730268729108
5065.38	0.05297219731270893
5067.05	-0.06941600268729105
5068.72	0.05928047731270891
5070.38	-0.02583228268729109
5072.05	0.1803551473127089
5073.72	0.11266352731270893
5075.39	0.19368622631270888
5077.06	-0.005074682687291087
5078.72	0.014857407312708959
5080.39	-0.19037522068729107
5082.06	-0.09676404268729107
5083.73	-0.21227894268729108
5085.4	-0.05474821568729109
5087.06	-0.1797078826872911
5088.73	-0.07861434268729109
5090.4	-0.20532500268729112
5092.07	-0.0952229026872911
5093.74	-0.23824522268729104
5095.4	-0.14207311268729106
5097.07	-0.2839835026872911
5098.74	-0.1313163026872911
5100.41	-0.1900434526872911
5102.07	-0.017592602687291087
5103.74	-0.044362802687291085
5105.41	0.12970579731270887
5107.08	0.014567697312708915
5108.75	0.1063491973127089
5110.41	-0.0422195026872911
5112.08	0.017201297312708964
5113.75	-0.15818390268729104
5115.42	-0.14239180268729112
5117.09	-0.356512502687291
5118.75	-0.2838823526872911
5120.42	-0.3906858226872911
5122.09	-0.28453949268729106
5123.76	-0.3363238026872911
5125.43	-0.21829808268729112
5127.09	-0.3073658026872911
5128.76	-0.1815477426872911
5130.43	-0.24058796268729105
5132.1	-0.07414805268729105
5133.76	-0.10442387268729117
5135.43	0.11465995731270888
5137.1	0.06412136831270897
5138.77	0.23772327731270898
5140.44	0.1700876783127089
5142.1	0.24828846731270895
5143.77	0.13011139731270893
5145.44	0.2508509973127089
5147.11	0.09288509731270884
5148.78	0.2259150673127089
5150.44	0.047882297312708856
5152.11	0.12050409731270892
5153.78	0.03476129731270885
5155.45	0.21983119731270895
5157.12	0.1475751973127089
5158.78	0.3130360973127089
5160.45	0.2111125973127089
5162.12	0.27669999731270895
5163.79	0.04007799731270887
5165.45	0.019581307312708886
5167.12	-0.1887408826872911
5168.79	-0.1090181026872911
5170.46	-0.24074850268729114
5172.13	-0.07829290268729108
5173.79	-0.059042402687291065
5175.46	0.18011666731270895
5177.13	0.13879879731270892
5178.8	0.28059469731270886
5180.47	0.13197419731270887
5182.13	0.18409159731270888
5183.8	-0.03495580268729116
5185.47	-0.009312902687291114
5187.14	-0.08916079268729106
5188.8	0.0809732973127089
5190.47	0.10292006731270886
5192.14	0.3698763273127089
5193.81	0.3286273960127089
5195.48	0.4477530273127089
5197.14	0.2569078573127089
5198.81	0.2256699973127089
5200.48	0.039301897312708854
5202.15	0.06451139731270894
5203.82	0.02739149731270889
5205.48	0.2475774973127089
5207.15	0.20715129731270893
5208.82	0.30335099731270887
5210.49	0.13828180731270892
5212.16	0.1457222873127089
5213.82	0.04356219731270894
5215.49	0.17584433731270888
5217.16	0.12222149731270897
5218.83	0.2166176873127088
5220.49	-0.03949055268729114
5222.16	-0.13713060268729113
5223.83	-0.33329478268729107
5225.5	-0.2376544026872911
5227.17	-0.2975174726872911
5228.83	-0.10075328268729108
5230.5	-0.1721338326872911
5232.17	-0.03870060268729107
5233.84	-0.17789200268729108
5235.51	-0.06520590268729118
5237.17	-0.1044280026872912
5238.84	0.030373997312708966
5240.51	-0.04996290268729109
5242.18	0.09199058731270893
5243.85	-0.012624722687291067
5245.51	0.15983388731270892
5247.18	0.05501949731270892
5248.85	0.13797389731270893
5250.52	0.016691197312708926
5252.18	0.04038688731270891
5253.85	-0.17376960268729108
5255.52	-0.12362670268729108
5257.19	-0.2626195026872911
5258.86	-0.1428560026872911
5260.52	-0.24120840268729107
5262.19	-0.1138300726872911
5263.86	-0.17959820268729115
5265.53	0.04445139731270895
5267.2	0.03445524731270895
5268.86	0.2681237973127089
5270.53	0.2597598973127089
5272.2	0.40051609731270893
5273.87	0.21978849731270894
5275.54	0.18714139731270887
5277.2	-0.02020980268729109
5278.87	0.010439397312708909
5280.54	-0.13285560268729113
5282.21	0.006218497312708915
5283.87	-0.09491989268729104
5285.54	-0.010549612687291066
5287.21	-0.09447622268729108
5288.88	0.023035297312708945
5290.55	-0.008134902687291123
5292.21	0.15700239731270885
5293.88	0.06512886731270891
5295.55	0.12270319731270893
5297.22	-0.08057910268729107
5298.89	-0.1399422026872911
5300.55	-0.3668935026872911
5302.22	-0.25173420268729113
5303.89	-0.32795680268729105
5305.56	-0.17337312268729108
5307.23	-0.24442690268729111
5308.89	-0.13330720268729107
5310.56	-0.24189100268729113
5312.23	-0.1456992726872911
5313.9	-0.20509360268729107
5315.56	0.03509359731270891
5317.23	0.09938869731270891
5318.9	0.3406851973127089
5320.57	0.28498443731270895
5322.24	0.3380742073127089
5323.9	0.1114222573127089
5325.57	0.10418919731270888
5327.24	-0.04733441268729115
5328.91	0.03241069731270885
5330.58	-0.041229602687291055
5332.24	0.09656309731270893
5333.91	-0.03051200268729113
5335.58	0.053763047312708936
5337.25	-0.11340817268729106
5338.92	0.021840297312708912
5340.58	-0.04150610268729108
5342.25	0.08013039731270888
5343.92	-0.021111402687291086
5345.59	0.1591163973127089
5347.25	0.08958499731270883
5348.92	0.23635279731270886
5350.59	0.11212659731270894
5352.26	0.20807369731270886
5353.93	0.01188139731270892
5355.59	0.07120733131270891
5357.26	-0.13868420268729106
5358.93	-0.04466740268729112
5360.6	-0.14847310268729114
5362.27	-0.004852522687291116
5363.93	-0.1140002026872911
5365.6	0.02270779731270898
5367.27	-0.06913750268729113
5368.94	0.12037139731270888
5370.6	0.046224897312708915
5372.27	0.1894960973127089
5373.94	0.0660292973127089
5375.61	0.19529759731270885
5377.28	0.0637363973127089
5378.94	0.15702019731270894
5380.61	0.0331001973127089
5382.28	0.13907029731270898
5383.95	-0.025427402687291066
5385.62	0.04553189731270889
5387.28	-0.11040710268729108
5388.95	-0.029299802687291134
5390.62	-0.16688260268729108
5392.29	-0.058162622687291096
5393.96	-0.1912368026872911
5395.62	-0.02644050268729108
5397.29	-0.123792302687291
5398.96	0.03807139731270891
5400.63	-0.031370062687291055
5402.29	0.08841669731270893
5403.96	-0.025163002687291058
5405.63	0.13253739731270892
5407.3	0.027293097312708924
5408.97	0.14331549731270893
5410.63	0.03498339731270887
5412.3	0.15166689731270888
5413.97	0.03652477731270889
5415.64	0.15254617731270895
5417.31	0.021558097312708923
5418.97	0.07583749731270888
5420.64	-0.08182230268729113
5422.31	0.011534897312708925
5423.98	-0.1395978026872911
5425.65	-0.02471260268729105
5427.31	-0.15574870268729107
5428.98	-0.09813095268729108
5430.65	-0.27152090268729107
5432.32	-0.1969755026872911
5433.98	-0.379877102687291
5435.65	-0.17858320268729105
5437.32	-0.2309648026872911
5438.99	-0.048064302687291074
5440.66	-0.10004710268729115
5442.32	0.08555319731270888
5443.99	-0.016604302687291073
5445.66	0.11557539731270894
5447.33	0.0077547973127089056
5449.0	0.06791019731270889
5450.66	-0.1365240526872911
5452.33	-0.14812879268729112
5454.0	-0.3736790426872911
5455.67	-0.19629420268729114
5457.34	-0.1765619026872911
5459.0	0.10566429731270885
5460.67	0.19053159731270886
5462.34	0.42417109731270874
5464.01	0.36600979731270894
5465.67	0.4491522973127089
5467.34	0.21745249731270885
5469.01	0.25597969731270886
5470.68	-0.028167202687291094
5472.35	-0.0629155026872911
5474.01	-0.2520753026872911
5475.68	-0.13188890268729114
5477.35	-0.14085806268729112
5479.02	0.07837651731270891
5480.69	0.01189239731270889
5482.35	0.20760649731270892
5484.02	0.10282499731270892
5485.69	0.18624229731270883
5487.36	0.0482695973127089
5489.03	0.17500859731270885
5490.69	0.04825665731270885
5492.36	0.1439993973127089
5494.03	-0.06404390268729111
5495.7	0.005875197312708924
5497.36	-0.13534590268729108
5499.03	0.008695097312708922
5500.7	-0.032429202687291124
5502.37	0.23045979731270888
5504.04	0.2587618973127089
5505.7	0.47974332731270886
5507.37	0.38231413131270886
5509.04	0.4405189873127089
5510.71	0.22146169731270882
5512.38	0.2647813673127089
5514.04	0.0660788473127089
5515.71	0.10273499731270888
5517.38	-0.09520986268729108
5519.05	-0.07974900268729108
5520.72	-0.2626217026872911
5522.38	-0.175902512687291
5524.05	-0.27381259368729105
5525.72	-0.13685599268729104
5527.39	-0.22982500268729114
5529.05	-0.18049728268729112
5530.72	-0.3302498026872911
5532.39	-0.24218120268729115
5534.06	-0.3287841026872911
5535.73	-0.12304500268729109
5537.39	-0.0887483926872911
5539.06	0.17210628731270894
5540.73	0.17305905731270893
5542.4	0.2940376573127089
5544.07	0.1720301273127089
5545.73	0.2214687973127089
5547.4	-0.024972402687291128
5549.07	0.06124079731270893
5550.74	-0.11899130268729112
5552.4	-0.011872902687291086
5554.07	-0.16965230268729106
5555.74	-0.14995340268729113
5557.41	-0.2892997026872911
5559.08	-0.08125416268729109
5560.74	-0.14022866268729106
5562.41	0.14597776531270887
5564.08	0.1522076973127089
5565.75	0.3273634973127089
5567.42	0.22242909731270885
5569.08	0.33107119731270884
5570.75	0.21231979731270884
5572.42	0.33914679731270897
5574.09	0.23273409731270894
5575.76	0.35427289731270895
5577.42	0.2111778873127089
5579.09	0.2364855833127089
5580.76	-0.03292055268729103
5582.43	-0.056947502687291054
5584.09	-0.27134752268729107
5585.76	-0.19331626268729113
5587.43	-0.23912940268729108
5589.1	-0.046003602687291076
5590.77	-0.10712190268729112
5592.43	-0.0659408026872911
5594.1	-0.2793091026872911
5595.77	-0.2650162126872911
5597.44	-0.4452457026872912
5599.11	-0.2674612026872911
5600.77	-0.30362450268729113
5602.44	-0.0681945026872911
5604.11	-0.10290762268729108
5605.78	0.052444097312708896
5607.45	-0.029445302687291074
5609.11	0.050344797312708967
5610.78	-0.10071400268729117
5612.45	0.03652969731270888
5614.12	-0.02669504268729105
5615.78	0.2023167973127089
5617.45	0.19730519731270896
5619.12	0.35336339731270894
5620.79	0.2424530573127089
5622.46	0.2443698973127088
5624.12	0.016336797312708908
5625.79	0.05027873731270893
5627.46	-0.09249540268729109
5629.13	-0.0011645026872911025
5630.8	-0.12325107268729103
5632.46	0.04558859731270885
5634.13	0.012546597312708884
5635.8	0.16779018731270887
5637.47	0.057725867312708866
5639.14	0.16381769731270893
5640.8	-0.056203802687291096
5642.47	-0.019203902687291052
5644.14	-0.20725879968729113
5645.81	-0.04271420268729109
5647.47	-0.047010352687291077
5649.14	0.14892313731270895
5650.81	0.023489527312708935
5652.48	0.1450617373127089
5654.15	-0.07389075268729109
5655.81	-0.08157670268729104
5657.48	-0.28087150268729105
5659.15	-0.27999820268729103
5660.82	-0.4402469026872911
5662.49	-0.2922819026872911
5664.15	-0.3597848626872911
5665.82	-0.09860819268729111
5667.49	-0.004860802687291077
5669.16	0.24011679731270888
5670.83	0.17962369731270894
5672.49	0.1856262973127089
5674.16	-0.1115119026872911
5675.83	-0.16804860268729108
5677.5	-0.386857282687291
5679.16	-0.2747730526872911
5680.83	-0.314046802687291
5682.5	-0.06070215268729111
5684.17	-0.067942002687291
5685.84	0.09771642731270888
5687.5	-0.0025195026872911084
5689.17	0.07560449731270888
5690.84	-0.09713000268729108
5692.51	0.020774527312708912
5694.18	-0.10690928268729102
5695.84	0.09505327731270892
5697.51	0.09593929731270892
5699.18	0.3202715973127089
5700.85	0.27516679731270893
5702.52	0.44951859731270905
5704.18	0.2943342473127089
5705.85	0.33101038731270893
5707.52	0.055888997312708924
5709.19	0.03937839731270888
5710.85	-0.19351220268729105
5712.52	-0.14731220268729112
5714.19	-0.3150741026872911
5715.86	-0.22196810268729106
5717.53	-0.4089906026872911
5719.19	-0.33384217268729105
5720.86	-0.48244703268729117
5722.53	-0.27221270268729103
5724.2	-0.14495180268729113
5725.87	0.177245797312709
5727.53	0.24856729731270893
5729.2	0.4965818973127091
5730.87	0.393012487312709
5732.54	0.4274600173127089
5734.2	0.17090409731270895
5735.87	0.17650611131270896
5737.54	0.03205339731270884
5739.21	0.12597849731270888
5740.88	0.027627147312708905
5742.54	0.16567975731270895
5744.21	0.12628551731270887
5745.88	0.23602519731270885
5747.55	0.07823059731270887
5749.22	0.14540949731270886
5750.88	-0.039902302687291044
5752.55	-0.0424147026872911
5754.22	-0.2079116926872911
5755.89	-0.16216892268729108
5757.56	-0.2937257326872911
5759.22	-0.18499152268729108
5760.89	-0.28854349268729107
5762.56	-0.12253760268729112
5764.23	-0.11148362268729106
5765.89	0.08640679731270895
5767.56	0.03665549731270897
5769.23	0.1854652633127089
5770.9	0.05516269731270891
5772.57	0.14012719731270895
5774.23	-0.004996662687291142
5775.9	0.0584572573127089
5777.57	-0.07941783268729115
5779.24	-0.03353923268729111
5780.91	-0.18040140268729116
5782.57	-0.03090100268729117
5784.24	-0.050355422687291186
5785.91	0.19354939731270887
5787.58	0.15126929731270886
5789.25	0.2668201973127089
5790.91	0.10404329731270887
5792.58	0.11455399731270884
5794.25	-0.1104228026872911
5795.92	-0.12577050268729117
5797.58	-0.3733461826872911
5799.25	-0.31616165268729113
5800.92	-0.3774427026872912
5802.59	-0.09272394268729114
5804.26	0.05378809731270886
5805.92	0.413459297312709
5807.59	0.434402397312709
5809.26	0.5343436573127087
5810.93	0.34286845731270893
5812.6	0.2858945973127089
5814.26	0.037781497312708856
5815.93	0.12206259731270896
5817.6	-0.04847200268729113
5819.27	0.07542879731270882
5820.94	-0.01931283068729106
5822.6	0.048581597312709016
5824.27	-0.08799800268729108
5825.94	-0.032324102687291134
5827.61	-0.2580724726872911
5829.27	-0.15236515268729112
5830.94	-0.3346542026872911
5832.61	-0.2101899026872911
5834.28	-0.3037862026872911
5835.95	-0.16080520268729112
5837.61	-0.2546546126872911
5839.28	-0.06948800268729108
5840.95	-0.023093002687291087
5842.62	0.24244627931270896
5844.29	0.20154329731270887
5845.95	0.34756409731270893
5847.62	0.2181517973127089
5849.29	0.21112129731270893
5850.96	-0.022935102687291042
5852.63	-0.09343390268729106
5854.29	-0.2334580646872911
5855.96	-0.08444620268729115
5857.63	-0.14150530268729108
5859.3	0.1041114973127089
5860.96	0.17563386031270892
5862.63	0.347748277312709
5864.3	0.2113720173127088
5865.97	0.152491307312709
5867.64	-0.08312679268729109
5869.3	-0.02100543268729107
5870.97	-0.16750640268729117
5872.64	-0.0052079026872910664
5874.31	-0.053421402687291085
5875.98	0.14108169731270886
5877.64	0.10120229731270894
5879.31	0.27383349731270895
5880.98	0.17336589731270893
5882.65	0.24084959731270894
5884.32	0.03641349731270889
5885.98	0.015464797312708879
5887.65	-0.16699630268729107
5889.32	-0.08405640268729116
5890.99	-0.22890310268729105
5892.65	-0.11143920268729116
5894.32	-0.1847267026872911
5895.99	-0.0490413026872911
5897.66	-0.13223520268729108
5899.33	0.010897097312708914
5900.99	-0.04232840268729106
5902.66	0.10388739731270893
5904.33	0.012201697312708926
5906.0	0.15589319731270893
5907.67	0.061510897312708826
5909.33	0.12184637131270892
5911.0	-0.06312461268729112
5912.67	0.032777697312708895
5914.34	-0.007492102687291136
5916.0	0.16765369731270888
5917.67	0.08836153731270895
5919.34	0.27306619731270887
5921.01	0.18078364731270896
5922.68	0.2219327973127089
5924.34	0.0736542973127089
5926.01	0.16654569731270896
5927.68	0.0963082273127089
5929.35	0.17891301231270887
5931.02	0.03781509731270889
5932.68	0.08650759731270893
5934.35	-0.06025500268729107
5936.02	-0.05477660268729105
5937.69	-0.3198461526872911
5939.36	-0.3866133026872911
5941.02	-0.5451138026872911
5942.69	-0.5252433026872909
5944.36	-0.6030033026872912
5946.03	-0.3885027026872911
5947.69	-0.3738352026872911
5949.36	-0.08072756268729113
5951.03	-0.14106853268729114
5952.7	-0.07423287268729109
5954.37	-0.17660144268729105
5956.03	-0.07510064268729115
5957.7	-0.14435990268729107
5959.37	0.03941459731270891
5961.04	0.01798839731270894
5962.71	0.30414649731270893
5964.37	0.2969647973127089
5966.04	0.48556765731270896
5967.71	0.44135929731270895
5969.38	0.5414050973127089
5971.05	0.40576049731270897
5972.71	0.4037824973127089
5974.38	0.15371752731270896
5976.05	0.18192429731270893
5977.72	-0.07667084268729107
5979.38	-0.015248663687291119
5981.05	-0.06340000268729114
5982.72	0.1348223973127088
5984.39	0.1682608973127089
5986.06	0.33736749731270904
5987.72	0.21389409731270895
5989.39	0.27469739731270887
5991.06	0.06417679731270887
5992.73	0.19122809731270887
5994.4	0.11443299731270891
5996.06	0.2168916973127089
5997.73	0.08074999731270892
5999.4	0.1692945973127089
6001.07	0.06712719731270893
6002.74	0.20296790731270892
6004.4	0.12767719731270893
6006.07	0.2936603973127089
6007.74	0.11705897731270894
6009.41	0.15177325731270894
6011.07	-0.06878989268729106
6012.74	0.040895617312708944
6014.41	-0.02413936268729111
6016.08	0.0465911973127089
6017.75	-0.08052280268729109
6019.41	0.08835878731270892
6021.08	0.026048697312708934
6022.75	0.2294435973127089
6024.42	0.20925869731270894
6026.09	0.4164014973127088
6027.75	0.3675117073127089
6029.42	0.3864640973127089
6031.09	0.08869259731270898
6032.76	0.07118189731270892
6034.43	-0.22252270268729105
6036.09	-0.22312770268729104
6037.76	-0.3215528026872911
6039.43	-0.05534170268729105
6041.1	0.013645797312708891
6042.76	0.28956770731270887
6044.43	0.1929684973127089
6046.1	0.24340339731270894
6047.77	-0.023111002687291125
6049.44	-0.0690781026872911
6051.1	-0.25944782268729105
6052.77	-0.17463585268729104
6054.44	-0.3557497826872912
6056.11	-0.24736761268729107
6057.78	-0.3961801026872911
6059.44	-0.25053894268729116
6061.11	-0.363000102687291
6062.78	-0.184629172687291
6064.45	-0.26191715968729107
6066.11	-0.14373281268729113
6067.78	-0.2177164026872911
6069.45	-0.010001502687291008
6071.12	0.018292997312708968
6072.79	0.2857476973127089
6074.45	0.19067512731270891
6076.12	0.27696619731270883
6077.79	0.05319135731270893
6079.46	0.03357909731270888
6081.13	-0.10947590268729104
6082.79	-0.030258482687291133
6084.46	-0.1090427326872911
6086.13	0.08990349731270894
6087.8	0.09168059731270888
6089.47	0.3555170973127089
6091.13	0.3450485673127089
6092.8	0.4752311973127089
6094.47	0.2994451973127089
6096.14	0.24426409731270887
6097.8	-0.05934100268729101
6099.47	-0.0800849026872911
6101.14	-0.3049049026872911
6102.81	-0.1985293026872911
6104.48	-0.3095588026872911
6106.14	-0.257951802687291
6107.81	-0.4189857026872911
6109.48	-0.355609202687291
6111.15	-0.4884707026872911
6112.82	-0.3302179026872911
6114.48	-0.41965590268729114
6116.15	-0.1708617026872911
6117.82	-0.16632340268729107
6119.49	0.0004076973127089101
6121.16	-0.10965110268729102
6122.82	0.05403731731270896
6124.49	-0.04253328268729104
6126.16	0.13299952731270892
6127.83	0.10125575731270889
6129.49	0.2507010373127089
6131.16	0.1125272973127089
6132.83	0.13167949731270895
6134.5	-0.1685232026872911
6136.17	-0.10144574268729109
6137.83	-0.2104309526872911
6139.5	-0.005865902687291058
6141.17	0.05650063731270889
6142.84	0.2503692973127089
6144.51	0.15219539731270887
6146.17	0.22335892731270887
6147.84	-0.03236140268729111
6149.51	0.04164259731270894
6151.18	-0.12403198268729106
6152.85	-0.022024602687291082
6154.51	-0.1389163026872911
6156.18	-0.03382580268729111
6157.85	-0.19269430268729107
6159.52	-0.09694610268729109
6161.18	-0.25130570268729113
6162.85	-0.0937711026872911
6164.52	-0.1720714826872911
6166.19	-0.006397342687291063
6167.86	-0.05551343568729108
6169.52	0.11516441731270884
6171.19	0.02557109731270888
6172.86	0.14447559731270893
6174.53	0.04679849731270889
6176.2	0.1500375973127089
6177.86	0.0444803973127089
6179.53	0.11474409731270888
6181.2	-0.04406736268729111
6182.87	-0.09396837268729108
6184.54	-0.32254252268729106
6186.2	-0.30969360268729107
6187.87	-0.40215032768729114
6189.54	-0.19793730268729112
6191.21	-0.18223250268729113
6192.87	0.03591329731270891
6194.54	-0.0013764426872910906
6196.21	0.07846439731270886
6197.88	0.0007588973127089282
6199.55	0.22016932731270883
6201.21	0.2388280973127089
6202.88	0.4134948973127089
6204.55	0.2816866973127089
6206.22	0.26405129731270893
6207.89	0.0003917873127089355
6209.55	-0.09845998268729104
6211.22	-0.34684481268729117
6212.89	-0.2834404626872912
6214.56	-0.3318710026872911
6216.23	-0.19846796268729108
6217.89	-0.17635996268729112
6219.56	0.027369197312708947
6221.23	0.02176399731270885
6222.9	0.08751959731270885
6224.56	-0.0531180026872911
6226.23	-0.0016167026872910607
6227.9	-0.12626060268729114
6229.57	0.04022139731270887
6231.24	0.05321179731270894
6232.9	0.23810199731270884
6234.57	0.2486774473127089
6236.24	0.3256897173127089
6237.91	0.1704927973127089
6239.58	0.2203787073127089
6241.24	0.03205219731270894
6242.91	0.12634449731270886
6244.58	0.07760259731270887
6246.25	0.18619089731270894
6247.91	0.14669889731270885
6249.58	0.27027022731270894
6251.25	0.21447129731270892
6252.92	0.3526484973127089
6254.59	0.2912681973127088
6256.25	0.3149687973127088
6257.92	0.1330110973127089
6259.59	0.14895088731270886
6261.26	0.02964271731270889
6262.93	0.17797729731270892
6264.59	0.09152743731270893
6266.26	0.23123369731270893
6267.93	0.12524679731270888
6269.6	0.21107743731270898
6271.27	0.18590839731270897
6272.93	0.364854997312709
6274.6	0.27431899731270887
6276.27	0.3860148973127089
6277.94	0.1445219873127089
6279.6	0.17710469731270892
6281.27	0.04954989731270896
6282.94	0.1481001973127089
6284.61	0.05171199731270888
6286.28	0.06283383731270882
6287.94	-0.1731159026872911
6289.61	-0.10767380268729106
6291.28	-0.1695105026872911
6292.95	0.005827197312708932
6294.62	0.06203378731270896
6296.28	0.32910129731270893
6297.95	0.2869257273127088
6299.62	0.3426502373127089
6301.29	0.13223069731270892
6302.96	0.17872969731270888
6304.62	0.01682999731270891
6306.29	0.14295159731270884
6307.96	0.1052008973127089
6309.63	0.3822070973127089
6311.29	0.3620555973127088
6312.96	0.49201939731270894
6314.63	0.34004429731270897
6316.3	0.410265397312709
6317.97	0.1566863973127089
6319.63	0.09494339731270887
6321.3	-0.18497760268729105
6322.97	-0.22381230268729105
6324.64	-0.36412350268729116
6326.31	-0.18506950268729114
6327.97	-0.15922750268729108
6329.64	0.15663189731270902
6331.31	0.22352139731270895
6332.98	0.329008797312709
6334.65	0.2076176973127089
6336.31	0.21979929731270892
6337.98	0.06881296731270883
6339.65	0.2863759973127089
6341.32	0.2649495973127089
6342.98	0.4035016973127089
6344.65	0.21211889731270883
6346.32	0.07511659731270899
6347.99	-0.23096690268729106
6349.66	-0.18750670268729114
6351.32	-0.3131617326872912
6352.99	-0.05108380268729103
6354.66	-0.033909402687291076
6356.33	0.0922810973127089
6358.0	-0.05954690268729109
6359.66	0.005874307312708871
6361.33	-0.15105828268729113
6363.0	-0.0020049026872910993
6364.67	-0.11874520268729105
6366.34	-0.0041055026872911515
6368.0	-0.028964943687291057
6369.67	0.21132789731270893
6371.34	0.2039624973127089
6373.01	0.4189581973127089
6374.67	0.2814101973127089
6376.34	0.336788097312709
6378.01	0.12177544731270887
6379.68	0.16719399731270893
6381.35	0.0445930973127089
6383.01	0.17055749731270886
6384.68	0.15519919731270895
6386.35	0.31297099731270894
6388.02	0.27452279731270895
6389.69	0.48101339731270887
6391.35	0.43089184731270896
6393.02	0.578919867312709
6394.69	0.41476589731270896
6396.36	0.32989629731270886
6398.03	0.09977697331270889
6399.69	0.04173069731270886
6401.36	-0.1326167026872911
6403.03	-0.048621352687291085
6404.7	-0.1781465026872911
6406.36	-0.006201372687291084
6408.03	-0.19013656268729112
6409.7	-0.1130200026872911
6411.37	-0.29669655268729106
6413.04	-0.26611317268729107
6414.7	-0.48006590268729105
6416.37	-0.358563002687291
6418.04	-0.48953360268729107
6419.71	-0.2897682026872911
6421.38	-0.3848629026872911
6423.04	-0.17301920268729112
6424.71	-0.23643047268729114
6426.38	-0.028720202687291075
6428.05	-0.0354444226872911
6429.71	0.2490600973127089
6431.38	0.2926887973127089
6433.05	0.483245297312709
6434.72	0.3799520973127089
6436.39	0.43380999731270886
6438.05	0.22311849731270889
6439.72	0.28811802731270897
6441.39	0.23210129731270893
6443.06	0.37729589731270885
6444.73	0.2929570973127089
6446.39	0.307972397312709
6448.06	0.10037139731270897
6449.73	0.02346879731270888
6451.4	-0.2620858026872911
6453.07	-0.34333140268729107
6454.73	-0.5497531026872912
6456.4	-0.5496061846872913
6458.07	-0.6830098526872911
6459.74	-0.552399202687291
6461.4	-0.5589305026872913
6463.07	-0.28883398768729107
6464.74	-0.22454040268729109
6466.41	0.049259997312708935
6468.08	0.0952394473127089
6469.74	0.43136156931270886
6471.41	0.49322879731270897
6473.08	0.7465192973127088
6474.75	0.6297930973127089
6476.42	0.6503988973127088
6478.08	0.391697577312709
6479.75	0.3539433973127089
6481.42	0.09736169731270894
6483.09	0.2151477973127089
6484.76	0.10552449731270894
6486.42	0.1651376973127089
6488.09	-0.011360302687291091
6489.76	-0.050701502687291136
6491.43	-0.3018368026872911
6493.09	-0.2504210226872911
6494.76	-0.298476202687291
6496.43	0.012632887312708896
6498.1	0.17329109731270892
6499.77	0.4841217973127089
6501.43	0.48976479731270894
6503.1	0.5526930973127089
6504.77	0.21045549731270885
6506.44	0.12486029731270887
6508.11	-0.10041713268729109
6509.77	0.00552889731270898
6511.44	-0.009775272687291059
6513.11	0.18557877731270894
6514.78	0.15250319731270892
6516.45	0.3393195973127089
6518.11	0.18078449731270899
6519.78	0.2937273973127089
6521.45	0.11954149731270887
6523.12	0.24814662731270892
6524.78	0.08955559731270887
6526.45	0.15769119731270892
6528.12	0.0012163473127088764
6529.79	0.13260649731270885
6531.46	-0.05744250268729112
6533.12	0.053703997312708876
6534.79	-0.08487170268729108
6536.46	0.0763531073127089
6538.13	0.026848497312708865
6539.8	0.2548699373127089
6541.46	0.26473798731270887
6543.13	0.47126339731270883
6544.8	0.3413094773127089
6546.47	0.3505164973127089
6548.14	0.13843559731270894
6549.8	0.17625481731270898
6551.47	0.0827371973127089
6553.14	0.2923306273127089
6554.81	0.33696809731270894
6556.47	0.465037797312709
6558.14	0.33741099731270885
6559.81	0.37511469731270886
6561.48	0.18128179731270894
6563.15	0.27554749731270894
6564.81	0.1604859873127089
6566.48	0.29728419731270894
6568.15	0.24437559731270891
6569.82	0.33761300731270893
6571.49	0.15862326731270895
6573.15	0.20699749731270897
6574.82	-0.0007371026872911024
6576.49	0.0970959673127089
6578.16	-0.028207902687291064
6579.83	0.11607289731270891
6581.49	0.07551157731270897
6583.16	0.20695129731270887
6584.83	0.10877670731270891
6586.5	0.24461519731270895
6588.16	0.15142249731270896
6589.83	0.2527026273127089
6591.5	0.1153448703127089
6593.17	0.16065819731270886
6594.84	-0.009608812687291057
6596.5	0.0033101973127089624
6598.17	-0.10160890268729114
6599.84	-0.00763890268729106
6601.51	-0.054718252687291094
6603.18	0.04923599731270889
6604.84	-0.12355780268729111
6606.51	-0.0558731026872911
6608.18	-0.18095580268729106
6609.85	-0.05049711268729111
6611.51	-0.07657040268729105
6613.18	0.09587699731270886
6614.85	0.05752747731270902
6616.52	0.22888722731270886
6618.19	0.12263609731270886
6619.85	0.14290889731270892
6621.52	-0.032026002687291055
6623.19	-0.03833933268729115
6624.86	-0.267849762687291
6626.53	-0.08960870268729108
6628.19	-0.07891610268729105
6629.86	0.24364734731270885
6631.53	0.2714315973127089
6633.2	0.44075319731270896
6634.87	0.35952739731270894
6636.53	0.5225252973127089
6638.2	0.392200497312709
6639.87	0.539350797312709
6641.54	0.3527710973127089
6643.2	0.2730854973127089
6644.87	-0.13361959268729112
6646.54	-0.2796107076872911
6648.21	-0.5952297626872911
6649.88	-0.5711272726872911
6651.54	-0.757874762687291
6653.21	-0.6583711026872912
6654.88	-0.6239427926872911
6656.55	-0.23056480268729113
6658.22	0.059124197312708904
6659.88	0.563604697312709
6661.55	0.828974297312709
6663.22	1.072952297312709
6664.89	0.9489827973127088
6666.56	0.9380488973127091
6668.22	0.691480697312709
6669.89	0.804015397312709
6671.56	0.6301253973127089
6673.23	0.6127915973127088
6674.89	0.4202381973127089
6676.56	0.3638863973127089
6678.23	0.06543669731270892
6679.9	0.00956879731270891
6681.57	-0.2288948326872911
6683.23	-0.07228130268729109
6684.9	-0.10297750268729104
6686.57	0.1183023973127089
6688.24	0.12832069731270895
6689.91	0.3539227973127089
6691.57	0.27236289731270896
6693.24	0.28577889731270895
6694.91	0.15660649731270893
6696.58	0.24081529731270895
6698.25	0.13465389731270888
6699.91	0.2220408973127089
6701.58	0.10531407731270896
6703.25	0.2738663973127089
6704.92	0.20082309731270898
6706.58	0.22439059731270886
6708.25	0.0908110973127089
6709.92	0.12518859731270893
6711.59	-0.003335022687291067
6713.26	0.1553421373127089
6714.92	0.08175599731270897
6716.59	0.34324229731270894
6718.26	0.3330820973127089
6719.93	0.5025528973127089
6721.6	0.4415905773127088
6723.26	0.6194997973127088
6724.93	0.5296909973127087
6726.6	0.6490316973127088
6728.27	0.443637897312709
6729.94	0.403832477312709
6731.6	0.13223693731270886
6733.27	0.11390499731270894
6734.94	-0.14807894268729105
6736.61	0.03469560731270892
6738.27	-0.017482102687291057
6739.94	0.1704973973127089
6741.61	0.14251749731270894
6743.28	0.25540419731270886
6744.95	0.021130827312708857
6746.61	0.023883297312708912
6748.28	-0.39305621268729113
6749.95	-0.39939793268729107
6751.62	-0.6402165026872911
6753.29	-0.3859286826872911
6754.95	-0.28390639268729106
6756.62	0.13108268731270895
6758.29	0.2062086973127089
6759.96	0.3952217973127089
6761.63	0.16438929731270893
6763.29	0.07833519731270891
6764.96	-0.2894553026872911
6766.63	-0.2609846226872911
6768.3	-0.4172480946872909
6769.96	-0.29179303268729107
6771.63	-0.21550610268729103
6773.3	0.03644848261270892
6774.97	0.09134787731270892
6776.64	0.26675839731270884
6778.3	0.21748019731270887
6779.97	0.3640163973127089
6781.64	0.27051569731270886
6783.31	0.308474897312709
6784.98	0.21563899731270886
6786.64	0.30830389731270885
6788.31	0.2168246973127089
6789.98	0.3326129973127089
6791.65	0.21898869731270887
6793.31	0.33038389731270895
6794.98	0.19114539731270888
6796.65	0.19525889731270896
6798.32	-0.015838202687291147
6799.99	0.008635377312708914
6801.65	-0.14815540268729108
6803.32	-0.018064772687291043
6804.99	-0.14416140268729108
6806.66	-0.028381912687291132
6808.33	-0.14314424268729115
6809.99	-0.04144932568729106
6811.66	-0.2445958346872911
6813.33	-0.20094339068729106
6815.0	-0.46174980268729116
6816.67	-0.4606788026872911
6818.33	-0.6599828826872912
6820.0	-0.556277348687291
6821.67	-0.5036923726872911
6823.34	-0.13687700268729108
6825.0	-0.018582402687291076
6826.67	0.303644197312709
6828.34	0.2198077973127089
6830.01	0.2938065973127089
6831.68	0.11911869731270888
6833.34	0.11163939731270896
6835.01	-0.04150980268729108
6836.68	0.055404527312708916
6838.35	-0.058667302687291104
6840.02	0.034667777312708946
6841.68	-0.09550580268729111
6843.35	-0.07112929268729107
6845.02	-0.24796470268729104
6846.69	-0.10897829168729109
6848.36	-0.16865740268729104
6850.02	0.04858915731270894
6851.69	0.02841549731270897
6853.36	0.12080625731270885
6855.03	0.030827697312708912
6856.69	0.14605939731270898
6858.36	0.05044499731270893
6860.03	0.2464444973127089
6861.7	0.2161151973127089
6863.37	0.4001273573127088
6865.03	0.3126408383127089
6866.7	0.35052569731270894
6868.37	0.16928326731270896
6870.04	0.23095358731270893
6871.71	-0.006391602687291065
6873.37	0.0023106973127089204
6875.04	-0.20564420268729097
6876.71	-0.1994769156872911
6878.38	-0.42091286268729106
6880.05	-0.4171888026872912
6881.71	-0.5440026026872911
6883.38	-0.3099483826872912
6885.05	-0.28415586268729104
6886.72	0.08537979731270888
6888.38	0.08346916731270881
6890.05	0.29916689731270885
6891.72	0.12325319731270885
6893.39	0.1250792973127089
6895.06	-0.14476110268729112
6896.72	-0.17189280268729112
6898.39	-0.3753958026872911
6900.06	-0.17404620268729115
6901.73	-0.23033910268729113
6903.4	0.10128619731270891
6905.06	0.24080609731270886
6906.73	0.6292578973127089
6908.4	0.6271413973127089
6910.07	0.7558560973127089
6911.74	0.46619009731270894
6913.4	0.3302790973127089
6915.07	-0.08208690268729116
6916.74	-0.2002725526872911
6918.41	-0.32825920268729114
6920.07	-0.04502544268729107
6921.74	0.028769897312708858
6923.41	0.37573839731270886
6925.08	0.34681019731270896
6926.75	0.468353497312709
6928.41	0.33210579731270884
6930.08	0.33647669731270885
6931.75	0.20046526731270897
6933.42	0.3413461473127089
6935.09	0.2205479973127089
6936.75	0.37624209731270886
6938.42	0.32100979731270896
6940.09	0.5231960073127089
6941.76	0.6114817973127088
6943.42	0.813289497312709
6945.09	0.6606060973127089
6946.76	0.6465972973127088
6948.43	0.32461179731270884
6950.1	0.2005858973127089
6951.76	-0.07664170268729108
6953.43	-0.06294510268729113
6955.1	-0.13588760268729108
6956.77	0.08449609731270888
6958.44	0.12155069731270887
6960.1	0.3558946973127089
6961.77	0.3762318973127089
6963.44	0.42790409731270895
6965.11	0.18550849731270888
6966.78	0.2245326273127089
6968.44	0.1473555973127089
6970.11	0.35009709731270894
6971.78	0.36519655731270884
6973.45	0.5751108973127089
6975.11	0.4842410973127089
6976.78	0.4528715973127088
6978.45	0.16981934731270892
6980.12	0.1728753573127089
6981.79	0.009841597312708995
6983.45	0.11581829731270891
6985.12	0.048258497312708946
6986.79	0.21491147731270893
6988.46	0.1998482573127089
6990.13	0.37801181731270894
6991.79	0.38291619731270893
6993.46	0.6768014973127089
6995.13	0.7706095973127092
6996.8	0.9689788973127088
6998.47	0.8707730173127091
7000.13	0.752839657312709
7001.8	0.264964297312709
7003.47	0.000363897312708894
7005.14	-0.33296546268729105
7006.8	-0.33168150268729113
7008.47	-0.26453770268729104
7010.14	0.040518547312708895
7011.81	0.15481679731270886
7013.48	0.42550049731270895
7015.14	0.37057309731270893
7016.81	0.4832885973127089
7018.48	0.357747597312709
7020.15	0.2642482973127088
7021.82	-0.02056317268729111
7023.48	-0.23672985268729105
7025.15	-0.555376902687291
7026.82	-0.5406992026872912
7028.49	-0.5684059026872911
7030.16	-0.3146917026872912
7031.82	-0.3339944026872911
7033.49	-0.1879743826872911
7035.16	-0.19458275268729103
7036.83	-0.002350202687291092
7038.49	-0.09062650268729108
7040.16	0.012197397312708923
7041.83	-0.1795026026872911
7043.5	-0.2674686026872911
7045.17	-0.4945349026872911
7046.83	-0.38492580268729115
7048.5	-0.41184010268729104
7050.17	-0.12306344268729111
7051.84	-0.19397890268729107
7053.51	-0.08634759268729113
7055.17	-0.24354968268729107
7056.84	-0.2101396936872911
7058.51	-0.3195752026872911
7060.18	-0.2549339926872911
7061.85	-0.41243221268729113
7063.51	-0.2744254026872911
7065.18	-0.342960602687291
7066.85	-0.06768830268729106
7068.52	0.01616379731270896
7070.18	0.31876069731270895
7071.85	0.2736290973127089
7073.52	0.22750309731270887
7075.19	-0.15711820268729113
7076.86	-0.2628168626872911
7078.52	-0.5389998826872912
7080.19	-0.4641872756872911
7081.86	-0.3913107826872911
7083.53	-0.1447318426872911
7085.2	-0.1472556026872911
7086.86	-0.018106542687291116
7088.53	-0.12722448268729109
7090.2	0.009302597312708948
7091.87	-0.026602902687291086
7093.54	0.23020039731270886
7095.2	0.3317826973127088
7096.87	0.559448897312709
7098.54	0.5049996973127089
7100.21	0.4957989973127089
7101.87	0.15996409731270886
7103.54	0.036524907312708854
7105.21	-0.36333860268729107
7106.88	-0.24185845268729106
7108.55	-0.3327146926872911
7110.21	-0.08208720268729115
7111.88	0.05112259731270885
7113.55	0.2907683973127089
7115.22	0.21684379731270886
7116.89	0.3967514973127089
7118.55	0.2722421973127089
7120.22	0.4411881973127089
7121.89	0.348963397312709
7123.56	0.5173681073127089
7125.22	0.4026780673127089
7126.89	0.48685389731270884
7128.56	0.17872329731270892
7130.23	0.06834479731270897
7131.9	-0.27299080268729103
7133.56	-0.3505875226872911
7135.23	-0.3647512026872911
7136.9	0.010083677312708917
7138.57	0.24825589731270892
7140.24	0.7409883973127089
7141.9	0.8709884973127089
7143.57	1.0050662973127091
7145.24	0.7133098973127089
7146.91	0.5431764973127089
7148.58	0.2591984473127089
7150.24	0.21592369731270894
7151.91	0.02524057731270891
7153.58	0.07447520731270892
7155.25	-0.006148102687291113
7156.91	0.0948581973127089
7158.58	-0.08233670268729117
7160.25	0.04828790731270891
7161.92	0.04051569731270899
7163.59	0.3204182173127089
7165.25	0.4261699973127088
7166.92	0.6521753973127089
7168.59	0.5598213973127089
7170.26	0.5205759973127089
7171.93	0.15571959731270893
7173.59	0.0729267973127089
7175.26	-0.1663923026872911
7176.93	-0.005349102687291119
7178.6	0.03534739731270893
7180.27	0.304186097312709
7181.93	0.346779897312709
7183.6	0.5258509973127087
7185.27	0.42628379731270893
7186.94	0.5379789973127089
7188.6	0.2980301973127089
7190.27	0.35270999731270897
7191.94	0.18215939731270897
7193.61	0.16588369731270888
7195.28	0.03382629731270885
7196.94	0.059962367312708945
7198.61	-0.09126942468729109
7200.28	-0.009627017687291106
7201.95	-0.19653000268729104
7203.62	-0.09867130268729112
7205.28	-0.3163154026872911
7206.95	-0.2905785226872911
7208.62	-0.3331683026872912
7210.29	-0.0746425026872911
7211.96	-0.012707202687291086
7213.62	0.3191617173127089
7215.29	0.18890429731270886
7216.96	0.334309297312709
7218.63	0.006645297312708842
7220.29	-0.04274060268729114
7221.96	-0.1900148926872911
7223.63	0.0734584973127089
7225.3	0.02726619731270887
7226.97	0.31903417731270894
7228.63	0.2793422773127089
7230.3	0.4539255973127089
7231.97	0.457703547312709
7233.64	0.6188306973127088
7235.31	0.4734380973127089
7236.97	0.5105764973127087
7238.64	0.11744039731270894
7240.31	-0.07690450268729115
7241.98	-0.3909740026872911
7243.65	-0.4410570026872911
7245.31	-0.543836402687291
7246.98	-0.41019020268729117
7248.65	-0.4281171026872911
7250.32	-0.17820130268729112
7251.98	-0.08546100268729107
7253.65	0.31573106731270884
7255.32	0.453708997312709
7256.99	0.700687037312709
7258.66	0.6542567973127089
7260.32	0.758019597312709
7261.99	0.6325436973127088
7263.66	0.6815143573127088
7265.33	0.4710229973127088
7267.0	0.45940119731270884
7268.66	0.2801981973127089
7270.33	0.30017199731270894
7272.0	0.13071509731270892
7273.67	0.2999184973127088
7275.34	0.203097597312709
7277.0	0.28658589731270884
7278.67	0.21858499731270892
7280.34	0.2671086973127089
7282.01	0.17714169731270885
7283.67	0.319053397312709
7285.34	0.2841430973127089
7287.01	0.5087904973127089
7288.68	0.43418443731270884
7290.35	0.41746809731270884
7292.01	0.15648119731270882
7293.68	0.1165936973127089
7295.35	-0.1086581026872911
7297.02	0.05380192731270896
7298.69	0.05161419731270889
7300.35	0.18874289731270896
7302.02	-0.07282140268729116
7303.69	-0.22690880268729102
7305.36	-0.6518045026872912
7307.02	-0.540100802687291
7308.69	-0.5330384026872912
7310.36	0.01327269731270897
7312.03	0.2988087973127089
7313.7	0.645573897312709
7315.36	0.654101597312709
7317.03	0.7576376573127088
7318.7	0.4698483973127089
7320.37	0.4772773973127089
7322.04	0.12314369731270887
7323.7	0.10054719731270889
7325.37	-0.10951059268729109
7327.04	0.046788897312708896
7328.71	0.1216843973127089
7330.38	0.506787947312709
7332.04	0.5197686973127089
7333.71	0.6155888973127087
7335.38	0.3906784973127089
7337.05	0.39562319731270895
7338.71	0.20546383731270884
7340.38	0.2916748973127089
7342.05	0.29374079731270897
7343.72	0.44495709731270894
7345.39	0.47856559731270903
7347.05	0.6514739973127088
7348.72	0.567478697312709
7350.39	0.602848687312709
7352.06	0.3979562673127089
7353.73	0.38704349731270893
7355.39	0.2737858973127089
7357.06	0.39349167731270884
7358.73	0.2686997973127088
7360.4	0.4455939973127089
7362.07	0.3483589973127089
7363.73	0.43882519731270886
7365.4	0.2566860973127089
7367.07	0.32310708731270893
7368.74	0.06260859731270887
7370.4	-0.01077030268729109
7372.07	-0.3402862026872911
7373.74	-0.3249074026872911
7375.41	-0.3682535026872912
7377.08	-0.0899920026872911
7378.74	-0.011932802687291088
7380.41	0.20800209731270897
7382.08	0.11279689731270888
7383.75	0.18954899731270883
7385.42	0.08462529731270892
7387.08	0.20897329731270892
7388.75	0.1883616973127089
7390.42	0.3464036973127089
7392.09	0.10526509731270883
7393.76	0.10231129731270891
7395.42	-0.18157930268729103
7397.09	-0.06128020268729106
7398.76	-0.04034720268729115
7400.43	0.24999569731270896
7402.09	0.31441199731270897
7403.76	0.5764643973127089
7405.43	0.531227797312709
7407.1	0.5913272973127088
7408.77	0.30733923731270896
7410.43	0.2782607973127089
7412.1	-0.0379302426872911
7413.77	-0.0057716026872911995
7415.44	-0.05994390268729104
7417.11	0.0821432973127089
7418.77	0.07126479731270889
7420.44	0.23746999731270887
7422.11	0.057707497312708925
7423.78	0.10657926731270886
7425.45	0.017080997312708936
7427.11	0.09485059731270898
7428.78	0.08139179731270885
7430.45	0.3216715973127089
7432.12	0.3410574373127089
7433.78	0.672825797312709
7435.45	0.6711820973127092
7437.12	0.723568537312709
7438.79	0.5764279973127089
7440.46	0.501731697312709
7442.12	0.19706149731270894
7443.79	0.2373501073127089
7445.46	0.020023897312708837
7447.13	0.2273833973127089
7448.8	0.10757349731270896
7450.46	0.21225969731270897
7452.13	0.15073749731270897
7453.8	0.2952076973127089
7455.47	0.11124919731270899
7457.14	0.14648999731270904
7458.8	-0.08319668268729115
7460.47	-0.012808602687291027
7462.14	-0.12155060268729112
7463.81	0.038196697312708916
7465.47	-0.014023102687291077
7467.14	0.23985069731270886
7468.81	0.22599839731270882
7470.48	0.39689296731270896
7472.15	0.3681517273127089
7473.81	0.45518324731270887
7475.48	0.2883294973127089
7477.15	0.3838103973127089
7478.82	0.21748389731270884
7480.49	0.3326130973127089
7482.15	0.17696089731270895
7483.82	0.16770729731270898
7485.49	-0.10983390268729112
7487.16	-0.14286450268729106
7488.82	-0.34293219268729114
7490.49	-0.18156840268729108
7492.16	-0.1591403026872911
7493.83	0.07397439731270886
7495.5	0.13143783731270886
7497.16	0.294751197312709
7498.83	0.15363819731270895
7500.5	0.34930479731270886
7502.17	0.3049077973127089
7503.84	0.522115597312709
7505.5	0.556256097312709
7507.17	0.782109897312709
7508.84	0.626039287312709
7510.51	0.706372197312709
7512.18	0.32114299731270896
7513.84	0.32768353731270883
7515.51	0.0977875973127089
7517.18	0.03987659731270887
7518.85	-0.25382590268729116
7520.51	-0.11885834268729112
7522.18	-0.31471145268729106
7523.85	-0.052932602687291094
7525.52	-0.026734902687291107
7527.19	0.32577769731270895
7528.85	0.41388179731270897
7530.52	0.625936297312709
7532.19	0.531139997312709
7533.86	0.6742137973127089
7535.53	0.568713297312709
7537.19	0.657338097312709
7538.86	0.5869032973127088
7540.53	0.723198597312709
7542.2	0.6408412973127089
7543.87	0.6754260173127088
7545.53	0.45275340731270897
7547.2	0.3985069973127088
7548.87	0.1034200373127089
7550.54	-0.03864890268729104
7552.2	-0.2635783326872911
7553.87	-0.24204530268729108
7555.54	-0.3515345026872911
7557.21	-0.1258753026872911
7558.88	-0.16395978268729103
7560.54	0.020432997312708957
7562.21	-0.19226180268729115
7563.88	-0.19621405268729109
7565.55	-0.3500574026872911
7567.22	-0.1383145726872911
7568.88	-0.201195102687291
7570.55	0.03704209731270889
7572.22	0.016853097312708832
7573.89	0.2430091973127088
7575.56	0.13987784731270886
7577.22	0.268050897312709
7578.89	0.28757619731270884
7580.56	0.43257989731270896
7582.23	0.29057289731270897
7583.89	0.285552617312709
7585.56	0.14796499731270893
7587.23	0.24885079731270898
7588.9	0.14461900731270888
7590.57	0.09528699731270893
7592.23	-0.09665080268729107
7593.9	-0.18439560268729113
7595.57	-0.38663250268729105
7597.24	-0.26673090268729116
7598.91	-0.2630277026872911
7600.57	0.049114897312708974
7602.24	0.060537917312708966
7603.91	0.2690714973127089
7605.58	0.15100903931270887
7607.25	0.2624835973127088
7608.91	0.1893757773127089
7610.58	0.4773387973127088
7612.25	0.3721709973127089
7613.92	0.656327997312709
7615.58	0.5775370973127089
7617.25	0.7889377973127087
7618.92	0.7553416973127087
7620.59	0.910509397312709
7622.26	0.824073197312709
7623.92	0.971458997312709
7625.59	0.6716901973127088
7627.26	0.5760872973127088
7628.93	0.2924869073127089
7630.6	0.295005397312709
7632.26	0.19981519731270886
7633.93	0.25144809731270884
7635.6	0.23441979731270896
7637.27	0.3883142673127089
7638.94	0.43390539731270883
7640.6	0.6010103973127088
7642.27	0.5640545973127089
7643.94	0.6589363973127089
7645.61	0.411130697312709
7647.27	0.23552849931270897
7648.94	-0.1278209026872911
7650.61	-0.18417010268729112
7652.28	-0.31699290268729113
7653.95	-0.15682100268729107
7655.61	-0.3179363026872911
7657.28	-0.12657032268729104
7658.95	-0.3190447826872911
7660.62	-0.14599780268729115
7662.29	-0.24146140268729105
7663.95	-0.09088168668729106
7665.62	-0.15953490268729104
7667.29	-0.12375700268729117
7668.96	-0.4286159026872912
7670.62	-0.359441902687291
7672.29	-0.45031480268729085
7673.96	-0.12987080268729118
7675.63	-0.018586302687291202
7677.3	0.15532238731270892
7678.96	0.05159039731270896
7680.63	-0.061388502687291124
7682.3	-0.3302479026872912
7683.97	-0.25416560268729094
7685.64	-0.2485804126872911
7687.3	-0.05098370268729106
7688.97	-0.11879890268729106
7690.64	-0.15524400268729105
7692.31	-0.37060160268729103
7693.98	-0.25283970268729106
7695.64	-0.19965000268729116
7697.31	0.12248829731270891
7698.98	0.18570779731270898
7700.65	0.4006753973127088
7702.31	0.21367829731270893
7703.98	0.15879279731270893
7705.65	-0.0857930026872911
7707.32	-0.0695409026872911
7708.99	-0.2859807026872911
7710.65	-0.2539787026872911
7712.32	-0.48077870268729106
7713.99	-0.37358664268729114
7715.66	-0.4622026026872911
7717.33	-0.34554027268729104
7718.99	-0.46110430268729097
7720.66	-0.3126908026872911
7722.33	-0.3138484126872912
7724.0	-0.042820072687291065
7725.67	0.05877749731270889
7727.33	0.22935509731270903
7729.0	0.21493483731270896
7730.67	0.3321001973127088
7732.34	0.1955825973127089
7734.0	0.22587310731270893
7735.67	0.1153939973127089
7737.34	0.10094629731270888
7739.01	-0.0799403026872911
7740.68	-0.03844629268729098
7742.34	-0.0031307926872909952
7744.01	0.3524529973127089
7745.68	0.45508869731270885
7747.35	0.6655112973127089
7749.02	0.5360787973127088
7750.68	0.3576425973127089
7752.35	0.017485397312708928
7754.02	-0.060736602687291044
7755.69	-0.23866340268729114
7757.36	0.05513629731270886
7759.02	0.12192049731270896
7760.69	0.481485897312709
7762.36	0.6552158973127089
7764.03	0.816465727312709
7765.69	0.7149986973127088
7767.36	0.7625142973127088
7769.03	0.44555339731270893
7770.7	0.4773458673127088
7772.37	0.3462940973127088
7774.03	0.5577160973127089
7775.7	0.5571816973127088
7777.37	0.7661310973127089
7779.04	0.6379074223127089
7780.71	0.6444561973127089
7782.37	0.3065696973127089
7784.04	0.36266779731270893
7785.71	0.1611310273127089
7787.38	0.2056796973127089
7789.05	-0.01337550268729113
7790.71	0.02341829731270888
7792.38	-0.10739033268729106
7794.05	0.053580797312708886
7795.72	-0.034472802687291096
7797.38	0.13284039731270889
7799.05	0.08683069731270891
7800.72	0.0127899773127089
7802.39	-0.18315100268729104
7804.06	-0.19506440268729106
7805.72	-0.3350731026872912
7807.39	-0.18123260268729097
7809.06	-0.2768211026872911
7810.73	-0.1298172026872911
7812.4	-0.17152700268729112
7814.06	-0.04160560268729112
7815.73	-0.08320053268729106
7817.4	0.07280419731270889
7819.07	0.07412561731270895
7820.73	0.3666297873127089
7822.4	0.3936047973127089
7824.07	0.6317830073127089
7825.74	0.6256014973127089
7827.41	0.771242297312709
7829.07	0.6870195973127089
7830.74	0.7559230973127089
7832.41	0.561486897312709
7834.08	0.647683597312709
7835.75	0.6628522073127089
7837.41	0.876562697312709
7839.08	0.855947797312709
7840.75	0.873804697312709
7842.42	0.5475688073127088
7844.09	0.420021397312709
7845.75	0.048699197312708886
7847.42	0.05655112731270897
7849.09	0.04410651731270896
7850.76	0.3598784873127089
7852.42	0.43318959731270895
7854.09	0.7246296973127089
7855.76	0.6746753973127089
7857.43	0.709336497312709
7859.1	0.44656737031270877
7860.76	0.33160549731270905
7862.43	0.0731396373127089
7864.1	0.12204199731270901
7865.77	0.0029314973127088973
7867.44	0.19812233731270892
7869.1	0.16830734731270885
7870.77	0.3308438973127089
7872.44	0.19469639731270888
7874.11	0.17546569731270883
7875.78	-0.03947892268729105
7877.44	-0.020860193687291084
7879.11	-0.20832602268729103
7880.78	-0.07041080268729108
7882.45	-0.17842460268729105
7884.11	-0.10654810268729102
7885.78	-0.29359210268729113
7887.45	-0.26743740268729105
7889.12	-0.30237470268729105
7890.79	0.05439659731270892
7892.45	0.24598289731270886
7894.12	0.560727497312709
7895.79	0.441046597312709
7897.46	0.34243409731270896
7899.13	0.026952897312708956
7900.79	-0.11505705268729108
7902.46	-0.35832274268729103
7904.13	-0.28237990268729113
7905.8	-0.3593060026872911
7907.47	-0.20445480268729108
7909.13	-0.29025191268729117
7910.8	-0.11759141268729112
7912.47	0.02563360731270888
7914.14	0.29926789731270886
7915.8	0.3699453973127089
7917.47	0.5510835973127088
7919.14	0.41566779731270886
7920.81	0.5738123973127088
7922.48	0.42806549731270904
7924.14	0.41718099731270897
7925.81	0.2586619973127089
7927.48	0.12475889731270877
7929.15	-0.20943050268729113
7930.82	-0.28052880268729113
7932.48	-0.536143402687291
7934.15	-0.43185206268729104
7935.82	-0.4868283026872911
7937.49	-0.3343561026872911
7939.16	-0.299885902687291
7940.82	-0.022936283687291125
7942.49	0.12791559731270893
7944.16	0.39646009731270887
7945.83	0.5587400973127088
7947.49	0.837324897312709
7949.16	0.850685197312709
7950.83	1.1402823973127088
7952.5	1.1258755973127088
7954.17	1.262114397312709
7955.83	1.138569397312709
7957.5	0.9951440973127088
7959.17	0.6766521973127089
7960.84	0.5495883973127087
7962.51	0.14074019731270887
7964.17	0.11271729731270896
7965.84	-0.18798350268729108
7967.51	-0.06858564268729109
7969.18	-0.09519160268729106
7970.85	0.11395339731270888
7972.51	0.211146497312709
7974.18	0.597979397312709
7975.85	0.5677582973127089
7977.52	0.684892097312709
7979.18	0.36881339731270885
7980.85	0.27716919731270895
7982.52	0.014891997312708894
7984.19	0.03081749731270893
7985.86	-0.037869192687291074
7987.52	0.14891230731270885
7989.19	0.13137389731270904
7990.86	0.2300693973127088
7992.53	0.13570219731270888
7994.2	0.42926987731270894
7995.86	0.4918023973127089
7997.53	0.816758997312709
7999.2	0.8655572973127089
8000.87	0.9025437973127091
8002.53	0.681415397312709
8004.2	0.5067726973127089
8005.87	0.0022482473127088953
8007.54	-0.03554310268729104
8009.21	-0.2554260026872911
8010.87	0.008361587312708885
8012.54	0.17823849731270894
8014.21	0.6443127973127089
8015.88	0.751889087312709
8017.55	0.9864945973127088
8019.21	0.6137128773127088
8020.88	0.6078039073127091
8022.55	0.33778863731270886
8024.22	0.36004142731270894
8025.89	0.1590728973127089
8027.55	0.29239039731270894
8029.22	0.20578899731270886
8030.89	0.5054851973127089
8032.56	0.42404202731270885
8034.22	0.5464887973127089
8035.89	0.389250997312709
8037.56	0.46832219731270897
8039.23	0.36228719731270886
8040.9	0.512656247312709
8042.56	0.6051282973127089
8044.23	0.8130125973127089
8045.9	0.758561917312709
8047.57	0.7385189973127086
8049.24	0.45594482731270886
8050.9	0.5314175373127089
8052.57	0.5421211873127089
8054.24	0.6038472973127089
8055.91	0.5681850973127089
8057.58	0.600755697312709
8059.24	0.376248097312709
8060.91	0.3641346973127088
8062.58	0.21303077731270897
8064.25	0.4627332973127089
8065.91	0.5852500973127089
8067.58	0.759185497312709
8069.25	0.5947089973127089
8070.92	0.4053148973127089
8072.59	0.02679779731270886
8074.25	-0.0836116926872911
8075.92	-0.279816502687291
8077.59	-0.08798850268729104
8079.26	-0.09043460268729113
8080.93	0.05272468731270887
8082.59	-0.1024883026872911
8084.26	-0.13016107268729113
8085.93	-0.3178145126872911
8087.6	-0.23094319268729105
8089.27	-0.35202840268729113
8090.93	-0.32357440268729104
8092.6	-0.434313402687291
8094.27	-0.2261157026872911
8095.94	-0.2680548026872911
8097.6	-0.030135902687291116
8099.27	0.03772059731270898
8100.94	0.3193872973127088
8102.61	0.31555889731270886
8104.28	0.515374897312709
8105.94	0.4576962973127089
8107.61	0.677048797312709
8109.28	0.6135301973127089
8110.95	0.695854397312709
8112.62	0.46589279731270883
8114.28	0.5105832973127089
8115.95	0.17679279731270894
8117.62	0.008858397312708922
8119.29	-0.31890250268729103
8120.96	-0.36260240268729105
8122.62	-0.38507080268729105
8124.29	0.02037229731270891
8125.96	0.1230090973127089
8127.63	0.44968299731270883
8129.29	0.43966529731270876
8130.96	0.41915889731270894
8132.63	0.2374338973127089
8134.3	0.23316999731270888
8135.97	-0.004581602687291064
8137.63	0.05625919731270892
8139.3	-0.18400447268729106
8140.97	0.01992079731270895
8142.64	0.029180597312708834
8144.31	0.306396997312709
8145.97	0.28056491731270894
8147.64	0.3947511973127089
8149.31	0.1438264973127089
8150.98	0.288462297312709
8152.65	0.1517730973127089
8154.31	0.41059273731270896
8155.98	0.27720819731270885
8157.65	0.3022253973127089
8159.32	0.08969847731270893
8160.98	0.1062864333127089
8162.65	-0.15311980268729114
8164.32	-0.03363480268729108
8165.99	-0.219415502687291
8167.66	-0.13514649268729112
8169.32	-0.17781617268729105
8170.99	0.11074196731270887
8172.66	0.20830159731270897
8174.33	0.4947826973127089
8176.0	0.3129268973127089
8177.66	0.2082197973127089
8179.33	-0.2690972726872911
8181.0	-0.43694040268729106
8182.67	-0.6748850026872912
8184.33	-0.372316572687291
8186.0	-0.27443001268729106
8187.67	-0.01696230268729102
8189.34	-0.15065565268729114
8191.01	-0.300666172687291
8192.67	-0.832137402687291
8194.34	-0.921506748687291
8196.01	-1.165392302687291
8197.68	-0.9054495026872911
8199.35	-0.9079903026872911
8201.01	-0.6768326026872911
8202.68	-0.836241202687291
8204.35	-0.6766299026872911
8206.02	-0.661613302687291
8207.69	-0.31208880268729106
8209.35	-0.180075002687291
8211.02	0.06007059731270885
8212.69	-0.16450060268729103
8214.36	-0.2051324026872911
8216.02	-0.5064178226872912
8217.69	-0.4233155026872913
8219.36	-0.3175002026872911
8221.03	0.03596779731270887
8222.7	0.183368397312709
8224.36	0.23844189731270893
8226.03	-0.09419710268729106
8227.7	-0.299212402687291
8229.37	-0.48141143168729117
8231.04	-0.2357072226872911
8232.7	-0.06810140268729112
8234.37	0.3326006873127089
8236.04	0.4346923773127089
8237.71	0.4897394973127088
8239.38	0.23401349731270882
8241.04	0.27252826731270885
8242.71	0.23071919731270887
8244.38	0.4681486973127088
8246.05	0.40642989731270884
8247.71	0.41522499731270884
8249.38	0.24644809731270895
8251.05	0.25173289731270887
8252.72	-0.1253167026872911
8254.39	-0.10888750268729104
8256.05	-0.4007938026872912
8257.72	-0.4832657026872912
8259.39	-0.5049398026872913
8261.06	-0.19009850268729117
8262.73	0.07118602731270895
8264.39	0.5388169873127089
8266.06	0.42100789731270893
8267.73	0.36828095731270893
8269.4	-0.02486326268729111
8271.07	-0.4587640026872911
8272.73	-0.923329902687291
8274.4	-0.9008498026872911
8276.07	-0.9133992026872912
8277.74	-0.550900702687291
8279.4	-0.30623050268729113
8281.07	0.09912156731270896
8282.74	0.23690629731270882
8284.41	0.353187497312709
8286.08	0.13216159731270888
8287.74	0.17221114731270895
8289.41	-0.09592810268729099
8291.08	-0.13466167268729104
8292.75	-0.3810778026872911
8294.42	-0.1856962626872911
8296.08	-0.31629730268729106
8297.75	-0.08666560968729109
8299.42	-0.2065800026872911
8301.09	-0.13733190268729106
8302.76	-0.5094273026872909
8304.42	-0.41364000268729095
8306.09	-0.5806594026872911
8307.76	-0.275731902687291
8309.43	-0.3634599026872911
8311.09	-0.21752220268729108
8312.76	-0.41458076268729105
8314.43	-0.4925014026872912
8316.1	-0.8279345526872912
8317.77	-0.8185575026872913
8319.43	-0.9481321026872912
8321.1	-0.706652602687291
8322.77	-0.5564704026872912
8324.44	-0.07321940268729106
8326.11	0.2597988973127089
8327.77	0.596275197312709
8329.44	0.6152474973127091
8331.11	0.719329597312709
8332.78	0.4460444973127089
8334.45	0.42592829731270887
8336.11	0.3328192973127089
8337.78	0.4744567373127088
8339.45	0.49638099731270885
8341.12	0.7713035973127088
8342.78	0.7224516973127088
8344.45	0.9355816973127089
8346.12	0.811893897312709
8347.79	0.7050609973127088
8349.46	0.3502255373127089
8351.12	0.18468147731270892
8352.79	-0.13350480268729104
8354.46	-0.06714570268729121
8356.13	-0.11308770268729115
8357.8	-0.03226460268729101
8359.46	-0.10179062268729107
8361.13	0.05639720131270889
8362.8	0.00260839731270881
8364.47	0.3985453073127089
8366.13	0.7017146973127091
8367.8	1.0233508973127088
8369.47	0.8918732973127088
8371.14	0.6792395973127089
8372.81	-0.09655900268729108
8374.47	-0.506491702687291
8376.14	-0.8539239926872911
8377.81	-0.8625714026872912
8379.48	-0.748145402687291
8381.15	-0.3400602426872912
8382.81	-0.3187756626872911
8384.48	0.059187827312708864
8386.15	0.042793897312708884
8387.82	0.26868569731270886
8389.49	0.46549669731270893
8391.15	0.6340092973127088
8392.82	0.5013880973127088
8394.49	0.4791310973127089
8396.16	0.12084539731270891
8397.82	-0.005817202687291134
8399.49	-0.35103890268729115
8401.16	-0.2623585026872911
8402.83	-0.2347667926872911
8404.5	0.008866697312708926
8406.16	0.16593749731270896
8407.83	0.4576855973127089
8409.5	0.5238412973127089
8411.17	0.7831661373127089
8412.84	0.7476237973127088
8414.5	0.9536525973127088
8416.17	0.8998359973127089
8417.84	0.9555950773127089
8419.51	0.8092782973127088
8421.18	0.7856003973127089
8422.84	0.5420055973127088
8424.51	0.45708639731270895
8426.18	0.12891439731270887
8427.85	0.013437997312708939
8429.51	-0.21207610268729105
8431.18	-0.07714930268729117
8432.85	0.008382397312708933
8434.52	0.37008869731270894
8436.19	0.431827297312709
8437.85	0.576240497312709
8439.52	0.39767289731270894
8441.19	0.37584839731270886
8442.86	0.17687159731270893
8444.53	0.19192999731270893
8446.19	0.046932597312708955
8447.86	0.023308597312708866
8449.53	-0.20221730268729105
8451.2	-0.2024101026872911
8452.87	-0.336234102687291
8454.53	-0.14534840268729105
8456.2	-0.24347456268729117
8457.87	-0.23095074268729113
8459.54	-0.4302373026872911
8461.2	-0.3733998026872911
8462.87	-0.404327669687291
8464.54	-0.2542919026872911
8466.21	-0.23014040268729108
8467.88	0.11030049731270886
8469.54	0.1639244973127089
8471.21	0.491907097312709
8472.88	0.406753467312709
8474.55	0.4506411973127088
8476.22	0.2187805973127089
8477.88	-0.0413627026872911
8479.55	-0.5466771026872911
8481.22	-0.5487057026872911
8482.89	-0.6855240176872911
8484.56	-0.3838588026872913
8486.22	-0.24687269268729106
8487.89	0.021572697312708923
8489.56	0.10164649731270888
8491.23	0.26788159731270894
8492.89	0.09567279731270881
8494.56	0.08400039731270889
8496.23	-0.07021798268729107
8497.9	0.05887025531270882
8499.57	0.020419297312708973
8501.23	0.19986219731270896
8502.9	0.2368896973127089
8504.57	0.297870797312709
8506.24	0.07316580731270886
8507.91	-0.09202859268729106
8509.57	-0.4932156026872911
8511.24	-0.5217565026872911
8512.91	-0.6253892026872911
8514.58	-0.253330602687291
8516.25	-0.07664240268729108
8517.91	0.2709039973127089
8519.58	0.22692909731270894
8521.25	0.3186338973127089
8522.92	0.019195797312708908
8524.58	-0.18637230268729105
8526.25	-0.728599102687291
8527.92	-0.711382002687291
8529.59	-0.7989123026872912
8531.26	-0.40984100268729123
8532.92	-0.21108690268729108
8534.59	0.35758123731270897
8536.26	0.5164671973127088
8537.93	0.791132797312709
8539.6	0.555132897312709
8541.26	0.5193557973127089
8542.93	0.18576779731270887
8544.6	0.09154119731270885
8546.27	-0.18055720268729109
8547.93	0.1833026973127089
8549.6	0.38041495731270886
8551.27	0.7360124973127089
8552.94	0.6083383973127088
8554.61	0.3211353583127088
8556.27	-0.29871500268729123
8557.94	-0.7001399616872914
8559.61	-0.9888806026872912
8561.28	-0.7749323026872912
8562.95	-0.527818102687291
8564.61	-0.08572600268729111
8566.28	0.0054663973127089035
8567.95	0.1209763973127089
8569.62	-0.10037101268729114
8571.29	-0.27046570268729103
8572.95	-0.559953502687291
8574.62	-0.5821862326872911
8576.29	-0.702037502687291
8577.96	-0.39926920268729116
8579.62	-0.272525102687291
8581.29	0.055909307312708954
8582.96	0.12388129731270896
8584.63	0.24395297731270885
8586.3	0.008542297312708991
8587.96	-0.05885990268729109
8589.63	-0.29408026268729104
8591.3	-0.18415804268729102
8592.97	-0.2310098326872912
8594.64	0.064676237312709
8596.3	0.10977589731270887
8597.97	0.32231589731270893
8599.64	0.18148549731270894
8601.31	0.12370519731270886
8602.98	-0.22047030268729118
8604.64	-0.2372926026872911
8606.31	-0.5134277026872911
8607.98	-0.37787086268729114
8609.65	-0.5128905026872912
8611.31	-0.23622010268729116
8612.98	-0.15468670268729112
8614.65	0.021356597312708836
8616.32	-0.26369070268729106
8617.99	-0.35776420268729126
8619.65	-0.821670602687291
8621.32	-0.917207002687291
8622.99	-1.030504502687291
8624.66	-0.657394702687291
8626.33	-0.3031785026872912
8627.99	0.10840509731270893
8629.66	0.07517569731270893
8631.33	0.39021959731270883
8633.0	0.2692566973127088
8634.67	0.5543566533127088
8636.33	0.5667450973127088
8638.0	0.8628758273127088
8639.67	0.8058404073127088
8641.34	0.902945013312709
8643.0	0.7013851973127089
8644.67	0.8730599773127089
8646.34	0.7029626373127087
8648.01	0.8866205973127089
8649.68	0.642280897312709
8651.34	0.5967878973127091
8653.01	0.19619359731270888
8654.68	0.017413597312708907
8656.35	-0.2630292026872911
8658.02	-0.22397466268729121
8659.68	-0.26752853268729115
8661.35	0.036895897312708884
8663.02	0.148256397312709
8664.69	0.40020189731270894
8666.36	0.3754575873127089
8668.02	0.521361097312709
8669.69	0.3092109973127089
8671.36	0.11679129731270885
8673.03	-0.34106030268729115
8674.69	-0.35852560268729106
8676.36	-0.5468988026872912
8678.03	-0.4620796026872913
8679.7	-0.525706402687291
8681.37	-0.343019862687291
8683.03	-0.6105810026872911
8684.7	-0.6487585726872912
8686.37	-0.947308802687291
8688.04	-0.7955034026872913
8689.71	-0.920414872687291
8691.37	-0.8810862026872911
8693.04	-1.0528021426872913
8694.71	-0.698623702687291
8696.38	-0.6559044026872911
8698.04	-0.14979370268729103
8699.71	0.07721249731270899
8701.38	0.42496409731270895
8703.05	0.22719281731270882
8704.72	0.30071869331270895
8706.38	0.07441165731270889
8708.05	0.37069129731270883
8709.72	0.3958852973127089
8711.39	0.681742497312709
8713.06	0.6289233973127091
8714.72	0.6360100773127091
8716.39	0.34820590731270884
8718.06	0.447796997312709
8719.73	0.25090814731270894
8721.4	0.665519297312709
8723.06	0.7490580973127088
8724.73	0.964496797312709
8726.4	0.9447851973127088
8728.07	0.823072497312709
8729.73	0.3350931973127089
8731.4	0.1475067673127089
8733.07	-0.3468594026872911
8734.74	-0.36842600268729103
8736.41	-0.48959900268729106
8738.07	-0.3580714026872911
8739.74	-0.23965240268729118
8741.41	0.1637165973127089
8743.08	0.39447199731270893
8744.75	0.7779602273127089
8746.41	0.909337897312709
8748.08	1.0289049973127091
8749.75	0.7937895973127088
8751.42	0.5828753973127089
8753.09	0.19744139731270893
8754.75	0.03883199731270888
8756.42	-0.2045668026872911
8758.09	-0.23278604268729106
8759.76	-0.22089150268729113
8761.42	0.08275439731270902
8763.09	0.3259959973127089
8764.76	0.6900377973127089
8766.43	0.8593494973127089
8768.1	1.0546008973127088
8769.76	0.852275097312709
8771.43	0.628281097312709
8773.1	0.22948509731270889
8774.77	0.1563465973127089
8776.44	0.08026629731270891
8778.1	0.21888568931270883
8779.77	0.17810069731270892
8781.44	0.23535539731270894
8783.11	-0.10279660268729111
8784.78	-0.3029242326872911
8786.44	-0.563510629687291
8788.11	-0.3694358326872912
8789.78	-0.20936080268729107
8791.45	0.22305799731270892
8793.11	0.399352897312709
8794.78	0.6605311973127088
8796.45	0.6112878973127088
8798.12	0.5735459973127087
8799.79	0.40749249731270887
8801.45	0.5187815973127089
8803.12	0.3680091973127088
8804.79	0.518852697312709
8806.46	0.5934455973127089
8808.13	0.734099097312709
8809.79	0.6383583973127088
8811.46	0.624228997312709
8813.13	0.48103699731270877
8814.8	0.593009197312709
8816.47	0.44846639731270893
8818.13	0.465153397312709
8819.8	0.3415913973127089
8821.47	0.3400579973127089
8823.14	0.1944426973127089
8824.8	0.21741821731270888
8826.47	-0.01830789268729116
8828.14	0.017511397312708964
8829.81	-0.10774330268729118
8831.48	0.08109159731270892
8833.14	0.13992379731270893
8834.81	0.320920557312709
8836.48	0.350739397312709
8838.15	0.45307221731270886
8839.82	0.1763990573127089
8841.48	0.32727579731270884
8843.15	0.3766608973127089
8844.82	0.6560405973127089
8846.49	0.721299597312709
8848.16	0.8485181973127089
8849.82	0.7067495973127089
8851.49	0.7880401973127089
8853.16	0.455113897312709
8854.83	0.44462139731270883
8856.49	0.290930397312709
8858.16	0.44110009731270894
8859.83	0.43389629731270885
8861.5	0.5196894973127091
8863.17	0.3356300573127089
8864.83	0.39865659731270886
8866.5	0.20749694731270893
8868.17	0.43327659731270884
8869.84	0.3711761973127089
8871.51	0.7403824973127089
8873.17	0.735017097312709
8874.84	0.7354088973127089
8876.51	0.39431619731270884
8878.18	0.2810960773127088
8879.84	-0.10693680268729108
8881.51	0.0023212973127089364
8883.18	-0.19368430268729112
8884.85	0.040631597312709
8886.52	-0.046331102687291015
8888.18	0.17262179731270902
8889.85	0.16773489731270896
8891.52	0.3894202573127089
8893.19	0.24792549731270888
8894.86	0.3938667973127089
8896.52	0.16582262731270897
8898.19	0.20363029731270893
8899.86	0.14006029731270886
8901.53	0.33472719731270895
8903.2	0.4210933973127089
8904.86	0.5409140973127088
8906.53	0.33488359731270884
8908.2	0.3185903973127089
8909.87	0.008907597312708848
8911.53	-0.07216190268729114
8913.2	-0.37386460268729116
8914.87	-0.4978364026872912
8916.54	-0.7666231226872909
8918.21	-0.676076302687291
8919.87	-0.686253802687291
8921.54	-0.23912750268729127
8923.21	0.0480800173127089
8924.88	0.5219900973127088
8926.55	0.6555695973127088
8928.21	0.9180943973127089
8929.88	0.8466473973127091
8931.55	0.8914103973127091
8933.22	0.5724571973127089
8934.89	0.5189889973127089
8936.55	0.34294896731270896
8938.22	0.4113377973127088
8939.89	0.363210197312709
8941.56	0.501576697312709
8943.22	0.457175097312709
8944.89	0.33790559731270886
8946.56	0.00487069731270875
8948.23	-0.002767102687291123
8949.9	-0.09096907268729108
8951.56	0.06422487731270887
8953.23	0.08510419731270884
8954.9	0.2883643973127089
8956.57	0.23059550731270884
8958.24	0.31196589731270896
8959.9	0.19584819731270892
8961.57	0.312794997312709
8963.24	0.188872097312709
8964.91	0.05778633731270888
8966.58	-0.27544330268729106
8968.24	-0.1840296026872911
8969.91	-0.43478880268729114
8971.58	-0.13584500268729105
8973.25	0.04970839731270878
8974.91	0.489165897312709
8976.58	0.776237797312709
8978.25	1.0582846973127091
8979.92	0.952041397312709
8981.59	0.9123703973127089
8983.25	0.3388181073127089
8984.92	0.054991007312708895
8986.59	-0.44953760268729104
8988.26	-0.5785445026872911
8989.93	-0.755770902687291
8991.59	-0.6343654026872911
8993.26	-0.6406287026872911
8994.93	-0.32548954268729113
8996.6	-0.10183690268729115
8998.27	0.4857768973127089
8999.93	0.689011297312709
9001.6	0.8815464973127088
9003.27	0.733600397312709
9004.94	0.6653838973127089
9006.6	0.2804834573127089
9008.27	0.3369876263127089
9009.94	0.273059097312709
9011.61	0.31496189731270896
9013.28	0.13021550731270898
9014.94	-0.0690257026872911
9016.61	-0.2789646026872911
9018.28	-0.25265915268729117
9019.95	-0.43623020268729107
9021.62	-0.22939573268729102
9023.28	-0.32645910268729106
9024.95	-0.19941340268729105
9026.62	-0.13475360268729103
9028.29	-0.09427210268729111
9029.96	-0.276799126687291
9031.62	-0.25145020268729107
9033.29	-0.6175703026872912
9034.96	-0.427347102687291
9036.63	-0.43538820268729106
9038.29	-0.09199850268729115
9039.96	0.25260458731270885
9041.63	0.5456213373127089
9043.3	0.45588619731270885
9044.97	0.6338819973127089
9046.63	0.4715924973127089
9048.3	0.5767592673127089
9049.97	0.46635009731270893
9051.64	0.4863134973127089
9053.31	0.44761119731270893
9054.97	0.5032941673127089
9056.64	0.4454949973127091
9058.31	0.48858959731270896
9059.98	0.2394367973127089
9061.64	0.05840479731270889
9063.31	-0.33176240268729107
9064.98	-0.36513489268729116
9066.65	-0.2873154026872911
9068.32	0.16884699731270889
9069.98	0.6283296973127088
9071.65	1.112982897312709
9073.32	0.9586501073127092
9074.99	0.777719147312709
9076.66	0.11945649731270898
9078.32	-0.24768319268729116
9079.99	-0.779834502687291
9081.66	-0.8811652026872911
9083.33	-1.022607902687291
9085.0	-0.6569017026872912
9086.66	-0.602554502687291
9088.33	-0.3101413026872911
9090.0	-0.4199116026872911
9091.67	-0.45655897168729104
9093.33	-0.7495041526872912
9095.0	-0.6197078026872911
9096.67	-0.7057926826872911
9098.34	-0.47137140268729116
9100.01	-0.4545243226872911
9101.67	-0.415751902687291
9103.34	-0.657495302687291
9105.01	-0.7059517026872912
9106.68	-0.8468098026872912
9108.35	-0.6639538026872911
9110.01	-0.6128551526872912
9111.68	-0.4894622326872911
9113.35	-0.3702411026872911
9115.02	-0.12152386268729114
9116.69	-0.07534570268729109
9118.35	0.07366612731270887
9120.02	0.1448137073127089
9121.69	0.2839602973127089
9123.36	0.24396549731270892
9125.02	0.1757281973127089
9126.69	-0.08830630268729109
9128.36	-0.226812902687291
9130.03	-0.368267602687291
9131.7	-0.37717060268729113
9133.36	-0.4448850026872909
9135.03	-0.17031398268729117
9136.7	-0.17697320268729114
9138.37	0.00045379731270898114
9140.04	-0.10513780268729107
9141.7	-0.10448800268729104
9143.37	-0.218929902687291
9145.04	-0.13459090268729107
9146.71	-0.24479890268729107
9148.38	0.04947257731270889
9150.04	0.06828484731270894
9151.71	0.25330509731270884
9153.38	0.15319869731270894
9155.05	0.13633359731270894
9156.71	0.02804519731270887
9158.38	0.2056642573127089
9160.05	0.3374855373127089
9161.72	0.7247998973127089
9163.39	0.899907837312709
9165.05	1.1034991973127088
9166.72	0.7881216173127088
9168.39	0.7228303973127089
9170.06	0.40624489731270896
9171.73	0.33961529731270884
9173.39	0.13309119731270885
9175.06	-0.002606602687291115
9176.73	-0.320585902687291
9178.4	-0.3898076026872911
9180.07	-0.7525490026872912
9181.73	-0.4706172026872911
9183.4	-0.3447560026872911
9185.07	0.016993197312708964
9186.74	0.19025779731270892
9188.4	0.4808358973127089
9190.07	0.5505543973127089
9191.74	0.8839153973127092
9193.41	0.9803513973127089
9195.08	1.210592197312709
9196.74	1.067087597312709
9198.41	1.1067400973127088
9200.08	0.8767032973127089
9201.75	0.9282033973127088
9203.42	0.751148597312709
9205.08	0.767219397312709
9206.75	0.710301097312709
9208.42	0.7107515973127089
9210.09	0.39284609731270886
9211.76	0.4072183973127089
9213.42	0.21788898731270892
9215.09	0.48098908731270884
9216.76	0.5918161773127089
9218.43	0.8706365973127088
9220.09	0.9629748973127089
9221.76	1.054628197312709
9223.43	0.6765511973127089
9225.1	0.36624319731270893
9226.77	-0.20334370268729113
9228.43	-0.24727110268729127
9230.1	-0.21475940268729105
9231.77	0.06355459731270882
9233.44	0.24824491731270898
9235.11	0.5089853973127088
9236.77	0.561315897312709
9238.44	0.7293978973127089
9240.11	0.7248406973127087
9241.78	0.9238651973127088
9243.44	0.8222495973127091
9245.11	0.7649928873127091
9246.78	0.472739507312709
9248.45	0.21090809731270888
9250.12	-0.02745290268729106
9251.78	-0.0937076026872911
9253.45	-0.2814195126872911
9255.12	-0.28538350268729107
9256.79	-0.28751540268729114
9258.46	0.17833159731270887
9260.12	0.5242470973127089
9261.79	0.886771197312709
9263.46	0.8459635973127089
9265.13	0.8042514973127091
9266.8	0.6058140973127089
9268.46	0.5183209973127088
9270.13	0.4003710973127087
9271.8	0.48925579731270885
9273.47	0.20560599731270895
9275.13	-0.05177830268729111
9276.8	-0.525390102687291
9278.47	-0.549614202687291
9280.14	-0.510415992687291
9281.81	-0.08594720268729117
9283.47	0.22866239731270888
9285.14	0.5177847973127088
9286.81	0.440201897312709
9288.48	0.446253197312709
9290.15	0.20100808731270892
9291.81	0.27600119731270895
9293.48	0.22793859731270888
9295.15	0.46712039731270866
9296.82	0.46377209731270896
9298.49	0.42528829731270895
9300.15	0.1775054973127089
9301.82	0.1520787973127089
9303.49	0.0973491973127089
9305.16	0.6170334973127091
9306.82	0.884937997312709
9308.49	1.6650143973127087
9310.16	1.954069397312709
9311.83	2.039287497312709
9313.5	1.5712070973127088
9315.16	0.9882833973127088
9316.83	0.07003548731270896
9318.5	-0.470424602687291
9320.17	-1.000609822687291
9321.84	-0.904822002687291
9323.5	-0.6854312026872911
9325.17	-0.04712750268729109
9326.84	0.27796615731270896
9328.51	0.5448656973127088
9330.18	0.614044997312709
9331.84	0.5168838973127088
9333.51	0.363603397312709
9335.18	0.4334267073127089
9336.85	0.3586074973127088
9338.51	0.47405159731270885
9340.18	0.31347019731270886
9341.85	0.24652829731270892
9343.52	0.0833284973127089
9345.19	0.12986389731270886
9346.85	-0.19994020268729118
9348.52	-0.310273202687291
9350.19	-0.7100715026872912
9351.86	-0.7504376026872911
9353.53	-0.748701802687291
9355.19	-0.195428125687291
9356.86	0.133185797312709
9358.53	0.569542597312709
9360.2	0.4020088973127088
9361.87	0.22854539731270904
9363.53	-0.23425160268729112
9365.2	-0.3053923626872911
9366.87	-0.29323360268729115
9368.54	0.1322005073127089
9370.2	0.4343687173127089
9371.87	0.620068717312709
9373.54	0.32587039731270884
9375.21	-0.10674950268729115
9376.88	-0.680725502687291
9378.54	-0.889357002687291
9380.21	-0.992726902687291
9381.88	-0.7444089026872911
9383.55	-0.4301972026872911
9385.22	-0.10179890268729111
9386.88	-0.08809470268729107
9388.55	-0.017698802687291116
9390.22	-0.26931060268729096
9391.89	-0.12375880268729116
9393.56	0.016341097312708896
9395.22	0.266146737312709
9396.89	0.47329365731270895
9398.56	0.7332001973127088
9400.23	0.5472203973127089
9401.89	0.39085899731270896
9403.56	-0.16480630268729107
9405.23	-0.4984674026872911
9406.9	-0.7742910026872911
9408.57	-0.9148022026872908
9410.23	-0.978263302687291
9411.9	-0.6673713026872912
9413.57	-0.48041160268729105
9415.24	-0.29406053268729115
9416.91	-0.2474446026872911
9418.57	-0.273255502687291
9420.24	-0.3630730026872911
9421.91	-0.2931556026872911
9423.58	-0.20647980268729102
9425.24	0.010745197312708931
9426.91	0.1468716973127089
9428.58	0.24617106731270894
9430.25	0.2636706973127089
9431.92	0.12643679731270893
9433.58	-0.02835960268729103
9435.25	-0.07305160268729112
9436.92	-0.20664757268729117
9438.59	-0.26443969268729106
9440.26	-0.24996540268729112
9441.92	-0.1642880026872911
9443.59	-0.04723003768729102
9445.26	0.1997778973127089
9446.93	0.4328788073127088
9448.6	0.8175788973127089
9450.26	0.8813097673127089
9451.93	0.9120198973127088
9453.6	0.787175497312709
9455.27	0.6813464973127089
9456.93	0.3467533973127088
9458.6	0.3624811273127089
9460.27	0.20001689731270886
9461.94	0.21069029731270889
9463.61	0.10191019131270881
9465.27	0.2195111973127089
9466.94	0.1541248973127089
9468.61	0.22855669731270883
9470.28	-0.06280560268729123
9471.95	-0.07362830268729104
9473.61	-0.3061903026872911
9475.28	-0.26352520268729107
9476.95	-0.5143207026872911
9478.62	-0.499625602687291
9480.29	-0.6984169026872911
9481.95	-0.5207068026872911
9483.62	-0.48197153268729115
9485.29	-0.025816552687291106
9486.96	0.15648549731270894
9488.62	0.6004165973127089
9490.29	0.39955119731270894
9491.96	0.48475229731270897
9493.63	0.2015857973127088
9495.3	0.24513069731270898
9496.96	0.13097949731270891
9498.63	0.350223097312709
9500.3	0.3673472973127089
9501.97	0.7526435173127091
9503.64	0.6567416973127088
9505.3	0.7818152973127088
9506.97	0.620402997312709
9508.64	0.4419916973127089
9510.31	0.07298809731270887
9511.98	-0.08481930268729114
9513.64	-0.4198713676872913
9515.31	-0.352611302687291
9516.98	-0.3290003026872911
9518.65	0.009701397312708915
9520.31	0.284200397312709
9521.98	0.6750736973127089
9523.65	0.948374397312709
9525.32	1.3554183973127087
9526.99	1.4843275973127092
9528.65	1.7783823973127089
9530.32	1.582606197312709
9531.99	1.374987597312709
9533.66	0.8181229873127089
9535.33	0.4974416973127088
9536.99	0.14578349731270884
9538.66	0.06189638731270897
9540.33	-0.027244855687291115
9542.0	0.284418297312709
9543.67	0.5016878873127089
9545.33	0.790869697312709
9547.0	0.888771897312709
9548.67	1.1487310973127092
9550.34	1.1144993973127089
9552.0	1.186633097312709
9553.67	1.019883697312709
9555.34	0.9821652973127091
9557.01	0.928812197312709
9558.68	1.024546397312709
9560.34	0.9560094973127089
9562.01	1.203664597312709
9563.68	1.1560404973127087
9565.35	1.1499587973127088
9567.02	0.7786733063127087
9568.68	0.5152797973127089
9570.35	0.10977036731270892
9572.02	-0.18296050268729114
9573.69	-0.6456112906872911
9575.35	-0.805697302687291
9577.02	-0.748615602687291
9578.69	-0.45777970268729107
9580.36	-0.36187567268729104
9582.03	-0.135975902687291
9583.69	-0.10340670268729109
9585.36	-0.22052772268729118
9587.03	-0.47194999268729115
9588.7	-0.5360508526872912
9590.37	-0.6218160026872912
9592.03	-0.4593629026872911
9593.7	-0.484062502687291
9595.37	-0.12170787268729111
9597.04	0.21520769731270897
9598.71	0.5447371973127089
9600.37	0.367999397312709
9602.04	0.2911533973127089
9603.71	-0.10129160268729105
9605.38	-0.131341342687291
9607.04	-0.2584272026872912
9608.71	-0.01700730268729118
9610.38	0.053659637312708994
9612.05	0.4488595973127089
9613.72	0.39602829731270883
9615.38	0.3820275973127091
9617.05	0.09967649731270889
9618.72	-0.10460970268729113
9620.39	-0.7006211026872912
9622.06	-0.9876663026872912
9623.72	-1.399698962687291
9625.39	-1.1918154026872911
9627.06	-1.149965132687291
9628.73	-0.8964167826872911
9630.4	-0.9230674086872913
9632.06	-0.7395240926872908
9633.73	-0.8440771126872912
9635.4	-0.8526807326872909
9637.07	-1.0166501026872914
9638.73	-0.8356455026872913
9640.4	-0.9186661026872907
9642.07	-0.562056972687291
9643.74	-0.4418222026872911
9645.41	-0.2770543426872912
9647.07	-0.14571591268729106
9648.74	0.039640197312708916
9650.41	0.019848097312708913
9652.08	0.20583819731270886
9653.75	0.0800324973127089
9655.41	0.19740869731270894
9657.08	0.03573749731270894
9658.75	-0.10303180268729113
9660.42	-0.13707170268729113
9662.09	0.036592417312709014
9663.75	0.12555029731270903
9665.42	0.271411497312709
9667.09	0.21797209731270875
9668.76	0.2084400973127089
9670.42	0.18708072731270892
9672.09	0.24749139731270892
9673.76	0.45238439731270874
9675.43	0.6323313973127087
9677.1	0.5908796973127091
9678.76	0.38626546731270883
9680.43	0.009525597312709033
9682.1	-0.1749812126872911
9683.77	-0.1601758026872911
9685.44	0.21912644731270897
9687.1	0.46255469731270893
9688.77	0.7073924973127088
9690.44	0.4778680173127089
9692.11	0.3463394973127089
9693.78	0.11721679731270898
9695.44	0.17137124331270895
9697.11	0.12660849731270893
9698.78	0.3313169973127089
9700.45	0.06165959731270896
9702.11	-0.0657997026872911
9703.78	-0.45308760268729104
9705.45	-0.4806879726872911
9707.12	-0.5648217426872911
9708.79	-0.41208170268729116
9710.45	-0.4088904026872909
9712.12	-0.20693210268729115
9713.79	-0.18360827268729105
9715.46	-0.005463302687291116
9717.13	0.02085319731270896
9718.79	0.17901588731270893
9720.46	-0.05002360268729111
9722.13	0.0532844973127089
9723.8	-0.07352366268729109
9725.47	-0.044570302687291105
9727.13	0.007763397312708942
9728.8	0.09379839731270882
9730.47	0.07813270731270894
9732.14	0.17218679731270878
9733.8	0.011765497312708817
9735.47	0.47195929731270897
9737.14	0.7676174973127088
9738.81	1.152554397312709
9740.48	1.3728159973127092
9742.14	1.4908005973127092
9743.81	1.117497397312709
9745.48	0.997217397312709
9747.15	0.5757693973127088
9748.82	0.6694480973127088
9750.48	0.510636097312709
9752.15	0.4756156973127089
9753.82	0.21891409731270892
9755.49	0.20679961731270904
9757.15	-0.010305802687291065
9758.82	0.2984943973127089
9760.49	0.37128909731270876
9762.16	0.762387397312709
9763.83	0.8795118973127088
9765.49	1.069017397312709
9767.16	0.933275297312709
9768.83	0.9246152973127091
9770.5	0.5741157973127089
9772.17	0.431335797312709
9773.83	0.05197409731270897
9775.5	0.06774579731270895
9777.17	-0.005361602687291178
9778.84	0.3138223973127089
9780.51	0.5075453973127089
9782.17	0.9813633973127087
9783.84	1.1838089973127088
9785.51	1.4063245973127088
9787.18	1.161869297312709
9788.84	1.1331424973127089
9790.51	0.852949397312709
9792.18	0.8170756213127088
9793.85	0.5502033973127087
9795.52	0.34460849731270893
9797.18	-0.10328160268729114
9798.85	-0.2159729526872911
9800.52	-0.415193202687291
9802.19	-0.19105680268729103
9803.86	-0.07751656268729117
9805.52	0.2564143973127089
9807.19	0.1314458973127089
9808.86	0.1532651373127089
9810.53	-0.058749502687290976
9812.2	-0.032881902687290854
9813.86	-0.17486010268729119
9815.53	-0.1846319026872912
9817.2	-0.3291867026872911
9818.87	0.03131622731270891
9820.53	0.1611908973127088
9822.2	0.4769302973127088
9823.87	0.4846584973127088
9825.54	0.43652469731270893
9827.21	0.25221979731270894
9828.87	0.221465637312709
9830.54	0.07068179731270892
9832.21	0.258013397312709
9833.88	0.23592579731270896
9835.55	0.49980339731270895
9837.21	0.6588069973127088
9838.88	0.9839028973127087
9840.55	1.0726260973127089
9842.22	1.0190329973127088
9843.89	0.6353399973127088
9845.55	0.3195255273127089
9847.22	0.014288797312708868
9848.89	0.03850052731270885
9850.56	-0.005203232687291082
9852.22	0.26804449731270885
9853.89	0.22215839731270895
9855.56	0.0859003973127089
9857.23	-0.2812939026872911
9858.9	-0.3945630726872911
9860.56	-0.4052889026872911
9862.23	-0.0899713426872911
9863.9	0.22125979731270884
9865.57	0.7042433973127091
9867.24	0.7473913973127088
9868.9	0.8238805973127089
9870.57	0.47178470731270883
9872.24	0.48249189731270886
9873.91	0.32883369731270884
9875.58	0.31971209731270894
9877.24	0.2964194973127089
9878.91	0.207747937312709
9880.58	-0.1316856026872911
9882.25	-0.047531102687291105
9883.91	-0.03648588268729107
9885.58	0.4411076973127089
9887.25	0.7295219573127089
9888.92	1.243935287312709
9890.59	1.5261918973127089
9892.25	1.5377676973127088
9893.92	1.106441357312709
9895.59	0.8986922973127088
9897.26	0.41864579731270907
9898.93	0.2903798973127087
9900.59	-0.08692000268729108
9902.26	0.02770849731270899
9903.93	0.08766999731270894
9905.6	0.375422597312709
9907.27	0.42764819731270887
9908.93	0.731426797312709
9910.6	0.6008875973127088
9912.27	0.5255611973127088
9913.94	0.23959339731270884
9915.6	0.19296349731270895
9917.27	0.33461719731270884
9918.94	0.610545797312709
9920.61	0.7478314973127089
9922.28	0.8946395973127089
9923.94	0.834515397312709
9925.61	0.7259712973127089
9927.28	0.37423629731270897
9928.95	0.23219711731270892
9930.62	0.2652339973127089
9932.28	0.28237139731270905
9933.95	0.3082375973127089
9935.62	0.4688502973127088
9937.29	0.624244397312709
9938.95	1.0812553973127088
9940.62	1.043612397312709
9942.29	1.0329250973127089
9943.96	0.8226287973127089
9945.63	0.36329089731270897
9947.29	-0.17025618268729098
9948.96	-0.21542875268729095
9950.63	-0.1420646026872912
9952.3	0.44684749731270895
9953.97	0.916057997312709
9955.63	1.3659296973127089
9957.3	1.4345965973127088
9958.97	1.4839243673127087
9960.64	1.2054458973127087
9962.31	0.9106466973127088
9963.97	0.31839389731270895
9965.64	0.03795419731270884
9967.31	-0.445630352687291
9968.98	-0.4645266026872914
9970.64	-0.6389963026872911
9972.31	-0.529826002687291
9973.98	-0.381822802687291
9975.65	0.05207159731270887
9977.32	0.08352749731270881
9978.98	0.505440497312709
9980.65	0.5547385973127088
9982.32	0.7961309973127089
9983.99	0.6270701873127089
9985.66	0.6184296973127089
9987.32	0.28422289731270883
9988.99	0.297316347312709
9990.66	0.16894219731270882
9992.33	0.34013859731270885
9994.0	0.24178073731270894
9995.66	0.3899511973127089
9997.33	0.128878397312709
9999.0	0.012732197312708938
10000.7	-0.432213212687291
10002.3	-0.6605116026872911
10004.0	-0.737705402687291
10005.7	-0.34894660268729105
10007.3	-0.15880840268729118
10009.0	0.08115169731270895
10010.7	-0.1266645026872911
10012.3	0.006595197312708856
10014.0	-0.1981524026872911
10015.7	0.0014154073127089274
10017.3	0.26522879731270893
10019.0	0.6615231973127089
10020.7	0.5603444973127087
10022.3	0.43842469731270894
10024.0	-0.2271080026872911
10025.7	-0.2851844026872911
10027.4	-0.40538670268729105
10029.0	-0.22412760268729107
10030.7	-0.19746760268729108
10032.4	-0.12634365268729122
10034.0	-0.477739202687291
10035.7	-0.6266819026872911
10037.4	-0.9705264026872911
10039.0	-0.8308841026872912
10040.7	-0.800381502687291
10042.4	-0.41976110268729105
10044.0	-0.015129302687291023
10045.7	0.48456469731270896
10047.4	0.769519697312709
10049.0	1.171835397312709
10050.7	1.1075903973127088
10052.4	1.182297397312709
10054.0	1.0192869973127088
10055.7	0.8820586973127089
10057.4	0.7645819973127088
10059.0	0.739730697312709
10060.7	0.43044199731270893
10062.4	0.38507119731270895
10064.0	0.325512297312709
10065.7	0.42157159731270893
10067.4	0.29115274731270885
10069.1	0.3915928973127089
10070.7	0.16393639731270887
10072.4	0.2893732973127089
10074.1	0.22151879731270893
10075.7	0.35372589731270887
10077.4	0.5054043973127088
10079.1	0.8641643973127089
10080.7	0.7838864973127091
10082.4	0.942282997312709
10084.1	0.7791822973127088
10085.7	0.595535697312709
10087.4	0.33260159731270894
10089.1	0.22335149731270892
10090.7	0.05273787731270889
10092.4	0.30068599731270884
10094.1	0.3038168973127089
10095.7	0.28591969731270894
10097.4	0.22553913731270897
10099.1	0.08977519731270892
10100.7	-0.0009722026872910572
10102.4	0.17647290731270884
10104.1	-0.06103260268729112
10105.7	-0.042609002687291085
10107.4	-0.1637862026872911
10109.1	-0.1274767026872911
10110.7	-0.16380680268729114
10112.4	0.08118079731270882
10114.1	-0.04228373268729113
10115.8	0.0015054073127088285
10117.4	-0.08583650268729115
10119.1	-0.04664500268729106
10120.8	0.02144992731270894
10122.4	0.29482349731270874
10124.1	0.22617009731270898
10125.8	0.34470969731270895
10127.4	0.15534709731270896
10129.1	0.13354206731270887
10130.8	0.0011667973127089226
10132.4	0.010776447312708904
10134.1	-0.15484320268729107
10135.8	-0.0895524026872911
10137.4	-0.2690653026872911
10139.1	-0.19079630268729106
10140.8	-0.20275950268729118
10142.4	0.06172409731270891
10144.1	0.18698378731270898
10145.8	0.5754280673127088
10147.4	0.4726211973127089
10149.1	0.38224949731270885
10150.8	-0.19350580268729106
10152.4	-0.6788399026872913
10154.1	-0.9805811026872913
10155.8	-0.6567129026872911
10157.4	-0.302644902687291
10159.1	0.463413797312709
10160.8	0.899832197312709
10162.5	1.166726297312709
10164.1	1.1962937973127086
10165.8	1.105900397312709
10167.5	0.8191313473127089
10169.1	0.566492997312709
10170.8	0.04232961731270894
10172.5	-0.3667523926872911
10174.1	-0.4934368026872911
10175.8	-0.31972890268729115
10177.5	-0.14104800268729106
10179.1	0.15088759731270898
10180.8	0.28435319731270897
10182.5	0.09139304731270907
10184.1	-0.17463160268729094
10185.8	-0.24778160268729107
10187.5	-0.26085900268729106
10189.1	-0.021674652687291174
10190.8	-0.05327730268729112
10192.5	0.314288897312709
10194.1	0.443926597312709
10195.8	0.7016364973127092
10197.5	0.7126286973127088
10199.1	0.8001274973127088
10200.8	0.454942797312709
10202.5	-0.029193202687291107
10204.1	-0.6353265026872912
10205.8	-0.6755271026872911
10207.5	-0.972164002687291
10209.2	-0.7151409026872911
10210.8	-0.6961381726872912
10212.5	-0.4895004026872911
10214.2	-0.40487210268729107
10215.8	-0.2370426326872912
10217.5	0.14300479731270893
10219.2	0.737234297312709
10220.8	0.8981034973127089
10222.5	1.1264745973127088
10224.2	0.8268092073127088
10225.8	0.723886597312709
10227.5	0.3275816973127089
10229.2	0.20064485731270887
10230.8	0.15511889731270898
10232.5	0.27125101131270896
10234.2	0.2931168973127089
10235.8	0.4282096973127091
10237.5	0.262067297312709
10239.2	0.42580939731270895
10240.8	0.2530048973127089
10242.5	0.3432779973127089
10244.2	0.22976179731270885
10245.8	0.25771570731270893
10247.5	0.18293019731270882
10249.2	0.10848872331270894
10250.9	0.12433449731270878
10252.5	0.534480697312709
10254.2	0.8329778873127089
10255.9	1.3973810973127088
10257.5	1.2866010973127089
10259.2	1.0905000643127087
10260.9	0.36764789731270886
10262.5	-0.16875260268729114
10264.2	-0.6265761026872911
10265.9	-0.8719954026872913
10267.5	-1.043097022687291
10269.2	-0.8680287026872909
10270.9	-1.0511959526872912
10272.5	-0.696432402687291
10274.2	-0.6917730626872911
10275.9	-0.31683530268729104
10277.5	-0.19054108268729125
10279.2	-0.1476267026872911
10280.9	-0.32982240268729124
10282.5	-0.24594690268729105
10284.2	-0.2737005826872911
10285.9	0.030239197312708854
10287.5	-0.001403402687291111
10289.2	0.08713299731270893
10290.9	-0.26452025268729124
10292.5	-0.342874202687291
10294.2	-0.5778687026872913
10295.9	-0.551627172687291
10297.6	-0.6885187026872913
10299.2	-0.41461594268729113
10300.9	-0.2530883026872911
10302.6	0.057864997312709
10304.2	0.1899090673127089
10305.9	0.603807977312709
10307.6	0.593792197312709
10309.2	0.48157809731270895
10310.9	0.14838116731270895
10312.6	-0.09531782268729119
10314.2	-0.5176340626872911
10315.9	-0.7942467326872911
10317.6	-0.897564102687291
10319.2	-0.6122214026872911
10320.9	-0.3185978026872912
10322.6	-0.12115820268729109
10324.2	-0.16093830268729103
10325.9	-0.08896550268729109
10327.6	-0.2765219026872911
10329.2	-0.3227694026872911
10330.9	-0.16518005268729105
10332.6	0.16521760331270885
10334.2	0.1806690973127089
10335.9	0.17481779731270897
10337.6	-0.10009060268729116
10339.2	-0.106351002687291
10340.9	-0.40845039268729105
10342.6	-0.6617507026872911
10344.3	-0.7441181026872911
10345.9	-0.46536530268729115
10347.6	-0.01511220268729111
10349.3	0.647103347312709
10350.9	0.8693603973127088
10352.6	1.097468397312709
10354.3	0.8111060673127088
10355.9	0.3416335973127089
10357.6	0.09771406731270897
10359.3	-0.022318602687291113
10360.9	0.01619539731270887
10362.6	0.3202954973127089
10364.3	0.31955179731270883
10365.9	0.5599625673127089
10367.6	0.4425654973127089
10369.3	0.43337139731270896
10370.9	0.30567831731270884
10372.6	0.284373397312709
10374.3	0.24666539731270878
10375.9	0.2447481973127089
10377.6	-0.06630980268729107
10379.3	-0.09143640268729099
10380.9	-0.3280712026872911
10382.6	-0.16291000268729108
10384.3	-0.1839261026872911
10385.9	0.04237084731270897
10387.6	0.05266069731270893
10389.3	0.37175709731270895
10391.0	0.3160290973127089
10392.6	0.5514531973127088
10394.3	0.5644996973127089
10396.0	0.578753697312709
10397.6	0.44697709731270885
10399.3	0.623108497312709
10401.0	0.4376974973127089
10402.6	0.7908979973127088
10404.3	0.763803927312709
10406.0	0.8026556973127089
10407.6	0.531741597312709
10409.3	0.2954033973127088
10411.0	-0.14575460268729112
10412.6	-0.13147460268729114
10414.3	-0.3108770026872911
10416.0	-0.08295980268729108
10417.6	0.20352039731270882
10419.3	0.4369953973127091
10421.0	0.462892897312709
10422.6	0.5563840973127089
10424.3	0.42847899731270883
10426.0	0.6731267973127089
10427.6	0.7207466973127088
10429.3	0.9336722973127088
10431.0	0.9649758973127088
10432.7	0.9417326773127088
10434.3	0.7506768973127088
10436.0	0.5513091973127089
10437.7	0.034872197312708894
10439.3	-0.07133634268729112
10441.0	-0.16911160268729114
10442.7	0.3293687973127089
10444.3	0.5400762973127089
10446.0	0.8684312973127088
10447.7	0.514637897312709
10449.3	0.05995059731270893
10451.0	-0.642157602687291
10452.7	-0.8100723026872909
10454.3	-0.8886174026872912
10456.0	-0.40071270268729114
10457.7	-0.29000807168729115
10459.3	-0.06635811268729111
10461.0	-0.21285690268729107
10462.7	-0.027541602687291
10464.3	0.284180197312709
10466.0	0.8285848801127088
10467.7	0.9838295373127093
10469.3	1.282603097312709
10471.0	1.0629668973127089
10472.7	0.8681982973127088
10474.3	0.5165883973127089
10476.0	0.38224039731270887
10477.7	0.2654698973127088
10479.4	0.4364069973127089
10481.0	0.39708599731270894
10482.7	0.4250190973127089
10484.4	0.224562497312709
10486.0	0.051686797312708956
10487.7	-0.11675361268729119
10489.4	-0.07846390268729109
10491.0	-0.11215520268729104
10492.7	0.14898009731270895
10494.4	0.24342389731270883
10496.0	0.35225049731270897
10497.7	0.4233685973127089
10499.4	0.3819253973127089
10501.0	0.29940689731270886
10502.7	0.2161519973127089
10504.4	0.16205209731270895
10506.0	0.15125747731270883
10507.7	0.09080819731270892
10509.4	-0.002549302687291144
10511.0	-0.15318890268729102
10512.7	-0.38889280268729115
10514.4	-0.49226450268729105
10516.0	-0.3959963226872911
10517.7	-0.12235000268729115
10519.4	0.08596568331270886
10521.0	0.2015661973127089
10522.7	0.18474049731270883
10524.4	-0.0038111026872911236
10526.1	-0.047828502687291066
10527.7	-0.24032620268729113
10529.4	-0.2607553026872912
10531.1	-0.41973080268729107
10532.7	-0.5064326026872911
10534.4	-0.5198696026872909
10536.1	-0.30948780268729126
10537.7	-0.38251912268729094
10539.4	-0.2037242426872911
10541.1	-0.27136450268729106
10542.7	0.08773119731270888
10544.4	0.32767105731270885
10546.1	0.6190267373127089
10547.7	0.677608607312709
10549.4	0.8167786073127088
10551.1	0.582331997312709
10552.7	0.3722723973127088
10554.4	0.2123165973127088
10556.1	0.470521197312709
10557.7	0.5392122873127088
10559.4	0.6771791973127088
10561.1	0.48394949731270887
10562.7	0.581932597312709
10564.4	0.49334689731270875
10566.1	0.3767158973127089
10567.7	0.21548449731270886
10569.4	0.31387099731270884
10571.1	0.15609399731270884
10572.8	0.37967139731270894
10574.4	0.24092358731270885
10576.1	0.444063097312709
10577.8	0.4349794973127089
10579.4	0.5199577973127089
10581.1	0.19317869731270884
10582.8	0.14141311731270892
10584.4	-0.150211102687291
10586.1	-0.19638760268729108
10587.8	-0.41387740268729106
10589.4	-0.33120097468729115
10591.1	-0.2461315026872911
10592.8	0.23711249731270886
10594.4	0.4141930973127089
10596.1	0.7469923973127092
10597.8	0.8166339973127089
10599.4	0.9847340973127088
10601.1	0.698650197312709
10602.8	0.6842410973127089
10604.4	0.612290397312709
10606.1	0.9142824973127089
10607.8	0.9245214973127089
10609.4	1.1311703973127085
10611.1	1.104302397312709
10612.8	1.3292842973127088
10614.5	1.2468985973127091
10616.1	1.1896607973127087
10617.8	0.8929143973127089
10619.5	0.6999049973127089
10621.1	0.12257882731270886
10622.8	0.024946677312708852
10624.5	0.03748079731270891
10626.1	0.3343197973127089
10627.8	0.4809404973127089
10629.5	0.5507983973127087
10631.1	0.3650082773127089
10632.8	0.4287590973127089
10634.5	0.2085059173127089
10636.1	0.10215379731270895
10637.8	-0.03872440268729109
10639.5	-0.11152290268729108
10641.1	-0.20423540268729115
10642.8	0.06154729731270873
10644.5	0.28085999731270883
10646.1	0.9308833973127092
10647.8	1.334512197312709
10649.5	1.549678397312709
10651.1	1.2804464973127088
10652.8	1.0222222473127087
10654.5	0.28776404731270894
10656.1	-0.1786677026872911
10657.8	-0.6867648026872912
10659.5	-0.39097120268729124
10661.2	-0.2785516626872911
10662.8	0.5120243973127089
10664.5	0.6879253573127089
10666.2	0.9571393973127089
10667.8	0.559870297312709
10669.5	0.313111397312709
10671.2	-0.27332700268729104
10672.8	-0.29709780268729113
10674.5	-0.5734599026872912
10676.2	-0.23059270268729098
10677.8	-0.05741660268729114
10679.5	0.4245907973127089
10681.2	0.3352864973127089
10682.8	0.5924243973127089
10684.5	0.500856397312709
10686.2	0.47036689731270886
10687.8	0.12796404731270883
10689.5	0.2091928973127089
10691.2	-0.04339770268729128
10692.8	0.17049819731270874
10694.5	0.31198259731270883
10696.2	0.570888697312709
10697.8	0.519341397312709
10699.5	0.46347009731270894
10701.2	-0.25883370268729117
10702.8	-0.5715513026872912
10704.5	-0.8200001026872912
10706.2	-0.7227873026872912
10707.9	-0.6050076026872911
10709.5	-0.2769703026872911
10711.2	-0.34885800268729134
10712.9	-0.12830510268729103
10714.5	-0.029192302687291206
10716.2	0.3084341973127089
10717.9	0.4420483973127089
10719.5	0.6241183973127089
10721.2	0.38948879731270886
10722.9	0.3512784973127088
10724.5	0.3874827973127089
10726.2	0.6617793973127089
10727.9	0.770791097312709
10729.5	1.091386097312709
10731.2	1.137794897312709
10732.9	1.112711297312709
10734.5	1.0508455973127089
10736.2	0.8763339373127088
10737.9	0.455190297312709
10739.5	0.310179097312709
10741.2	0.07144869731270895
10742.9	0.17014939731270895
10744.5	0.2696262973127089
10746.2	0.13979239731270895
10747.9	-0.0605286026872911
10749.5	-0.324564902687291
10751.2	-0.684071502687291
10752.9	-0.473628202687291
10754.6	-0.5518378026872913
10756.2	-0.3071985026872911
10757.9	-0.31386540268729113
10759.6	-0.4055668026872912
10761.2	-0.4562870026872911
10762.9	-0.23990250268729102
10764.6	-0.39694081268729126
10766.2	-0.05627700268729115
10767.9	-0.2304187026872911
10769.6	-0.11547082268729107
10771.2	-0.32927652968729104
10772.9	-0.2830519026872911
10774.6	-0.5435669026872911
10776.2	-0.4095819626872911
10777.9	-0.46140340268729113
10779.6	-0.08266210268729104
10781.2	0.031088997312708956
10782.9	0.4320111973127089
10784.6	0.431539397312709
10786.2	0.5846422173127089
10787.9	0.48422276731270897
10789.6	0.5918692973127089
10791.2	0.6659069973127089
10792.9	1.181437547312709
10794.6	1.237682427312709
10796.3	1.450818497312709
10797.9	1.304200097312709
10799.6	1.1017177973127088
10801.3	0.7531988973127088
10802.9	0.6469863973127089
10804.6	0.3476554973127089
10806.3	0.37282909731270897
10807.9	0.28236029731270895
10809.6	0.3706783973127089
10811.3	0.49891179731270885
10812.9	0.844227897312709
10814.6	0.829200897312709
10816.3	0.8967458973127089
10817.9	0.46869899731270886
10819.6	0.354833567312709
10821.3	0.32884469731270904
10822.9	0.39478859731270893
10824.6	0.197510497312709
10826.3	0.1421949173127089
10827.9	-0.11529995268729114
10829.6	0.01744229731270879
10831.3	0.09811249731270884
10832.9	0.7755718573127091
10834.6	1.1344570973127088
10836.3	1.4503651973127085
10837.9	1.184874357312709
10839.6	1.014702097312709
10841.3	0.927476897312709
10843.0	1.168587697312709
10844.6	1.462622597312709
10846.3	2.129143397312709
10848.0	2.268607297312709
10849.6	2.4354279973127086
10851.3	2.150391697312709
10853.0	1.7645263973127085
10854.6	1.1355091973127087
10856.3	0.7291555973127087
10858.0	0.3469228373127089
10859.6	0.5144200873127088
10861.3	0.6936156373127088
10863.0	1.2470311973127088
10864.6	1.4113051973127089
10866.3	1.4406909973127089
10868.0	0.869375207312709
10869.6	0.601398597312709
10871.3	0.3232759973127089
10873.0	0.6422063973127088
10874.6	0.8113872973127088
10876.3	1.3361787973127088
10878.0	1.3078413973127088
10879.6	1.226367797312709
10881.3	0.8806284973127088
10883.0	0.7172168973127089
10884.6	0.29048669731270893
10886.3	-0.07094600268729101
10888.0	-0.6907562626872912
10889.7	-1.048396202687291
10891.3	-1.144803202687291
10893.0	-0.821157402687291
10894.7	-0.2881570626872912
10896.3	0.37566479731270896
10898.0	0.5364048973127088
10899.7	0.567806397312709
10901.3	0.22367639731270889
10903.0	-0.04003850268729111
10904.7	-0.20953750268729113
10906.3	-0.04991270268729105
10908.0	0.16121779731270894
10909.7	0.7414965973127089
10911.3	0.8820371973127091
10913.0	1.3630943973127088
10914.7	1.453041097312709
10916.3	1.533236597312709
10918.0	1.3499935973127086
10919.7	1.1527105773127089
10921.3	0.732952897312709
10923.0	0.615138297312709
10924.7	0.2439797973127089
10926.3	0.2318687673127089
10928.0	-0.04163580268729099
10929.7	-0.18649510268729105
10931.3	-0.0955683026872911
10933.0	0.4748050973127089
10934.7	1.146370637312709
10936.4	2.0729946973127094
10938.0	2.512578997312709
10939.7	2.6855443973127087
10941.4	1.9882183973127088
10943.0	1.1410759973127091
10944.7	0.3159137973127089
10946.4	0.06236489731270889
10948.0	-0.33211540268729106
10949.7	-0.21550130268729104
10951.4	-0.2283202926872911
10953.0	-0.09553450268729105
10954.7	-0.31392530268729113
10956.4	-0.4049257026872911
10958.0	-0.5854069826872911
10959.7	-0.22752221268729111
10961.4	-0.26433200268729107
10963.0	0.12189439731270879
10964.7	0.17712417731270882
10966.4	0.28349839731270887
10968.0	0.06948549731270884
10969.7	0.20147279731270892
10971.4	0.47957869731270897
10973.0	0.886575197312709
10974.7	0.6624867273127089
10976.4	0.773339197312709
10978.1	0.28676540731270894
10979.7	0.002222167312708834
10981.4	-0.13206360268729114
10983.1	0.04763399731270899
10984.7	0.3197286973127088
10986.4	0.7302675973127087
10988.1	0.7631999973127087
10989.7	1.1213154973127089
10991.4	1.321649397312709
10993.1	1.573402797312709
10994.7	1.4246375973127088
10996.4	1.1902846573127088
10998.1	0.5761397973127089
10999.7	0.3311735973127089
11001.4	0.17253183731270902
11003.1	0.32423159731270895
11004.7	0.4845787073127089
11006.4	0.7508089973127088
11008.1	0.5995837973127088
11009.7	0.8415595973127088
11011.4	0.849591317312709
11013.1	1.0818794973127088
11014.7	1.155631997312709
11016.4	1.076814397312709
11018.1	0.8397894973127087
11019.7	1.105299407312709
11021.4	1.0110616273127089
11023.1	1.445995648312709
11024.8	1.5403413973127091
11026.4	1.364536897312709
11028.1	0.9156303973127089
11029.8	0.44158017731270893
11031.4	-0.22904090268729113
11033.1	-0.14336526268729116
11034.8	-0.23254170268729113
11036.4	0.09666229731270888
11038.1	0.42594899731270885
11039.8	0.8099233973127091
11041.4	0.8799216973127088
11043.1	0.7912401473127089
11044.8	0.6149553973127089
11046.4	0.7185643973127087
11048.1	0.6091105973127089
11049.8	0.6132152673127089
11051.4	0.593033397312709
11053.1	0.8448673973127088
11054.8	0.6423745438127089
11056.4	0.7795593973127088
11058.1	0.8934420973127087
11059.8	1.2026911973127088
11061.4	1.372313997312709
11063.1	1.8279905973127086
11064.8	1.6891404973127089
11066.4	1.6607985973127086
11068.1	1.0222907973127087
11069.8	0.9159226973127088
11071.5	0.728912087312709
11073.1	0.9017082973127091
11074.8	0.8860126273127091
11076.5	1.1293331973127088
11078.1	0.9128350773127089
11079.8	0.7179242973127089
11081.5	0.4988266973127088
11083.1	0.799241997312709
11084.8	0.777644497312709
11086.5	1.0144395773127086
11088.1	1.115159197312709
11089.8	1.0634774973127086
11091.5	1.036432897312709
11093.1	1.097891197312709
11094.8	0.8495097973127089
11096.5	0.9048322973127092
11098.1	0.6364554973127088
11099.8	0.572633897312709
11101.5	0.5489274973127088
11103.1	0.619275307312709
11104.8	0.4641057573127091
11106.5	0.568603697312709
11108.1	0.08866539731270887
11109.8	-0.26283460268729103
11111.5	-0.6431048026872912
11113.1	-0.753127602687291
11114.8	-1.1246078026872914
11116.5	-0.7844464026872909
11118.2	-0.524446602687291
11119.8	0.0947336773127089
11121.5	0.5817151073127089
11123.2	0.9807194173127088
11124.8	0.7311521173127089
11126.5	0.4879178973127088
11128.2	-0.3806557726872912
11129.8	-0.7453102326872912
11131.5	-1.0130338426872911
11133.2	-1.0805817026872913
11134.8	-0.9904398026872909
11136.5	-0.7925352026872912
11138.2	-0.7239542426872911
11139.8	-0.29982230268729115
11141.5	-0.0120973026872911
11143.2	0.5844758973127091
11144.8	1.0222579973127088
11146.5	1.237875597312709
11148.2	1.0180366973127088
11149.8	0.4289433973127089
11151.5	-0.45610110268729115
11153.2	-0.9359629026872911
11154.8	-1.2225047926872912
11156.5	-0.8944556926872911
11158.2	-0.379278202687291
11159.9	0.18520059731270883
11161.5	0.2656907973127087
11163.2	0.2630693973127089
11164.9	-0.017274302687291042
11166.5	-0.20399230268729104
11168.2	-0.6877514026872912
11169.9	-0.969001902687291
11171.5	-1.356352302687291
11173.2	-1.1485168026872912
11174.9	-0.952992602687291
11176.5	-0.2772141026872911
11178.2	0.20422839731270898
11179.9	0.7403393973127089
11181.5	0.733788397312709
11183.2	0.9453063973127088
11184.9	0.7635363973127088
11186.5	0.8175553973127088
11188.2	0.8042247973127088
11189.9	0.958451797312709
11191.5	0.6725258973127091
11193.2	0.780314097312709
11194.9	0.5544777973127089
11196.5	0.3067841973127089
11198.2	-0.13720580268729116
11199.9	-0.6229460026872911
11201.5	-0.849645502687291
11203.2	-0.48341400268729107
11204.9	-0.14775339268729115
11206.6	0.5801909573127089
11208.2	0.9349326373127089
11209.9	1.1021263973127087
11211.6	0.8792458973127089
11213.2	0.751589497312709
11214.9	0.5119550973127088
11216.6	0.5768282973127089
11218.2	0.5858545873127092
11219.9	0.6315196973127088
11221.6	0.2282936173127089
11223.2	0.21644569731270896
11224.9	0.07416949731270886
11226.6	0.16824684731270895
11228.2	0.26385429731270893
11229.9	0.4844446973127088
11231.6	0.6860613973127089
11233.2	1.135664897312709
11234.9	1.0716123973127085
11236.6	1.3146293973127088
11238.2	1.1403491973127087
11239.9	0.8720281973127089
11241.6	0.19017523731270888
11243.2	-0.28213200268729105
11244.9	-1.0742271026872912
11246.6	-1.503021002687291
11248.2	-1.8808547026872908
11249.9	-1.8302767566872908
11251.6	-1.672250502687291
11253.3	-0.9963120726872912
11254.9	-0.6419027026872911
11256.6	-0.028904642687291114
11258.3	0.12743869731270885
11259.9	0.15379819731270886
11261.6	0.090258381312709
11263.3	0.33200659731270904
11264.9	0.5039002873127091
11266.6	0.9798044773127088
11268.3	0.969970197312709
11269.9	1.056597897312709
11271.6	0.7643795973127089
11273.3	0.7747060973127091
11274.9	0.49645069731270863
11276.6	0.885980197312709
11278.3	0.9180471973127087
11279.9	1.0113565473127089
11281.6	0.5408868973127088
11283.3	0.20206039731270886
11284.9	-0.5517346026872911
11286.6	-0.7677435026872912
11288.3	-0.9760687026872912
11289.9	-0.5802415126872912
11291.6	-0.12730268268729095
11293.3	0.5996474473127089
11294.9	0.8187076073127091
11296.6	1.069429657312709
11298.3	0.7941144973127088
11300.0	0.4532180073127089
11301.6	0.0807885973127089
11303.3	-0.05634480268729103
11305.0	-0.2704579226872911
11306.6	-0.024569602687291116
11308.3	-0.04081610268729112
11310.0	0.24512549731270888
11311.6	0.3408486673127088
11313.3	0.7194954973127088
11315.0	0.7567641973127089
11316.6	0.8521203973127088
11318.3	0.726325697312709
11320.0	0.549885597312709
11321.6	0.18625579731270883
11323.3	0.12991709731270892
11325.0	-0.2933446026872911
11326.6	-0.1720116026872911
11328.3	-0.14790660268729106
11330.0	0.10296999731270899
11331.6	0.4565772973127089
11333.3	0.6923772973127089
11335.0	0.6756322973127086
11336.6	0.6696614973127091
11338.3	0.22152589731270886
11340.0	-0.07959230268729105
11341.7	-0.570172802687291
11343.3	-0.7199098826872911
11345.0	-0.8154253926872912
11346.7	-0.5882343026872912
11348.3	-0.3476375026872912
11350.0	-0.03369240268729103
11351.7	0.020133097312708913
11353.3	0.20639779731270896
11355.0	0.1727013973127089
11356.7	0.5017589973127087
11358.3	0.9938624973127087
11360.0	1.510424997312709
11361.7	1.6065806973127088
11363.3	1.639025297312709
11365.0	1.4264689273127091
11366.7	1.402738267312709
11368.3	1.123400497312709
11370.0	0.699064997312709
11371.7	0.20779769731270886
11373.3	0.024872817312708982
11375.0	-0.25825016268729106
11376.7	0.2249798973127089
11378.3	0.669218697312709
11380.0	1.245605017312709
11381.7	1.3086265973127091
11383.3	1.285251297312709
11385.0	0.900301997312709
11386.7	0.7072114973127089
11388.4	0.3195158973127092
11390.0	0.28199799731270897
11391.7	-0.08851490268729108
11393.4	-0.2800934026872911
11395.0	-0.5582217026872911
11396.7	-0.6670793026872911
11398.4	-0.985461502687291
11400.0	-1.0352269026872913
11401.7	-1.0482522026872911
11403.4	-0.5529982026872909
11405.0	0.02471059731270886
11406.7	0.7008515973127087
11408.4	1.277332597312709
11410.0	1.5867245973127087
11411.7	1.3188770973127089
11413.4	1.2543568973127086
11415.0	0.9780403973127086
11416.7	1.0935483973127087
11418.4	1.517432397312709
11420.0	1.811328397312709
11421.7	1.961676397312709
11423.4	1.8371260973127093
11425.0	1.2452303973127088
11426.7	0.8065690973127089
11428.4	0.4456802973127088
11430.0	0.3429047073127089
11431.7	0.5276791173127089
11433.4	0.795715397312709
11435.1	0.6948447973127088
11436.7	0.7302296973127088
11438.4	0.821333497312709
11440.1	1.419949597312709
11441.7	1.9502136973127093
11443.4	2.3402993973127084
11445.1	2.423063797312709
11446.7	2.222700897312709
11448.4	1.5984163973127088
11450.1	1.2052274973127088
11451.7	0.8866067973127091
11453.4	0.7597931973127088
11455.1	0.43633949731270893
11456.7	-0.0837840026872911
11458.4	-0.04815160268729102
11460.1	0.2954358273127089
11461.7	0.656231097312709
11463.4	1.170750297312709
11465.1	1.5871334973127087
11466.7	1.441805097312709
11468.4	0.9874109973127091
11470.1	0.38104215731270885
11471.7	-0.16604620268729117
11473.4	-0.3852305026872912
11475.1	-0.537862602687291
11476.7	-0.256866802687291
11478.4	0.12424714731270878
11480.1	0.6213478973127089
11481.8	0.8823849973127089
11483.4	0.8524235973127088
11485.1	0.6253766473127088
11486.8	0.434590397312709
11488.4	0.226992197312709
11490.1	0.586452637312709
11491.8	0.4202095973127089
11493.4	0.3811258873127089
11495.1	-0.10442400268729109
11496.8	-0.5446005026872911
11498.4	-1.0423147026872912
11500.1	-0.8793050426872911
11501.8	-0.5133591756872911
11503.4	0.32235739731270885
11505.1	0.5644862973127089
11506.8	0.7758737973127088
11508.4	0.4656864973127088
11510.1	0.4625237973127089
11511.8	0.08039489731270884
11513.4	-0.05698680268729115
11515.1	-0.1907810026872911
11516.8	-0.03608230268729118
11518.4	-0.020045302687291055
11520.1	0.2285034173127089
11521.8	0.6937693973127089
11523.5	1.4860874973127092
11525.1	1.906851397312709
11526.8	2.374275797312709
11528.5	2.4238725973127093
11530.1	2.245197997312709
11531.8	1.5713553973127088
11533.5	0.9217778973127089
11535.1	0.44048789731270865
11536.8	0.6313494973127088
11538.5	0.833573697312709
11540.1	1.5055672173127088
11541.8	1.997540897312709
11543.5	2.2031992973127084
11545.1	1.776420497312709
11546.8	1.459902597312709
11548.5	1.0473645273127088
11550.1	0.9144165373127088
11551.8	0.692675897312709
11553.5	0.7373778973127089
11555.1	0.6061952973127092
11556.8	0.6447917973127091
11558.5	0.3925173973127089
11560.1	0.5458577973127087
11561.8	0.422192097312709
11563.5	0.13649839731270894
11565.1	-0.2088885026872911
11566.8	-0.32730260268729106
11568.5	-0.20821200268729118
11570.2	0.21330521731270907
11571.8	0.15321819731270897
11573.5	0.32820699731270897
11575.2	-0.013572902687291166
11576.8	-0.31025620268729115
11578.5	-0.36088210268729115
11580.2	0.12103089731270904
11581.8	0.684248487312709
11583.5	1.4782588973127087
11585.2	1.577001197312709
11586.8	1.5760113973127088
11588.5	1.1441615973127088
11590.2	0.6524737973127088
11591.8	0.0517497973127087
11593.5	-0.027921602687291002
11595.2	-0.32537796268729097
11596.8	-0.23375510268729113
11598.5	-0.4058488526872912
11600.2	-0.4974291326872911
11601.8	-0.5435819026872911
11603.5	-0.15296765068729123
11605.2	-0.055476102687291216
11606.8	0.40030969731270893
11608.5	0.28937849731270887
11610.2	0.3704159973127089
11611.8	0.210610697312709
11613.5	0.49483629731270895
11615.2	0.5507374173127091
11616.9	0.882538497312709
11618.5	0.579134197312709
11620.2	0.353876597312709
11621.9	-0.27216730268729106
11623.5	-0.4213850026872912
11625.2	-0.6436288026872912
11626.9	-0.4918194026872911
11628.5	-0.7347453026872912
11630.2	-0.8050718026872911
11631.9	-0.8696797026872909
11633.5	-0.5050191026872912
11635.2	-0.143712102687291
11636.9	0.457816597312709
11638.5	0.7187740973127088
11640.2	1.124428347312709
11641.9	0.7791942973127091
11643.5	0.5524524973127092
11645.2	0.05771819731270904
11646.9	-0.056167502687291114
11648.5	-0.37375180268729113
11650.2	-0.582091602687291
11651.9	-1.013230102687291
11653.5	-1.1104160026872911
11655.2	-1.554176402687291
11656.9	-1.4661764126872914
11658.5	-1.5217629126872911
11660.2	-0.915396102687291
11661.9	-0.537760442687291
11663.6	0.1160650273127088
11665.2	0.25239099731270886
11666.9	0.5122370973127087
11668.6	0.3357207973127089
11670.2	0.060431137312708924
11671.9	-0.5445903026872913
11673.6	-0.855965202687291
11675.2	-1.2134150026872912
11676.9	-0.9383495026872911
11678.6	-0.653959184987291
11680.2	-0.1784932026872911
11681.9	0.062137797312708944
11683.6	0.18482158731270895
11685.2	-0.06016930268729106
11686.9	-0.22839930268729117
11688.6	-0.297794702687291
11690.2	-0.12490080268729109
11691.9	0.10741549731270897
11693.6	0.3558380973127089
11695.2	0.43039849731270896
11696.9	0.36929639731270897
11698.6	0.23555824731270897
11700.2	0.24021752731270896
11701.9	0.03793599731270898
11703.6	-0.13324760268729108
11705.3	-0.537483802687291
11706.9	-0.7898942026872912
11708.6	-1.1676977026872912
11710.3	-1.2229999026872913
11711.9	-0.9808263826872912
11713.6	-0.16137721268729105
11715.3	0.6045537973127091
11716.9	1.3401873973127088
11718.6	1.4591473973127091
11720.3	1.3763989973127089
11721.9	0.6054053973127089
11723.6	0.03405889731270888
11725.3	-0.3605557526872911
11726.9	-0.11033190268729101
11728.6	-0.024157402687291142
11730.3	0.3600699973127089
11731.9	0.785072897312709
11733.6	1.1699302973127086
11735.3	1.281946697312709
11736.9	1.656878597312709
11738.6	1.4534398653127085
11740.3	1.5423340973127089
11741.9	1.242974807312709
11743.6	1.105809597312709
11745.3	0.7578004973127089
11746.9	0.5111057973127091
11748.6	-0.005686042687291115
11750.3	-0.46432730268729117
11752.0	-1.2135452026872913
11753.6	-1.412062502687291
11755.3	-1.732773282687291
11757.0	-1.511726102687291
11758.6	-1.349185602687291
11760.3	-0.656638602687291
11762.0	0.2915410973127089
11763.6	1.1596338973127092
11765.3	1.501622197312709
11767.0	1.794583297312709
11768.6	1.683381897312709
11770.3	1.5586332973127088
11772.0	1.4013133973127088
11773.6	1.5518693973127091
11775.3	1.6099841973127091
11777.0	1.7755610473127086
11778.6	1.9473819973127093
11780.3	1.963781597312709
11782.0	1.8949064973127085
11783.6	1.438669567312709
11785.3	0.6678943973127088
11787.0	0.08913839731270903
11788.6	-0.376716802687291
11790.3	-0.4782005026872911
11792.0	-0.06930760268729111
11793.6	0.3509117273127089
11795.3	0.582812197312709
11797.0	0.44258825731270884
11798.7	-0.0937732626872911
11800.3	-0.25796722268729116
11802.0	-0.27389220268729114
11803.7	0.01977119731270891
11805.3	0.5447067973127089
11807.0	1.358412397312709
11808.7	1.8084931973127087
11810.3	1.8681707973127089
11812.0	1.7828155973127089
11813.7	1.682733397312709
11815.3	1.478654697312709
11817.0	1.508959697312709
11818.7	1.263067397312709
11820.3	1.472634497312709
11822.0	1.7232376973127086
11823.7	1.7079439973127086
11825.3	1.7737263973127084
11827.0	1.925412397312709
11828.7	1.7461453973127088
11830.3	1.885567797312709
11832.0	1.8004441973127094
11833.7	1.825056397312709
11835.3	1.6976493973127087
11837.0	1.338911397312709
11838.7	0.29490414731270886
11840.3	-0.39386170268729115
11842.0	-1.221818602687291
11843.7	-1.2242561026872913
11845.4	-0.8923499026872911
11847.0	0.05714929731270901
11848.7	0.9739655973127089
11850.4	2.0199743973127093
11852.0	2.227478997312709
11853.7	2.3997530973127086
11855.4	1.9370684973127088
11857.0	1.7055216973127088
11858.7	1.2713517973127089
11860.4	1.409464197312709
11862.0	1.439038597312709
11863.7	1.6634893973127087
11865.4	1.5988553973127089
11867.0	1.530378397312709
11868.7	1.4213333973127091
11870.4	1.467092797312709
11872.0	1.410963397312709
11873.7	1.6296582973127092
11875.4	1.517228837312709
11877.0	1.3236627973127089
11878.7	1.1388765973127088
11880.4	1.073994197312709
11882.0	1.194665897312709
11883.7	1.5409776973127092
11885.4	1.753599397312709
11887.1	1.959352297312709
11888.7	2.125612897312709
11890.4	2.3706973973127092
11892.1	2.288267697312709
11893.7	2.060882027312709
11895.4	1.654994797312709
11897.1	1.3617775973127089
11898.7	1.011792297312709
11900.4	0.684483597312709
11902.1	0.4239344973127091
11903.7	0.6009419973127089
11905.4	0.7360141973127089
11907.1	1.093934097312709
11908.7	1.530879997312709
11910.4	1.7208675973127092
11912.1	1.450996297312709
11913.7	1.1306814973127088
11915.4	0.664026497312709
11917.1	0.5046804973127089
11918.7	0.4713877873127087
11920.4	0.5877534973127089
11922.1	0.23302389731270887
11923.7	-0.005192602687291126
11925.4	-0.596870102687291
11927.1	-0.6364075026872911
11928.7	-0.5692791926872911
11930.4	-0.06821970268729109
11932.1	0.2343499773127089
11933.8	1.037534337312709
11935.4	1.0200775973127088
11937.1	1.5497171773127085
11938.8	1.6845853973127087
11940.4	1.8171603973127088
11942.1	1.5967143973127087
11943.8	1.304781397312709
11945.4	0.816589797312709
11947.1	0.9297596973127089
11948.8	0.866736397312709
11950.4	1.440345397312709
11952.1	1.885905397312709
11953.8	2.0726273973127087
11955.4	1.936045797312709
11957.1	1.511580297312709
11958.8	1.0904948973127087
11960.4	0.853054707312709
11962.1	0.2545595973127089
11963.8	-0.005019702687291039
11965.4	-0.7039666026872912
11967.1	-0.9562697726872911
11968.8	-1.103972402687291
11970.4	-0.6416047226872914
11972.1	-0.025803202687291193
11973.8	0.675307297312709
11975.4	0.549563397312709
11977.1	0.47302259731270874
11978.8	-0.11071250268729113
11980.5	-0.13917210268729127
11982.1	-0.05801070268729105
11983.8	0.3475738973127088
11985.5	0.7702858973127089
11987.1	0.8652375973127089
11988.8	0.7053894973127088
11990.5	0.8702219973127088
11992.1	0.5842083973127089
11993.8	0.789730997312709
11995.5	0.5337108973127089
11997.1	0.3280993973127088
11998.8	0.182847397312709
12000.5	0.1634249973127089
12002.1	-0.01993510268729102
12003.8	0.2416881973127089
12005.5	-0.17720200268729108
12007.1	-0.08975150268729112
12008.8	-0.5780136026872912
12010.5	-0.5229821026872911
12012.1	-0.672706202687291
12013.8	-0.4957595026872911
12015.5	-0.4931077026872911
12017.1	-0.3180187026872911
12018.8	-0.45029120268729095
12020.5	-0.28099360268729107
12022.1	-0.2663157026872911
12023.8	-0.11023310268729117
12025.5	-0.2161966026872911
12027.2	-0.2528106026872911
12028.8	-0.6305130026872909
12030.5	-0.9425397026872913
12032.2	-1.1345552026872912
12033.8	-1.0090841026872912
12035.5	-0.7832381026872911
12037.2	-0.27002665268729115
12038.8	0.014835397312708842
12040.5	0.2250158973127089
12042.2	0.03284159731270884
12043.8	-0.02187760268729102
12045.5	-0.2590437026872911
12047.2	0.015377197312708812
12048.8	0.2243141973127088
12050.5	0.4764899973127088
12052.2	0.8767772973127089
12053.8	1.257754397312709
12055.5	1.314611597312709
12057.2	1.532926997312709
12058.8	1.162925720312709
12060.5	0.764973197312709
12062.2	0.052922097312709096
12063.8	-0.6786616026872911
12065.5	-0.9715311026872909
12067.2	-0.5232073026872911
12068.9	0.48045399731270894
12070.5	1.8033304973127087
12072.2	2.349764297312709
12073.9	2.516092397312709
12075.5	2.0035170973127086
12077.2	1.393671497312709
12078.9	0.906378297312709
12080.5	0.5549197973127089
12082.2	0.1692703973127089
12083.9	0.24912325931270893
12085.5	-0.19607220268729106
12087.2	0.01878059731270896
12088.9	0.583691647312709
12090.5	1.054474397312709
12092.2	1.233381397312709
12093.9	1.3502693273127089
12095.5	0.995748397312709
12097.2	1.2408203973127088
12098.9	0.9834609973127086
12100.5	1.1332062973127088
12102.2	1.135656797312709
12103.9	1.0108038973127091
12105.5	0.7341427973127089
12107.2	0.9439383973127088
12108.9	0.9846493073127089
12110.5	1.0107963973127088
12112.2	0.4128684773127088
12113.9	0.305867657312709
12115.6	0.1630338773127089
12117.2	0.5169443973127088
12118.9	0.8991604973127091
12120.6	1.5158543973127092
12122.2	1.7283753973127092
12123.9	1.807435297312709
12125.6	1.4443208973127093
12127.2	1.394787597312709
12128.9	1.108071397312709
12130.6	0.870328397312709
12132.2	0.3572681673127089
12133.9	0.16222349731270896
12135.6	-0.20550250268729103
12137.2	-0.101757802687291
12138.9	-0.1631876026872911
12140.6	0.21901259731270883
12142.2	0.41871359731270896
12143.9	0.4312040973127088
12145.6	0.410762897312709
12147.2	0.9509883973127089
12148.9	1.1660057973127091
12150.6	1.6352864973127086
12152.2	1.2164443973127093
12153.9	0.906439597312709
12155.6	0.5115713973127092
12157.2	0.28028169731270886
12158.9	0.15648359731270886
12160.6	0.6609714973127089
12162.3	0.9539410973127088
12163.9	1.3186465973127088
12165.6	1.1730621973127089
12167.3	1.0860869973127087
12168.9	0.7669665973127089
12170.6	0.47298219731270874
12172.3	0.04267909731270878
12173.9	-0.15887620268729127
12175.6	-0.038994602687291116
12177.3	0.3872957973127088
12178.9	0.8077452973127087
12180.6	1.147006797312709
12182.3	1.0441821973127088
12183.9	0.5089318973127088
12185.6	-0.22105054268729107
12187.3	-0.9794563026872909
12188.9	-1.5210186026872914
12190.6	-1.334279002687291
12192.3	-1.1328870026872913
12193.9	-0.6243428426872912
12195.6	-0.3828261026872911
12197.3	0.298434697312709
12198.9	0.8929824473127089
12200.6	1.7502524973127087
12202.3	2.250420797312709
12203.9	2.707472347312709
12205.6	2.4550797973127088
12207.3	2.043190897312709
12209.0	1.413875597312709
12210.6	1.3867676973127088
12212.3	1.2871410973127089
12214.0	1.3315271973127092
12215.6	1.328009897312709
12217.3	1.577221697312709
12219.0	1.5565096973127088
12220.6	1.604503697312709
12222.3	1.4108973973127088
12224.0	1.0214359973127085
12225.6	0.564321397312709
12227.3	0.4235645973127088
12229.0	0.6138567973127088
12230.6	1.3419564973127092
12232.3	1.4488894973127089
12234.0	1.5308496973127093
12235.6	1.260055427312709
12237.3	0.859802997312709
12239.0	0.5548892973127089
12240.6	0.5308943973127089
12242.3	0.697649997312709
12244.0	0.9358517973127091
12245.6	1.0138841973127088
12247.3	1.1997550973127091
12249.0	1.2876904043127089
12250.7	1.503257097312709
12252.3	1.4078681803127087
12254.0	1.474378697312709
12255.7	1.460715197312709
12257.3	1.343532397312709
12259.0	1.230275707312709
12260.7	0.9969662773127089
12262.3	0.34544405731270894
12264.0	0.11574649731270895
12265.7	-0.18734020268729118
12267.3	-0.08895130268729104
12269.0	0.21139259731270887
12270.7	0.409920477312709
12272.3	0.5930638773127088
12274.0	0.6825737973127091
12275.7	0.23676759731270894
12277.3	0.23513859731270886
12279.0	-0.1721319026872911
12280.7	-0.37250350268729104
12282.3	-0.7219056026872911
12284.0	-0.6277078026872911
12285.7	-0.6716617026872912
12287.3	-0.44482670268729113
12289.0	-0.5208261026872911
12290.7	-0.4523949026872911
12292.3	-0.5220863446872912
12294.0	-0.2313971326872911
12295.7	-0.33891402268729115
12297.4	0.332218797312709
12299.0	0.5279723973127088
12300.7	0.4015446973127091
12302.4	0.23764389731270885
12304.0	-0.13102413268729113
12305.7	-0.14942759268729108
12307.4	0.5897398973127089
12309.0	0.9459576973127088
12310.7	1.4970264973127088
12312.4	1.4001863973127089
12314.0	0.7814095973127089
12315.7	0.19238859731270888
12317.4	-0.03824580268729101
12319.0	0.007026797312708888
12320.7	0.6289831973127088
12322.4	0.8186602973127088
12324.0	1.0002873973127087
12325.7	0.6478447973127088
12327.4	0.16623169731270898
12329.0	-0.2912441026872912
12330.7	-0.4393824726872911
12332.4	-0.3511255026872909
12334.0	-0.15951790268729119
12335.7	-0.2730173016872911
12337.4	-0.49055917268729116
12339.0	-1.115434502687291
12340.7	-1.3439790026872909
12342.4	-1.216630836687291
12344.1	-0.25702100268729106
12345.7	0.8740993973127089
12347.4	1.7534351973127091
12349.1	2.4066287973127087
12350.7	2.7207062973127094
12352.4	2.298018697312709
12354.1	2.263628497312709
12355.7	1.9831309973127087
12357.4	1.715694747312709
12359.1	1.237512997312709
12360.7	0.6351966973127089
12362.4	0.17168249731270896
12364.1	0.03013154731270897
12365.7	-0.574400102687291
12367.4	-0.787130202687291
12369.1	-0.801243302687291
12370.7	-0.4993234026872912
12372.4	-0.21008030268729105
12374.1	0.43064989731270875
12375.7	0.8825692973127088
12377.4	1.355373197312709
12379.1	1.2253019973127088
12380.7	1.106789797312709
12382.4	0.5353746973127089
12384.1	0.5524038973127088
12385.7	-0.050802602687290796
12387.4	-0.1892056026872908
12389.1	-0.4306825026872911
12390.8	-0.4994920026872913
12392.4	-0.5336611726872912
12394.1	0.1537913973127087
12395.8	0.4000319973127088
12397.4	1.3449804973127086
12399.1	1.684782497312709
12400.8	1.8002087973127086
12402.4	1.741304687312709
12404.1	1.5702152773127087
12405.8	1.3095929973127087
12407.4	1.6205243973127086
12409.1	1.6934442973127086
12410.8	1.7026658973127087
12412.4	1.5851581973127091
12414.1	1.1630518973127093
12415.8	0.43775939731270874
12417.4	0.13138779731270897
12419.1	0.03242166731270881
12420.8	0.2788979073127088
12422.4	0.5084029973127089
12424.1	0.18819819731270884
12425.8	-0.35537070268729126
12427.4	-0.8878084026872912
12429.1	-1.4774383426872908
12430.8	-1.418796502687291
12432.5	-1.2201551026872912
12434.1	-0.971048202687291
12435.8	-0.7648768026872912
12437.5	-0.739743942687291
12439.1	-0.424145102687291
12440.8	0.08206559731270895
12442.5	0.8169831373127089
12444.1	1.553652997312709
12445.8	2.012287697312709
12447.5	2.071900657312709
12449.1	2.0646329473127087
12450.8	1.865145097312709
12452.5	1.6068720973127089
12454.1	1.422017357312709
12455.8	1.345025697312709
12457.5	1.156920597312709
12459.1	0.794217427312709
12460.8	0.5491033973127089
12462.5	0.44507339731270895
12464.1	0.6516479973127091
12465.8	0.877849697312709
12467.5	1.437869397312709
12469.1	2.1007603973127087
12470.8	2.8560222973127085
12472.5	2.7860104973127084
12474.1	2.5340620273127086
12475.8	1.4091363973127087
12477.5	0.1412478273127089
12479.2	-0.9983003026872911
12480.8	-1.363798832687291
12482.5	-1.2646580026872911
12484.2	-0.305662582687291
12485.8	0.13428899731270888
12487.5	0.44870289731270885
12489.2	0.20705519731270888
12490.8	0.034158597312709024
12492.5	-0.2511969026872911
12494.2	-0.154147102687291
12495.8	-0.0011188026872912538
12497.5	0.5600556973127089
12499.2	1.038612897312709
12500.8	1.2951993973127087
12502.5	1.0681604973127088
12504.2	1.0712216973127089
12505.8	0.637698897312709
12507.5	0.34725279731270897
12509.2	0.15696429731270883
12510.8	0.30972059731270907
12512.5	0.5488360523127088
12514.2	0.950668697312709
12515.8	1.103337397312709
12517.5	1.3807642973127092
12519.2	1.1278970973127087
12520.8	0.8141068973127087
12522.5	0.04523709731270893
12524.2	-0.3866543026872912
12525.9	-0.7207220026872911
12527.5	-0.8449723026872913
12529.2	-1.006983602687291
12530.9	-1.258157402687291
12532.5	-1.834838702687291
12534.2	-1.746075902687291
12535.9	-1.334939902687291
12537.5	-0.08720312268729113
12539.2	1.027322297312709
12540.9	1.8297131973127094
12542.5	1.6538383973127089
12544.2	1.1379782973127088
12545.9	0.3157207973127088
12547.5	0.3463430973127089
12549.2	0.707133397312709
12550.9	1.394963197312709
12552.5	1.4461094973127089
12554.2	1.2931053973127091
12555.9	0.674683597312709
12557.5	0.02739859731270875
12559.2	-0.370155402687291
12560.9	-0.5873582026872908
12562.5	-0.9158816026872911
12564.2	-0.9308536026872909
12565.9	-1.171824502687291
12567.5	-0.9189544026872911
12569.2	-0.5243926026872912
12570.9	0.05016769731270894
12572.6	0.5558243073127089
12574.2	1.164289597312709
12575.9	1.161474197312709
12577.6	1.509825597312709
12579.2	1.2240203973127088
12580.9	1.273095097312709
12582.6	1.2522625973127088
12584.2	1.6767142973127087
12585.9	1.7832184973127088
12587.6	2.217834197312709
12589.2	1.9574704973127086
12590.9	1.721742697312709
12592.6	1.205714397312709
12594.2	0.9660733973127087
12595.9	0.8402849973127088
12597.6	1.309581497312709
12599.2	1.2053485473127088
12600.9	1.4221981973127087
12602.6	1.4522064973127087
12604.2	1.0218638973127088
12605.9	0.48654449731270893
12607.6	-0.005842602687290999
12609.2	-0.381043312687291
12610.9	-0.26547160268729125
12612.6	-0.146754602687291
12614.3	0.3929133973127089
12615.9	0.865791097312709
12617.6	1.433102397312709
12619.3	1.2513875973127089
12620.9	1.1103164973127089
12622.6	0.7862027973127089
12624.3	0.5356127973127089
12625.9	0.23169419731270896
12627.6	0.12274119731270887
12629.3	-0.24608989268729126
12630.9	-0.15917936268729121
12632.6	-0.7768877026872912
12634.3	-0.8692681826872912
12635.9	-0.9804064026872912
12637.6	-0.5080359026872913
12639.3	0.12351019731270885
12640.9	0.989025297312709
12642.6	1.357159027312709
12644.3	1.5825571573127086
12645.9	1.072977297312709
12647.6	0.7607057973127089
12649.3	0.4169321973127089
12650.9	0.646478597312709
12652.6	0.865442297312709
12654.3	1.254138397312709
12655.9	1.2848725973127089
12657.6	1.2310412973127087
12659.3	0.5811835973127091
12661.0	-0.11677440268729103
12662.6	-0.7404222026872911
12664.3	-0.6568038026872911
12666.0	-0.4760745026872911
12667.6	0.20039239731270894
12669.3	0.47015719731270894
12671.0	0.785537897312709
12672.6	0.6370914973127089
12674.3	0.3552323973127089
12676.0	-0.0198306026872912
12677.6	0.6480034973127088
12679.3	1.086391197312709
12681.0	1.8511732973127089
12682.6	1.9500149973127088
12684.3	2.100835997312709
12686.0	1.5826944973127088
12687.6	1.303667697312709
12689.3	0.8266635373127087
12691.0	0.8917367973127087
12692.6	0.9304617073127087
12694.3	1.4149716973127089
12696.0	1.7736228973127086
12697.6	2.2391565973127086
12699.3	2.402534397312709
12701.0	2.727423647312709
12702.6	2.7224545973127086
12704.3	2.752594197312709
12706.0	2.2084819973127088
12707.7	1.5953949973127088
12709.3	0.8906360973127085
12711.0	-0.14329600268729115
12712.7	-0.979273702687291
12714.3	-1.180394372687291
12716.0	-1.3760754026872908
12717.7	-0.7772486026872911
12719.3	-0.45587060268729085
12721.0	-0.138410202687291
12722.7	0.375912297312709
12724.3	0.7206219073127089
12726.0	1.088448697312709
12727.7	1.471329497312709
12729.3	1.420196397312709
12731.0	1.414421397312709
12732.7	1.3006393973127088
12734.3	1.529885337312709
12736.0	1.7238846973127089
12737.7	2.250196397312709
12739.3	2.455716277312709
12741.0	2.0771123973127086
12742.7	1.0648965973127091
12744.3	0.15645470731270888
12746.0	-0.7454284626872909
12747.7	-0.5949506026872912
12749.3	-0.6309319026872912
12751.0	-0.302686002687291
12752.7	-0.19453520268729113
12754.4	-0.142848902687291
12756.0	-0.45946650268729117
12757.7	0.128113167312709
12759.4	0.5198282973127089
12761.0	1.138857997312709
12762.7	1.352630397312709
12764.4	1.2668563973127085
12766.0	0.5024777973127087
12767.7	-0.1389142026872911
12769.4	-1.089677402687291
12771.0	-1.441557202687291
12772.7	-1.6422986026872912
12774.4	-1.439227902687291
12776.0	-1.1967614026872913
12777.7	-0.7624784326872911
12779.4	-0.9516959326872911
12781.0	-0.6206246026872911
12782.7	-0.27858890268729125
12784.4	0.413388897312709
12786.0	1.291869297312709
12787.7	1.917863207312709
12789.4	1.918923397312709
12791.0	1.6270303973127092
12792.7	0.6026416973127088
12794.4	0.036140397312708974
12796.1	-0.678380102687291
12797.7	-0.8247782526872911
12799.4	-0.4167306026872911
12801.1	0.154335397312709
12802.7	0.5816448973127091
12804.4	0.985473697312709
12806.1	0.584920397312709
12807.7	0.34181659731270886
12809.4	-0.3566026026872914
12811.1	-0.339466602687291
12812.7	-0.09672110268729091
12814.4	0.39188579731270895
12816.1	0.5442618973127089
12817.7	0.49282759731270886
12819.4	-0.3025228126872912
12821.1	-0.9455142426872911
12822.7	-1.8154668026872909
12824.4	-2.1180453026872907
12826.1	-2.262250502687291
12827.7	-1.9679682026872913
12829.4	-1.650713602687291
12831.1	-1.2224563026872912
12832.7	-0.6441464026872911
12834.4	0.012209197312708753
12836.1	0.6563533973127091
12837.7	1.3071031973127092
12839.4	1.428669097312709
12841.1	1.4002813573127093
12842.8	0.981921097312709
12844.4	0.23675459731270898
12846.1	-0.19334160268729103
12847.8	-0.39740340268729113
12849.4	-0.26739410268729114
12851.1	0.452953797312709
12852.8	0.9263433973127089
12854.4	1.1587943973127088
12856.1	0.8453881973127085
12857.8	0.691299697312709
12859.4	0.5067169973127088
12861.1	0.768473197312709
12862.8	1.1122003973127088
12864.4	1.3929458973127091
12866.1	1.454480597312709
12867.8	1.648237397312709
12869.4	1.419287697312709
12871.1	1.666556707312709
12872.8	1.7601103973127088
12874.4	1.895777097312709
12876.1	1.7977670673127086
12877.8	1.6540187863127087
12879.4	1.5659208973127088
12881.1	1.8356209973127087
12882.8	1.7663654973127088
12884.4	1.638779497312709
12886.1	1.245945597312709
12887.8	0.7941390973127088
12889.5	0.11212599731270881
12891.1	-0.33798828268729114
12892.8	-0.3513464026872911
12894.5	0.10895669731270888
12896.1	0.27034659731270894
12897.8	0.823106007312709
12899.5	1.133080497312709
12901.1	1.163478297312709
12902.8	1.176857877312709
12904.5	1.472857297312709
12906.1	1.6936953973127085
12907.8	2.090924597312708
12909.5	1.8916503973127088
12911.1	1.758581397312709
12912.8	1.220365597312709
12914.5	0.806645227312709
12916.1	0.635078397312709
12917.8	1.1539243673127089
12919.5	1.525526497312709
12921.1	1.979956897312709
12922.8	1.8768821873127088
12924.5	1.6213678373127087
12926.1	0.8429056973127091
12927.8	0.666881497312709
12929.5	0.45812859731270894
12931.1	0.5337315073127089
12932.8	0.1372521973127089
12934.5	-0.01100400268729107
12936.2	-0.3870760026872909
12937.8	-0.607840982687291
12939.5	-0.7436852326872911
12941.2	-0.2628624226872911
12942.8	-0.24035302268729106
12944.5	0.037922397312708876
12946.2	-0.18529990268729107
12947.8	-0.462357442687291
12949.5	-0.6181051026872911
12951.2	-0.7454449026872909
12952.8	-0.594215602687291
12954.5	0.28746339731270876
12956.2	0.8351206973127088
12957.8	1.4620945973127089
12959.5	1.8772079973127087
12961.2	1.959496397312709
12962.8	1.8665520973127088
12964.5	1.9120333973127088
12966.2	1.7221015973127087
12967.8	1.509586797312709
12969.5	1.176879497312709
12971.2	0.7332223973127092
12972.8	0.6780683973127091
12974.5	0.8207136973127092
12976.2	0.7723834973127089
12977.9	1.0912168773127093
12979.5	0.6114147973127089
12981.2	0.04511579731270885
12982.9	-0.8076339026872912
12984.5	-1.239163202687291
12986.2	-1.173047802687291
12987.9	-0.7884291026872908
12989.5	-0.7777166026872913
12991.2	-0.5427599026872911
12992.9	-0.832129802687291
12994.5	-0.8953981026872914
12996.2	-0.8171222026872911
12997.9	-0.060757702687291235
12999.5	0.6613933973127086
13001.2	1.378601997312709
13002.9	1.7765733973127091
13004.5	1.900797097312709
13006.2	1.658177797312709
13007.9	1.2849774973127088
13009.5	0.920211597312709
13011.2	0.5031483973127089
13012.9	0.11527759731270895
13014.5	0.09634479731270892
13016.2	0.295666797312709
13017.9	0.9314293973127089
13019.5	1.440404397312709
13021.2	1.782950997312709
13022.9	1.927778597312709
13024.6	1.3911420973127089
13026.2	0.4263551973127089
13027.9	-0.20334650268729101
13029.6	-0.6990474926872912
13031.2	-0.6422745026872914
13032.9	0.10793799731270885
13034.6	0.5855893973127089
13036.2	1.0001299973127091
13037.9	1.250160437312709
13039.6	0.9993315973127089
13041.2	1.143125597312709
13042.9	1.085993297312709
13044.6	0.940606397312709
13046.2	1.381174897312709
13047.9	1.5316102973127088
13049.6	1.5117765973127086
13051.2	1.5015881973127092
13052.9	1.0217069973127093
13054.6	0.6982780973127086
13056.2	0.23152239731270882
13057.9	-0.10237190268729113
13059.6	-0.13142890268729102
13061.2	0.006189397312708867
13062.9	0.14456319731270897
13064.6	0.717448117312709
13066.2	1.2299347973127088
13067.9	1.8634037973127093
13069.6	1.884430638312709
13071.3	1.662098707312709
13072.9	0.9571384073127088
13074.6	0.18604949731270892
13076.3	-0.8051906026872911
13077.9	-1.1819132026872912
13079.6	-1.4211043026872914
13081.3	-1.3134676026872911
13082.9	-1.145023102687291
13084.6	-0.6323272026872913
13086.3	-0.10724960268729125
13087.9	0.659576197312709
13089.6	1.2672700973127091
13091.3	2.0052310973127083
13092.9	2.1844462973127086
13094.6	2.1093206973127088
13096.3	1.897725897312709
13097.9	1.506134397312709
13099.6	1.0944925273127086
13101.3	1.0430088973127087
13102.9	0.528938597312709
13104.6	0.2905234973127089
13106.3	-0.5765824776872911
13107.9	-1.0665676626872909
13109.6	-1.1726129026872911
13111.3	-1.0480196026872912
13112.9	-0.762970102687291
13114.6	-0.20588550268729108
13116.3	0.11001099731270894
13118.0	0.3589122973127088
13119.6	0.2135239973127089
13121.3	0.358692397312709
13123.0	0.4045105973127091
13124.6	0.6785044973127091
13126.3	1.0774480973127087
13128.0	1.4698024973127088
13129.6	1.6106879973127086
13131.3	1.923878297312709
13133.0	1.7613699473127091
13134.6	1.7125313973127088
13136.3	1.468448497312709
13138.0	0.9829387973127087
13139.6	0.494132997312709
13141.3	0.21000189731270885
13143.0	-0.21406090268729133
13144.6	0.29890759731270894
13146.3	0.5135739973127087
13148.0	0.8833893973127088
13149.6	1.073795497312709
13151.3	0.7415373973127088
13153.0	0.20616549731270903
13154.6	-0.27746985268729096
13156.3	-0.9015322026872911
13158.0	-0.603237202687291
13159.7	-0.3155811026872911
13161.3	0.3964687973127089
13163.0	1.1358911973127088
13164.7	1.6271265973127094
13166.3	1.6412862973127091
13168.0	1.572353497312709
13169.7	1.2988054973127088
13171.3	1.2828991973127088
13173.0	1.076126097312709
13174.7	0.7943963973127091
13176.3	0.3157713973127091
13178.0	-0.2234601026872912
13179.7	-0.503710432687291
13181.3	-0.5579688026872912
13183.0	-0.4167159026872911
13184.7	-0.05954670268729112
13186.3	-0.22242950268729111
13188.0	-0.041888422687291135
13189.7	0.07120679731270885
13191.3	0.5710253973127088
13193.0	1.1073723973127088
13194.7	1.8928193973127088
13196.3	1.7911563973127091
13198.0	1.4187551173127086
13199.7	0.47911516731270876
13201.3	0.03318479731270876
13203.0	-0.2401524026872909
13204.7	0.1367340973127089
13206.4	0.47895509731270886
13208.0	1.136063467312709
13209.7	1.0935239873127087
13211.4	0.9106721973127089
13213.0	0.4473097973127089
13214.7	0.544558397312709
13216.4	0.6794178973127091
13218.0	0.9395283973127089
13219.7	1.4367349973127088
13221.4	1.877935397312709
13223.0	1.296593107312709
13224.7	0.8053904973127086
13226.4	-0.19610050268729107
13228.0	-0.304373702687291
13229.7	-0.17007030268729123
13231.4	0.37719339731270896
13233.0	0.8875710973127088
13234.7	1.6480558973127089
13236.4	1.229663707312709
13238.0	1.0587393973127086
13239.7	0.8031753973127088
13241.4	0.9652491873127088
13243.0	0.791321262312709
13244.7	0.6403553973127089
13246.4	0.46022739731270895
13248.0	0.396635797312709
13249.7	0.056039497312708964
13251.4	-0.02508699268729102
13253.1	0.22920779731270874
13254.7	0.4133550473127087
13256.4	0.4034032973127089
13258.1	-0.003311902687291024
13259.7	0.051927297312708995
13261.4	-0.12315400268729118
13263.1	-0.08669640268729104
13264.7	0.12067339731270899
13266.4	0.39079369731270897
13268.1	0.6502730973127087
13269.7	0.7331997373127087
13271.4	0.6458633973127086
13273.1	0.6899126973127089
13274.7	0.4800280973127089
13276.4	0.08662839731270897
13278.1	-0.16821990268729095
13279.7	-0.5617377026872913
13281.4	-0.894254802687291
13283.1	-1.0800590026872912
13284.7	-0.7558582026872911
13286.4	-0.3140717026872909
13288.1	0.24555089731270888
13289.7	0.7889679973127087
13291.4	1.1955090973127087
13293.1	1.253979397312709
13294.7	1.185691997312709
13296.4	0.9544432973127088
13298.1	1.202403197312709
13299.8	1.187868697312709
13301.4	1.083436397312709
13303.1	1.3439910973127087
13304.8	1.7802647973127086
13306.4	2.458864697312709
13308.1	3.2905052973127082
13309.8	3.7222748973127096
13311.4	4.1035374973127094
13313.1	3.8056857973127096
13314.8	3.3417617973127087
13316.4	3.091065397312709
13318.1	2.891668397312709
13319.8	2.6508013973127094
13321.4	2.450464397312709
13323.1	1.966417597312709
13324.8	1.422496997312709
13326.4	0.7354479973127088
13328.1	0.370785097312709
13329.8	-0.2484501026872913
13331.4	-0.13589510268729105
13333.1	-0.309311062687291
13334.8	-0.03351830268729108
13336.4	0.07118979731270883
13338.1	0.045161297312708994
13339.8	-0.36807460268729114
13341.5	-0.26633470268729104
13343.1	-0.48721200268729115
13344.8	-0.05590490268729122
13346.5	-0.02412520268729119
13348.1	0.29764239731270914
13349.8	0.24607339731270908
13351.5	0.29929139731270904
13353.1	0.267961597312709
13354.8	0.4696740973127088
13356.5	0.4264273973127091
13358.1	0.346699297312709
13359.8	-0.108576502687291
13361.5	-0.5279963026872914
13363.1	-0.7950913026872909
13364.8	-0.9157573026872908
13366.5	-0.729615002687291
13368.1	-0.635423592687291
13369.8	-0.6760942026872911
13371.5	-0.47829155268729107
13373.1	-0.565980702687291
13374.8	-0.47299320268729106
13376.5	-0.07782640268729106
13378.1	0.27687919731270894
13379.8	0.8764739973127089
13381.5	1.212746697312709
13383.1	1.065495797312709
13384.8	1.014375497312709
13386.5	0.29280410731270884
13388.2	-0.06173230268729113
13389.8	-0.3549385026872911
13391.5	-0.3078486026872911
13393.2	0.1128236973127088
13394.8	0.33976069731270886
13396.5	0.40000371731270884
13398.2	0.718100497312709
13399.8	0.838667097312709
13401.5	1.2259903973127089
13403.2	1.273465497312709
13404.8	1.430694897312709
13406.5	1.9180851673127086
13408.2	2.5138228273127092
13409.8	2.677288097312709
13411.5	3.0620152973127093
13413.2	3.190562697312709
13414.8	3.003059697312709
13416.5	2.4930336973127085
13418.2	1.9184153973127092
13419.8	0.9859493973127087
13421.5	0.524163497312709
13423.2	-0.3411069026872911
13424.8	-0.30638440268729117
13426.5	0.06641735731270892
13428.2	0.8162081973127091
13429.8	1.278160697312709
13431.5	1.5678143973127092
13433.2	1.044986497312709
13434.9	1.082208597312709
13436.5	0.7100206973127092
13438.2	0.797201797312709
13439.9	0.7343015973127088
13441.5	0.6017913973127087
13443.2	0.47350951731270874
13444.9	0.7488430973127087
13446.5	0.9991403973127089
13448.2	1.8497603973127092
13449.9	2.356559687312709
13451.5	2.520561897312709
13453.2	2.576235597312709
13454.9	2.537780297312709
13456.5	2.3669654973127088
13458.2	2.2625070873127084
13459.9	1.729850697312709
13461.5	0.989776597312709
13463.2	0.29770459731270893
13464.9	-0.4971344126872911
13466.5	-1.166174102687291
13468.2	-1.6813374026872911
13469.9	-2.451318602687291
13471.5	-2.2342513026872917
13473.2	-1.4377168026872913
13474.9	0.14250899731270888
13476.5	1.717822497312709
13478.2	2.742555697312709
13479.9	2.606199397312709
13481.6	1.6649951973127088
13483.2	0.43092139731270895
13484.9	0.06901639731270884
13486.6	0.09892829731270884
13488.2	0.37014052731270897
13489.9	0.13342519731270883
13491.6	0.3968112973127088
13493.2	0.2076538603127088
13494.9	0.12863849731270882
13496.6	0.3300175973127087
13498.2	0.744023997312709
13499.9	1.2047500973127088
13501.6	2.027341797312709
13503.2	2.6054133973127085
13504.9	3.5337133973127086
13506.6	3.319496997312709
13508.2	2.388459397312709
13509.9	1.2815768973127089
13511.6	0.15865989731270877
13513.2	-0.8570378026872911
13514.9	-1.170110802687291
13516.6	-1.346146602687291
13518.2	-1.232499402687291
13519.9	-0.9381876599872909
13521.6	-0.44375394268729107
13523.3	0.5838558973127089
13524.9	1.4224626473127089
13526.6	1.7528393373127087
13528.3	1.9386865973127088
13529.9	1.398536397312709
13531.6	0.7790365073127088
13533.3	0.29208217731270897
13534.9	-0.023516902687291185
13536.6	-0.05424330268729101
13538.3	0.1841626973127088
13539.9	0.036347397312708904
13541.6	0.231719697312709
13543.3	0.04104939731270907
13544.9	0.014895397312709058
13546.6	-0.016250602687291237
13548.3	-0.06772830268729094
13549.9	-0.2629491026872909
13551.6	-0.12699980268729122
13553.3	-0.3685007026872911
13554.9	-0.4073876026872913
13556.6	-0.19490735268729115
13558.3	0.42842639731270904
13559.9	1.2235593973127088
13561.6	1.982106097312709
13563.3	2.277554497312709
13564.9	2.668800697312709
13566.6	2.541772397312709
13568.3	1.9330792973127089
13570.0	1.6030386973127093
13571.6	1.2984013773127088
13573.3	1.085221954312709
13575.0	1.1866943973127089
13576.6	0.7664060973127089
13578.3	0.5975217973127089
13580.0	0.24719491731270896
13581.6	-0.20866970268729107
13583.3	-0.17417330268729114
13585.0	0.3463733973127089
13586.6	0.707663397312709
13588.3	1.100199897312709
13590.0	0.8484200973127087
13591.6	0.0690600973127089
13593.3	-0.7937107026872912
13595.0	-1.4363756026872911
13596.6	-1.7387286026872915
13598.3	-1.603709302687291
13600.0	-1.1684330026872913
13601.6	-0.7253221026872911
13603.3	-0.10544659268729095
13605.0	0.3023571973127087
13606.6	0.20778980731270885
13608.3	-0.038956602687291134
13610.0	-0.262064102687291
13611.6	-0.4913646026872911
13613.3	-0.353072902687291
13615.0	-0.028440202687291104
13616.7	0.30995551731270904
13618.3	0.8112540873127088
13620.0	0.4469429973127087
13621.7	0.2077678973127089
13623.3	-0.09892380268729131
13625.0	-0.4843266026872911
13626.7	-0.9318747026872914
13628.3	-0.963600302687291
13630.0	-0.9765135026872912
13631.7	-0.764614702687291
13633.3	-0.779242302687291
13635.0	-0.41560960268729097
13636.7	0.028977697312708894
13638.3	0.6117400973127087
13640.0	0.921052497312709
13641.7	1.4943155973127085
13643.3	1.6681927973127089
13645.0	1.6343632973127094
13646.7	1.1318603973127088
13648.3	0.4189636973127091
13650.0	-0.20549830268729113
13651.7	-0.6277576026872913
13653.3	-1.1259652026872913
13655.0	-0.8046531026872911
13656.7	-0.5608246026872911
13658.3	-0.4280150026872912
13660.0	-0.29070120268729116
13661.7	-0.1324396026872911
13663.4	0.24640339731270897
13665.0	0.8477877973127089
13666.7	0.902529197312709
13668.4	1.491060397312709
13670.0	1.7700011073127087
13671.7	1.9538892973127087
13673.4	1.8332214973127088
13675.0	2.090129997312709
13676.7	2.082292297312709
13678.4	2.311100497312709
13680.0	1.888267297312709
13681.7	1.9016305973127097
13683.4	1.228022397312709
13685.0	0.8330718873127088
13686.7	0.34381227031270917
13688.4	-0.030849602687291044
13690.0	-0.5446064026872912
13691.7	-0.6306405026872911
13693.4	-0.9380785026872911
13695.0	-0.9647372026872914
13696.7	-0.6886833186872909
13698.4	-0.18778960268729086
13700.0	0.5448553973127088
13701.7	0.6536988973127091
13703.4	0.2591080973127088
13705.0	-0.21740580268729107
13706.7	-0.2899888026872912
13708.4	-0.35131680268729115
13710.1	-0.07209569268729119
13711.7	0.32766155731270896
13713.4	0.7902933973127089
13715.1	0.8673901973127089
13716.7	0.6593995973127091
13718.4	0.263554597312709
13720.1	0.18184549731270927
13721.7	0.510716697312709
13723.4	0.968581397312709
13725.1	1.8486242973127092
13726.7	2.308369397312709
13728.4	2.432068397312709
13730.1	1.7908633973127093
13731.7	0.8136620973127089
13733.4	-0.23544243268729104
13735.1	-0.6296176026872911
13736.7	-0.8712646026872912
13738.4	-0.6709081026872912
13740.1	-0.5807363026872914
13741.7	-0.26599929268729106
13743.4	0.07605659731270889
13745.1	0.525358397312709
13746.7	0.34359387731270874
13748.4	0.3926562973127089
13750.1	0.246702397312709
13751.8	0.17742439731270876
13753.4	0.3622563973127089
13755.1	0.781261397312709
13756.8	0.863419397312709
13758.4	1.254485697312709
13760.1	0.841471097312709
13761.8	0.45339006731270876
13763.4	-0.44477910268729115
13765.1	-1.143952202687291
13766.8	-1.740462402687291
13768.4	-1.323008702687291
13770.1	-0.8129088026872913
13771.8	0.273959437312709
13773.4	1.020094597312709
13775.1	1.3975397973127088
13776.8	1.0795481973127088
13778.4	1.2095207593127089
13780.1	1.1215527973127084
13781.8	1.347645797312709
13783.4	1.320599097312709
13785.1	1.174331097312709
13786.8	1.0441483973127088
13788.4	1.3472248973127088
13790.1	1.382319397312709
13791.8	1.877900097312709
13793.4	1.8356481973127088
13795.1	1.609777517312709
13796.8	0.7833195973127088
13798.5	0.3044245973127089
13800.1	0.2286143973127089
13801.8	0.8708234973127089
13803.5	1.416051617312709
13805.1	2.3728250973127087
13806.8	2.356668197312709
13808.5	2.302110397312709
13810.1	1.401469997312709
13811.8	0.5060363973127089
13813.5	0.03179379731270897
13815.1	0.05141659731270898
13816.8	-0.24909890268729112
13818.5	0.3099270973127089
13820.1	0.40934359731270886
13821.8	0.6968882973127091
13823.5	0.8322594973127091
13825.1	0.8331358973127088
13826.8	0.8669978973127087
13828.5	1.019681497312709
13830.1	0.660105297312709
13831.8	0.5931724973127087
13833.5	0.4143166973127091
13835.1	0.17097139731270886
13836.8	0.29509539731270895
13838.5	0.7332723973127093
13840.1	1.354964397312709
13841.8	2.140975397312709
13843.5	2.2021259973127085
13845.2	1.879406397312709
13846.8	1.107901397312709
13848.5	0.6862969173127089
13850.2	0.3024223973127089
13851.8	0.36849579731270926
13853.5	0.05678769731270909
13855.2	-0.3259639026872913
13856.8	-1.559821802687291
13858.5	-2.377180202687291
13860.2	-3.235290022687291
13861.8	-3.0568378026872915
13863.5	-2.3628658826872906
13865.2	-1.2647541026872913
13866.8	-0.6385552026872914
13868.5	0.533070497312709
13870.2	0.5031415973127087
13871.8	0.610611297312709
13873.5	0.34826119731270877
13875.2	-0.27972540268729107
13876.8	-0.802248602687291
13878.5	-0.7492889026872911
13880.2	-1.183927602687291
13881.8	-0.5748818026872912
13883.5	-0.31596500268729105
13885.2	0.05501640731270903
13886.8	0.4773945973127093
13888.5	0.8370457973127087
13890.2	0.8069660973127089
13891.9	0.8409773973127088
13893.5	0.4235238073127089
13895.2	0.09285302931270892
13896.9	-0.4725676026872911
13898.5	-0.4702441026872911
13900.2	-0.273710602687291
13901.9	0.30844329731270903
13903.5	0.7898903973127089
13905.2	1.3424013973127091
13906.9	1.5332491773127088
13908.5	1.9969310973127086
13910.2	1.9569099973127089
13911.9	2.164791997312709
13913.5	2.0588473973127086
13915.2	1.6859023973127094
13916.9	0.8006241673127089
13918.5	0.36206529731270887
13920.2	-0.23329260268729116
13921.9	-0.10574660268729108
13923.5	0.013625597312708848
13925.2	0.8089208973127089
13926.9	1.078257397312709
13928.5	1.8521509373127087
13930.2	1.8270813973127091
13931.9	2.183685397312709
13933.6	1.7760341973127087
13935.2	1.340461567312709
13936.9	0.10308469731270886
13938.6	-0.1126611026872911
13940.2	-0.4273841626872912
13941.9	0.16619239731270896
13943.6	0.9209609973127091
13945.2	1.9656488973127086
13946.9	2.433425837312709
13948.6	2.9217013973127086
13950.2	2.3686033973127087
13951.9	2.2040407973127087
13953.6	1.936621397312709
13955.2	1.5155783973127088
13956.9	1.113653697312709
13958.6	0.9279486973127087
13960.2	0.4357288773127091
13961.9	0.1969003973127089
13963.6	-0.6928926026872914
13965.2	-1.042236252687291
13966.9	-1.4372861026872912
13968.6	-1.3313682026872908
13970.2	-0.892120902687291
13971.9	-0.09226110268729115
13973.6	0.7535001973127091
13975.2	1.4350994973127087
13976.9	1.4153956973127089
13978.6	1.587478997312709
13980.3	1.3711999973127085
13981.9	1.359365397312709
13983.6	1.237512497312709
13985.3	1.276158397312709
13986.9	1.291053397312709
13988.6	1.298305397312709
13990.3	1.2391085973127087
13991.9	1.2432037973127088
13993.6	0.9767204973127088
13995.3	1.1047283973127087
13996.9	0.546807497312709
13998.6	0.39661739731270895
14000.3	0.11601719731270918
14001.9	-0.1371426026872909
14003.6	-0.12804660268729134
14005.3	0.2972649973127089
14006.9	0.35959769731270885
14008.6	1.170577697312709
14010.3	1.1091483373127087
14011.9	1.272285397312709
14013.6	0.9161531973127091
14015.3	0.800248117312709
14016.9	0.31023839731270886
14018.6	0.624987007312709
14020.3	0.47743559731270907
14021.9	1.007242497312709
14023.6	0.7897254973127094
14025.3	0.911923997312709
14027.0	0.5095823973127092
14028.6	0.7396904973127091
14030.3	0.32056139731270916
14032.0	0.4448653973127089
14033.6	-0.2097916026872912
14035.3	0.20110519731270887
14037.0	0.1287649973127091
14038.6	1.100323397312709
14040.3	1.953615197312709
14042.0	3.0945339973127086
14043.6	3.274432397312709
14045.3	3.257491397312709
14047.0	2.6221441973127093
14048.6	2.388943044312709
14050.3	1.8463713973127092
14052.0	1.819011397312709
14053.6	1.4212990973127089
14055.3	1.5644062973127089
14057.0	1.571189237312709
14058.6	1.684226797312709
14060.3	1.796680068312709
14062.0	1.948112497312709
14063.6	1.8739103973127087
14065.3	2.079317597312709
14067.0	1.7655957373127087
14068.6	1.698551397312709
14070.3	1.3392704973127088
14072.0	1.252738947312709
14073.7	0.9865033973127091
14075.3	1.3230063973127089
14077.0	1.621658397312709
14078.7	1.5777042973127091
14080.3	1.274967797312709
14082.0	0.784392197312709
14083.7	0.6215474973127086
14085.3	1.031433541312709
14087.0	1.1652176973127086
14088.7	1.4062300973127093
14090.3	1.3212934973127088
14092.0	0.6768080973127089
14093.7	0.32571739731270904
14095.3	0.547294397312709
14097.0	1.017667397312709
14098.7	1.9549275973127092
14100.3	1.9342081973127088
14102.0	1.968673167312709
14103.7	1.5364809973127094
14105.3	1.0238935973127092
14107.0	0.4437531973127088
14108.7	0.44433739731270894
14110.3	0.20630999731270902
14112.0	0.320063697312709
14113.7	0.12062289731270903
14115.4	0.569448997312709
14117.0	0.6781272073127091
14118.7	0.9609401973127092
14120.4	0.7338540973127088
14122.0	0.435898097312709
14123.7	0.29235029731270856
14125.4	0.3016090973127092
14127.0	0.264779297312709
14128.7	0.7263950973127091
14130.4	0.6382281773127089
14132.0	0.793169797312709
14133.7	0.5662671973127089
14135.4	0.499891337312709
14137.0	0.5408822973127086
14138.7	0.6446784973127089
14140.4	0.7827976373127088
14142.0	0.9626002973127088
14143.7	1.2086664973127088
14145.4	1.4419787873127088
14147.0	0.940984197312709
14148.7	0.5047121973127089
14150.4	-0.03629940268729124
14152.0	-0.4094241026872911
14153.7	-0.14901550268729116
14155.4	0.47394159731270885
14157.0	1.170997297312709
14158.7	1.9927923973127086
14160.4	2.262868397312709
14162.1	2.346407797312709
14163.7	1.994601397312709
14165.4	1.654513397312709
14167.1	1.1123293973127089
14168.7	0.9999361973127089
14170.4	0.8604614373127092
14172.1	0.9189625973127089
14173.7	1.1124463873127088
14175.4	1.4596838973127089
14177.1	1.691442097312709
14178.7	2.0321158973127087
14180.4	2.027461697312709
14182.1	1.8022370973127089
14183.7	1.6233520973127091
14185.4	1.243690397312709
14187.1	1.2787465973127088
14188.7	1.539488497312709
14190.4	1.520000697312709
14192.1	1.392267597312709
14193.7	0.7250703973127091
14195.4	-0.09412340268729107
14197.1	-0.7021209926872911
14198.7	-0.6671372026872909
14200.4	-0.387531702687291
14202.1	0.175762397312709
14203.7	0.7267359973127089
14205.4	1.0959723973127091
14207.1	1.0762185973127087
14208.8	0.5815333973127089
14210.4	-0.36213940268729106
14212.1	-0.31809950268729115
14213.8	-0.47423140268729097
14215.4	-0.11907690268729092
14217.1	0.8946121973127091
14218.8	1.4901293973127088
14220.4	1.457509397312709
14222.1	0.782360887312709
14223.8	-0.4677026026872911
14225.4	-0.5944561026872911
14227.1	-0.42959061268729115
14228.8	0.1393708673127089
14230.4	0.9272065973127084
14232.1	1.2992694343127087
14233.8	1.034734797312709
14235.4	0.844389097312709
14237.1	0.9547446973127091
14238.8	1.4742747973127088
14240.4	2.1375557973127086
14242.1	2.278370897312709
14243.8	1.7280283973127086
14245.4	1.366484417312709
14247.1	0.8093923973127086
14248.8	0.6129435973127088
14250.4	0.5035855973127088
14252.1	0.3484343973127089
14253.8	0.5024154973127087
14255.5	0.3101176973127087
14257.1	-0.06549260268729098
14258.8	0.07005039731270887
14260.5	-0.31849160268729104
14262.1	-0.5368739026872911
14263.8	-0.8484666026872913
14265.5	-0.9013264926872907
14267.1	-0.4035438026872912
14268.8	-0.08873050268729092
14270.5	0.1834507973127089
14272.1	0.5574080973127089
14273.8	0.38107899731270894
14275.5	-0.22930197268729108
14277.1	-0.9966668026872911
14278.8	-1.3855835026872914
14280.5	-1.1280971226872911
14282.1	-0.5930365026872911
14283.8	0.31023187731270907
14285.5	1.2464495473127088
14287.1	1.8881234373127094
14288.8	2.143910897312709
14290.5	1.7875483973127089
14292.1	1.208949897312709
14293.8	0.37551359731270895
14295.5	-0.4825690026872911
14297.2	-1.3123972126872911
14298.8	-1.3456343026872912
14300.5	-1.521997002687291
14302.2	-0.8669996026872913
14303.8	-0.33435360268729114
14305.5	0.1806206073127088
14307.2	0.19718599731270886
14308.8	0.29613599731270873
14310.5	0.03367288731270883
14312.2	0.38029129731270883
14313.8	0.3338853973127087
14315.5	0.7439934973127087
14317.2	1.3195487973127091
14318.8	1.8940063973127088
14320.5	2.013526597312709
14322.2	2.2567146973127086
14323.8	2.097490097312709
14325.5	1.7293693973127084
14327.2	1.2932253973127086
14328.8	1.0014809973127092
14330.5	0.841954697312709
14332.2	1.395709677312709
14333.8	1.3689864273127088
14335.5	1.5178379973127085
14337.2	1.275574697312709
14338.8	0.8588311673127087
14340.5	0.23166119731270887
14342.2	0.32822753531270893
14343.9	0.13581239731270883
14345.5	0.5250051973127088
14347.2	0.41419809731270885
14348.9	0.727537897312709
14350.5	0.744087197312709
14352.2	1.1532456973127088
14353.9	0.8732050973127088
14355.5	0.7231649973127089
14357.2	0.22112829731270905
14358.9	-0.1507946026872911
14360.5	-0.8903116026872908
14362.2	-1.0388587026872913
14363.9	-1.3055336026872908
14365.5	-1.2673786026872915
14367.2	-1.1508361326872911
14368.9	-0.9996193026872913
14370.5	-0.904245002687291
14372.2	-0.3584416026872912
14373.9	0.20901427731270883
14375.5	0.9147353973127089
14377.2	1.6009073973127088
14378.9	2.528853797312709
14380.5	3.3624906973127096
14382.2	3.7126033973127095
14383.9	3.6274575973127092
14385.5	3.0921743973127094
14387.2	2.032087697312709
14388.9	0.8963233973127087
14390.6	-0.10449880268729102
14392.2	-0.3223190026872909
14393.9	0.25245739731270883
14395.6	0.9229293973127092
14397.2	1.489014697312709
14398.9	2.267907397312709
14400.6	2.4810259973127087
14402.2	2.716098997312709
14403.9	2.876427197312709
14405.6	2.954701797312709
14407.2	2.4124313973127096
14408.9	1.9643259973127087
14410.6	1.1378528973127089
14412.2	0.8071935973127088
14413.9	0.813651997312709
14415.6	1.0643170973127087
14417.2	1.1008620973127088
14418.9	1.1646646373127088
14420.6	0.3029121973127088
14422.2	-0.4249759026872912
14423.9	-0.845189692687291
14425.6	-0.5768246026872911
14427.2	-0.14494440268729125
14428.9	0.6262811973127087
14430.6	1.1212780973127088
14432.2	1.3234743973127092
14433.9	1.5206291973127086
14435.6	1.5165124973127084
14437.3	1.6911882973127093
14438.9	2.030900597312709
14440.6	2.261470397312709
14442.3	2.38274259731271
14443.9	2.565890797312709
14445.6	2.2845570973127094
14447.3	1.8404270973127086
14448.9	0.7470757373127089
14450.6	-0.7844863026872911
14452.3	-2.137964602687291
14453.9	-2.4445982026872914
14455.6	-1.9051647026872913
14457.3	-0.7869771426872912
14458.9	0.23508949731270903
14460.6	0.6596043973127089
14462.3	0.533067397312709
14463.9	-0.11253260268729104
14465.6	-0.3928609026872909
14467.3	-0.3935485026872914
14468.9	0.02465529731270899
14470.6	0.6067225973127088
14472.3	1.1402303973127086
14473.9	1.151537397312709
14475.6	1.430768397312709
14477.3	1.112273997312709
14479.0	0.7206782973127088
14480.6	-0.3292022026872911
14482.3	-1.6244421626872914
14484.0	-2.801733602687291
14485.6	-2.9027826026872914
14487.3	-2.951459602687291
14489.0	-1.9871836026872909
14490.6	-1.034078562687291
14492.3	-0.2806164026872911
14494.0	-0.4273802026872911
14495.6	-0.7409123226872912
14497.3	-0.9776413026872909
14499.0	-0.2706334026872911
14500.6	0.5172270973127091
14502.3	1.4456163973127087
14504.0	1.6588653973127083
14505.6	1.3312943973127092
14507.3	0.3352284973127089
14509.0	-0.5784422026872911
14510.6	-1.063623172687291
14512.3	-0.42954050268729105
14514.0	0.007956797312708907
14515.6	0.643082257312709
14517.3	0.7906727973127089
14519.0	0.766654997312709
14520.6	0.643973867212709
14522.3	0.9117743973127089
14524.0	1.055562997312709
14525.7	1.3377589773127088
14527.3	1.408633297312709
14529.0	1.6866971173127083
14530.7	1.583512397312709
14532.3	1.821865397312709
14534.0	2.001267097312709
14535.7	2.1799745973127087
14537.3	2.1664693973127087
14539.0	2.085628397312709
14540.7	2.138714297312709
14542.3	2.6177003973127086
14544.0	2.4557893973127087
14545.7	2.0124221973127088
14547.3	1.1520933973127088
14549.0	0.3043370973127089
14550.7	-0.5136313026872911
14552.3	-0.26115892268729113
14554.0	0.4059540973127088
14555.7	1.3628873973127091
14557.3	1.653125397312709
14559.0	1.5385332973127093
14560.7	0.7592123973127091
14562.3	0.18354749731270886
14564.0	-0.42984930268729116
14565.7	-0.5769604026872911
14567.3	-0.492915102687291
14569.0	0.13691079731270892
14570.7	0.825002897312709
14572.4	1.7804681973127088
14574.0	2.5879633973127087
14575.7	3.117074397312709
14577.4	3.405760397312709
14579.0	2.8244943973127095
14580.7	1.818318397312709
14582.4	0.6978657973127086
14584.0	-0.3825493326872911
14585.7	-1.2193674026872912
14587.4	-1.561689602687291
14589.0	-1.482950702687291
14590.7	-0.3965185026872912
14592.4	0.35825459731270887
14594.0	1.106064397312709
14595.7	1.6758091973127087
14597.4	2.068234397312709
14599.0	2.244253397312709
14600.7	2.212964697312709
14602.4	1.7910053973127091
14604.0	1.523741897312709
14605.7	0.9383708373127092
14607.4	0.2178758973127088
14609.0	-0.07255710268729106
14610.7	0.06906719731270883
14612.4	0.25561539731270905
14614.0	0.11259499731270872
14615.7	0.1185433973127088
14617.4	-0.5320917026872907
14619.1	-0.9601660026872911
14620.7	-1.352208602687291
14622.4	-1.1070838326872912
14624.1	-1.047981002687291
14625.7	-0.6113358026872913
14627.4	-0.5130469426872912
14629.1	0.10024858731270885
14630.7	0.4489735973127088
14632.4	0.5605255973127089
14634.1	-0.03236616268729129
14635.7	-0.5291743026872913
14637.4	-1.2880591926872909
14639.1	-1.6943791026872908
14640.7	-1.5608820026872912
14642.4	-1.233071702687291
14644.1	-1.014824702687291
14645.7	-1.0430307026872914
14647.4	-1.3404257026872914
14649.1	-1.5435197026872913
14650.7	-1.184304802687291
14652.4	-1.3144446026872914
14654.1	-1.470689602687291
14655.7	-1.6123063316872908
14657.4	-1.6894502256872912
14659.1	-1.140590502687291
14660.8	-0.11620319268729111
14662.4	0.523107297312709
14664.1	1.1184171973127088
14665.8	1.1960106973127091
14667.4	1.036077697312709
14669.1	1.5130788973127092
14670.8	2.149472397312709
14672.4	3.196822887312709
14674.1	3.863562597312709
14675.8	4.014938297312709
14677.4	3.363415397312709
14679.1	2.7208263973127087
14680.8	2.1334343973127092
14682.4	2.1175469473127086
14684.1	1.951063797312709
14685.8	2.237100097312709
14687.4	2.1817096973127086
14689.1	1.724457097312709
14690.8	1.2089073973127091
14692.4	0.676230597312709
14694.1	0.6290398973127088
14695.8	1.0839282973127087
14697.4	1.3902748973127088
14699.1	1.5057460973127088
14700.8	1.6600494973127087
14702.4	1.4190230973127087
14704.1	1.1211791973127092
14705.8	1.4583443973127088
14707.5	2.059099797312709
14709.1	2.752591097312709
14710.8	3.022941497312709
14712.5	3.1141493973127083
14714.1	2.737229397312709
14715.8	2.7012112973127094
14717.5	2.4432212973127085
14719.1	2.3213856973127087
14720.8	2.3784984973127092
14722.5	2.459819397312709
14724.1	1.791422797312709
14725.8	1.4433399973127088
14727.5	0.47754579731270874
14729.1	-0.21232260268729117
14730.8	-0.690641202687291
14732.5	-0.8496086026872913
14734.1	-0.9561997026872909
14735.8	-0.5491304026872912
14737.5	-0.498942602687291
14739.1	-0.2729475026872912
14740.8	-0.7376204026872909
14742.5	-0.7798917026872911
14744.1	-0.9654107026872911
14745.8	-0.43857820268729136
14747.5	-0.5422520926872911
14749.1	-1.0143505026872912
14750.8	-1.6323751026872917
14752.5	-2.030706332687291
14754.2	-2.6566106456872913
14755.8	-2.2569808126872912
14757.5	-1.622707202687291
14759.2	-0.748547902687291
14760.8	-0.35426368268729114
14762.5	-0.21222180268729116
14764.2	-0.34608679668729114
14765.8	0.3666738973127088
14767.5	0.6420823973127087
14769.2	0.9846212973127088
14770.8	1.4247456443127091
14772.5	1.4008785973127087
14774.2	1.2721283973127089
14775.8	1.3616173973127086
14777.5	1.1981553973127093
14779.2	1.3359773973127091
14780.8	0.9455903973127088
14782.5	0.6900851973127092
14784.2	0.7187435973127088
14785.8	1.0104443973127086
14787.5	1.4659150973127089
14789.2	1.7278531973127087
14790.8	2.109428088312709
14792.5	2.4167253373127093
14794.2	2.266480767312709
14795.8	2.4233342973127088
14797.5	2.676962497312709
14799.2	3.191065397312709
14800.9	3.3453857973127095
14802.5	2.9246844973127093
14804.2	2.130565397312709
14805.9	1.5374183973127091
14807.5	0.6860203973127088
14809.2	-0.17622294268729127
14810.9	-0.7868341626872912
14812.5	-0.6955927026872911
14814.2	-0.6295621026872911
14815.9	-0.44023390268729107
14817.5	-0.48256260268729123
14819.2	0.34408779731270905
14820.9	0.7824919973127089
14822.5	1.6239515973127083
14824.2	2.010342997312709
14825.9	2.575392597312709
14827.5	2.5551163973127085
14829.2	2.449400497312709
14830.9	1.596016097312709
14832.5	1.4978110073127087
14834.2	1.090541307312709
14835.9	1.3705815973127087
14837.5	1.477589297312709
14839.2	1.9772924973127093
14840.9	1.8150770973127088
14842.6	1.6728813973127088
14844.2	0.7697623973127088
14845.9	-0.017016702687291253
14847.6	-0.17293490268729098
14849.2	0.09634069731270878
14850.9	0.16689079731270895
14852.6	0.3795452973127091
14854.2	-0.15266940268729118
14855.9	-0.44830420268729104
14857.6	-0.32028250268729097
14859.2	0.12856819731270885
14860.9	1.4061534973127088
14862.6	2.799976797312709
14864.2	2.909913797312709
14865.9	2.702195197312709
14867.6	1.7233143973127087
14869.2	0.5368421973127089
14870.9	-0.4311215026872913
14872.6	-1.093079502687291
14874.2	-1.0836482026872913
14875.9	-0.042893602687291296
14877.6	0.573264397312709
14879.2	1.5187213973127087
14880.9	2.067554597312709
14882.6	2.164257797312709
14884.2	1.9439035673127087
14885.9	1.743675397312709
14887.6	1.2385441973127091
14889.3	1.121725557312709
14890.9	0.46729869731270873
14892.6	0.4225383973127087
14894.3	0.3300028973127086
14895.9	0.2223012973127089
14897.6	0.061955547312708824
14899.3	0.42961089731270885
14900.9	0.11171189731270874
14902.6	0.565647677312709
14904.3	0.8954759973127089
14905.9	1.664960897312709
14907.6	2.3107478973127087
14909.3	2.743564097312709
14910.9	2.584071397312709
14912.6	2.201947997312709
14914.3	1.0981903973127092
14915.9	0.325161597312709
14917.6	-0.36236910268729133
14919.3	-0.7043369026872911
14920.9	-0.7245125026872911
14922.6	-0.4738576026872911
14924.3	0.12237209731270889
14925.9	0.4043587973127087
14927.6	0.37034469731270875
14929.3	-0.15761860268729094
14930.9	-0.9899152026872912
14932.6	-1.727907772687291
14934.3	-1.8395291026872915
14936.0	-1.3492987026872911
14937.6	-0.303930802687291
14939.3	0.39213482731270927
14941.0	0.4994902973127088
14942.6	0.36690439731270885
14944.3	0.17070439731270906
14946.0	0.25329749731270884
14947.6	0.2681882973127088
14949.3	0.0853553973127088
14951.0	-0.826336602687291
14952.6	-1.6027096026872916
14954.3	-2.614862402687291
14956.0	-2.564198902687291
14957.6	-1.580417102687291
14959.3	-0.05164350268729105
14961.0	0.9333827973127088
14962.6	1.891026397312709
14964.3	1.976266997312709
14966.0	2.0963423973127084
14967.6	1.9346680973127086
14969.3	1.706717297312709
14971.0	1.393455597312709
14972.6	0.928227197312709
14974.3	-0.05475060268729095
14976.0	-0.8117108026872909
14977.6	-1.747525402687291
14979.3	-2.1676598026872913
14981.0	-2.0763735026872907
14982.7	-1.1239230026872906
14984.3	-0.12350712268729111
14986.0	0.8645514973127091
14987.7	1.7471627973127088
14989.3	2.423426397312709
14991.0	1.9102450973127092
14992.7	1.435277927312709
14994.3	0.624355497312709
14996.0	0.3329113973127088
14997.7	0.08760739731270872
14999.3	-0.25259960268729126
15001.0	-0.4637079026872911
15002.7	-0.492027902687291
15004.3	-1.309995602687291
15006.0	-1.481931802687291
15007.7	-1.9253703026872913
15009.3	-2.198694102687291
15011.0	-1.7877041026872909
15012.7	-1.090644002687291
15014.3	-0.31378800268729107
15016.0	0.41410019731270875
15017.7	0.42986019731270897
15019.3	0.4445500973127091
15021.0	0.23170459731270904
15022.7	0.21648109731270906
15024.4	0.09643789731270877
15026.0	0.2719010973127088
15027.7	0.1079358973127087
15029.4	-0.2005919026872911
15031.0	-0.5501837026872913
15032.7	-0.007349702687291159
15034.4	0.976264697312709
15036.0	2.390875397312709
15037.7	2.8138639973127084
15039.4	2.4433880973127087
15041.0	1.4391579973127089
15042.7	0.1424269373127089
15044.4	-0.9714044386872912
15046.0	-1.318056102687291
15047.7	-0.8278218026872916
15049.4	-0.175828402687291
15051.0	0.298299397312709
15052.7	0.20064776731270886
15054.4	0.4059937973127087
15056.0	0.5066297973127091
15057.7	0.7063764773127088
15059.4	0.4587013973127091
15061.0	-0.00044410268729109246
15062.7	-0.542288602687291
15064.4	-0.9743409026872909
15066.0	-1.174306502687291
15067.7	-1.0770016026872915
15069.4	-0.740602002687291
15071.1	-1.6854554026872912
15072.7	-2.455613362687292
15074.4	-3.2080281726872912
15076.1	-2.837801902687291
15077.7	-1.7503827026872905
15079.4	-0.5832555026872909
15081.1	-0.23230240268729124
15082.7	-0.07367870268729107
15084.4	-1.1032379026872912
15086.1	-1.5418219026872912
15087.7	-1.038098802687291
15089.4	0.14381769731270905
15091.1	1.5183879973127083
15092.7	2.319776897312709
15094.4	2.5427065973127094
15096.1	2.4005819973127087
15097.7	1.9152309973127088
15099.4	0.9287819973127087
15101.1	0.2497093073127088
15102.7	-0.2391503026872909
15104.4	-0.5124634026872912
15106.1	-0.1987226026872909
15107.7	0.518392797312709
15109.4	1.078612397312709
15111.1	1.4865118973127092
15112.7	1.1582646973127086
15114.4	0.9735271973127089
15116.1	0.9658103973127089
15117.8	1.288881397312709
15119.4	1.7751899973127088
15121.1	1.6716901973127087
15122.8	1.1433031973127086
15124.4	0.36964479731270894
15126.1	-0.3809335026872907
15127.8	-0.5713851326872907
15129.4	-0.3786289226872913
15131.1	0.49502679731270893
15132.8	1.599011897312709
15134.4	1.612983257312709
15136.1	1.3577353973127086
15137.8	0.6037774973127089
15139.4	0.16671634731270896
15141.1	-0.4154264126872912
15142.8	-0.2652794026872912
15144.4	0.16973829731270892
15146.1	0.9750533973127087
15147.8	1.4833237973127091
15149.4	2.371547397312709
15151.1	2.7345655973127085
15152.8	2.837361597312709
15154.4	1.9186264973127087
15156.1	0.9926228973127088
15157.8	-0.26999560268729106
15159.4	-1.0857262326872912
15161.1	-1.9504336526872912
15162.8	-2.267114302687291
15164.5	-1.986766302687291
15166.1	-1.7633448026872913
15167.8	-1.3741891226872913
15169.5	-0.4806340026872912
15171.1	-0.0864751626872911
15172.8	-0.12128923268729105
15174.5	-0.5212398026872913
15176.1	-0.9386531626872913
15177.8	-1.012721902687291
15179.5	-0.5349505026872909
15181.1	-0.7829632026872911
15182.8	-0.9830980026872911
15184.5	-1.188585602687291
15186.1	-1.432263302687291
15187.8	-1.6591476026872916
15189.5	-1.2371916026872911
15191.1	-0.9036383026872912
15192.8	0.014919007312709098
15194.5	0.28708339731270893
15196.1	0.4948400773127089
15197.8	0.3212448973127088
15199.5	0.31897896731270925
15201.1	0.18384029731270926
15202.8	0.4708678973127089
15204.5	1.0641342973127093
15206.2	2.467681197312709
15207.8	3.2146572973127094
15209.5	3.9880846973127086
15211.2	3.7534594973127087
15212.8	3.4598484973127093
15214.5	2.678325397312709
15216.2	2.274593097312709
15217.8	1.7988348773127094
15219.5	1.9007389973127087
15221.2	1.7821528973127094
15222.8	1.5269691973127089
15224.5	0.935713397312709
15226.2	0.8219870973127088
15227.8	0.831415497312709
15229.5	1.288688397312709
15231.2	1.9954873973127085
15232.8	2.815345097312709
15234.5	2.734121397312709
15236.2	2.3825457973127095
15237.8	1.9309414973127095
15239.5	1.2803390973127091
15241.2	0.575010097312709
15242.8	0.13034929731270894
15244.5	-0.7165476026872912
15246.2	-0.2497945026872916
15247.8	-0.05106110268729118
15249.5	1.2431409973127088
15251.2	2.943317797312709
15252.9	4.132258397312709
15254.5	4.328997197312709
15256.2	4.495393397312709
15257.9	3.5170105973127095
15259.5	3.001716397312709
15261.2	2.2459758973127086
15262.9	2.2584493973127087
15264.5	2.057260897312709
15266.2	1.095368397312709
15267.9	-0.25648680268729107
15269.5	-0.9386986026872911
15271.2	-1.112688902687291
15272.9	-0.446715722687291
15274.5	0.5779028973127089
15276.2	1.4924637973127088
15277.9	1.8789073973127088
15279.5	1.2111921973127089
15281.2	0.442339297312709
15282.9	0.22037739731270892
15284.5	0.13302139731270887
15286.2	0.16410039731270887
15287.9	0.4592693973127089
15289.5	0.6718291973127091
15291.2	0.7396810973127088
15292.9	1.0969366273127088
15294.5	0.9870545473127088
15296.2	0.5878337973127092
15297.9	0.06775303731270883
15299.6	-0.22007200268729096
15301.2	-0.08061901268729113
15302.9	0.20189319731270916
15304.6	0.12610729731270887
15306.2	0.49253799731270886
15307.9	0.6941942973127089
15309.6	0.911293297312709
15311.2	1.214289027312709
15312.9	1.8815310973127093
15314.6	2.325333897312709
15316.2	2.474010907312709
15317.9	2.778418497312709
15319.6	3.0052109973127097
15321.2	2.976205097312709
15322.9	2.494113597312709
15324.6	0.9575574573127092
15326.2	0.06787719731270907
15327.9	-0.3324372026872912
15329.6	-0.05796860268729107
15331.2	0.9130973973127091
15332.9	1.565155997312709
15334.6	1.9567744973127088
15336.2	2.344256197312709
15337.9	2.2246355973127088
15339.6	2.581514027312709
15341.2	2.431269197312709
15342.9	1.8125613973127088
15344.6	0.2517665573127089
15346.3	-1.118744602687291
15347.9	-2.0377656026872915
15349.6	-2.256059722687291
15351.3	-2.136479884687291
15352.9	-1.3598420726872913
15354.6	-1.045595262687291
15356.3	-0.8665524526872913
15357.9	-0.9592671026872912
15359.6	-0.9873590026872915
15361.3	-1.3220118026872911
15362.9	-1.466332082687291
15364.6	-1.235012202687291
15366.3	-0.29418150268729126
15367.9	0.8256243773127088
15369.6	2.1210428173127087
15371.3	2.567163597312709
15372.9	2.578094297312709
15374.6	1.432226897312709
15376.3	0.24949909731270897
15377.9	-0.698025602687291
15379.6	-0.9318143026872908
15381.3	-0.9687222026872911
15382.9	-0.24387260268729088
15384.6	0.07623259731270889
15386.3	0.4674512103127089
15388.0	0.5371756973127091
15389.6	0.44777759731270894
15391.3	0.18506549731270883
15393.0	-0.0757316026872911
15394.6	-0.7221277026872912
15396.3	-0.7009764026872911
15398.0	-0.9606550026872913
15399.6	-1.3429665026872908
15401.3	-1.485673602687291
15403.0	-1.7608608026872907
15404.6	-2.055500992687291
15406.3	-1.2872040526872908
15408.0	-0.7550449826872911
15409.6	0.5696645973127088
15411.3	1.4559869973127089
15413.0	1.7078884973127089
15414.6	1.506494197312709
15416.3	0.9356774973127091
15418.0	0.12269089731270899
15419.6	0.03279129731270878
15421.3	-0.06889830268729132
15423.0	0.23923039731270884
15424.6	0.9080190973127091
15426.3	1.169430797312709
15428.0	1.5598553973127087
15429.6	1.126822397312709
15431.3	0.1382528973127088
15433.0	-0.4056945026872912
15434.7	-0.8314805026872911
15436.3	-0.805776602687291
15438.0	0.20123959731270893
15439.7	0.8859143973127089
15441.3	1.8030364973127084
15443.0	2.2985674973127086
15444.7	2.0939588973127092
15446.3	2.234396138312709
15448.0	1.660527397312709
15449.7	1.0639027973127089
15451.3	0.49122539731270887
15453.0	0.07337939731270886
15454.7	0.03246779731270895
15456.3	0.41634439731270884
15458.0	0.2914425873127091
15459.7	0.9410534773127088
15461.3	0.8598831973127089
15463.0	1.010242597312709
15464.7	1.3678745973127089
15466.3	1.7081410973127091
15468.0	1.6214590373127087
15469.7	1.468293197312709
15471.3	0.8539437973127088
15473.0	0.3474729573127088
15474.7	0.007516431312709048
15476.3	-0.04047520268729103
15478.0	0.19223539731270872
15479.7	0.40607089731270885
15481.4	0.4956935973127088
15483.0	0.5180133973127089
15484.7	0.8270800973127088
15486.4	1.0968837973127088
15488.0	1.141380397312709
15489.7	1.339065697312709
15491.4	1.023050097312709
15493.0	0.6888832973127089
15494.7	0.11763939731270892
15496.4	-0.08898810268729122
15498.0	0.05467059731270916
15499.7	0.7949408973127089
15501.4	1.572220997312709
15503.0	2.5315443973127087
15504.7	2.5308276973127093
15506.4	2.5260670773127094
15508.0	1.9599174973127091
15509.7	1.3911264973127089
15511.4	0.7457361973127089
15513.0	0.5856886973127089
15514.7	0.3585283973127088
15516.4	0.8227958773127086
15518.0	0.24562209731270893
15519.7	0.22105649731270885
15521.4	0.12448039731270892
15523.0	0.2973576973127088
15524.7	0.3566440973127089
15526.4	1.120361497312709
15528.1	1.4151820973127087
15529.7	2.287584397312709
15531.4	1.8521670173127087
15533.1	2.523257697312709
15534.7	2.8525543973127085
15536.4	3.464525797312709
15538.1	3.4514579973127084
15539.7	3.3735057973127085
15541.4	2.541108597312709
15543.1	2.1919004973127088
15544.7	1.4106920973127088
15546.4	1.9650359973127087
15548.1	2.043795597312709
15549.7	2.277456277312709
15551.4	1.7877200973127088
15553.1	1.6963063973127093
15554.7	1.6929138973127091
15556.4	1.9501563973127092
15558.1	1.9697633973127087
15559.7	1.7955883973127087
15561.4	1.1811543973127088
15563.1	0.8415923973127091
15564.7	0.5148869973127088
15566.4	0.9727403973127089
15568.1	1.329274697312709
15569.8	1.9170432973127092
15571.4	1.4594263973127086
15573.1	1.321389897312709
15574.8	1.345518797312709
15576.4	1.542690497312709
15578.1	1.629354397312709
15579.8	1.980664597312709
15581.4	1.2755244973127091
15583.1	0.9365545973127091
15584.8	-0.20048400268729108
15586.4	-0.23775860268729102
15588.1	0.3811893973127089
15589.8	1.5123273973127087
15591.4	2.518247657312709
15593.1	3.3093240973127087
15594.8	3.1742546973127093
15596.4	2.2272931973127092
15598.1	1.257371997312709
15599.8	0.17949779731270882
15601.4	-0.6227149926872915
15603.1	-1.4086616026872913
15604.8	-2.5384906026872907
15606.4	-3.0754983026872904
15608.1	-2.663441602687291
15609.8	-1.632721602687291
15611.4	0.2783673973127092
15613.1	1.627115597312709
15614.8	2.160487297312709
15616.5	1.912353697312709
15618.1	1.483627697312709
15619.8	1.5236943973127088
15621.5	2.073190397312709
15623.1	3.054057297312709
15624.8	3.339887897312709
15626.5	3.466343597312709
15628.1	2.8112413973127084
15629.8	1.7104603973127088
15631.5	0.691279197312709
15633.1	0.17897968731270875
15634.8	-0.05276140268729117
15636.5	0.6376037973127089
15638.1	0.958582997312709
15639.8	1.331155397312709
15641.5	1.0870153973127088
15643.1	0.7174921973127091
15644.8	-0.18629220268729116
15646.5	-0.3531722026872911
15648.1	-0.5136799026872907
15649.8	-0.22880480268729117
15651.5	-0.2516153026872912
15653.1	-0.1893208326872911
15654.8	0.020205097312708985
15656.5	0.9819400973127088
15658.1	1.389563397312709
15659.8	1.901100497312709
15661.5	1.7238416973127086
15663.2	1.5161554973127092
15664.8	0.9707133973127086
15666.5	0.8555095973127088
15668.2	0.5921463673127089
15669.8	0.8383064973127089
15671.5	0.20364139731270886
15673.2	-0.39697360268729104
15674.8	-1.053708402687291
15676.5	-0.9856588026872908
15678.2	-1.520297502687291
15679.8	-1.156494102687291
15681.5	-1.537269602687291
15683.2	-1.1813276026872912
15684.8	-0.8179976026872913
15686.5	0.08846239731270895
15688.2	0.5224085973127088
15689.8	1.0452277973127089
15691.5	0.2465837973127091
15693.2	-0.11726809768729111
15694.8	-0.564051602687291
15696.5	-0.5107246026872909
15698.2	-0.4478168026872913
15699.8	0.024918897312708844
15701.5	-0.34350210268729087
15703.2	-0.23769990268729102
15704.8	-0.2475071026872914
15706.5	-0.013860002687291262
15708.2	-0.03784180268729118
15709.9	-0.27071530268729116
15711.5	-0.8377838026872908
15713.2	-0.9400930926872911
15714.9	-1.2878869026872908
15716.5	-1.022032902687291
15718.2	-0.4085357326872911
15719.9	0.10241789731270905
15721.5	0.9256663973127089
15723.2	1.6375280973127087
15724.9	2.5113398973127095
15726.5	2.935745197312709
15728.2	3.094966167312709
15729.9	2.973714397312709
15731.5	3.269105397312709
15733.2	3.214972397312709
15734.9	3.420312497312709
15736.5	3.4080002973127086
15738.2	3.1327253973127087
15739.9	2.118821197312709
15741.5	1.005326197312709
15743.2	0.328023897312709
15744.9	0.07112049731270909
15746.5	0.315392297312709
15748.2	0.7702892973127089
15749.9	1.591451231312709
15751.6	2.158611597312709
15753.2	1.936405597312709
15754.9	0.734666367312709
15756.6	-0.4029834026872908
15758.2	-1.9059978026872912
15759.9	-2.5808377026872913
15761.6	-2.311639702687291
15763.2	-1.7084780026872912
15764.9	-0.5204371026872912
15766.6	0.563135297312709
15768.2	0.8179359973127088
15769.9	1.2104641373127092
15771.6	0.9022937973127091
15773.2	0.9465098973127091
15774.9	0.6239591973127091
15776.6	-0.24356530268729112
15778.2	-0.9087888826872911
15779.9	-1.5553828026872911
15781.6	-1.727358502687291
15783.2	-1.3218134026872912
15784.9	-1.3276370426872908
15786.6	-0.6861678926872911
15788.2	-0.4090267026872912
15789.9	0.125353497312709
15791.6	0.8138582973127088
15793.2	1.625414197312709
15794.9	2.094578557312709
15796.6	2.4493962973127092
15798.3	2.380793397312709
15799.9	2.247527297312709
15801.6	1.9379668973127089
15803.3	1.550318397312709
15804.9	0.6251348173127088
15806.6	0.5210088973127089
15808.3	0.249128087312709
15809.9	0.1661594973127088
15811.6	0.2472182173127087
15813.3	0.2081761973127088
15814.9	-0.12263960268729121
15816.6	-0.23671870268729106
15818.3	-1.1211609726872913
15819.9	-1.4310239026872913
15821.6	-1.904840202687291
15823.3	-2.640448502687291
15824.9	-3.068416802687291
15826.6	-2.476790202687291
15828.3	-1.5060669026872913
15829.9	0.1571572973127091
15831.6	0.901365997312709
15833.3	0.9397557973127089
15834.9	0.40264589731270883
15836.6	-0.7424796026872909
15838.3	-1.851704102687291
15839.9	-1.9631266026872907
15841.6	-1.6468208726872908
15843.3	-1.198186002687291
15845.0	-0.5913885026872912
15846.6	-0.4266709026872908
15848.3	-0.06257071268729106
15850.0	0.423343097312709
15851.6	0.5360797973127088
15853.3	1.0983483973127088
15855.0	1.5956923973127086
15856.6	2.126040897312709
15858.3	2.900957987312709
15860.0	2.767250397312709
15861.6	2.154953397312709
15863.3	1.4308593973127088
15865.0	0.9291019973127087
15866.6	1.1911035973127089
15868.3	1.7270012973127087
15870.0	2.524188597312709
15871.6	2.7690724973127088
15873.3	2.096272097312709
15875.0	0.971290817312709
15876.6	0.08369309731270871
15878.3	0.07578869731270892
15880.0	0.665990997312709
15881.6	1.251890397312709
15883.3	2.3056463973127093
15885.0	2.7973232673127093
15886.6	3.2804912973127087
15888.3	3.132492517312709
15890.0	2.8141281373127085
15891.7	2.7568044973127086
15893.3	3.1399562973127084
15895.0	2.9782749973127087
15896.7	2.7312603973127088
15898.3	1.6022747573127092
15900.0	1.1883294973127092
15901.7	0.5126001073127089
15903.3	0.553816997312709
15905.0	0.6832583973127088
15906.7	1.6019587973127094
15908.3	2.034608597312709
15910.0	2.2237966973127086
15911.7	1.9809303973127093
15913.3	2.276554097312709
15915.0	2.2040487973127085
15916.7	2.505944397312709
15918.3	2.239119137312709
15920.0	2.1289699973127085
15921.7	1.939304097312709
15923.3	1.5789833883127087
15925.0	1.3184696973127088
15926.7	1.2300500973127089
15928.3	1.053555397312709
15930.0	0.9167668973127089
15931.7	0.44565819731270934
15933.4	0.20404379731270889
15935.0	-0.25446550268729096
15936.7	-0.24065890268729112
15938.4	0.13243859731270885
15940.0	0.5106778673127088
15941.7	1.107484997312709
15943.4	1.9546619973127086
15945.0	1.876880197312709
15946.7	2.0288150973127093
15948.4	1.7741169973127093
15950.0	1.3605683873127088
15951.7	0.804657497312709
15953.4	0.8124476973127092
15955.0	0.485374397312709
15956.7	0.7709684973127088
15958.4	0.8553865973127088
15960.0	0.6651932973127088
15961.7	0.623439597312709
15963.4	0.16942199731270868
15965.0	-0.7959967026872912
15966.7	-0.8393585026872911
15968.4	-1.2512589026872911
15970.0	-0.8756229026872914
15971.7	-0.4110830026872911
15973.4	0.2679733973127088
15975.0	1.132844397312709
15976.7	1.847562197312709
15978.4	2.583230297312709
15980.1	2.881959197312709
15981.7	2.033323397312709
15983.4	1.537584197312709
15985.1	0.8161605073127088
15986.7	0.7039466843127089
15988.4	0.18060399731270915
15990.1	-0.30094760268729104
15991.7	-0.4546462026872911
15993.4	-0.41922538268729104
15995.1	-0.20094590268729115
15996.7	0.9924962763127088
15998.4	1.932021697312709
16000.1	2.751141197312709
16001.7	2.692219557312709
16003.4	2.4046400973127087
16005.1	2.006618097312709
16006.7	2.3863897973127086
16008.4	2.0564693973127093
16010.1	2.383417197312709
16011.7	2.441593497312709
16013.4	2.181322497312709
16015.1	1.655336597312709
16016.7	1.217176497312709
16018.4	0.23066809731270901
16020.1	0.023016097312708973
16021.7	-0.6748523026872911
16023.4	-0.5846326026872912
16025.1	-0.46917180268729125
16026.8	-0.40259040268729107
16028.4	-0.41118966268729107
16030.1	-0.3163971026872909
16031.8	-0.36704580268729115
16033.4	-0.150356802687291
16035.1	-0.12287600268729108
16036.8	0.2807275973127088
16038.4	0.36329009731270884
16040.1	0.6276654173127089
16041.8	0.654888297312709
16043.4	0.3885111973127088
16045.1	-0.12173100268729113
16046.8	-0.5600892026872912
16048.4	-0.9699214026872912
16050.1	-0.8285994026872909
16051.8	-0.38161470268729125
16053.4	0.5920593973127092
16055.1	1.3720489973127095
16056.8	2.0587616973127085
16058.4	2.3336506973127094
16060.1	2.419618697312709
16061.8	2.286553797312709
16063.4	1.619850997312709
16065.1	1.0670881973127089
16066.8	0.3361634973127089
16068.4	-0.7367396026872914
16070.1	-1.1386146026872912
16071.8	-1.233471002687291
16073.5	-1.2225616026872912
16075.1	-0.5138599026872912
16076.8	0.4520383973127089
16078.5	1.296005397312709
16080.1	1.888969397312709
16081.8	1.894229397312709
16083.5	2.2133517573127093
16085.1	2.0487051973127093
16086.8	2.158815397312709
16088.5	2.302194997312709
16090.1	2.4916382973127087
16091.8	2.691629897312709
16093.5	2.201575797312709
16095.1	1.041268896312709
16096.8	0.49685470731270887
16098.5	-0.1960466026872909
16100.1	-0.3942485426872911
16101.8	-0.3367958026872911
16103.5	-0.08867980268729085
16105.1	0.13683049731270888
16106.8	0.21322529731270895
16108.5	-0.06857330268729114
16110.1	-0.09120530268729085
16111.8	0.553791797312709
16113.5	1.8911215973127091
16115.2	2.939144397312709
16116.8	3.9454957973127094
16118.5	3.7706612973127087
16120.2	2.9482807973127088
16121.8	1.4672913973127089
16123.5	0.3585000973127089
16125.2	0.08155129731270874
16126.8	0.7500283973127087
16128.5	1.6499462973127084
16130.2	2.90635079731271
16131.8	3.1048983973127084
16133.5	3.7735186973127086
16135.2	3.7002152973127087
16136.8	3.3598394973127084
16138.5	2.6886888973127085
16140.2	1.9858923973127092
16141.8	1.247416397312709
16143.5	1.229714897312709
16145.2	0.9032931973127087
16146.8	1.445260397312709
16148.5	1.5024533973127085
16150.2	1.4282559973127091
16151.8	0.967569797312709
16153.5	0.46502079731270884
16155.2	-0.12161574268729103
16156.8	-0.1862103826872911
16158.5	-0.4799942026872911
16160.2	-0.2925377026872912
16161.9	-0.14263090268729103
16163.5	0.18762029731270874
16165.2	-0.02724450268729095
16166.9	0.022580997312708996
16168.5	-0.44764600268729104
16170.2	-0.22612520268729108
16171.9	0.4285633973127088
16173.5	1.0446287373127092
16175.2	1.808371097312709
16176.9	2.5449447973127093
16178.5	2.735532097312709
16180.2	2.799583497312709
16181.9	2.629440297312709
16183.5	2.5627998973127086
16185.2	2.545193097312709
16186.9	2.500407137312709
16188.5	1.9074273973127092
16190.2	1.142840297312709
16191.9	0.5722831973127093
16193.5	0.4674594973127088
16195.2	0.770040397312709
16196.9	1.7557878973127088
16198.5	2.2900788973127084
16200.2	3.006204697312709
16201.9	3.140451197312709
16203.5	3.077517167312709
16205.2	3.1665353973127086
16206.9	3.2775858973127088
16208.6	3.091336097312709
16210.2	2.7469889973127093
16211.9	1.882479697312709
16213.6	1.358116897312709
16215.2	1.0001863973127088
16216.9	1.2667183973127087
16218.6	1.406489397312709
16220.2	1.386322397312709
16221.9	0.9188603973127091
16223.6	0.4851025973127088
16225.2	-0.052023602687291205
16226.9	0.07406059731270886
16228.6	0.46569639731270895
16230.2	1.3394211973127088
16231.9	2.2745630973127087
16233.6	3.0356243973127093
16235.2	3.2138256973127093
16236.9	3.0849073973127092
16238.6	2.477879197312709
16240.2	1.556857597312709
16241.9	0.593188667312709
16243.6	-0.563274632687291
16245.2	-1.858549202687291
16246.9	-2.3577078026872913
16248.6	-2.6045119026872916
16250.2	-2.112942702687291
16251.9	-1.5481426026872913
16253.6	-0.8976736026872908
16255.3	-0.517059002687291
16256.9	0.08320489731270904
16258.6	0.06493369731270895
16260.3	0.38093766731270884
16261.9	0.4538249973127092
16263.6	0.08702099731270904
16265.3	-0.8347030026872911
16266.9	-1.5938811026872912
16268.6	-1.5878179026872912
16270.3	-0.3607566026872911
16271.9	1.401936897312709
16273.6	3.3054770973127092
16275.3	4.926890397312709
16276.9	5.32869429731271
16278.6	4.504465397312708
16280.3	2.9277786973127085
16281.9	0.9291623973127088
16283.6	-0.5288703026872905
16285.3	-1.679231902687291
16286.9	-2.0751135026872918
16288.6	-1.7948916026872912
16290.3	-1.2979606026872914
16291.9	-0.6851646026872912
16293.6	0.10824439731270899
16295.3	0.676229397312709
16297.0	1.316088427312709
16298.6	1.8096728973127092
16300.3	2.0705461973127095
16302.0	2.425963697312709
16303.6	2.9698769973127086
16305.3	2.9260575973127088
16307.0	2.645021297312709
16308.6	1.5085464973127087
16310.3	0.2590387973127089
16312.0	-1.0361080026872913
16313.6	-1.7935930026872913
16315.3	-2.0115080026872914
16317.0	-1.1246622026872912
16318.6	0.05931839731270916
16320.3	0.9048883973127089
16322.0	1.6809962973127093
16323.6	2.1992093973127087
16325.3	2.2479150973127093
16327.0	1.6821472073127086
16328.6	0.9613857973127086
16330.3	0.23365949731270885
16332.0	-0.17689000268729113
16333.6	-0.21065850268729078
16335.3	0.9306503973127092
16337.0	1.7660283973127089
16338.6	3.162098397312709
16340.3	3.6269382373127086
16342.0	3.672485397312709
16343.7	4.03606639731271
16345.3	3.382477797312709
16347.0	2.7146624973127085
16348.7	2.0756900673127086
16350.3	0.6427312973127087
16352.0	-0.723343602687291
16353.7	-1.2804093026872911
16355.3	-1.3948571026872911
16357.0	0.15177039731270886
16358.7	1.4234961973127085
16360.3	2.691364197312709
16362.0	3.052803597312709
16363.7	2.9474173973127087
16365.3	1.7685933973127088
16367.0	1.4465165973127092
16368.7	0.5179031973127091
16370.3	0.2820447973127088
16372.0	-0.6236203026872911
16373.7	-1.384093702687291
16375.3	-2.2091696026872905
16377.0	-2.879392002687291
16378.7	-3.6361987126872912
16380.3	-3.434215602687291
16382.0	-3.044800102687291
16383.7	-2.138341802687291
16385.3	-1.0039102026872913
16387.0	0.3785028573127089
16388.7	1.7535381973127087
16390.4	2.3980090973127086
16392.0	2.7387732973127097
16393.7	3.1408737973127088
16395.4	3.520972197312709
16397.0	3.6013661973127085
16398.7	3.389354297312708
16400.4	2.591701747312709
16402.0	1.5061891973127088
16403.7	0.5725513973127085
16405.4	-0.05293410268729097
16407.0	0.6870455973127088
16408.7	0.9774369973127088
16410.4	1.1788825973127088
16412.0	1.2865617973127086
16413.7	0.614527397312709
16415.4	-0.09092060268729099
16417.0	-0.21888580268729108
16418.7	0.05877559731270905
16420.4	1.0119982973127093
16422.0	1.148034397312709
16423.7	0.9921493973127087
16425.4	1.1199253973127088
16427.0	1.1877894973127092
16428.7	1.3228043973127088
16430.4	1.5059322973127087
16432.0	1.196545997312709
16433.7	0.4979738973127089
16435.4	-0.4885128026872909
16437.1	-1.053227289687291
16438.7	-0.849275602687291
16440.4	-0.522252302687291
16442.1	-0.5563709626872912
16443.7	-0.32368300268729105
16445.4	-0.5568477026872912
16447.1	-0.15556240268729096
16448.7	0.26595179731270907
16450.4	0.6813837973127089
16452.1	1.183897197312709
16453.7	1.5127033973127089
16455.4	1.3709209973127086
16457.1	1.581053897312709
16458.7	1.1256603973127088
16460.4	0.5707913973127088
16462.1	-0.05479860268729118
16463.7	-0.41197960268729084
16465.4	-0.39219506268729115
16467.1	0.148962827312709
16468.7	0.5997219973127089
16470.4	0.8474500973127089
16472.1	0.5284797973127088
16473.7	-0.24186900268729122
16475.4	-1.113888002687291
16477.1	-1.806873402687291
16478.8	-2.490022102687291
16480.4	-1.8616326026872911
16482.1	-1.1741646026872912
16483.8	0.3564197973127087
16485.4	1.8249069973127086
16487.1	1.739265397312709
16488.8	1.2796220973127088
16490.4	0.17018709731270895
16492.1	-0.7694016026872911
16493.8	-0.747992832687291
16495.4	-0.7606379026872906
16497.1	-0.399638602687291
16498.8	1.0577053973127089
16500.4	1.498162297312709
16502.1	2.2085099973127083
16503.8	2.798380397312709
16505.4	2.800027597312709
16507.1	2.6604751173127092
16508.8	1.9792867973127088
16510.4	1.3245556973127088
16512.1	0.775004597312709
16513.8	0.36482029731270876
16515.4	-0.1777306026872912
16517.1	-0.14352760268729092
16518.8	-0.553571602687291
16520.4	-0.5763248026872908
16522.1	-0.6871164026872911
16523.8	-0.433968602687291
16525.5	-1.110205602687291
16527.1	-0.778577102687291
16528.8	-0.07143920268729112
16530.5	0.801983047312709
16532.1	1.3926283973127087
16533.8	1.2872323973127089
16535.5	1.1139123973127087
16537.1	0.9581990973127092
16538.8	0.000904997312708744
16540.5	-0.2977199026872911
16542.1	-1.2808506026872915
16543.8	-2.0254006026872915
16545.5	-2.731309602687291
16547.1	-2.208003502687291
16548.8	-0.5979692026872911
16550.5	1.901001937312709
16552.1	3.492806397312709
16553.8	4.135076197312709
16555.5	3.355627367312709
16557.1	2.271389397312709
16558.8	0.6862853973127091
16560.5	0.19297679731270878
16562.1	0.016087957312708935
16563.8	0.769463397312709
16565.5	1.2763340973127089
16567.1	1.5659010973127088
16568.8	1.408319497312709
16570.5	1.099752397312709
16572.2	0.9251595973127088
16573.8	0.6334136973127088
16575.5	0.5432663973127088
16577.2	0.5390816973127089
16578.8	0.1520883973127088
16580.5	0.18870239731270882
16582.2	0.22409029731270885
16583.8	0.7011566673127089
16585.5	1.8582559973127093
16587.2	2.779476197312709
16588.8	3.185349397312709
16590.5	3.511348197312709
16592.2	2.8818149973127083
16593.8	2.4481257973127093
16595.5	2.3569503973127093
16597.2	2.5157372973127083
16598.8	3.035175797312709
16600.5	3.5555583973127094
16602.2	3.883577397312709
16603.8	4.6147983973127085
16605.5	4.669782297312709
16607.2	4.301017297312709
16608.8	4.024231697312709
16610.5	3.2549166973127095
16612.2	2.173101797312709
16613.8	1.4540195973127092
16615.5	1.407535197312709
16617.2	1.965384407312709
16618.9	1.9448987973127096
16620.5	1.586460397312709
16622.2	0.30760589731270865
16623.9	-0.7867464026872912
16625.5	-1.9171058026872914
16627.2	-2.245683902687291
16628.9	-1.7908178026872914
16630.5	-1.0426386026872911
16632.2	-0.737843402687291
16633.9	-0.12091070268729105
16635.5	-0.22536410268729093
16637.2	0.052057897312708955
16638.9	0.521677797312709
16640.5	1.5019673973127088
16642.2	2.2469993273127087
16643.9	2.7631263973127087
16645.5	2.4776281973127086
16647.2	2.2772186973127093
16648.9	1.4021563973127091
16650.5	1.2969606973127088
16652.2	0.9600540973127091
16653.9	1.543898397312709
16655.5	2.2069368973127093
16657.2	3.317390397312709
16658.9	4.153105397312709
16660.6	4.826547397312709
16662.2	4.241262597312709
16663.9	3.4195931373127086
16665.6	2.471543597312709
16667.2	1.9178293973127087
16668.9	1.6015523973127093
16670.6	1.927955997312709
16672.2	1.6841923973127089
16673.9	1.2281781973127088
16675.6	0.36458939731270895
16677.2	0.07562349731270879
16678.9	0.9602656973127088
16680.6	1.303203706312709
16682.2	1.1491658883127092
16683.9	0.04136649731270885
16685.6	-1.1256154326872914
16687.2	-2.322802202687291
16688.9	-2.6635470126872907
16690.6	-1.8551948026872913
16692.2	-0.37491990268729114
16693.9	0.10891739731270875
16695.6	0.5675820973127088
16697.2	-0.21988360268729093
16698.9	-0.0803231026872913
16700.6	-0.02777920268729126
16702.2	1.1071203973127086
16703.9	2.5391974733127087
16705.6	3.2623570973127087
16707.3	3.3572228973127087
16708.9	2.847051097312709
16710.6	1.8797129973127091
16712.3	1.5910963973127088
16713.9	0.6487355973127088
16715.6	0.5675787973127087
16717.3	-0.03444580268729096
16718.9	-0.9437225326872909
16720.6	-0.9941537026872913
16722.3	-1.0917327026872907
16723.9	-0.7593924026872909
16725.6	-0.01970070268729085
16727.3	0.250533397312709
16728.9	0.22232869731270863
16730.6	0.1678363973127091
16732.3	-0.6509945026872911
16733.9	-1.137318502687291
16735.6	-1.8249998026872916
16737.3	-1.9864328026872908
16738.9	-2.0801432026872906
16740.6	-1.4187771026872908
16742.3	-0.8187535026872907
16743.9	0.04013618731270872
16745.6	0.2592955973127089
16747.3	0.8418850973127091
16748.9	1.0857570973127089
16750.6	1.1321981973127084
16752.3	0.6928810373127087
16754.0	-0.12967560268729122
16755.6	-0.12447970268729103
16757.3	0.10132729731270906
16759.0	-0.2075453026872911
16760.6	-0.30117260268729107
16762.3	-0.8086316026872913
16764.0	-1.296379602687291
16765.6	-1.6728256026872905
16767.3	-1.8708139026872916
16769.0	-1.061320502687291
16770.6	0.057063997312708815
16772.3	0.7747599973127087
16774.0	1.763218215312709
16775.6	2.4455835973127096
16777.3	3.0475383973127093
16779.0	2.7920104973127087
16780.6	1.9501752973127087
16782.3	0.9968643973127094
16784.0	1.0432020973127094
16785.6	1.008529897312709
16787.3	1.863084597312709
16789.0	2.386822397312709
16790.6	2.6831680973127083
16792.3	2.2883653973127087
16794.0	1.768089057312709
16795.6	0.9418522973127089
16797.3	1.351683997312709
16799.0	1.568558197312709
16800.7	2.273779377312709
16802.3	2.449766397312709
16804.0	2.562298397312709
16805.7	2.049465097312709
16807.3	1.260893497312709
16809.0	0.5671057973127087
16810.7	0.339830497312709
16812.3	0.45984039731270887
16814.0	1.0807880973127086
16815.7	1.3106371973127087
16817.3	1.428629397312709
16819.0	1.401411097312709
16820.7	1.6138525973127087
16822.3	1.9858378973127089
16824.0	2.4154925973127086
16825.7	2.480003397312709
16827.3	2.643601797312709
16829.0	2.475962597312709
16830.7	2.327342597312709
16832.3	2.1342562973127093
16834.0	2.029865397312709
16835.7	1.404301597312709
16837.3	1.2355507273127089
16839.0	0.8108962573127089
16840.7	1.012575697312709
16842.4	1.4958133973127088
16844.0	2.122947897312709
16845.7	2.1255722273127082
16847.4	1.8212731973127092
16849.0	1.040749097312709
16850.7	0.9372736973127086
16852.4	0.6588328273127092
16854.0	0.6949661893127084
16855.7	0.9537758973127091
16857.4	1.5618183973127093
16859.0	1.2497183973127086
16860.7	0.5905821973127089
16862.4	-0.21459744268729114
16864.0	-0.7839566026872906
16865.7	-0.528289602687291
16867.4	0.39829020731270903
16869.0	1.847523497312709
16870.7	2.737994597312709
16872.4	2.8276269573127086
16874.0	2.1990177973127087
16875.7	1.658717357312709
16877.4	1.292000397312709
16879.0	1.9155723973127088
16880.7	2.854589397312709
16882.4	3.3890977973127088
16884.0	3.1490213973127092
16885.7	2.423719397312709
16887.4	1.429367137312709
16889.1	0.8458293973127088
16890.7	0.9314534973127089
16892.4	1.7687461973127092
16894.1	3.1302423973127094
16895.7	4.004515897312709
16897.4	4.211545097312708
16899.1	3.653177297312709
16900.7	2.5237473973127087
16902.4	1.315746357312709
16904.1	-0.1141850736872911
16905.7	-0.807509702687291
16907.4	-0.8075078026872914
16909.1	-0.12551960268729112
16910.7	0.8873717973127082
16912.4	1.4623065973127087
16914.1	2.050409097312709
16915.7	2.253304497312709
16917.4	2.465778397312709
16919.1	2.5603738973127093
16920.7	2.447534957312709
16922.4	2.388645697312709
16924.1	1.9007845973127089
16925.7	1.395309597312709
16927.4	1.9552814873127087
16929.1	2.543676897312709
16930.7	4.120037197312709
16932.4	4.736337697312708
16934.1	4.42323639731271
16935.8	3.371245097312708
16937.4	1.8373233973127086
16939.1	0.379786537312709
16940.8	0.138927797312709
16942.4	-0.3358568026872911
16944.1	0.03453839731270882
16945.8	0.41193339731270917
16947.4	0.8514513973127089
16949.1	0.746306097312709
16950.8	1.131954097312709
16952.4	0.6282025973127088
16954.1	0.7288004973127087
16955.8	0.4441147973127089
16957.4	0.4011172973127092
16959.1	0.2834015773127089
16960.8	-0.20395830268729115
16962.4	-1.076641602687291
16964.1	-1.364270602687291
16965.8	-1.0290166026872911
16967.4	-0.2502791926872911
16969.1	0.9368175973127089
16970.8	2.006678697312709
16972.4	2.3056903973127088
16974.1	2.0053373973127093
16975.8	1.447835797312709
16977.4	1.4660673973127092
16979.1	1.7853936773127093
16980.8	1.4701310973127089
16982.5	1.3458795973127091
16984.1	0.46378279731270877
16985.8	-0.4891526126872911
16987.5	-1.0336995726872913
16989.1	-1.3700746026872912
16990.8	-0.9391492026872911
16992.5	0.07215389731270908
16994.1	0.8923394973127092
16995.8	2.3047156173127097
16997.5	2.906855297312709
16999.1	3.396681297312709
17000.8	2.921847497312709
17002.5	1.790091587312709
17004.1	0.4128203973127089
17005.8	-1.097765402687291
17007.5	-2.6328512026872906
17009.1	-3.167234602687291
17010.8	-3.4709146026872917
17012.5	-3.20797110268729
17014.1	-2.737623672687291
17015.8	-2.0222190026872915
17017.5	-0.743280202687291
17019.1	0.4739603973127087
17020.8	1.3602651273127089
17022.5	2.031009397312709
17024.2	2.7124836973127087
17025.8	2.472194597312709
17027.5	2.156314397312709
17029.2	1.5748383973127091
17030.8	0.804623397312709
17032.5	0.0794250273127088
17034.2	-0.826615602687291
17035.8	-2.1814123026872907
17037.5	-2.6106952026872916
17039.2	-3.182884002687291
17040.8	-2.942254702687291
17042.5	-1.9392365026872909
17044.2	-0.8947451026872912
17045.8	0.18990017731270892
17047.5	0.334944397312709
17049.2	-0.17870460268729094
17050.8	-0.8671325026872905
17052.5	-0.8410489026872906
17054.2	-0.7120370026872909
17055.8	0.1948413973127087
17057.5	0.6930340673127089
17059.2	1.265089997312709
17060.8	1.196940197312709
17062.5	0.591656497312709
17064.2	0.18786339731270885
17065.8	0.5023933973127092
17067.5	0.6325144873127091
17069.2	0.802277897312709
17070.9	0.403858997312709
17072.5	-0.839294302687291
17074.2	-1.9248995026872913
17075.9	-3.3270174026872916
17077.5	-3.9036230026872913
17079.2	-3.198891602687291
17080.9	-1.9651242026872908
17082.5	-0.8373962026872908
17084.2	0.5099443973127087
17085.9	1.3255580973127088
17087.5	2.4963473973127086
17089.2	2.9040663973127088
17090.9	2.3229013973127093
17092.5	1.7101703973127087
17094.2	0.44684539731270884
17095.9	-0.5705915226872911
17097.5	-0.9024466026872909
17099.2	-1.4697478026872912
17100.9	-1.013138122687291
17102.5	-1.4693229026872907
17104.2	-1.8334623026872912
17105.9	-1.2158224026872912
17107.5	-0.4940385026872912
17109.2	0.7324689973127088
17110.9	2.425856497312709
17112.5	3.126728497312709
17114.2	4.1858618973127095
17115.9	4.227781797312709
17117.6	4.219782397312708
17119.2	3.974287397312709
17120.9	3.7032917973127084
17122.6	2.799969097312709
17124.2	1.8471443973127086
17125.9	0.500017497312709
17127.6	-0.4867002026872914
17129.2	-0.9576302026872909
17130.9	-0.5424549026872911
17132.6	-0.149536602687291
17134.2	0.5766900273127087
17135.9	0.990410397312709
17137.6	1.2849059973127088
17139.2	1.3330183973127088
17140.9	1.091043397312709
17142.6	1.3637550973127088
17144.2	1.1823162773127087
17145.9	0.5788932973127089
17147.6	-0.04795060268729108
17149.2	-0.9590586026872913
17150.9	-1.3323443026872908
17152.6	-1.400238412687291
17154.2	-1.6954872526872915
17155.9	-1.2897874026872913
17157.6	-1.229404602687291
17159.2	-1.5775010026872915
17160.9	-1.6891621026872912
17162.6	-1.682154702687291
17164.3	-1.3832505026872908
17165.9	-0.8600518026872909
17167.6	-0.4394766026872907
17169.3	0.45592879731270886
17170.9	1.3009346973127083
17172.6	2.0235532973127093
17174.3	2.7740239973127094
17175.9	3.0648650673127085
17177.6	3.037894737312709
17179.3	2.428366397312709
17180.9	1.973809497312709
17182.6	2.132817397312709
17184.3	2.575868197312709
17185.9	2.5977193973127086
17187.6	3.166784777312709
17189.3	2.3902853973127085
17190.9	1.9671653973127092
17192.6	0.8646533973127088
17194.3	-0.011114602687291076
17195.9	-0.26266060268729097
17197.6	0.2357813973127092
17199.3	0.07516039731270881
17200.9	0.6605882973127091
17202.6	0.8941765973127092
17204.3	1.0724768973127088
17206.0	1.311890297312709
17207.6	2.132437797312709
17209.3	2.949609397312709
17211.0	4.602625697312709
17212.6	5.070225997312709
17214.3	5.057668397312709
17216.0	4.131392397312709
17217.6	2.987342397312709
17219.3	1.474766997312709
17221.0	0.986261267312709
17222.6	0.7009933973127092
17224.3	1.2704343973127088
17226.0	0.8343465573127089
17227.6	0.30165109731270884
17229.3	-0.4389880026872911
17231.0	-0.761830802687291
17232.6	-0.513800402687291
17234.3	0.11371789731270923
17236.0	0.9718863973127088
17237.6	2.2108708973127085
17239.3	2.547063663312709
17241.0	3.0558475973127086
17242.6	3.0910810273127085
17244.3	2.1140763973127092
17246.0	0.7576123973127089
17247.6	-0.9742386916872909
17249.3	-2.4889421026872913
17251.0	-2.795188602687291
17252.7	-3.260422602687291
17254.3	-2.361677402687291
17256.0	-1.6684740026872913
17257.7	-0.707261002687291
17259.3	0.8076531973127091
17261.0	2.465830397312709
17262.7	3.8511223973127087
17264.3	4.414573397312709
17266.0	3.5276502973127086
17267.7	2.114875697312709
17269.3	-0.11184570268729122
17271.0	-1.597638402687291
17272.7	-2.0373646026872905
17274.3	-1.494885602687291
17276.0	-0.7700722026872908
17277.7	0.4672594973127092
17279.3	1.4947222673127092
17281.0	2.022464087312709
17282.7	2.210593797312709
17284.3	2.6559633973127084
17286.0	2.509699397312709
17287.7	2.6961013973127086
17289.3	2.067233397312709
17291.0	2.132295797312709
17292.7	1.8970303973127087
17294.3	1.6842050073127097
17296.0	1.7908604973127094
17297.7	1.8625524973127086
17299.4	2.173779907312709
17301.0	2.376601797312709
17302.7	1.8593429973127087
17304.4	1.3730463373127086
17306.0	0.5985763973127087
17307.7	0.3197583973127088
17309.4	0.7858612973127087
17311.0	2.0460723973127086
17312.7	3.7204623973127093
17314.4	5.065151397312709
17316.0	5.316960197312708
17317.7	4.470000397312709
17319.4	3.394465397312709
17321.0	2.3570415973127092
17322.7	1.0355749973127089
17324.4	0.19792509731270885
17326.0	-0.2619675026872911
17327.7	-0.4294081626872911
17329.4	-0.6555463026872911
17331.0	-0.4787136026872913
17332.7	0.1559652973127088
17334.4	1.2241763973127089
17336.0	1.914158397312709
17337.7	2.556052397312709
17339.4	2.9839603973127087
17341.0	3.4155555973127085
17342.7	3.050105997312709
17344.4	2.7662523973127096
17346.1	2.333393397312709
17347.7	2.655291397312709
17349.4	2.843091397312709
17351.1	2.9722553973127086
17352.7	2.990985797312709
17354.4	3.0354176973127087
17356.1	2.4597193973127096
17357.7	2.096474397312709
17359.4	2.0366483973127085
17361.1	2.4935403973127093
17362.7	3.362008797312709
17364.4	3.9425643973127094
17366.1	3.657164797312709
17367.7	2.9176530973127095
17369.4	1.7190903973127092
17371.1	0.3692883973127087
17372.7	-0.19903190268729087
17374.4	-0.18708560268729113
17376.1	-0.01580085268729081
17377.7	0.664936697312709
17379.4	0.6475033973127088
17381.1	0.5196323973127088
17382.7	0.4802453973127089
17384.4	0.0697210873127089
17386.1	-0.7147135026872911
17387.8	-1.6332456026872912
17389.4	-2.4518294026872915
17391.1	-2.850880902687291
17392.8	-2.8766055026872905
17394.4	-2.5298779626872907
17396.1	-2.254791102687291
17397.8	-1.446967302687291
17399.4	-0.3811935026872907
17401.1	0.841343597312709
17402.8	2.526687697312709
17404.4	4.005800897312708
17406.1	4.312320797312708
17407.8	4.24140939731271
17409.4	3.2637783973127084
17411.1	2.800602397312709
17412.8	2.7280616973127088
17414.4	2.971243697312709
17416.1	2.826172197312709
17417.8	3.160148597312709
17419.4	2.502306237312709
17421.1	2.264086197312709
17422.8	1.8231601973127085
17424.4	1.787931397312709
17426.1	2.2172350973127086
17427.8	2.624059597312709
17429.4	2.521059397312709
17431.1	2.110930947312709
17432.8	1.2205385273127092
17434.5	0.8979928973127091
17436.1	1.055901797312709
17437.8	1.588738397312709
17439.5	3.0575723973127094
17441.1	4.1471043973127095
17442.8	4.463186397312709
17444.5	3.696346497312709
17446.1	2.551765397312708
17447.8	0.8744975973127092
17449.5	-0.17322560268729106
17451.1	-0.7814503026872911
17452.8	-0.9780489326872909
17454.5	-0.462495702687291
17456.1	0.26765789731270884
17457.8	0.7597693973127089
17459.5	1.7725057973127085
17461.1	1.7955635973127084
17462.8	1.489906697312709
17464.5	1.6732833973127086
17466.1	1.1792639973127088
17467.8	0.6561279873127089
17469.5	0.8010611973127091
17471.1	0.4843837973127087
17472.8	0.20165899731270862
17474.5	0.44822979731270907
17476.1	0.3716765973127091
17477.8	1.157948397312709
17479.5	2.2821063973127087
17481.2	2.6731132973127085
17482.8	3.234461397312709
17484.5	3.432976797312709
17486.2	3.303424397312709
17487.8	3.617238397312709
17489.5	3.2947983973127086
17491.2	2.6380569973127086
17492.8	2.4421587973127084
17494.5	1.8597800973127092
17496.2	0.7931654973127089
17497.8	0.14932309731270924
17499.5	-0.3323019026872912
17501.2	-0.1736128026872911
17502.8	0.581059977312709
17504.5	1.0365204973127091
17506.2	2.0325307973127087
17507.8	2.448756797312709
17509.5	1.590433397312709
17511.2	0.529065597312709
17512.8	-0.6363696026872911
17514.5	-2.0640286026872916
17516.2	-2.553289102687291
17517.8	-2.3342502026872913
17519.5	-0.8622136026872911
17521.2	1.082015197312709
17522.8	2.530970397312709
17524.5	3.310406297312709
17526.2	3.6165326973127088
17527.9	3.679919261312709
17529.5	3.88178639731271
17531.2	4.742897397312708
17532.9	5.174632397312709
17534.5	5.55384739731271
17536.2	4.646112397312709
17537.9	3.6826833973127093
17539.5	2.6412483973127086
17541.2	1.9526719973127094
17542.9	1.4797738973127088
17544.5	1.4410975973127087
17546.2	1.0220412973127084
17547.9	1.603266397312709
17549.5	1.9843343973127088
17551.2	2.5591744973127084
17552.9	3.0076068973127095
17554.5	3.1929833973127093
17556.2	3.6368133973127086
17557.9	4.285723797312709
17559.5	4.504291397312708
17561.2	5.2402201473127095
17562.9	5.483879797312708
17564.5	5.000358697312708
17566.2	3.359124247312709
17567.9	1.624280397312709
17569.6	0.17621239731270869
17571.2	-0.22822000268729123
17572.9	-0.42260970268729103
17574.6	-0.11473940268729099
17576.2	0.3628836973127088
17577.9	1.1789694973127087
17579.6	1.494605097312709
17581.2	1.6266762973127094
17582.9	1.325726497312709
17584.6	1.2062937973127088
17586.2	0.4804513973127088
17587.9	0.039699797312708986
17589.6	-0.046623602687291064
17591.2	0.24906498731270893
17592.9	0.8611528973127088
17594.6	1.0272314973127086
17596.2	0.18570649731270877
17597.9	-0.339724102687291
17599.6	-0.9928834026872909
17601.2	-1.284076902687291
17602.9	-1.2064036026872909
17604.6	-1.0127516026872911
17606.2	-1.3175408026872908
17607.9	-1.856929702687291
17609.6	-2.9104867026872916
17611.2	-3.4311517026872913
17612.9	-3.352822602687291
17614.6	-2.508683192687291
17616.3	-1.9364822026872908
17617.9	-0.5679508026872911
17619.6	-0.1763686026872912
17621.3	0.30406639731270924
17622.9	0.5164223973127088
17624.6	0.428797397312709
17626.3	0.07229359731270861
17627.9	0.18089149731270898
17629.6	0.34757639731270906
17631.3	1.333997397312709
17632.9	1.4656761973127093
17634.6	0.8034744773127089
17636.3	0.5064793973127089
17637.9	-0.35777560268729125
17639.6	-0.7237506026872909
17641.3	-0.818469542687291
17642.9	-0.7826805026872912
17644.6	-1.0777976026872906
17646.3	-1.018045002687291
17647.9	-1.1195633026872909
17649.6	0.21367049731270935
17651.3	1.1364632073127092
17652.9	2.314267397312709
17654.6	3.104756097312709
17656.3	3.2978914973127096
17657.9	2.8928013973127085
17659.6	2.5867744973127085
17661.3	2.8379059973127085
17663.0	3.112348297312709
17664.6	2.7380294973127084
17666.3	2.227608997312709
17668.0	1.420477897312709
17669.6	0.3088230973127089
17671.3	-0.16213953268729114
17673.0	-0.45208120268729124
17674.6	0.3394619973127084
17676.3	0.678473097312709
17678.0	0.3691057973127088
17679.6	0.0157068973127088
17681.3	0.07982239731270901
17683.0	-0.05101660268729091
17684.6	0.16895739731270892
17686.3	0.11040539731270886
17688.0	0.04590399731270885
17689.6	-0.494091832687291
17691.3	-0.8552520726872913
17693.0	-0.419856402687291
17694.6	-0.15555970268729125
17696.3	-0.03541240268729111
17698.0	0.2672405973127091
17699.6	0.5884025973127089
17701.3	1.363499897312709
17703.0	2.176851097312709
17704.6	1.8613738973127092
17706.3	1.872726297312709
17708.0	0.3181019973127091
17709.7	-1.096661602687291
17711.3	-1.819466602687291
17713.0	-1.6695299326872912
17714.7	-1.081526902687291
17716.3	0.0016024973127087617
17718.0	1.0740403973127086
17719.7	1.5471003973127089
17721.3	1.6942332973127094
17723.0	1.6934447973127091
17724.7	1.6007296973127088
17726.3	1.6380343973127087
17728.0	2.434017397312709
17729.7	2.890540297312709
17731.3	4.298895197312708
17733.0	4.861251397312708
17734.7	5.365230397312709
17736.3	5.543484697312709
17738.0	5.417976397312708
17739.7	4.231186497312709
17741.3	2.5445413973127087
17743.0	0.7098470973127089
17744.7	-0.32539610268729097
17746.3	-0.5819687026872908
17748.0	-0.13508910268729074
17749.7	1.014965197312709
17751.4	2.2926084973127088
17753.0	2.9620708973127092
17754.7	3.562898797312709
17756.4	4.0206578973127085
17758.0	4.110419397312708
17759.7	3.672796597312709
17761.4	2.2326133273127087
17763.0	0.883473397312709
17764.7	0.20238539731270908
17766.4	0.6765448973127091
17768.0	1.7725574973127096
17769.7	3.0131193973127095
17771.4	3.3936583973127092
17773.0	2.4483428673127094
17774.7	0.8395163973127084
17776.4	-0.9816636026872907
17778.0	-2.318574602687291
17779.7	-2.0017486026872917
17781.4	-1.1399080326872908
17783.0	-0.2722726026872909
17784.7	0.9578693973127089
17786.4	1.7319853973127088
17788.0	2.934021367312709
17789.7	3.654842497312709
17791.4	3.8634082973127093
17793.0	3.989986197312709
17794.7	3.4362187373127084
17796.4	2.627171282312709
17798.1	2.086582377312709
17799.7	1.6201033973127086
17801.4	1.3225950773127089
17803.1	1.2398006973127091
17804.7	1.450271497312709
17806.4	2.6144166873127093
17808.1	3.5577352973127083
17809.7	4.248467797312709
17811.4	4.088828397312709
17813.1	3.393487597312709
17814.7	2.459553397312709
17816.4	1.513357597312709
17818.1	1.156445497312709
17819.7	1.284977397312709
17821.4	0.713190397312709
17823.1	0.21714819731270923
17824.7	-0.5369763026872908
17826.4	-1.627670402687291
17828.1	-1.496678002687291
17829.7	-1.712050602687291
17831.4	-1.261769002687291
17833.1	-0.8531773026872911
17834.7	-1.2290152026872914
17836.4	-0.9436859026872912
17838.1	-0.8687956026872911
17839.7	-1.2894546026872913
17841.4	-0.2520466026872911
17843.1	-0.06080830268729116
17844.8	0.6668686573127088
17846.4	1.5317332973127082
17848.1	2.0680018973127092
17849.8	2.7228625973127087
17851.4	3.2066499973127094
17853.1	1.470537797312709
17854.8	-0.25210810268729095
17856.4	-2.6181494826872913
17858.1	-4.1413706026872905
17859.8	-4.304767902687291
17861.4	-2.8716939026872916
17863.1	-1.182537302687291
17864.8	0.953792297312709
17866.4	1.6397809973127084
17868.1	1.9046963973127085
17869.8	1.6911130973127086
17871.4	1.694573197312709
17873.1	2.207405397312709
17874.8	2.9006583973127085
17876.4	3.3080291973127087
17878.1	3.6293633973127086
17879.8	2.8229802973127085
17881.4	2.359982297312709
17883.1	1.312056497312709
17884.8	0.534623297312709
17886.4	0.3610031773127092
17888.1	0.39906325731270886
17889.8	0.8553000973127093
17891.5	1.4030899973127091
17893.1	2.0064726973127085
17894.8	3.5011663973127085
17896.5	3.827758397312709
17898.1	4.199015097312708
17899.8	4.789398397312708
17901.5	4.957502897312709
17903.1	5.696256497312708
17904.8	6.012982397312709
17906.5	5.987162397312709
17908.1	5.583363397312708
17909.8	3.712070397312709
17911.5	1.9674273973127085
17913.1	0.5593569973127088
17914.8	0.07530239731270907
17916.5	0.5946263973127092
17918.1	1.1280224973127086
17919.8	1.9532153973127095
17921.5	2.2639572973127087
17923.1	2.314655397312709
17924.8	2.8096376973127093
17926.5	2.824024689312709
17928.1	2.395233997312709
17929.8	1.486325197312709
17931.5	0.18229939731270922
17933.2	-0.41016060268729115
17934.8	-0.691346702687291
17936.5	-0.19473950268729112
17938.2	0.8244944973127091
17939.8	0.44674759731270913
17941.5	0.2523953973127087
17943.2	-0.5733089026872912
17944.8	-1.2650593026872912
17946.5	-1.046257112687291
17948.2	-0.4059906326872909
17949.8	-0.008715602687290946
17951.5	0.698001447312709
17953.2	1.3150113973127089
17954.8	2.471983397312709
17956.5	3.8469265973127094
17958.2	4.485523297312709
17959.8	4.294529497312709
17961.5	3.2378743973127087
17963.2	1.511253397312709
17964.8	0.08300069731270909
17966.5	-0.347468302687291
17968.2	0.6956654973127087
17969.8	2.467842897312709
17971.5	4.251315997312708
17973.2	6.044538397312709
17974.8	7.37087784731271
17976.5	7.75516999731271
17978.2	7.396604997312709
17979.9	5.6290915973127085
17981.5	3.739516697312709
17983.2	1.899783497312709
17984.9	0.7095761973127092
17986.5	0.4191353973127091
17988.2	0.7598983973127089
17989.9	1.3766656973127092
17991.5	1.9398648973127088
17993.2	2.1685903973127094
17994.9	2.1516649973127087
17996.5	2.293675027312709
17998.2	2.649715697312709
17999.9	2.553780397312709
18001.5	2.6276520973127084
18003.2	2.124455397312709
18004.9	1.2850551973127093
18006.5	0.5963056973127089
18008.2	-0.43144030268729094
18009.9	-0.5360469026872913
18011.5	-0.16280605268729093
18013.2	0.273678397312709
18014.9	0.8788557973127091
18016.5	1.9239613973127092
18018.2	2.7508651973127085
18019.9	3.698250497312709
18021.5	3.783123397312709
18023.2	4.126025397312709
18024.9	3.9013073973127086
18026.6	3.107948197312709
18028.2	2.506448097312709
18029.9	1.7235106973127088
18031.6	1.2928543973127091
18033.2	1.7511665973127086
18034.9	2.8757203973127092
18036.6	4.892532997312709
18038.2	7.189196397312709
18039.9	7.8847491973127095
18041.6	7.617861697312708
18043.2	6.221029897312709
18044.9	4.065188597312709
18046.6	2.439685397312709
18048.2	1.8551913973127085
18049.9	2.119307997312709
18051.6	3.074384197312709
18053.2	4.28887759731271
18054.9	4.37553499731271
18056.6	4.458892397312709
18058.2	3.3148953973127093
18059.9	1.9022057973127082
18061.6	1.4522533973127085
18063.2	1.7182373973127085
18064.9	2.805342397312709
18066.6	3.6289257973127085
18068.2	3.4385153973127087
18069.9	3.0904576973127083
18071.6	1.8711523973127087
18073.3	1.2969577273127086
18074.9	1.199991597312709
18076.6	0.41216239731270915
18078.3	0.36538459731270906
18079.9	0.20843739731270894
18081.6	-0.5061748026872911
18083.3	-0.26726798268729085
18084.9	-0.648117602687291
18086.6	0.10654139731270877
18088.3	0.7613373973127092
18089.9	1.311357397312709
18091.6	1.983654717312709
18093.3	3.1975401973127084
18094.9	3.149873997312709
18096.6	2.5955380973127093
18098.3	1.0854875973127087
18099.9	-0.3717502026872911
18101.6	-2.0210333126872913
18103.3	-2.7656066026872907
18104.9	-2.6323596026872904
18106.6	-1.5054395026872909
18108.3	-0.13500730268729094
18109.9	1.4748365973127087
18111.6	2.5951628073127084
18113.3	3.3405533973127093
18115.0	3.164798397312709
18116.6	3.3072183973127087
18118.3	2.6986832973127086
18120.0	1.3197304973127089
18121.6	-0.09009615268729107
18123.3	-1.277706832687291
18125.0	-2.5869172026872915
18126.6	-2.5992838026872915
18128.3	-2.999782602687291
18130.0	-2.368986602687291
18131.6	-1.000628402687291
18133.3	-0.08562301268729086
18135.0	0.7484820973127091
18136.6	1.2000719973127087
18138.3	1.274104897312709
18140.0	0.866236897312709
18141.6	0.6515776873127089
18143.3	0.40034969731270903
18145.0	0.8504146973127089
18146.6	0.423557197312709
18148.3	-0.23755669268729113
18150.0	-1.2336800026872914
18151.6	-1.4285336026872908
18153.3	-1.6975500026872907
18155.0	-1.9272237026872912
18156.6	-2.0711933166872902
18158.3	-1.9983283026872907
18160.0	-2.279455002687291
18161.7	-1.5906103026872902
18163.3	0.5517461973127091
18165.0	2.465815487312709
18166.7	3.617683297312709
18168.3	3.6815146133127086
18170.0	2.775422097312709
18171.7	1.7564656973127093
18173.3	1.6218491973127094
18175.0	1.7867733773127092
18176.7	2.5490968973127086
18178.3	2.854087197312708
18180.0	1.737542497312709
18181.7	0.9994883973127091
18183.3	0.09643839731270916
18185.0	-0.05991800268729115
18186.7	0.6698162973127092
18188.3	1.088177607312709
18190.0	0.878001387312709
18191.7	0.4877596973127094
18193.3	-0.9351181026872913
18195.0	-1.9366838026872908
18196.7	-3.270843602687291
18198.3	-3.5077153026872905
18200.0	-3.2077396026872913
18201.7	-2.381239202687291
18203.3	-1.6700660026872907
18205.0	-0.9573356026872911
18206.7	-0.692410302687291
18208.4	0.05418745731270913
18210.0	0.09219339731270897
18211.7	0.37401439731270875
18213.4	0.6205533973127091
18215.0	0.9432003973127088
18216.7	0.9577863973127091
18218.4	1.0282893973127087
18220.0	0.818402397312709
18221.7	1.118552367312709
18223.4	1.7693490973127086
18225.0	2.2247252973127085
18226.7	2.8978612973127094
18228.4	3.460502697312709
18230.0	3.1158138973127087
18231.7	3.294279597312709
18233.4	2.892316197312709
18235.0	2.397253297312709
18236.7	2.098085397312709
18238.4	1.4743733973127087
18240.0	0.49082689731270895
18241.7	0.38132639731270895
18243.4	0.38829779731270886
18245.0	1.7880674973127093
18246.7	3.3088862973127093
18248.4	4.95504151731271
18250.0	5.428717597312709
18251.7	5.535836597312709
18253.4	4.68569438731271
18255.1	3.220648197312709
18256.7	1.607896820312709
18258.4	0.9173283973127088
18260.1	-0.045191182687291054
18261.7	0.050264097312708825
18263.4	-0.5177811026872912
18265.1	-0.6974169026872911
18266.7	-0.9728304026872909
18268.4	-1.5472756026872911
18270.1	-2.115785602687291
18271.7	-1.8596631026872905
18273.4	-1.304602402687291
18275.1	-0.44218910268729117
18276.7	-0.19770740268729128
18278.4	0.6422823973127091
18280.1	1.333657397312709
18281.7	1.6270816973127098
18283.4	2.5344345973127083
18285.1	3.367374097312709
18286.7	3.231083327312709
18288.4	2.0905001973127084
18290.1	0.2319923973127091
18291.7	-0.8848220026872913
18293.4	-0.8190147026872913
18295.1	0.09424249731270881
18296.8	0.7899413973127087
18298.4	1.4126473973127087
18300.1	0.34608739731270893
18301.8	-1.161405902687291
18303.4	-2.3608107026872913
18305.1	-2.2920832026872917
18306.8	-1.180695602687291
18308.4	-0.11632820268729134
18310.1	0.5324409073127088
18311.8	1.153517387312709
18313.4	1.051100397312709
18315.1	1.2458685973127088
18316.8	0.7602387973127088
18318.4	-0.06312980268729103
18320.1	-0.05035690268729098
18321.8	-0.19563250268729115
18323.4	-0.1370188026872911
18325.1	-0.19064660268729106
18326.8	-0.38582900268729114
18328.4	-0.3080406026872909
18330.1	-0.13604460268729116
18331.8	0.4825672973127088
18333.4	2.1648713973127083
18335.1	3.2623075973127085
18336.8	3.974454597312709
18338.4	3.9276753973127088
18340.1	3.042672197312709
18341.8	2.471889397312709
18343.5	1.4460303973127089
18345.1	0.26369739731270875
18346.8	-0.25338460268729096
18348.5	-1.453377802687291
18350.1	-1.3636892026872913
18351.8	-0.5389476026872911
18353.5	-0.402963202687291
18355.1	-0.079963202687291
18356.8	-0.5512767626872913
18358.5	-1.4163282826872912
18360.1	-1.484685452687291
18361.8	-1.459163942687291
18363.5	-0.48174200268729095
18365.1	1.8284872173127085
18366.8	2.858522397312708
18368.5	3.1682503973127085
18370.1	2.4459619973127085
18371.8	1.3942003973127084
18373.5	0.6552999833127089
18375.1	0.6171574973127093
18376.8	0.611871397312709
18378.5	1.7934173973127088
18380.1	2.531617597312709
18381.8	2.9326971543127085
18383.5	2.8385193973127087
18385.1	3.3281313973127085
18386.8	3.5677034873127083
18388.5	3.94845139731271
18390.2	3.4861393973127095
18391.8	2.903688797312709
18393.5	2.819279207312709
18395.2	2.3953758973127095
18396.8	1.794693397312709
18398.5	1.7783375973127094
18400.2	1.0424960973127089
18401.8	0.938576397312709
18403.5	0.6088584973127091
18405.2	0.6686535973127089
18406.8	1.561398397312709
18408.5	2.901784697312709
18410.2	3.6281261973127092
18411.8	3.616533697312709
18413.5	2.9523229973127085
18415.2	2.5118843973127087
18416.8	1.8838538973127092
18418.5	1.4091693973127088
18420.2	0.3633401973127091
18421.8	-0.7105461026872909
18423.5	-1.859997362687291
18425.2	-2.794793302687291
18426.8	-3.242740002687291
18428.5	-1.7803661126872914
18430.2	0.31053499731270884
18431.8	2.3158476973127087
18433.5	3.8406508973127083
18435.2	4.608252197312709
18436.9	4.3881753973127084
18438.5	4.092234797312709
18440.2	2.7811720973127088
18441.9	1.914111397312709
18443.5	1.026354097312709
18445.2	0.4080648973127092
18446.9	0.07787272831270911
18448.5	0.5446655973127089
18450.2	0.725607297312709
18451.9	0.28767539731270886
18453.5	-0.6883025026872912
18455.2	-1.5470686026872909
18456.9	-1.6237146026872913
18458.5	-1.423397602687291
18460.2	-0.880493602687291
18461.9	-0.7883376026872908
18463.5	-0.2984766026872911
18465.2	-0.7026396026872908
18466.9	-0.7833586026872906
18468.5	-0.24298060268729108
18470.2	1.3831219973127091
18471.9	2.832729697312709
18473.5	3.4622463973127084
18475.2	4.0015717973127085
18476.9	4.601966397312708
18478.6	5.017009897312709
18480.2	4.397548097312709
18481.9	4.121642597312709
18483.6	3.476734597312709
18485.2	3.3160683973127085
18486.9	2.6979481973127095
18488.6	2.374971797312709
18490.2	1.9690148973127084
18491.9	1.538241397312709
18493.6	0.18878849731270897
18495.2	-0.2585725026872911
18496.9	-0.9354411726872911
18498.6	-1.190524502687291
18500.2	-0.9704193026872912
18501.9	-1.084724602687291
18503.6	-1.2883734026872908
18505.2	-0.7177315026872911
18506.9	-0.2220368026872912
18508.6	0.3475241973127087
18510.2	0.28431239731270874
18511.9	-0.19987060268729148
18513.6	-0.9571475026872911
18515.2	-1.519346602687291
18516.9	-1.8906560026872907
18518.6	-1.817115102687291
18520.2	-1.768359702687291
18521.9	-2.505923302687291
18523.6	-2.431112402687291
18525.3	-1.766935602687291
18526.9	-0.25040460268729114
18528.6	1.7531193973127093
18530.3	4.439982197312709
18531.9	5.85762929731271
18533.6	6.2200253973127095
18535.3	4.968676797312709
18536.9	3.9265721973127086
18538.6	2.274058397312709
18540.3	1.505596297312709
18541.9	0.8399813973127092
18543.6	1.0457623973127088
18545.3	1.035556397312709
18546.9	0.8492553973127089
18548.6	0.8852288973127088
18550.3	1.447507897312709
18551.9	1.2012873973127092
18553.6	1.2493552973127091
18555.3	0.8871820973127089
18556.9	0.6164933973127089
18558.6	0.49612799731270885
18560.3	0.4682163973127091
18561.9	0.418300397312709
18563.6	-0.14842360268729107
18565.3	-0.774764702687291
18566.9	-1.5300304026872908
18568.6	-1.1621237026872908
18570.3	-0.08196560268729117
18572.0	0.5762506973127088
18573.6	1.3575767973127089
18575.3	0.8851860573127089
18577.0	-0.4439524026872913
18578.6	-0.9458956026872911
18580.3	-1.135160802687291
18582.0	-0.5364746026872911
18583.6	0.19988439731270896
18585.3	-0.4216365026872911
18587.0	-0.6413256026872911
18588.6	-1.4574697026872911
18590.3	-1.696763402687291
18592.0	-1.1571366026872911
18593.6	-0.6133611026872908
18595.3	-0.23603320268729097
18597.0	0.407533397312709
18598.6	0.03436939731270901
18600.3	0.28392419731270885
18602.0	0.016067497312708755
18603.6	-0.6260837026872907
18605.3	-0.8834199026872911
18607.0	-0.9362007026872909
18608.6	-1.3459816026872908
18610.3	0.07163709731270909
18612.0	0.657278897312709
18613.6	1.356816217312709
18615.3	2.0805955973127093
18617.0	2.925219997312709
18618.7	3.1915449973127092
18620.3	3.3465111973127093
18622.0	1.6592720973127093
18623.7	0.24989459731270847
18625.3	-1.3013886026872905
18627.0	-2.0341475026872913
18628.7	-1.4307666026872912
18630.3	0.6204493973127085
18632.0	2.2215414973127094
18633.7	2.9083543973127086
18635.3	3.291983697312709
18637.0	3.0548853973127086
18638.7	3.4950133973127087
18640.3	4.4988283973127094
18642.0	5.530258397312709
18643.7	6.502656397312708
18645.3	6.620762397312708
18647.0	5.496264697312708
18648.7	4.072155497312709
18650.3	2.1131771973127087
18652.0	0.8462093973127093
18653.7	0.36332739731270874
18655.3	0.298803397312709
18657.0	0.8245196973127094
18658.7	1.4359243973127085
18660.4	1.4725755973127088
18662.0	1.205795797312709
18663.7	0.7414973973127088
18665.4	0.598682997312709
18667.0	0.2819183973127089
18668.7	0.22646149731270918
18670.4	0.4554179973127093
18672.0	0.8644493973127091
18673.7	0.957088097312709
18675.4	1.773433397312709
18677.0	2.056896397312708
18678.7	2.4906951973127085
18680.4	1.6718695973127087
18682.0	0.771733797312709
18683.7	0.4897983973127089
18685.4	0.1553783973127089
18687.0	-0.38059760268729115
18688.7	0.5882475043127091
18690.4	0.6282003973127089
18692.0	1.0214463973127093
18693.7	1.297991397312709
18695.4	1.8020589973127088
18697.0	2.9367923973127086
18698.7	3.8554283973127084
18700.4	3.4311472973127097
18702.0	3.1705968973127083
18703.7	2.910158397312709
18705.4	2.2537136973127083
18707.1	1.940521397312709
18708.7	2.617149397312709
18710.4	3.2083450973127086
18712.1	4.1064059973127085
18713.7	4.537486397312708
18715.4	4.703238397312709
18717.1	4.652661397312709
18718.7	3.629565397312709
18720.4	2.664363797312709
18722.1	2.752593397312709
18723.7	3.014100497312709
18725.4	3.9018446973127086
18727.1	3.86391069731271
18728.7	2.9037375473127085
18730.4	1.8771083973127083
18732.1	0.5971079973127088
18733.7	0.25782539731270915
18735.4	0.4237435873127092
18737.1	1.153109997312709
18738.7	1.656163397312709
18740.4	2.138767397312709
18742.1	2.0976303973127095
18743.7	2.2318707973127094
18745.4	2.74940939731271
18747.1	3.1260253973127083
18748.7	2.4789253973127083
18750.4	2.604044397312709
18752.1	1.8081453973127093
18753.8	0.5953777973127092
18755.4	-0.26091160268729086
18757.1	-0.8810576026872908
18758.8	-0.4363116026872908
18760.4	0.5771733973127088
18762.1	1.8831884173127087
18763.8	3.1801052973127093
18765.4	4.254536697312709
18767.1	4.59387419731271
18768.8	5.076094897312709
18770.4	5.122891297312709
18772.1	4.75985689731271
18773.8	3.2259263973127097
18775.4	1.8061813973127088
18777.1	0.03909539731270954
18778.8	-0.3163036026872913
18780.4	-0.36334390268729083
18782.1	0.6368443973127089
18783.8	1.366502397312709
18785.4	1.447901597312709
18787.1	0.7106753973127088
18788.8	0.04211389731270909
18790.4	-0.13391260268729127
18792.1	0.8206668973127087
18793.8	1.7646381973127088
18795.4	2.5099683973127096
18797.1	3.115943797312709
18798.8	3.409693097312709
18800.5	3.5843614973127087
18802.1	3.67453139731271
18803.8	3.979188397312709
18805.5	4.4434833973127095
18807.1	4.132744397312709
18808.8	3.3188360873127087
18810.5	2.068172697312709
18812.1	1.602944397312709
18813.8	1.2441255973127092
18815.5	1.5560033973127085
18817.1	1.825924297312709
18818.8	2.5678792973127087
18820.5	3.4241017973127095
18822.1	4.3895306973127095
18823.8	5.115575497312709
18825.5	5.544146897312709
18827.1	5.003567897312708
18828.8	3.862963597312709
18830.5	2.4043903973127088
18832.1	1.0781356973127092
18833.8	1.486489397312709
18835.5	1.6173822973127092
18837.1	1.8997053973127087
18838.8	1.296879597312709
18840.5	0.14816379731270893
18842.2	-1.085588602687291
18843.8	-1.2659956026872912
18845.5	-0.7977580026872907
18847.2	0.4186443973127091
18848.8	1.040743997312709
18850.5	0.998473397312709
18852.2	0.914005397312709
18853.8	0.7998620973127093
18855.5	0.43348139731270885
18857.2	1.008865097312709
18858.8	1.7851920173127092
18860.5	2.2176213973127092
18862.2	2.568275397312709
18863.8	3.0732188973127093
18865.5	3.507042797312709
18867.2	4.219493397312709
18868.8	3.384770397312708
18870.5	1.9120638973127086
18872.2	0.33330279731270906
18873.8	-1.0532911026872909
18875.5	-1.993271602687291
18877.2	-1.2851584026872909
18878.8	0.718072397312709
18880.5	2.677147367312709
18882.2	3.777106997312709
18883.8	4.1573907973127096
18885.5	3.587170397312709
18887.2	3.3502710973127092
18888.9	3.1279486973127084
18890.5	2.8749885973127087
18892.2	3.6034893973127096
18893.9	3.721800297312709
18895.5	2.6126484973127093
18897.2	2.2207515773127087
18898.9	1.105495997312709
18900.5	0.4068866973127088
18902.2	-0.3771870726872912
18903.9	-0.49967690268729115
18905.5	0.521377397312709
18907.2	1.6749693973127093
18908.9	2.9300928233127084
18910.5	3.4181023973127096
18912.2	3.1778663973127093
18913.9	2.4399053973127085
18915.5	2.467139797312709
18917.2	2.3706173973127087
18918.9	3.446984397312709
18920.5	3.442741097312709
18922.2	2.982431397312709
18923.9	1.5675237973127087
18925.5	0.5854833973127087
18927.2	0.04674809731270883
18928.9	1.6828351973127091
18930.5	3.0266643973127088
18932.2	4.268635397312709
18933.9	4.223264397312709
18935.6	3.6362038973127087
18937.2	2.203034897312709
18938.9	1.3446863973127088
18940.6	1.283166497312709
18942.2	2.176306397312709
18943.9	3.2546253973127093
18945.6	4.3670923973127085
18947.2	4.481923397312709
18948.9	5.55391439731271
18950.6	5.825485397312709
18952.2	5.43307639731271
18953.9	4.461167397312709
18955.6	3.072320397312709
18957.2	1.6428177973127092
18958.9	1.6187053973127086
18960.6	1.7704293973127094
18962.2	2.685697397312709
18963.9	3.8849180973127084
18965.6	4.11449289731271
18967.2	4.308903697312708
18968.9	4.96243529731271
18970.6	6.370942397312708
18972.2	7.578406097312711
18973.9	8.230269397312709
18975.6	7.0034873973127105
18977.2	5.535078497312707
18978.9	3.5403296973127083
18980.6	2.423758397312709
18982.3	2.3464947973127086
18983.9	3.7874663973127083
18985.6	5.087054397312709
18987.3	5.760783297312709
18988.9	5.1345223973127085
18990.6	3.959815397312709
18992.3	2.6911035973127087
18993.9	2.098486527312709
18995.6	3.1326553973127096
18997.3	4.436606897312709
18998.9	6.283725997312709
19000.6	7.035911497312711
19002.3	7.230476397312708
19003.9	6.162281397312709
19005.6	4.227990397312709
19007.3	1.860967997312709
19008.9	0.15872549731270896
19010.6	-1.333011602687291
19012.3	-2.5198556026872914
19013.9	-3.5120706026872908
19015.6	-3.667235602687291
19017.3	-3.220592002687291
19018.9	-2.168735902687291
19020.6	-0.2861736026872911
19022.3	1.290018097312709
19024.0	1.803236397312709
19025.6	1.107802697312709
19027.3	-0.37620360268729064
19029.0	-1.4083565026872913
19030.6	-1.764363902687291
19032.3	-1.739681702687291
19034.0	-1.2164119026872908
19035.6	-0.38825980268729104
19037.3	0.42963639731270903
19039.0	2.017579397312709
19040.6	3.2215845973127086
19042.3	5.055415397312709
19044.0	5.8287282973127095
19045.6	5.408540997312708
19047.3	4.462839397312709
19049.0	2.580188397312709
19050.6	1.6106498973127088
19052.3	1.580733397312709
19054.0	1.4968725973127088
19055.6	2.172847297312709
19057.3	2.730027797312709
19059.0	2.293156737312709
19060.6	2.2497126973127086
19062.3	2.097086397312709
19064.0	2.191178297312709
19065.6	1.8080526973127093
19067.3	1.212168107312709
19069.0	0.535328197312709
19070.7	-0.21978820268729127
19072.3	0.2987035973127088
19074.0	0.9386429973127088
19075.7	2.1180913973127087
19077.3	2.960148297312709
19079.0	3.546782397312709
19080.7	3.9899633973127093
19082.3	4.743238397312709
19084.0	4.357987397312709
19085.7	4.020358397312709
19087.3	2.5028873973127084
19089.0	1.443569197312709
19090.7	0.47579739731270887
19092.3	0.45507539731270874
19094.0	1.1101211973127092
19095.7	2.1913023973127093
19097.3	3.139197197312709
19099.0	4.600037397312709
19100.7	4.860872397312709
19102.3	4.7755983973127085
19104.0	4.5194261973127094
19105.7	3.987469397312709
19107.3	3.4887006973127086
19109.0	2.9300813973127093
19110.7	1.5693672973127089
19112.3	1.059586797312709
19114.0	0.6810812973127089
19115.7	1.2518051973127087
19117.4	2.8001013973127087
19119.0	4.544396397312709
19120.7	6.461275397312709
19122.4	7.674521397312709
19124.0	6.801870397312709
19125.7	5.234082397312709
19127.4	2.321628417312709
19129.0	-0.43671830268729117
19130.7	-2.2785527026872914
19132.4	-2.731448402687291
19134.0	-1.2230136026872913
19135.7	1.2599426973127088
19137.4	2.9728118973127087
19139.0	3.501123397312709
19140.7	2.3777633973127092
19142.4	1.0300586973127088
19144.0	0.07428829731270907
19145.7	-0.302161902687291
19147.4	0.004662797312708822
19149.0	0.14096839731270894
19150.7	0.1392158973127091
19152.4	-0.6994363026872911
19154.0	-1.7888386026872911
19155.7	-2.446900902687291
19157.4	-2.7535330026872913
19159.0	-2.4149636026872905
19160.7	-2.347002662687291
19162.4	-2.507866472687291
19164.1	-1.693178702687291
19165.7	-1.914804602687291
19167.4	-1.1866368026872913
19169.1	0.47290769731270893
19170.7	2.1868349173127086
19172.4	4.483767397312709
19174.1	6.425981697312709
19175.7	6.82577169731271
19177.4	6.9630885973127095
19179.1	5.534182197312708
19180.7	3.6979106973127087
19182.4	2.2021433973127094
19184.1	1.4317752973127091
19185.7	1.0769892973127089
19187.4	0.9741844973127088
19189.1	1.4219297973127092
19190.7	1.620600697312709
19192.4	1.8518796973127096
19194.1	2.2444617973127086
19195.7	2.517036397312709
19197.4	3.2029971973127096
19199.1	4.3952287973127095
19200.7	4.94543539731271
19202.4	5.858528197312709
19204.1	5.992724097312709
19205.8	5.170275997312709
19207.4	3.2989534973127093
19209.1	1.5486702973127087
19210.8	-0.23731220268729097
19212.4	-0.4619072026872912
19214.1	-0.2832006026872911
19215.8	0.45258389731270904
19217.4	1.3493850973127088
19219.1	1.7019217973127092
19220.8	0.7557510573127091
19222.4	0.07218639731270873
19224.1	-0.6451466026872913
19225.8	-0.558255702687291
19227.4	0.28975339731270894
19229.1	0.5082533973127088
19230.8	0.9432743973127089
19232.4	0.8927959973127088
19234.1	-0.719887102687291
19235.8	-2.161291522687291
19237.4	-2.9863960026872918
19239.1	-2.916910602687291
19240.8	-2.0584858026872905
19242.4	-1.4551874026872909
19244.1	-1.106849602687291
19245.8	-0.4938737026872911
19247.4	-0.3646802026872912
19249.1	0.6447778973127091
19250.8	1.7802323973127088
19252.5	2.8681949973127088
19254.1	2.706527397312709
19255.8	1.909640097312709
19257.5	0.5201457973127088
19259.1	-0.17534850268729119
19260.8	-0.12848406268729104
19262.5	0.7269081973127088
19264.1	1.559720297312709
19265.8	1.756062297312709
19267.5	0.8403289973127087
19269.1	0.426590397312709
19270.8	-0.3423836026872911
19272.5	-0.4274456026872908
19274.1	-0.23560620268729107
19275.8	0.5231246973127088
19277.5	0.5755701973127089
19279.1	0.8460950973127087
19280.8	0.007488397312708983
19282.5	0.062162397312708964
19284.1	0.481679397312709
19285.8	0.9445993973127088
19287.5	0.946275707312709
19289.1	1.092322397312709
19290.8	0.9028303973127093
19292.5	1.254250397312709
19294.1	1.2578193973127088
19295.8	1.9014320973127092
19297.5	3.3495533973127096
19299.2	3.809295297312709
19300.8	4.339566097312709
19302.5	3.9370530973127087
19304.2	3.759659697312709
19305.8	4.0037463973127085
19307.5	4.509775397312708
19309.2	4.602376097312709
19310.8	4.745083397312709
19312.5	3.580698397312708
19314.2	1.4325206973127087
19315.8	-0.8184015026872912
19317.5	-2.908366102687291
19319.2	-3.634748602687291
19320.8	-2.4539156026872915
19322.5	-0.6269119126872912
19324.2	1.432576397312709
19325.8	4.0583413973127085
19327.5	5.4772563973127095
19329.2	5.927773397312708
19330.8	4.519584597312708
19332.5	2.892558697312709
19334.2	1.659400007312709
19335.8	0.7372040973127086
19337.5	0.26744239731270897
19339.2	0.16161639731270866
19340.8	-0.384618702687291
19342.5	-0.26951160268729135
19344.2	-1.240728132687291
19345.9	-1.3929838026872907
19347.5	-0.7429486026872908
19349.2	-0.0924930026872911
19350.9	0.28735429731270895
19352.5	1.1648733973127083
19354.2	0.596813397312709
19355.9	1.479205597312709
19357.5	1.1023652973127092
19359.2	1.1467498973127088
19360.9	1.4358063973127089
19362.5	1.6201250973127088
19364.2	1.9049853973127089
19365.9	2.6216817973127093
19367.5	2.3829093973127087
19369.2	3.160595697312709
19370.9	3.9493339973127086
19372.5	4.11348339731271
19374.2	3.7017520473127083
19375.9	3.008048197312709
19377.5	2.365114697312708
19379.2	2.0740595973127087
19380.9	2.809617397312709
19382.5	3.284931397312709
19384.2	3.726868397312709
19385.9	3.3487312973127095
19387.6	2.2016943973127088
19389.2	1.4965151973127087
19390.9	1.8683974973127087
19392.6	2.8434907973127084
19394.2	4.421828797312709
19395.9	5.797600427312709
19397.6	6.174451397312708
19399.2	6.045922397312709
19400.9	5.533074397312708
19402.6	4.876533597312709
19404.2	3.8432256973127075
19405.9	3.3084367973127087
19407.6	2.488538397312708
19409.2	1.9612294973127096
19410.9	2.182366737312709
19412.6	2.190060397312709
19414.2	1.9382823973127088
19415.9	1.7628969973127089
19417.6	0.8512033973127087
19419.2	0.22788639731270868
19420.9	0.26384539731270873
19422.6	-0.04802760268729145
19424.2	0.5582363973127087
19425.9	0.9066678973127086
19427.6	0.9991083973127092
19429.2	1.1866493973127092
19430.9	1.4667203973127092
19432.6	1.9076942073127092
19434.3	2.2957591973127087
19435.9	2.3605770973127096
19437.6	1.6938097973127086
19439.3	1.243244397312709
19440.9	0.9550489973127089
19442.6	0.7491052973127086
19444.3	0.8656258973127089
19445.9	1.474903197312709
19447.6	1.9962395973127087
19449.3	1.712640397312709
19450.9	1.1506213973127093
19452.6	0.19702291731270893
19454.3	-0.36813070268729076
19455.9	0.16751519731270906
19457.6	1.3285321973127087
19459.3	3.0585265873127097
19460.9	6.0346303923127085
19462.6	6.8113733973127095
19464.3	7.143639397312708
19465.9	6.034008397312709
19467.6	3.86009179731271
19469.3	1.9697702073127092
19470.9	0.2736511973127092
19472.6	-1.4808934026872909
19474.3	-0.893383002687291
19475.9	-0.8233836026872913
19477.6	0.2848093873127091
19479.3	0.9404172673127091
19481.0	1.5047181273127095
19482.6	1.8130233973127088
19484.3	1.8590330973127087
19486.0	1.7681883973127093
19487.6	2.820895597312709
19489.3	3.7450893973127095
19491.0	4.765383697312709
19492.6	4.752030297312709
19494.3	4.2814693973127085
19496.0	3.952895097312709
19497.6	2.9650819973127094
19499.3	2.72338003731271
19501.0	2.132258497312709
19502.6	1.908288897312709
19504.3	2.4558345473127092
19506.0	3.026581997312709
19507.6	3.846222397312709
19509.3	4.291437097312709
19511.0	4.567367397312709
19512.6	4.592854397312709
19514.3	3.530919897312709
19516.0	1.8855463973127091
19517.6	0.774065597312709
19519.3	0.13536139731270905
19521.0	0.1296240973127091
19522.6	0.183449397312709
19524.3	1.721651397312709
19526.0	3.5080313973127097
19527.7	4.903559397312709
19529.3	6.035557297312709
19531.0	5.602513797312709
19532.7	4.6689509973127095
19534.3	3.760771397312708
19536.0	2.1116182973127087
19537.7	1.8974376973127085
19539.3	2.5522702973127087
19541.0	3.7148027973127085
19542.7	5.276008197312708
19544.3	6.342208397312708
19546.0	5.5745225973127095
19547.7	5.501006297312709
19549.3	3.837418397312709
19551.0	2.683117127312709
19552.7	1.415845897312709
19554.3	0.8778683973127089
19556.0	-0.2245166026872909
19557.7	0.156107397312709
19559.3	-0.3149791026872912
19561.0	0.08813879731270884
19562.7	0.09862339731270894
19564.3	0.17938139731270883
19566.0	-0.5884276026872907
19567.7	-1.3773421026872907
19569.4	-2.482445802687291
19571.0	-2.6448930026872914
19572.7	-1.8080532026872909
19574.4	-0.6061383026872909
19576.0	0.7057761973127088
19577.7	2.280962497312709
19579.4	2.9403193973127086
19581.0	3.2131589973127093
19582.7	3.9580737973127085
19584.4	4.53746639731271
19586.0	4.810880397312709
19587.7	4.320987767312709
19589.4	3.0212778973127086
19591.0	1.8165765973127086
19592.7	1.069407397312709
19594.4	0.5235020973127089
19596.0	1.033918397312709
19597.7	2.0640424673127087
19599.4	3.313549897312709
19601.0	3.8907212773127084
19602.7	4.52662569731271
19604.4	4.639589397312709
19606.0	4.374962697312709
19607.7	3.4203476973127094
19609.4	2.910209497312709
19611.0	3.28517723731271
19612.7	3.824827397312709
19614.4	4.3449873973127096
19616.1	4.825060497312708
19617.7	4.9147506973127095
19619.4	4.2592477973127085
19621.1	3.3446768973127083
19622.7	1.4496997973127086
19624.4	1.3487763973127094
19626.1	0.9941213973127093
19627.7	1.1066261973127092
19629.4	1.597233397312709
19631.1	2.5496413973127092
19632.7	2.3557637973127092
19634.4	2.326553597312709
19636.1	1.480265097312709
19637.7	1.8006963973127093
19639.4	2.479664397312709
19641.1	2.932151697312709
19642.7	3.231944497312709
19644.4	3.4443582973127094
19646.1	2.8998123973127092
19647.7	2.207477297312709
19649.4	1.4662426973127092
19651.1	0.24789639731270893
19652.7	-0.4637896026872911
19654.4	-1.670404602687291
19656.1	-1.9891696026872907
19657.7	-1.4054366026872909
19659.4	-0.27345520268729107
19661.1	1.762181397312709
19662.8	3.4565653973127084
19664.4	4.1875803973127095
19666.1	4.483303397312708
19667.8	4.94237369731271
19669.4	5.160737897312709
19671.1	5.674088397312708
19672.8	5.3369933973127095
19674.4	4.413082397312708
19676.1	3.3202583973127084
19677.8	1.8926873973127087
19679.4	1.004004397312709
19681.1	1.9059823973127092
19682.8	2.557360197312709
19684.4	3.5071916973127086
19686.1	4.003821397312708
19687.8	3.5779843973127092
19689.4	4.431319997312708
19691.1	4.725750097312708
19692.8	4.54174639731271
19694.4	5.030943397312709
19696.1	5.072528397312709
19697.8	4.541891297312709
19699.4	3.594510997312709
19701.1	3.034886197312709
19702.8	3.4639502973127088
19704.4	4.374348697312709
19706.1	5.437708597312708
19707.8	6.44098839731271
19709.5	7.233283797312708
19711.1	7.56557979731271
19712.8	6.562457697312709
19714.5	5.029813397312709
19716.1	3.159459397312709
19717.8	1.5561779773127093
19719.5	0.5125258973127085
19721.1	1.002681397312709
19722.8	2.2789909973127087
19724.5	3.8749454973127087
19726.1	5.438943397312708
19727.8	5.3687963973127095
19729.5	4.24978529731271
19731.1	3.629525397312709
19732.8	1.9930893973127088
19734.5	1.2488053973127091
19736.1	1.022992697312709
19737.8	0.810502297312709
19739.5	0.835142697312709
19741.1	0.8146603973127092
19742.8	0.422880097312709
19744.5	0.986512397312709
19746.1	1.3041631973127088
19747.8	2.456294397312709
19749.5	3.1698718973127087
19751.2	3.966803297312709
19752.8	3.0987085973127093
19754.5	2.5981628973127093
19756.2	1.418035197312709
19757.8	0.5168018973127093
19759.5	0.12388339731270821
19761.2	0.4958257973127088
19762.8	0.8574227973127089
19764.5	1.880870397312708
19766.2	2.569065197312709
19767.8	3.903743597312709
19769.5	4.519098897312709
19771.2	4.56865509731271
19772.8	4.274937297312709
19774.5	3.2393417973127088
19776.2	2.6627283973127085
19777.8	2.109497097312708
19779.5	1.6817076973127094
19781.2	2.162985397312709
19782.8	2.2009883973127087
19784.5	1.8647380973127092
19786.2	2.0051138873127092
19787.8	1.1242891924127087
19789.5	1.425079397312709
19791.2	2.268244997312709
19792.8	3.132553297312709
19794.5	4.461703397312709
19796.2	5.442493697312709
19797.9	4.820284397312709
19799.5	3.6035753973127087
19801.2	1.587988397312709
19802.9	0.771529697312709
19804.5	1.027537397312709
19806.2	1.7211967973127087
19807.9	2.6857073973127092
19809.5	3.965787897312709
19811.2	4.872529097312709
19812.9	5.422336397312709
19814.5	6.251839997312709
19816.2	6.7583463973127085
19817.9	6.720696397312707
19819.5	5.933322397312709
19821.2	4.4420942973127095
19822.9	3.257768597312709
19824.5	2.865525297312709
19826.2	1.8434399973127085
19827.9	1.344087297312709
19829.5	0.8295963973127087
19831.2	0.376731397312709
19832.9	0.9637690973127085
19834.5	1.7812493973127084
19836.2	2.576746397312709
19837.9	3.547192397312709
19839.5	3.853422397312708
19841.2	4.178832797312708
19842.9	3.737866517312709
19844.6	3.3498413973127086
19846.2	2.188492297312709
19847.9	1.230569397312709
19849.6	0.5584439973127091
19851.2	0.5287909573127086
19852.9	0.5732894973127085
19854.6	1.3809148973127088
19856.2	1.3671077773127087
19857.9	1.2414764973127088
19859.6	0.2772276973127088
19861.2	0.296207397312709
19862.9	0.8830573973127089
19864.6	1.274248790312709
19866.2	1.3812298973127086
19867.9	1.2970213973127087
19869.6	1.1213373973127085
19871.2	1.0065086973127086
19872.9	0.802696397312709
19874.6	1.222271767312709
19876.2	1.3934780973127088
19877.9	1.2173353973127088
19879.6	0.36877339731270886
19881.2	-0.49865500268729085
19882.9	-1.5675722026872907
19884.6	-2.060086302687291
19886.2	-2.4776756026872913
19887.9	-2.243172212687291
19889.6	-2.8529777026872916
19891.3	-2.8311936026872915
19892.9	-2.8716705026872913
19894.6	-2.205254822687291
19896.3	-1.2816636026872912
19897.9	0.787675597312709
19899.6	2.920932397312709
19901.3	4.866002197312709
19902.9	5.775309397312709
19904.6	5.363490597312709
19906.3	4.382104397312709
19907.9	3.4619973973127096
19909.6	1.519415397312709
19911.3	0.38448339731270914
19912.9	-0.1937576026872911
19914.6	-0.1506216026872913
19916.3	0.5520417973127089
19917.9	1.698586697312709
19919.6	2.111083097312709
19921.3	2.648695797312709
19922.9	2.2781444973127094
19924.6	1.1167003973127092
19926.3	0.8213183973127087
19927.9	1.9550899973127087
19929.6	3.291281297312709
19931.3	5.906192397312709
19933.0	7.29071050731271
19934.6	7.70881989731271
19936.3	7.456549397312708
19938.0	6.172888397312709
19939.6	4.692406797312709
19941.3	3.842054997312709
19943.0	3.4065577973127086
19944.6	3.058335497312709
19946.3	2.5367736973127086
19948.0	2.9729920973127086
19949.6	2.7930477673127085
19951.3	2.482326397312709
19953.0	2.302470997312709
19954.6	1.3303930973127087
19956.3	0.579936397312709
19958.0	-1.0493876026872904
19959.6	-1.3878948026872906
19961.3	-0.3051466026872907
19963.0	1.5756705973127092
19964.6	3.0020392973127086
19966.3	3.5901413973127085
19968.0	3.306587397312709
19969.6	1.9503800973127092
19971.3	0.016000057312708593
19973.0	-0.347549802687291
19974.6	0.06587749731270894
19976.3	1.068321397312709
19978.0	2.372784397312709
19979.7	2.912566797312709
19981.3	4.029164597312709
19983.0	4.755157997312709
19984.7	5.158630397312709
19986.3	4.408636697312709
19988.0	3.5881253973127087
19989.7	1.8196073973127092
19991.3	0.32967139731270895
19993.0	-0.8062246026872909
19994.7	-0.8461286026872908
19996.3	-0.062184302687290895
19998.0	1.037369397312709
19999.7	0.8983563973127092
20001.3	1.443977597312709
20003.0	1.4852204973127088
20004.7	1.407314397312709
20006.3	1.8275518973127092
20008.0	2.104288897312709
20009.7	1.8880756973127089
20011.3	2.1012939073127095
20013.0	1.306907597312709
20014.7	1.3966043973127096
20016.3	1.849648497312709
20018.0	2.2475103573127093
20019.7	2.3406953973127087
20021.3	1.997964397312709
20023.0	1.183654397312709
20024.7	0.8283793973127089
20026.4	0.39950679731270894
20028.0	-0.32316620268729096
20029.7	-0.49570860268729106
20031.4	0.23831539731270884
20033.0	0.9885911973127091
20034.7	1.6297833973127092
20036.4	2.2141498173127094
20038.0	2.5167743973127084
20039.7	2.5168023973127087
20041.4	2.680411197312709
20043.0	3.048981597312709
20044.7	3.682123997312709
20046.4	4.552053357312708
20048.0	5.137391097312708
20049.7	5.412606397312708
20051.4	5.974363097312709
20053.0	5.782842297312709
20054.7	5.1425074973127085
20056.4	3.81744769731271
20058.0	2.034418797312709
20059.7	1.238417597312709
20061.4	0.4049183973127091
20063.0	0.1675593973127089
20064.7	-0.797600402687291
20066.4	-2.206764602687291
20068.0	-3.1082206026872905
20069.7	-3.7257862026872908
20071.4	-3.873293402687291
20073.1	-1.821416002687291
20074.7	-0.6984239326872913
20076.4	0.28587539731270867
20078.1	1.4077098973127082
20079.7	1.4719555973127088
20081.4	1.8487861973127089
20083.1	2.4987884273127086
20084.7	2.0865425573127085
20086.4	3.1231393973127086
20088.1	3.9120650973127082
20089.7	4.221773597312708
20091.4	4.659279397312709
20093.1	4.927482657312709
20094.7	4.590340897312709
20096.4	4.453592697312709
20098.1	3.8419708973127085
20099.7	3.845374197312709
20101.4	3.86453979731271
20103.1	4.045628597312708
20104.7	3.99809489731271
20106.4	4.023544997312709
20108.1	3.9455143873127083
20109.7	3.6459803973127096
20111.4	2.3284221973127095
20113.1	1.4444783973127093
20114.8	0.4525003973127088
20116.4	-0.07856260268729116
20118.1	-0.27694160268729107
20119.8	0.29754839731270905
20121.4	1.3478963973127092
20123.1	2.847729397312709
20124.8	3.0154041173127086
20126.4	3.166767797312709
20128.1	1.867632397312709
20129.8	0.6305633973127092
20131.4	-0.09376300268729096
20133.1	0.3252667973127089
20134.8	1.7486081973127092
20136.4	3.4092428973127094
20138.1	3.7729368973127095
20139.8	3.771522397312709
20141.4	2.5114307373127085
20143.1	1.8684503973127087
20144.8	2.032074297312709
20146.4	3.018794397312709
20148.1	4.35042139731271
20149.8	5.69618839731271
20151.4	5.75200079731271
20153.1	4.904801397312708
20154.8	3.442345897312709
20156.4	2.239011557312709
20158.1	0.7897428473127087
20159.8	0.30124069731270897
20161.5	-0.1815256026872909
20163.1	-0.8231453026872908
20164.8	-1.5267760026872912
20166.5	-1.828280602687291
20168.1	-1.857575902687291
20169.8	-0.5458923726872914
20171.5	0.0925829973127084
20173.1	1.1312033973127087
20174.8	1.609897597312709
20176.5	1.3532205973127087
20178.1	0.7916680973127084
20179.8	1.5432584973127084
20181.5	2.428624397312709
20183.1	4.3552293973127085
20184.8	5.523132777312709
20186.5	6.178431897312709
20188.1	5.37775479731271
20189.8	3.9223765973127094
20191.5	2.418960017312709
20193.1	1.244454397312709
20194.8	0.6655230973127088
20196.5	0.43797139731270907
20198.1	0.5880473973127088
20199.8	1.4461926973127093
20201.5	2.039426797312709
20203.1	2.0728492973127084
20204.8	2.199629527312709
20206.5	2.178987097312709
20208.2	2.1602873973127084
20209.8	2.5771733973127082
20211.5	4.33261269731271
20213.2	6.109242897312709
20214.8	7.27469139731271
20216.5	7.593183397312709
20218.2	6.93312339731271
20219.8	6.85539639731271
20221.5	6.508441397312708
20223.2	5.897154397312709
20224.8	6.622337597312709
20226.5	7.610693397312708
20228.2	7.579022997312707
20229.8	6.786733297312708
20231.5	5.3859510973127085
20233.2	3.3376522173127094
20234.8	1.6874085973127086
20236.5	0.4628223973127089
20238.2	-0.04655960268729094
20239.8	0.03912539731270877
20241.5	0.041383497312709225
20243.2	-0.5496509026872911
20244.8	-0.1987607026872908
20246.5	0.6741530973127089
20248.2	2.312611997312709
20249.8	3.7999375873127095
20251.5	3.842695397312709
20253.2	3.3372550373127092
20254.9	1.735362245312709
20256.5	0.424156197312709
20258.2	0.29338689731270906
20259.9	0.40983939731270846
20261.5	0.7241763973127091
20263.2	2.1055453973127087
20264.9	2.6390493973127094
20266.5	4.053274397312709
20268.2	5.836457397312709
20269.9	7.060267297312708
20271.5	7.539186397312709
20273.2	6.85794539731271
20274.9	4.96235039731271
20276.5	3.7764313973127086
20278.2	2.925953397312709
20279.9	2.157056397312709
20281.5	1.8015893973127088
20283.2	2.006888197312709
20284.9	1.8378825973127089
20286.5	0.8130581973127089
20288.2	-0.008044002687291352
20289.9	-0.6780606026872907
20291.5	-1.1532986026872911
20293.2	-1.0899648026872912
20294.9	-1.0946433026872906
20296.6	-0.8248701506872911
20298.2	0.23820879731270866
20299.9	0.7060751973127086
20301.6	0.7073233973127089
20303.2	0.7989343973127093
20304.9	-0.10711070268729088
20306.6	-1.3683656026872912
20308.2	-1.1657066026872909
20309.9	0.1826420973127087
20311.6	2.702948527312709
20313.2	5.862696297312708
20314.9	6.682986397312709
20316.6	5.5047883973127085
20318.2	3.2425643973127096
20319.9	0.009629197312709082
20321.6	-2.090121002687292
20323.2	-1.8967282026872916
20324.9	-1.1486354026872907
20326.6	0.5806183973127093
20328.2	2.5658796973127096
20329.9	3.475361397312709
20331.6	3.738854797312709
20333.2	3.009188397312709
20334.9	0.8383097973127086
20336.6	-1.1607326026872908
20338.2	-2.234634902687291
20339.9	-2.7419637026872907
20341.6	-2.0166981026872906
20343.3	-0.8900831026872907
20344.9	0.7758159073127088
20346.6	2.6631033973127085
20348.3	4.026070297312709
20349.9	5.973699697312709
20351.6	7.1644560973127085
20353.3	7.030550797312709
20354.9	5.528600797312709
20356.6	2.509236397312709
20358.3	0.32203869731270907
20359.9	-0.5364696026872913
20361.6	-0.6922256026872908
20363.3	0.9611963973127093
20364.9	2.332142897312709
20366.6	3.7500533973127093
20368.3	5.023942097312708
20369.9	5.554322397312709
20371.6	6.381941497312709
20373.3	6.3604393973127085
20374.9	5.530269397312709
20376.6	4.440472397312709
20378.3	3.294580497312708
20379.9	3.385999397312709
20381.6	3.7818763973127085
20383.3	4.453950397312708
20384.9	4.42681139731271
20386.6	3.895365897312709
20388.3	2.723933397312709
20390.0	1.5829903973127086
20391.6	1.224751397312709
20393.3	1.8477410973127093
20395.0	2.828831197312709
20396.6	4.475632397312709
20398.3	4.513686397312709
20400.0	4.568816397312709
20401.6	4.0173823973127085
20403.3	3.228588297312709
20405.0	2.191292097312709
20406.6	2.407284597312709
20408.3	2.326342397312709
20410.0	2.9599283973127095
20411.6	3.1040993973127082
20413.3	2.8698246973127093
20415.0	1.9351530973127087
20416.6	1.066094397312709
20418.3	-0.47691950268729144
20420.0	-0.28489260268729116
20421.6	0.618337397312709
20423.3	2.183749097312709
20425.0	4.168224397312708
20426.6	6.2798392973127095
20428.3	6.946688887312708
20430.0	6.70661839731271
20431.6	4.793535197312709
20433.3	2.6356953973127086
20435.0	1.3437353973127089
20436.7	1.5308503973127088
20438.3	1.878302397312709
20440.0	2.4346923173127095
20441.7	1.545103397312709
20443.3	0.28576939731270895
20445.0	-1.514266802687291
20446.7	-2.6971825026872915
20448.3	-2.786738602687291
20450.0	-2.7475316026872916
20451.7	-3.4249890326872916
20453.3	-3.520008202687291
20455.0	-2.752561902687291
20456.7	-1.6665502026872911
20458.3	-0.475011122687291
20460.0	0.07598839731270868
20461.7	0.2390273973127089
20463.3	-0.2272293026872914
20465.0	0.3337926473127089
20466.7	2.090663297312708
20468.3	4.275504907312709
20470.0	6.255509397312709
20471.7	6.945768397312707
20473.3	6.970933397312709
20475.0	6.009616397312708
20476.7	3.7588943973127087
20478.4	0.9256427973127087
20480.0	-0.28990660268729124
20481.7	-1.3753416026872907
20483.4	-1.2757715026872913
20485.0	-0.6617236026872911
20486.7	0.4507693973127086
20488.4	1.2346213973127091
20490.0	2.073476897312709
20491.7	1.506814717312709
20493.4	1.7681373973127088
20495.0	2.205065997312709
20496.7	1.5482511373127088
20498.4	1.2216056973127087
20500.0	1.0629603973127089
20501.7	1.1487228973127093
20503.4	0.7798365973127088
20505.0	0.764107797312709
20506.7	0.6645248973127087
20508.4	1.6245503973127087
20510.0	2.061649697312709
20511.7	2.3288476973127086
20513.4	2.8295733973127093
20515.0	2.774200397312709
20516.7	2.119860297312709
20518.4	1.8479389973127092
20520.0	1.4072508973127087
20521.7	0.9654323973127094
20523.4	0.934982297312709
20525.1	1.4654603973127092
20526.7	2.1953245973127085
20528.4	2.9220165973127092
20530.1	3.442421397312709
20531.7	3.2684733973127087
20533.4	4.0138883973127095
20535.1	4.31938449731271
20536.7	4.724844797312709
20538.4	6.186576687312709
20540.1	6.454011397312709
20541.7	6.949905397312709
20543.4	7.108663397312708
20545.1	6.35292639731271
20546.7	5.18748359731271
20548.4	3.566713397312708
20550.1	0.8901843973127089
20551.7	-1.201041602687291
20553.4	-2.985082802687292
20555.1	-3.5298815026872914
20556.7	-2.767866002687291
20558.4	-1.866966602687291
20560.1	-0.539440002687291
20561.7	0.991787397312709
20563.4	1.9264381973127087
20565.1	2.337529997312708
20566.7	2.5443083973127094
20568.4	2.7842523973127093
20570.1	3.69109739731271
20571.8	3.8738613973127087
20573.4	4.301860897312709
20575.1	3.9772433973127095
20576.8	3.6005184973127085
20578.4	2.892422497312709
20580.1	2.6095753973127094
20581.8	3.447840297312709
20583.4	4.371111807312709
20585.1	4.252232397312708
20586.8	3.988423397312709
20588.4	3.1467273973127083
20590.1	2.9276883973127092
20591.8	3.5917001973127087
20593.4	4.66557939731271
20595.1	6.391159097312708
20596.8	6.852639997312709
20598.4	6.060385397312709
20600.1	4.223388397312709
20601.8	1.7680483973127088
20603.4	0.4735213973127088
20605.1	-0.14539375268729096
20606.8	0.3121400273127087
20608.4	1.744900097312709
20610.1	2.881344897312709
20611.8	3.4436774973127084
20613.4	2.970413497312709
20615.1	0.08242139731270899
20616.8	-1.7118568026872907
20618.5	-2.434096102687291
20620.1	-1.531214802687291
20621.8	0.26823739731270874
20623.5	2.4752423973127087
20625.1	3.019886397312709
20626.8	2.8841044973127103
20628.5	1.0380022073127086
20630.1	1.0762535973127085
20631.8	1.523568397312709
20633.5	2.142287397312709
20635.1	2.4397713973127084
20636.8	2.1499013973127092
20638.5	1.4189423973127089
20640.1	1.1101003973127088
20641.8	0.5842193973127091
20643.5	1.4675393973127089
20645.1	2.0051383973127086
20646.8	2.773886397312709
20648.5	3.2953583973127087
20650.1	3.3749003973127087
20651.8	3.1150294973127095
20653.5	2.680005397312709
20655.1	1.9208733973127088
20656.8	2.009964797312709
20658.5	1.9907330973127089
20660.2	3.180906377312709
20661.8	3.771500397312709
20663.5	4.054363397312709
20665.2	4.355474397312708
20666.8	4.7691832973127095
20668.5	4.548688397312709
20670.2	5.160315897312708
20671.8	4.530461397312709
20673.5	4.296535197312709
20675.2	2.4826443973127086
20676.8	-0.555906902687291
20678.5	-2.4512226026872908
20680.2	-3.067835002687291
20681.8	-2.388893602687291
20683.5	0.5752654973127089
20685.2	3.4885793973127086
20686.8	5.482918397312707
20688.5	6.133448597312709
20690.2	4.929733197312709
20691.8	3.8118210973127082
20693.5	2.479416397312709
20695.2	0.42029129731270876
20696.8	-0.7105319026872912
20698.5	-1.234906602687291
20700.2	-1.2110346026872914
20701.8	-0.09947330268729111
20703.5	1.5435523973127085
20705.2	3.2755903973127096
20706.9	3.8350443973127093
20708.5	2.7507285173127083
20710.2	1.9108253973127087
20711.9	1.0522693973127089
20713.5	0.08062039731270873
20715.2	-0.06423630268729093
20716.9	0.044879397312708805
20718.5	0.3796483973127094
20720.2	0.7029783973127093
20721.9	1.1826339973127087
20723.5	1.3876271973127086
20725.2	1.9737763973127094
20726.9	1.7134823973127091
20728.5	1.4367833973127089
20730.2	1.355127397312709
20731.9	0.8763653873127089
20733.5	0.7679766973127095
20735.2	1.3673749973127092
20736.9	2.2220840973127087
20738.5	3.453455397312709
20740.2	4.733832897312709
20741.9	5.086509897312709
20743.5	5.776898097312709
20745.2	6.228008497312709
20746.9	7.058101777312709
20748.5	7.475809397312709
20750.2	8.00287839731271
20751.9	7.4640383973127085
20753.6	6.377541997312709
20755.2	5.52401239731271
20756.9	4.118944667312709
20758.6	3.3050393973127092
20760.2	2.877783397312709
20761.9	1.9993473973127085
20763.6	2.619295697312709
20765.2	2.5902333973127094
20766.9	2.5570053973127087
20768.6	3.352665897312709
20770.2	3.018346697312709
20771.9	3.2340013973127086
20773.6	2.947696397312709
20775.2	3.3066293973127094
20776.9	4.106365897312708
20778.6	3.815058397312709
20780.2	3.5888363973127086
20781.9	3.6897761873127095
20783.6	3.080555797312709
20785.2	2.486531997312709
20786.9	0.6867041973127088
20788.6	-0.5125486026872911
20790.2	-1.1740146026872913
20791.9	-0.2785016026872912
20793.6	1.9355295973127091
20795.2	4.6873985973127095
20796.9	6.317856397312709
20798.6	5.659346397312709
20800.3	3.3296295873127084
20801.9	1.2019833973127088
20803.6	-0.20439360268729084
20805.3	-0.255696602687291
20806.9	0.9394453973127085
20808.6	2.126480697312709
20810.3	3.197171397312709
20811.9	4.177359397312709
20813.6	4.829769397312708
20815.3	5.640018397312709
20816.9	5.622455627312709
20818.6	4.54700439731271
20820.3	2.7169880973127083
20821.9	0.5654503973127086
20823.6	-0.870110802687291
20825.3	-1.804721202687291
20826.9	-1.592737602687291
20828.6	-0.938130802687291
20830.3	-0.007995302687291251
20831.9	0.7700913973127091
20833.6	1.1425075973127088
20835.3	1.3324413973127092
20836.9	2.140543547312709
20838.6	2.6044053973127093
20840.3	3.87373969731271
20842.0	4.316339397312709
20843.6	4.700366697312709
20845.3	4.711468397312709
20847.0	4.472475397312709
