0.0	-0.24855627983946524
1.66789	-0.044146949839465134
3.33578	0.03614059016053487
5.00367	0.3463286201605348
6.67156	0.4718203701605347
8.33945	0.6306780201605349
10.0073	0.590309120160535
11.6752	0.7358848201605348
13.3431	0.6836625201605349
15.011	0.7955119201605345
16.6789	0.676257320160535
18.3468	0.7241534201605349
20.0147	0.5559379201605348
21.6826	0.620352820160535
23.3505	0.49543822016053474
25.0183	0.5571935201605348
26.6862	0.5861552201605349
28.3541	0.815199650160535
30.022	1.3436263201605347
31.6899	1.6846198201605347
33.3578	1.526403220160535
35.0257	1.2416499201605347
36.6936	0.2878062401605349
38.3615	-0.44412797983946517
40.0294	-1.0273586798394654
41.6972	-1.1985609598394649
43.3651	-0.5207136798394651
45.033	1.2133859201605348
46.7009	2.439666620160535
48.3688	3.6959086201605347
50.0367	3.752794920160535
51.7046	3.174814620160535
53.3725	1.7866674201605348
55.0404	0.7143247201605348
56.7083	-0.19102942353946517
58.3761	0.18806292016053483
60.044	0.5578799401605349
61.7119	0.9530623201605348
63.3798	0.9140506201605347
65.0477	0.8862086201605347
66.7156	0.39460992016053487
68.3835	0.08306962016053476
70.0514	-0.3002591798394654
71.7193	-0.3225982398394652
73.3871	-0.23424177983946515
75.055	-0.03451696983946524
76.7229	-0.06731557983946515
78.3908	-0.05524581983946521
80.0587	-0.2810490798394652
81.7266	-0.3308637798394652
83.3945	-0.5097986798394651
85.0624	-0.32599784983946517
86.7303	-0.2634542768394651
88.3982	-0.03444917983946518
90.066	-0.07799127983946522
91.7339	0.07521862016053474
93.4018	-0.012662629839465178
95.0697	-0.08543487983946516
96.7376	-0.3652731798394651
98.4055	-0.37742013983946504
100.073	-0.09194217983946504
101.741	1.016616720160535
103.409	1.7092087201605346
105.077	2.585330920160535
106.745	2.557016720160535
108.413	2.107119220160534
110.081	1.1955199201605347
111.749	0.5595299201605349
113.417	0.011335520160534828
115.084	0.26489752016053475
116.752	0.046958020160534894
118.42	0.18984072016053471
120.088	-0.03224083983946515
121.756	0.043987620160534924
123.424	-0.17610267983946515
125.092	-0.0548271798394651
126.76	-0.3707833598394652
128.428	-0.45825967983946514
130.095	-0.46530417983946515
131.763	-0.1043898798394651
133.431	0.1149821201605348
135.099	0.6819920201605348
136.767	0.7891519201605347
138.435	0.964636970160535
140.103	0.8062229201605348
141.771	0.9857873201605349
143.439	1.5389371201605346
145.106	2.3422134201605345
146.774	2.564926820160535
148.442	2.5595049201605353
150.11	1.9152559201605346
151.778	1.0097500201605347
153.446	-0.032110069839465114
155.114	-0.5226837798394651
156.782	-0.7949824098394653
158.45	-0.08017597983946514
160.117	0.7378665901605348
161.785	1.489069620160535
163.453	2.2329367201605352
165.121	2.828837820160534
166.789	3.100183920160535
168.457	3.6487499201605345
170.125	4.299516920160534
171.793	5.374750320160535
173.461	6.774502920160536
175.128	8.652773920160536
176.796	10.031939920160536
178.464	11.822574920160537
180.132	12.754667920160534
181.8	13.589767920160536
183.468	13.532969920160536
185.136	13.127741920160535
186.804	11.299282920160536
188.472	9.554516920160534
190.139	6.975614920160534
191.807	5.080846920160535
193.475	3.358264820160535
195.143	3.7700730201605346
196.811	4.155449720160535
198.479	4.929940920160535
200.147	4.816745920160534
201.815	4.207090520160536
203.483	3.1222873201605346
205.15	1.9684008201605352
206.818	1.4201559201605352
208.486	2.757816920160535
210.154	4.6282559201605356
211.822	7.511378920160534
213.49	10.787043920160535
215.158	13.723736920160533
216.826	16.449468920160534
218.494	17.58126092016054
220.161	17.303103920160535
221.829	17.020055920160537
223.497	16.491347920160536
225.165	16.253601920160538
226.833	15.754706920160533
228.501	14.321283920160536
230.169	12.078954920160536
231.837	9.429551920160538
233.505	6.287121620160535
235.172	4.203933920160535
236.84	3.373141920160535
238.508	4.465653820160536
240.176	5.2855149201605345
241.844	6.376925920160535
243.512	6.9560629201605355
245.18	7.465997920160535
246.848	6.969335100160533
248.516	6.693334920160535
250.183	5.612873920160535
251.851	5.767081920160535
253.519	6.0621339201605355
255.187	7.029395520160534
256.855	7.907060920160535
258.523	8.717738920160535
260.191	8.520495920160535
261.859	8.520628920160535
263.527	8.393613320160535
265.194	8.833200920160536
266.862	9.665527920160537
268.53	10.467741920160535
270.198	10.199150920160534
271.866	8.968136920160536
273.534	6.857053920160534
275.202	4.867223720160535
276.87	3.3531399201605345
278.538	2.520489420160535
280.205	2.0266132201605345
281.873	2.0768232201605343
283.541	2.0240452201605352
285.209	2.046765720160535
286.877	1.803187920160535
288.545	1.7837614201605352
290.213	1.4494747201605347
291.881	1.5613717201605348
293.549	1.356119120160535
295.216	1.3902335591605348
296.884	1.261532420160535
298.552	1.609269920160535
300.22	2.405050120160535
301.888	3.2539515201605353
303.556	3.7373590201605347
305.224	3.8943917201605345
306.892	3.374853320160535
308.56	2.992767920160535
310.227	2.402950020160535
311.895	2.461815320160535
313.563	4.643782920160535
315.231	7.475320920160534
316.899	9.960525420160533
318.567	11.375241720160535
320.235	10.666560880160535
321.903	8.939784820160535
323.571	6.093599420160535
325.238	3.3976809201605347
326.906	1.8491419201605352
328.574	1.2383515201605346
330.242	0.782233580160535
331.91	0.874574720160535
333.578	1.004146320160535
335.246	1.9219885201605351
336.914	2.353550770160535
338.582	2.768046120160535
340.25	2.9704733201605347
341.917	3.0165605201605348
343.585	3.2504498201605343
345.253	3.6935239201605348
346.921	3.6611829201605346
348.589	3.3207625201605353
350.257	2.972513220160535
351.925	2.9528084201605345
353.593	3.825617020160535
355.261	5.664299920160535
356.928	7.765676620160535
358.596	8.876509920160535
360.264	9.339899920160535
361.932	11.929400920160534
363.6	14.617143920160535
365.268	17.78915892016054
366.936	18.781348920160532
368.604	17.915858920160538
370.272	14.659896920160534
371.939	10.660199720160534
373.607	6.079157920160535
375.275	4.794710920160535
376.943	3.8529649201605354
378.611	3.2294229201605353
380.279	1.8096491201605347
381.947	1.7193557201605347
383.615	1.531273066160535
385.283	2.284301920160535
386.95	2.8731699201605343
388.618	3.365692920160535
390.286	3.5386979201605344
391.954	3.366403920160535
393.622	2.3979919201605346
395.29	1.880737120160535
396.958	0.9350292201605349
398.626	0.45971983016053486
400.294	0.05635246016053488
401.961	-0.01966767983946509
403.629	-0.10756648483946511
405.297	-0.07046717983946511
406.965	-0.2517339898394651
408.633	0.05305412016053479
410.301	0.04390432016053476
411.969	0.3622817201605348
413.637	0.3572632201605349
415.305	0.568328800160535
416.972	0.5728925201605349
418.64	1.0226830201605348
420.308	1.2491401201605348
421.976	1.9461682201605348
423.644	2.371062240160535
425.312	3.5198231201605346
426.98	5.327009120160535
428.648	7.610643920160534
430.316	9.964350920160536
431.983	12.010132920160533
433.651	12.723114920160533
435.319	11.990800920160536
436.987	9.682054920160535
438.655	6.907536920160536
440.323	4.385222420160535
441.991	2.389947900160535
443.659	1.178380820160535
445.327	0.628035420160535
446.994	0.5511744201605348
448.662	0.5486821201605347
450.33	0.3647585601605349
451.998	0.5541558201605349
453.666	0.5238056201605349
455.334	0.684637420160535
457.002	0.5504913201605349
458.67	0.36987802016053484
460.338	-0.03457317983946524
462.005	-0.15652577983946522
463.673	-0.38398227983946526
465.341	-0.22928737983946518
467.009	-0.17599537983946512
468.677	0.04862344016053477
470.345	0.03500752016053492
472.013	0.25234332016053485
473.681	0.20711971016053488
475.349	0.2798341601605347
477.016	0.14484512016053488
478.684	0.08876312016053486
480.352	-0.16996977983946504
482.02	-0.1767440798394651
483.688	-0.23185277983946512
485.356	-0.05143467983946524
487.024	0.09924222016053483
488.692	0.2781015201605349
490.36	0.5747000201605348
492.027	1.2879414201605346
493.695	3.7013162201605345
495.363	7.117640920160535
497.031	9.986332920160535
498.699	11.769963920160533
500.367	11.261215920160534
502.035	8.961791920160536
503.703	5.925968920160534
505.371	2.9066729201605352
507.038	1.2798522801605348
508.706	0.9629255601605348
510.374	0.5056974201605348
512.042	0.3681645701605347
513.71	-0.012460019839465163
515.378	-0.1141408298394651
517.046	-0.30881367983946517
518.714	-0.25030207983946506
520.382	-0.2212703098394651
522.049	-0.06896990983946523
523.717	-0.0008429998394651972
525.385	-0.10138477983946532
527.053	-0.1275592798394652
528.721	0.17350772016053492
530.389	1.688274020160535
532.057	4.2287827201605355
533.725	6.229049920160534
535.393	7.698217920160536
537.06	7.482703920160536
538.728	5.995499920160535
540.396	3.879995920160534
542.064	1.898905920160535
543.732	0.6400762801605349
545.4	0.6886579201605351
547.068	0.27155644016053493
548.736	0.39869352016053483
550.404	0.1583186831605349
552.072	0.3404913201605349
553.739	0.1098222201605348
555.407	0.14633072016053478
557.075	-0.0916069798394652
558.743	-0.04030337983946512
560.411	-0.27214907983946507
562.079	0.00024732016053488073
563.747	0.08707682016053486
565.415	0.662903320160535
567.083	0.9236521201605349
568.75	1.296414520160535
570.418	1.383045820160535
572.086	1.686780520160535
573.754	1.6316470201605349
575.422	1.938704920160535
577.09	1.7311650201605346
578.758	1.669142720160535
580.426	1.2694140201605346
582.094	0.961080530160535
583.761	0.5878636801605349
585.429	0.5871824901605349
587.097	0.44515822016053475
588.765	0.6926837201605347
590.433	0.6732007201605349
592.101	0.879571820160535
593.769	0.8067574301605347
595.437	0.7069604201605351
597.105	0.39848202016053486
598.772	0.21159182016053485
600.44	0.17062592016053482
602.108	0.9473860201605347
603.776	4.481056920160535
605.444	9.155637920160533
607.112	12.916290920160534
608.78	15.098328920160537
610.448	13.866506920160532
612.116	10.440521920160533
613.783	6.0705649201605345
615.451	1.9857058201605349
617.119	0.35187692016053485
618.787	0.38301842016053483
620.455	0.08618560016053474
622.123	0.33352190016053485
623.791	0.17047452016053488
625.459	0.4184322391605346
627.127	0.2941332201605349
628.794	0.5612751201605348
630.462	0.4748740201605349
632.13	0.7137086201605348
633.798	0.5673177201605349
635.466	0.7587261501605349
637.134	0.6440224201605349
638.802	0.828620620160535
640.47	0.6881927301605347
642.138	0.969479320160535
643.805	0.9526254201605349
645.473	1.3538451201605348
647.141	1.7479621201605346
648.809	2.980864120160535
650.477	3.7546358201605345
652.145	4.9121229201605345
653.813	5.749165920160534
655.481	7.328234920160535
657.149	8.523732920160535
658.816	9.187191920160535
660.484	8.331702520160537
662.152	6.965885920160536
663.82	4.209839520160536
665.488	1.814673020160535
667.156	-0.14760407983946516
668.824	-0.23859057983946524
670.492	0.9253879201605347
672.16	3.7333149201605345
673.827	6.557624920160535
675.495	10.187345920160535
677.163	12.523023920160536
678.831	13.105880920160534
680.499	11.734877920160535
682.167	9.168275920160536
683.835	5.737254020160535
685.503	3.200054220160534
687.171	0.9643772201605347
688.838	-0.054818479839465264
690.506	-0.4556630798394652
692.174	-0.5762740798394652
693.842	-0.5832200798394653
695.51	-0.35312807983946526
697.178	-0.4599430798394651
698.846	-0.45758487983946494
700.514	-0.4765949798394652
702.182	-0.415517379839465
703.849	-0.631451079839465
705.517	-0.4865965798394651
707.185	-0.4393428798394653
708.853	-0.10071697983946507
710.521	0.040288720160534905
712.189	0.27608812016053474
713.857	0.19833788016053486
715.525	0.21147302016053476
717.193	-0.18657077983946513
718.86	-0.22049707983946515
720.528	-0.3098312028394652
722.196	-0.178288379839465
723.864	-0.24246788983946513
725.532	-0.044185279839465116
727.2	-0.11001424983946526
728.868	0.09439692016053476
730.536	0.01830185016053476
732.204	0.15158562016053473
733.871	0.06354423816053485
735.539	0.2645318201605348
737.207	0.2523603201605348
738.875	0.720266220160535
740.543	0.8624789601605348
742.211	0.9730668201605347
743.879	0.6760709801605349
745.547	0.4216673401605348
747.215	-0.07372737983946513
748.882	-0.21489127983946527
750.55	-0.43715937983946535
752.218	-0.2204153128394651
753.886	-0.1427526798394651
755.554	0.023128620160534852
757.222	-0.001544079839465229
758.89	0.15577003616053473
760.558	0.03614272016053484
762.226	0.0671472201605348
763.894	-0.0477447798394651
765.561	0.12318252016053477
767.229	0.36888742016053466
768.897	1.7944035201605346
770.565	6.638096903960535
772.233	11.449092920160535
773.901	15.348012920160533
775.569	16.719331920160535
777.237	14.404863920160533
778.905	10.067378920160536
780.572	5.186485920160535
782.24	1.0809980801605348
783.908	0.5701892201605346
785.576	0.7123159201605348
787.244	0.6896987401605349
788.912	0.8425348401605349
790.58	0.5369245201605348
792.248	0.5081219201605348
793.916	0.13384254016053485
795.583	0.17229412016053489
797.251	0.0496324201605348
798.919	0.23261772016053478
800.587	0.158629220160535
802.255	0.369817945160535
803.923	0.22820672016053495
805.591	0.29901592016053485
807.259	0.04475226016053493
808.927	0.03576412016053483
810.594	-0.15150022983946512
812.262	-0.05198183983946518
813.93	-0.14961398983946528
815.598	0.021818420160534792
817.266	-0.0603554798394651
818.934	0.01828137016053477
820.602	-0.1453478698394653
822.27	-0.1025126198394652
823.938	-0.2333959798394652
825.605	-0.08019197983946524
827.273	-0.15754032983946517
828.941	0.0018815201605348665
830.609	-0.0996040798394651
832.277	-0.007092169839465113
833.945	-0.12416047983946514
835.613	0.01385918016053489
837.281	-0.00530302983946509
838.949	0.20664758016053497
840.616	0.1790622071605348
842.284	0.36378551016053484
843.952	0.26667866016053476
845.62	0.3698944201605349
847.288	0.21211042016053483
848.956	0.24535318716053472
850.624	0.0735365201605348
852.292	0.10573053016053495
853.96	-0.0488143798394652
855.627	0.014802920160534788
857.295	-0.07735887983946518
858.963	0.07733722016053474
860.631	0.024875120160534902
862.299	0.20077034016053483
863.967	0.14674756016053486
865.635	0.23379196016053486
867.303	0.13935842016053487
868.971	0.22300734516053494
870.638	0.11790692016053488
872.306	0.22107567016053498
873.974	0.13390132016053474
875.642	0.21647692016053482
877.31	0.17071103016053488
878.978	0.28709362016053486
880.646	-0.42570457983946514
882.314	-0.7260409798394653
883.982	-1.2964207798394654
885.649	-1.3419358398394654
887.317	-1.186913079839465
888.985	-0.6024674798394651
890.653	-0.23457787983946501
892.321	0.3999295001605348
893.989	0.13782812016053483
895.657	0.2266540701605348
897.325	0.0813151201605348
898.993	0.23100863016053488
900.66	0.14220302016053477
902.328	0.2778343201605349
903.996	0.1669234201605348
905.664	0.24298771166053487
907.332	0.1151370201605348
909.0	0.18649827016053477
910.668	0.08673652016053486
912.336	0.20966562016053486
914.004	0.11851712016053484
915.671	0.21594602016053477
917.339	0.14837232016053484
919.007	0.2767889201605348
920.675	0.2434237201605348
922.343	0.3725517981605349
924.011	0.32457457016053487
925.679	0.4380183801605348
927.347	0.3975893101605349
929.015	0.498564120160535
930.682	0.4804186801605348
932.35	0.6015176951605349
934.018	0.5447177201605349
935.686	0.6181279201605349
937.354	0.6328897201605348
939.022	0.730119020160535
940.69	0.8511352801605347
942.358	0.8925480201605348
944.026	0.8714201201605348
945.693	0.7977167501605349
947.361	0.8222144201605348
949.029	0.7040167101605349
950.697	1.2704886201605348
952.365	1.2676515201605347
954.033	4.303000120160535
955.701	13.890072920160534
957.369	21.50309492016054
959.037	27.984631920160535
960.704	28.63623392016053
962.372	23.062914920160537
964.04	14.51911992016053
965.708	5.659825820160535
967.376	-1.4865880798394653
969.044	-0.7376305798394651
970.712	-0.9945007798394652
972.38	-0.36224157983946514
974.048	-0.5193395218394651
975.715	-0.06540577983946512
977.383	-0.35143557983946516
979.051	-0.16687447983946507
980.719	-0.5509389798394652
982.387	-0.23302187983946512
984.055	0.4800495201605349
985.723	3.095082760160535
987.391	6.069023720160535
989.059	9.756597010160535
990.727	12.728087820160534
992.394	14.532586920160536
994.062	13.790616920160534
995.73	11.656115920160534
997.398	8.079917920160534
999.066	5.0835077601605345
1000.73	2.3611573201605345
1002.4	0.7105737201605348
1004.07	-0.10584107983946503
1005.74	0.041310120160534855
1007.41	-0.18492527983946525
1009.07	-0.05684627983946511
1010.74	-0.26099976683946513
1012.41	-0.1825880598394652
1014.08	-0.3396231798394652
1015.74	-0.1845421898394651
1017.41	-0.2865932798394651
1019.08	-0.07122080983946515
1020.75	-0.19846128983946523
1022.42	0.0008501701605347911
1024.08	-0.0692912098394652
1025.75	0.12397912016053478
1027.42	0.11005032016053493
1029.09	0.3058470201605349
1030.76	0.24212642016053482
1032.42	0.4133956301605348
1034.09	0.262457620160535
1035.76	0.3627602201605348
1037.43	0.1301225701605349
1039.1	0.08911162016053473
1040.76	-0.1656313498394651
1042.43	-0.17234783983946522
1044.1	-0.35037957983946516
1045.77	-0.19096837983946507
1047.43	-0.2945388798394652
1049.1	-0.07580483983946507
1050.77	-0.1739453798394651
1052.44	0.006378120160534828
1054.11	-0.11843137983946521
1055.77	0.06216646016053491
1057.44	-0.032062479839465176
1059.11	0.17930002016053476
1060.78	0.0692698951605349
1062.45	0.23840359016053486
1064.11	0.06314553016053481
1065.78	0.15492392016053486
1067.45	-0.06332850983946514
1069.12	0.04150412016053475
1070.79	-0.11926117983946508
1072.45	0.07162899016053484
1074.12	0.001266520160534934
1075.79	0.012231020160534945
1077.46	-0.1658801798394651
1079.12	-0.1215300798394652
1080.79	-0.23321157983946517
1082.46	-0.005656279839465062
1084.13	-0.0036209798394652437
1085.8	0.21488258016053488
1087.46	0.18674728016053474
1089.13	0.1939749201605349
1090.8	0.02383231016053481
1092.47	0.11202842016053491
1094.14	0.006371950160534867
1095.8	0.12509442016053485
1097.47	-0.0009082798394651869
1099.14	0.10944942016053472
1100.81	-0.014121869839465085
1102.48	0.10701992016053483
1104.14	-0.002863479839465266
1105.81	0.14118912016053486
1107.48	0.04815872016053502
1109.15	0.20552582016053483
1110.81	0.1244307201605348
1112.48	0.3015723201605349
1114.15	0.23845482016053482
1115.82	0.4058584201605349
1117.49	0.32124403016053493
1119.15	0.42180432016053493
1120.82	0.29730212016053476
1122.49	0.3677865301605348
1124.16	0.17662077016053493
1125.83	0.2174197101605348
1127.49	0.00883829016053488
1129.16	0.03496373016053482
1130.83	-0.07541837983946516
1132.5	0.0683557201605349
1134.17	0.07968082016053475
1135.83	0.3030328201605348
1137.5	0.30916402016053485
1139.17	0.48702432016053476
1140.84	0.6398027301605348
1142.5	0.8630671401605348
1144.17	0.7997870201605348
1145.84	0.8033706301605348
1147.51	0.45904321016053495
1149.18	0.2426272201605349
1150.84	0.0008713201605346388
1152.51	-0.051778849839465305
1154.18	0.13142862016053486
1155.85	0.2972173201605348
1157.52	0.987998260160535
1159.18	4.014025020160535
1160.85	7.471495920160535
1162.52	10.618821920160535
1164.19	11.630203920160534
1165.85	10.294973620160533
1167.52	6.953338920160535
1169.19	3.2472590801605343
1170.86	-0.031120479839465087
1172.53	-0.6344887798394652
1174.19	-0.6020598698394652
1175.86	-0.16706747983946518
1177.53	-0.47078618983946524
1179.2	-0.44294627983946516
1180.87	-0.7723808798394651
1182.53	-0.6616297798394651
1184.2	-0.7836505798394651
1185.87	-0.45780557983946524
1187.54	-0.5039099198394652
1189.21	-0.2248171998394652
1190.87	-0.3226973998394652
1192.54	-0.035724279839465196
1194.21	-0.1424435798394652
1195.88	0.09655022016053474
1197.54	-0.03606846983946525
1199.21	0.07424928586053477
1200.88	-0.11643385983946511
1202.55	0.00729882016053488
1204.22	-0.2021200398394652
1205.88	0.011660620160534907
1207.55	-0.18260647983946504
1209.22	-0.0894608798394652
1210.89	-0.3494652298394651
1212.56	-0.2473525798394652
1214.22	-0.38514227983946514
1215.89	-0.10918997983946506
1217.56	-0.14564917983946524
1219.23	0.1461773201605347
1220.9	0.08989452016053494
1222.56	0.32456067016053486
1224.23	0.18254982016053495
1225.9	0.3337729201605349
1227.57	0.17696771016053484
1229.23	0.2940568201605349
1230.9	0.11687479016053492
1232.57	0.24607242016053493
1234.24	0.06122258016053481
1235.91	0.18365242016053485
1237.57	-0.02414773983946512
1239.24	0.08964214016053491
1240.91	-0.11000537983946516
1242.58	0.06627212016053481
1244.25	-0.030782777839465147
1245.91	0.17776782016053483
1247.58	0.032889920160534866
1249.25	0.1653133901605349
1250.92	0.022418520160534826
1252.59	0.3506907201605348
1254.25	0.36835762016053486
1255.92	0.750383690160535
1257.59	0.8265745201605348
1259.26	1.4359297201605348
1260.92	2.8306049201605346
1262.59	4.629462120160535
1264.26	5.6311189021605355
1265.93	5.767280720160535
1267.6	4.3015295201605355
1269.26	2.2869874201605347
1270.93	0.12650502016053494
1272.6	-1.172329779839465
1274.27	-1.3086314798394654
1275.94	-0.7684676798394652
1277.6	-0.6866259798394652
1279.27	-0.577288409839465
1280.94	-0.6964986798394652
1282.61	-0.4710026798394652
1284.28	-0.4562787798394651
1285.94	-0.19067457983946506
1287.61	-0.2411164798394651
1289.28	-0.10997657983946516
1290.95	-0.32439427983946517
1292.61	-0.22369177983946517
1294.28	-0.3770684798394652
1295.95	-0.23758337983946515
1297.62	-0.37070167983946517
1299.29	-0.2194021798394651
1300.95	-0.3174237798394652
1302.62	-0.15760137983946507
1304.29	-0.2771668798394652
1305.96	-0.16228927983946514
1307.63	-0.31602407983946507
1309.29	-0.1814607798394652
1310.96	-0.3079260798394651
1312.63	-0.1578761798394651
1314.3	-0.2612055798394651
1315.97	-0.08942407983946514
1317.63	-0.16810677983946515
1319.3	-0.015181479839465106
1320.97	-0.12728487983946518
1322.64	0.015010720160534863
1324.3	-0.1442692798394652
1325.97	-0.07432322983946515
1327.64	-0.25281097983946504
1329.31	-0.18419281983946512
1330.98	-0.3362282798394651
1332.64	-0.25397957983946506
1334.31	-0.4081429798394652
1335.98	-0.4067088798394652
1337.65	-0.6394622798394651
1339.32	-0.45717662983946517
1340.98	-0.3560075798394652
1342.65	0.06660013016053483
1344.32	0.3181820001605347
1345.99	0.6324726201605347
1347.65	0.5530784201605348
1349.32	0.5173812201605348
1350.99	0.07813022016053486
1352.66	0.08791718016053489
1354.33	1.2057880101605347
1355.99	2.9234474201605343
1357.66	4.301771920160535
1359.33	5.257689920160535
1361.0	4.694041920160535
1362.67	3.473312120160535
1364.33	1.708513720160535
1366.0	0.17220422016053477
1367.67	-0.3714051798394651
1369.34	-0.15787940983946527
1371.01	-0.2529382798394651
1372.67	-0.012293799839465125
1374.34	-0.0997112798394653
1376.01	0.09040502016053478
1377.68	-0.04998397983946514
1379.34	0.20446435016053482
1381.01	0.18494170416053493
1382.68	0.49019962016053487
1384.35	0.510322050160535
1386.02	0.874895520160535
1387.68	0.7328939201605349
1389.35	1.7768519201605346
1391.02	2.514901920160535
1392.69	3.188245920160535
1394.36	2.988084920160535
1396.02	2.151417120160535
1397.69	0.5564859201605346
1399.36	-0.42667207983946503
1401.03	-1.5110994798394652
1402.7	-1.2143227798394653
1404.36	-0.8376120798394652
1406.03	-0.5703382798394652
1407.7	-0.49414467983946525
1409.37	-0.16987457983946505
1411.03	0.012669820160534773
1412.7	0.5319256201605349
1414.37	0.6305453201605349
1416.04	0.8307809201605348
1417.71	0.583590420160535
1419.37	0.38157202016053476
1421.04	0.039286220160534825
1422.71	-0.039541179839465215
1424.38	-0.3124335798394653
1426.05	-0.3347678798394652
1427.71	-0.5532066798394653
1429.38	-0.4735668798394652
1431.05	-0.593909099839465
1432.72	-0.47494867983946526
1434.39	-0.6272916798394651
1436.05	-0.5042892798394653
1437.72	-0.4526712798394651
1439.39	-0.1291325698394651
1441.06	0.07372872016053486
1442.72	0.4515474201605348
1444.39	0.4500120201605348
1446.06	0.5573750201605349
1447.73	0.32142922016053477
1449.4	0.3545416201605348
1451.06	0.21505962016053487
1452.73	0.4432586801605349
1454.4	0.5653532201605349
1456.07	1.445918700160535
1457.74	2.473891620160535
1459.4	3.5392719201605347
1461.07	3.9896289201605355
1462.74	3.9264349201605357
1464.41	3.008566720160535
1466.08	2.0862606101605343
1467.74	1.0134283201605347
1469.41	0.6521146201605349
1471.08	0.6101258201605348
1472.75	0.7324709501605348
1474.41	0.7820383201605348
1476.08	1.3260884201605347
1477.75	2.225785720160535
1479.42	3.0739751201605348
1481.09	3.359062650160535
1482.75	3.3617789201605346
1484.42	2.4904589201605347
1486.09	1.579347120160535
1487.76	0.5185849201605347
1489.43	-0.017177979839465073
1491.09	-0.21632721983946518
1492.76	-0.05882687983946515
1494.43	-0.22844367983946512
1496.1	0.05576232016053497
1497.76	-0.021442779839465232
1499.43	0.11346412016053473
1501.1	-0.023643909839465228
1502.77	0.15265831016053485
1504.44	0.03881091016053484
1506.1	0.2868605501605349
1507.77	0.1959187301605348
1509.44	0.29488042016053484
1511.11	0.08325624016053479
1512.78	0.1122497401605348
1514.44	-0.042614899839465134
1516.11	0.09302482016053489
1517.78	0.02141495016053474
1519.45	0.27856362016053493
1521.12	0.25002292016053496
1522.78	0.4166899201605349
1524.45	0.40157512016053476
1526.12	0.592833420160535
1527.79	0.533466900160535
1529.45	0.6491647701605349
1531.12	0.5397806571605347
1532.79	0.5822122201605351
1534.46	0.39816488016053475
1536.13	0.48393532016053487
1537.79	0.4790986201605348
1539.46	0.7297445201605348
1541.13	0.9442491801605349
1542.8	1.242021320160535
1544.47	1.5366571201605346
1546.13	1.9157497201605351
1547.8	3.110766920160535
1549.47	5.281071920160534
1551.14	6.001632920160534
1552.81	6.583126920160535
1554.47	5.169336320160534
1556.14	3.283033920160534
1557.81	1.1798818201605346
1559.48	-0.26010877983946523
1561.14	-0.7537449798394652
1562.81	0.41215722016053463
1564.48	0.2449289201605349
1566.15	0.6603509201605349
1567.82	0.1912270201605349
1569.48	0.09325912016053475
1571.15	-0.3278615798394651
1572.82	-0.37485817983946523
1574.49	-0.6414510798394651
1576.16	-0.46128629983946523
1577.82	-0.5638326798394653
1579.49	-0.3658916798394652
1581.16	-0.5084144198394652
1582.83	-0.46396017983946514
1584.5	-0.7332376798394653
1586.16	-0.8574903798394651
1587.83	0.8313656201605347
1589.5	4.944668620160535
1591.17	8.924440420160535
1592.83	12.835213920160536
1594.5	14.827244920160533
1596.17	16.247760920160538
1597.84	15.848370920160534
1599.51	14.702936920160536
1601.17	13.886116920160537
1602.84	14.734392920160534
1604.51	13.322277920160534
1606.18	11.570832920160536
1607.85	8.162253020160534
1609.51	5.709909200160534
1611.18	2.3614980801605348
1612.85	0.1389700201605349
1614.52	-2.207780479839465
1616.19	-1.8772960798394653
1617.85	-0.9048520798394651
1619.52	0.850843320160535
1621.19	2.496899820160535
1622.86	4.047584920160534
1624.52	3.991093920160535
1626.19	3.823712020160535
1627.86	2.4081931301605346
1629.53	1.3813741201605347
1631.2	1.1887129201605346
1632.86	1.116742220160535
1634.53	0.8232632201605348
1636.2	0.6848196201605349
1637.87	0.2810026201605349
1639.54	0.24013072016053477
1641.2	0.06867122016053476
1642.87	0.256673020160535
1644.54	0.27344652016053483
1646.21	0.4885841201605349
1647.88	0.3866959201605347
1649.54	0.6372545201605349
1651.21	0.6323821201605349
1652.88	0.7875804201605348
1654.55	0.6652753201605348
1656.21	0.8157065201605349
1657.88	0.7056315201605348
1659.55	0.813669920160535
1661.22	0.6606611201605348
1662.89	0.8138307501605351
1664.55	0.6332846201605347
1666.22	0.6009498201605348
1667.89	0.2700915701605348
1669.56	0.3199883201605349
1671.23	0.18870632016053485
1672.89	0.3144028201605348
1674.56	0.10185290016053491
1676.23	0.19632033016053482
1677.9	-0.011097589839465228
1679.56	0.15895662016053486
1681.23	0.0889473001605349
1682.9	0.47601252016053486
1684.57	0.4781834401605347
1686.24	0.6680145201605349
1687.9	0.5003705201605347
1689.57	0.5803216201605348
1691.24	0.7499662201605349
1692.91	1.620280120160535
1694.58	2.3182491201605346
1696.24	3.071988120160535
1697.91	2.8564888201605347
1699.58	2.235932150160535
1701.25	0.9228537201605344
1702.92	-0.042273859839464925
1704.58	-0.820943879839465
1706.25	-0.767327079839465
1707.92	-0.6408914798394652
1709.59	-0.23574127983946522
1711.25	-0.24774877983946525
1712.92	-0.006562879839465107
1714.59	-0.1438437798394652
1716.26	0.06947162016053474
1717.93	-0.0468253798394652
1719.59	0.12658002016053485
1721.26	-0.0010367898394651465
1722.93	0.1331961801605348
1724.6	-0.027639679839465157
1726.27	0.06679462016053492
1727.93	-0.1522381798394652
1729.6	-0.09576957983946519
1731.27	-0.31572407983946504
1732.94	-0.1967796798394652
1734.61	-0.3222233798394651
1736.27	-0.11784497983946514
1737.94	-0.20166706983946514
1739.61	-0.012578579839465153
1741.28	-0.15436907983946516
1742.94	-0.019387179839465175
1744.61	-0.18909027983946514
1746.28	-0.06079137983946522
1747.95	-0.2209302098394652
1749.62	-0.08083887983946524
1751.28	-0.22531409983946515
1752.95	-0.0631885798394651
1754.62	-0.21578184983946525
1756.29	-0.06565117983946504
1757.96	-0.21302917983946507
1759.62	-0.06920577983946515
1761.29	-0.19460431983946513
1762.96	-0.01850877983946524
1764.63	-0.10031697983946515
1766.3	0.07460082016053482
1767.96	-0.06868087983946516
1769.63	0.033547820160534814
1771.3	-0.18282197983946527
1772.97	-0.11420787983946509
1774.63	-0.29284827983946515
1776.3	-0.16803997983946523
1777.97	-0.28061890983946525
1779.64	-0.12549517983946515
1781.31	-0.27393083983946526
1782.97	-0.18684967983946527
1784.64	-0.35908185983946517
1786.31	-0.28615513983946517
1787.98	-0.4384787798394652
1789.65	-0.3315815298394651
1791.31	-0.41685087983946517
1792.98	-0.47715987983946506
1794.65	-0.36597287983946514
1796.32	2.0812719201605345
1797.99	4.502177500160535
1799.65	7.114640220160536
1801.32	8.232656920160535
1802.99	7.7323144201605345
1804.66	5.634691920160536
1806.32	3.267442920160535
1807.99	0.6150994201605349
1809.66	0.33209372016053484
1811.33	0.08251282016053482
1813.0	0.22423582016053492
1814.66	0.008607790160534746
1816.33	0.1794328201605349
1818.0	0.017835240160534848
1819.67	0.1906706201605349
1821.34	0.030803730160534903
1823.0	0.22342672016053472
1824.67	0.06454964016053474
1826.34	0.26864012016053496
1828.01	0.11317782016053494
1829.68	0.26655967016053483
1831.34	0.07908412016053486
1833.01	0.19439254016053492
1834.68	0.0010904811605347898
1836.35	0.13253304016053497
1838.01	-0.04814885983946519
1839.68	0.10122102016053484
1841.35	-0.07397429983946506
1843.02	0.06776182016053486
1844.69	-0.09609578983946507
1846.35	0.07521452016053487
1848.02	-0.07084484983946515
1849.69	0.08839122016053488
1851.36	-0.06951905983946524
1853.03	0.07776402016053485
1854.69	-0.09174397983946507
1856.36	0.06278262016053482
1858.03	-0.07831534983946518
1859.7	0.11369322016053478
1861.36	-0.006066499839465051
1863.03	0.1776918201605348
1864.7	0.03719849016053491
1866.37	0.2024472201605349
1868.04	0.017515340160534788
1869.7	0.14093542016053479
1871.37	-0.05943926983946509
1873.04	0.05501052016053491
1874.71	-0.11085699983946515
1876.38	0.035397120160534826
1878.04	-0.11518263983946504
1879.71	0.06694932016053493
1881.38	-0.07364442983946513
1883.05	0.08859752016053495
1884.72	-0.04706082983946512
1886.38	0.11353392016053487
1888.05	-0.01280773983946511
1889.72	0.15420992016053492
1891.39	0.009340920160534791
1893.05	0.15120287016053485
1894.72	-0.024695269839465045
1896.39	0.08324639016053474
1898.06	-0.10470037983946523
1899.73	0.021492360160534796
1901.39	-0.12212195983946521
1903.06	0.0470629701605348
1904.73	-0.06782090983946523
1906.4	0.09814416016053493
1908.07	-0.06181895983946521
1909.73	0.0856408201605349
1911.4	-0.08401975983946511
1913.07	0.076011420160535
1914.74	-0.058231079839465114
1916.41	0.10626699016053487
1918.07	-0.030721379839465223
1919.74	0.11755167316053494
1921.41	-0.05618967983946521
1923.08	0.07938732016053487
1924.74	-0.08987359983946504
1926.41	0.07527832016053485
1928.08	-0.04987366983946525
1929.75	0.13087182016053492
1931.42	0.029474210160534947
1933.08	0.19406552016053488
1934.75	0.028615420160534772
1936.42	0.14297523016053487
1938.09	-0.04583405983946519
1939.76	0.08224641016053476
1941.42	-0.06102655983946512
1943.09	0.0986422901605349
1944.76	-0.02913307983946507
1946.43	0.1578450201605349
1948.1	0.014741330160534883
1949.76	0.15248532016053487
1951.43	-0.01631071983946507
1953.1	0.08633570016053489
1954.77	-0.09652596983946518
1956.43	0.009412500160534742
1958.1	-0.17776304983946514
1959.77	-0.05460567983946509
1961.44	-0.18168698983946527
1963.11	-0.02034151983946515
1964.77	-0.13711415983946512
1966.44	0.036045920160534886
1968.11	-0.050642579839465164
1969.78	0.09189482016053488
1971.45	-0.02245733983946512
1973.11	0.15454832016053482
1974.78	0.04374881016053491
1976.45	0.2413618201605349
1978.12	0.15286689016053492
1979.79	0.3245675201605348
1981.45	0.2046929201605349
1983.12	0.3033444201605348
1984.79	0.10232126016053482
1986.46	0.21344092016053473
1988.12	0.04087252016053476
1989.79	0.17797517016053485
1991.46	0.026995260160534863
1993.13	0.17326887016053488
1994.8	-0.02102932983946517
1996.46	0.09463892016053484
1998.13	-0.02891231983946526
1999.8	0.14892326016053495
2001.47	0.03334222016053482
2003.14	0.1546403201605348
2004.8	-0.08120807983946521
2006.47	-0.009372679839465192
2008.14	-0.21247643983946518
2009.81	-0.0541693798394652
2011.48	-0.1079599398394651
2013.14	0.11534262016053484
2014.81	0.024926120160534793
2016.48	0.16860582016053477
2018.15	-0.006887429839465176
2019.81	0.09699126016053483
2021.48	-0.08540399983946526
2023.15	0.029423720160534773
2024.82	-0.10903177983946508
2026.49	0.030302940160534787
2028.15	-0.13137977983946506
2029.82	0.0048155201605348365
2031.49	-0.14304837983946517
2033.16	0.012536960160534915
2034.83	-0.12464993983946529
2036.49	0.04108941016053478
2038.16	-0.07101528983946526
2039.83	0.10402688016053485
2041.5	-0.027196238839465203
2043.16	0.13917194016053483
2044.83	-0.01674907983946522
2046.5	0.10836197016053495
2048.17	-0.07900437983946514
2049.84	0.026851260160534806
2051.5	-0.14702317983946517
2053.17	-0.004660569839465079
2054.84	-0.14654369983946525
2056.51	0.02157022016053487
2058.18	-0.11824976983946525
2059.84	0.03377891016053486
2061.51	-0.10208723983946513
2063.18	0.050199300160534886
2064.85	-0.10006372983946514
2066.52	0.04176954016053479
2068.18	-0.09169347983946516
2069.85	0.06821022016053487
2071.52	-0.0571293798394652
2073.19	0.09306412016053485
2074.85	-0.04836627983946516
2076.52	0.07856642016053497
2078.19	-0.0706076098394652
2079.86	0.05395551016053497
2081.53	-0.08368544983946527
2083.19	0.05799990016053491
2084.86	-0.07665911983946523
2086.53	0.06965779016053494
2088.2	-0.07409837983946507
2089.87	0.050724660160534875
2091.53	-0.10759088983946527
2093.2	0.008392099160534766
2094.87	-0.15484090983946527
2096.54	-0.016259419839465078
2098.21	-0.15316945983946512
2099.87	0.0031586801605347214
2101.54	-0.14829403983946515
2103.21	-0.016483259839465254
2104.88	-0.17321569983946522
2106.54	-0.034972369839465244
2108.21	-0.1893253598394652
2109.88	-0.02673115983946528
2111.55	-0.14097707983946509
2113.22	0.05486462016053475
2114.88	-0.0583151798394652
2116.55	0.09515232016053476
2118.22	-0.05451963983946526
2119.89	0.05237903016053495
2121.56	-0.13621847983946517
2123.22	-0.03282654983946513
2124.89	-0.19497667983946512
2126.56	-0.026371619839465142
2128.23	-0.1470419598394652
2129.9	0.0028851201605348763
2131.56	-0.1279866898394652
2133.23	0.018661620160534877
2134.9	-0.11679558983946517
2136.57	0.039449780160534825
2138.23	-0.0775960998394651
2139.9	0.09704952016053489
2141.57	-0.030188059839465153
2143.24	0.10464012016053485
2144.91	-0.05280240983946518
2146.57	0.08691697016053487
2148.24	-0.05995895983946518
2149.91	0.08856461016053481
2151.58	-0.043069809839465144
2153.25	0.10985392016053486
2154.91	-0.04310270983946514
2156.58	0.08563932016053488
2158.25	-0.0669650898394651
2159.92	0.06452772016053494
2161.59	-0.08287197983946508
2163.25	0.04909261016053481
2164.92	-0.11047117983946513
2166.59	0.015070550160534702
2168.26	-0.15128237983946527
2169.92	-0.004476286839465099
2171.59	-0.13905347983946514
2173.26	0.026341220160534796
2174.93	-0.0874607898394653
2176.6	0.07498931016053492
2178.26	-0.04326414983946521
2179.93	0.11456854016053482
2181.6	-0.01267362983946515
2183.27	0.14413732016053477
2184.94	0.006923388160534732
2186.6	0.14712542016053484
2188.27	-0.0010864898394652544
2189.94	0.12952942016053487
2191.61	-0.027305199839465066
2193.28	0.09314548016053488
2194.94	-0.05086457983946526
2196.61	0.07485270016053486
2198.28	-0.06726037983946513
2199.95	0.06111428016053487
2201.61	-0.09038138983946513
2203.28	0.044649120160534815
2204.95	-0.1014493598394652
2206.62	0.041985220160534895
2208.29	-0.09325580983946509
2209.95	0.04434987016053473
2211.62	-0.0877031798394651
2213.29	0.056899250160534744
2214.96	-0.08014957983946511
2216.63	0.07267902016053478
2218.29	-0.05973392983946514
2219.96	0.07716062016053482
2221.63	-0.07013451983946525
2223.3	0.04687262016053486
2224.96	-0.1149816798394651
2226.63	0.010901910160534767
2228.3	-0.13155137983946508
2229.97	0.017861500160534838
2231.64	-0.09759237983946523
2233.3	0.061285270160534824
2234.97	-0.06579722983946516
2236.64	0.08015352016053483
2238.31	-0.06021282983946528
2239.98	0.08180562016053497
2241.64	-0.06689998983946513
2243.31	0.07747252016053481
2244.98	-0.0665106098394652
2246.65	0.07756732016053491
2248.32	-0.06298801983946523
2249.98	0.07350483016053477
2251.65	-0.07413200883946516
2253.32	0.0731854201605348
2254.99	-0.07504429983946519
2256.65	0.08793428016053481
2258.32	-0.03931193983946515
2259.99	0.12398594016053481
2261.66	-0.001185999839465135
2263.33	0.13761968016053489
2264.99	0.010575620160534838
2266.66	0.16923532016053472
2268.33	0.04620089016053488
2270.0	0.2009255201605349
2271.67	0.09231281016053486
2273.33	0.20946342016053476
2275.0	0.004210220160534739
2276.67	0.03905702016053473
2278.34	-0.20994025983946513
2280.01	-0.14750682983946517
2281.67	-0.3087604798394652
2283.34	-0.16404107983946514
2285.01	-0.22872837983946517
2286.68	-0.03907317983946524
2288.34	-0.16466327983946508
2290.01	-0.023247669839465135
2291.68	-0.16756437983946526
2293.35	-0.026655258839465134
2295.02	-0.17117397983946508
2296.68	-0.02928994383946514
2298.35	-0.1625886798394652
2300.02	-0.014250169839465232
2301.69	-0.15360177983946527
2303.36	0.0030418791605348384
2305.02	-0.09462297983946517
2306.69	0.09832262016053477
2308.36	-0.0016310798394652104
2310.03	0.14726019016053488
2311.7	0.01835892016053491
2313.36	0.1559933201605349
2315.03	-0.0004827798394651417
2316.7	0.1392224701605349
2318.37	0.001174120160534864
2320.03	0.14630222016053485
2321.7	0.01932152016053489
2323.37	0.14787292016053483
2325.04	0.00341372016053485
2326.71	0.14989952016053484
2328.37	-0.014476589839465214
2330.04	0.10932362016053485
2331.71	-0.047477869839465205
2333.38	0.08012554016053483
2335.05	-0.06689198983946518
2336.71	0.08046547016053482
2338.38	-0.08478839983946514
2340.05	0.04427377016053487
2341.72	-0.10788360983946513
2343.39	0.024426560160534815
2345.05	-0.11037548983946519
2346.72	0.05631492016053487
2348.39	-0.08023210883946516
2350.06	0.07328428016053472
2351.72	-0.08016565983946515
2353.39	0.050374220160534854
2355.06	-0.10490142983946524
2356.73	0.05033722016053488
2358.4	-0.07643238983946521
2360.06	0.09014532016053471
2361.73	-0.020129519839465083
2363.4	0.12780822016053484
2365.07	-0.028406169839465246
2366.74	0.08888872016053484
2368.4	-0.10426957983946523
2370.07	0.005667220160534786
2371.74	-0.15978467983946515
2373.41	-0.033456179839465104
2375.07	-0.15566611983946532
2376.74	-0.0026022798394651934
2378.41	-0.12674534983946512
2380.08	0.0279410601605349
2381.75	-0.10752382983946515
2383.41	0.047990450160534846
2385.08	-0.08284965983946517
2386.75	0.06012460016053485
2388.42	-0.07603175983946513
2390.09	0.07801669016053472
2391.75	-0.04050064983946523
2393.42	0.12872921016053498
2395.09	0.012791420160534856
2396.76	0.16173948016053488
2398.43	0.01925132016053497
2400.09	0.15645388016053488
2401.76	-0.002848429839465272
2403.43	0.1384906401605349
2405.1	0.001975040160534891
2406.76	0.13526841016053476
2408.43	-0.02327244983946507
2410.1	0.07742988616053485
2411.77	-0.11560852983946523
2413.44	0.00010921016053490051
2415.1	-0.16670022983946517
2416.77	-0.03025457983946516
2418.44	-0.1709323698394652
2420.11	-0.021421879839465124
2421.78	-0.14974331983946526
2423.44	0.005609820160534818
2425.11	-0.1052590998394652
2426.78	0.0570432201605348
2428.45	-0.06905897983946516
2430.12	0.0669633201605348
2431.78	-0.08414986983946507
2433.45	0.05182712016053485
2435.12	-0.07862640983946516
2436.79	0.06468782916053492
2438.45	-0.05749722983946517
2440.12	0.07945051016053492
2441.79	-0.06700647983946513
2443.46	0.06614233716053479
2445.13	-0.0656895898394652
2446.79	0.09306500016053483
2448.46	-0.03885197983946513
2450.13	0.10753162016053479
2451.8	-0.029320679839465014
2453.47	0.1074794801605348
2455.13	-0.04089658983946505
2456.8	0.08793859016053485
2458.47	-0.07148177983946513
2460.14	0.050965420160534916
2461.81	-0.11787304983946512
2463.47	0.005391120160534879
2465.14	-0.14044307983946513
2466.81	0.009450440160534913
2468.48	-0.12669257983946522
2470.14	0.005463520160534818
2471.81	-0.14287346983946508
2473.48	-0.009056599839465152
2475.15	-0.1426716148394652
2476.82	0.021843000160534885
2478.48	-0.0858198098394651
2480.15	0.08210920016053495
2481.82	-0.034877029839465265
2483.49	0.09507296016053479
2485.16	-0.06319298683946507
2486.82	0.05743407016053488
2488.49	-0.10005186983946524
2490.16	0.02443997016053493
2491.83	-0.11516447983946523
2493.5	0.02371125016053476
2495.16	-0.09815837983946507
2496.83	0.05374150016053485
2498.5	-0.06764414983946518
2500.17	0.07399472016053484
2501.83	-0.03087398983946519
2503.5	0.12620042016053484
2505.17	-0.0027296798394652265
2506.84	0.13148532016053477
2508.51	-0.034209369839465084
2510.17	0.05283106016053481
2511.84	-0.13607617983946524
2513.51	-0.07844637983946509
2515.18	-0.2483212198394651
2516.85	-0.1216714798394652
2518.51	-0.2517732798394651
2520.18	-0.07571657983946521
2521.85	-0.17271644583946522
2523.52	0.007316620160534781
2525.19	-0.11017947983946504
2526.85	0.020734520160534863
2528.52	-0.12969250983946518
2530.19	0.0008064201605349375
2531.86	-0.14724370983946516
2533.52	-0.012154879839465133
2535.19	-0.15295577983946512
2536.86	0.02272302016053477
2538.53	-0.09065016983946513
2540.2	0.07753188016053489
2541.86	-0.0386519398394652
2543.53	0.11627286016053481
2545.2	-0.020185339839465178
2546.87	0.1157852201605349
2548.54	-0.030809519839465095
2550.2	0.14098032016053486
2551.87	0.004069270160534955
2553.54	0.14115322016053494
2555.21	-0.013107479839465164
2556.87	0.11425281016053482
2558.54	-0.038505379839465094
2560.21	0.08806348016053481
2561.88	-0.09004020983946517
2563.55	0.04091782016053484
2565.21	-0.11942630983946508
2566.88	0.018053620160534765
2568.55	-0.08492485983946521
2570.22	0.08834602016053475
2571.89	-0.022580479839465106
2573.55	0.1256100801605348
2575.22	-0.0261676698394653
2576.89	0.1111757001605348
2578.56	-0.020972269839465117
2580.23	0.11859706016053484
2581.89	-0.010525379839465143
2583.56	0.10867789016053489
2585.23	-0.05729397983946525
2586.9	0.061714620160534805
2588.56	-0.08091988983946508
2590.23	0.07368464016053469
2591.9	-0.03725156983946505
2593.57	0.12122912016053485
2595.24	0.009034020160534917
2596.9	0.16934442016053491
2598.57	0.041727720160534706
2600.24	0.1890549201605349
2601.91	0.040939220160534806
2603.58	0.1683496101605348
2605.24	0.01565302016053476
2606.91	0.12307772016053489
2608.58	-0.04141097983946518
2610.25	0.07004246016053484
2611.92	-0.06196787983946508
2613.58	0.07393942016053483
2615.25	-0.0469026398394651
2616.92	0.11490812016053482
2618.59	0.00433317016053496
2620.25	0.14233824016053484
2621.92	-0.005878109839465129
2623.59	0.11233812016053477
2625.26	-0.019346879839465193
2626.93	0.07241724016053493
2628.59	-0.10565947983946514
2630.26	-0.01962577983946524
2631.93	-0.20994992983946514
2633.6	-0.08386677983946503
2635.27	-0.21550069183946513
2636.93	-0.0241170798394651
2638.6	-0.10357047983946517
2640.27	0.053524920160534784
2641.94	-0.09890727983946515
2643.61	0.023742510160534858
2645.27	-0.13498117983946523
2646.94	0.046454750160534776
2648.61	-0.039270879839465186
2650.28	0.17046970016053492
2651.94	0.07325912016053483
2653.61	0.2598544001605348
2655.28	0.15622392016053496
2656.95	0.3556055201605348
2658.62	0.2547316201605349
2660.28	0.3925845201605349
2661.95	0.20706074016053488
2663.62	0.2522537301605349
2665.29	0.014696620160534834
2666.96	0.09809212016053492
2668.62	-0.03297037983946516
2670.29	0.13148442016053483
2671.96	0.03508592016053489
2673.63	0.1793830901605348
2675.3	0.04817332016053475
2676.96	0.16027199016053484
2678.63	-0.004681879839465164
2680.3	0.07659249016053482
2681.97	-0.08139837983946512
2683.63	0.01673052016053487
2685.3	-0.10731827983946514
2686.97	0.07782102016053494
2688.64	0.03411862016053485
2690.31	0.21615932016053496
2691.97	0.08880812016053492
2693.64	0.18856062016053485
2695.31	0.005346720160534768
2696.98	0.11204522016053493
2698.65	-0.03235677983946518
2700.31	0.12019012016053485
2701.98	-0.0065827798394651246
2703.65	0.0986765201605349
2705.32	-0.0823244998394652
2706.99	0.036760920160534914
2708.65	-0.11615507983946516
2710.32	0.06005752016053485
2711.99	-0.06413537983946509
2713.66	0.07871482016053473
2715.32	-0.048359779839465225
2716.99	0.041974920160534814
2718.66	-0.09418365983946511
2720.33	0.08168572016053495
2722.0	-0.044638089839465045
2723.66	0.13235822016053475
2725.33	0.028837600160534837
2727.0	0.15056147016053484
2728.67	0.024524965160534918
2730.34	0.12198219016053477
2732.0	-0.03777878983946521
2733.67	0.13011162016053487
2735.34	0.0124528101605349
2737.01	0.17585462016053494
2738.67	0.08016702016053483
2740.34	0.22018354016053482
2742.01	0.05620552016053489
2743.68	0.1315713201605348
2745.35	-0.051948079839465165
2747.01	0.053165420160534806
2748.68	-0.06062459983946518
2750.35	0.1162090201605348
2752.02	0.018866400160534758
2753.69	0.17316590016053485
2755.35	-0.002901879839465149
2757.02	0.08756832016053495
2758.69	-0.06209047983946521
2760.36	0.05092782016053484
2762.03	-0.08935427983946517
2763.69	0.06046695016053476
2765.36	-0.08965248983946517
2767.03	0.1411289301605349
2768.7	0.1710024201605349
2770.36	0.46811652016053484
2772.03	0.49827232016053474
2773.7	0.7352090201605348
2775.37	0.5678250201605348
2777.04	0.6116238201605347
2778.7	0.41583782016053483
2780.37	0.3668805101605349
2782.04	0.11042633016053482
2783.71	-0.0012763798394651916
2785.38	-0.41677877983946504
2787.04	-0.41881757983946527
2788.71	-0.6169335798394651
2790.38	-0.4877651498394651
2792.05	-0.5204137798394651
2793.72	-0.38151027983946517
2795.38	-0.5233601798394651
2797.05	-0.3679342798394652
2798.72	-0.4188846798394651
2800.39	-0.18206958983946522
2802.05	-0.2660080798394652
2803.72	-0.10098457983946516
2805.39	-0.2992357798394651
2807.06	-0.19715197983946506
2808.73	-0.2366563798394652
2810.39	0.07460962016053485
2812.06	0.21624442016053486
2813.73	0.35474822016053487
2815.4	0.1872191101605348
2817.07	0.37077592016053484
2818.73	0.4220357201605349
2820.4	1.1064692501605349
2822.07	1.4885108201605348
2823.74	1.9165673201605347
2825.41	1.9054280201605356
2827.07	1.5377756201605346
2828.74	0.9779561201605347
2830.41	0.8537647201605347
2832.08	0.6433304201605348
2833.74	0.982221920160535
2835.41	1.0214226201605352
2837.08	1.1281717201605352
2838.75	0.9984773101605349
2840.42	0.8548630201605347
2842.08	0.5329624001605349
2843.75	0.474925800160535
2845.42	0.2597691301605348
2847.09	0.3647757001605349
2848.76	0.246815690160535
2850.42	0.4478755201605349
2852.09	0.36921862016053486
2853.76	0.45262302016053485
2855.43	0.1965144201605349
2857.1	0.14368382016053474
2858.76	-0.2133568798394651
2860.43	-0.2244163498394652
2862.1	-0.4333056798394651
2863.77	-0.180770859839465
2865.43	-0.12500467983946514
2867.1	0.14547575016053477
2868.77	0.05001582016053481
2870.44	0.13602192016053483
2872.11	-0.07542040173946529
2873.77	0.02529973016053493
2875.44	-0.08500627983946521
2877.11	0.15773672016053478
2878.78	0.04402106016053475
2880.45	0.13680504016053488
2882.11	-0.10382137983946511
2883.78	-0.04016353983946515
2885.45	-0.13075179983946505
2887.12	0.15511958016053481
2888.79	0.1419031201605349
2890.45	0.40334302016053475
2892.12	0.26664480016053477
2893.79	0.41306182016053494
2895.46	0.23064042016053482
2897.12	0.29030502016053494
2898.79	0.15644313016053485
2900.46	0.21748219016053474
2902.13	0.013298930160534883
2903.8	0.03917502016053489
2905.46	-0.14384237983946524
2907.13	0.1942165201605348
2908.8	0.4050332201605348
2910.47	0.8083694201605347
2912.14	0.9524337901605348
2913.8	1.0714983201605348
2915.47	0.8306518201605348
2917.14	0.7731359201605349
2918.81	0.47880512016053467
2920.47	0.6016132201605349
2922.14	0.6492155201605346
2923.81	0.9871087201605349
2925.48	1.1110374301605348
2927.15	1.4731159201605348
2928.81	1.5983299201605348
2930.48	1.8991813201605345
2932.15	1.891460480160535
2933.82	2.052998470160534
2935.49	1.8959588201605353
2937.15	1.9487417201605346
2938.82	1.6583165201605348
2940.49	1.5783362201605349
2942.16	1.214573420160535
2943.83	1.1232084801605349
2945.49	0.6927859201605349
2947.16	0.6499931201605348
2948.83	0.2965783201605349
2950.5	0.3273830201605349
2952.16	0.090849820160535
2953.83	0.5230002001605348
2955.5	0.8938645101605349
2957.17	1.9754089201605347
2958.84	2.7464709201605353
2960.5	3.944961220160535
2962.17	4.951060520160535
2963.84	5.938357120160535
2965.51	6.789606820160536
2967.18	7.939154920160536
2968.84	9.929628920160535
2970.51	13.468238920160536
2972.18	20.232816920160534
2973.85	28.777236920160533
2975.52	35.58668692016054
2977.18	38.44561692016053
2978.85	35.43242692016054
2980.52	27.43807692016053
2982.19	17.650456920160533
2983.85	8.498398920160534
2985.52	2.9600062201605346
2987.19	1.194110920160535
2988.86	0.5047212201605349
2990.53	0.8194090201605349
2992.19	0.9250721401605351
2993.86	1.2811036201605344
2995.53	1.1244037201605348
2997.2	1.3429270201605348
2998.87	1.3490556201605348
3000.53	1.435316420160535
3002.2	1.7514089201605352
3003.87	3.215516220160535
3005.54	6.995611220160534
3007.21	11.906726920160533
3008.87	17.20413592016053
3010.54	21.590695920160535
3012.21	23.017486920160536
3013.88	21.809966920160537
3015.54	18.256276920160534
3017.21	13.879176920160536
3018.88	10.750394920160534
3020.55	7.987125920160535
3022.22	5.941917920160535
3023.88	4.746780920160535
3025.55	3.317954520160535
3027.22	2.3779542901605346
3028.89	1.363994120160535
3030.56	0.8523231201605348
3032.22	0.8568123201605349
3033.89	0.9820448001605346
3035.56	1.714368420160535
3037.23	4.691482920160534
3038.9	6.8836249201605355
3040.56	8.981131920160536
3042.23	9.371460920160535
3043.9	8.410589920160536
3045.57	6.340235520160535
3047.23	4.251476720160534
3048.9	1.917847020160535
3050.57	1.916631859160535
3052.24	1.3967983201605345
3053.91	1.2863688201605348
3055.57	0.833782020160535
3057.24	1.1210730201605348
3058.91	1.098487080160535
3060.58	1.5211083201605349
3062.25	1.7730642201605349
3063.91	2.210827920160535
3065.58	2.2507289201605345
3067.25	2.3916809201605345
3068.92	2.168505920160535
3070.59	2.1769539201605346
3072.25	2.008570220160535
3073.92	2.0949489201605345
3075.59	2.102717920160535
3077.26	2.192587320160535
3078.92	2.147734320160535
3080.59	3.301312820160535
3082.26	6.686309020160534
3083.93	12.354373920160535
3085.6	19.782136920160532
3087.26	27.78887692016054
3088.93	36.871306920160535
3090.6	45.54401692016054
3092.27	49.34598692016054
3093.94	48.875666920160526
3095.6	42.23613692016053
3097.27	31.529171920160543
3098.94	19.507866020160535
3100.61	9.048827920160535
3102.27	2.4907749201605345
3103.94	1.0692094201605347
3105.61	-0.14874257983946518
3107.28	0.04329870016053476
3108.95	-0.4102077798394651
3110.61	-0.2966053798394652
3112.28	-0.5584290798394651
3113.95	-0.11736317983946509
3115.62	-0.23259407983946517
3117.29	0.01664587016053478
3118.95	-0.16995927983946527
3120.62	-0.11264517983946512
3122.29	-0.3101593998394651
3123.96	-0.1560901798394651
3125.63	-0.004412979839465247
3127.29	2.8151796001605347
3128.96	5.049185220160535
3130.63	7.456879920160536
3132.3	8.167260920160533
3133.96	7.248700920160533
3135.63	4.783256920160535
3137.3	2.4873924201605346
3138.97	-0.11996175983946503
3140.64	0.12813082016053487
3142.3	0.16492782016053473
3143.97	0.6085475201605348
3145.64	0.5607199201605348
3147.31	0.6734890301605347
3148.98	0.29448273016053494
3150.64	0.2515786201605349
3152.31	-0.17995747983946525
3153.98	-0.03386387983946508
3155.65	-0.19889147983946515
3157.32	-0.02280627983946526
3158.98	-0.20376011983946524
3160.65	-0.07939157983946528
3162.32	-0.30215664983946516
3163.99	-0.10970559983946519
3165.65	-0.31722497983946507
3167.32	-0.08796457983946512
3168.99	-0.24796077983946524
3170.66	-0.03529117983946519
3172.33	-0.1561702098394651
3173.99	0.04355972016053489
3175.66	-0.15968437983946515
3177.33	-0.04440647983946515
3179.0	-0.27761044983946526
3180.67	-0.10441997983946524
3182.33	-0.23928351983946516
3184.0	0.010345020160534868
3185.67	-0.10100619983946513
3187.34	0.11348632016053481
3189.01	-0.10782718983946511
3190.67	-0.032341279839465185
3192.34	-0.18438097983946516
3194.01	0.04572373016053486
3195.68	-0.037848579839465143
3197.34	0.25714002016053483
3199.01	0.14425782016053482
3200.68	0.32427532016053484
3202.35	0.09815433016053494
3204.02	0.13244342016053479
3205.68	-0.11560657983946517
3207.35	0.01363032016053487
3209.02	-0.1688230298394652
3210.69	0.012449120160534904
3212.36	-0.10107307983946515
3214.02	0.13884142016053494
3215.69	0.04874669016053494
3217.36	0.2240179201605348
3219.03	0.044869420160534745
3220.7	0.18255225016053483
3222.36	-0.0018844598394651246
3224.03	0.187810330160535
3225.7	0.04934176016053482
3227.37	0.2862669201605348
3229.03	0.19810077016053476
3230.7	0.35205722016053487
3232.37	0.14705102016053484
3234.04	0.2676099201605348
3235.71	0.028444240160534883
3237.37	0.17226922016053478
3239.04	0.03440337016053481
3240.71	0.22495942016053477
3242.38	0.1225394781605349
3244.05	0.2726768201605349
3245.71	0.06702082016053473
3247.38	0.14656522016053475
3249.05	-0.1163255798394652
3250.72	-0.029048579839465204
3252.38	-0.15243407983946514
3254.05	0.028983720160534843
3255.72	-0.04767617983946519
3257.39	0.1112957201605348
3259.06	-0.09769327983946514
3260.72	0.03171018016053474
3262.39	-0.13429157983946513
3264.06	0.08076154016053477
3265.73	0.03383152016053483
3267.4	0.26331942016053483
3269.06	0.16695632016053494
3270.73	0.3989810201605349
3272.4	0.3219263201605349
3274.07	0.6249549201605348
3275.74	0.5063027201605348
3277.4	0.6073896201605348
3279.07	0.3561644201605349
3280.74	0.39583372016053486
3282.41	0.1759711001605349
3284.07	0.3125586201605347
3285.74	0.12454342016053484
3287.41	0.25464762016053466
3289.08	0.04071482016053481
3290.75	0.17048345016053482
3292.41	0.1083471461605349
3294.08	0.3515213601605348
3295.75	0.2649385201605349
3297.42	0.4217717201605349
3299.09	0.22287982016053487
3300.75	0.3398317201605348
3302.42	0.13461902016053479
3304.09	0.2597397201605348
3305.76	0.04549922016053485
3307.43	0.13604156016053484
3309.09	-0.04614147983946517
3310.76	0.10100514016053488
3312.43	-0.007748249839465071
3314.1	0.20320662016053498
3315.76	0.06889522016053493
3317.43	0.2560965201605347
3319.1	0.11007082016053489
3320.77	0.28310302016053485
3322.44	0.16759084016053474
3324.1	0.3319307201605347
3325.77	0.2064950201605349
3327.44	0.39136322016053493
3329.11	0.22067332016053473
3330.78	0.33460722016053496
3332.44	0.13087547016053486
3334.11	0.21176763016053482
3335.78	0.015479600160534767
3337.45	0.1442079001605349
3339.12	0.023273380160534908
3340.78	0.19281685016053482
3342.45	0.09389902016053488
3344.12	0.24671938016053482
3345.79	0.13598752016053486
3347.45	0.38448022016053474
3349.12	0.3797007201605347
3350.79	0.6350652301605348
3352.46	0.5634895201605349
3354.13	0.6915129201605348
3355.79	0.485345020160535
3357.46	0.5674494001605348
3359.13	0.35936302016053495
3360.8	0.4969644201605348
3362.47	0.3656330201605348
3364.13	0.4813700901605348
3365.8	0.2701320201605347
3367.47	0.4028528201605348
3369.14	0.22525992016053484
3370.81	0.40155530016053476
3372.47	0.30117192016053485
3374.14	0.5199826561605349
3375.81	0.4651073201605348
3377.48	0.6875708401605348
3379.14	0.5677778201605348
3380.81	0.7736647501605349
3382.48	0.6107911201605349
3384.15	0.7157848201605348
3385.82	0.5206657201605349
3387.48	0.6364981201605349
3389.15	0.4697905201605348
3390.82	0.6452875201605348
3392.49	0.44452982016053477
3394.16	0.6167016201605349
3395.82	0.4769032201605349
3397.49	0.6325234201605349
3399.16	0.47993802016053494
3400.83	0.6767148201605349
3402.5	0.5558520201605349
3404.16	0.7612021001605348
3405.83	0.7541262201605348
3407.5	1.064185120160535
3409.17	1.0192106321605348
3410.83	1.2023218201605348
3412.5	0.9616257201605348
3414.17	1.021921590160535
3415.84	0.9408372201605347
3417.51	1.1543695081605347
3419.17	1.3038213201605349
3420.84	1.710269152160535
3422.51	1.7231780201605347
3424.18	1.9656892201605345
3425.85	1.9559913501605344
3427.51	2.049586920160535
3429.18	2.3409067801605348
3430.85	2.446087420160535
3432.52	6.155332220160534
3434.18	34.55194192016053
3435.85	67.49624692016053
3437.52	95.38307692016053
3439.19	108.05619692016053
3440.86	96.24646692016054
3442.52	67.13113892016054
3444.19	34.220496920160535
3445.86	2.6198260201605352
3447.53	-4.322937079839465
3449.2	-2.5878140798394655
3450.86	-2.1943690798394657
3452.53	-1.8827800798394652
3454.2	-1.5587910798394653
3455.87	-1.3712240798394653
3457.54	-1.0103060798394652
3459.2	-1.0714440798394653
3460.87	-0.9771284798394652
3462.54	-1.2101247798394652
3464.21	-0.9806080798394652
3465.87	-0.8194886198394651
3467.54	-0.4068778798394651
3469.21	-0.3830398798394651
3470.88	-0.19192057983946506
3472.55	-0.5643671798394652
3474.21	-0.6000568798394651
3475.88	-1.0436890798394654
3477.55	-0.9517040798394654
3479.22	-1.0380087798394653
3480.89	-0.7512920798394653
3482.55	-0.7789333798394652
3484.22	-0.3593299798394651
3485.89	-0.37841847983946514
3487.56	-0.018620379839465146
3489.23	-0.23388047983946514
3490.89	-0.11779857983946514
3492.56	-0.43208997983946523
3494.23	-0.34204457983946523
3495.9	-0.6439307798394652
3497.56	-0.4322785798394652
3499.23	-0.684560080839465
3500.9	-0.361577879839465
3502.57	-0.5603071798394652
3504.24	-0.1672835798394651
3505.9	-0.432490179839465
3507.57	-0.06949787983946516
3509.24	-0.6178734498394651
3510.91	-0.19282167983946508
3512.58	-1.2477799798394653
3514.24	1.5057512201605348
3515.91	9.257037920160535
3517.58	16.071552920160535
3519.25	21.693776920160538
3520.92	22.729706920160535
3522.58	18.049266920160534
3524.25	11.395168920160536
3525.92	3.6391959201605344
3527.59	-1.772467079839465
3529.25	-0.9683756798394654
3530.92	-1.1155599798394653
3532.59	-0.6584751798394652
3534.26	-0.7310483798394651
3535.93	-0.6202280798394652
3537.59	-0.9757418798394651
3539.26	-1.1570390098394652
3540.93	-1.6664990798394652
3542.6	-1.8548881798394654
3544.27	-2.535011979839465
3545.93	0.8599800201605348
3547.6	8.206508620160538
3549.27	15.927779920160535
3550.94	22.125696620160532
3552.61	23.794568720160534
3554.27	20.278864920160537
3555.94	13.917571720160534
3557.61	6.235420920160534
3559.28	1.3921823201605346
3560.94	0.7987157201605348
3562.61	0.6578455201605349
3564.28	0.7190295201605348
3565.95	0.5054257701605349
3567.62	0.5829002201605348
3569.28	0.3544029201605348
3570.95	0.36501814016053485
3572.62	0.1893282201605348
3574.29	0.2683785201605349
3575.96	0.20234472016053476
3577.62	0.27642502016053483
3579.29	0.1773908201605348
3580.96	0.2062561201605347
3582.63	0.026144420160534775
3584.3	0.03096912016053486
3585.96	-0.12448057983946503
3587.63	-0.02282872983946511
3589.3	-0.09206047983946516
3590.97	0.0509544801605349
3592.63	-0.02004534983946511
3594.3	-0.025671679839465167
3595.97	-0.41618986983946504
3597.64	0.04470572016053478
3599.31	0.6588473201605348
3600.97	1.1174639201605348
3602.64	1.132916920160535
3604.31	1.0778049201605349
3605.98	0.4526343201605349
3607.65	0.2341547201605348
3609.31	-0.26476820983946503
3610.98	-0.03596217983946524
3612.65	0.2626439201605348
3614.32	0.3254962201605348
3615.98	-0.026615679839465178
3617.65	0.09012852016053485
3619.32	-0.07343314983946522
3620.99	0.05769273016053471
3622.66	-0.18631097983946515
3624.32	-0.10464060983946522
3625.99	-0.5900923798394652
3627.66	-0.26374837983946514
3629.33	1.278895400160535
3631.0	2.889178420160535
3632.66	4.495311520160534
3634.33	5.394110920160536
3636.0	4.856833620160535
3637.67	3.774912920160535
3639.34	2.062389020160535
3641.0	0.5848464201605348
3642.67	0.46499044016053476
3644.34	0.3171579201605349
3646.01	0.27563112016053487
3647.67	0.3471659361605349
3649.34	0.3736499201605348
3651.01	0.4165367201605349
3652.68	0.21552282016053498
3654.35	0.4060246501605347
3656.01	1.3206798001605349
3657.68	2.206229020160535
3659.35	3.0080019101605346
3661.02	3.2862364201605345
3662.69	2.818096020160535
3664.35	1.9830749701605346
3666.02	0.9412550201605349
3667.69	0.1476512201605348
3669.36	0.23227402016053483
3671.03	0.22660578016053473
3672.69	0.2699738301605349
3674.36	0.24210842016053488
3676.03	0.24932007016053478
3677.7	0.1502397901605348
3679.36	0.10515612016053488
3681.03	0.04131155016053487
3682.7	0.03690322016053484
3684.37	0.055630420160534766
3686.04	0.2558748901605347
3687.7	0.38905752016053474
3689.37	0.8399875301605348
3691.04	0.8916043201605348
3692.71	1.6379326401605347
3694.38	5.162910010160535
3696.04	7.919702020160534
3697.71	10.423647020160534
3699.38	11.033462920160535
3701.05	9.194606920160535
3702.72	6.284790220160535
3704.38	3.1776669201605348
3706.05	0.4005048201605349
3707.72	0.8141826201605348
3709.39	0.9014159201605348
3711.05	1.101491620160535
3712.72	1.107020220160535
3714.39	1.3126293201605348
3716.06	2.6429898201605355
3717.73	10.397363220160535
3719.39	21.230518320160535
3721.06	35.356444920160534
3722.73	45.82895692016053
3724.4	50.384196920160534
3726.07	45.73763692016054
3727.73	35.053056920160536
3729.4	20.499783920160535
3731.07	10.293940120160537
3732.74	3.0880332201605354
3734.41	0.5950382201605349
3736.07	-0.6830620798394651
3737.74	-0.3247300798394653
3739.41	-0.20087177983946508
3741.08	-0.3534221798394652
3742.74	-0.18652717983946526
3744.41	-0.5653258798394651
3746.08	0.045291720160534774
3747.75	-0.8469888798394651
3749.42	5.7225946201605336
3751.08	18.251365420160536
3752.75	28.290712920160537
3754.42	36.20788492016053
3756.09	35.56980592016053
3757.76	27.268089920160538
3759.42	16.550555320160534
3761.09	4.625630920160535
3762.76	-1.7821591865394653
3764.43	-0.031945379839465195
3766.1	-0.8333591798394652
3767.76	-0.0558545798394652
3769.43	-0.601398479839465
3771.1	0.06472390016053486
3772.77	-0.32633927983946526
3774.43	0.16870013016053478
3776.1	-0.1911437498394651
3777.77	0.11440022016053479
3779.44	-0.2841022798394651
3781.11	0.013964420160534808
3782.77	-0.3404126698394651
3784.44	0.07422757016053479
3786.11	-0.05231317983946506
3787.78	0.40176432016053487
3789.45	0.24392825016053488
3791.11	0.5106745991605347
3792.78	0.10224125016053473
3794.45	0.1998011701605348
3796.12	-0.20868957983946518
3797.78	-0.05506587983946518
3799.45	-0.25265877983946516
3801.12	0.0854076201605348
3802.79	-0.12283767983946522
3804.46	0.12028965016053483
3806.12	-0.16331977983946508
3807.79	0.05118411216053478
3809.46	-0.11443077983946512
3811.13	0.1758371201605348
3812.8	0.14223112016053477
3814.46	0.5569864201605348
3816.13	0.2975120201605348
3817.8	0.4373294201605348
3819.47	-0.007020079839465154
3821.14	-0.015289579839465306
3822.8	-0.38923566983946517
3824.47	-0.24409507983946507
3826.14	-0.3939078798394652
3827.81	-0.003508679839465256
3829.47	-0.12149517983946509
3831.14	0.17096303016053477
3832.81	-0.024165539839465188
3834.48	0.18981632016053487
3836.15	-0.13334457983946515
3837.81	-0.039177299839465225
3839.48	-0.3148686798394652
3841.15	-0.14574535783946507
3842.82	-0.29346087983946506
3844.49	-0.056500979839465115
3846.15	-0.21654797983946522
3847.82	0.017007720160534874
3849.49	-0.2041488798394651
3851.16	-0.01272217983946517
3852.83	-0.1905658798394652
3854.49	0.03829052016053491
3856.16	-0.10212607983946524
3857.83	0.09184332016053483
3859.5	-0.11564641983946519
3861.16	0.04255877016053482
3862.83	-0.20629541983946514
3864.5	-0.05389250983946524
3866.17	-0.24772637983946524
3867.84	-0.05064846983946527
3869.5	-0.20164857983946521
3871.17	-0.012952419839465134
3872.84	-0.16805600983946506
3874.51	0.007804220160534792
3876.18	-0.19067267983946518
3877.84	-0.03128807983946517
3879.51	-0.24456427983946522
3881.18	-0.08955088983946524
3882.85	-0.26082417983946515
3884.52	-0.0794619798394651
3886.18	-0.2028441598394652
3887.85	0.01164678016053492
3889.52	-0.14714137983946524
3891.19	0.02661712016053468
3892.85	-0.21014747983946505
3894.52	-0.11174037983946523
3896.19	-0.32664077983946516
3897.86	-0.1489685998394652
3899.53	-0.28519451983946525
3901.19	-0.05603693983946514
3902.86	-0.18017126883946508
3904.53	0.03729832016053478
3906.2	-0.15540787983946522
3907.87	-0.012281479839465143
3909.53	-0.22591517983946527
3911.2	-0.03591679983946515
3912.87	-0.20419284983946503
3914.54	0.015871890160534908
3916.21	-0.10880255983946512
3917.87	0.10512722016053491
3919.54	-0.06615345983946508
3921.21	0.07131602016053483
3922.88	-0.14399798983946527
3924.54	0.024338420160534797
3926.21	-0.1727834998394652
3927.88	-0.019575579839465097
3929.55	-0.1891665798394651
3931.22	-0.05465217983946502
3932.88	-0.20730467983946504
3934.55	-0.031113219839465106
3936.22	-0.1655119798394651
3937.89	0.02567462016053481
3939.56	-0.12374246983946527
3941.22	0.009128920160534838
3942.89	-0.12694827983946513
3944.56	0.04942369016053476
3946.23	-0.042053779839465136
3947.9	0.19021092016053492
3949.56	0.07206222016053479
3951.23	0.2208281301605349
3952.9	0.0075952501605348
3954.57	0.0760897601605349
3956.23	-0.1470299598394651
3957.9	-0.030344479839465165
3959.57	-0.17247945983946522
3961.24	0.03583012016053497
3962.91	-0.08208247983946526
3964.57	0.1481652201605348
3966.24	-0.0057676798394651115
3967.91	0.14485322016053495
3969.58	-0.0723164798394651
3971.25	-0.0024508798394651922
3972.91	-0.21916267983946508
3974.58	-0.08228707983946519
3976.25	-0.23336657983946515
3977.92	-0.0023095798394652256
3979.58	-0.12912417983946517
3981.25	0.03745982016053497
3982.92	-0.15076067983946512
3984.59	-0.03242807983946515
3986.26	-0.19290347983946524
3987.92	-0.01783991983946508
3989.59	-0.13491708983946507
3991.26	0.11114499016053485
3992.93	0.026896120160534866
3994.6	0.2383996201605349
3996.26	0.1170399901605349
3997.93	0.27904342016053485
3999.6	0.08741112016053472
4001.27	0.18278489016053476
4002.94	-0.01474857983946517
4004.6	0.1258757201605348
4006.27	-0.04341577983946512
4007.94	0.047070620160534885
4009.61	-0.18083577983946514
4011.27	-0.06483617983946513
4012.94	-0.22735937983946514
4014.61	-0.06736730983946511
4016.28	-0.18003714983946514
4017.95	0.027871170160534853
4019.61	-0.11438834983946514
4021.28	-0.046173879839465186
4022.95	-0.3106139798394652
4024.62	-0.3029117798394652
4026.29	-0.5678919498394651
4027.95	-0.4866836898394652
4029.62	-0.649241839839465
4031.29	-0.38140807983946523
4032.96	-0.3521973798394652
4034.63	-0.04640124983946511
4036.29	-0.057069479839465156
4037.96	0.17418855016053475
4039.63	0.046614320160534864
4041.3	0.17049772016053497
4042.96	-0.045430379839465206
4044.63	0.05813231016053479
4046.3	-0.13687827983946513
4047.97	-0.010311979839465125
4049.64	-0.18183407983946523
4051.3	-0.03590197983946523
4052.97	-0.18208047983946507
4054.64	-0.012427049839465142
4056.31	-0.14894707983946506
4057.98	0.038616530160534804
4059.64	-0.07770157983946509
4061.31	0.0961507411605349
4062.98	-0.08098637983946518
4064.65	0.04155004016053487
4066.32	-0.1396697798394652
4067.98	0.011323340160534962
4069.65	-0.1319067798394651
4071.32	0.037080120160534816
4072.99	-0.09077297983946511
4074.65	0.0927884801605348
4076.32	-0.08054737983946522
4077.99	0.06973173316053495
4079.66	-0.09031667183946519
4081.33	0.013405745160534877
4082.99	-0.1926935298394651
4084.66	-0.0782077308394651
4086.33	-0.22626924983946511
4088.0	-0.01950396983946512
4089.67	-0.10031907983946523
4091.33	0.12311934016053483
4093.0	0.008670620160534881
4094.67	0.10270732016053494
4096.34	-0.12368587983946511
4098.01	-0.06947181983946525
4099.67	-0.28667148983946517
4101.34	-0.15494343983946524
4103.01	-0.269836679839465
4104.68	-0.03968710983946509
4106.34	-0.12184837983946517
4108.01	0.07818432016053486
4109.68	-0.031399579839465105
4111.35	0.15618462016053483
4113.02	0.029762790160534847
4114.68	0.20119744016053484
4116.35	0.058104320160534864
4118.02	0.17868097016053483
4119.69	-0.054873779839465175
4121.36	0.023667920160534907
4123.02	-0.22000007983946523
4124.69	-0.0861581798394651
4126.36	-0.25670367983946524
4128.03	-0.052253579839465145
4129.69	-0.12763487983946514
4131.36	0.08943472016053487
4133.03	-0.006620179839465246
4134.7	0.16159839016053482
4136.37	-0.01408927983946522
4138.03	0.12415465016053481
4139.7	-0.03609177983946519
4141.37	0.15075280016053474
4143.04	0.008101520160534937
4144.71	0.14373892016053486
4146.37	-0.03954377983946515
4148.04	0.05168403016053489
4149.71	-0.1408237798394651
4151.38	-0.03391027983946506
4153.05	-0.1715159798394652
4154.71	0.014086020160534785
4156.38	-0.12018517983946513
4158.05	0.048686820160534786
4159.72	-0.11514347983946523
4161.38	0.023689051160534703
4163.05	-0.1259706798394652
4164.72	0.021628153160534857
4166.39	-0.07885727983946515
4168.06	0.13077302606053495
4169.72	0.013503770160534745
4171.39	0.15569554916053477
4173.06	-0.05054757983946514
4174.73	0.051753140160534894
4176.4	-0.11531717983946507
4178.06	0.011400420160534875
4179.73	-0.14777557983946524
4181.4	0.01583132016053479
4183.07	-0.13410375283946513
4184.74	-0.016434793839465046
4186.4	-0.19027057983946505
4188.07	-0.036528079839465155
4189.74	-0.1742837798394652
4191.41	-0.02256226983946518
4193.07	-0.1707800798394652
4194.74	-0.005737479839465254
4196.41	-0.14589817983946513
4198.08	-0.021327379839465265
4199.75	-0.18054712983946505
4201.41	-0.041064779839465125
4203.08	-0.18445837983946514
4204.75	-0.0532076898394652
4206.42	-0.17532073983946525
4208.09	-0.019667679839465158
4209.75	-0.16189773983946526
4211.42	-0.05780821983946516
4213.09	-0.21186837983946522
4214.76	-0.06566787983946525
4216.43	-0.19035477983946522
4218.09	-0.005239779839465175
4219.76	-0.1192658798394651
4221.43	0.005445580160534713
4223.1	-0.16803297983946516
4224.76	-0.06648027983946528
4226.43	-0.20731927983946524
4228.1	-0.0037882798394651474
4229.77	-0.1022721198394652
4231.44	0.11437472016053482
4233.1	0.011828620160534941
4234.77	0.13687421016053486
4236.44	-0.058177079839465164
4238.11	0.02646239016053481
4239.78	-0.20758167983946524
4241.44	-0.10936394983946514
4243.11	-0.25955807983946527
4244.78	-0.05663367983946506
4246.45	-0.10335979983946508
4248.12	0.09814912016053486
4249.78	-0.023384819839465186
4251.45	0.07784782016053485
4253.12	-0.1601671798394652
4254.79	-0.10722457383946508
4256.45	-0.3490260798394652
4258.12	-0.28449137983946515
4259.79	-0.4557841798394652
4261.46	-0.3227987798394652
4263.13	-0.4161030798394651
4264.79	-0.1768847998394651
4266.46	-0.25000388283946523
4268.13	-0.012026179839465167
4269.8	-0.10410667983946512
4271.47	0.044791420160534876
4273.13	-0.12236747743946515
4274.8	0.006788220160534775
4276.47	-0.16355787983946518
4278.14	-0.0018870798394652333
4279.81	-0.14746567983946518
4281.47	0.02025112016053481
4283.14	-0.07801247983946506
4284.81	0.14284322016053483
4286.48	0.041391420160534695
4288.14	0.2161057401605349
4289.81	0.08051532016053478
4291.48	0.24512988016053475
4293.15	0.10406862016053475
4294.82	0.21935742016053478
4296.48	0.02195612016053481
4298.15	0.1093005201605349
4299.82	-0.14272577983946513
4301.49	-0.08643777983946509
4303.16	-0.30737187983946523
4304.82	-0.1394383798394652
4306.49	-0.19568247983946518
4308.16	0.029237419160534794
4309.83	-0.04399653983946503
4311.49	0.17080972016053475
4313.16	0.028520320160534796
4314.83	0.15097990016053484
4316.5	-0.026246519839465198
4318.17	0.0946227301605348
4319.83	-0.057143989839465184
4321.5	0.08890132016053479
4323.17	-0.06479267983946521
4324.84	0.055173790160534884
4326.51	-0.11347207983946514
4328.17	-0.010281579839465194
4329.84	-0.1883948798394653
4331.51	-0.038788279839465256
4333.18	-0.20455157983946512
4334.85	-0.045715829839465094
4336.51	-0.16610619983946506
4338.18	-0.016478079839465067
4339.85	-0.13485047983946508
4341.52	0.06422672016053477
4343.18	-0.05094767983946511
4344.85	0.08791102016053487
4346.52	-0.11081877983946509
4348.19	-0.04396645883946522
4349.86	-0.1716723798394651
4351.52	-0.01212487983946523
4353.19	-0.06291097983946518
4354.86	0.18395342016053493
4356.53	0.13057522016053483
4358.2	0.2688404901605349
4359.86	0.08739852016053481
4361.53	0.1618278501605348
4363.2	-0.0028818798394650625
4364.87	0.04762674016053482
4366.54	-0.16496967983946514
4368.2	-0.08998537983946515
4369.87	-0.24401337983946517
4371.54	-0.10752827983946515
4373.21	-0.22903667983946513
4374.87	-0.05797642983946525
4376.54	-0.1962235298394651
4378.21	-0.06989128983946512
4379.88	-0.22047567983946514
4381.55	-0.07477917983946514
4383.21	-0.18992667983946515
4384.88	-0.05775837983946523
4386.55	-0.23996087983946518
4388.22	-0.14690267983946512
4389.89	-0.3299309098394651
4391.55	-0.14663807983946509
4393.22	-0.18344032983946518
4394.89	0.08115604016053495
4396.56	0.021735120160534825
4398.23	0.20728103016053478
4399.89	0.034456020160534916
4401.56	0.14588737416053493
4403.23	-0.015824379839465254
4404.9	0.11500542016053475
4406.56	0.005260920160534787
4408.23	0.1620934101605349
4409.9	0.009947220160534797
4411.57	0.1590799201605348
4413.24	0.004540320160534739
4414.9	0.10987743606053486
4416.57	-0.04757377983946519
4418.24	0.09468382016053489
4419.91	-0.008244979839465167
4421.58	0.13415398016053479
4423.24	-0.020069479839465176
4424.91	0.09952362016053476
4426.58	-0.054321979839465184
4428.25	0.07919312016053495
4429.92	-0.051469679839465245
4431.58	0.17903738016053478
4433.25	0.11537535016053477
4434.92	0.26733302016053473
4436.59	0.06541455016053495
4438.25	0.13403722016053482
4439.92	-0.09627017983946515
4441.59	-0.02064393983946512
4443.26	-0.14829517983946516
4444.93	0.0839889201605348
4446.59	0.06270892016053489
4448.26	0.30595484016053487
4449.93	0.23357822016053476
4451.6	0.41482245016053476
4453.27	0.26012762016053487
4454.93	0.3417055201605348
4456.6	0.10170588016053479
4458.27	0.11369022016053483
4459.94	-0.12685237983946526
4461.61	-0.03046807983946511
4463.27	-0.15958637983946528
4464.94	0.06407482016053484
4466.61	-0.02410786983946518
4468.28	0.14764020016053475
4469.94	0.0003754201605347507
4471.61	0.13560502016053483
4473.28	-0.015210479839465201
4474.95	0.14235292016053483
4476.62	-0.025299079839465083
4478.28	0.0827757201605348
4479.95	-0.10188077983946511
4481.62	0.00969302016053485
4483.29	-0.16699297983946518
4484.96	-0.026794679839465152
4486.62	-0.17260957983946526
4488.29	-0.06366707983946507
4489.96	-0.22933557983946526
4491.63	-0.12328671983946518
4493.29	-0.27678537983946516
4494.96	-0.09231307983946516
4496.63	-0.16772777983946516
4498.3	0.07500090016053498
4499.97	-0.0035584798394651005
4501.63	0.1617229201605348
4503.3	-0.014320879839465084
4504.97	0.03276952016053479
4506.64	-0.24463957983946516
4508.31	-0.1913883238394652
4509.97	-0.33894557983946527
4511.64	-0.1631906798394651
4513.31	-0.252323479839465
4514.98	-0.09372007983946529
4516.65	-0.2562460798394651
4518.31	-0.13769637983946512
4519.98	-0.3345711798394651
4521.65	-0.20652197983946516
4523.32	-0.2383088798394651
4524.98	-0.007113079839465209
4526.65	7.67801605348728e-05
4528.32	0.2503926201605348
4529.99	0.19680773016053477
4531.66	0.40221132016053485
4533.32	0.225836330160535
4534.99	0.2737171701605348
4536.66	0.0296082701605348
4538.33	0.0455245201605349
4540.0	-0.17165388983946514
4541.66	-0.008112647839465092
4543.33	-0.10004017983946527
4545.0	0.13857552016053476
4546.67	0.0302725201605349
4548.34	0.16943705016053484
4550.0	-0.004998879839465209
4551.67	0.13058742016053473
4553.34	0.008272720160534819
4555.01	0.22783922016053487
4556.67	0.13218822016053472
4558.34	0.2734868201605348
4560.01	0.049413920160534766
4561.68	0.038111120160534875
4563.35	-0.25889397983946505
4565.01	-0.23391397983946502
4566.68	-0.37948777983946513
4568.35	-0.1454254498394651
4570.02	-0.14160157983946514
4571.69	0.15049792016053493
4573.35	0.13180882016053475
4575.02	0.29077512016053475
4576.69	0.13085078016053484
4578.36	0.20069694016053474
4580.03	0.009323220160534907
4581.69	0.10941730016053489
4583.36	-0.06017174983946509
4585.03	0.04064262016053484
4586.7	-0.13385217983946524
4588.36	0.027220620160534857
4590.03	-0.08106757983946515
4591.7	0.10165605016053483
4593.37	0.0058186201605349265
4595.04	0.1586825201605349
4596.7	-0.022396379839465085
4598.37	0.07360502016053476
4600.04	-0.16089287983946515
4601.71	-0.03973517983946508
4603.38	-0.1688860798394652
4605.04	0.04328382016053483
4606.71	-0.03152047983946511
4608.38	0.19416542016053479
4610.05	0.07008752016053481
4611.72	0.1521615201605348
4613.38	-0.08032587983946511
4615.05	-0.01339937983946513
4616.72	-0.20401657983946508
4618.39	-0.044731379839465166
4620.05	-0.15959857983946515
4621.72	0.0226500601605348
4623.39	-0.09659854983946511
4625.06	0.01856152016053487
4626.73	-0.15206027983946518
4628.39	-0.031303779839465064
4630.06	-0.2149694798394651
4631.73	-0.08936427983946518
4633.4	-0.2195571698394651
4635.07	-0.029773679839465182
4636.73	-0.10441732983946506
4638.4	0.09213182016053492
4640.07	-0.021608888839465257
4641.74	0.1004374901605349
4643.41	-0.12955797983946518
4645.07	-0.0686702898394651
4646.74	-0.2353915698394653
4648.41	-0.04679982983946518
4650.08	-0.13852757983946518
4651.74	0.0845144541605348
4653.41	-0.019626079839465092
4655.08	0.12573642016053482
4656.75	-0.041509379839465274
4658.42	0.12297382016053478
4660.08	0.012730220160534943
4661.75	0.24317082016053487
4663.42	0.11676352016053486
4665.09	0.263219680160535
4666.76	0.07549779016053482
4668.42	0.15373852016053474
4670.09	-0.046671679839465206
4671.76	0.08038592016053488
4673.43	-0.06940547983946503
4675.09	0.0901805901605349
4676.76	-0.039511479839465034
4678.43	0.10677662016053473
4680.1	-0.07779997983946521
4681.77	0.027626420160534744
4683.43	-0.10044747983946518
4685.1	0.07778452016053483
4686.77	0.0073840101605347815
4688.44	0.2215295201605348
4690.11	0.11550622016053495
4691.77	0.2670661241605349
4693.44	0.08708630416053478
4695.11	0.1417865201605348
4696.78	-0.03700767983946514
4698.45	0.07982812016053491
4700.11	-0.05053711983946514
4701.78	0.11991012016053477
4703.45	0.029532060160534845
4705.12	0.18800239016053485
4706.78	0.05169652016053482
4708.45	0.16077099016053478
4710.12	-0.022823459839465134
4711.79	0.11948132016053478
4713.46	-0.025058479839465075
4715.12	0.0691644201605349
4716.79	-0.13397737983946514
4718.46	-0.07752053183946504
4720.13	-0.30018737983946525
4721.8	-0.18352451983946513
4723.46	-0.30153878983946525
4725.13	-0.09536681983946516
4726.8	-0.17035817983946516
4728.47	0.014795920160534904
4730.14	-0.0824028798394651
4731.8	0.09244712016053484
4733.47	-0.005160649839465137
4735.14	0.17451112016053485
4736.81	0.052476520160534876
4738.47	0.21098052016053487
4740.14	0.10340632016053482
4741.81	0.26658513016053476
4743.48	0.1419613201605347
4745.15	0.2948752501605348
4746.81	0.10522942016053491
4748.48	0.24280432016053477
4750.15	0.06452902016053486
4751.82	0.23664902016053485
4753.49	0.1076881201605349
4755.15	0.24561762016053484
4756.82	0.049151420160534885
4758.49	0.11121052016053479
4760.16	-0.1844173798394652
4761.83	-0.1048935798394651
4763.49	-0.33603027983946515
4765.16	-0.15503057983946517
4766.83	-0.24047347983946504
4768.5	-0.04366867983946512
4770.16	-0.09970177983946511
4771.83	0.12169459016053477
4773.5	0.010261920160534838
4775.17	0.22329125016053492
4776.84	0.1173409001605348
4778.5	0.2372245601605348
4780.17	0.10252973016053477
4781.84	0.16672573016053485
4783.51	-0.050283079839465186
4785.18	0.0643626301605347
4786.84	-0.09118817983946526
4788.51	0.09997276016053493
4790.18	0.019162920160534926
4791.85	0.1563388201605349
4793.52	0.05187122016053486
4795.18	0.2042078201605349
4796.85	0.025913760160534906
4798.52	0.1669694201605347
4800.19	-0.04365317983946519
4801.85	0.0710345201605349
4803.52	-0.11549372083946503
4805.19	0.005412170160534769
4806.86	-0.1147761998394651
4808.53	0.05681881016053486
4810.19	-0.07797132983946527
4811.86	0.04829771016053478
4813.53	-0.15833237983946527
4815.2	-0.029662479839465183
4816.87	-0.1669673798394653
4818.53	0.0062468201605349275
4820.2	-0.11831537983946519
4821.87	0.006593520160534783
4823.54	-0.14122070983946525
4825.21	-0.015500279839465215
4826.87	-0.15499718983946523
4828.54	0.05416512016053483
4830.21	0.003398690160534823
4831.88	0.20470468016053472
4833.54	0.09158012016053485
4835.21	0.23480622016053482
4836.88	0.09229535016053474
4838.55	0.2156442001605347
4840.22	0.017792620160534855
4841.88	0.10973085016053485
4843.55	-0.05950637983946503
4845.22	0.05017872016053502
4846.89	-0.1164599798394651
4848.56	0.04240322016053484
4850.22	-0.05333267983946519
4851.89	0.10838332016053484
4853.56	-0.03716697983946515
4855.23	0.0802000501605348
4856.89	-0.12498897983946508
4858.56	0.005874120160534841
4860.23	-0.20627718983946508
4861.9	-0.0959810798394653
4863.57	-0.1762832798394652
4865.23	-0.02116850983946513
4866.9	-0.13923777983946511
4868.57	0.039962120160534756
4870.24	-0.11850797983946508
4871.91	0.050290920160534804
4873.57	-0.05886117983946528
4875.24	0.12213022016053483
4876.91	0.06510300016053475
4878.58	0.22226177016053486
4880.25	0.06005410016053475
4881.91	0.13621103016053482
4883.58	-0.05962957983946524
4885.25	0.03486262016053486
4886.92	-0.0961549298394651
4888.58	0.10002512016053491
4890.25	0.026400220160534903
4891.92	0.20310582016053486
4893.59	0.09249622016053488
4895.26	0.21003152016053486
4896.92	0.04657086016053484
4898.59	0.1345705901605348
4900.26	-0.07305731983946517
4901.93	0.014577700160534857
4903.6	-0.14637240983946512
4905.26	-0.0027410698394651823
4906.93	-0.08950579983946509
4908.6	0.10859882016053479
4910.27	0.02740088016053479
4911.94	0.19232422016053485
4913.6	0.07204212016053481
4915.27	0.2039609201605348
4916.94	0.11220422016053493
4918.61	0.2985693201605347
4920.27	0.2658066201605348
4921.94	0.49794362016053484
4923.61	0.37303662016053485
4925.28	0.4741923201605348
4926.95	0.2913316201605348
4928.61	0.36355582016053484
4930.28	0.22167522016053484
4931.95	0.3836609701605348
4933.62	0.2859541201605348
4935.29	0.4158927201605348
4936.95	0.18065422016053492
4938.62	0.22094852016053484
4940.29	0.013670320160534866
4941.96	0.18812354016053476
4943.63	0.10169253016053478
4945.29	0.3418040501605349
4946.96	0.2934656301605349
4948.63	0.4507357701605348
4950.3	0.2687413101605348
4951.96	0.37447073016053484
4953.63	0.13225890816053482
4955.3	0.23308640016053492
4956.97	0.01856332016053488
4958.64	0.09074597016053487
4960.3	-0.10265820983946519
4961.97	0.017339890160534853
4963.64	-0.12091574983946529
4965.31	0.0890074201605349
4966.98	-0.034194269839465184
4968.64	0.13459072016053478
4970.31	-0.0027580398394652095
4971.98	0.11912522616053481
4973.65	-0.04946313983946515
4975.32	0.12735613016053488
4976.98	-0.003580879839465201
4978.65	0.1703358201605348
4980.32	-0.001406419839465256
4981.99	0.04074522016053479
4983.65	-0.1488993398394652
4985.32	-0.015044579839465212
4986.99	-0.15014387983946526
4988.66	0.08207572016053474
4990.33	-0.03820187983946517
4991.99	0.07676862016053487
4993.66	-0.09800997983946522
4995.33	-0.020275779839465147
4997.0	-0.18019928983946518
4998.67	0.008749396160534783
5000.33	-0.08623238983946516
5002.0	0.10055973016053484
5003.67	-0.016038839839465212
5005.34	0.15330582016053493
5007.0	0.05699277016053481
5008.67	0.1815921601605348
5010.34	-0.002884279839465087
5012.01	0.047300492160534766
5013.68	-0.15591997983946526
5015.34	-0.0681984798394651
5017.01	-0.20148314983946522
5018.68	-0.012168979839465183
5020.35	-0.07963457983946516
5022.02	0.06281962016053481
5023.68	-0.0923459798394651
5025.35	0.02698672016053496
5027.02	-0.06501737983946516
5028.69	0.11284572016053489
5030.36	0.05916242016053478
5032.02	0.29553392016053487
5033.69	0.20977012016053478
5035.36	0.3414704201605348
5037.03	0.12907622016053483
5038.69	0.14040252016053478
5040.36	-0.07707960983946523
5042.03	0.04055068216053474
5043.7	-0.05436029983946509
5045.37	0.16836392016053475
5047.03	0.1114037201605349
5048.7	0.31486912016053487
5050.37	0.1484236201605349
5052.04	0.23153692016053493
5053.71	0.05057005016053477
5055.37	0.14512332016053492
5057.04	-0.007702779839465057
5058.71	0.08836169816053482
5060.38	-0.08412357983946521
5062.05	0.10394772016053493
5063.71	-0.017458079839465145
5065.38	0.13480923016053475
5067.05	0.060096560160534905
5068.72	0.2019787201605348
5070.38	0.07095922016053491
5072.05	0.2035330201605349
5073.72	0.09884562016053487
5075.39	0.2602127201605349
5077.06	0.16720142016053482
5078.72	0.2936126201605349
5080.39	0.12555424016053493
5082.06	0.21127686016053482
5083.73	0.009285870160534827
5085.4	0.09096762016053495
5087.06	-0.08130077983946515
5088.73	-0.0039731798394651244
5090.4	-0.20068327983946527
5092.07	-0.1499916798394651
5093.74	-0.31709397983946525
5095.4	-0.17764387983946514
5097.07	-0.20765737983946514
5098.74	0.029431120160534896
5100.41	-0.026110679839465245
5102.07	0.1375572701605349
5103.74	-0.0168545798394651
5105.41	0.08255752016053479
5107.08	-0.006688279839465095
5108.75	0.19945742016053478
5110.41	0.17539892016053482
5112.08	0.3589958201605349
5113.75	0.17652152016053485
5115.42	0.17791562016053483
5117.09	-0.12366977983946517
5118.75	-0.12330215983946516
5120.42	-0.26613428983946524
5122.09	-0.0203191098394651
5123.76	-0.027473379839465118
5125.43	0.2696771201605349
5127.09	0.23325701016053485
5128.76	0.39986822016053486
5130.43	0.24641280016053474
5132.1	0.3308867701605348
5133.76	0.16997581016053492
5135.43	0.22661327016053479
5137.1	-0.041535759839465114
5138.77	-0.023125079839465146
5140.44	-0.24815717983946511
5142.1	-0.11782747983946515
5143.77	-0.20428183983946507
5145.44	0.030279720160534908
5147.11	-0.004714549839465199
5148.78	0.17646160016053475
5150.44	0.0029475201605347447
5152.11	0.09739742016053483
5153.78	-0.09464607983946523
5155.45	0.0569663001605349
5157.12	-0.12320937983946507
5158.78	0.03551752016053479
5160.45	-0.11177284983946514
5162.12	0.025153340160534898
5163.79	-0.11497054983946506
5165.45	0.04304224016053495
5167.12	-0.10004647983946524
5168.79	0.0442228201605349
5170.46	-0.08588362983946504
5172.13	0.11264688016053484
5173.79	0.06620503016053485
5175.46	0.2734797201605349
5177.13	0.10231821016053488
5178.8	0.1304744641605348
5180.47	-0.19124187983946522
5182.13	-0.25984245983946513
5183.8	-0.40961337983946516
5185.47	-0.1587001138394652
5187.14	-0.09513321983946517
5188.8	0.2757173201605348
5190.47	0.2535901201605349
5192.14	0.48267512016053493
5193.81	0.30843899016053483
5195.48	0.3477570201605348
5197.14	0.12743469016053482
5198.81	0.24565002016053486
5200.48	0.08233592016053488
5202.15	0.3174559201605348
5203.82	0.19389600016053474
5205.48	0.3365147201605348
5207.15	0.09704372016053477
5208.82	0.11420682016053477
5210.49	-0.1771952798394652
5212.16	-0.09855137983946521
5213.82	-0.24061297983946509
5215.49	-0.013541779839465218
5217.16	-0.0622909798394653
5218.83	0.14309462016053479
5220.49	0.04460286816053487
5222.16	0.2045971801605349
5223.83	0.04104346016053486
5225.5	0.15244534016053496
5227.17	-0.01792331983946509
5228.83	0.10080142016053481
5230.5	-0.09870917983946507
5232.17	-0.05385585983946517
5233.84	-0.27383403983946525
5235.51	-0.19985457983946509
5237.17	-0.38082157983946513
5238.84	-0.17876155983946512
5240.51	-0.221561849839465
5242.18	0.010658312160534788
5243.85	-0.07158135983946527
5245.51	0.058955070160534875
5247.18	-0.15805854983946518
5248.85	-0.08411045983946511
5250.52	-0.254551969839465
5252.18	-0.09032377983946524
5253.85	-0.11035068383946511
5255.52	0.07801801016053472
5257.19	-0.03743497983946518
5258.86	0.12101132016053487
5260.52	-0.026632879839465294
5262.19	0.13210715016053473
5263.86	0.028297420160534804
5265.53	0.1807673201605349
5267.2	0.03837512016053472
5268.86	0.13466642016053482
5270.53	-0.037770799839465054
5272.2	0.10070752016053483
5273.87	0.03351732016053486
5275.54	0.24145770016053486
5277.2	0.11716112016053484
5278.87	0.2138630701605348
5280.54	0.0007328701605348792
5282.21	0.03770252016053477
5283.87	-0.13563377983946512
5285.54	0.004864020160534888
5287.21	-0.04784114983946521
5288.88	0.18212632016053493
5290.55	0.038499120160534875
5292.21	0.09386868016053476
5293.88	-0.08596987983946507
5295.55	0.03845982016053494
5297.22	-0.023032779839465077
5298.89	0.16599302016053483
5300.55	0.015532020160534721
5302.22	0.12572985016053484
5303.89	-0.11185727983946525
5305.56	-0.09468759983946513
5307.23	-0.21223377983946512
5308.89	-0.007109329839465195
5310.56	0.022412720160534833
5312.23	0.29918752016053485
5313.9	0.25120032016053495
5315.56	0.46830382016053473
5317.23	0.37454302016053476
5318.9	0.47949200016053484
5320.57	0.25849012016053485
5322.24	0.3328040201605348
5323.9	0.15643382016053492
5325.57	0.2435903201605348
5327.24	0.14437242016053498
5328.91	0.3128334201605349
5330.58	0.20995072016053476
5332.24	0.42804632116053476
5333.91	0.2427290261605349
5335.58	0.3627456201605349
5337.25	0.15360982016053484
5338.92	0.15582902016053474
5340.58	-0.05314017983946524
5342.25	0.0006060201605347703
5343.92	-0.20296847983946514
5345.59	-0.05681461983946505
5347.25	-0.23295137983946512
5348.92	-0.09805337983946512
5350.59	-0.24879397983946508
5352.26	-0.09572708983946507
5353.93	-0.18491397983946514
5355.59	-0.031820979839465226
5357.26	-0.20802517983946517
5358.93	-0.11797297983946524
5360.6	-0.3448139798394651
5362.27	-0.2630967798394653
5363.93	-0.4125270798394651
5365.6	-0.2002609098394652
5367.27	-0.2142730798394651
5368.94	0.07587488446053489
5370.6	0.07639262016053479
5372.27	0.3163239201605349
5373.94	0.2173139711605348
5375.61	0.36279740016053474
5377.28	0.19683762016053488
5378.94	0.32552662016053496
5380.61	0.17676962016053482
5382.28	0.3563915001605349
5383.95	0.23037412016053493
5385.62	0.39509142016053495
5387.28	0.2639934201605348
5388.95	0.3815716201605348
5390.62	0.18484602016053492
5392.29	0.23780842016053477
5393.96	-0.030482479839465216
5395.62	0.05161912016053473
5397.29	-0.1021312798394651
5398.96	0.04888942016053481
5400.63	-0.0052269798394651845
5402.29	0.17421282016053485
5403.96	0.03463692016053476
5405.63	0.1550419201605348
5407.3	-0.0013116798394651186
5408.97	0.12256322016053474
5410.63	0.011830820160534827
5412.3	0.11446682016053492
5413.97	-0.007629049839465196
5415.64	0.10059445816053476
5417.31	-0.033277879839465244
5418.97	0.12788082016053479
5420.64	0.04587962016053491
5422.31	0.22977382016053483
5423.98	0.13351832016053494
5425.65	0.26085853016053495
5427.31	0.12654412016053482
5428.98	0.17313764016053484
5430.65	-0.025928999839465172
5432.32	0.047622460160534855
5433.98	-0.12307793983946506
5435.65	0.02295062016053485
5437.32	-0.06897827983946511
5438.99	0.0709202201605348
5440.66	-0.009303979839465248
5442.32	0.09061030816053481
5443.99	-0.08004947983946523
5445.66	0.021650420160534777
5447.33	-0.14192717983946518
5449.0	-0.014570279839465095
5450.66	-0.11462977983946518
5452.33	0.025137020160534852
5454.0	-0.09519816983946519
5455.67	0.0028852201605347625
5457.34	-0.19812439983946512
5459.0	-0.09835327983946525
5460.67	-0.21092157983946508
5462.34	-0.0038230098394651303
5464.01	-0.046219879839465225
5465.67	0.18017369016053478
5467.34	0.0664227401605349
5469.01	0.23571573216053482
5470.68	0.04277783016053479
5472.35	0.11277697016053487
5474.01	-0.11746857983946513
5475.68	-0.01541387983946525
5477.35	-0.1460586798394651
5479.02	0.028270120160534807
5480.69	-0.06387337983946532
5482.35	0.13484241016053478
5484.02	0.013780120160534893
5485.69	0.2134385401605349
5487.36	0.1782431101605348
5489.03	0.4749468201605348
5490.69	0.47179932016053494
5492.36	0.5925756401605349
5494.03	0.345713659160535
5495.7	0.3618332201605348
5497.36	0.12544692016053474
5499.03	0.18769368316053478
5500.7	-0.008390979839465195
5502.37	0.03191416016053485
5504.04	-0.18454837983946507
5505.7	-0.07990847983946511
5507.37	-0.22028187983946515
5509.04	-0.05333647983946517
5510.71	-0.12322357983946516
5512.38	0.043684320160534904
5514.04	-0.0851675798394651
5515.71	0.01805692016053482
5517.38	-0.10743617983946518
5519.05	0.029584110160534825
5520.72	-0.08577777983946522
5522.38	0.06442071016053483
5524.05	-0.06668207983946513
5525.72	0.11176442016053492
5527.39	0.015095320160534786
5529.05	0.1504436201605349
5530.72	0.05742416216053479
5532.39	0.20240852016053493
5534.06	0.13873560016053482
5535.73	0.37769589016053484
5537.39	0.3158939201605348
5539.06	0.48495862016053487
5540.73	0.34622082016053485
5542.4	0.39034092016053484
5544.07	0.16660862016053488
5545.73	0.19575412016053484
5547.4	0.032071520160534786
5549.07	0.10514012016053478
5550.74	-0.03880817983946514
5552.4	0.08734372016053478
5554.07	0.01512565016053482
5555.74	0.23929342016053495
5557.41	0.21508792016053482
5559.08	0.4165231201605349
5560.74	0.25707082016053484
5562.41	0.2907375201605349
5564.08	0.04966667016053483
5565.75	0.12542327016053487
5567.42	-0.025508479839465092
5569.08	0.10743559016053494
5570.75	-0.040681669839465064
5572.42	-0.0026957398394650946
5574.09	-0.31171857983946516
5575.76	-0.2805467098394652
5577.42	-0.4845469798394653
5579.09	-0.2822261898394652
5580.76	-0.28640118983946516
5582.43	0.056217220160534834
5584.09	0.15322838016053492
5585.76	0.3944454201605348
5587.43	0.25902322016053486
5589.1	0.38321112016053493
5590.77	0.15774638016053485
5592.43	0.2632991201605347
5594.1	0.12821472016053476
5595.77	0.23253322016053488
5597.44	0.11102432016053485
5599.11	0.1883756201605348
5600.77	-0.030796179839465188
5602.44	0.058399720160534775
5604.11	-0.12214197983946518
5605.78	-0.011449979839465075
5607.45	-0.11501611983946516
5609.11	0.00017908016053479469
5610.78	-0.11600987983946509
5612.45	0.04319636016053481
5614.12	-0.08625399983946513
5615.78	0.08251039016053488
5617.45	-0.048322149839465124
5619.12	0.1060380701605349
5620.79	0.03511532016053487
5622.46	0.23894434603053485
5624.12	0.1519257201605348
5625.79	0.2725936201605349
5627.46	0.06779877016053476
5629.13	0.15153012016053474
5630.8	-0.06329847983946521
5632.46	0.004451120160534877
5634.13	-0.12815247983946523
5635.8	0.03222392016053484
5637.47	-0.057098679839465184
5639.14	0.062226520160534815
5640.8	-0.10488550983946514
5642.47	-0.041698469839465124
5644.14	-0.2478303798394652
5645.81	-0.19006037983946522
5647.47	-0.305584079839465
5649.14	-0.15618497983946508
5650.81	-0.26308858983946515
5652.48	-0.18139571983946517
5654.15	-0.36762845983946535
5655.81	-0.27288317983946514
5657.48	-0.31629973883946516
5659.15	-0.0783847798394651
5660.82	-0.058569429839465205
5662.49	0.14927199016053483
5664.15	0.03628224016053484
5665.82	0.11566252016053487
5667.49	-0.08857747983946529
5669.16	-0.01871888583946505
5670.83	-0.13306406183946531
5672.49	0.002065170160534724
5674.16	-0.18651334783946522
5675.83	-0.11852397983946517
5677.5	-0.3093497798394652
5679.16	-0.21881357983946512
5680.83	-0.3684676098394652
5682.5	-0.23182335983946506
5684.17	-0.3395881498394651
5685.84	-0.17702437983946512
5687.5	-0.372288979839465
5689.17	-0.24971727983946518
5690.84	-0.3237589798394652
5692.51	-0.12868917983946507
5694.18	-0.1707761998394651
5695.84	0.05073142016053489
5697.51	-0.05185817983946519
5699.18	0.1842140201605349
5700.85	0.12921362016053486
5702.52	0.33704352016053496
5704.18	0.3498147201605349
5705.85	0.566540550160535
5707.52	0.4555945501605348
5709.19	0.6011393501605349
5710.85	0.37384771516053494
5712.52	0.37995882016053495
5714.19	0.15284052016053493
5715.86	0.17972932016053483
5717.53	-0.029964009839465188
5719.19	0.09546622016053478
5720.86	-0.08120910983946517
5722.53	0.04920612016053492
5724.2	-0.025746379839465216
5725.87	0.12678472016053485
5727.53	0.02353532016053478
5729.2	0.17930792016053468
5730.87	0.030722320160534868
5732.54	0.14952061016053478
5734.2	0.027010640160534914
5735.87	0.17382647016053476
5737.54	0.1030644001605349
5739.21	0.287612020160535
5740.88	0.22392644016053484
5742.54	0.39618707016053484
5744.21	0.35183057016053476
5745.88	0.524082836160535
5747.55	0.39746570016053484
5749.22	0.507173830160535
5750.88	0.30470362016053487
5752.55	0.3793056201605348
5754.22	0.2013238301605349
5755.89	0.23248422016053477
5757.56	-0.004254709839465109
5759.22	0.06325352016053487
5760.89	-0.14518677983946512
5762.56	-0.05295805893946519
5764.23	-0.20886637983946513
5765.89	-0.06292106983946522
5767.56	-0.22652887983946518
5769.23	-0.08372137983946518
5770.9	-0.18904947983946524
5772.57	-0.028606679839465177
5774.23	-0.1307037798394651
5775.9	0.01742382016053474
5777.57	-0.13579827983946524
5779.24	0.01699965016053471
5780.91	-0.15886097983946518
5782.57	-0.011101219839465193
5784.24	-0.1446983098394652
5785.91	-0.0729822798394651
5787.58	-0.2445244798394653
5789.25	-0.060099390839465285
5790.91	-0.1428935798394651
5792.58	0.06406192016053489
5794.25	0.00465792016053479
5795.92	0.2694302701605348
5797.58	0.2137594401605348
5799.25	0.37154582016053483
5800.92	0.2345061801605349
5802.59	0.34618654016053485
5804.26	0.23114582016053492
5805.92	0.30628792016053474
5807.59	0.14805832016053472
5809.26	0.2729806201605348
5810.93	0.14340142016053492
5812.6	0.2754717201605348
5814.26	0.17220636016053487
5815.93	0.31795482016053495
5817.6	0.26112002016053487
5819.27	0.42596912016053495
5820.94	0.27745283016053485
5822.6	0.39653662016053487
5824.27	0.20713002016053475
5825.94	0.25982252016053475
5827.61	0.08523431016053484
5829.27	0.19581352016053488
5830.94	0.06726102016053481
5832.61	0.3213264201605348
5834.28	0.26568472016053485
5835.95	0.47616545016053485
5837.61	0.3403302201605348
5839.28	0.3482160201605348
5840.95	0.1187242201605347
5842.62	0.1989120201605349
5844.29	-0.019180179839465118
5845.95	0.09660442016053485
5847.62	-0.01349487983946518
5849.29	0.11046082016053486
5850.96	-0.03674457983946513
5852.63	0.09129612016053487
5854.29	-0.05998207983946511
5855.96	0.09228882016053482
5857.63	-0.09303450983946515
5859.3	-0.019696079839465107
5860.96	-0.23402065983946532
5862.63	-0.023595739839465103
5864.3	-0.0928358798394652
5865.97	0.1954419201605349
5867.64	0.1729000201605348
5869.3	0.3817866201605349
5870.97	0.20994002016053476
5872.64	0.2864529201605349
5874.31	0.1033344201605348
5875.98	0.3126202201605347
5877.64	0.24944832016053495
5879.31	0.3962122201605349
5880.98	0.23100892016053484
5882.65	0.3520453201605348
5884.32	0.15114892016053494
5885.98	0.19301422016053485
5887.65	0.023861846160534928
5889.32	0.1159642201605349
5890.99	-0.0665688798394652
5892.65	-0.008180928839465284
5894.32	-0.2007571598394652
5895.99	-0.0869181798394651
5897.66	-0.23581207983946526
5899.33	-0.13073777983946516
5900.99	-0.2872972698394652
5902.66	-0.1372373798394651
5904.33	-0.27898107983946513
5906.0	-0.14843307983946513
5907.67	-0.19910717983946516
5909.33	-0.027474179839465224
5911.0	-0.11363721983946515
5912.67	0.0811808201605348
5914.34	-0.08971690983946519
5916.0	0.02109512016053482
5917.67	-0.1565225798394651
5919.34	-0.13447757983946512
5921.01	-0.29370067983946513
5922.68	-0.11562057983946517
5924.34	-0.1968191798394651
5926.01	0.10460132016053485
5927.68	0.15049442016053477
5929.35	0.44135902016053496
5931.02	0.33203339016053485
5932.68	0.36322902016053493
5934.35	0.08717362016053484
5936.02	0.1231974601605349
5937.69	-0.0536083798394652
5939.36	0.10687352016053475
5941.02	-0.007081179839465124
5942.69	0.12033592016053485
5944.36	-0.07225832983946501
5946.03	0.0037651201605349294
5947.69	-0.1624508798394652
5949.36	0.028579620160534846
5951.03	-0.07756107983946517
5952.7	0.12372382016053485
5954.37	0.09982882016053474
5956.03	0.30728812016053475
5957.7	0.24878145016053493
5959.37	0.43935232016053477
5961.04	0.2587122901605349
5962.71	0.41319002016053474
5964.37	0.21406212016053477
5966.04	0.359508720160535
5967.71	0.26136382016053483
5969.38	0.36469162016053486
5971.05	0.1667078401605348
5972.71	0.13452642016053484
5974.38	-0.26740908983946515
5976.05	-0.19940127983946504
5977.72	-0.3753714798394653
5979.38	-0.18001854983946522
5981.05	-0.1920425798394653
5982.72	0.010600020160534795
5984.39	-0.07464417983946507
5986.06	0.1155017201605348
5987.72	-0.0443367798394652
5989.39	0.15044162016053483
5991.06	0.07976562016053479
5992.73	0.14625402016053476
5994.4	-0.09681827983946519
5996.06	-0.1015169198394652
5997.73	-0.3646197798394651
5999.4	-0.30989527983946513
6001.07	-0.5328486798394652
6002.74	-0.48771983983946504
6004.4	-0.6143945798394652
6006.07	-0.49278483983946525
6007.74	-0.5211115798394651
6009.41	-0.25223075983946525
6011.07	-0.22612575983946517
6012.74	0.02982802016053494
6014.41	-0.02058166983946519
6016.08	0.15659232016053487
6017.75	0.051715520160534864
6019.41	0.09866052016053481
6021.08	-0.14281447983946513
6022.75	-0.10174717983946509
6024.42	-0.3267450798394651
6026.09	-0.19006815983946512
6027.75	-0.21798177983946515
6029.42	0.12316719016053482
6031.09	0.19700522016053473
6032.76	0.41395642016053474
6034.43	0.2403487201605349
6036.09	0.3639004201605349
6037.76	0.2148838201605348
6039.43	0.3495489801605348
6041.1	0.2624864201605349
6042.76	0.4071458201605349
6044.43	0.22311932016053496
6046.1	0.24851112016053492
6047.77	-0.0385874798394652
6049.44	-0.02082527983946522
6051.1	-0.1715290298394651
6052.77	-0.023442479839465104
6054.44	-0.10565317983946516
6056.11	0.12204942016053492
6057.78	0.08293972016053493
6059.44	0.2682068201605349
6061.11	0.10339657016053491
6062.78	0.1845961701605348
6064.45	-0.01811907983946519
6066.11	0.10371912016053489
6067.78	0.028499000160534905
6069.45	0.2833664201605349
6071.12	0.26247732016053477
6072.79	0.4193141801605348
6074.45	0.2368750201605348
6076.12	0.30879882016053495
6077.79	0.13883324016053478
6079.46	0.2172675201605349
6081.13	0.05577012016053477
6082.79	0.15167047016053492
6084.46	-0.0552184998394651
6086.13	-0.010492679839465136
6087.8	-0.23595717983946515
6089.47	-0.13908537983946512
6091.13	-0.2007627798394651
6092.8	0.018089640160534916
6094.47	0.05060411016053488
6096.14	0.3240967101605349
6097.8	0.24002006016053476
6099.47	0.3738609401605349
6101.14	0.12822902016053495
6102.81	0.17481102016053487
6104.48	-0.027734279839465213
6106.14	0.12096616016053488
6107.81	0.07057492016053493
6109.48	0.2910373101605349
6111.15	0.20663472016053483
6112.82	0.36286482016053484
6114.48	0.2268903301605348
6116.15	0.32862949016053483
6117.82	0.10327752016053489
6119.49	0.15906868016053483
6121.16	-0.0678985288394652
6122.82	-0.007993499839465157
6124.49	-0.181231729839465
6126.16	-0.006338279839465155
6127.83	-0.026963379839465108
6129.49	0.21440012016053472
6131.16	0.18031832016053476
6132.83	0.42051989016053487
6134.5	0.28667307016053484
6136.17	0.3326455701605348
6137.83	-0.0005970798394653087
6139.5	0.04265486016053481
6141.17	-0.24426029983946523
6142.84	-0.17161705983946524
6144.51	-0.35565687983946515
6146.17	-0.12245131983946514
6147.84	-0.20104267983946517
6149.51	-0.03465596983946524
6151.18	-0.288868379839465
6152.85	-0.20071205983946522
6154.51	-0.467324479839465
6156.18	-0.4146829798394651
6157.85	-0.5573161798394651
6159.52	-0.28556538983946517
6161.18	-0.2551338798394652
6162.85	0.0709774201605349
6164.52	0.11110861016053478
6166.19	0.39053193016053483
6167.86	0.42011311016053493
6169.52	0.49192252016053495
6171.19	0.30437314016053485
6172.86	0.3469593301605348
6174.53	0.1086327901605348
6176.2	0.12458926016053491
6177.86	-0.05528546983946507
6179.53	-0.031548869839465296
6181.2	-0.23781297983946512
6182.87	-0.2395639198394651
6184.54	-0.39863047983946515
6186.2	-0.2395186798394652
6187.87	-0.33260917983946525
6189.54	-0.18887197983946527
6191.21	-0.22897777983946516
6192.87	-0.07288040983946513
6194.54	-0.16957118983946523
6196.21	0.039039420160534764
6197.88	-0.01588687983946513
6199.55	0.2405515201605349
6201.21	0.28500412016053495
6202.88	0.5132120201605349
6204.55	0.5127722201605348
6206.22	0.6728525201605348
6207.89	0.42921552016053477
6209.55	0.48000329016053495
6211.22	0.26904242016053487
6212.89	0.3557160101605348
6214.56	0.24808002016053482
6216.23	0.34703931016053485
6217.89	0.10224062016053477
6219.56	0.15253022016053489
6221.23	-0.0359086298394653
6222.9	0.0872257201605349
6224.56	0.04072992016053495
6226.23	0.24394452016053494
6227.9	0.14138533016053473
6229.57	0.20624152016053482
6231.24	0.04396905016053483
6232.9	0.1098010201605349
6234.57	-0.046448149839465214
6236.24	0.05847022016053478
6237.91	-0.1264503498394652
6239.58	-0.046740469839465094
6241.24	-0.13854455983946518
6242.91	-0.035369499839465045
6244.58	-0.09934057983946513
6246.25	-0.0010699798394651293
6247.91	-0.22299687983946503
6249.58	-0.1215041798394652
6251.25	-0.2533786798394651
6252.92	-0.0356738798394652
6254.59	0.03481002016053476
6256.25	0.28884742016053494
6257.92	0.27772522016053475
6259.59	0.34706332016053487
6261.26	0.11643392016053482
6262.93	0.12496577016053478
6264.59	-0.10542707983946512
6266.26	-0.03026174983946526
6267.93	-0.12824310983946524
6269.6	0.11372648016053474
6271.27	0.1410828701605349
6272.93	0.39130543016053476
6274.6	0.3451426201605349
6276.27	0.49652752016053486
6277.94	0.2996918201605349
6279.6	0.34120712016053484
6281.27	0.09076802016053476
6282.94	0.20063062016053487
6284.61	0.10000302016053486
6286.28	0.3544084201605348
6287.94	0.294737920160535
6289.61	0.551535587160535
6291.28	0.3899293001605349
6292.95	0.5047512201605351
6294.62	0.26449382016053474
6296.28	0.23402742016053474
6297.95	-0.024759679839465133
6299.62	0.045367020160534864
6301.29	-0.14557267983946515
6302.96	0.10955602016053487
6304.62	0.13774398116053482
6306.29	0.40906087016053494
6307.96	0.3099215201605349
6309.63	0.2794202201605347
6311.29	0.016186920160534923
6312.96	0.01984682016053474
6314.63	-0.14556117983946523
6316.3	0.01838872016053491
6317.97	-0.06484790883946512
6319.63	0.11811272016053494
6321.3	0.05117132016053476
6322.97	0.13721842016053476
6324.64	0.17080332016053484
6326.31	0.3924298201605348
6327.97	0.3128574101605348
6329.64	0.46827032016053477
6331.31	0.31842612016053484
6332.98	0.36721362016053477
6334.65	0.1409489201605348
6336.31	0.0719758201605349
6337.98	-0.16264877983946507
6339.65	-0.13739887983946522
6341.32	-0.27425977983946526
6342.98	-0.019429779839465124
6344.65	-0.053550679839465154
6346.32	0.1663790201605347
6347.99	-0.03048863983946526
6349.66	0.021507120160534843
6351.32	-0.2589997798394652
6352.99	-0.2063827598394651
6354.66	-0.41194667983946526
6356.33	-0.21229688983946504
6358.0	-0.3601871298394651
6359.66	-0.24728807983946527
6361.33	-0.3527180798394653
6363.0	-0.04958547983946515
6364.67	0.013022220160534781
6366.34	0.45097622016053485
6368.0	0.48524732016053473
6369.67	0.6378600201605348
6371.34	0.3622021201605348
6373.01	0.24469602016053474
6374.67	-0.035184479839465245
6376.34	0.0659495501605349
6378.01	0.015371320160534907
6379.68	0.20766072016053477
6381.35	0.053084120160534806
6383.01	0.0949306201605348
6384.68	-0.21044557983946519
6386.35	-0.16555007983946526
6388.02	-0.3230346798394651
6389.69	-0.10430717983946511
6391.35	-0.10465322983946512
6393.02	0.15968742016053478
6394.69	0.0926619201605348
6396.36	0.2682102201605349
6398.03	0.08786891016053502
6399.69	0.27146337016053473
6401.36	0.19417022016053484
6403.03	0.45328354016053496
6404.7	0.3678162201605349
6406.36	0.5375498201605349
6408.03	0.35932242016053484
6409.7	0.40327512016053496
6411.37	0.08393362016053485
6413.04	0.05802172016053488
6414.7	-0.21947020983946525
6416.37	-0.14213444983946522
6418.04	-0.2848206998394652
6419.71	-0.08974097965946504
6421.38	-0.11219405983946511
6423.04	0.15969462016053476
6424.71	0.0742130201605348
6426.38	0.16551367016053486
6428.05	-0.030746449839465218
6429.71	0.013972540160534763
6431.38	-0.17734674483946516
6433.05	-0.07887917983946516
6434.72	-0.1917935898394652
6436.39	0.01567676016053473
6438.05	-0.01727687983946513
6439.72	0.19374936016053496
6441.39	0.08368172016053489
6443.06	0.18916624676053478
6444.73	-0.06274683883946511
6446.39	0.0012651201605347717
6448.06	-0.23199587983946524
6449.73	-0.11086542983946515
6451.4	-0.1624742798394651
6453.07	0.20194462016053488
6454.73	0.23836164016053485
6456.4	0.4927258301605349
6458.07	0.28110012016053487
6459.74	0.3201159201605348
6461.4	-0.0005992798394651722
6463.07	0.058024820160534896
6464.74	-0.05811307983946508
6466.41	0.22271122016053474
6468.08	0.17887032016053478
6469.74	0.3741959201605349
6471.41	0.17837132016053486
6473.08	0.24515207216053483
6474.75	0.023580650160534854
6476.42	0.1832939201605349
6478.08	-0.03777337983946523
6479.75	0.05509672016053493
6481.42	-0.18212643983946522
6483.09	-0.08474946983946509
6484.76	-0.24209607983946504
6486.42	-0.07295027983946509
6488.09	-0.08756807983946524
6489.76	0.2801887201605349
6491.43	0.22506432016053476
6493.09	0.47404882016053485
6494.76	0.4141967201605349
6496.43	0.5588639401605348
6498.1	0.36314142016053474
6499.77	0.4104041201605348
6501.43	0.16785182016053488
6503.1	0.22259672016053492
6504.77	-0.0956656798394652
6506.44	-0.10862797983946512
6508.11	-0.3296117798394652
6509.77	-0.21385707983946517
6511.44	-0.3323128798394652
6513.11	-0.1518059798394651
6514.78	-0.2185741798394651
6516.45	0.06237079016053484
6518.11	0.0016027201605348206
6519.78	0.17137999016053476
6521.45	0.05840112016053487
6523.12	0.23743835016053488
6524.78	0.15319451016053484
6526.45	0.23886702016053474
6528.12	0.016166220160534907
6529.79	0.07763142016053473
6531.46	-0.1605037798394652
6533.12	-0.05561227983946517
6534.79	-0.20594887983946517
6536.46	0.11713412016053479
6538.13	0.14704452016053488
6539.8	0.43586072016053484
6541.46	0.4336331201605347
6543.13	0.6132836201605347
6544.8	0.40066672016053484
6546.47	0.48399189016053495
6548.14	0.1778952801605347
6549.8	0.23029002016053485
6551.47	0.08739532026053486
6553.14	0.20833800016053483
6554.81	0.11402912016053483
6556.47	0.26864987786053474
6558.14	0.11187209016053493
6559.81	0.2501359201605348
6561.48	0.1360539701605347
6563.15	0.20492002016053487
6564.81	0.09897314016053493
6566.48	0.2040669201605348
6568.15	0.051332770160534766
6569.82	0.20107912016053486
6571.49	0.1872120201605348
6573.15	0.35943592016053494
6574.82	0.30822712016053483
6576.49	0.5291247201605349
6578.16	0.43896842016053483
6579.83	0.5868651201605349
6581.49	0.3813162201605349
6583.16	0.38070022016053484
6584.83	0.19389492016053483
6586.5	0.25323696016053476
6588.16	0.05755932016053498
6589.83	0.25030362516053484
6591.5	0.07031052016053482
6593.17	0.1483842201605349
6594.84	-0.023523689839465067
6596.5	0.1293228401605349
6598.17	-0.05906154983946519
6599.84	0.015547920160534768
6601.51	-0.21737557983946526
6603.18	-0.02884627983946513
6604.84	-0.16251944983946504
6606.51	-0.011117779839465136
6608.18	-0.16898577983946525
6609.85	-0.05338907983946513
6611.51	-0.23731557983946514
6613.18	-0.08289127983946498
6614.85	-0.08363300983946517
6616.52	0.28074412016053474
6618.19	0.27970672016053477
6619.85	0.48285338016053475
6621.52	0.2144755701605348
6623.19	0.13343022016053474
6624.86	-0.20552597983946513
6626.53	-0.19401215983946507
6628.19	-0.38357047983946513
6629.86	-0.18474537983946523
6631.53	-0.2592824798394651
6633.2	0.04631632016053472
6634.87	0.06346234016053484
6636.53	0.2445606201605349
6638.2	0.15735012016053496
6639.87	0.26619752016053494
6641.54	0.042208720160534965
6643.2	0.0964513101605348
6644.87	-0.1073679798394652
6646.54	-0.03919731983946519
6648.21	-0.25985729983946515
6649.88	-0.29470278983946513
6651.54	-0.5353024798394651
6653.21	-0.5082464798394651
6654.88	-0.5995051798394652
6656.55	-0.3226581798394651
6658.22	-0.30129637983946517
6659.88	-0.13856727983946512
6661.55	-0.2759394098394653
6663.22	-0.1601249798394652
6664.89	-0.23602247983946514
6666.56	-0.01796647983946519
6668.22	-0.0952746798394652
6669.89	0.11608295016053483
6671.56	-0.05455229483946518
6673.23	-0.048221589839465104
6674.89	-0.23856727983946519
6676.56	-0.1175974698394651
6678.23	-0.27218049983946524
6679.9	-0.11289351983946516
6681.57	-0.2688219298394652
6683.23	-0.13033592983946504
6684.9	-0.2742467798394652
6686.57	-0.11145567983946529
6688.24	-0.13952867983946513
6689.91	0.16302242016053486
6691.57	0.19275604216053485
6693.24	0.5382382201605347
6694.91	0.5062410201605347
6696.58	0.5817379201605348
6698.25	0.20867212016053482
6699.91	0.09486458016053485
6701.58	-0.1820682798394652
6703.25	-0.062006979839465216
6704.92	-0.12563247983946518
6706.58	0.17366260016053478
6708.25	0.15683562016053493
6709.92	0.3753281201605348
6711.59	0.17652282016053478
6713.26	0.30265432016053473
6714.92	0.17836752016053475
6716.59	0.2703425201605348
6718.26	0.05945252016053493
6719.93	0.045496420160534824
6721.6	-0.18404547983946506
6723.26	-0.1401466198394651
6724.93	-0.3385780798394653
6726.6	-0.2711558898394652
6728.27	-0.30714287983946514
6729.94	-0.11262927983946507
6731.6	-0.055712029839465084
6733.27	0.24597302016053488
6734.94	0.33872942016053476
6736.61	0.6528077201605347
6738.27	0.6259226201605348
6739.94	0.7049918401605348
6741.61	0.4895811201605348
6743.28	0.43078322016053494
6744.95	0.20634232016053472
6746.61	0.24359532016053484
6748.28	0.09410170016053487
6749.95	0.27030132016053493
6751.62	0.11770790016053474
6753.29	0.283565320160535
6754.95	0.19907530016053485
6756.62	0.2616512111605349
6758.29	0.043853120160534734
6759.96	0.0008118001605349034
6761.63	-0.29969877983946525
6763.29	-0.2288215798394652
6764.96	-0.37763687983946526
6766.63	-0.10838947983946516
6768.3	-0.009997079839465161
6769.96	0.3107001201605349
6771.63	0.3026550201605348
6773.3	0.45470792016053474
6774.97	0.2596327301605349
6776.64	0.2885114501605348
6778.3	-0.05941387983946509
6779.97	-0.10672077983946515
6781.64	-0.32372037983946517
6783.31	-0.19176327983946523
6784.98	-0.3304954798394653
6786.64	-0.13179407583946504
6788.31	-0.25311249983946515
6789.98	-0.08677797983946518
6791.65	-0.19232367983946524
6793.31	-0.05598465983946525
6794.98	-0.19303627983946522
6796.65	-0.03467947983946509
6798.32	-0.29752567983946515
6799.99	-0.1990723198394652
6801.65	-0.30047327983946526
6803.32	-0.1250160798394651
6804.99	-0.14875567983946508
6806.66	0.0705628301605348
6808.33	-0.010559769839465095
6809.99	0.21975762016053477
6811.66	0.1404845001605348
6813.33	0.2681577201605347
6815.0	0.12514902016053484
6816.67	0.15665732016053485
6818.33	-0.08159537983946519
6820.0	-0.02446577983946512
6821.67	-0.31435247983946524
6823.34	-0.30709867983946515
6825.0	-0.5805197798394652
6826.67	-0.4928134478394651
6828.34	-0.5026734128994653
6830.01	-0.08398117983946518
6831.68	0.06332232016053485
6833.34	0.42280092016053494
6835.01	0.3793785601605348
6836.68	0.4841742901605347
6838.35	0.24819002016053493
6840.02	0.38492095016053496
6841.68	0.22915882016053496
6843.35	0.3652039101605348
6845.02	0.1535263321605348
6846.69	0.1754007201605349
6848.36	0.00981682016053489
6850.02	0.17112182016053484
6851.69	0.0739328201605349
6853.36	0.2512304201605348
6855.03	0.12516162016053486
6856.69	0.17474282016053477
6858.36	-0.1640781798394651
6860.03	-0.20486793983946522
6861.7	-0.4134636798394652
6863.37	-0.3043927398394652
6865.03	-0.3340353798394652
6866.7	-0.07898297983946519
6868.37	-0.06731235983946522
6870.04	0.12927212016053483
6871.71	0.00995742016053489
6873.37	0.13123937016053477
6875.04	0.09272442016053492
6876.71	0.37231792016053494
6878.38	0.45018248016053486
6880.05	0.7295731701605349
6881.71	0.6917490901605349
6883.38	0.7632554201605348
6885.05	0.43266496016053485
6886.72	0.3507177201605348
6888.38	-0.004351779839465175
6890.05	-0.05978299983946518
6891.72	-0.27539327983946515
6893.39	-0.13182114983946525
6895.06	-0.23479873983946514
6896.72	-0.0011497798394651594
6898.39	-0.10648533983946532
6900.06	0.0007101001605348545
6901.73	-0.13216927983946514
6903.4	-0.06748457983946525
6905.06	-0.22467527983946506
6906.73	-0.007146859839465236
6908.4	-0.1090568798394651
6910.07	0.21647092016053487
6911.74	0.2291498201605348
6913.4	0.41463622016053503
6915.07	0.28258762016053485
6916.74	0.2762506201605349
6918.41	-0.011401049839465216
6920.07	0.10680502016053475
6921.74	-0.14426517983946513
6923.41	-0.06272157983946505
6925.08	-0.3927709798394652
6926.75	-0.38346227983946524
6928.41	-0.5186091798394652
6930.08	-0.2284412698394652
6931.75	-0.1430537198394652
6933.42	0.23782022016053475
6935.09	0.14235610016053485
6936.75	0.2097311701605348
6938.42	-0.23556754983946532
6940.09	-0.3796269998394652
6941.76	-0.6627458798394652
6943.42	-0.5529771798394651
6945.09	-0.5455562798394652
6946.76	-0.10098257983946517
6948.43	0.013358520160534893
6950.1	0.4716299301605347
6951.76	0.39208702016053476
6953.43	0.47714692016053484
6955.1	0.2501593801605348
6956.77	0.2785796201605348
6958.44	0.027845620160534823
6960.1	0.08491922016053484
6961.77	-0.16758087983946535
6963.44	-0.036849809839465134
6965.11	-0.1840342578394652
6966.78	-0.00833085983946522
6968.44	-0.11673327983946509
6970.11	0.1689343201605348
6971.78	0.1859487001605349
6973.45	0.4757752201605349
6975.11	0.48428772016053473
6976.78	0.693822320160535
6978.45	0.4536883201605348
6980.12	0.45812122016053475
6981.79	0.0889589201605348
6983.45	0.1530430201605349
6985.12	0.05386245016053488
6986.79	0.2643934201605349
6988.46	0.20415262016053481
6990.13	0.2901657201605349
6991.79	0.012350320160534878
6993.46	-0.03852197983946519
6995.13	-0.30666047983946504
6996.8	-0.1597176798394651
6998.47	-0.2369435798394651
7000.13	-0.12795671983946508
7001.8	-0.17337757983946508
7003.47	-0.0315301798394652
7005.14	-0.1518444798394652
7006.8	-0.03113618983946518
7008.47	-0.21531287983946515
7010.14	-0.04563787983946521
7011.81	-0.019967279839465158
7013.48	0.16899902016053497
7015.14	0.15336402016053494
7016.81	0.32388232016053486
7018.48	0.09233712016053483
7020.15	0.05642552016053477
7021.82	-0.2845302798394652
7023.48	-0.23982187983946518
7025.15	-0.32482997983946527
7026.82	-0.18436707983946526
7028.49	-0.20926757983946498
7030.16	0.022614020160534886
7031.82	-0.03663347983946523
7033.49	0.05379893016053485
7035.16	-0.2036637598394651
7036.83	-0.18084437983946522
7038.49	-0.29669187983946516
7040.16	-0.18482967983946508
7041.83	-0.17327897983946502
7043.5	0.10916822016053482
7045.17	0.07995771016053488
7046.83	0.21585372016053483
7048.5	0.08865392016053486
7050.17	0.22028962016053497
7051.84	0.06680412016053479
7053.51	0.09322412016053491
7055.17	-0.12589967983946515
7056.84	-0.0309688798394653
7058.51	-0.1800874798394651
7060.18	-0.007541979839465185
7061.85	-0.09287725983946515
7063.51	0.10567232016053488
7065.18	-0.08445757983946511
7066.85	-0.0265897798394652
7068.52	-0.3025402798394653
7070.18	-0.24336942983946513
7071.85	-0.3740254798394651
7073.52	-0.1638284298394653
7075.19	-0.22819877983946518
7076.86	0.033298020160534986
7078.52	-0.040735579839465255
7080.19	0.25472822016053476
7081.86	0.16475417196053474
7083.53	0.4383161201605348
7085.2	0.38520473016053486
7086.86	0.543482580160535
7088.53	0.24178732016053478
7090.2	0.19464452016053485
7091.87	-0.10664941983946515
7093.54	0.13132779016053475
7095.2	0.12237912016053487
7096.87	0.556261520160535
7098.54	0.5775466651605349
7100.21	0.6449046501605349
7101.87	0.2936814201605349
7103.54	0.2831468901605348
7105.21	0.13928502016053484
7106.88	0.44291540016053493
7108.55	0.5717656201605348
7110.21	0.8581635201605348
7111.88	0.7305607801605347
7113.55	0.6577058201605348
7115.22	0.2364405301605348
7116.89	0.18924782016053482
7118.55	0.06995482016053489
7120.22	0.2916912201605348
7121.89	0.4636706701605348
7123.56	0.8690670201605348
7125.22	0.8895117201605348
7126.89	0.966661020160535
7128.56	0.591468411160535
7130.23	0.4431405301605348
7131.9	0.08374312016053484
7133.56	0.1010103201605348
7135.23	0.030104420160534807
7136.9	0.2563619201605348
7138.57	0.26134700016053475
7140.24	0.42123757016053476
7141.9	0.17747082016053473
7143.57	0.17590652016053498
7145.24	0.023120280160534766
7146.91	0.2028538001605349
7148.58	0.14888585016053493
7150.24	0.3637417301605348
7151.91	0.29240859016053494
7153.58	0.4973293201605348
7155.25	0.32784752016053476
7156.91	0.3834392201605349
7158.58	0.18021772016053492
7160.25	0.22715818416053488
7161.92	-0.13704179983946513
7163.59	-0.11911227983946522
7165.25	-0.3161055798394651
7166.92	0.05150691016053488
7168.59	0.101250520160535
7170.26	0.35531944016053496
7171.93	0.17659282016053476
7173.59	0.24169509016053495
7175.26	-0.02151647983946523
7176.93	0.03463836016053497
7178.6	-0.07111788983946518
7180.27	0.23108352016053474
7181.93	0.22371562016053476
7183.6	0.42851582016053485
7185.27	0.16290572016053478
7186.94	0.21829766016053487
7188.6	-0.015460979839465105
7190.27	-0.08131037983946506
7191.94	-0.35665977983946523
7193.61	-0.25070247983946514
7195.28	-0.3058504998394652
7196.94	0.07426572016053476
7198.61	0.04470512016053489
7200.28	0.2822022201605347
7201.95	0.2531454201605349
7203.62	0.31996585016053497
7205.28	0.08790869016053478
7206.95	0.1912136801605348
7208.62	-0.07635414383946504
7210.29	-0.03964206183946517
7211.96	-0.31887747983946524
7213.62	-0.23938587983946508
7215.29	-0.2693591798394651
7216.96	0.026689020160534826
7218.63	-0.049740479839465127
7220.29	0.10351571916053488
7221.96	-0.13753137983946512
7223.63	-0.15155007983946525
7225.3	-0.4099160798394653
7226.97	-0.23356939983946523
7228.63	-0.3238452798394652
7230.3	-0.051543149839465216
7231.97	0.03695599016053479
7233.64	0.32138992016053475
7235.31	0.346885020160535
7236.97	0.5708343201605348
7238.64	0.46664980896053476
7240.31	0.5343121201605349
7241.98	0.3680496201605349
7243.65	0.40864214016053496
7245.31	0.32477852016053477
7246.98	0.5158106201605348
7248.65	0.42858252016053483
7250.32	0.700945020160535
7251.98	0.6443442201605348
7253.65	0.7307589201605348
7255.32	0.5735068201605349
7256.99	0.6205405201605347
7258.66	0.4862822201605349
7260.32	0.5953590201605348
7261.99	0.29139262016053485
7263.66	0.26151652016053484
7265.33	-0.18670547983946503
7267.0	-0.3326741798394652
7268.66	-0.6779996798394652
7270.33	-0.517923179839465
7272.0	-0.38317387983946516
7273.67	-0.01085057983946509
7275.34	0.14013327016053476
7277.0	0.4961486201605349
7278.67	0.4653170201605349
7280.34	0.7513810301605348
7282.01	0.681010320160535
7283.67	0.9006884201605347
7285.34	0.8215587201605349
7287.01	0.8284446891605348
7288.68	0.40312132016053487
7290.35	0.2667229201605348
7292.01	-0.019252179839465144
7293.68	0.0854691201605348
7295.35	-0.007576079839465066
7297.02	0.2539501201605347
7298.69	0.09082332016053489
7300.35	0.2036480801605348
7302.02	-0.04100917983946504
7303.69	0.05062492016053484
7305.36	0.03916569016053484
7307.02	0.2641752501605348
7308.69	0.11380002016053489
7310.36	0.18629882016053478
7312.03	-0.09289507983946521
7313.7	-0.09006927983946511
7315.36	-0.31458756983946523
7317.03	-0.16251690983946512
7318.7	-0.2178678298394651
7320.37	-0.016543321839465098
7322.04	-0.1785810798394653
7323.7	-0.16571767983946514
7325.37	-0.38787487983946517
7327.04	-0.3589507798394651
7328.71	-0.6178934798394651
7330.38	-0.48027127983946505
7332.04	-0.5481292798394651
7333.71	-0.3776632898394651
7335.38	-0.43990905983946516
7337.05	-0.2378909398394653
7338.71	-0.24933078783946533
7340.38	0.10483522016053479
7342.05	0.08147372016053478
7343.72	0.2902205901605348
7345.39	0.2671906201605349
7347.05	0.3998920201605348
7348.72	0.23893152016053487
7350.39	0.4578808201605348
7352.06	0.2807129701605349
7353.73	0.2712706201605347
7355.39	-0.09328337983946504
7357.06	-0.29996157983946514
7358.73	-0.6402680098394653
7360.4	-0.5096401798394651
7362.07	-0.4687653898394649
7363.73	-0.09915447983946528
7365.4	-0.0298618798394652
7367.07	0.19724412016053489
7368.74	0.1715306801605349
7370.4	0.43370056016053493
7372.07	0.4543177301605349
7373.74	0.7242779201605347
7375.41	0.7060383201605349
7377.08	0.7963150201605348
7378.74	0.46963642016053475
7380.41	0.4356152201605349
7382.08	0.21760242016053483
7383.75	0.3960832201605349
7385.42	0.1968898456605349
7387.08	0.2995612201605349
7388.75	0.0008079201605348807
7390.42	-0.03771067983946517
7392.09	-0.3315076798394652
7393.76	-0.23591277983946507
7395.42	-0.37192207983946524
7397.09	-0.08134477983946517
7398.76	-0.301747079839465
7400.43	-0.19440259983946523
7402.09	-0.3622808798394651
7403.76	-0.25038567983946525
7405.43	-0.3393346798394652
7407.1	-0.06788167983946516
7408.77	-0.23327617983946514
7410.43	-0.03614377983946513
7412.1	-0.2766776198394652
7413.77	-0.18192588983946528
7415.44	-0.2713514398394651
7417.11	-0.0331500262394651
7418.77	-0.05641107983946521
7420.44	0.20101980016053483
7422.11	0.01943792016053485
7423.78	0.15040162016053493
7425.45	-0.03954227983946508
7427.11	0.11311692016053483
7428.78	0.08893362016053481
7430.45	0.28344104016053484
7432.12	0.13626630316053476
7433.78	0.20909681016053477
7435.45	0.06033012016053483
7437.12	0.2061209201605348
7438.79	0.13437652016053486
7440.46	0.2825673201605349
7442.12	0.19981272016053492
7443.79	0.3915048201605348
7445.46	0.38659512016053477
7447.13	0.6689233201605348
7448.8	0.6864272201605348
7450.46	0.749176620160535
7452.13	0.3730119201605348
7453.8	0.24157442016053485
7455.47	-0.09244856983946521
7457.14	0.027892320160534823
7458.8	0.09533658016053485
7460.47	0.5227874201605347
7462.14	0.5572097301605348
7463.81	0.823340120160535
7465.47	0.5116636201605348
7467.14	0.42976692016053486
7468.81	-0.04834883983946518
7470.48	-0.16110107983946514
7472.15	-0.4030064798394653
7473.81	-0.21092867983946517
7475.48	-0.24760187983946516
7477.15	0.06883792016053474
7478.82	0.07882657016053489
7480.49	0.2359309001605348
7482.15	0.020464120160534983
7483.82	-0.015520859839465117
7485.49	-0.24775317983946515
7487.16	-0.23219807983946517
7488.82	-0.4016484798394651
7490.49	-0.22616954983946513
7492.16	-0.17794847983946518
7493.83	0.03441325016053467
7495.5	0.0010115201605347401
7497.16	0.07935762016053478
7498.83	-0.13209767983946524
7500.5	-0.046843179839465156
7502.17	-0.3235570798394651
7503.84	-0.2635707798394651
7505.5	-0.4887150498394652
7507.17	-0.3942843998394651
7508.84	-0.5570704798394652
7510.51	-0.3730304798394653
7512.18	-0.4507069368394651
7513.84	-0.17287070983946523
7515.51	-0.24803417983946524
7517.18	-0.03020487983946506
7518.85	-0.1851134798394652
7520.51	-0.07290937983946513
7522.18	-0.3127465798394652
7523.85	-0.17816031983946512
7525.52	-0.31573627983946506
7527.19	0.02091032016053478
7528.85	0.05663482016053485
7530.52	0.3361415201605348
7532.19	0.2489479201605349
7533.86	0.47369466016053485
7535.53	0.39160890916053487
7537.19	0.7082326201605349
7538.86	0.6973706401605348
7540.53	0.9535053201605349
7542.2	0.7110241701605349
7543.87	0.6204883201605347
7545.53	0.20778462016053495
7547.2	0.15460312016053476
7548.87	-0.08942134083946522
7550.54	0.005513020160534743
7552.2	-0.13092237983946514
7553.87	0.09313632016053482
7555.54	0.06746932016053486
7557.21	0.3103693201605348
7558.88	0.28182912016053485
7560.54	0.45088652016053477
7562.21	0.28604282016053484
7563.88	0.37344297016053485
7565.55	0.1719451201605348
7567.22	0.11211882016053473
7568.88	-0.17486787983946517
7570.55	-0.27179757983946506
7572.22	-0.5155380798394651
7573.89	-0.3974667798394652
7575.56	-0.4344476798394652
7577.22	-0.18048607983946524
7578.89	-0.1432425508394651
7580.56	0.09948222016053498
7582.23	0.07610522016053492
7583.89	0.2899996201605349
7585.56	0.22078612016053495
7587.23	0.3636461301605347
7588.9	0.2364284201605349
7590.57	0.3080675201605348
7592.23	0.12718582016053484
7593.9	0.16747182016053475
7595.57	-0.08808897983946506
7597.24	-0.0079196998394651
7598.91	-0.17176867983946523
7600.57	-0.004702379839465198
7602.24	-0.17037757983946528
7603.91	-0.12205187983946511
7605.58	-0.22358377983946517
7607.25	-0.08847137983946514
7608.91	-0.1275202798394651
7610.58	0.16487082016053478
7612.25	0.1343247201605347
7613.92	0.2907576201605348
7615.58	0.0788942201605349
7617.25	0.15185792016053484
7618.92	0.05930262016053493
7620.59	0.32335712016053486
7622.26	0.34187692016053484
7623.92	0.4999009201605348
7625.59	0.33757812016053484
7627.26	0.3800601201605348
7628.93	0.04664692016053472
7630.6	0.044712820160534836
7632.26	-0.13124987983946518
7633.93	-0.047629479839465194
7635.6	-0.07341667983946518
7637.27	0.1643208201605348
7638.94	0.1759769201605347
7640.6	0.5562688201605349
7642.27	0.48580742016053485
7643.94	0.4898191501605349
7645.61	0.1105299201605348
7647.27	-0.15345347983946525
7648.94	-0.42866083983946535
7650.61	-0.2119087798394652
7652.28	-0.09548878983946514
7653.95	0.41688812016053484
7655.61	0.4799629201605349
7657.28	0.5661870801605348
7658.95	0.2778973201605349
7660.62	0.2924643151605348
7662.29	0.2319282501605348
7663.95	0.4844062601605349
7665.62	0.5672206901605349
7667.29	0.7152862201605348
7668.96	0.5354930601605348
7670.62	0.5301341001605346
7672.29	0.20508312016053476
7673.96	0.21213772016053484
7675.63	0.09555962016053489
7677.3	0.20122542016053474
7678.96	0.20298994016053484
7680.63	0.5331900201605348
7682.3	0.5893092201605348
7683.97	0.721612120160535
7685.64	0.580899370160535
7687.3	0.4668428201605348
7688.97	0.10076822016053484
7690.64	0.10920648016053484
7692.31	-0.12641322983946504
7693.98	0.18111242016053483
7695.64	0.2917520201605349
7697.31	0.5722271201605349
7698.98	0.5615396201605348
7700.65	0.5969425201605348
7702.31	0.3328571201605349
7703.98	0.2220742201605348
7705.65	-0.2171477798394652
7707.32	-0.31238747983946513
7708.99	-0.602507319839465
7710.65	-0.5039747798394651
7712.32	-0.4592187798394652
7713.99	-0.14694867983946522
7715.66	0.1118721501605349
7717.33	0.4571158701605347
7718.99	0.5047534201605349
7720.66	0.5126111201605348
7722.33	0.21384964616053487
7724.0	0.0050217201605348375
7725.67	-0.37737187983946513
7727.33	-0.4624162798394652
7729.0	-0.6900256798394653
7730.67	-0.5261265798394652
7732.34	-0.38370147983946506
7734.0	-0.0060944798394650945
7735.67	0.12329292016053475
7737.34	0.35697127016053487
7739.01	0.3043254201605349
7740.68	0.4324305501605349
7742.34	0.16646655016053472
7744.01	0.26706772016053476
7745.68	0.21909372016053483
7747.35	0.414931510160535
7749.02	0.25285542016053497
7750.68	0.25115382016053484
7752.35	0.058554820160534725
7754.02	0.09526849016053492
7755.69	-0.1019600398394652
7757.36	0.1518470201605348
7759.02	0.21640152016053488
7760.69	0.4657130201605348
7762.36	0.19547602016053484
7764.03	0.0737472201605349
7765.69	-0.4679051798394651
7767.36	-0.6949671798394654
7769.03	-1.174877979839465
7770.7	-1.2064758098394652
7772.37	-1.2688020598394651
7774.03	-0.7926562798394652
7775.7	-0.5143277798394651
7777.37	0.06693824016053473
7779.04	0.13997122016053465
7780.71	0.3683417201605349
7782.37	0.25893797016053494
7784.04	0.419059220160535
7785.71	0.33138963016053485
7787.38	0.6091177201605348
7789.05	0.5772395501605347
7790.71	0.659195320160535
7792.38	0.3571124201605348
7794.05	0.3104532201605349
7795.72	-0.05003937983946516
7797.38	-0.10586630983946517
7799.05	-0.3919496798394652
7800.72	-0.3191788498394651
7802.39	-0.43258957983946517
7804.06	-0.23601416983946502
7805.72	-0.4165397798394651
7807.39	-0.2914798798394651
7809.06	-0.5579671798394651
7810.73	-0.42191577983946527
7812.4	-0.3675333498394652
7814.06	0.07456032016053485
7815.73	0.23084422016053488
7817.4	0.7139063201605349
7819.07	0.6593407201605348
7820.73	0.7711750201605347
7822.4	0.5152142301605347
7824.07	0.4797061901605346
7825.74	0.14908622016053483
7827.41	0.12346042016053475
7829.07	-0.24287987983946505
7830.74	-0.14999097983946505
7832.41	-0.4011242798394653
7834.08	-0.3056019798394652
7835.75	-0.3578469498394652
7837.41	-0.030509759839465155
7839.08	0.016374020160534887
7840.75	0.2288728101605349
7842.42	0.18764342016053479
7844.09	0.413059420160535
7845.75	0.21782532016053485
7847.42	0.38299701016053495
7849.09	0.3300965201605347
7850.76	0.5354681701605348
7852.42	0.4559048201605349
7854.09	0.5320032401605349
7855.76	0.3784734001605348
7857.43	0.5396880601605348
7859.1	0.2704606401605347
7860.76	0.1295281801605348
7862.43	-0.22912121983946515
7864.1	-0.2536467708394652
7865.77	-0.48258927983946504
7867.44	-0.1582850698394651
7869.1	-0.12531337983946508
7870.77	0.1480218001605349
7872.44	0.08603052016053485
7874.11	0.12020085016053483
7875.78	-0.02597339983946525
7877.44	0.1850025201605348
7879.11	0.0004864201605348617
7880.78	0.08529382916053478
7882.45	-0.24991057983946527
7884.11	-0.45365637983946516
7885.78	-0.7633070798394652
7887.45	-0.7602550798394654
7889.12	-0.785797779839465
7890.79	-0.5283859798394652
7892.45	-0.3959566038394652
7894.12	-0.016548079839465223
7895.79	-0.016186179839465086
7897.46	0.29002839016053483
7899.13	0.26229092016053485
7900.79	0.4284242001605348
7902.46	0.3600687201605349
7904.13	0.4338602801605349
7905.8	0.15005382016053476
7907.47	0.18380648016053486
7909.13	-0.17416607983946514
7910.8	-0.1535426798394651
7912.47	-0.36152054983946497
7914.14	-0.22615403983946517
7915.8	-0.39545784283946517
7917.47	-0.19448377983946513
7919.14	-0.48557577983946515
7920.81	-0.4312506398394652
7922.48	-0.46559687983946524
7924.14	-0.3549554798394652
7925.81	-0.38546157983946516
7927.48	-0.07676977983946517
7929.15	-0.1659554798394652
7930.82	0.09316342016053493
7932.48	-0.07347427983946511
7934.15	0.06436042016053481
7935.82	0.04827715416053482
7937.49	0.17697769016053486
7939.16	-0.035442519839465184
7940.82	0.09837677016053484
7942.49	-0.05741419783946515
7944.16	0.1462282201605348
7945.83	0.04450104016053482
7947.49	0.2526828201605349
7949.16	0.11949852016053479
7950.83	0.24119512016053496
7952.5	-0.006012979839465205
7954.17	0.008038820160534744
7955.83	-0.12633646983946528
7957.5	0.02581482016053486
7959.17	-0.02822827983946512
7960.84	0.18190497116053472
7962.51	0.07772412016053484
7964.17	0.15860692016053476
7965.84	-0.25999047983946505
7967.51	-0.4655687798394651
7969.18	-0.8128815798394653
7970.85	-0.8509851798394651
7972.51	-0.8870309798394651
7974.18	-0.4250101798394651
7975.85	-0.25540917983946515
7977.52	0.2402460201605348
7979.18	0.18896502016053487
7980.85	0.29062642016053486
7982.52	0.10010992016053484
7984.19	0.09102916016053482
7985.86	-0.07454154983946518
7987.52	0.29934917016053497
7989.19	0.3455423201605348
7990.86	0.610232770160535
7992.53	0.4440458901605348
7994.2	0.39688732016053485
7995.86	0.09380463016053475
7997.53	0.11336315016053478
7999.2	0.05618462016053476
8000.87	0.41375094016053493
8002.53	0.4759603601605349
8004.2	0.4958973201605348
8005.87	0.10398992016053477
8007.54	-0.2249181798394651
8009.21	-0.6836741638394651
8010.87	-0.6148826798394652
8012.54	-0.595205079839465
8014.21	-0.12005087983946527
8015.88	0.17371892016053492
8017.55	0.5729710201605348
8019.21	0.6261873201605346
8020.88	0.8567985101605349
8022.55	0.6684184201605348
8024.22	0.7517138201605349
8025.89	0.3907859101605349
8027.55	0.3447199201605349
8029.22	0.0743901201605349
8030.89	0.2737853201605348
8032.56	0.20839766016053476
8034.22	0.580291920160535
8035.89	0.6066020201605349
8037.56	0.8449489201605349
8039.23	0.6764836001605348
8040.9	0.7048599201605348
8042.56	0.4017960201605349
8044.23	0.5056769201605349
8045.9	0.3024642201605349
8047.57	0.38634205016053486
8049.24	0.1721321201605348
8050.9	0.2153494201605349
8052.57	-0.06701177983946534
8054.24	-0.08543317983946519
8055.91	-0.20129667983946514
8057.58	-0.03712807983946522
8059.24	-0.11419707983946506
8060.91	0.03165769016053473
8062.58	-0.1806275198394652
8064.25	-0.1240924798394651
8065.91	-0.4086150798394651
8067.58	-0.5306362798394653
8069.25	-0.7603042798394652
8070.92	-0.5997924798394652
8072.59	-0.5518658798394651
8074.25	-0.18155867983946525
8075.92	-0.13280947983946506
8077.59	0.007128720160534785
8079.26	-0.38972377983946516
8080.93	-0.4992395798394652
8082.59	-0.7603014998394653
8084.26	-0.6052915798394652
8085.93	-0.530321379839465
8087.6	-0.18127047983946504
8089.27	-0.16677275983946513
8090.93	0.14528612016053477
8092.6	0.047851920160534876
8094.27	0.26584692016053485
8095.94	0.20255232016053468
8097.6	0.3325564905605349
8099.27	0.11675482016053496
8100.94	0.1663676201605349
8102.61	0.07648092016053495
8104.28	0.27263591016053484
8105.94	0.05846342016053496
8107.61	0.16583556016053494
8109.28	-0.013463979839465257
8110.95	0.13814962016053478
8112.62	0.16106232016053484
8114.28	0.5375438201605348
8115.95	0.6161988001605347
8117.62	0.870668220160535
8119.29	0.5324803201605348
8120.96	0.44557002016053476
8122.62	0.19678782016053473
8124.29	0.2729419701605349
8125.96	0.16182922016053475
8127.63	0.4116241201605349
8129.29	0.27024182016053483
8130.96	0.4051936201605348
8132.63	0.1652782201605348
8134.3	0.1474747201605348
8135.97	-0.05467647983946522
8137.63	-0.011483479839465205
8139.3	-0.0018952798394651139
8140.97	0.19796372016053496
8142.64	0.1297781101605348
8144.31	0.3213982401605348
8145.97	0.24859142016053495
8147.64	0.4994983201605348
8149.31	0.5967130801605347
8150.98	0.8419433201605349
8152.65	0.9219347201605348
8154.31	0.996242720160535
8155.98	0.5889110201605348
8157.65	0.40197118016053485
8159.32	0.02558982016053495
8160.98	-0.03688247983946513
8162.65	-0.19857797983946512
8164.32	-0.05994997983946502
8165.99	-0.08140857983946512
8167.66	0.17991875016053477
8169.32	0.15908020016053487
8170.99	0.32247612016053484
8172.66	0.25365062016053475
8174.33	0.3613617201605348
8176.0	0.27834451016053485
8177.66	0.49061940416053484
8179.33	0.49066499016053483
8181.0	0.5700366901605347
8182.67	0.35883222016053484
8184.33	0.3384874201605349
8186.0	0.11149750016053481
8187.67	0.31370089016053476
8189.34	0.34126402016053475
8191.01	0.6253524201605348
8192.67	0.6379559201605348
8194.34	0.6978294201605347
8196.01	0.43061203016053495
8197.68	0.49693892016053487
8199.35	0.2819177201605348
8201.01	0.44288712016053483
8202.68	0.20910602016053476
8204.35	0.08797146016053484
8206.02	-0.29062807983946504
8207.69	-0.4083228998394651
8209.35	-0.7906733798394653
8211.02	-0.7205932798394652
8212.69	-0.7073053098394653
8214.36	-0.28222287983946515
8216.02	-0.014473879839465109
8217.69	0.4356721201605348
8219.36	0.7085623201605349
8221.03	0.9531552201605349
8222.7	0.8051322201605349
8224.36	0.676992320160535
8226.03	0.1633833201605349
8227.7	0.07583222016053484
8229.37	-0.14273177983946522
8231.04	0.02616768016053479
8232.7	0.1707854201605348
8234.37	0.38106752016053497
8236.04	0.26622192016053486
8237.71	0.28338912016053497
8239.38	0.006041320160534869
8241.04	0.07501402016053489
8242.71	-0.14833527983946518
8244.38	-0.04034457983946527
8246.05	-0.21949707983946518
8247.71	-0.12864007983946507
8249.38	-0.11276607983946522
8251.05	0.016036320160534866
8252.72	-0.061558979839465164
8254.39	0.07716172016053487
8256.05	-0.10514277983946518
8257.72	0.08227152016053481
8259.39	0.11454902016053477
8261.06	0.43967065016053475
8262.73	0.5342146601605349
8264.39	0.6675508201605348
8266.06	0.35444670016053476
8267.73	0.3478205401605349
8269.4	0.03233734016053491
8271.07	0.08306462016053492
8272.73	-0.03559973983946518
8274.4	0.14162669016053475
8276.07	0.0038717201605347196
8277.74	0.02389952016053476
8279.4	-0.25087747983946534
8281.07	-0.06018899983946522
8282.74	-0.13084287983946513
8284.41	0.1276886201605348
8286.08	0.12740115016053483
8287.74	0.4404696201605348
8289.41	0.38559288016053495
8291.08	0.5143520201605349
8292.75	0.30663990016053483
8294.42	0.24933482016053476
8296.08	-0.09497773983946511
8297.75	-0.10701647983946523
8299.42	-0.3109885798394651
8301.09	-0.14328062983946502
8302.76	-0.1823276798394652
8304.42	-0.04283247983946514
8306.09	-0.20671387983946507
8307.76	-0.13578614983946524
8309.43	-0.4268405798394652
8311.09	-0.3047372798394653
8312.76	-0.4141138798394651
8314.43	-0.23557207983946532
8316.1	-0.10617187983946508
8317.77	0.22988222016053478
8319.43	0.2604244461605346
8321.1	0.47947972016053486
8322.77	0.26317630016053484
8324.44	0.35135032016053475
8326.11	0.0728693601605348
8327.77	0.043685420160534935
8329.44	-0.09765197983946527
8331.11	-0.03660427983946522
8332.78	-0.21690257983946504
8334.45	-0.08470449783946514
8336.11	-0.2665266798394652
8337.78	-0.10631487983946512
8339.45	-0.22950457983946534
8341.12	-0.03507537983946511
8342.78	-0.09341157983946524
8344.45	0.1980346201605348
8346.12	0.1660680201605348
8347.79	0.42877812016053474
8349.46	0.3190636201605349
8351.12	0.3860549201605349
8352.79	0.11249705016053488
8354.46	0.03147362016053486
8356.13	-0.2952259798394651
8357.8	-0.16887778983946503
8359.46	-0.26973157983946505
8361.13	-0.1672092698394652
8362.8	-0.474763549839465
8364.47	-0.6257715798394652
8366.13	-0.892654879839465
8367.8	-0.8612276798394651
8369.47	-0.848163179839465
8371.14	-0.3498223798394652
8372.81	-0.17271407983946513
8374.47	0.18158748016053475
8376.14	0.1657498201605348
8377.81	0.3603914001605349
8379.48	0.30237914016053496
8381.15	0.47844501016053476
8382.81	0.4477939201605349
8384.48	0.6230114201605348
8386.15	0.44729036016053475
8387.82	0.38647034116053475
8389.49	-0.047628949839465175
8391.15	-0.15073347983946528
8392.82	-0.425813479839465
8394.49	-0.3343133798394652
8396.16	-0.25669097983946515
8397.82	0.11538702016053475
8399.49	0.07376812016053477
8401.16	0.2502711201605349
8402.83	0.1400884201605348
8404.5	0.22201954016053488
8406.16	0.1714296001605347
8407.83	0.29162692016053493
8409.5	0.0068573201605349075
8411.17	0.08625272016053484
8412.84	-0.23326847983946522
8414.5	-0.26745887983946515
8416.17	-0.3290081798394652
8417.84	-0.12498317983946512
8419.51	0.028061620160534862
8421.18	0.1878821201605348
8422.84	-0.08054327983946515
8424.51	-0.23456713983946526
8426.18	-0.5073249928394652
8427.85	-0.41432497983946526
8429.51	-0.37976617983946515
8431.18	-0.0542394798394652
8432.85	0.15953204016053477
8434.52	0.2979435201605347
8436.19	0.19209752016053486
8437.85	0.1238796201605347
8439.52	-0.09669187983946506
8441.19	0.11715953016053486
8442.86	0.02563862016053493
8444.53	0.23251182016053482
8446.19	0.20785662016053483
8447.86	0.4700959201605349
8449.53	0.44418424016053476
8451.2	0.5562668201605349
8452.87	0.36189122016053477
8454.53	0.39458862016053475
8456.2	0.22547303016053472
8457.87	0.32110302016053477
8459.54	0.12468352016053492
8461.2	0.3280063201605349
8462.87	0.13058472016053485
8464.54	0.23725982016053487
8466.21	0.06136952016053483
8467.88	0.014116920160534896
8469.54	-0.33269947983946524
8471.21	-0.5080192798394652
8472.88	-0.8817566598394653
8474.55	-0.7955304798394651
8476.22	-0.9222718798394652
8477.88	-0.45780307983946517
8479.55	-0.24552517983946495
8481.22	0.24980017016053485
8482.89	0.39739722016053486
8484.56	0.6649815201605348
8486.22	0.6400871201605348
8487.89	0.829472720160535
8489.56	0.7284173201605348
8491.23	0.9893622201605348
8492.89	1.0133548201605347
8494.56	1.229967620160535
8496.23	0.8998820201605348
8497.9	0.8047663201605347
8499.57	0.484989920160535
8501.23	0.5348027201605349
8502.9	0.5101536201605349
8504.57	0.801880930160535
8506.24	0.8037837201605349
8507.91	0.8782062201605347
8509.57	0.5769338201605347
8511.24	0.5100159201605349
8512.91	0.20678242016053475
8514.58	0.1715460901605348
8516.25	-0.23001727983946513
8517.91	-0.2543559198394651
8519.58	-0.3617409698394652
8521.25	-0.22517632983946517
8522.92	-0.08955987983946515
8524.58	0.37607407016053473
8526.25	0.48359702016053474
8527.92	0.7850640201605349
8529.59	0.5772733201605348
8531.26	0.6449267201605349
8532.92	0.5142607201605349
8534.59	0.5268760501605347
8536.26	0.4060603601605348
8537.93	0.6433642201605348
8539.6	0.5836494201605349
8541.26	0.7379969201605349
8542.93	0.45944525216053494
8544.6	0.3849955201605348
8546.27	0.12866762016053485
8547.93	0.043958220160534814
8549.6	-0.18407577983946508
8551.27	-0.06245957983946519
8552.94	-0.15627141983946533
8554.61	-0.09953697983946522
8556.27	-0.37147227983946507
8557.94	-0.3525383798394651
8559.61	-0.6285328798394652
8561.28	-0.6029321798394653
8562.95	-0.557978239839465
8564.61	-0.2282706798394652
8566.28	0.058363820160534804
8567.95	0.4407997201605348
8569.62	0.4630702201605349
8571.29	0.7048931201605348
8572.95	0.5360616201605348
8574.62	0.5512870201605349
8576.29	0.47230942016053473
8577.96	0.5614271201605349
8579.62	0.45892132016053466
8581.29	0.47238212016053477
8582.96	0.2372813201605349
8584.63	0.27378947216053495
8586.3	0.05129412016053485
8587.96	0.14739165016053493
8589.63	0.029600820160534846
8591.3	0.21053452016053487
8592.97	0.2116588201605349
8594.64	0.5987129601605349
8596.3	0.8364126201605349
8597.97	1.1355354201605345
8599.64	1.0360837201605348
8601.31	0.9862347201605347
8602.98	0.4844973201605347
8604.64	0.44461447016053485
8606.31	0.22518789016053492
8607.98	0.46106462016053484
8609.65	0.5264287201605349
8611.31	0.5077324291605347
8612.98	0.12832322016053493
8614.65	-0.07396007983946502
8616.32	-0.46100563983946524
8617.99	-0.42018676983946524
8619.65	-0.5595205798394651
8621.32	-0.31481107983946527
8622.99	-0.4004061798394652
8624.66	-0.20580637983946523
8626.33	-0.1831792798394652
8627.99	0.020118500160534757
8629.66	0.049285320160534954
8631.33	0.19892792016053487
8633.0	0.01956132016053478
8634.67	0.08150742016053489
8636.33	-0.22843147983946518
8638.0	-0.1004725798394652
8639.67	-0.13180667983946523
8641.34	0.24592112016053486
8643.0	0.4190282201605349
8644.67	0.670363220160535
8646.34	0.6559710801605348
8648.01	0.7205122201605348
8649.68	0.42169752016053474
8651.34	0.5487857201605347
8653.01	0.420955220160535
8654.68	0.5562942801605348
8656.35	0.4875220801605348
8658.02	0.5229690201605347
8659.68	0.5155516201605349
8661.35	0.717398720160535
8663.02	0.6652262901605348
8664.69	0.8594486201605349
8666.36	0.6997775501605349
8668.02	0.608821020160535
8669.69	0.20657852016053474
8671.36	0.04636896016053478
8673.03	-0.23926107983946512
8674.69	-0.2831749798394651
8676.36	-0.43874926983946533
8678.03	-0.2235158798394651
8679.7	-0.24946297983946505
8681.37	0.19650197016053497
8683.03	0.24830992016053482
8684.7	0.5768278501605348
8686.37	0.5546683201605348
8688.04	0.6819235201605347
8689.71	0.5045607401605349
8691.37	0.6746096801605349
8693.04	0.36583832016053475
8694.71	0.4358066501605348
8696.38	0.19294602016053491
8698.04	0.24210692016053487
8699.71	-0.017091379839465314
8701.38	0.09815837016053477
8703.05	0.049107620160534896
8704.72	0.35394952016053477
8706.38	0.41269692016053483
8708.05	0.7013887301605347
8709.72	0.6773682201605348
8711.39	0.8487421801605348
8713.06	0.6092487201605349
8714.72	0.5867833201605348
8716.39	0.3124577201605348
8718.06	0.2841141201605348
8719.73	0.03934086016053473
8721.4	0.03876032016053486
8723.06	-0.14081033983946512
8724.73	0.014944150160534742
8726.4	-0.12596739983946517
8728.07	0.12107482016053465
8729.73	0.041072450160534846
8731.4	0.1302141501605349
8733.07	0.026805120160534913
8734.74	0.2369273201605348
8736.41	0.17166762016053486
8738.07	0.45439564016053496
8739.74	0.31617482016053494
8741.41	0.3804260101605349
8743.08	0.1869632301605348
8744.75	0.19802262016053476
8746.41	-0.005957679839465202
8748.08	0.12285382016053485
8749.75	0.12759692016053487
8751.42	0.3751548701605347
8753.09	0.28270922016053496
8754.75	0.33939342016053475
8756.42	0.14990522016053492
8758.09	0.15744469016053494
8759.76	-0.12910636983946513
8761.42	-0.15469677983946512
8763.09	-0.4200543898394652
8764.76	-0.29172927983946517
8766.43	-0.27722827983946524
8768.1	0.07668877016053491
8769.76	0.23403062016053494
8771.43	0.5843426201605348
8773.1	0.4982143201605348
8774.77	0.5132917011605348
8776.44	0.1373389201605349
8778.1	0.062245020160534834
8779.77	-0.11330637983946516
8781.44	0.1627576201605348
8783.11	0.11558522016053478
8784.78	0.3327422201605348
8786.44	0.3398426201605349
8788.11	0.25093676316053476
8789.78	-0.1553157498394652
8791.45	-0.2916573798394652
8793.11	-0.6421237798394651
8794.78	-0.39826097983946507
8796.45	-0.3071990798394652
8798.12	0.07269112016053492
8799.79	0.19549382016053482
8801.45	0.23827572016053478
8803.12	-0.05313241983946524
8804.79	0.07254712016053481
8806.46	-0.06455877983946526
8808.13	0.24640072016053488
8809.79	0.33395726016053484
8811.46	0.5075862641605349
8813.13	0.3093346201605348
8814.8	0.3018993201605349
8816.47	0.021918620160534984
8818.13	0.05200522016053486
8819.8	-0.16652575983946516
8821.47	-0.0858064798394651
8823.14	-0.2609635898394651
8824.8	-0.1265434298394653
8826.47	-0.3130747798394652
8828.14	-0.19467997983946522
8829.81	-0.4028049798394651
8831.48	-0.35673877983946517
8833.14	-0.4927942798394652
8834.81	-0.3027635798394651
8836.48	-0.35293677983946514
8838.15	0.057571520160534816
8839.82	0.13222172016053485
8841.48	0.4119492201605349
8843.15	0.3435429201605348
8844.82	0.44518562016053476
8846.49	0.37911917016053487
8848.16	0.5103724201605349
8849.82	0.2851869201605348
8851.49	0.4505367201605349
8853.16	0.25795872016053484
8854.83	0.21022532016053472
8856.49	0.0035921201605349506
8858.16	0.09271593016053488
8859.83	0.003363020160534891
8861.5	0.2536342301605349
8863.17	0.11560982016053475
8864.83	0.22255042016053483
8866.5	0.028636920160534853
8868.17	0.15804942016053486
8869.84	0.017600020160534746
8871.51	0.22752402016053477
8873.17	-0.03832241983946525
8874.84	-0.015636779839464987
8876.51	-0.28101317983946517
8878.18	-0.23959197983946517
8879.84	-0.25773961983946503
8881.51	0.3079132201605349
8883.18	0.39063942016053477
8884.85	0.5834622201605347
8886.52	0.21297732016053486
8888.18	0.00872652016053479
8889.85	-0.2565934798394651
8891.52	-0.30055877983946516
8893.19	-0.4729779998394651
8894.86	-0.2102743498394652
8896.52	-0.4285904798394652
8898.19	-0.46699009983946516
8899.86	-0.6954690798394652
8901.53	-0.612398079839465
8903.2	-0.5458220798394652
8904.86	-0.3013396798394652
8906.53	-0.4325923798394652
8908.2	-0.24585447983946515
8909.87	-0.5546494798394651
8911.53	-0.5305385798394651
8913.2	-0.48519347983946515
8914.87	-0.20996456983946507
8916.54	-0.02488307983946516
8918.21	0.2892954201605348
8919.87	0.18340462016053474
8921.54	0.38685040016053485
8923.21	0.21345712016053492
8924.88	0.4245065001605349
8926.55	0.5516404101605349
8928.21	0.7561310201605349
8929.88	0.6497605201605349
8931.55	0.676951220160535
8933.22	0.41948592016053465
8934.89	0.27991982016053496
8936.55	-0.05041497983946499
8938.22	-0.05970893683946512
8939.89	-0.1296699798394651
8941.56	0.22086513016053475
8943.22	0.3912023201605349
8944.89	0.6731553401605346
8946.56	0.7981370201605349
8948.23	0.830333220160535
8949.9	0.6373395201605347
8951.56	0.6494465201605347
8953.23	0.3730999401605349
8954.9	0.28028317016053483
8956.57	0.06773672016053478
8958.24	-0.1280369798394651
8959.9	-0.4173898798394651
8961.57	-0.30754138983946505
8963.24	-0.35180347983946525
8964.91	0.10387292016053484
8966.58	0.2894384201605349
8968.24	0.6881871801605349
8969.91	0.6666294201605347
8971.58	0.6798019901605348
8973.25	0.2817699201605349
8974.91	0.13023391016053476
8976.58	-0.2565633798394651
8978.25	-0.3332397798394651
8979.92	-0.44538477983946534
8981.59	-0.1293472598394651
8983.25	-0.13918857983946506
8984.92	0.10503692016053479
8986.59	0.080959120160535
8988.26	0.16983382016053494
8989.93	0.0372009301605347
8991.59	0.08386749016053485
8993.26	-0.11420187983946506
8994.93	0.14273218016053477
8996.6	-0.025333779839465276
8998.27	0.18669338016053483
8999.93	0.17808882016053484
9001.6	0.41264302016053483
9003.27	0.31607669016053486
9004.94	0.5099496201605349
9006.6	0.19020027016053476
9008.27	0.30956512016053483
9009.94	0.054220420160534834
9011.61	0.36149492016053475
9013.28	0.47054752016053475
9014.94	0.9394602201605349
9016.61	1.302222430160535
9018.28	1.7651847201605348
9019.95	1.5559837201605349
9021.62	1.388567120160535
9023.28	0.708656420160535
9024.95	0.43392189016053473
9026.62	0.24470502016053475
9028.29	0.32958392016053495
9029.96	0.4062441201605349
9031.62	0.6532628201605349
9033.29	0.4346442201605349
9034.96	0.4229117601605349
9036.63	0.24367852016053476
9038.29	0.2846130201605347
9039.96	0.1167624201605348
9041.63	0.04407982016053489
9043.3	-0.41396107983946495
9044.97	-0.4482110798394651
9046.63	-0.5620150798394652
9048.3	-0.4174556798394651
9049.97	-0.1823430798394651
9051.64	0.3248340761605349
9053.31	0.4789014301605349
9054.97	0.8671709201605348
9056.64	0.8679313201605348
9058.31	1.1482459801605347
9059.98	1.150202920160535
9061.64	1.1750667701605346
9063.31	0.9180446201605349
9064.98	0.9664568201605348
9066.65	0.6562025201605348
9068.32	0.5909622201605349
9069.98	0.28825392016053486
9071.65	0.2719507201605348
9073.32	0.12720635016053466
9074.99	0.40170795016053484
9076.66	0.3229162201605349
9078.32	0.7047439401605348
9079.99	0.5977649201605348
9081.66	0.6380002201605348
9083.33	0.32331827016053494
9085.0	0.25160972016053484
9086.66	-0.1320596798394651
9088.33	-0.0557298798394652
9090.0	-0.24116114983946516
9091.67	-0.11836243983946523
9093.33	-0.25941797983946524
9095.0	-0.07890017983946533
9096.67	0.04335512016053489
9098.34	0.32465932016053484
9100.01	0.27890872016053486
9101.67	0.38523822016053477
9103.34	0.30155252016053485
9105.01	0.4498092201605348
9106.68	0.3907811201605348
9108.35	0.5529982201605349
9110.01	0.4270248801605348
9111.68	0.27353572016053485
9113.35	-0.3516502798394653
9115.02	-0.6272864498394652
9116.69	-0.9023578798394654
9118.35	-0.718672979839465
9120.02	-0.5199207798394652
9121.69	0.05663689316053473
9123.36	0.3082221201605348
9125.02	0.7085332201605348
9126.69	0.685973020160535
9128.36	0.8507886201605348
9130.03	0.5680842201605347
9131.7	0.45027902016053484
9133.36	0.07930179016053493
9135.03	-0.11558180983946512
9136.7	-0.22365407983946514
9138.37	-0.05597700983946523
9140.04	0.015506620160534857
9141.7	0.48003315016053494
9143.37	0.6530676201605348
9145.04	1.064010820160535
9146.71	0.9790920201605349
9148.38	0.8483546201605346
9150.04	0.3921570201605349
9151.71	0.037676820160534884
9153.38	-0.420443579839465
9155.05	-0.46464777983946515
9156.71	-0.5322395798394651
9158.38	-0.10624007983946511
9160.05	-0.0699092798394652
9161.72	0.1532069201605349
9163.39	0.24334992016053486
9165.05	0.459251624160535
9166.72	0.4557995201605348
9168.39	0.4993458901605347
9170.06	0.2988330041605348
9171.73	0.27630192016053484
9173.39	-0.28834417983946514
9175.06	-0.6153626198394652
9176.73	-0.9893521798394651
9178.4	-0.7873092798394652
9180.07	-0.543210799839465
9181.73	0.1840998201605349
9183.4	0.7617165601605349
9185.07	1.4178686201605348
9186.74	1.2629463201605349
9188.4	1.0621235201605348
9190.07	0.3237309201605347
9191.74	0.03951282016053477
9193.41	-0.4325327198394652
9195.08	-0.396305379839465
9196.74	-0.397755379839465
9198.41	-0.05729167983946519
9200.08	-0.15448984983946518
9201.75	-0.0007161498394652188
9203.42	-0.06390811983946518
9205.08	0.18799499016053475
9206.75	0.2987784201605348
9208.42	0.6953372201605348
9210.09	0.8608678201605351
9211.76	1.072227520160535
9213.42	0.7898319201605348
9215.09	0.5236708201605349
9216.76	0.1198415201605348
9218.43	0.2381376201605348
9220.09	0.185055020160535
9221.76	0.522849320160535
9223.43	0.6545552701605348
9225.1	0.8011433201605346
9226.77	0.6038433201605349
9228.43	0.539641820160535
9230.1	0.3254952201605349
9231.77	0.7152488301605348
9233.44	0.869056070160535
9235.11	1.4514369701605347
9236.77	1.789111280160535
9238.44	2.1327384201605346
9240.11	2.114236420160535
9241.78	1.9914410171605348
9243.44	1.4218015201605347
9245.11	1.2171277201605348
9246.78	0.7261974601605349
9248.45	0.5618075201605347
9250.12	0.2575147201605349
9251.78	0.077058320160535
9253.45	-0.17027116983946516
9255.12	-0.2522185298394653
9256.79	-0.46713395983946515
9258.46	-0.21831350983946524
9260.12	-0.3618761798394653
9261.79	-0.10686787983946514
9263.46	-0.2142562798394652
9265.13	0.0396882201605349
9266.8	0.19740072016053492
9268.46	0.4663076201605348
9270.13	0.3097268201605349
9271.8	0.49956432016053487
9273.47	0.05268242016053497
9275.13	0.21978022016053492
9276.8	-0.08510947983946524
9278.47	-0.005317179839465202
9280.14	-0.3236666798394651
9281.81	-0.36078522983946526
9283.47	-0.6570256798394652
9285.14	-0.40510886983946504
9286.81	-0.36629973983946523
9288.48	0.25119062016053484
9290.15	0.3871513201605348
9291.81	0.7909152301605349
9293.48	0.6752186751605349
9295.15	0.7453418201605347
9296.82	0.6318192201605347
9298.49	0.723646420160535
9300.15	0.5486842201605349
9301.82	0.7220699201605348
9303.49	0.7204743201605348
9305.16	0.8042671201605346
9306.82	0.681059390160535
9308.49	0.5431795001605347
9310.16	0.1482243201605348
9311.83	0.08448892016053478
9313.5	-0.4065810798394652
9315.16	-0.6017594798394651
9316.83	-0.8776667798394652
9318.5	-0.9049629798394652
9320.17	-1.081931479839465
9321.84	-0.9616257798394653
9323.5	-0.989778279839465
9325.17	-0.46314297983946523
9326.84	-0.20283087983946527
9328.51	0.35206370016053484
9330.18	0.4509045601605348
9331.84	0.7225234201605348
9333.51	0.37609434016053495
9335.18	0.20643424016053474
9336.85	-0.09066177983946506
9338.51	-0.11032877983946507
9340.18	-0.3891540798394651
9341.85	-0.5744481398394651
9343.52	-0.9709424798394652
9345.19	-0.9007469298394654
9346.85	-0.9104318698394651
9348.52	-0.5603078798394651
9350.19	-0.22292918983946527
9351.86	0.04099312016053486
9353.53	-0.12186287983946509
9355.19	-0.034377279839465216
9356.86	-0.2664499798394651
9358.53	-0.10786177983946521
9360.2	-0.17788427983946514
9361.87	-0.04990427983946506
9363.53	0.06299887316053474
9365.2	0.4007917201605348
9366.87	0.4424401201605347
9368.54	0.8267775201605347
9370.2	0.7159010201605348
9371.87	0.7636331201605348
9373.54	0.38447937016053485
9375.21	0.22665992016053488
9376.88	-0.023321879839465032
9378.54	0.041931080160534775
9380.21	0.055086020160534856
9381.88	0.26464429216053487
9383.55	0.08989609016053482
9385.22	0.06911562016053478
9386.88	-0.20683666983946516
9388.55	-0.06978427983946504
9390.22	0.06968072016053481
9391.89	0.5686387201605347
9393.56	0.9583934201605349
9395.22	1.3435100201605352
9396.89	1.110021520160535
9398.56	1.0487577201605351
9400.23	0.6151799201605348
9401.89	0.6139452401605349
9403.56	0.4792716201605348
9405.23	0.6000904201605348
9406.9	0.6952600201605346
9408.57	0.8370089201605347
9410.23	0.5706166201605347
9411.9	0.5444373201605348
9413.57	0.27179876716053486
9415.24	0.4275192201605349
9416.91	0.40821032016053493
9418.57	0.5678722201605348
9420.24	0.6542113201605348
9421.91	0.6989909201605349
9423.58	0.38180352016053487
9425.24	0.18682506016053485
9426.91	-0.1265817798394652
9428.58	-0.012340879839465035
9430.25	0.02897879016053482
9431.92	0.4316184201605348
9433.58	0.7596792201605347
9435.25	1.0813590201605348
9436.92	1.0504781201605349
9438.59	1.103365540160535
9440.26	0.9473759201605347
9441.92	0.9884919201605348
9443.59	0.9452540201605348
9445.26	0.8534048301605349
9446.93	0.5881553801605348
9448.6	0.30388244016053495
9450.26	-0.13743527983946507
9451.93	-0.15286288783946517
9453.6	-0.1755981798394651
9455.27	0.12538703016053487
9456.93	0.2893086801605348
9458.6	0.3826692101605347
9460.27	0.22879202016053474
9461.94	0.1237137201605349
9463.61	-0.08536377983946516
9465.27	0.08697572016053474
9466.94	0.17826642016053493
9468.61	0.6846925201605348
9470.28	0.9739007201605349
9471.95	1.2463085201605348
9473.61	1.193416520160535
9475.28	1.094179820160535
9476.95	0.7670756201605348
9478.62	0.6024148201605348
9480.29	0.20067402016053495
9481.95	0.19422962016053483
9483.62	0.1600001301605348
9485.29	0.20236493016053486
9486.96	0.02599392016053481
9488.62	0.018888520160534973
9490.29	-0.24170247983946513
9491.96	-0.06818567983946515
9493.63	-0.08179467983946509
9495.3	0.3272606201605349
9496.96	0.5793845201605348
9498.63	0.8036805201605348
9500.3	0.7162530201605348
9501.97	0.7991809201605348
9503.64	0.4897392201605347
9505.3	0.36947952016053476
9506.97	-0.008283479839465046
9508.64	-0.09595157983946503
9510.31	-0.2259922798394652
9511.98	0.01427772016053488
9513.64	0.010085090160534892
9515.31	0.17531282016053484
9516.98	0.08202302016053484
9518.65	0.1237447501605348
9520.31	-0.0773896798394654
9521.98	0.02568382016053481
9523.65	-0.2245960798394652
9525.32	-0.20114117983946517
9526.99	-0.6891555798394651
9528.65	-0.7346892798394651
9530.32	-0.711347329839465
9531.99	-0.34905127983946505
9533.66	-0.19047762983946512
9535.33	0.33421634016053475
9536.99	0.4619285201605349
9538.66	0.8294251201605348
9540.33	0.6412645501605347
9542.0	0.6040241201605347
9543.67	0.22863792016053486
9545.33	0.1688789201605348
9547.0	-0.14147717983946526
9548.67	-0.1026810798394651
9550.34	0.0024842201605348004
9552.0	0.3182001201605349
9553.67	0.4314048701605347
9555.34	0.7814246201605346
9557.01	0.6049485201605348
9558.68	0.5306361201605349
9560.34	0.07162342016053484
9562.01	-0.22847777983946518
9563.68	-0.45083707983946486
9565.35	-0.16929001983946507
9567.02	0.027592750160534953
9568.68	0.40396089406053487
9570.35	0.34986902016053517
9572.02	0.4403186201605349
9573.69	0.07285322016053479
9575.35	0.18112022016053472
9577.02	-0.03266497983946515
9578.69	0.17146977016053483
9580.36	0.19065332016053485
9582.03	0.4200496201605349
9583.69	0.2074698201605348
9585.36	0.28178872016053486
9587.03	-0.18916520983946516
9588.7	-0.3155137738394652
9590.37	-0.48230595983946517
9592.03	-0.25007269983946523
9593.7	-0.06313391983946515
9595.37	0.40150122016053497
9597.04	0.4775933501605348
9598.71	0.5547142601605348
9600.37	0.32213809016053496
9602.04	0.3569833201605348
9603.71	0.5527366201605347
9605.38	0.9779401201605349
9607.04	1.1564722201605349
9608.71	1.340651320160535
9610.38	1.0962261201605348
9612.05	1.029986720160535
9613.72	0.6713374201605349
9615.38	0.7271332201605347
9617.05	0.6798883201605348
9618.72	0.7343131201605348
9620.39	0.42215652016053495
9622.06	0.47693982016053493
9623.72	0.22805902016053473
9625.39	0.595400220160535
9627.06	0.614894720160535
9628.73	0.8013116201605349
9630.4	0.7394242201605349
9632.06	0.8349843201605347
9633.73	0.7012596201605348
9635.4	0.978097420160535
9637.07	0.7209018201605348
9638.73	0.696441210160535
9640.4	0.10783122016053479
9642.07	-0.18378867983946529
9643.74	-0.49299095983946506
9645.41	-0.2920901798394654
9647.07	-0.08106947983946515
9648.74	0.47932072016053484
9650.41	0.33042422016053485
9652.08	0.4081718201605349
9653.75	-0.015247319839465057
9655.41	0.04677456016053479
9657.08	-0.14232337983946525
9658.75	-0.0754557798394652
9660.42	-0.25530290983946513
9662.09	-0.10785957983946512
9663.75	-0.30261127983946506
9665.42	-0.09050664983946519
9667.09	-0.17827157983946523
9668.76	0.11210490016053476
9670.42	-0.01700730483946522
9672.09	-0.03717925583946515
9673.76	-0.19986517983946522
9675.43	-0.04199657983946512
9677.1	-0.24524817983946523
9678.76	-0.23800957983946525
9680.43	-0.6109662798394652
9682.1	-0.716731079839465
9683.77	-0.8576823798394649
9685.44	-0.5739283878394651
9687.1	-0.16712315183946513
9688.77	0.5154980201605349
9690.44	0.7221587201605348
9692.11	0.9647716201605349
9693.78	1.0044921201605348
9695.44	1.0165034201605347
9697.11	0.863767020160535
9698.78	0.7536992201605349
9700.45	0.3664509201605347
9702.11	0.1268087201605347
9703.78	-0.26956007983946517
9705.45	-0.31520647983946526
9707.12	-0.1345277798394652
9708.79	0.2071067801605349
9710.45	0.5152380201605349
9712.12	0.7870518201605348
9713.79	0.5809739201605348
9715.46	0.5523142201605349
9717.13	0.1865408201605348
9718.79	0.279012120160535
9720.46	0.26937592016053474
9722.13	0.6404018201605349
9723.8	0.9575814201605347
9725.47	1.4201384501605347
9727.13	1.3862481201605348
9728.8	1.5389535201605347
9730.47	1.2301097471605347
9732.14	1.357565720160535
9733.8	1.046296820160535
9735.47	1.097761320160535
9737.14	0.7108875201605349
9738.81	0.5627917201605348
9740.48	0.11513012016053495
9742.14	-0.12286447983946513
9743.81	-0.46680417983946504
9745.48	-0.2983644798394652
9747.15	-0.40137722983946506
9748.82	-0.025496579839465273
9750.48	0.004852720160534752
9752.15	0.3326731201605348
9753.82	0.36838992016053485
9755.49	0.3293279201605349
9757.15	-0.16399917983946524
9758.82	-0.31550357983946525
9760.49	-0.8437500798394648
9762.16	-0.8281301798394652
9763.83	-0.7745730798394652
9765.49	-0.40219197983946514
9767.16	-0.15457637983946498
9768.83	0.3422826401605348
9770.5	0.4022478201605349
9772.17	0.7643989201605349
9773.83	0.7524919201605347
9775.5	0.881133220160535
9777.17	0.7459858301605349
9778.84	0.7337374201605348
9780.51	0.3967233201605349
9782.17	0.3768005201605348
9783.84	0.053310070160534725
9785.51	0.05846892016053475
9787.18	-0.06594402983946517
9788.84	0.2205310261605348
9790.51	0.3352321201605349
9792.18	0.8114219201605348
9793.85	0.9663027201605349
9795.52	1.1290388901605348
9797.18	0.882802310160535
9798.85	0.7203351201605349
9800.52	0.11171862016053488
9802.19	0.02413626616053479
9803.86	-0.21843267583946524
9805.52	0.12372862016053476
9807.19	0.5433915201605347
9808.86	1.1153997201605348
9810.53	1.351535520160535
9812.2	1.535899920160535
9813.86	0.9739818801605349
9815.53	0.6833337101605348
9817.2	0.28185866016053474
9818.87	0.42997162016053486
9820.53	0.5728551201605349
9822.2	1.0073509201605348
9823.87	0.8700974701605348
9825.54	0.817544620160535
9827.21	0.4160049201605348
9828.87	0.32105742016053485
9830.54	0.0975565201605348
9832.21	0.37512212016053487
9833.88	0.269317920160535
9835.55	0.42890903016053494
9837.21	0.06623102016053495
9838.88	-0.04805607983946518
9840.55	-0.39815457983946523
9842.22	-0.4132400798394653
9843.89	-0.5513670798394651
9845.55	-0.21533267983946516
9847.22	0.08270692016053491
9848.89	0.5441281201605348
9850.56	0.35497362016053485
9852.22	0.2103313501605349
9853.89	-0.45651477983946515
9855.56	-0.8196876798394651
9857.23	-0.9455108798394651
9858.9	-0.5865175798394652
9860.56	-0.2746303798394651
9862.23	0.4059080801605347
9863.9	0.49968384016053485
9865.57	0.7014343101605348
9867.24	0.5238289101605349
9868.9	0.5243163701605349
9870.57	0.3424383201605349
9872.24	0.4251752201605349
9873.91	0.052479220160534856
9875.58	0.16972142016053482
9877.24	0.2124085201605348
9878.91	0.44786832016053485
9880.58	0.5180200801605348
9882.25	0.5470693901605348
9883.91	0.3224896201605349
9885.58	0.20333982016053484
9887.25	-0.20094287983946507
9888.92	-0.28600017983946513
9890.59	-0.4879741798394653
9892.25	-0.5477268798394654
9893.92	-0.7374392798394652
9895.59	-0.7273635798394652
9897.26	-0.6521480798394652
9898.93	-0.12553607983946513
9900.59	0.13984358016053483
9902.26	0.6730122201605349
9903.93	0.5699643201605349
9905.6	0.6450027201605348
9907.27	0.305146920160535
9908.93	0.28207272016053475
9910.6	0.18108202016053485
9912.27	0.7150269201605349
9913.94	0.7827496201605347
9915.6	1.250866920160535
9917.27	1.0490893201605347
9918.94	1.0690752201605347
9920.61	0.6157067201605347
9922.28	0.3685389201605349
9923.94	-0.27354727983946514
9925.61	-0.16229667983946508
9927.28	-0.5328545798394652
9928.95	-0.3927780798394651
9930.62	-0.30871287983946516
9932.28	0.08485212016053492
9933.95	0.09119072016053487
9935.62	0.2191771201605349
9937.29	-0.18909867983946516
9938.95	-0.051877779839465066
9940.62	-0.3987728798394651
9942.29	-0.31189997983946516
9943.96	-0.22113894983946505
9945.63	-0.15413136983946513
9947.29	-0.3872764798394653
9948.96	-0.5333771798394651
9950.63	-0.9061533798394652
9952.3	-0.5976470598394653
9953.97	-0.5681704661614653
9955.63	0.007192820160534819
9957.3	0.4379237201605347
9958.97	0.7801602201605349
9960.64	0.8161114201605347
9962.31	0.7552476201605349
9963.97	0.2044383321605347
9965.64	0.04997552016053486
9967.31	-0.2751123798394651
9968.98	-0.11006985983946511
9970.64	0.13523332016053483
9972.31	0.650550120160535
9973.98	1.0949439201605349
9975.65	1.6545259201605347
9977.32	1.748483920160535
9978.98	1.8632059201605347
9980.65	1.4644819201605348
9982.32	1.1960939201605352
9983.99	0.802996520160535
9985.66	0.6980142201605348
9987.32	0.4654690201605348
9988.99	0.5503639701605347
9990.66	0.2486043201605348
9992.33	0.17546642016053485
9994.0	0.004123020160534907
9995.66	0.18602252016053486
9997.33	0.385381420160535
9999.0	0.8906312101605348
10000.7	1.008185620160535
10002.3	1.4057262201605347
10004.0	1.3042759201605345
10005.7	1.2644873201605349
10007.3	1.1652821201605348
10009.0	1.071796320160535
10010.7	0.6485632701605348
10012.3	0.6839101501605348
10014.0	0.4660282201605349
10015.7	0.7097369201605348
10017.3	0.6465435201605347
10019.0	0.6489423701605349
10020.7	0.6921788201605349
10022.3	0.868351594160535
10024.0	0.7785008201605349
10025.7	1.0977382201605348
10027.4	1.0802715201605348
10029.0	1.0970674201605346
10030.7	0.5661733201605348
10032.4	-0.08669257983946532
10034.0	-0.7281780798394651
10035.7	-0.9028827098394651
10037.4	-0.8540182798394651
10039.0	-0.3198995198394652
10040.7	0.05347162016053484
10042.4	0.5127834201605349
10044.0	0.30655152016053494
10045.7	0.06596582016053487
10047.4	-0.46141097983946533
10049.0	-0.6975949798394652
10050.7	-0.981517379839465
10052.4	-0.7308082798394652
10054.0	-0.7884962798394651
10055.7	-0.44264925983946507
10057.4	-0.24691233983946512
10059.0	0.04730922016053478
10060.7	0.018136620160534765
10062.4	0.1676843201605348
10064.0	-0.21476887983946505
10065.7	-0.25206193983946534
10067.4	-0.6236486498394651
10069.1	-0.7221247798394652
10070.7	-0.609057819839465
10072.4	-0.07867727983946518
10074.1	0.2954558001605348
10075.7	0.8018975201605347
10077.4	0.7638667201605349
10079.1	0.7678343201605349
10080.7	0.24146422016053481
10082.4	0.04670654016053486
10084.1	-0.2821752798394651
10085.7	-0.14006546983946513
10087.4	-0.14152400983946506
10089.1	0.0015847201605347471
10090.7	-0.2073671798394651
10092.4	0.021280920160534844
10094.1	-0.0691435798394651
10095.7	0.28430752016053484
10097.4	0.2824342201605348
10099.1	0.4267685601605349
10100.7	0.2008875201605349
10102.4	-0.027560979839465195
10104.1	-0.5720811798394652
10105.7	-0.5891977398394653
10107.4	-0.7989702798394649
10109.1	-0.4317808798394651
10110.7	-0.19549807983946527
10112.4	0.3954985201605349
10114.1	0.6116099201605347
10115.8	0.9906927201605349
10117.4	0.8042879201605349
10119.1	0.8733391201605348
10120.8	0.43867732016053473
10122.4	0.2612367001605348
10124.1	-0.07284677983946519
10125.8	0.061073720160534875
10127.4	-0.21035787983946524
10129.1	-0.11021297983946506
10130.8	-0.35024637983946494
10132.4	-0.20865767983946518
10134.1	-0.03898107983946506
10135.8	0.3761577201605349
10137.4	0.5545908791605348
10139.1	0.9457755201605348
10140.8	0.7945498201605349
10142.4	0.7974380201605348
10144.1	0.4623155201605348
10145.8	0.44136088016053493
10147.4	0.39648552016053484
10149.1	0.5416855201605347
10150.8	0.5549109801605351
10152.4	0.6447539501605348
10154.1	0.544523920160535
10155.8	0.5183532201605348
10157.4	0.14055082016053486
10159.1	0.13683187016053483
10160.8	-0.24573782983946524
10162.5	-0.43768037983946523
10164.1	-0.46603647983946506
10165.8	-0.47876698983946514
10167.5	-0.5059061798394651
10169.1	-0.3700170798394652
10170.8	-0.4460793798394652
10172.5	-0.05752015983946519
10174.1	-0.057253679839465166
10175.8	0.19680972016053477
10177.5	0.3877066001605347
10179.1	0.6728114201605347
10180.8	0.6434123201605346
10182.5	0.9002969201605346
10184.1	0.9125344201605348
10185.8	1.124305020160535
10187.5	0.8522050201605349
10189.1	0.645535020160535
10190.8	0.0020695201605348324
10192.5	-0.26821450983946515
10194.1	-0.7841630798394652
10195.8	-0.5730050798394652
10197.5	-0.382090679839465
10199.1	-0.010321679839465348
10200.8	0.1263597201605349
10202.5	0.3285759601605348
10204.1	0.2843544201605349
10205.8	0.31045199016053493
10207.5	0.12279122016053493
10209.2	0.14622110016053486
10210.8	0.18345232016053487
10212.5	0.41510542016053487
10214.2	0.47814352016053496
10215.8	0.6706403201605349
10217.5	0.6732188201605349
10219.2	0.7357189201605349
10220.8	0.7352304201605347
10222.5	0.8322345201605348
10224.2	0.6205079201605348
10225.8	0.5804499201605349
10227.5	-0.043275879839465216
10229.2	-0.27706307983946515
10230.8	-0.6852726798394653
10232.5	-0.5848490798394652
10234.2	-0.5509848798394653
10235.8	-0.177256379839465
10237.5	-0.11267197983946504
10239.2	0.18807604016053478
10240.8	-0.10616977983946504
10242.5	-0.2288008198394651
10244.2	-0.47771019983946506
10245.8	-0.4878069798394652
10247.5	-0.7023931798394651
10249.2	-0.47565707983946515
10250.9	-0.5624835278394651
10252.5	-0.44321277983946505
10254.2	-0.6334483398394651
10255.9	-0.6074654798394651
10257.5	-0.4061528108394651
10259.2	0.03593292016053473
10260.9	0.07996992016053475
10262.5	0.39115192016053496
10264.2	0.052478420160534875
10265.9	-0.08682907983946522
10267.5	-0.44099257983946527
10269.2	-0.4113977798394653
10270.9	-0.46313727983946523
10272.5	-0.2905829798394651
10274.2	-0.4913524798394652
10275.9	-0.37403077983946514
10277.5	-0.6093872798394651
10279.2	-0.35770687983946503
10280.9	-0.18746437983946515
10282.5	0.23549992016053486
10284.2	0.48644367016053475
10285.9	0.889940020160535
10287.5	1.039128220160535
10289.2	1.3719426201605347
10290.9	1.4262314201605348
10292.5	1.555015520160535
10294.2	1.4005511061605347
10295.9	1.3350563801605346
10297.6	1.1572510201605348
10299.2	1.0563677201605348
10300.9	0.7891559201605348
10302.6	0.5304462701605349
10304.2	0.02913202016053491
10305.9	-0.17373954983946502
10307.6	-0.3858927798394654
10309.2	-0.08967487983946532
10310.9	0.08831352016053487
10312.6	0.5795415001605347
10314.2	0.6955110201605349
10315.9	0.9807938801605349
10317.6	0.7850787201605348
10319.2	0.9454610201605348
10320.9	0.7338383901605349
10322.6	0.8057686201605347
10324.2	0.40108852016053487
10325.9	0.3916269201605349
10327.6	0.009344420160534828
10329.2	0.20353162016053478
10330.9	0.029194120160534753
10332.6	0.34328432016053484
10334.2	0.2772219201605348
10335.9	0.46856322016053487
10337.6	0.30262252016053487
10339.2	0.41446242016053503
10340.9	0.25907518016053466
10342.6	0.39788042016053493
10344.3	0.16297282016053502
10345.9	0.33594694016053483
10347.6	0.22296371016053484
10349.3	0.6833456201605349
10350.9	1.0351984201605346
10352.6	1.296096440160535
10354.3	1.388766820160535
10355.9	1.5351519201605348
10357.6	1.136937920160535
10359.3	0.9553179201605347
10360.9	0.45853508016053485
10362.6	0.29192702016053473
10364.3	0.08138642016053473
10365.9	0.08360612016053488
10367.6	0.09780362016053493
10369.3	0.3646408201605348
10370.9	0.04368335016053493
10372.6	-0.1656306298394652
10374.3	-0.5764013798394652
10375.9	-0.6891751798394651
10377.6	-0.5233913798394652
10379.3	-0.021703879839465135
10380.9	0.27295384016053487
10382.6	0.6992319201605348
10384.3	0.7347512201605351
10385.9	0.8492245201605346
10387.6	0.9950738201605347
10389.3	1.062151710160535
10391.0	0.8485766201605347
10392.6	0.7085281201605348
10394.3	0.1925271201605349
10396.0	-0.13211747983946526
10397.6	-0.37695688983946507
10399.3	-0.19699677983946523
10401.0	-0.2068958798394651
10402.6	0.08854092016053494
10404.3	-0.06971737983946508
10406.0	-0.009517079839465214
10407.6	-0.3150086798394651
10409.3	-0.38347407983946524
10411.0	-0.7148103498394652
10412.6	-0.6159346498394651
10414.3	-0.7401680798394652
10416.0	-0.5504461798394651
10417.6	-0.6187268798394652
10419.3	-0.08950237983946523
10421.0	0.22682092016053482
10422.6	0.9314203201605347
10424.3	1.2178424201605351
10426.0	1.424127820160535
10427.6	1.1680055201605348
10429.3	1.1122086631605348
10431.0	0.7206126201605348
10432.7	1.0891087201605347
10434.3	1.464053720160535
10436.0	2.003988020160535
10437.7	2.143471220160535
10439.3	2.057318720160535
10441.0	1.7048914701605349
10442.7	1.517288320160535
10444.3	0.9951927201605348
10446.0	1.085052720160535
10447.7	1.0487133301605347
10449.3	1.2723382801605347
10451.0	1.179756620160535
10452.7	1.1675019201605348
10454.3	0.9538345201605349
10456.0	1.0281761201605348
10457.7	0.6488558201605349
10459.3	0.8522075201605348
10461.0	0.32815902016053483
10462.7	0.3577446201605347
10464.3	-0.1359567798394651
10466.0	-0.3874842798394651
10467.7	-0.9371230798394651
10469.3	-1.0979450798394652
10471.0	-1.478625019839465
10472.7	-1.2378195798394651
10474.3	-1.3814180798394653
10476.0	-0.8257689798394653
10477.7	-0.3321951798394652
10479.4	0.3312062201605348
10481.0	0.5933635201605351
10482.7	1.0108264201605348
10484.4	1.026284020160535
10486.0	1.1784916201605349
10487.7	0.8492855701605349
10489.4	0.7268873201605348
10491.0	0.6624874601605348
10492.7	0.930626020160535
10494.4	0.8681601201605348
10496.0	1.105070650160535
10497.7	0.997560976160535
10499.4	0.9134228201605348
10501.0	0.3617201201605349
10502.7	0.07247862016053493
10504.4	0.05539182016053492
10506.0	0.4868433201605348
10507.7	0.8487038201605348
10509.4	1.3680052201605346
10511.0	1.4522520201605347
10512.7	1.4371365201605348
10514.4	0.9457693201605348
10516.0	0.6016996201605349
10517.7	0.283645647160535
10519.4	0.4255207901605348
10521.0	0.384071820160535
10522.7	0.6818581201605348
10524.4	0.5823792201605349
10526.1	0.709450120160535
10527.7	0.5803642201605349
10529.4	0.6283231201605349
10531.1	0.4417689201605349
10532.7	0.7539806801605349
10534.4	0.7058411201605347
10536.1	0.9947616201605349
10537.7	1.0077679201605352
10539.4	1.1546434201605351
10541.1	0.8239400201605349
10542.7	0.6057938201605347
10544.4	0.2419126201605346
10546.1	0.30856202016053486
10547.7	0.4093304201605347
10549.4	0.8220393201605349
10551.1	0.9203345201605349
10552.7	1.0177427201605351
10554.4	0.7295692201605348
10556.1	0.5801101201605348
10557.7	0.4363375101605348
10559.4	0.32542912016053477
10561.1	-0.036387579839465056
10562.7	-0.1309629798394652
10564.4	-0.35577237983946536
10566.1	-0.28768954983946504
10567.7	-0.031786879839465154
10569.4	0.5343370201605349
10571.1	0.828212820160535
10572.8	1.079235120160535
10574.4	1.0060929901605349
10576.1	1.142031920160535
10577.8	0.8908104201605349
10579.4	0.823283620160535
10581.1	0.6987896201605348
10582.8	0.8852441201605347
10584.4	0.5964205201605347
10586.1	0.539781120160535
10587.8	0.1817291201605348
10589.4	0.19748902016053482
10591.1	-0.15141159983946526
10592.8	0.029062120160534822
10594.4	0.3105908201605347
10596.1	1.2435942201605346
10597.8	1.6235749201605347
10599.4	1.938289620160535
10601.1	1.8095236201605345
10602.8	1.681718720160535
10604.4	1.1062842201605352
10606.1	0.9856060201605349
10607.8	0.742098420160535
10609.4	0.677122720160535
10611.1	0.41090312016053476
10612.8	0.14866292016053487
10614.5	-0.22724237983946516
10616.1	-0.2021229798394652
10617.8	-0.23368397983946507
10619.5	0.08740782016053492
10621.1	0.278091920160535
10622.8	0.6303069201605347
10624.5	0.717244020160535
10626.1	0.9758207801605348
10627.8	0.7232484201605349
10629.5	0.5111993201605349
10631.1	-0.07439417983946521
10632.8	-0.14508507983946525
10634.5	-0.41488837983946497
10636.1	-0.36842207983946507
10637.8	-0.3781336798394651
10639.5	0.09727582016053468
10641.1	0.3247757201605349
10642.8	0.9149000201605351
10644.5	1.245331020160535
10646.1	1.6429645701605349
10647.8	1.6513682001605345
10649.5	1.6320887201605352
10651.1	1.3009412201605346
10652.8	1.3772631201605348
10654.5	1.0235673201605349
10656.1	1.0100621901605347
10657.8	0.8211838201605348
10659.5	0.9610951201605348
10661.2	0.9230762101605346
10662.8	1.1865171201605347
10664.5	1.051313020160535
10666.2	0.8566404201605351
10667.8	0.17524312016053473
10669.5	0.024457820160534816
10671.2	-0.32789247983946535
10672.8	-0.13149047983946524
10674.5	0.05271652016053485
10676.2	0.370346820160535
10677.8	0.5080793201605348
10679.5	0.6289382201605348
10681.2	0.33041382016053483
10682.8	0.4117641201605348
10684.5	0.20424472016053494
10686.2	0.21408372016053495
10687.8	0.2631417201605349
10689.5	0.7448436201605348
10691.2	0.997638860160535
10692.8	1.415927920160535
10694.5	1.3880289201605347
10696.2	1.7253814201605349
10697.8	1.4886786201605349
10699.5	1.510021120160535
10701.2	1.2442429201605347
10702.8	1.2602928201605348
10704.5	1.0207293301605347
10706.2	0.8932144201605347
10707.9	0.539942620160535
10709.5	0.704619468160535
10711.2	0.47844072016053485
10712.9	0.6067302201605349
10714.5	0.5597961201605349
10716.2	0.7451077201605348
10717.9	0.8016444201605347
10719.5	0.8344691701605349
10721.2	0.6325071901605348
10722.9	0.546986780160535
10724.5	0.4426657201605348
10726.2	0.768593520160535
10727.9	1.082817320160535
10729.5	1.344464820160535
10731.2	1.2561807201605348
10732.9	1.1189831201605351
10734.5	0.6243069201605349
10736.2	0.35542152016053474
10737.9	0.13067662016053486
10739.5	0.2608379301605348
10741.2	0.2260249101605349
10742.9	0.49605262016053475
10744.5	0.34093402016053476
10746.2	0.3633218201605349
10747.9	0.28339811016053484
10749.5	0.3191377201605348
10751.2	0.2711099201605348
10752.9	0.3621312201605349
10754.6	0.1574796001605349
10756.2	0.28162785016053477
10757.9	-0.225376879839465
10759.6	-0.7481874798394652
10761.2	-1.3459082798394653
10762.9	-1.452187849839465
10764.6	-1.354131679839465
10766.2	-0.9262451798394651
10767.9	-0.540272079839465
10769.6	0.09852912016053479
10771.2	0.409189120160535
10772.9	1.0594666201605347
10774.6	1.335380420160535
10776.2	1.7015414201605346
10777.9	1.504456920160535
10779.6	1.1547794501605346
10781.2	0.6735345201605347
10782.9	0.5219789201605349
10784.6	0.3855973201605347
10786.2	0.6763026201605351
10787.9	0.5826914201605349
10789.6	0.19406982016053478
10791.2	-0.22569247983946514
10792.9	-0.5715750798394652
10794.6	-0.5402008898394652
10796.3	-0.22166457983946514
10797.9	-0.2521269798394652
10799.6	-0.06504417983946516
10801.3	-0.2676424798394653
10802.9	-0.46340407983946524
10804.6	-0.7130204798394653
10806.3	-0.691837359839465
10807.9	-0.536415579839465
10809.6	0.08017512016053478
10811.3	0.32281682016053487
10812.9	0.9836072201605349
10814.6	0.8626906201605349
10816.3	0.8403929201605347
10817.9	0.23918002016053488
10819.6	-0.054800779839465075
10821.3	-0.3155267798394652
10822.9	0.03355372016053475
10824.6	0.2331629201605348
10826.3	0.5903454201605349
10827.9	0.4101625601605349
10829.6	0.2841199201605349
10831.3	0.045922120160534784
10832.9	0.12603120016053496
10834.6	0.04403712016053492
10836.3	0.23218692016053488
10837.9	0.30111952016053484
10839.6	0.3737892201605349
10841.3	0.30446002016053486
10843.0	0.23371822016053484
10844.6	0.0491177201605348
10846.3	0.11673692016053479
10848.0	-0.10464187983946513
10849.6	-0.019722729839465058
10851.3	0.12195722016053474
10853.0	0.7054699201605349
10854.6	0.9441299201605347
10856.3	1.2008232201605349
10858.0	1.0894681201605347
10859.6	0.9172480201605347
10861.3	0.3784294601605348
10863.0	-0.0980869798394652
10864.6	-0.7480965298394653
10866.3	-0.5143098798394651
10868.0	-0.3705227798394651
10869.6	0.1560760101605348
10871.3	0.5465965201605348
10873.0	0.8527727201605352
10874.6	0.6328085201605347
10876.3	0.5909488201605348
10878.0	0.23465152016053487
10879.6	0.5142376201605348
10881.3	0.5868276201605347
10883.0	0.936174520160535
10884.6	0.9502639201605352
10886.3	1.2720549201605347
10888.0	1.0614089201605348
10889.7	1.1287369201605348
10891.3	0.6652610201605349
10893.0	0.4840236201605349
10894.7	-0.04844177983946518
10896.3	-0.3252989798394653
10898.0	-0.7509983398394651
10899.7	-0.6080024798394652
10901.3	-0.7802590798394654
10903.0	-0.44092617983946514
10904.7	-0.16139487983946516
10906.3	0.30507972016053475
10908.0	0.725647820160535
10909.7	0.9579184201605347
10911.3	0.8239295201605346
10913.0	0.5987566201605348
10914.7	0.17117482016053484
10916.3	-0.42834787983946543
10918.0	-0.7086764798394649
10919.7	-0.5839739798394652
10921.3	-0.07227431983946522
10923.0	0.7159651201605349
10924.7	1.190905020160535
10926.3	1.4207368201605348
10928.0	1.137147920160535
10929.7	0.5318823201605349
10931.3	0.07370038016053485
10933.0	0.12848632016053493
10934.7	0.5746199201605349
10936.4	1.2710100201605348
10938.0	1.494998260160535
10939.7	1.668624620160535
10941.4	1.306424880160535
10943.0	0.8047252301605349
10944.7	0.1424435101605349
10946.4	-0.31076698983946505
10948.0	-0.7372939798394651
10949.7	-0.737568759839465
10951.4	-0.6382573298394651
10953.0	-0.14403127983946504
10954.7	0.5827700201605348
10956.4	1.2371797201605348
10958.0	1.4246816201605348
10959.7	1.3175542201605348
10961.4	0.6439140201605349
10963.0	0.24939092016053496
10964.7	-0.36266437983946515
10966.4	-0.4295765798394651
10968.0	-0.23235187983946518
10969.7	0.12435532016053483
10971.4	0.580145760160535
10973.0	0.8479077201605347
10974.7	0.6804890201605348
10976.4	0.8134915201605348
10978.1	0.32975102016053504
10979.7	0.09974740016053478
10981.4	-0.0797185798394651
10983.1	0.07374082016053492
10984.7	-0.051134979839465175
10986.4	0.047602520160534824
10988.1	-0.4320615798394652
10989.7	-0.7382596798394652
10991.4	-1.3211321798394653
10993.1	-1.4828967798394654
10994.7	-1.5972151798394647
10996.4	-0.9823642798394647
10998.1	-0.7494748298394651
10999.7	-0.2005638798394651
11001.4	0.023652870160534745
11003.1	0.415362220160535
11004.7	0.41319382016053485
11006.4	0.7255603201605347
11008.1	0.7611940201605348
11009.7	1.047859300160535
11011.4	0.5214029501605346
11013.1	0.26435275016053483
11014.7	-0.33083927983946504
11016.4	-0.3260781798394651
11018.1	-0.2566940798394651
11019.7	0.2836410201605347
11021.4	0.4855349201605348
11023.1	1.017210820160535
11024.8	0.8258082201605348
11026.4	0.8034130201605348
11028.1	0.28993492016053474
11029.8	0.05849892016053491
11031.4	-0.2643826798394652
11033.1	-0.16954687983946518
11034.8	-0.33403797983946476
11036.4	0.027652020160534807
11038.1	0.3491850201605349
11039.8	0.9052930201605347
11041.4	1.1193192201605349
11043.1	1.4161789201605348
11044.8	1.2963289201605348
11046.4	1.4102543201605349
11048.1	0.8437224201605348
11049.8	0.7235489101605348
11051.4	0.45652392016053495
11053.1	0.7188318201605348
11054.8	0.7860527201605348
11056.4	1.3254291801605347
11058.1	1.462077820160535
11059.8	1.8843857701605349
11061.4	1.763603020160535
11063.1	1.836252420160535
11064.8	1.321843020160535
11066.4	0.9601213201605349
11068.1	0.34109256016053485
11069.8	-0.005809479839465226
11071.5	-0.6103251798394653
11073.1	-0.7539034798394653
11074.8	-0.8748066798394654
11076.5	-0.5636870798394649
11078.1	-0.45799547983946515
11079.8	-0.23412521983946516
11081.5	-0.39317497983946526
11083.1	-0.24773637983946523
11084.8	-0.41808328983946524
11086.5	-0.29529639983946526
11088.1	-0.25790687983946514
11089.8	-0.16475806983946512
11091.5	-0.531444679839465
11093.1	-0.638401279839465
11094.8	-1.031670779839465
11096.5	-0.7934190798394651
11098.1	-0.5163531798394653
11099.8	-0.05644577983946508
11101.5	0.30778873016053476
11103.1	0.6015240201605347
11104.8	0.48255382016053494
11106.5	0.26961502016053485
11108.1	-0.10271750983946522
11109.8	-0.4292206798394652
11111.5	-0.7339125798394655
11113.1	-0.9447665998394651
11114.8	-0.9406941798394651
11116.5	-0.8222430798394651
11118.2	-0.6277408798394652
11119.8	-0.4007270798394652
11121.5	-0.31937907983946506
11123.2	-0.26585747983946534
11124.8	-0.3853428798394651
11126.5	-0.4055371798394651
11128.2	-0.38963627983946525
11129.8	-0.024894279839465128
11131.5	0.12778857316053482
11133.2	0.658683820160535
11134.8	0.813016620160535
11136.5	1.031636320160535
11138.2	0.9158844201605347
11139.8	0.8290663201605348
11141.5	0.4110109201605347
11143.2	0.37395942016053485
11144.8	0.01785302016053496
11146.5	0.08725269016053465
11148.2	0.06120752016053484
11149.8	-0.07645697983946516
11151.5	-0.47035816983946505
11153.2	-0.672644379839465
11154.8	-1.043871579839465
11156.5	-0.7128655798394652
11158.2	-0.4790665798394652
11159.9	-0.014883079839465196
11161.5	0.09761992016053492
11163.2	0.1511210201605349
11164.9	-0.14417593983946525
11166.5	0.07301072016053482
11168.2	0.04466752016053484
11169.9	0.5752497201605348
11171.5	0.6552487201605347
11173.2	0.8929696201605349
11174.9	0.7198130401605349
11176.5	0.8528483801605347
11178.2	0.687388220160535
11179.9	0.6884169201605349
11181.5	0.3630286201605347
11183.2	0.4057407201605348
11184.9	0.23953402016053488
11186.5	0.4523965201605348
11188.2	0.6481445201605348
11189.9	1.0895934201605348
11191.5	1.163184920160535
11193.2	1.0325389201605346
11194.9	0.653612920160535
11196.5	0.5098649201605348
11198.2	0.1714299201605348
11199.9	0.14713112016053467
11201.5	0.3322396201605349
11203.2	0.5870967501605349
11204.9	0.5679110701605348
11206.6	0.2702868201605348
11208.2	-0.3240958798394652
11209.9	-0.6673380798394651
11211.6	-1.1230880798394653
11213.2	-1.3986122798394653
11214.9	-1.5091561798394648
11216.6	-1.257805179839465
11218.2	-1.1376564798394653
11219.9	-0.6669215798394652
11221.6	-0.1598590998394652
11223.2	0.4276666201605349
11224.9	0.657769720160535
11226.6	0.5585088201605348
11228.2	0.33505752016053486
11229.9	0.3820952201605349
11231.6	0.27076952016053496
11233.2	0.4045854401605348
11234.9	0.6162467901605349
11236.6	0.8627458301605347
11238.2	1.1155075401605348
11239.9	1.1703455201605348
11241.6	1.4096239201605347
11243.2	1.8197692201605349
11244.9	2.195287120160535
11246.6	2.579871220160535
11248.2	2.792505720160535
11249.9	2.5072379201605353
11251.6	1.707396720160535
11253.3	0.7247633201605349
11254.9	-0.07446887983946518
11256.6	-0.11618659183946516
11258.3	0.4195560201605347
11259.9	1.4644197201605347
11261.6	2.2773806201605344
11263.3	2.5954996201605347
11264.9	2.317953920160535
11266.6	1.838451520160535
11268.3	1.184611920160535
11269.9	0.830819920160535
11271.6	0.7790067201605348
11273.3	1.0554154201605346
11274.9	1.0835736101605349
11276.6	1.0067175201605347
11278.3	0.6563746201605347
11279.9	0.29063871016053494
11281.6	-0.13965517983946504
11283.3	-0.5255254798394653
11284.9	-0.8015991798394649
11286.6	-0.7053771798394652
11288.3	-0.744001379839465
11289.9	-0.27948677983946507
11291.6	0.21474458016053477
11293.3	0.9577611934605347
11294.9	1.4795700201605346
11296.6	2.1933253201605347
11298.3	2.4031899201605347
11300.0	2.8621989201605347
11301.6	2.597186220160535
11303.3	2.2109333201605352
11305.0	1.5543304201605348
11306.6	0.9843539201605347
11308.3	0.23849892016053492
11310.0	0.04744252016053485
11311.6	-0.5158891798394651
11313.3	-0.709718479839465
11315.0	-1.1925171798394651
11316.6	-1.4231440398394652
11318.3	-1.400294349839465
11320.0	-1.0999723798394654
11321.6	-1.1241422798394651
11323.3	-0.773134679839465
11325.0	-0.6223437798394651
11326.6	-0.26262387983946506
11328.3	0.21157142016053485
11330.0	0.7194754301605351
11331.6	0.7721257201605348
11333.3	0.5736608201605347
11335.0	-0.12794987983946524
11336.6	-0.32751227983946507
11338.3	-0.46163757983946513
11340.0	-0.33249217983946516
11341.7	-0.12667347983946523
11343.3	0.3139854201605348
11345.0	0.28599672016053496
11346.7	0.12020074016053477
11348.3	-0.49715481083946517
11350.0	-0.7044400798394651
11351.7	-1.023694679839465
11353.3	-0.9259410798394653
11355.0	-0.9089115198394649
11356.7	-0.4848971498394651
11358.3	-0.22393897983946523
11360.0	0.0851496201605348
11361.7	0.05751051016053488
11363.3	0.32498532016053483
11365.0	0.4142260401605348
11366.7	0.5430553201605349
11368.3	0.2656497201605348
11370.0	0.3808305201605349
11371.7	0.47170552016053485
11373.3	0.8716572501605349
11375.0	0.7552844201605348
11376.7	0.674179610160535
11378.3	0.1212946201605348
11380.0	-0.1726860798394651
11381.7	-0.7023638798394652
11383.3	-0.5464671798394651
11385.0	-0.47443707983946526
11386.7	0.0964819201605347
11388.4	0.44183052016053487
11390.0	1.1804991201605348
11391.7	1.469095920160535
11393.4	1.8233309201605352
11395.0	1.5880091201605349
11396.7	1.3530149201605348
11398.4	0.8394505201605347
11400.0	0.5383314501605347
11401.7	0.11538112016053485
11403.4	0.13596892016053488
11405.0	-0.040889008839465155
11406.7	0.11008242016053482
11408.4	0.5062568501605348
11410.0	1.0140112201605347
11411.7	1.2089167201605349
11413.4	1.326075520160535
11415.0	0.4972018201605349
11416.7	-0.07682280983946521
11418.4	-1.0203707798394652
11420.0	-1.5790257798394653
11421.7	-1.624939179839465
11423.4	-1.0167091798394652
11425.0	-0.5380480798394651
11426.7	0.15845192016053486
11428.4	0.28268892016053465
11430.0	0.7852269201605349
11431.7	0.8883939201605349
11433.4	1.143753720160535
11435.1	1.0482697201605347
11436.7	0.946578720160535
11438.4	0.5415844201605349
11440.1	0.1624228201605348
11441.7	-0.4132761798394652
11443.4	-0.43689427983946505
11445.1	-0.40288307983946525
11446.7	-0.1349850798394651
11448.4	-0.0392540798394652
11450.1	0.09359392016053487
11451.7	0.2833549201605347
11453.4	0.6438817201605348
11455.1	0.549723020160535
11456.7	0.5696225201605348
11458.4	0.12492075016053476
11460.1	-0.12820937983946507
11461.7	-0.4848831798394652
11463.4	-0.6924254698394654
11465.1	-0.7939684798394652
11466.7	-0.5301221798394652
11468.4	-0.5519232798394651
11470.1	-0.1848550798394652
11471.7	-0.24351505983946486
11473.4	0.024677220160534842
11475.1	0.15034692016053475
11476.7	0.4739799201605347
11478.4	0.8146300201605348
11480.1	1.3275774201605348
11481.8	1.7047234201605348
11483.4	2.067983920160535
11485.1	1.9926001201605346
11486.8	1.9350887201605353
11488.4	1.7549051201605348
11490.1	1.6986282101605348
11491.8	1.6120358201605345
11493.4	1.427407620160535
11495.1	0.9179105201605349
11496.8	0.5111515201605347
11498.4	0.02568992016053473
11500.1	-0.11147807983946531
11501.8	-0.14122707983946511
11503.4	0.026452520160534832
11505.1	0.06272212016053498
11506.8	0.21257152016053488
11508.4	-0.04501007983946499
11510.1	-0.07302507983946534
11511.8	-0.3767770798394653
11513.4	-0.315399079839465
11515.1	-0.29036837983946506
11516.8	-0.10048777983946514
11518.4	-0.055132719839465286
11520.1	-0.019796579839465166
11521.8	-0.4437864198394651
11523.5	-0.6524867798394653
11525.1	-0.9361545798394652
11526.8	-0.8043373798394653
11528.5	-0.8953357798394652
11530.1	-0.5855358798394651
11531.8	-0.39903797983946515
11533.5	-0.0506376798394651
11535.1	0.13467752016053486
11536.8	0.5249996201605349
11538.5	0.8874962701605348
11540.1	1.3900969201605347
11541.8	1.2236857701605348
11543.5	0.9788158201605348
11545.1	0.366990920160535
11546.8	-0.042172179839465106
11548.5	-0.40499917983946504
11550.1	-0.0944170798394652
11551.8	0.35222541016053494
11553.5	0.8530309201605346
11555.1	1.1880909901605345
11556.8	1.256478020160535
11558.5	0.8983829201605348
11560.1	0.8299897201605351
11561.8	0.47603752016053474
11563.5	0.45626580016053475
11565.1	0.179059320160535
11566.8	0.01982492016053472
11568.5	-0.05156897983946509
11570.2	0.23031192016053473
11571.8	0.19153302016053475
11573.5	0.43446107016053476
11575.2	0.3380315201605349
11576.8	0.5132907201605349
11578.5	0.3661161201605349
11580.2	0.41346772016053485
11581.8	0.3916155201605346
11583.5	0.6261024201605347
11585.2	0.45889392016053493
11586.8	0.3152080201605349
11588.5	-0.05125267983946515
11590.2	-0.040902979839465205
11591.8	-0.04448027983946516
11593.5	0.05199782016053491
11595.2	0.3965715401605348
11596.8	1.020139720160535
11598.5	1.2911487201605347
11600.2	1.6492013201605353
11601.8	1.0097955201605349
11603.5	0.42146332016053495
11605.2	-0.2720220798394652
11606.8	-0.9056756798394652
11608.5	-1.2424958798394652
11610.2	-0.8856365798394652
11611.8	-0.7154909798394652
11613.5	-0.04519687983946521
11615.2	0.2882109201605347
11616.9	0.7975077201605347
11618.5	1.092578120160535
11620.2	1.274294620160535
11621.9	0.8708614201605348
11623.5	0.5874237201605348
11625.2	0.169194620160535
11626.9	0.169913320160535
11628.5	0.003657720160534961
11630.2	-0.12581507983946522
11631.9	-0.4894753798394652
11633.5	-0.8239495798394652
11635.2	-1.1127720798394651
11636.9	-0.814181379839465
11638.5	-0.6731716698394651
11640.2	0.015190920160534827
11641.9	0.4034039201605347
11643.5	0.6353649201605348
11645.2	0.5762218201605349
11646.9	0.42208862016053494
11648.5	0.16351462016053472
11650.2	0.3299969201605347
11651.9	0.1319519201605349
11653.5	0.30464692016053485
11655.2	0.14323077016053481
11656.9	0.2563504201605348
11658.5	0.2520826201605348
11660.2	0.44103602016053484
11661.9	0.4028328201605347
11663.6	0.799079320160535
11665.2	0.5179298201605348
11666.9	0.575465270160535
11668.6	0.05646242016053491
11670.2	-0.1258469298394651
11671.9	-0.5505841798394653
11673.6	-0.5489843798394652
11675.2	-0.6059125798394651
11676.9	0.14890369016053473
11678.6	0.9367683201605347
11680.2	1.7524906201605348
11681.9	1.6347184201605347
11683.6	1.7192991411605347
11685.2	1.1987921101605346
11686.9	0.9560975201605348
11688.6	0.6079568101605348
11690.2	0.41612692016053493
11691.9	0.27978132016053486
11693.6	0.4250742201605348
11695.2	-0.0463510798394652
11696.9	0.07271970016053468
11698.6	0.1737452201605348
11700.2	0.3254214201605349
11701.9	0.7731545701605348
11703.6	1.407228200160535
11705.3	1.715503320160535
11706.9	2.077280620160535
11708.6	1.786995420160535
11710.3	1.2158809201605347
11711.9	0.627668220160535
11713.6	-0.06844977983946517
11715.3	-0.43738387983946503
11716.9	-0.31982566983946514
11718.6	-0.1883828798394652
11720.3	0.38250732016053474
11721.9	0.9463649201605348
11723.6	1.3448819201605349
11725.3	1.408191320160535
11726.9	1.144826920160535
11728.6	0.3679727201605347
11730.3	-0.25349267983946505
11731.9	-0.8573444798394652
11733.6	-0.6245995798394652
11735.3	-0.04871437983946514
11736.9	1.007356120160535
11738.6	1.9974330201605348
11740.3	2.650879020160535
11741.9	2.300682360160535
11743.6	1.5695468201605351
11745.3	0.5514917201605349
11746.9	0.24674142016053482
11748.6	0.27319970016053496
11750.3	1.0233959201605347
11752.0	1.6200969201605346
11753.6	2.177064110160535
11755.3	2.145633120160535
11757.0	1.7770255201605345
11758.6	1.1793276201605347
11760.3	0.8928961201605349
11762.0	0.5600576201605347
11763.6	0.8345920201605347
11765.3	1.0011839201605346
11767.0	1.2838960201605347
11768.6	1.2663325201605349
11770.3	1.085972020160535
11772.0	0.4421728201605347
11773.6	-0.146311379839465
11775.3	-0.9256122798394653
11777.0	-1.296978179839465
11778.6	-1.6058041798394656
11780.3	-1.5039647798394653
11782.0	-1.564935779839465
11783.6	-1.426710179839465
11785.3	-1.2977500608394652
11787.0	-1.148889779839465
11788.6	-1.0821708798394654
11790.3	-0.6322333798394651
11792.0	-0.3764477798394652
11793.6	0.12976992016053499
11795.3	0.442529920160535
11797.0	0.8829320201605352
11798.7	1.272004620160535
11800.3	1.4911121201605348
11802.0	1.114954020160535
11803.7	0.8820536201605348
11805.3	0.2551630201605349
11807.0	-0.08634737983946521
11808.7	-0.45859797983946515
11810.3	-0.5044927798394653
11812.0	-0.5066443798394653
11813.7	-0.03535957983946512
11815.3	0.12329792016053487
11817.0	0.4515675201605348
11818.7	0.33033572016053486
11820.3	0.1197017201605349
11822.0	-0.2791089798394652
11823.7	-0.3216972798394653
11825.3	-0.11676997983946506
11827.0	0.6892825201605348
11828.7	1.0841901201605348
11830.3	1.3943327201605347
11832.0	1.0791316201605348
11833.7	1.0050025201605348
11835.3	0.543370920160535
11837.0	0.37750272016053493
11838.7	0.3202661201605348
11840.3	0.5441354401605348
11842.0	0.9371455201605349
11843.7	1.7876396401605348
11845.4	2.179259920160535
11847.0	2.7681699001605353
11848.7	2.2475944201605347
11850.4	1.474804440160535
11852.0	0.750916220160535
11853.7	0.48822012016053495
11855.4	0.6079170201605348
11857.0	1.2834394201605348
11858.7	1.3926269201605348
11860.4	1.7536872201605345
11862.0	1.4830519201605348
11863.7	1.291117620160535
11865.4	0.9856373201605351
11867.0	1.0416426201605344
11868.7	0.9375032201605349
11870.4	1.1881367201605346
11872.0	1.5436900201605348
11873.7	2.2708691201605347
11875.4	2.6534809201605354
11877.0	2.8546259201605353
11878.7	2.645784920160535
11880.4	2.3330126201605346
11882.0	1.7836704201605342
11883.7	1.463506120160535
11885.4	1.1191283401605348
11887.1	1.0204560201605348
11888.7	0.8513519201605348
11890.4	0.6618160201605349
11892.1	0.37129162016053485
11893.7	0.3224288401605348
11895.4	-0.12049808983946515
11897.1	0.010323720160534977
11898.7	-0.0691320798394651
11900.4	0.608511416460535
11902.1	1.0927414201605348
11903.7	1.6664370201605352
11905.4	1.4702850201605346
11907.1	1.2485750201605348
11908.7	0.5211806201605349
11910.4	0.32233012016053475
11912.1	-0.08802062983946524
11913.7	0.021526420160534965
11915.4	-0.0846701798394653
11917.1	0.16417602016053473
11918.7	0.3476193901605346
11920.4	1.055751020160535
11922.1	1.3883889201605348
11923.7	1.8558469201605348
11925.4	1.7658118201605348
11927.1	1.4891703201605349
11928.7	0.9147819201605352
11930.4	0.6827459201605348
11932.1	0.42629572016053474
11933.8	0.3556383401605348
11935.4	0.2241977201605349
11937.1	0.3646513501605348
11938.8	0.239216420160535
11940.4	0.3674307201605348
11942.1	0.24276412016053478
11943.8	0.3721781701605348
11945.4	0.4479289201605348
11947.1	0.8344806201605349
11948.8	1.170520620160535
11950.4	1.761630520160535
11952.1	1.922410420160535
11953.8	1.921780720160535
11955.4	1.5505173301605346
11957.1	1.499851220160535
11958.8	0.8429549201605349
11960.4	0.7628574201605349
11962.1	0.19733932016053476
11963.8	0.022983720160534828
11965.4	-0.1420688798394651
11967.1	-0.06331247983946517
11968.8	-0.015221479839465202
11970.4	0.7828561201605349
11972.1	1.375326220160535
11973.8	2.336084420160535
11975.4	2.321702120160535
11977.1	2.009482720160535
11978.8	1.108208920160535
11980.5	0.42488002016053483
11982.1	-0.08933407983946502
11983.8	0.023794720160534986
11985.5	0.14464242016053488
11987.1	0.5647036201605348
11988.8	0.44908492016053464
11990.5	0.5651861201605349
11992.1	0.4698859201605349
11993.8	0.6864890201605349
11995.5	0.9121620201605347
11997.1	1.0657171301605348
11998.8	0.7349752201605347
12000.5	0.5779979201605348
12002.1	0.15475142016053473
12003.8	-0.3162980298394652
12005.5	-0.7096050798394653
12007.1	-0.9479070798394653
12008.8	-0.8325510498394652
12010.5	-0.407943379839465
12012.1	-0.4207529798394652
12013.8	-0.3895998798394652
12015.5	-0.570848279839465
12017.1	-0.8262377798394652
12018.8	-0.8976877798394651
12020.5	-0.5058970798394651
12022.1	-0.19132667983946527
12023.8	0.39126671616053477
12025.5	0.4183849201605347
12027.2	0.7089139201605348
12028.8	0.9046989201605345
12030.5	1.3661262201605349
12032.2	1.340040620160535
12033.8	1.481841920160535
12035.5	1.1615725221605346
12037.2	1.113075920160535
12038.8	0.9755251201605348
12040.5	1.060088720160535
12042.2	0.8408680491605349
12043.8	0.6451839201605349
12045.5	-0.04816137983946529
12047.2	-0.34794007983946484
12048.8	-0.4556409798394654
12050.5	-0.16164494983946512
12052.2	0.003182140160534708
12053.8	0.24776113016053491
12055.5	0.20416712016053484
12057.2	-0.04990897983946514
12058.8	-0.5520869798394653
12060.5	-0.5725963798394651
12062.2	-0.4632177798394652
12063.8	0.12624952016053495
12065.5	0.7104691901605348
12067.2	1.366171920160535
12068.9	1.7016766001605348
12070.5	1.7400538201605347
12072.2	1.1875430201605348
12073.9	1.0047139201605346
12075.5	0.9817439201605348
12077.2	0.9098447001605349
12078.9	0.5125087201605346
12080.5	0.20358992016053482
12082.2	-0.4543732798394652
12083.9	-0.44561957983946526
12085.5	-0.17709947983946517
12087.2	0.40329032016053484
12088.9	0.9272911201605349
12090.5	1.2544429201605347
12092.2	0.598895020160535
12093.9	-0.10481667983946519
12095.5	-0.6748175798394651
12097.2	-0.6065816798394653
12098.9	-0.06600107983946524
12100.5	0.8462299201605348
12102.2	1.2526089201605348
12103.9	1.6764239201605349
12105.5	1.1526360201605348
12107.2	0.583080620160535
12108.9	0.0447079201605348
12110.5	-0.05638227983946531
12112.2	-0.0964240798394651
12113.9	0.49214322016053486
12115.6	0.5270857201605349
12117.2	0.9827692101605348
12118.9	0.8422345401605348
12120.6	0.7238309201605346
12122.2	0.3184005201605349
12123.9	0.03769282016053488
12125.6	-0.816810679839465
12127.2	-0.9879971798394653
12128.9	-1.7025786798394649
12130.6	-1.998547979839465
12132.2	-1.9097374898394648
12133.9	-1.371489179839465
12135.6	-0.513530379839465
12137.2	0.7315989201605347
12138.9	1.5404154201605347
12140.6	2.033411220160535
12142.2	1.8679128201605344
12143.9	1.0818907201605348
12145.6	0.3319742201605349
12147.2	-0.1404397798394652
12148.9	-0.403675179839465
12150.6	-0.3335770798394651
12152.2	-0.2144980798394652
12153.9	-0.07731066983946504
12155.6	0.19617242016053477
12157.2	0.4586860201605349
12158.9	0.5605213001605346
12160.6	0.9702430201605352
12162.3	1.0403119201605346
12163.9	1.2548304201605347
12165.6	1.1247347201605349
12167.3	1.3893207201605349
12168.9	1.6651074201605351
12170.6	1.6777050201605348
12172.3	1.020091160160535
12173.9	0.3069995201605349
12175.6	-0.532580379839465
12177.3	-0.826527679839465
12178.9	-0.913654479839465
12180.6	-0.28848657983946513
12182.3	0.4383008701605348
12183.9	0.8166930601605351
12185.6	0.5498229701605349
12187.3	0.11063972016053478
12188.9	-0.4316676798394649
12190.6	-0.7164134798394649
12192.3	-1.088378379839465
12193.9	-0.9119636798394651
12195.6	-0.7554654798394651
12197.3	-0.5096531798394655
12198.9	-0.6826073798394653
12200.6	-0.798370879839465
12202.3	-0.8849547798394648
12203.9	-0.5653017798394651
12205.6	-0.5913083298394651
12207.3	-0.24661287983946528
12209.0	-0.2642724798394653
12210.6	-0.20312117983946526
12212.3	-0.2959860798394649
12214.0	-0.07934207983946537
12215.6	0.2349752201605349
12217.3	0.8765617201605348
12219.0	0.8008972201605349
12220.6	0.9968386201605346
12222.3	0.6922631201605349
12224.0	0.6153119201605348
12225.6	0.40391612016053485
12227.3	0.4507804201605349
12229.0	0.32692615016053483
12230.6	0.25846443016053483
12232.3	-0.43883868983946533
12234.0	-0.9359751798394651
12235.6	-1.8112903198394648
12237.3	-2.1181220098394653
12239.0	-2.531474079839465
12240.6	-2.292893079839465
12242.3	-1.7552599798394652
12244.0	-0.6413647798394653
12245.6	0.43553092016053496
12247.3	1.4869915201605346
12249.0	1.9769655538605349
12250.7	2.168607520160535
12252.3	1.8432039201605348
12254.0	1.6899578201605348
12255.7	1.468344920160535
12257.3	1.6222938201605352
12259.0	1.5220953201605347
12260.7	1.586481720160535
12262.3	1.4183720201605348
12264.0	1.2110926801605348
12265.7	1.0811234201605349
12267.3	0.8410428201605349
12269.0	0.48696002016053497
12270.7	0.38497356016053486
12272.3	-0.18411007983946517
12274.0	-0.18739897983946516
12275.7	-0.008655879839465096
12277.3	0.03357802016053468
12279.0	0.3617314201605347
12280.7	0.7602729201605349
12282.3	0.6581151201605346
12284.0	0.6359783201605349
12285.7	0.09223854016053483
12287.3	-0.2780048898394652
12289.0	-0.24224002983946527
12290.7	0.16713822016053487
12292.3	0.7742374201605349
12294.0	1.4445040201605346
12295.7	1.1693769201605348
12297.4	0.8701251201605349
12299.0	-0.06532029983946534
12300.7	-0.6064044798394652
12302.4	-1.0215264798394652
12304.0	-1.0063181798394651
12305.7	-0.6694291598394649
12307.4	0.11150212016053489
12309.0	0.6407921201605348
12310.7	1.6860850201605353
12312.4	2.2170225201605347
12314.0	2.5967259201605346
12315.7	2.552837720160535
12317.4	2.264651520160535
12319.0	1.7876299201605348
12320.7	1.722501220160535
12322.4	1.525575020160535
12324.0	1.6444132201605348
12325.7	1.6413967201605348
12327.4	1.5746025201605347
12329.0	1.538397620160535
12330.7	1.6515026201605352
12332.4	1.372202720160535
12334.0	1.489195120160535
12335.7	1.3408266201605348
12337.4	1.413386520160535
12339.0	1.5121978101605347
12340.7	1.6497907201605346
12342.4	1.3814734501605348
12344.1	1.1170041201605347
12345.7	0.38477392016053474
12347.4	0.027116190160534792
12349.1	0.23696972016053489
12350.7	0.9701331201605349
12352.4	1.6851989201605349
12354.1	2.4502670201605348
12355.7	2.1891606201605347
12357.4	1.6813794201605348
12359.1	1.1895488201605346
12360.7	0.9338551201605352
12362.4	0.9506778201605348
12364.1	1.6136023201605347
12365.7	1.877800220160535
12367.4	2.1912123201605347
12369.1	2.077159220160535
12370.7	1.8572066201605346
12372.4	1.2899769201605347
12374.1	1.180297920160535
12375.7	0.6579923201605351
12377.4	0.5467483201605348
12379.1	0.3155558201605347
12380.7	0.32902502016053514
12382.4	0.11018012016053494
12384.1	0.5142259201605347
12385.7	0.7167170201605348
12387.4	1.6489115201605347
12389.1	2.429278026160535
12390.8	3.200657820160535
12392.4	2.8903709201605343
12394.1	2.8980019201605343
12395.8	2.084466120160535
12397.4	1.349269120160535
12399.1	0.7207722201605347
12400.8	0.9737989201605348
12402.4	1.1430293201605348
12404.1	1.5816196201605346
12405.8	1.433847920160535
12407.4	1.7682529201605348
12409.1	1.535730920160535
12410.8	1.3353389201605348
12412.4	1.118914720160535
12414.1	1.2720771201605348
12415.8	1.2131759201605348
12417.4	0.9688936201605347
12419.1	0.49519879016053486
12420.8	0.38862042016053494
12422.4	-0.06235967983946518
12424.1	-0.42751926983946503
12425.8	-0.49961557983946525
12427.4	-0.26082377983946514
12429.1	-0.338737479839465
12430.8	-0.30853094983946505
12432.5	-0.7054883798394651
12434.1	-0.9733674798394653
12435.8	-1.4860924198394654
12437.5	-1.6201024798394652
12439.1	-1.4272299798394652
12440.8	-0.7513936798394651
12442.5	-0.24274737983946526
12444.1	0.4088416201605349
12445.8	0.6157516201605348
12447.5	0.955861220160535
12449.1	0.849322620160535
12450.8	1.0607709201605346
12452.5	0.839841220160535
12454.1	0.7569954601605347
12455.8	0.30163262016053494
12457.5	0.12709952016053483
12459.1	-0.13875327983946512
12460.8	0.12193152016053488
12462.5	-0.05289535983946516
12464.1	0.35030062016053476
12465.8	0.24579772016053472
12467.5	0.3453341201605348
12469.1	0.46738292016053473
12470.8	0.8086149201605348
12472.5	0.9244933201605348
12474.1	1.247644420160535
12475.8	0.9664596401605348
12477.5	0.6386009801605349
12479.2	0.025578860160534945
12480.8	-0.5827273798394652
12482.5	-0.7149108898394652
12484.2	-0.43017407983946515
12485.8	0.15383592016053468
12487.5	0.5341992401605349
12489.2	0.8247237201605347
12490.8	0.6189289201605348
12492.5	0.12880702016053486
12494.2	-0.1904946798394649
12495.8	-0.1890321958394649
12497.5	0.18773718016053467
12499.2	0.7096800201605348
12500.8	1.0631465201605348
12502.5	1.5262657201605347
12504.2	1.6818209201605356
12505.8	1.2984571201605348
12507.5	0.7265163201605349
12509.2	0.13599922016053503
12510.8	-0.21337827983946528
12512.5	-0.1814825798394653
12514.2	0.2814649201605349
12515.8	0.715267320160535
12517.5	1.0453470201605348
12519.2	0.8449619201605347
12520.8	0.5393735201605347
12522.5	0.324143020160535
12524.2	0.5599767401605349
12525.9	0.981658920160535
12527.5	1.5718759201605348
12529.2	1.7945719201605346
12530.9	1.803395920160535
12532.5	1.4497316201605348
12534.2	1.0761452201605353
12535.9	0.3254246201605348
12537.5	0.0774551401605349
12539.2	0.038991120160534895
12540.9	0.4174255201605349
12542.5	1.0954991701605348
12544.2	1.7921297401605352
12545.9	2.212267620160535
12547.5	2.5835574201605347
12549.2	2.0175741201605346
12550.9	1.5906484201605349
12552.5	0.8939110201605349
12554.2	0.3671389201605349
12555.9	0.065413920160535
12557.5	0.10285352016053491
12559.2	0.09353152016053486
12560.9	0.48756289016053495
12562.5	0.5783042701605348
12564.2	1.0662569201605347
12565.9	0.9576546201605348
12567.5	0.8945366201605349
12569.2	0.525274510160535
12570.9	0.4364338201605348
12572.6	0.3713902501605349
12574.2	0.637519020160535
12575.9	0.45204802016053475
12577.6	0.6601522201605349
12579.2	0.37273752016053485
12580.9	0.12369682016053485
12582.6	0.010198830160535088
12584.2	0.5635320201605347
12585.9	0.782064520160535
12587.6	1.424399820160535
12589.2	1.2657625201605351
12590.9	1.368918920160535
12592.6	0.9057547201605349
12594.2	0.6877156201605348
12595.9	0.12808882016053486
12597.6	0.36052634016053475
12599.2	0.24694911016053478
12600.9	0.5507398201605349
12602.6	0.40786862016053493
12604.2	0.9089980201605347
12605.9	0.9132128901605345
12607.6	1.0757410201605349
12609.2	0.8066024201605348
12610.9	0.8761367201605348
12612.6	0.8115272201605348
12614.3	1.012993920160535
12615.9	0.8441154001605348
12617.6	1.2893990501605348
12619.3	1.170412320160535
12620.9	0.9709920201605348
12622.6	0.6618743201605349
12624.3	0.6277659201605348
12625.9	0.38266882016053483
12627.6	0.390201520160535
12629.3	-0.0702200798394653
12630.9	0.4110068401605348
12632.6	0.7613328601605348
12634.3	1.5758641201605348
12635.9	1.8477268201605348
12637.6	2.1569406201605346
12639.3	1.618837180160535
12640.9	1.1473152201605348
12642.6	0.5019833201605348
12644.3	0.41493632016053483
12645.9	0.6112719201605348
12647.6	1.0531852601605347
12649.3	1.276614720160535
12650.9	1.8833049201605352
12652.6	2.182087220160535
12654.3	2.5635523201605346
12655.9	2.966966320160535
12657.6	2.8059877201605343
12659.3	2.3917350201605343
12661.0	2.063172820160535
12662.6	1.3972572201605349
12664.3	1.072950520160535
12666.0	0.7242483201605349
12667.6	0.37928052016053493
12669.3	-0.004640679839465011
12671.0	-0.10478307983946529
12672.6	-0.5360083298394652
12674.3	0.012645120160534784
12676.0	0.09197552016053487
12677.6	0.6154383301605348
12679.3	0.6148221201605351
12681.0	0.913829820160535
12682.6	0.8750519201605347
12684.3	1.358407820160535
12686.0	1.3367479201605348
12687.6	1.9213019201605348
12689.3	1.9582652201605348
12691.0	2.4095863201605345
12692.6	2.038829920160535
12694.3	1.7648007201605345
12696.0	1.084127820160535
12697.6	1.100408020160535
12699.3	1.1046985201605348
12701.0	2.0012473201605347
12702.6	2.686109920160534
12704.3	3.296765920160534
12706.0	2.9394559201605346
12707.7	2.7680047601605353
12709.3	2.1392326201605347
12711.0	2.007325320160535
12712.7	1.8000580201605345
12714.3	1.7187100801605346
12716.0	1.2152472201605349
12717.7	0.8922739201605351
12719.3	0.5727203201605351
12721.0	0.803323820160535
12722.7	0.8341073201605347
12724.3	1.1033744001605346
12726.0	1.258246420160535
12727.7	1.211148020160535
12729.3	0.7987802201605348
12731.0	0.3864484301605349
12732.7	-0.10034687983946515
12734.3	-0.340590179839465
12736.0	-0.8784593798394651
12737.7	-1.021859379839465
12739.3	-1.1817440798394654
12741.0	-1.0765367798394654
12742.7	-0.8248625698394652
12744.3	-0.3341081498394651
12746.0	-0.5338411798394651
12747.7	-0.5544969798394653
12749.3	-0.6949521798394651
12751.0	-0.6136891798394652
12752.7	-0.07193787983946524
12754.4	0.7059359201605349
12756.0	1.127113520160535
12757.7	1.5013569201605346
12759.4	0.9455376401605348
12761.0	0.40543212016053465
12762.7	0.08324572016053473
12764.4	0.0779899901605349
12766.0	0.1757314201605349
12767.7	0.5410353201605347
12769.4	0.6212300201605349
12771.0	0.9983269201605349
12772.7	1.316211220160535
12774.4	1.8248763201605347
12776.0	1.9333498201605348
12777.7	2.2805325201605346
12779.4	1.843657420160535
12781.0	1.5580160101605345
12782.7	1.002503320160535
12784.4	0.6859530201605348
12786.0	0.7285156201605347
12787.7	1.0590412201605346
12789.4	0.697885920160535
12791.0	0.6562572201605348
12792.7	0.03795732016053508
12794.4	-0.2439104798394653
12796.1	-0.28507527983946523
12797.7	-0.03488437983946522
12799.4	0.36355062016053485
12801.1	0.9077899201605348
12802.7	0.7160345201605348
12804.4	0.6435488501605349
12806.1	0.156252420160535
12807.7	0.13546302016053485
12809.4	-0.06853067983946497
12811.1	0.12881420016053488
12812.7	0.06785111016053502
12814.4	0.09012302016053489
12816.1	-0.21161237983946518
12817.7	-0.2547366798394652
12819.4	-0.7014361798394653
12821.1	-0.6512271698394654
12822.7	-0.6229622298394653
12824.4	-0.2940145798394651
12826.1	-0.40549924983946506
12827.7	-0.18536537983946513
12829.4	-0.23140557983946497
12831.1	-0.21045367983946522
12832.7	-0.5870144498394653
12834.4	-1.0764032798394652
12836.1	-1.368361479839465
12837.7	-1.3276957798394649
12839.4	-1.3972502798394655
12841.1	-0.6887594698394652
12842.8	-0.307299979839465
12844.4	0.35654962016053493
12846.1	0.7576659201605349
12847.8	0.8480269201605349
12849.4	1.0389888201605348
12851.1	1.287645820160535
12852.8	1.2050564201605347
12854.4	1.4439008201605348
12856.1	1.2532174201605346
12857.8	1.0521193201605348
12859.4	0.6083348701605348
12861.1	0.03522972016053476
12862.8	-0.3096591698394654
12864.4	-0.32861787983946494
12866.1	0.04928842016053494
12867.8	0.7708429201605349
12869.4	1.4176571201605348
12871.1	2.0625073901605346
12872.8	2.3852064201605345
12874.4	2.510744620160535
12876.1	2.178584220160535
12877.8	1.536562710160535
12879.4	0.6458617201605349
12881.1	0.13688952016053474
12882.8	-0.01668767983946511
12884.4	0.15893062016053486
12886.1	0.4349711201605347
12887.8	0.9960429201605349
12889.5	0.6942807201605348
12891.1	0.4585785201605349
12892.8	0.1224444601605347
12894.5	0.48327722016053476
12896.1	1.292760220160535
12897.8	2.143054520160535
12899.5	2.541750650160535
12901.1	2.890108720160535
12902.8	2.3051431201605346
12904.5	1.770271720160535
12906.1	0.9677779201605347
12907.8	0.7788944201605348
12909.5	0.6282538201605348
12911.1	0.7914452201605349
12912.8	0.3959391201605347
12914.5	0.7226848901605348
12916.1	0.7241181201605348
12917.8	1.2812260201605348
12919.5	1.4500215201605349
12921.1	2.2423373201605346
12922.8	2.430443320160535
12924.5	2.6400109201605355
12926.1	1.907693920160535
12927.8	1.6218763201605348
12929.5	1.356952820160535
12931.1	1.5609050651605352
12932.8	1.4406755201605352
12934.5	1.4718340201605347
12936.2	0.8897609201605349
12937.8	0.34728892016053475
12939.5	-0.1958877798394653
12941.2	-0.17805217983946528
12942.8	0.3190209201605347
12944.5	0.9246828201605348
12946.2	1.3714344201605346
12947.8	1.8004399201605352
12949.5	1.5729719201605352
12951.2	1.4509609201605351
12952.8	1.012935120160535
12954.5	0.6802489201605348
12956.2	0.07902812016053469
12957.8	-0.14031807983946498
12959.5	-0.2126600798394656
12961.2	0.25455492016053477
12962.8	0.5470651201605348
12964.5	0.9627410201605349
12966.2	0.7786313201605349
12967.8	1.0395752201605348
12969.5	0.7523842201605351
12971.2	0.7574530201605347
12972.8	0.7399282201605347
12974.5	0.7842240201605348
12976.2	0.6315748201605349
12977.9	0.8129692201605347
12979.5	0.44128332016053473
12981.2	0.7564893201605349
12982.9	0.9945117201605349
12984.5	1.2315958901605348
12986.2	1.2689495201605347
12987.9	1.5603009201605347
12989.5	1.4036199201605348
12991.2	1.5520322201605348
12992.9	0.8771202201605348
12994.5	0.33701632016053473
12996.2	-0.26597567983946535
12997.9	-0.7346300798394653
12999.5	-1.3630760798394657
13001.2	-1.2475727798394654
13002.9	-1.237695479839465
13004.5	-0.5760525798394651
13006.2	-0.3404072898394651
13007.9	-0.04028377983946525
13009.5	-0.0897052798394653
13011.2	-0.24850707983946513
13012.9	-0.7783609798394652
13014.5	-0.8249904798394654
13016.2	-0.9547923798394649
13017.9	-0.8028663798394653
13019.5	-0.9807027798394652
13021.2	-0.9600755798394653
13022.9	-1.029778019839465
13024.6	-0.37375707983946516
13026.2	0.27925052016053453
13027.9	1.1026014201605345
13029.6	1.4138469201605346
13031.2	1.483863620160535
13032.9	1.1618550201605349
13034.6	1.1737341201605347
13036.2	1.220276520160535
13037.9	1.8571230201605347
13039.6	2.1092717201605344
13041.2	2.0902731201605347
13042.9	1.723023520160535
13044.6	1.2538289201605348
13046.2	0.8366851201605348
13047.9	1.0838195201605347
13049.6	1.5005963201605348
13051.2	2.366384420160535
13052.9	2.477338420160535
13054.6	2.411325220160535
13056.2	2.0562726201605352
13057.9	1.3527443201605347
13059.6	0.6117178201605348
13061.2	0.046080620160534914
13062.9	-0.6143330798394653
13064.6	-0.7701319998394652
13066.2	-1.318996199839465
13067.9	-1.353690379839465
13069.6	-0.8566491798394651
13071.3	-0.15763507983946515
13072.9	0.48343362016053487
13074.6	1.066983320160535
13076.3	0.9294229201605347
13077.9	0.587315520160535
13079.6	-0.14665217983946519
13081.3	-0.5785776798394651
13082.9	-0.886259079839465
13084.6	-0.9868232598394651
13086.3	-1.1276099798394648
13087.9	-1.0782429798394653
13089.6	-1.0928099798394653
13091.3	-0.4325263098394653
13092.9	0.1699554701605349
13094.6	0.8818631201605349
13096.3	1.189631020160535
13097.9	1.2676612201605348
13099.6	1.3254408201605352
13101.3	1.503675820160535
13102.9	1.9827221201605347
13104.6	2.4118029201605347
13106.3	2.1998606201605346
13107.9	1.436114750160535
13109.6	-0.1432329798394652
13111.3	-1.258819679839465
13112.9	-1.538711279839465
13114.6	-1.324875079839465
13116.3	-0.11665127983946535
13118.0	1.3220342201605348
13119.6	2.2340809201605354
13121.3	2.7858903201605347
13123.0	2.5126449201605348
13124.6	2.2284655201605346
13126.3	2.0227556201605346
13128.0	2.095763520160535
13129.6	2.358706920160535
13131.3	2.5768169201605344
13133.0	2.4965694201605353
13134.6	1.913668920160535
13136.3	0.8075345201605348
13138.0	-0.14991707983946506
13139.6	-0.7120276798394654
13141.3	-0.792746479839465
13143.0	-0.8143107798394652
13144.6	-0.9142644798394652
13146.3	-0.8411500798394653
13148.0	-0.47919991983946525
13149.6	-0.26735656983946504
13151.3	0.10516151016053481
13153.0	0.3741818201605348
13154.6	0.650378220160535
13156.3	0.5592608201605349
13158.0	0.5316619201605349
13159.7	0.293559920160535
13161.3	0.5891589201605346
13163.0	0.3957729201605347
13164.7	0.2703029201605351
13166.3	0.1448789201605348
13168.0	0.1811465201605346
13169.7	0.00458991016053476
13171.3	0.15694552016053498
13173.0	-0.01053787983946517
13174.7	0.42825922016053486
13176.3	0.7215056201605348
13178.0	1.2944308201605348
13179.7	1.3944420201605348
13181.3	1.2688964501605349
13183.0	0.8775358201605348
13184.7	0.6170649201605347
13186.3	0.33164792016053496
13188.0	0.5668636201605348
13189.7	0.4796125201605349
13191.3	0.7555628201605351
13193.0	0.5969757501605348
13194.7	0.1303748201605349
13196.3	-0.17955337983946512
13198.0	-0.15355007983946506
13199.7	-0.10830080983946519
13201.3	0.47650842016053474
13203.0	0.542003720160535
13204.7	0.6759891741605347
13206.4	0.8206637101605349
13208.0	1.050450820160535
13209.7	1.0441730801605351
13211.4	1.3310596201605347
13213.0	1.2052325201605352
13214.7	1.2274263201605349
13216.4	0.9696129201605348
13218.0	1.0209228201605347
13219.7	0.7472597201605347
13221.4	1.0218864201605347
13223.0	0.7837130201605349
13224.7	0.5012591201605349
13226.4	0.16595422016053485
13228.0	0.1554829201605347
13229.7	0.2773713201605349
13231.4	0.7519733201605348
13233.0	0.41448540016053464
13234.7	0.3853902201605348
13236.4	-0.06010706983946505
13238.0	-0.15133651983946522
13239.7	-0.3328066798394652
13241.4	0.029932900160534803
13243.0	0.3562266401605348
13244.7	0.6343585201605348
13246.4	0.36148592016053493
13248.0	0.31360412016053496
13249.7	0.13067482016053483
13251.4	0.04229442016053477
13253.1	-0.43831837983946526
13254.7	-0.44407167983946516
13256.4	-0.5759350798394653
13258.1	0.17686752016053503
13259.7	0.501841850160535
13261.4	1.0013029201605348
13263.1	0.9570668201605347
13264.7	0.701939120160535
13266.4	0.2654419201605349
13268.1	0.36258642016053494
13269.7	0.07010440966053481
13271.4	0.5501169201605348
13273.1	-0.19138347983946521
13274.7	-0.5592087098394654
13276.4	-1.549530579839465
13278.1	-1.9445129798394654
13279.7	-2.205576679839465
13281.4	-1.9559220798394654
13283.1	-1.558385379839465
13284.7	-0.4743342098394653
13286.4	-0.1960213798394653
13288.1	-0.019394379839464994
13289.7	-0.8014458798394652
13291.4	-1.6420454798394648
13293.1	-2.703596079839465
13294.7	-2.9876320798394653
13296.4	-3.091692079839465
13298.1	-2.3677730798394654
13299.8	-1.7162313798394648
13301.4	-1.1138224798394651
13303.1	-0.8409628798394657
13304.8	-0.26163637983946514
13306.4	-0.13731957983946508
13308.1	0.48365372016053493
13309.8	0.5129133201605349
13311.4	0.7933084201605349
13313.1	0.7470733001605347
13314.8	0.8199425201605347
13316.4	0.5101179201605349
13318.1	0.6116337201605349
13319.8	0.4190089201605347
13321.4	0.5503581201605348
13323.1	0.4334824301605346
13324.8	0.7816081201605348
13326.4	0.8930206201605347
13328.1	1.0583072201605348
13329.8	1.036221420160535
13331.4	1.0225296201605347
13333.1	0.7514170301605348
13334.8	0.520360820160535
13336.4	0.2969067201605349
13338.1	0.21584536016053485
13339.8	0.3760015201605348
13341.5	0.5674044201605348
13343.1	0.9091517201605349
13344.8	1.036652620160535
13346.5	1.014901610160535
13348.1	0.8443962201605348
13349.8	0.9515589201605348
13351.5	1.128863120160535
13353.1	1.5476059201605348
13354.8	1.8702919201605348
13356.5	2.270678020160535
13358.1	2.2316837201605346
13359.8	1.866273640160535
13361.5	1.2968125201605347
13363.1	0.8658333201605348
13364.8	0.3179839201605349
13366.5	-0.1622273798394649
13368.1	-0.7454276578394653
13369.8	-0.9643940798394649
13371.5	-0.9132960798394653
13373.1	-0.7017598798394651
13374.8	-0.3174794798394653
13376.5	-0.11808107983946528
13378.1	-0.15650787983946524
13379.8	-0.5697940798394647
13381.5	-0.6160490798394653
13383.1	-0.7367780798394653
13384.8	-0.48447607983946506
13386.5	-0.36371607983946513
13388.2	0.1263351201605351
13389.8	0.16054857016053498
13391.5	0.6342884201605348
13393.2	0.941642520160535
13394.8	1.3738446801605348
13396.5	1.2307888201605346
13398.2	1.1407206201605349
13399.8	1.0178733201605348
13401.5	1.2837103201605349
13403.2	1.410968220160535
13404.8	1.6582565201605348
13406.5	1.820362420160535
13408.2	1.9674037201605352
13409.8	1.780204920160535
13411.5	1.6088999201605347
13413.2	1.4483509201605347
13414.8	1.452174820160535
13416.5	1.4022916201605349
13418.2	1.6536659201605346
13419.8	2.2070289201605346
13421.5	2.4491089201605347
13423.2	2.0475799201605347
13424.8	1.248732120160535
13426.5	0.22019322016053477
13428.2	-0.3555560898394649
13429.8	-0.9475670798394651
13431.5	-0.9337791798394652
13433.2	-0.7466812798394651
13434.9	-0.5882899798394652
13436.5	-0.8947723798394653
13438.2	-1.1982808798394653
13439.9	-1.3152130038394652
13441.5	-0.8554811798394655
13443.2	-0.3572866798394655
13444.9	0.9107089201605352
13446.5	1.713591520160535
13448.2	2.363298420160535
13449.9	2.061397920160535
13451.5	1.619133020160535
13453.2	0.8519301201605348
13454.9	0.447205920160535
13456.5	0.42531212016053477
13458.2	0.836506120160535
13459.9	1.176406420160535
13461.5	1.744191490160535
13463.2	1.2585981201605345
13464.9	1.0574739201605348
13466.5	0.5738009201605347
13468.2	0.09427852016053477
13469.9	-0.15124037983946517
13471.5	0.007432920160534806
13473.2	-0.4856529738394653
13474.9	-0.41298977983946517
13476.5	-0.7230732798394653
13478.2	-0.3829895398394651
13479.9	-0.028840979839465142
13481.6	0.672735020160535
13483.2	0.7321373201605349
13484.9	1.3412052201605347
13486.6	1.294998420160535
13488.2	1.4268488201605352
13489.9	1.1566439201605347
13491.6	0.9148929201605345
13493.2	0.0339622501605346
13494.9	-0.700155179839465
13496.6	-1.5206100798394653
13498.2	-1.6103084798394653
13499.9	-1.583953679839465
13501.6	-1.090295179839465
13503.2	-0.8163917798394651
13504.9	-0.6130630798394653
13506.6	-0.49083017983946514
13508.2	-0.2859520798394651
13509.9	0.1640248201605349
13511.6	0.6256801201605346
13513.2	1.1518659201605348
13514.9	1.4103283201605348
13516.6	1.297427820160535
13518.2	1.296941820160535
13519.9	1.3609560401605347
13521.6	1.6860587201605348
13523.3	1.928922320160535
13524.9	1.9627424201605348
13526.6	1.8467079201605348
13528.3	1.6285229201605347
13529.9	0.940069920160535
13531.6	0.7707119201605348
13533.3	0.5588732701605347
13534.9	0.596544920160535
13536.6	0.4311347201605349
13538.3	0.46986592016053474
13539.9	0.18531092016053483
13541.6	0.46355732016053486
13543.3	0.6593244201605348
13544.9	0.8232896201605346
13546.6	0.9311745601605349
13548.3	0.6094127091605348
13549.9	-0.26365007983946515
13551.6	-0.9016220798394652
13553.3	-1.374203579839465
13554.9	-1.722099179839465
13556.6	-1.3408154798394651
13558.3	-0.9279810798394653
13559.9	-0.6107492798394651
13561.6	0.439441020160535
13563.3	0.9730745201605349
13564.9	1.5172688201605347
13566.6	2.160636720160535
13568.3	2.024088520160535
13570.0	1.5908952201605346
13571.6	1.594702220160535
13573.3	1.061452520160535
13575.0	1.034546420160535
13576.6	1.074480320160535
13578.3	1.0752608201605347
13580.0	1.553904320160535
13581.6	1.6784615201605348
13583.3	1.4251482201605348
13585.0	1.1157830201605348
13586.6	0.433070920160535
13588.3	0.023187020160534776
13590.0	-0.01939347983946522
13591.6	-0.004553169839465099
13593.3	-0.1477660798394652
13595.0	-0.5265529798394651
13596.6	-0.9484197798394651
13598.3	-0.942155079839465
13600.0	-0.7298381798394649
13601.6	0.09927892016053494
13603.3	0.48564342016053486
13605.0	0.8778809201605347
13606.6	0.9354637201605349
13608.3	0.8312723201605351
13610.0	1.0956503201605345
13611.6	1.575144920160535
13613.3	1.8966636201605347
13615.0	2.741841220160535
13616.7	2.964451680160535
13618.3	2.872994720160535
13620.0	2.5794816301605343
13621.7	1.8570991301605346
13623.3	0.8151853501605351
13625.0	-0.006047479839465075
13626.7	-0.8025393298394652
13628.3	-0.9863323798394651
13630.0	-1.1258755798394653
13631.7	-0.8967807998394651
13633.3	-0.9802371178394651
13635.0	-0.4536375798394654
13636.7	-0.5504780798394652
13638.3	-0.4269285798394652
13640.0	-0.575183079839465
13641.7	-0.05190007983946519
13643.3	0.034818920160535075
13645.0	0.2961402201605349
13646.7	-0.03062057983946529
13648.3	-0.18789797983946527
13650.0	-0.9455530798394651
13651.7	-1.1404327825394653
13653.3	-1.2401146798394653
13655.0	-0.6263110798394652
13656.7	-0.028986179839465186
13658.3	0.4404122601605347
13660.0	0.3425772201605349
13661.7	0.04836592016053483
13663.4	-0.4848500798394654
13665.0	-0.811906079839465
13666.7	-0.4890660798394652
13668.4	0.1787059201605347
13670.0	0.7196503201605349
13671.7	1.4341121201605347
13673.4	1.7909039201605346
13675.0	2.028120920160535
13676.7	1.9362606201605348
13678.4	1.5583575201605346
13680.0	0.8721950201605349
13681.7	0.355082320160535
13683.4	0.13700962016053478
13685.0	0.44943912016053494
13686.7	1.1253287201605349
13688.4	1.8784963201605351
13690.0	1.8415892201605348
13691.7	1.5829257201605347
13693.4	0.9046389201605349
13695.0	-0.01793877983946519
13696.7	-0.271150179839465
13698.4	-0.006772599839465166
13700.0	0.1356264201605349
13701.7	0.6090395201605348
13703.4	0.1959590201605348
13705.0	0.004761320160534943
13706.7	-0.06054467983946523
13708.4	-0.08726551983946518
13710.1	0.0675869201605348
13711.7	0.4149517201605349
13713.4	-0.02309217983946521
13715.1	-0.05068507583946502
13716.7	-0.471712269839465
13718.4	0.16338784016053481
13720.1	0.7620282201605348
13721.7	1.163371120160535
13723.4	1.4392130601605349
13725.1	1.4152177601605347
13726.7	0.45336332016053493
13728.4	0.07617951016053484
13730.1	-0.825061279839465
13731.7	-1.5000833798394648
13733.4	-2.011367879839465
13735.1	-2.259494179839465
13736.7	-1.941477079839465
13738.4	-0.7166575798394652
13740.1	-0.16190247983946518
13741.7	0.6059584201605347
13743.4	1.0856344201605346
13745.1	1.202329000160535
13746.7	1.1400060201605346
13748.4	1.246350120160535
13750.1	0.8036062201605348
13751.8	0.5950309201605349
13753.4	0.20954392016053508
13755.1	-0.10917097983946525
13756.8	-0.29131122983946495
13758.4	-0.40814617983946544
13760.1	-0.760253679839465
13761.8	-0.45010965983946516
13763.4	-0.40163896983946545
13765.1	0.4790467801605348
13766.8	1.436759220160535
13768.4	2.6863489762605344
13770.1	3.7532907201605346
13771.8	4.096770820160534
13773.4	3.614192420160535
13775.1	3.1614056201605343
13776.8	2.038753920160535
13778.4	1.4849837201605351
13780.1	0.6748663201605348
13781.8	0.23985612016053465
13783.4	-0.11499527983946498
13785.1	-0.22750778983946535
13786.8	-0.517460979839465
13788.4	-0.40705047983946513
13790.1	-0.42262957983946503
13791.8	-0.47659527983946487
13793.4	-0.7026340798394651
13795.1	-0.6288117798394653
13796.8	-0.5970500798394653
13798.5	0.19591382016053488
13800.1	0.5734547201605347
13801.8	0.9362458201605348
13803.5	0.8605955201605349
13805.1	0.761291520160535
13806.8	0.27134154016053474
13808.5	0.7498725201605347
13810.1	0.6858021201605347
13811.8	0.7570916001605349
13813.5	0.01794272016053471
13815.1	-0.8794430798394652
13816.8	-1.4974967798394647
13818.5	-1.7014458798394654
13820.1	-1.532100099839465
13821.8	-0.3193422798394653
13823.5	0.2701643201605348
13825.1	0.8247489201605349
13826.8	1.0960116201605348
13828.5	1.0608406201605347
13830.1	1.2537549201605347
13831.8	1.1323232201605349
13833.5	1.2704547201605352
13835.1	1.3331547201605347
13836.8	1.012192005160535
13838.5	0.44709692016053476
13840.1	0.2652819201605349
13841.8	0.5173369201605349
13843.5	1.1267217201605348
13845.2	1.7892452201605349
13846.8	2.4847347201605343
13848.5	2.7682535201605347
13850.2	2.481211120160535
13851.8	1.6918414201605347
13853.5	1.2514228201605346
13855.2	0.8009715201605347
13856.8	0.44449862016053504
13858.5	0.22903012016053478
13860.2	0.40860372016053487
13861.8	1.0577459201605348
13863.5	1.6733323201605348
13865.2	1.8015714201605348
13866.8	1.790696520160535
13868.5	1.3536692201605347
13870.2	0.7858952201605348
13871.8	0.32108832016053496
13873.5	0.1898374201605348
13875.2	0.1020289201605347
13876.8	0.16381992016053498
13878.5	0.08988892016053489
13880.2	0.4241093201605349
13881.8	0.9595968201605352
13883.5	1.1966640201605347
13885.2	1.516275320160535
13886.8	1.2060035201605348
13888.5	0.429215020160535
13890.2	-0.09132337983946526
13891.9	-0.4478936798394651
13893.5	-0.6668480798394653
13895.2	0.176284720160535
13896.9	0.272132320160535
13898.5	0.7092275201605349
13900.2	0.5294068001605347
13901.9	0.28841592016053486
13903.5	-0.4035405198394651
13905.2	-0.49642887983946504
13906.9	-0.9533955798394651
13908.5	-0.9949378798394655
13910.2	-1.5113530798394654
13911.9	-1.610631079839465
13913.5	-1.6355680798394652
13915.2	-0.697577079839465
13916.9	-0.05871267983946513
13918.5	0.834809920160535
13920.2	1.2381978201605346
13921.9	0.9108510201605349
13923.5	-0.019338779839465213
13925.2	-0.3888870798394649
13926.9	-0.388680379839465
13928.5	0.45586592016053495
13930.2	1.0604782201605347
13931.9	1.491350120160535
13933.6	1.6089545201605346
13935.2	1.209077920160535
13936.9	0.47599662016053496
13938.6	0.6296118201605352
13940.2	0.8288849201605348
13941.9	1.5566048201605347
13943.6	1.7367243201605347
13945.2	1.4752029201605348
13946.9	0.993228920160535
13948.6	0.11559872016053489
13950.2	-0.9853504798394648
13951.9	-1.0609606798394657
13953.6	-1.0378862798394652
13955.2	-0.26438567983946515
13956.9	0.46489002016053504
13958.6	1.1512559201605348
13960.2	1.542065920160535
13961.9	1.8455052201605349
13963.6	1.718380920160535
13965.2	1.6821652201605346
13966.9	1.3960962201605347
13968.6	1.093135920160535
13970.2	0.684687770160535
13971.9	0.36907812016053476
13973.6	-0.14939597983946512
13975.2	-0.11317507983946533
13976.9	0.2436619201605347
13978.6	0.8275502201605349
13980.3	1.6023074201605347
13981.9	2.272924520160535
13983.6	2.314962920160535
13985.3	2.0046940201605343
13986.9	1.085896520160535
13988.6	0.7723447201605349
13990.3	0.9453632201605349
13991.9	1.2618049201605346
13993.6	1.8124029201605345
13995.3	2.167006820160535
13996.9	1.9544184201605348
13998.6	2.0329863201605347
14000.3	1.575049020160535
14001.9	1.263577520160535
14003.6	0.6112709201605349
14005.3	-0.4456330798394652
14006.9	-1.7586310798394649
14008.6	-2.662052379839465
14010.3	-2.978223679839465
14011.9	-2.609944679839465
14013.6	-2.1038090798394653
14015.3	-1.332398219839465
14016.9	-1.2771411798394652
14018.6	-1.164149779839465
14020.3	-1.193967079839465
14021.9	-0.6972416798394651
14023.6	0.282142420160535
14025.3	1.0801297201605347
14027.0	1.129054620160535
14028.6	1.204408420160535
14030.3	0.7574026401605346
14032.0	0.5973299201605349
14033.6	0.3155449201605349
14035.3	0.5701939201605347
14037.0	0.5358001501605348
14038.6	0.6577810831605346
14040.3	0.2449551201605349
14042.0	0.06873012016053477
14043.6	-0.2008327798394652
14045.3	0.1203309201605349
14047.0	0.3244987001605349
14048.6	0.9858846201605347
14050.3	1.5038898201605349
14052.0	2.126033910160535
14053.6	1.3028143201605349
14055.3	0.3383699201605349
14057.0	-0.7582804698394652
14058.6	-0.819481179839465
14060.3	-0.6011827798394652
14062.0	0.0504769201605348
14063.6	0.569884086160535
14065.3	0.8384949501605348
14067.0	0.2918541201605347
14068.6	-0.2295815798394651
14070.3	-0.6590242798394653
14072.0	-0.19544837983946514
14073.7	-0.011546879839465164
14075.3	0.5677309301605348
14077.0	1.152705920160535
14078.7	1.0133099201605347
14080.3	0.7308950501605349
14082.0	0.5991865201605348
14083.7	0.4668143201605348
14085.3	1.0255049201605348
14087.0	1.6500669201605347
14088.7	2.5189009201605352
14090.3	2.7877411201605353
14092.0	2.885143120160535
14093.7	2.3739851201605346
14095.3	1.5870054201605348
14097.0	0.42227462016053485
14098.7	-0.747358879839465
14100.3	-1.786742679839465
14102.0	-1.7061312498394652
14103.7	-1.4685395798394656
14105.3	-0.7886820798394651
14107.0	-0.0713370798394651
14108.7	0.18380992016053485
14110.3	-0.010379379839464997
14112.0	-0.0600778798394652
14113.7	-0.589477279839465
14115.4	-0.3723218798394653
14117.0	0.020251620160535035
14118.7	0.591900320160535
14120.4	1.1522420201605348
14122.0	1.5714899201605348
14123.7	1.2896152901605347
14125.4	1.1399819201605348
14127.0	0.5119789201605348
14128.7	0.626988420160535
14130.4	0.7286899201605351
14132.0	1.1441290201605347
14133.7	1.0814593201605347
14135.4	1.2145265201605349
14137.0	1.0052969201605348
14138.7	1.3064579201605349
14140.4	1.4013232201605348
14142.0	1.4866349201605347
14143.7	1.268165220160535
14145.4	1.1710259201605349
14147.0	0.7928498701605349
14148.7	1.209249320160535
14150.4	1.618467853160535
14152.0	2.457487480160535
14153.7	3.022428920160535
14155.4	3.3893526201605346
14157.0	3.377496720160534
14158.7	3.4925599201605344
14160.4	3.1651460501605344
14162.1	2.589770920160535
14163.7	1.6536617201605346
14165.4	1.1320602201605348
14167.1	0.526239520160535
14168.7	0.8678199201605349
14170.4	1.7202941201605348
14172.1	2.755189220160535
14173.7	3.3336655201605345
14175.4	3.106212090160535
14177.1	1.6462764201605347
14178.7	0.41142292016053494
14180.4	-0.6374249698394652
14182.1	-0.7219005798394653
14183.7	-0.38709567983946513
14185.4	0.4808265201605346
14187.1	0.9013967201605348
14188.7	1.7669897201605351
14190.4	1.8847029201605348
14192.1	2.1364411331605346
14193.7	2.370888520160535
14195.4	2.5305548601605343
14197.1	1.7283462201605349
14198.7	1.1023129001605347
14200.4	0.0821849901605348
14202.1	-0.14221907983946522
14203.7	-0.7802967098394653
14205.4	-1.0384275798394653
14207.1	-1.3317600798394649
14208.8	-1.1612273098394648
14210.4	-1.3543260798394652
14212.1	-1.0030644798394655
14213.8	-0.6536196798394656
14215.4	0.3653525201605351
14217.1	1.0303241201605349
14218.8	1.9848109201605353
14220.4	2.1203721201605346
14222.1	2.1753573201605345
14223.8	1.9296887401605347
14225.4	1.520125920160535
14227.1	0.9941784201605348
14228.8	1.061108020160535
14230.4	0.6814689201605351
14232.1	0.7345163201605349
14233.8	0.08443400016053478
14235.4	-0.13200997983946516
14237.1	-0.3366365898394651
14238.8	-0.031513179839465
14240.4	0.11968482016053476
14242.1	0.9588898201605349
14243.8	1.429155550160535
14245.4	2.223223820160535
14247.1	1.9458529201605343
14248.8	1.7415131201605347
14250.4	1.4733577101605349
14252.1	1.0977569201605348
14253.8	1.0497269201605346
14255.5	1.2350109201605348
14257.1	1.158269120160535
14258.8	1.3515439201605346
14260.5	0.8943210801605351
14262.1	0.33807692016053476
14263.8	0.2868919401605349
14265.5	-0.4024615798394652
14267.1	-0.6009423798394653
14268.8	-0.6859260798394649
14270.5	-0.9947923798394651
14272.1	-0.4651000798394655
14273.8	-0.09322803983946484
14275.5	0.2871310001605347
14277.1	0.5888604201605345
14278.8	0.7306911201605348
14280.5	0.4973115201605348
14282.1	0.12105592016053483
14283.8	-0.727906379839465
14285.5	-1.2545360798394651
14287.1	-1.809461279839465
14288.8	-1.626117679839465
14290.5	-1.4324433798394653
14292.1	-0.48998747983946506
14293.8	0.21055292016053478
14295.5	0.9270759201605347
14297.2	1.1658248201605348
14298.8	1.417032150160535
14300.5	0.860011590160535
14302.2	0.05378592016053485
14303.8	-0.9335767798394654
14305.5	-1.656640079839466
14307.2	-1.632247779839465
14308.8	-0.8078565798394651
14310.5	0.12239777016053459
14312.2	1.071961720160535
14313.8	1.2799448201605348
14315.5	1.1826154201605352
14317.2	0.7747609201605347
14318.8	0.09640722016053482
14320.5	0.2046170201605349
14322.2	0.2264259201605348
14323.8	-0.1811340798394651
14325.5	-0.6293193798394651
14327.2	-1.4585492798394653
14328.8	-1.7982590798394653
14330.5	-1.860384879839465
14332.2	-1.6282816798394655
14333.8	-0.8878498798394651
14335.5	0.37114852016053496
14337.2	1.2648295201605346
14338.8	1.9480766201605348
14340.5	2.167698920160535
14342.2	2.1143929201605354
14343.9	1.6201229201605343
14345.5	1.213182730160535
14347.2	0.5573557201605348
14348.9	0.5237902201605349
14350.5	0.558249120160535
14352.2	1.054269120160535
14353.9	1.371648520160535
14355.5	1.7768924201605352
14357.2	2.2652339201605347
14358.9	2.788530720160535
14360.5	2.614804520160534
14362.2	2.1825311201605344
14363.9	1.7690570201605351
14365.5	1.6440950201605347
14367.2	1.7148806201605347
14368.9	2.0602291201605354
14370.5	2.430189570160535
14372.2	2.635495220160535
14373.9	2.189807120160535
14375.5	1.528596220160535
14377.2	1.547800620160535
14378.9	2.0659640201605347
14380.5	2.509467220160535
14382.2	3.1263477201605347
14383.9	3.0602678201605342
14385.5	2.7108539201605346
14387.2	2.113819720160534
14388.9	1.8805942201605348
14390.6	1.834818120160535
14392.2	2.229631920160535
14393.9	1.7946569201605342
14395.6	1.5060192201605345
14397.2	0.6383069201605347
14398.9	-0.026851579839465012
14400.6	-0.22757967983946514
14402.2	0.42939672016053476
14403.9	0.8822638201605347
14405.6	1.800699320160535
14407.2	2.326128420160535
14408.9	2.688312950160535
14410.6	2.812165420160535
14412.2	2.7710538201605344
14413.9	2.3868454201605345
14415.6	2.0474719721605346
14417.2	1.373438920160535
14418.9	1.104230920160535
14420.6	1.1453109201605352
14422.2	1.4335496201605349
14423.9	1.9358478201605345
14425.6	2.6024325201605345
14427.2	2.878420720160535
14428.9	2.994743440160535
14430.6	2.5916885201605355
14432.2	2.4761999201605347
14433.9	1.8581698201605348
14435.6	1.3513163901605352
14437.3	1.178550270160535
14438.9	1.2171139201605348
14440.6	0.8571211201605345
14442.3	1.0408904201605347
14443.9	1.025779520160535
14445.6	1.8739119201605348
14447.3	2.167289020160535
14448.9	2.240783920160535
14450.6	2.0483219201605345
14452.3	1.7309139201605348
14453.9	0.8222429201605348
14455.6	0.6522885201605348
14457.3	0.34483422016053483
14458.9	0.7308472201605347
14460.6	0.6650607201605349
14462.3	0.36745952016053474
14463.9	-0.1204830798394653
14465.6	-0.848193379839465
14467.3	-1.7299147798394654
14468.9	-1.9840910798394646
14470.6	-2.1050510798394653
14472.3	-1.216080079839465
14473.9	-0.21058227983946498
14475.6	0.5720180201605348
14477.3	0.7630937201605346
14479.0	0.6776297201605348
14480.6	0.26086821916053465
14482.3	0.12498692016053488
14484.0	-0.28295797983946513
14485.6	-0.6631809798394649
14487.3	-1.462219179839465
14489.0	-1.6782327798394654
14490.6	-2.4076168798394653
14492.3	-2.0812637488394654
14494.0	-1.740929079839465
14495.6	-1.3162500798394656
14497.3	-1.3079436798394652
14499.0	-1.1632919598394653
14500.6	-1.1144895798394652
14502.3	-0.34653097983946496
14504.0	0.3047769201605349
14505.6	0.8364500201605349
14507.3	0.892694820160535
14509.0	0.7803221901605346
14510.6	0.3434168201605347
14512.3	0.250867220160535
14514.0	0.583253190160535
14515.6	0.8639529201605349
14517.3	1.1748046201605349
14519.0	1.299907920160535
14520.6	1.8255170201605349
14522.3	2.031308220160535
14524.0	2.094335920160535
14525.7	1.9720077201605348
14527.3	1.3477802001605348
14529.0	0.5983086201605348
14530.7	0.12928602016053475
14532.3	-0.18468827983946526
14534.0	-0.20047387983946513
14535.7	-0.2873775798394652
14537.3	-0.7465170798394652
14539.0	-0.9170086798394648
14540.7	-1.1465210798394652
14542.3	-1.367856079839465
14544.0	-1.663427179839465
14545.7	-1.5356616798394653
14547.3	-1.8341793798394654
14549.0	-1.026976179839465
14550.7	-0.1223899798394652
14552.3	0.6421928201605348
14554.0	0.7682019701605348
14555.7	0.2716859201605348
14557.3	-0.7871326498394653
14559.0	-1.6829685798394647
14560.7	-2.158000079839465
14562.3	-1.9533973098394655
14564.0	-1.5386274798394655
14565.7	-1.3020950798394657
14567.3	-1.3690631798394652
14569.0	-1.5281026798394655
14570.7	-1.4310691798394646
14572.4	-1.5724119798394651
14574.0	-1.0713989798394652
14575.7	-0.5385756798394654
14577.4	0.2935382201605348
14579.0	0.9775543201605348
14580.7	2.047492120160535
14582.4	2.9339098201605345
14584.0	3.6991489201605345
14585.7	4.321169120160535
14587.4	4.356640920160535
14589.0	3.843387920160535
14590.7	2.6360965201605344
14592.4	0.9606012201605351
14594.0	-0.06596603983946495
14595.7	-0.4249670798394655
14597.4	-0.49925307983946504
14599.0	-0.25252607983946485
14600.7	-0.5216400798394654
14602.4	-0.7391680798394651
14604.0	-1.5924835098394652
14605.7	-2.011491179839465
14607.4	-2.352420679839465
14609.0	-1.662212979839465
14610.7	-1.218904479839465
14612.4	-0.3087919798394654
14614.0	1.133896920160535
14615.7	3.0263485201605347
14617.4	4.253372360160535
14619.1	5.230391420160535
14620.7	4.719982920160534
14622.4	3.8408169201605347
14624.1	2.3306292201605348
14625.7	1.113954020160535
14627.4	0.3384186201605347
14629.1	-0.049086139839465213
14630.7	-0.524468479839465
14632.4	-1.141357979839465
14634.1	-1.665940579839465
14635.7	-1.9264260798394652
14637.4	-2.1032880798394653
14639.1	-1.379047579839465
14640.7	-0.4053325898394652
14642.4	0.40418452016053497
14644.1	0.7771191501605348
14645.7	0.7559869201605351
14647.4	-0.046184479839465276
14649.1	-0.33192827983946527
14650.7	-0.8588731798394651
14652.4	-0.7269980798394649
14654.1	-0.319975079839465
14655.7	0.30412692016053483
14657.4	0.37523532016053485
14659.1	1.0002132201605347
14660.8	0.9553703801605348
14662.4	1.230402950160535
14664.1	1.3296729201605346
14665.8	1.2158246501605348
14667.4	1.0553760801605345
14669.1	1.2367041201605349
14670.8	1.0708309201605348
14672.4	0.9827801201605345
14674.1	0.5288931201605351
14675.8	0.0879644101605348
14677.4	0.18447722016053492
14679.1	0.30360802016053484
14680.8	0.6810381201605351
14682.4	1.0235629201605347
14684.1	1.1344029201605348
14685.8	1.0278221201605349
14687.4	0.44471842016053476
14689.1	0.03662192016053476
14690.8	0.34013174016053477
14692.4	0.5139655201605347
14694.1	0.8884279201605348
14695.8	1.187907520160535
14697.4	1.0656403201605353
14699.1	0.7712732201605349
14700.8	0.03363552016053495
14702.4	-0.706902979839465
14704.1	-0.6178335798394652
14705.8	-0.13574227983946532
14707.5	0.270467920160535
14709.1	0.9671359201605345
14710.8	1.110571020160535
14712.5	0.8267518201605346
14714.1	0.050171920160534886
14715.8	-0.724114859839465
14717.5	-1.4143459098394655
14719.1	-1.152199579839465
14720.8	-1.0185597798394652
14722.5	-0.18879547983946504
14724.1	0.2613986201605349
14725.8	0.3263359201605348
14727.5	-0.4675350798394651
14729.1	-0.8669233798394653
14730.8	-1.620240079839465
14732.5	-0.9895240798394651
14734.1	-0.42821497983946505
14735.8	0.3046877201605347
14737.5	0.8396298201605349
14739.1	0.9464927201605349
14740.8	0.5287261201605349
14742.5	0.21742192016053496
14744.1	-0.663196479839465
14745.8	-0.912727579839465
14747.5	-1.6245730798394653
14749.1	-2.0218470798394654
14750.8	-2.2402664798394647
14752.5	-1.6480376798394651
14754.2	-1.0772580798394655
14755.8	-0.29348297983946514
14757.5	0.3066191201605351
14759.2	0.7210140201605346
14760.8	0.1146508201605347
14762.5	0.10956692016053485
14764.2	-0.675000279839465
14765.8	-0.40750167983946517
14767.5	-0.2931405798394652
14769.2	0.20658362016053483
14770.8	0.7750621201605348
14772.5	1.2134858511605349
14774.2	0.8679330201605351
14775.8	1.2091890201605349
14777.5	1.0445779201605343
14779.2	1.5207899201605348
14780.8	1.8791865201605347
14782.5	2.708205320160535
14784.2	2.750547820160535
14785.8	2.5109730201605354
14787.5	2.125352920160535
14789.2	1.800558120160535
14790.8	1.3723839201605348
14792.5	1.3762148201605349
14794.2	1.1738969301605349
14795.8	1.4003924201605347
14797.5	0.6366079201605348
14799.2	-0.4303913798394651
14800.9	-1.331835379839465
14802.5	-1.671693079839465
14804.2	-1.6082062798394645
14805.9	-0.9546773798394652
14807.5	-0.30255157983946523
14809.2	0.23214492016053492
14810.9	0.09506592016053486
14812.5	-0.4803248798394651
14814.2	-1.433857179839465
14815.9	-1.4375363798394651
14817.5	-1.3886930798394652
14819.2	-0.7698460798394652
14820.9	-0.3792948498394651
14822.5	0.3834011201605347
14824.2	1.2831118201605347
14825.9	2.386832920160535
14827.5	2.5675495201605343
14829.2	2.9497780201605353
14830.9	2.6883358201605345
14832.5	2.7974919201605344
14834.2	1.9739511201605346
14835.9	1.6889279201605352
14837.5	1.2086763201605353
14839.2	1.3053667201605352
14840.9	1.382423320160535
14842.6	1.6302043201605347
14844.2	1.9561839201605344
14845.9	2.2734646201605346
14847.6	1.5470629201605346
14849.2	0.7311130201605348
14850.9	-0.5146153798394654
14852.6	-0.9831900798394653
14854.2	-1.0786221798394657
14855.9	-0.6174883798394651
14857.6	-0.29220407983946484
14859.2	-0.043411549839465116
14860.9	-0.2664230798394652
14862.6	-0.43048607983946513
14864.2	-1.069814279839465
14865.9	-0.6696512798394654
14867.6	-0.4084269798394652
14869.2	0.311879920160535
14870.9	1.0951236201605348
14872.6	1.5414608201605347
14874.2	1.8711840201605348
14875.9	2.059977320160535
14877.6	1.3978192701605348
14879.2	0.9589059201605348
14880.9	0.6508269201605349
14882.6	-0.06895907983946499
14884.2	-0.10258057983946527
14885.9	0.10058041016053484
14887.6	0.22033338516053497
14889.3	0.41055082016053496
14890.9	-0.03719737983946523
14892.6	-0.2573202798394652
14894.3	-0.09207267983946528
14895.9	0.06245512016053478
14897.6	0.7028109201605348
14899.3	1.6613993301605348
14900.9	2.125398220160535
14902.6	2.9065179401605348
14904.3	2.8876447201605346
14905.9	3.0508847201605347
14907.6	2.5369559201605347
14909.3	1.496739320160535
14910.9	0.39193172016053485
14912.6	-0.12404707983946502
14914.3	-0.6171696798394651
14915.9	-0.07526187983946513
14917.6	0.5511703201605348
14919.3	1.2366875201605347
14920.9	1.5473288201605349
14922.6	1.7588838501605348
14924.3	1.425920120160535
14925.9	1.344988220160535
14927.6	0.9679519201605344
14929.3	0.5417433701605349
14930.9	0.06676382016053495
14932.6	-0.35723942983946505
14934.3	-0.5323011798394655
14936.0	-0.25875107983946516
14937.6	0.4206064301605349
14939.3	1.7027308201605351
14941.0	2.708639820160535
14942.6	3.2180158201605353
14944.3	2.8552379201605347
14946.0	1.8163320201605344
14947.6	0.693950920160535
14949.3	-0.010077509839465116
14951.0	-0.11189887983946552
14952.6	0.37939927716053506
14954.3	1.1871377201605349
14956.0	1.752231920160535
14957.6	2.0629106201605345
14959.3	2.375509730160535
14961.0	1.9098219701605352
14962.6	1.1468418201605348
14964.3	0.526549140160535
14966.0	-0.4981433798394653
14967.6	-0.8123432798394653
14969.3	-0.7158184398394651
14971.0	-0.0992957798394651
14972.6	1.035440920160535
14974.3	2.081039396160535
14976.0	2.561928520160535
14977.6	2.9320457201605343
14979.3	2.673539120160535
14981.0	2.535807140160535
14982.7	2.4059013201605346
14984.3	2.4825832201605347
14986.0	2.665864820160535
14987.7	2.718577170160535
14989.3	2.888388920160535
14991.0	2.646527520160535
14992.7	2.3432885201605345
14994.3	1.440731620160535
14996.0	0.29717062016053486
14997.7	-0.9430431798394652
14999.3	-0.966625779839465
15001.0	-0.6443144798394652
15002.7	0.7524422201605347
15004.3	1.4330249201605347
15006.0	1.7948021201605346
15007.7	0.8967039201605349
15009.3	-0.30582357983946534
15011.0	-1.153478279839465
15012.7	-0.6630622798394651
15014.3	0.17895132016053478
15016.0	1.542465120160535
15017.7	1.8363079201605352
15019.3	1.422232720160535
15021.0	0.9210810201605348
15022.7	0.45544292016053467
15024.4	0.7538807201605351
15026.0	1.4449439201605352
15027.7	2.023082920160535
15029.4	2.558641320160535
15031.0	2.647977950160535
15032.7	1.9911913201605345
15034.4	1.6185479201605346
15036.0	1.5198979201605347
15037.7	1.3862009201605345
15039.4	1.3810052201605347
15041.0	0.9613983201605347
15042.7	0.4460473201605349
15044.4	-0.22094257983946514
15046.0	-0.6231823198394653
15047.7	-0.838862979839465
15049.4	0.06016188016053485
15051.0	0.8440409201605348
15052.7	1.3724932201605347
15054.4	1.041448860160535
15056.0	1.1777047201605348
15057.7	1.3813113501605347
15059.4	2.1718075501605347
15061.0	2.410710120160535
15062.7	2.668477420160535
15064.4	2.109485220160535
15066.0	1.586101720160535
15067.7	0.9993711201605351
15069.4	1.443514920160535
15071.1	1.9816696201605346
15072.7	2.752670920160535
15074.4	2.8193133201605347
15076.1	2.892791390160535
15077.7	2.371452330160535
15079.4	2.040229620160535
15081.1	1.8519560201605345
15082.7	1.8776583201605348
15084.4	2.0729179201605348
15086.1	2.4047744201605346
15087.7	2.463139520160535
15089.4	2.0696822801605355
15091.1	1.1588549201605352
15092.7	0.5176289201605352
15094.4	-0.11639307983946523
15096.1	-0.3667856798394654
15097.7	0.17456412016053485
15099.4	0.7070341201605348
15101.1	1.024252420160535
15102.7	0.8271344201605346
15104.4	-0.15090517983946503
15106.1	-0.9375167798394652
15107.7	-1.8299231798394655
15109.4	-1.8493750798394655
15111.1	-1.3776457798394648
15112.7	-0.6433488465394653
15114.4	-0.06716407983946518
15116.1	0.1675499201605347
15117.8	0.06419192016053499
15119.4	-0.25009007983946524
15121.1	-0.7147110798394654
15122.8	-0.7164314798394653
15124.4	-1.0886600798394652
15126.1	-1.0799499798394647
15127.8	-0.8636785798394649
15129.4	-0.09889007983946527
15131.1	0.5504559201605354
15132.8	1.3162451201605345
15134.4	1.7764269201605352
15136.1	2.1570845201605353
15137.8	1.9232019201605346
15139.4	1.7639117201605348
15141.1	1.3011538201605348
15142.8	0.968422820160535
15144.4	0.44275022016053506
15146.1	0.3636901201605348
15147.8	0.19437612016053443
15149.4	0.6686831201605349
15151.1	1.181960950160535
15152.8	1.7318396201605348
15154.4	1.5875570201605342
15156.1	1.0052853101605348
15157.8	0.5377633201605349
15159.4	0.6433949201605349
15161.1	1.033801020160535
15162.8	2.056645020160535
15164.5	2.687991020160535
15166.1	3.043378820160535
15167.8	2.6493705201605344
15169.5	2.071500700160535
15171.1	1.8473553201605348
15172.8	1.4349122201605349
15174.5	1.2566199201605346
15176.1	0.9152064201605349
15177.8	0.7421368201605347
15179.5	0.643058920160535
15181.1	0.302117820160535
15182.8	0.1428793501605347
15184.5	0.29003272016053516
15186.1	0.8267626201605353
15187.8	1.3999901201605347
15189.5	2.0241009201605347
15191.1	2.298659820160535
15192.8	2.390954920160535
15194.5	1.715978720160535
15196.1	1.7106505121605349
15197.8	1.489543820160535
15199.5	1.9594474201605352
15201.1	2.2132391201605346
15202.8	2.7658749201605346
15204.5	3.011985920160535
15206.2	3.8188429201605354
15207.8	3.8611430201605352
15209.5	4.082533320160534
15211.2	3.1520722201605347
15212.8	1.3956920201605352
15214.5	-0.6744242798394652
15216.2	-2.004091929839465
15217.8	-2.9402811798394652
15219.5	-2.924673079839465
15221.2	-2.727984079839465
15222.8	-2.0406130798394653
15224.5	-1.435941079839465
15226.2	-0.2382430798394653
15227.8	0.8119856201605348
15229.5	2.228332120160535
15231.2	3.306664920160535
15232.8	4.145353220160535
15234.5	4.280048620160535
15236.2	4.624500920160534
15237.8	4.691863720160534
15239.5	4.594473320160535
15241.2	4.022551920160535
15242.8	3.3588889201605356
15244.5	1.884196720160535
15246.2	1.162881920160535
15247.8	0.33523292016053485
15249.5	0.4912689201605346
15251.2	1.2521255201605348
15252.9	1.5078699201605343
15254.5	1.4123369201605347
15256.2	1.6044755201605347
15257.9	1.229213920160535
15259.5	1.8962169201605348
15261.2	2.5727108701605355
15262.9	3.6785039601605347
15264.5	4.464688920160535
15266.2	4.282867820160535
15267.9	3.301365520160535
15269.5	2.5504678201605353
15271.2	1.6952332201605351
15272.9	1.525655620160535
15274.5	1.3531889201605347
15276.2	1.5058062201605351
15277.9	1.5385909201605348
15279.5	1.7889039201605346
15281.2	1.3809108201605347
15282.9	1.183100920160535
15284.5	0.872450520160535
15286.2	0.8000763201605349
15287.9	1.2462066201605349
15289.5	1.8359460201605349
15291.2	2.5515898201605345
15292.9	3.295714020160535
15294.5	3.637244240160535
15296.2	3.411566320160534
15297.9	2.690841720160535
15299.6	1.6685104201605347
15301.2	0.8885932751605349
15302.9	0.26940952016053465
15304.6	0.1718772201605347
15306.2	-0.06709005983946507
15307.9	0.1368223201605347
15309.6	0.1641939201605347
15311.2	0.15342572016053477
15312.9	0.5966373201605348
15314.6	0.8186559201605348
15316.2	1.2707915201605346
15317.9	1.6341060101605351
15319.6	1.5860793201605348
15321.2	1.4891412201605347
15322.9	1.5614451201605344
15324.6	0.8144929201605347
15326.2	0.1931207201605349
15327.9	-1.1181760798394653
15329.6	-1.8178846798394652
15331.2	-1.6620834798394655
15332.9	-1.0085400798394653
15334.6	-0.2725880798394651
15336.2	0.6023909201605349
15337.9	0.6048504201605348
15339.6	0.5626549201605349
15341.2	0.3653077701605347
15342.9	0.7738555201605346
15344.6	1.0811747901605346
15346.3	2.0003907801605347
15347.9	1.885234920160535
15349.6	1.509552020160535
15351.3	1.100816660160535
15352.9	0.4327227201605347
15354.6	0.34170832016053493
15356.3	1.019970520160535
15357.9	1.3462619201605346
15359.6	2.341400120160535
15361.3	2.9340463201605345
15362.9	3.120428020160535
15364.6	3.5061473101605345
15366.3	3.5447173201605344
15367.9	3.4554152201605346
15369.6	3.448551920160535
15371.3	3.046938520160535
15372.9	1.985334820160535
15374.6	0.5793136201605347
15376.3	-0.6337748798394653
15377.9	-1.540584079839465
15379.6	-1.8402724798394654
15381.3	-1.6595233798394644
15382.9	-0.8045971798394651
15384.6	0.23652052016053499
15386.3	1.5396249201605348
15388.0	2.328207566160535
15389.6	2.909488920160535
15391.3	3.150679520160535
15393.0	2.5107103101605346
15394.6	1.7813619201605349
15396.3	1.1565069201605347
15398.0	0.9721748201605351
15399.6	1.5377189201605348
15401.3	2.0159079201605348
15403.0	2.313308920160535
15404.6	2.576108920160535
15406.3	2.5443539201605345
15408.0	2.513106340160535
15409.6	2.6758046201605348
15411.3	2.693091420160535
15413.0	3.1117536201605347
15414.6	3.414989720160535
15416.3	3.4360075201605347
15418.0	3.564936620160535
15419.6	3.888794120160535
15421.3	3.098287120160535
15423.0	2.3467368201605345
15424.6	0.7449452201605344
15426.3	-0.4540018438394652
15428.0	-1.1029582498394652
15429.6	-1.4036150798394653
15431.3	-1.0638030798394649
15433.0	-0.15402227983946518
15434.7	0.42739322016053494
15436.3	0.9221033201605346
15438.0	0.9137631201605348
15439.7	1.1010199201605348
15441.3	1.627500310160535
15443.0	1.8255865201605352
15444.7	1.937955920160535
15446.3	1.615445920160535
15448.0	0.9901346201605348
15449.7	0.6575452601605348
15451.3	0.20555542016053474
15453.0	0.289250320160535
15454.7	0.7106549201605349
15456.3	1.1592669201605348
15458.0	1.238171920160535
15459.7	1.603298520160535
15461.3	1.731618520160535
15463.0	2.388037720160535
15464.7	2.584206620160535
15466.3	2.5352168201605347
15468.0	2.0666278201605346
15469.7	1.5030315201605347
15471.3	0.35831392016053476
15473.0	-0.40259107983946507
15474.7	-1.1838216798394652
15476.3	-1.1006640598394652
15478.0	-0.529067379839465
15479.7	0.27958942016053495
15481.4	0.9956185201605348
15483.0	1.2936812901605346
15484.7	0.7439702201605347
15486.4	0.7172112201605347
15488.0	0.3339709201605352
15489.7	0.939221920160535
15491.4	1.374122920160535
15493.0	1.542271920160535
15494.7	0.7655137201605348
15496.4	-0.07546677983946495
15498.0	-0.8450721798394654
15499.7	-0.4670921798394653
15501.4	-0.26189007983946533
15503.0	0.500181920160535
15504.7	0.5223529201605349
15506.4	0.6541869201605348
15508.0	0.6510119201605349
15509.7	0.3848098201605349
15511.4	-0.07238467983946521
15513.0	-0.4871080798394652
15514.7	-1.4610327798394651
15516.4	-1.217805779839465
15518.0	-0.8729670798394654
15519.7	0.06729230016053486
15521.4	1.643699590160535
15523.0	2.282920420160534
15524.7	1.4986187201605348
15526.4	0.3964339201605348
15528.1	-1.1620290798394655
15529.7	-1.4880516798394652
15531.4	-1.2336817798394653
15533.1	-0.0927690798394651
15534.7	1.4904055801605347
15536.4	2.852994220160535
15538.1	3.469350720160535
15539.7	3.922101920160535
15541.4	3.8842063701605354
15543.1	4.172402120160534
15544.7	3.9073133201605352
15546.4	4.009998920160535
15548.1	3.2257139201605347
15549.7	2.815996320160535
15551.4	1.893299820160535
15553.1	1.560924120160535
15554.7	1.2894969201605349
15556.4	1.9302229201605345
15558.1	2.3090697201605352
15559.7	3.319518720160535
15561.4	3.0033732201605345
15563.1	2.6971588411605354
15564.7	1.332267320160535
15566.4	0.11778615016053476
15568.1	-1.247671479839465
15569.8	-1.2798485798394652
15571.4	-1.0273470798394653
15573.1	-0.17375007983946525
15574.8	0.5107106201605345
15576.4	0.5589016201605351
15578.1	0.3265792201605353
15579.8	0.315633620160535
15581.4	0.19336144016053486
15583.1	1.057581160160535
15584.8	1.4771726201605349
15586.4	1.7064223201605344
15588.1	1.276727920160535
15589.8	-0.17889997983946496
15591.4	-1.094374859839465
15593.1	-1.4905740798394653
15594.8	-1.0155610798394652
15596.4	0.23890592016053472
15598.1	1.046886580160535
15599.8	2.1716134201605346
15601.4	2.6109929201605353
15603.1	2.4976889201605346
15604.8	2.1936938201605343
15606.4	2.023085920160535
15608.1	1.7308624201605347
15609.8	2.005981620160535
15611.4	1.9094577201605347
15613.1	1.8920844501605345
15614.8	1.3992965201605347
15616.5	0.5165790201605349
15618.1	-0.5368222798394653
15619.8	-0.48702277983946535
15621.5	-0.336534079839465
15623.1	0.727412380160535
15624.8	1.6733092201605353
15626.5	2.3420318201605346
15628.1	2.3097264201605348
15629.8	1.4974890201605349
15631.5	0.800707920160535
15633.1	0.6519249201605348
15634.8	0.7876342201605351
15636.5	1.8136549201605348
15638.1	2.7903939201605352
15639.8	3.5958613201605347
15641.5	3.2348459201605353
15643.1	2.676704020160535
15644.8	2.0682246201605348
15646.5	1.7353969201605348
15648.1	2.037439260160535
15649.8	2.408901820160535
15651.5	2.8169950201605354
15653.1	3.1044359201605354
15654.8	2.6207355201605345
15656.5	2.8299034201605346
15658.1	3.0799035701605346
15659.8	2.609180420160534
15661.5	2.3903153201605347
15663.2	1.7477731401605348
15664.8	1.135142620160535
15666.5	0.4575066001605347
15668.2	-0.4729915798394651
15669.8	-1.0779760798394653
15671.5	-1.554450079839465
15673.2	-1.7252920798394655
15674.8	-1.8275850798394657
15676.5	-1.3731350798394648
15678.2	-1.3134040798394655
15679.8	-1.2413830798394652
15681.5	-1.2711090798394653
15683.2	-0.9145679798394655
15684.8	-0.3178403798394654
15686.5	0.7932671101605349
15688.2	1.1583409201605348
15689.8	2.139562820160535
15691.5	2.3687225201605346
15693.2	2.345763320160535
15694.8	2.553794620160535
15696.5	2.355697520160535
15698.2	1.477429120160535
15699.8	0.732801520160535
15701.5	-0.969216679839465
15703.2	-2.059716369839465
15704.8	-2.425019079839465
15706.5	-2.007144079839465
15708.2	-0.6327843898394651
15709.9	1.3464772201605348
15711.5	2.5054645201605354
15713.2	3.2524960001605345
15714.9	2.8309879201605357
15716.5	2.3364661201605346
15718.2	1.7967368201605347
15719.9	1.8557705201605352
15721.5	1.3606437201605348
15723.2	0.574685920160535
15724.9	-0.1574200798394653
15726.5	-1.0293380798394651
15728.2	-1.9733726798394655
15729.9	-1.9815483798394649
15731.5	-1.917280779839465
15733.2	-1.3151601798394652
15734.9	-0.7173970798394652
15736.5	-0.5200160798394655
15738.2	0.2931113601605349
15739.9	0.7633674201605348
15741.5	0.828233720160535
15743.2	1.124397334160535
15744.9	1.0158004201605348
15746.5	1.1442843201605348
15748.2	0.9808459201605346
15749.9	0.32771402016053486
15751.6	-0.5229363798394653
15753.2	-1.1357326798394658
15754.9	-1.767581079839465
15756.6	-1.3564643798394653
15758.2	-0.6793797798394652
15759.9	0.19371132016053494
15761.6	0.4299051201605348
15763.2	0.3289157201605347
15764.9	-0.8018268798394652
15766.6	-1.932656979839465
15768.2	-2.569808779839465
15769.9	-2.487748079839465
15771.6	-1.2352720798394652
15773.2	-0.10424897983946498
15774.9	0.5159239201605351
15776.6	0.6311281201605348
15778.2	0.4744107201605351
15779.9	0.29965292016053496
15781.6	0.5548526201605348
15783.2	0.7937015201605347
15784.9	1.791044920160535
15786.6	2.502586220160535
15788.2	3.4138931201605347
15789.9	4.059878120160535
15791.6	4.275975110160536
15793.2	4.033598920160535
15794.9	3.275816020160535
15796.6	2.162132920160535
15798.3	1.8355219201605344
15799.9	1.8961402201605349
15801.6	2.2353769201605354
15803.3	1.981256620160535
15804.9	1.493148120160535
15806.6	0.6004498201605346
15808.3	-0.03754917983946502
15809.9	-0.13513817983946463
15811.6	0.068134120160535
15813.3	0.27184712016053514
15814.9	0.5994581501605347
15816.6	0.1002289201605346
15818.3	-0.009131899839464986
15819.9	-0.32297069983946525
15821.6	-0.5793353798394651
15823.3	-0.39668207983946535
15824.9	-0.37515907983946495
15826.6	-0.5510850798394654
15828.3	-0.6489423798394651
15829.9	-0.685582979839465
15831.6	-0.03905827983946528
15833.3	0.9708958201605349
15834.9	1.854182230160535
15836.6	2.646281620160535
15838.3	2.591581320160535
15839.9	2.000103920160535
15841.6	0.8617433201605349
15843.3	0.4148932201605346
15845.0	0.3983819201605349
15846.6	0.9976588201605349
15848.3	1.577776620160535
15850.0	1.9756794201605352
15851.6	1.7491535201605353
15853.3	1.8341712201605354
15855.0	1.3412529201605348
15856.6	1.7568713201605348
15858.3	1.9891834201605345
15860.0	2.022523920160535
15861.6	1.7710129201605351
15863.3	2.0804279201605347
15865.0	2.222711020160535
15866.6	3.2076189201605345
15868.3	3.2339779101605344
15870.0	3.6786715201605347
15871.6	3.4498015201605354
15873.3	2.676667420160535
15875.0	1.5230209201605347
15876.6	1.0006239201605354
15878.3	0.5825094301605348
15880.0	0.7806156201605348
15881.6	0.5335239201605348
15883.3	0.5446749201605345
15885.0	0.6569191201605347
15886.6	0.4493375201605351
15888.3	0.046027020160534525
15890.0	0.08980872016053443
15891.7	0.5137249201605345
15893.3	0.4119789201605353
15895.0	0.02483992016053511
15896.7	-0.7750246798394649
15898.3	-1.7002087798394647
15900.0	-2.091022279839465
15901.7	-2.2412858798394653
15903.3	-1.4510470798394652
15905.0	0.047995090160534645
15906.7	1.255796920160535
15908.3	1.827008920160535
15910.0	2.197111920160535
15911.7	1.8190843201605347
15913.3	1.472856020160535
15915.0	1.2259521201605348
15916.7	1.644009920160535
15918.3	1.5933609201605348
15920.0	1.6586277201605348
15921.7	0.9197343201605349
15923.3	0.2507709201605346
15925.0	-0.5144324798394655
15926.7	-0.3379313798394653
15928.3	0.14109342016053467
15930.0	1.231865420160535
15931.7	2.2881004201605344
15933.4	2.725779950160535
15935.0	2.739052820160534
15936.7	3.057427120160535
15938.4	2.8978543201605347
15940.0	3.184782920160535
15941.7	2.9099259201605348
15943.4	2.058444520160535
15945.0	2.1674071201605343
15946.7	1.6869030201605348
15948.4	1.452857720160535
15950.0	1.6317709201605346
15951.7	1.5819238201605343
15953.4	1.316954920160535
15955.0	0.5927318201605352
15956.7	-0.39147977983946536
15958.4	-0.8514746798394652
15960.0	-1.5362569798394654
15961.7	-2.3086587798394653
15963.4	-2.602666879839465
15965.0	-2.7863430798394653
15966.7	-2.664212079839465
15968.4	-2.198420179839465
15970.0	-1.5054960798394648
15971.7	-0.8460680798394646
15973.4	-0.16711797983946522
15975.0	0.36365992016053506
15976.7	0.21581872016053483
15978.4	0.269249320160535
15980.1	0.33400762016053465
15981.7	0.34719722016053506
15983.4	0.732297620160535
15985.1	0.5396609201605351
15986.7	0.34194692016053485
15988.4	0.41189092016053486
15990.1	0.4070759201605344
15991.7	0.7348275201605351
15993.4	1.6726830201605345
15995.1	1.6057479201605347
15996.7	1.9658679201605345
15998.4	1.4847219201605348
16000.1	1.7557309201605347
16001.7	1.4529456201605349
16003.4	1.514528520160535
16005.1	1.2586427901605348
16006.7	1.6188110201605348
16008.4	1.3298699201605344
16010.1	1.8631873601605349
16011.7	2.0706395601605343
16013.4	2.370458920160535
16015.1	2.001725920160535
16016.7	1.5267094201605347
16018.4	0.6742539201605346
16020.1	0.538030720160535
16021.7	0.7474389201605348
16023.4	1.2824315201605347
16025.1	1.5649503201605348
16026.8	1.3877722201605347
16028.4	0.5671234201605349
16030.1	0.22364042016053495
16031.8	0.32854592016053485
16033.4	0.48562942016053495
16035.1	0.7659379201605352
16036.8	1.142514020160535
16038.4	0.6854573201605347
16040.1	0.2976686201605349
16041.8	-0.13181907983946548
16043.4	-0.2064470798394656
16045.1	-0.05654307983946527
16046.8	0.021710120160534883
16048.4	-0.1556955798394651
16050.1	0.6889144201605346
16051.8	1.525083420160535
16053.4	2.382152020160535
16055.1	3.153724920160535
16056.8	4.120861820160535
16058.4	4.364464920160534
16060.1	4.7766753201605345
16061.8	4.302332120160535
16063.4	3.686400500160535
16065.1	2.791010020160535
16066.8	1.7189539201605346
16068.4	0.454133920160535
16070.1	0.26980692016053476
16071.8	0.318218420160535
16073.5	0.8179158101605349
16075.1	1.0810992201605347
16076.8	0.9437442201605346
16078.5	0.1547509201605349
16080.1	-0.562084649839465
16081.8	-1.556968179839465
16083.5	-1.8178950798394644
16085.1	-1.6574290798394649
16086.8	-1.5312988798394653
16088.5	-1.509956199839465
16090.1	-0.6081197798394642
16091.8	-0.12774467983946547
16093.5	1.1080727701605348
16095.1	1.9223832201605346
16096.8	2.326097020160535
16098.5	1.9676140601605348
16100.1	1.3689642201605348
16101.8	0.4669363201605347
16103.5	0.17702502016053473
16105.1	-0.034473419839464906
16106.8	0.41170803016053464
16108.5	1.130137920160535
16110.1	1.978328920160535
16111.8	2.664641020160535
16113.5	3.321294920160535
16115.2	3.5590389201605346
16116.8	2.990160320160535
16118.5	2.409849020160535
16120.2	2.141995620160535
16121.8	1.6800980201605349
16123.5	1.737513520160535
16125.2	1.4422025201605346
16126.8	1.3490179201605348
16128.5	1.506392820160535
16130.2	1.4202234201605348
16131.8	1.797608020160535
16133.5	2.8361064201605353
16135.2	3.651466020160535
16136.8	4.366657920160535
16138.5	4.465781320160535
16140.2	4.088770220160535
16141.8	3.608924120160535
16143.5	3.130185520160535
16145.2	2.744833920160535
16146.8	1.9950889201605349
16148.5	1.220139920160535
16150.2	0.1960038211605349
16151.8	-0.5266470798394652
16153.5	-0.48825487983946514
16155.2	-0.4049725798394652
16156.8	0.26906492016053474
16158.5	1.0175119201605347
16160.2	1.3292554201605349
16161.9	1.4520526201605346
16163.5	1.4350705201605352
16165.2	1.059896320160535
16166.9	1.0865540201605346
16168.5	0.8239036401605351
16170.2	0.8414093401605349
16171.9	0.7970479201605349
16173.5	0.7236671201605346
16175.2	0.36475572016053526
16176.9	0.05434802016053499
16178.5	-0.4363497798394652
16180.2	-0.5699904298394649
16181.9	-0.3058982798394654
16183.5	0.36757242016053465
16185.2	0.7333212201605352
16186.9	1.182629320160535
16188.5	1.537162920160535
16190.2	1.896566120160535
16191.9	2.2256522901605345
16193.5	2.3430574301605347
16195.2	2.049207920160535
16196.9	1.4684669201605347
16198.5	0.692748920160535
16200.2	0.12635892016053477
16201.9	-0.15033387983946475
16203.5	0.1279525201605347
16205.2	0.3738327201605352
16206.9	0.4693721201605345
16208.6	0.7417634201605346
16210.2	1.3592829201605352
16211.9	2.1806369201605342
16213.6	2.671282920160535
16215.2	2.3640139201605352
16216.9	1.4187129201605349
16218.6	0.31657272016053495
16220.2	-0.859077549839465
16221.9	-1.5686571798394655
16223.6	-2.0100444698394653
16225.2	-2.5359826798394653
16226.9	-3.2547899798394653
16228.6	-3.4145840798394653
16230.2	-2.9962514798394655
16231.9	-1.6934986798394653
16233.6	-0.2356803798394651
16235.2	0.6947817901605348
16236.9	0.7861882201605349
16238.6	-0.10717967983946508
16240.2	-0.6676584798394651
16241.9	-1.111643979839465
16243.6	-0.801112779839465
16245.2	-0.0807750298394649
16246.9	0.616823930160535
16248.6	0.40780342016053484
16250.2	0.3315469201605346
16251.9	-0.532789079839465
16253.6	-0.42378587983946525
16255.3	-0.35675627983946556
16256.9	0.00310922016053512
16258.6	0.6681349201605346
16260.3	1.3866635201605346
16261.9	1.0541219201605347
16263.6	1.4606709201605343
16265.3	1.3101447201605345
16266.9	1.167923920160535
16268.6	0.896681920160535
16270.3	0.5151548201605347
16271.9	0.6882342501605347
16273.6	1.669606120160535
16275.3	1.995049920160535
16276.9	2.9002701201605348
16278.6	3.074266920160535
16280.3	2.214727920160535
16281.9	0.9434525201605348
16283.6	0.8609569201605349
16285.3	1.221517360160535
16286.9	2.6752239201605352
16288.6	3.502321920160535
16290.3	3.6170655201605357
16291.9	3.0596926201605354
16293.6	1.9299072201605347
16295.3	0.509974520160535
16297.0	0.49842592016053455
16298.6	0.7893536201605352
16300.3	0.5332938501605347
16302.0	0.31731111016053487
16303.6	0.08332639016053492
16305.3	-0.13777007983946543
16307.0	-0.21383807983946568
16308.6	-0.06607777983946503
16310.3	0.3506109201605344
16312.0	0.957725920160535
16313.6	1.112711400160535
16315.3	0.5438032201605347
16317.0	0.12663732016053456
16318.6	-0.8822766798394648
16320.3	-1.6001468798394654
16322.0	-1.8214040798394655
16323.6	-1.1698009798394655
16325.3	-0.6801360798394649
16327.0	-0.1344609798394652
16328.6	-0.43951327983946503
16330.3	-0.9506233798394648
16332.0	-1.992235979839465
16333.6	-2.6309640798394653
16335.3	-2.736619979839465
16337.0	-1.9863117798394647
16338.6	-1.7501670798394655
16340.3	-0.6777452798394654
16342.0	0.3657155201605343
16343.7	1.2795675301605347
16345.3	1.6538115501605346
16347.0	1.8573823501605347
16348.7	1.5181425101605346
16350.3	1.4666994201605348
16352.0	0.6081908201605348
16353.7	1.051530930160535
16355.3	1.8441089201605352
16357.0	2.7941179201605353
16358.7	2.954351920160535
16360.3	2.6934329201605345
16362.0	1.943226120160535
16363.7	1.131699920160535
16365.3	0.4027809301605352
16367.0	0.9269004201605353
16368.7	1.2640640201605347
16370.3	1.9532183201605349
16372.0	1.629669920160535
16373.7	1.245066820160535
16375.3	0.7944975201605351
16377.0	0.951315820160535
16378.7	0.8551717201605349
16380.3	1.1778373201605352
16382.0	1.2144161201605348
16383.7	1.3561365201605349
16385.3	0.9361831201605348
16387.0	0.6117797201605348
16388.7	-0.8240002798394654
16390.4	-2.3853585798394645
16392.0	-3.7520811798394647
16393.7	-4.897920599839464
16395.4	-4.630618379839465
16397.0	-3.630026079839465
16398.7	-2.354341079839466
16400.4	-0.8091508798394648
16402.0	0.024119420160534855
16403.7	0.44218002016053487
16405.4	0.07223032016053499
16407.0	-0.27438607983946517
16408.7	-1.0577008798394654
16410.4	-1.345605679839465
16412.0	-1.1257473798394655
16413.7	-0.1572987798394651
16415.4	0.33287242016053487
16417.0	1.0809149201605348
16418.7	0.8523139201605346
16420.4	0.9204153201605351
16422.0	0.686288120160535
16423.7	0.6235319201605349
16425.4	0.49081692016053474
16427.0	0.2124099201605346
16428.7	-0.3602399798394652
16430.4	-0.26407437983946513
16432.0	-0.38229517983946515
16433.7	0.29169352016053507
16435.4	0.3190693201605351
16437.1	0.490329920160535
16438.7	0.5054490201605348
16440.4	0.08027972016053475
16442.1	-0.2256148798394652
16443.7	0.9547559201605349
16445.4	1.2837599201605348
16447.1	2.320899920160535
16448.7	2.138963920160535
16450.4	1.8569179201605344
16452.1	1.4696359201605351
16453.7	1.0901018901605348
16455.4	0.7371889201605346
16457.1	1.3582449201605349
16458.7	1.7567769201605348
16460.4	2.2426510201605345
16462.1	2.3794386201605353
16463.7	2.4700710201605345
16465.4	2.291183920160535
16467.1	2.2947766201605355
16468.7	2.331160120160535
16470.4	2.6995405901605345
16472.1	3.2582682201605353
16473.7	3.3005542201605342
16475.4	2.445971720160535
16477.1	2.0713963201605354
16478.8	1.549908920160535
16480.4	2.010218920160534
16482.1	2.6432540201605343
16483.8	3.6965190201605345
16485.4	3.7773451201605353
16487.1	3.530034520160535
16488.8	2.3172523301605343
16490.4	2.0341987201605347
16492.1	1.2678803201605349
16493.8	0.601623920160535
16495.4	0.23100492016053478
16497.1	0.5521139201605345
16498.8	0.14354392016053472
16500.4	0.3491205201605349
16502.1	0.04098492016053497
16503.8	0.1362772201605348
16505.4	0.3923729201605348
16507.1	0.3575138201605349
16508.8	0.6894669201605348
16510.4	0.7614654201605349
16512.1	0.07232122016053485
16513.8	-0.692789479839465
16515.4	-0.7640681798394657
16517.1	-0.29866917983946467
16518.8	1.1183059201605348
16520.4	2.461388320160535
16522.1	3.416406420160535
16523.8	2.885803420160535
16525.5	2.040452120160535
16527.1	0.8790369201605351
16528.8	0.24962092016053497
16530.5	-0.044247979839465226
16532.1	-0.31051907983946503
16533.8	-0.8999310798394655
16535.5	-1.113619879839465
16537.1	-1.056983879839465
16538.8	-0.803783079839465
16540.5	-0.189042879839465
16542.1	-0.1559448798394653
16543.8	0.11114992016053522
16545.5	0.4127069201605348
16547.1	1.0297899201605347
16548.8	2.3154067201605346
16550.5	3.772517920160535
16552.1	4.284365920160535
16553.8	4.322053820160535
16555.5	3.2964779201605348
16557.1	2.6820450201605346
16558.8	1.5265909201605348
16560.5	1.1940129201605347
16562.1	1.0073608201605349
16563.8	1.5536649201605353
16565.5	2.238024920160535
16567.1	3.251164520160535
16568.8	4.378562920160535
16570.5	5.264137060160535
16572.2	3.972063920160535
16573.8	2.4715682201605347
16575.5	0.29070092016053506
16577.2	-0.981433809839465
16578.8	-0.849934479839465
16580.5	-0.13571507983946524
16582.2	1.6589722801605347
16583.8	3.067317320160535
16585.5	2.8531659201605346
16587.2	2.2059894201605346
16588.8	1.364247720160535
16590.5	1.2308809201605349
16592.2	1.806337920160535
16593.8	2.413230920160535
16595.5	3.5965832201605346
16597.2	4.552272920160535
16598.8	3.857961020160535
16600.5	2.514722020160535
16602.2	0.5766320201605347
16603.8	-0.8209329798394652
16605.5	-1.2847130798394653
16607.2	-0.9193970798394652
16608.8	0.20920272016053473
16610.5	1.0924769101605352
16612.2	0.8382617201605349
16613.8	0.4987849201605349
16615.5	0.7049488801605348
16617.2	1.1734941201605351
16618.9	1.2910354201605347
16620.5	1.5381420201605347
16622.2	1.1634329201605347
16623.9	0.537163000160535
16625.5	0.05588622016053506
16627.2	0.306499820160535
16628.9	0.4138854201605346
16630.5	0.7476809201605349
16632.2	-0.18765997983946522
16633.9	-0.6929660798394648
16635.5	-1.277283079839465
16637.2	-1.370896079839465
16638.9	-1.3062485798394654
16640.5	-0.4002414798394652
16642.2	0.25114092016053496
16643.9	0.8923058201605347
16645.5	1.1066839201605352
16647.2	1.1415039201605346
16648.9	1.0170067201605348
16650.5	0.6042370201605347
16652.2	0.16210192016053487
16653.9	0.39042028016053487
16655.5	1.2633577201605344
16657.2	2.299253120160535
16658.9	3.1866757201605354
16660.6	3.1514254201605345
16662.2	2.7331826201605347
16663.9	2.707464320160535
16665.6	2.0154659201605347
16667.2	2.1356184201605353
16668.9	1.9150996201605346
16670.6	1.2293715201605346
16672.2	0.5519264201605351
16673.9	-0.3806682798394651
16675.6	-1.714941679839465
16677.2	-1.8406570798394655
16678.9	-1.9752922798394654
16680.6	-1.3982190798394651
16682.2	-0.540192079839465
16683.9	0.449470920160535
16685.6	1.6267229201605347
16687.2	2.1997709201605344
16688.9	1.8872489201605347
16690.6	1.3327479201605352
16692.2	0.6682989201605348
16693.9	0.461862220160535
16695.6	0.040565220160534834
16697.2	-0.4237930798394651
16698.9	-0.2851286398394649
16700.6	-0.4965366798394653
16702.2	-0.47832707983946465
16703.9	-0.17090807983946465
16705.6	-0.7076910798394648
16707.3	-0.5988901798394652
16708.9	-1.3253042598394649
16710.6	-2.3466880798394656
16712.3	-3.3088493398394654
16713.9	-3.702679879839465
16715.6	-3.7627959798394657
16717.3	-2.8736183798394657
16718.9	-2.370899529839465
16720.6	-1.2107953798394648
16722.3	-0.6871532798394652
16723.9	-0.16118837983946505
16725.6	-0.17456547983946483
16727.3	0.48389852016053475
16728.9	0.5294039201605348
16730.6	-0.1383744798394651
16732.3	-0.9962410898394649
16733.9	-1.555133879839465
16735.6	-1.3763840798394646
16737.3	-0.583266079839465
16738.9	0.11961682016053476
16740.6	1.350718920160535
16742.3	2.3228699201605347
16743.9	3.367458920160535
16745.6	4.123870120160535
16747.3	4.458624420160535
16748.9	4.732777220160535
16750.6	4.571578920160535
16752.3	3.7134395201605352
16754.0	2.7554701201605356
16755.6	1.494358920160535
16757.3	0.7788474201605352
16759.0	-0.06834281983946519
16760.6	-0.14377777983946521
16762.3	0.0763691201605349
16764.0	0.8322318501605348
16765.6	1.3277837201605345
16767.3	1.3955706801605348
16769.0	0.739270120160535
16770.6	0.4350169201605352
16772.3	-0.1459083798394653
16774.0	-0.36443957983946546
16775.6	0.07550332016053485
16777.3	0.7787639201605351
16779.0	1.7083564201605348
16780.6	2.549094420160535
16782.3	2.5693879201605343
16784.0	2.489683720160535
16785.6	2.503966720160535
16787.3	1.9238399201605347
16789.0	2.2187592201605346
16790.6	2.4195167201605345
16792.3	2.3668239201605346
16794.0	2.566643520160535
16795.6	2.321364920160535
16797.3	2.6022159201605355
16799.0	2.7982779201605346
16800.7	2.836139920160535
16802.3	2.637525220160535
16804.0	2.246126620160535
16805.7	1.0578239201605348
16807.3	-0.14016287983946496
16809.0	-1.6474770798394656
16810.7	-2.496773079839465
16812.3	-2.901421079839465
16814.0	-2.663845679839465
16815.7	-2.272742359839465
16817.3	-1.7475118198394655
16819.0	-1.0602273398394648
16820.7	-0.10133007983946526
16822.3	1.386918120160535
16824.0	2.2362926201605346
16825.7	2.5680102201605353
16827.3	2.2007435201605348
16829.0	1.7005590401605353
16830.7	0.9531427701605348
16832.3	0.4497364201605348
16834.0	0.5301298201605347
16835.7	0.35445208016053487
16837.3	0.015278920160534781
16839.0	-0.46614427983946527
16840.7	-0.6829760798394651
16842.4	-0.4384830798394647
16844.0	0.26787992016053436
16845.7	0.5443439201605349
16847.4	0.9676039201605346
16849.0	-0.07147487983946484
16850.7	-0.8133074798394653
16852.4	-1.4935899798394652
16854.0	-1.6068345198394645
16855.7	-0.8765955798394653
16857.4	0.19801502016053457
16859.0	0.5347940201605352
16860.7	0.5249457201605351
16862.4	-0.3372630798394649
16864.0	-0.8048640798394653
16865.7	-0.19370204983946504
16867.4	0.14091412016053492
16869.0	0.7129177201605352
16870.7	1.2141325201605349
16872.4	1.2007266201605349
16874.0	1.2977519201605348
16875.7	1.1594429201605347
16877.4	0.632040820160535
16879.0	-0.146191479839465
16880.7	-0.8333703198394653
16882.4	-1.316166079839465
16884.0	-1.204826079839465
16885.7	-0.3068759798394652
16887.4	1.3483689201605347
16889.1	2.2942469201605347
16890.7	3.150439420160535
16892.4	3.004432920160535
16894.1	2.9018160201605347
16895.7	2.2029572201605347
16897.4	1.8368062201605355
16899.1	1.341038060160535
16900.7	1.496203620160535
16902.4	1.2183797201605346
16904.1	1.0165069201605348
16905.7	0.39412662016053474
16907.4	0.5135416201605347
16909.1	0.7612891901605348
16910.7	1.442689020160535
16912.4	2.2621924201605355
16914.1	3.1034878201605354
16915.7	3.2421999201605347
16917.4	2.819976920160535
16919.1	1.6170128201605352
16920.7	-0.06252907983946514
16922.4	-1.3567750798394649
16924.1	-2.3762374798394648
16925.7	-2.6444310798394652
16927.4	-1.494547549839465
16929.1	-0.41101707983946534
16930.7	0.33973122016053503
16932.4	0.590106320160535
16934.1	0.5472469201605349
16935.8	0.2572590201605348
16937.4	0.24680647016053486
16939.1	0.04122192016053483
16940.8	0.4156971201605346
16942.4	0.24956192016053466
16944.1	0.13844892016053487
16945.8	-0.4982814798394653
16947.4	-0.5454310798394649
16949.1	-0.1299516798394654
16950.8	0.43225342016053536
16952.4	1.006635920160535
16954.1	1.8958519201605348
16955.8	1.9751459201605346
16957.4	1.8635781201605348
16959.1	1.515888500160535
16960.8	1.158564920160535
16962.4	1.116244720160535
16964.1	0.941605190160535
16965.8	0.48830982016053526
16967.4	-0.1036460798394648
16969.1	-0.6981131798394651
16970.8	-1.314930379839465
16972.4	-1.334616979839465
16974.1	-1.2970902798394652
16975.8	-1.437869479839465
16977.4	-1.123425579839465
16979.1	-0.6092458398394653
16980.8	0.17659392016053496
16982.5	0.34898422016053515
16984.1	0.5161187201605347
16985.8	0.08831392016053492
16987.5	-0.6753660798394654
16989.1	-1.4363942798394649
16990.8	-1.1407669798394648
16992.5	-0.8760724798394655
16994.1	-0.11283337983946495
16995.8	-0.2937962798394649
16997.5	-0.14561117983946517
16999.1	-0.17088487983946496
17000.8	0.23142875616053454
17002.5	0.8754779201605348
17004.1	1.880524920160535
17005.8	2.6040769201605345
17007.5	3.1755919201605347
17009.1	2.8449799201605352
17010.8	2.649188920160534
17012.5	2.4179536201605343
17014.1	2.2015021201605345
17015.8	1.964586120160535
17017.5	1.9232779201605346
17019.1	1.972573920160535
17020.8	1.878836020160535
17022.5	1.2443490201605347
17024.2	0.380063920160535
17025.8	-0.26534917983946527
17027.5	-0.37328807983946477
17029.2	0.1332009201605347
17030.8	1.380040200160535
17032.5	3.6476279201605344
17034.2	5.850252920160535
17035.8	6.936909920160535
17037.5	6.745260920160535
17039.2	5.0877732201605355
17040.8	3.3069899201605346
17042.5	1.601374120160535
17044.2	0.6389972201605351
17045.8	0.3310374701605346
17047.5	0.8836593601605351
17049.2	1.6151543201605345
17050.8	1.8305338301605354
17052.5	1.7406366201605348
17054.2	2.499000210160535
17055.8	2.474117820160535
17057.5	2.6042132201605357
17059.2	1.933374620160535
17060.8	1.212553820160535
17062.5	0.619236920160535
17064.2	0.28563602016053463
17065.8	0.22558292016053497
17067.5	1.0653449201605347
17069.2	1.5968179201605348
17070.9	1.5824312801605347
17072.5	0.9364144201605347
17074.2	0.27427484016053477
17075.9	-0.09647227983946513
17077.5	-0.43747807983946513
17079.2	-0.20736177983946497
17080.9	-0.41588974983946503
17082.5	-0.20557696983946502
17084.2	-0.1447593798394653
17085.9	0.39031492016053504
17087.5	0.9005141801605347
17089.2	2.0417363301605347
17090.9	2.223059720160535
17092.5	1.6855098201605352
17094.2	0.2192997201605346
17095.9	-1.503099379839465
17097.5	-2.556917079839466
17099.2	-2.7650930798394655
17100.9	-2.1472759798394647
17102.5	-0.8444599798394652
17104.2	0.28831992016053487
17105.9	0.41582592016053477
17107.5	0.030006920160534724
17109.2	-1.147876579839465
17110.9	-1.7411490798394649
17112.5	-1.842586679839465
17114.2	-0.7348130588394652
17115.9	1.1174739201605353
17117.6	2.884945720160535
17119.2	3.9207765201605347
17120.9	4.467376920160534
17122.6	3.897893920160535
17124.2	3.0526361201605345
17125.9	1.4756710201605348
17127.6	-0.17429947983946512
17129.2	-1.5486210798394644
17130.9	-2.894332409839465
17132.6	-3.8803332798394647
17134.2	-3.5208999498394653
17135.9	-2.487835079839465
17137.6	-0.4937503798394645
17139.2	1.2758159201605348
17140.9	2.3646278801605347
17142.6	2.558958020160535
17144.2	2.418711820160535
17145.9	1.427900540160535
17147.6	1.415310920160535
17149.2	1.2509291201605348
17150.9	1.5606634201605347
17152.6	1.8390368001605346
17154.2	2.0628980201605343
17155.9	1.406886920160535
17157.6	1.580649750160535
17159.2	0.804455760160535
17160.9	0.8836806201605345
17162.6	0.24253368016053506
17164.3	-0.09193627983946531
17165.9	-0.34378407983946513
17167.6	0.04189192016053474
17169.3	0.10186792016053489
17170.9	0.5332349201605345
17172.6	0.8718671201605342
17174.3	1.539628420160535
17175.9	1.2433785201605345
17177.6	1.4347925201605345
17179.3	1.282032020160535
17180.9	1.6119973201605347
17182.6	1.8652022101605348
17184.3	1.865076920160535
17185.9	1.477842920160535
17187.6	0.5617929201605348
17189.3	-0.8587210798394651
17190.9	-1.4369940798394654
17192.6	-1.2970830798394652
17194.3	-0.10942147983946508
17195.9	1.0874657201605349
17197.6	2.499677420160535
17199.3	3.3139549201605347
17200.9	4.114814920160535
17202.6	4.391115220160535
17204.3	4.170130920160535
17206.0	3.657461420160535
17207.6	2.807503120160535
17209.3	1.3130629201605353
17211.0	-0.17358917983946515
17212.6	-1.6658285798394652
17214.3	-0.9731442798394653
17216.0	0.637787920160535
17217.6	2.488887120160535
17219.3	4.5603979201605345
17221.0	5.973760920160535
17222.6	5.766673520160535
17224.3	4.320567280160535
17226.0	2.3178629201605347
17227.6	0.6494639201605347
17229.3	-0.4458090798394654
17231.0	-0.9311970798394652
17232.6	-0.7417670798394651
17234.3	0.3132159201605349
17236.0	1.0657184201605348
17237.6	1.5008593201605351
17239.3	1.4988771501605347
17241.0	1.0532442701605347
17242.6	0.3541318601605349
17244.3	-0.1301718798394651
17246.0	0.08584162016053494
17247.6	0.5982752301605347
17249.3	0.7380780201605346
17251.0	0.859673660160535
17252.7	0.48252162016053496
17254.3	-0.03615211983946507
17256.0	-0.587034079839465
17257.7	-0.9498308798394648
17259.3	-0.8456929798394652
17261.0	-0.2207907798394652
17262.7	0.609598220160535
17264.3	1.2621453201605348
17266.0	1.8547409201605347
17267.7	2.979478920160534
17269.3	3.2277457201605344
17271.0	3.5059109201605345
17272.7	3.767510920160535
17274.3	3.860654720160535
17276.0	4.1366179201605355
17277.7	4.587464820160535
17279.3	4.129049920160535
17281.0	4.708134920160535
17282.7	4.456160020160535
17284.3	3.733782950160534
17286.0	3.6261673201605347
17287.7	3.367186020160535
17289.3	3.119061420160535
17291.0	2.963867520160535
17292.7	1.8205843201605347
17294.3	1.7825659201605348
17296.0	1.7516591201605345
17297.7	1.5618509201605346
17299.4	2.392225520160535
17301.0	2.7403635201605345
17302.7	3.808102320160535
17304.4	4.315937820160535
17306.0	4.131223920160536
17307.7	4.076662920160535
17309.4	3.8398809201605353
17311.0	3.0894033201605344
17312.7	2.8715579201605346
17314.4	1.4634159201605352
17316.0	1.0877477201605348
17317.7	0.5578793601605351
17319.4	-0.012491979839465196
17321.0	-0.4382424798394654
17322.7	-0.8430430798394651
17324.4	-1.4189233798394651
17326.0	-1.5689390798394656
17327.7	-1.818342079839465
17329.4	-1.7450803798394652
17331.0	-1.146008079839465
17332.7	0.062299930160535234
17334.4	0.7228041201605346
17336.0	1.5716630201605348
17337.7	1.9493235201605343
17339.4	1.8686125201605346
17341.0	1.5356616201605349
17342.7	0.3219756201605349
17344.4	-0.8048163798394652
17346.1	-0.7485320798394653
17347.7	-0.7655180798394652
17349.4	0.201217520160535
17351.1	1.347650570160535
17352.7	2.0920245201605345
17354.4	2.4577991201605345
17356.1	2.3234401221605356
17357.7	1.2738405201605347
17359.4	-0.21676467983946512
17361.1	-2.061359479839465
17362.7	-3.8517960798394646
17364.4	-4.666897779839465
17366.1	-4.158390679839465
17367.7	-3.140387679839465
17369.4	-1.084419309839465
17371.1	0.08391012016053487
17372.7	0.33430562016053483
17374.4	0.3777187201605347
17376.1	-0.10655337983946529
17377.7	-0.7597011798394651
17379.4	-0.793598059839465
17381.1	-0.7996707298394652
17382.7	0.016977420160534697
17384.4	0.9714783301605348
17386.1	2.3507889201605345
17387.8	3.868703420160535
17389.4	4.778023120160535
17391.1	5.091982040160535
17392.8	5.114286320160534
17394.4	4.846678820160536
17396.1	4.605216920160535
17397.8	3.9697969201605345
17399.4	2.985471920160535
17401.1	1.3850849201605349
17402.8	-0.3929220798394648
17404.4	-1.2127590798394654
17406.1	-1.3927270798394658
17407.8	-1.4457173798394645
17409.4	-1.1476155098394654
17411.1	-1.8970928798394653
17412.8	-3.038041579839465
17414.4	-4.523290079839465
17416.1	-5.594775979839464
17417.8	-5.608727279839465
17419.4	-4.215291979839465
17421.1	-3.002336079839465
17422.8	-1.376634879839465
17424.4	-0.6694576798394648
17426.1	-0.4854416198394647
17427.8	-0.6231370798394646
17429.4	-0.16769007983946543
17431.1	0.8262108201605347
17432.8	2.1234113101605354
17434.5	3.3735009201605353
17436.1	4.005897220160535
17437.8	4.0028986201605345
17439.5	3.6679510201605345
17441.1	2.9892573201605344
17442.8	2.1284082201605345
17444.5	1.5108386201605346
17446.1	-0.09001177983946515
17447.8	-0.7806742798394651
17449.5	-1.0772905798394654
17451.1	0.14069392016053478
17452.8	1.6460109201605349
17454.5	3.7625312191605347
17456.1	4.943063920160535
17457.8	5.8715629201605335
17459.5	4.865643920160535
17461.1	4.2482929201605355
17462.8	2.8910579201605344
17464.5	2.656868920160535
17466.1	2.0407021201605353
17467.8	2.4805829601605347
17469.5	2.553570920160535
17471.1	3.3189084201605348
17472.8	3.2965889201605356
17474.5	3.978800420160534
17476.1	4.174660820160534
17477.8	4.365059220160535
17479.5	4.328632820160535
17481.2	4.500565920160534
17482.8	4.923024920160534
17484.5	5.392179220160535
17486.2	5.747164220160535
17487.8	6.150657550160536
17489.5	6.327488920160535
17491.2	6.362353920160535
17492.8	6.767071120160535
17494.5	6.8477353201605355
17496.2	6.502401720160535
17497.8	5.366212920160535
17499.5	3.2873899201605346
17501.2	1.4950524201605346
17502.8	0.37031182016053465
17504.5	0.4021734201605355
17506.2	1.0894643201605352
17507.8	2.2039371201605347
17509.5	2.253761920160535
17511.2	2.3678409201605346
17512.8	1.460790220160535
17514.5	1.4349620201605346
17516.2	2.3297406201605346
17517.8	3.6707382201605347
17519.5	4.6462911201605355
17521.2	5.075623620160535
17522.8	4.040137920160535
17524.5	2.7552670201605354
17526.2	0.7861309201605348
17527.9	-0.18518107983946502
17529.5	0.08374152016053475
17531.2	0.935033300160535
17532.9	1.9518795201605346
17534.5	3.0782014201605348
17536.2	3.472512520160535
17537.9	3.969602020160535
17539.5	3.789717320160535
17541.2	3.875194460160535
17542.9	3.2995279201605348
17544.5	2.476412920160535
17546.2	1.704750120160535
17547.9	1.3606972201605345
17549.5	1.4189489201605352
17551.2	2.1130819201605346
17552.9	2.699664920160535
17554.5	3.720424120160535
17556.2	4.245923920160536
17557.9	4.405021920160534
17559.5	3.6481889201605346
17561.2	3.1402009201605354
17562.9	2.3507041201605348
17564.5	2.462950920160535
17566.2	3.1943480201605348
17567.9	4.373714520160536
17569.6	5.216926520160535
17571.2	5.684352920160535
17572.9	4.326756920160536
17574.6	3.342346920160535
17576.2	1.9507226201605348
17577.9	1.312415180160535
17579.6	0.8682511201605345
17581.2	1.258191920160535
17582.9	2.226166920160535
17584.6	3.644647520160535
17586.2	4.386695420160534
17587.9	4.417210420160535
17589.6	3.630089220160535
17591.2	3.0310130001605353
17592.9	1.8053959201605345
17594.6	1.8050045201605347
17596.2	2.100197720160535
17597.9	2.727749920160535
17599.6	2.8682412201605345
17601.2	2.3626235201605352
17602.9	1.8916242201605349
17604.6	1.4759168201605348
17606.2	1.0213449201605347
17607.9	1.0990879201605348
17609.6	1.2525383201605351
17611.2	2.035835920160535
17612.9	3.1131269201605347
17614.6	3.8342875201605353
17616.3	4.660736920160535
17617.9	4.958520920160535
17619.6	5.142965220160535
17621.3	4.901162920160536
17622.9	4.255241920160534
17624.6	3.307813920160535
17626.3	2.527839920160534
17627.9	2.309655620160535
17629.6	2.310410820160535
17631.3	2.7792822201605345
17632.9	2.8512839201605344
17634.6	1.8593275201605348
17636.3	0.9125881201605346
17637.9	0.1156565201605348
17639.6	-0.12223707983946479
17641.3	0.5635198201605348
17642.9	1.4715159201605346
17644.6	1.9461379201605347
17646.3	2.2369189201605346
17647.9	2.0458989201605347
17649.6	1.866058920160534
17651.3	2.016299020160535
17652.9	1.9832869201605348
17654.6	1.9167797201605352
17656.3	1.6454441201605348
17657.9	1.4242009201605346
17659.6	1.0418201201605348
17661.3	0.9791789201605348
17663.0	0.6758611201605345
17664.6	0.9554677201605347
17666.3	0.7406522201605347
17668.0	0.9251300201605348
17669.6	0.39219092016053486
17671.3	-0.1440379798394651
17673.0	-0.3944356798394651
17674.6	0.635939720160535
17676.3	1.454906720160535
17678.0	3.207992420160535
17679.6	4.238003820160534
17681.3	3.9624529201605347
17683.0	3.318717920160535
17684.6	2.3823629201605345
17686.3	1.8445546201605345
17688.0	2.363168920160534
17689.6	2.5269809201605353
17691.3	2.2917059201605348
17693.0	2.0292930201605346
17694.6	1.215019820160535
17696.3	0.828845320160535
17698.0	1.289530320160535
17699.6	2.476168920160535
17701.3	3.701622120160535
17703.0	4.764627920160536
17704.6	5.487080120160536
17706.3	5.804605420160536
17708.0	5.679792020160535
17709.7	4.857011920160535
17711.3	3.763107920160535
17713.0	1.860303920160535
17714.7	0.18684190016053498
17716.3	-1.165579399839465
17718.0	-2.0611730798394654
17719.7	-1.8936680798394652
17721.3	-1.0629448798394656
17723.0	-0.47049887983946553
17724.7	0.5762112201605352
17726.3	0.7319728201605351
17728.0	0.7323079201605349
17729.7	0.7728510201605348
17731.3	1.279838120160535
17733.0	2.0345889201605347
17734.7	3.136089620160535
17736.3	3.6912549201605342
17738.0	3.4211092201605355
17739.7	2.7706623201605347
17741.3	2.3375449201605347
17743.0	1.078221920160535
17744.7	1.216288920160535
17746.3	1.7735481201605345
17748.0	2.6167719101605345
17749.7	3.615131320160535
17751.4	3.8291778201605347
17753.0	3.5564459201605345
17754.7	3.5629779201605345
17756.4	2.308616920160536
17758.0	1.9263540201605351
17759.7	1.805836720160535
17761.4	1.6821047201605346
17763.0	1.7113189201605343
17764.7	1.182464620160535
17766.4	0.793706020160535
17768.0	0.8612349201605347
17769.7	0.6299409201605349
17771.4	0.8811419201605346
17773.0	1.2435672201605346
17774.7	1.6309128201605347
17776.4	2.553551220160535
17778.0	2.887470320160535
17779.7	3.4303782201605353
17781.4	3.709079220160535
17783.0	3.856505420160535
17784.7	3.5148899201605346
17786.4	3.153223420160534
17788.0	2.617735920160535
17789.7	2.358812920160535
17791.4	1.9910769201605347
17793.0	1.6923329201605348
17794.7	1.5157057201605344
17796.4	1.3287931201605345
17798.1	0.20081292016053504
17799.7	-0.9105350798394648
17801.4	-1.4863970798394655
17803.1	-1.710227579839465
17804.7	-1.0954920798394647
17806.4	-0.3002360798394651
17808.1	0.45821692016053495
17809.7	0.37454642016053513
17811.4	-0.5079214798394651
17813.1	-1.6141975798394654
17814.7	-1.9276400798394655
17816.4	-2.2238430798394657
17818.1	-2.1520580798394655
17819.7	-1.7946843798394654
17821.4	-1.3556307798394651
17823.1	-1.1304730798394649
17824.7	-0.966748979839465
17826.4	-0.7200870798394648
17828.1	0.07770512016053503
17829.7	0.7215649201605346
17831.4	1.0619160201605347
17833.1	0.9276818601605348
17834.7	0.015486620160534948
17836.4	-1.2478465298394654
17838.1	-2.1219825798394654
17839.7	-2.3392051648394654
17841.4	-1.6785102798394653
17843.1	-0.6997443798394651
17844.8	0.32412922016053464
17846.4	1.667011120160535
17848.1	3.053638220160535
17849.8	4.300425920160535
17851.4	5.284211620160535
17853.1	4.726354160160536
17854.8	3.019742730160535
17856.4	0.5216581201605347
17858.1	-1.122003679839465
17859.8	-1.5332280798394649
17861.4	-0.7453625798394653
17863.1	0.24014012016053493
17864.8	1.2568651201605348
17866.4	1.4568069201605347
17868.1	1.3110897201605347
17869.8	1.010115560160535
17871.4	1.101577820160535
17873.1	1.0266299201605347
17874.8	0.9039384201605349
17876.4	0.6829509201605346
17878.1	0.4165921201605348
17879.8	0.5295619201605346
17881.4	0.33542592016053463
17883.1	0.30480992016053526
17884.8	0.177242920160535
17886.4	0.14257782016053505
17888.1	0.7074932201605353
17889.8	1.5229229201605352
17891.5	1.999581920160535
17893.1	2.568830420160535
17894.8	2.0354711201605347
17896.5	1.225803620160535
17898.1	0.5160864201605346
17899.8	-0.14595367983946517
17901.5	-0.6705420798394652
17903.1	-1.4618413798394652
17904.8	-2.3277734798394656
17906.5	-2.823500379839465
17908.1	-2.5372716598394653
17909.8	-1.8770248798394653
17911.5	-0.17086897983946497
17913.1	1.0013336201605347
17914.8	2.049228820160535
17916.5	1.6237977201605347
17918.1	1.4969587201605352
17919.8	0.8722894201605349
17921.5	0.9822379201605351
17923.1	1.1297067201605349
17924.8	2.192833620160535
17926.5	1.9024786201605344
17928.1	2.1779979201605344
17929.8	2.217969520160535
17931.5	2.581443820160535
17933.2	2.9955779201605353
17934.8	3.100226720160535
17936.5	2.605839920160535
17938.2	1.9312963201605349
17939.8	0.8816569201605345
17941.5	0.5553859201605351
17943.2	1.311989620160535
17944.8	2.6839699201605347
17946.5	3.726133720160535
17948.2	4.650792520160535
17949.8	4.978436080160535
17951.5	4.515723420160534
17953.2	3.6668435201605347
17954.8	3.200629420160535
17956.5	2.4437990201605353
17958.2	2.5618908701605347
17959.8	2.429986020160535
17961.5	2.5584894201605346
17963.2	2.454817220160535
17964.8	1.864857120160535
17966.5	1.1506338201605348
17968.2	0.8923474201605348
17969.8	1.173506420160535
17971.5	2.198654820160535
17973.2	2.9706089201605343
17974.8	2.971187620160535
17976.5	2.8989299201605343
17978.2	2.0962491201605347
17979.9	1.6530171201605348
17981.5	1.328891020160535
17983.2	1.471767120160535
17984.9	2.360801510160535
17986.5	3.335874620160534
17988.2	3.633560620160535
17989.9	3.883976920160534
17991.5	4.037615720160535
17993.2	3.512135920160535
17994.9	3.5521579201605347
17996.5	3.305635890160535
17998.2	3.1987685201605354
17999.9	3.262688920160535
18001.5	3.4016489201605347
18003.2	3.589975020160535
18004.9	4.459160120160535
18006.5	4.286059920160535
18008.2	4.436178920160534
18009.9	3.931623920160535
18011.5	3.2424219201605347
18013.2	2.508226920160534
18014.9	2.0771779201605343
18016.5	1.450584920160535
18018.2	0.5805439201605345
18019.9	-0.579610979839465
18021.5	-1.2366592798394649
18023.2	-1.7137776798394655
18024.9	-1.441409579839465
18026.6	-0.929095479839465
18028.2	0.3490976201605348
18029.9	1.401942920160535
18031.6	1.7701307701605349
18033.2	2.116800620160535
18034.9	1.7672519201605348
18036.6	1.331430320160535
18038.2	0.627771040160535
18039.9	0.0021597701605349682
18041.6	0.07511032016053551
18043.2	0.354102320160535
18044.9	0.4437999201605349
18046.6	0.45927617016053457
18048.2	0.00919882016053446
18049.9	-0.43416937983946513
18051.6	-1.223698879839465
18053.2	-1.9686796798394646
18054.9	-1.692625479839465
18056.6	-0.582787479839465
18058.2	0.9071899201605346
18059.9	2.3961431201605348
18061.6	3.4267345201605344
18063.2	4.048463020160535
18064.9	3.889196620160535
18066.6	3.3721555101605345
18068.2	2.761499920160535
18069.9	2.301379920160535
18071.6	1.6207887721605345
18073.3	0.8587339201605346
18074.9	-0.10097107983946554
18076.6	-0.7324291798394658
18078.3	-1.6533720798394647
18079.9	-2.1204757798394653
18081.6	-2.608059679839465
18083.3	-2.6515601798394655
18084.9	-2.224775679839465
18086.6	-1.5558782798394655
18088.3	-1.2926050798394653
18089.9	-0.9065211798394653
18091.6	-0.774019079839465
18093.3	-0.6111730798394652
18094.9	0.03929132016053467
18096.6	1.2457659201605353
18098.3	1.6343219801605346
18099.9	1.1561845001605346
18101.6	-0.2307066798394654
18103.3	-1.2222260798394655
18104.9	-1.3145599798394647
18106.6	-0.7736023798394651
18108.3	0.09571082016053509
18109.9	0.5751013701605351
18111.6	0.7503602201605346
18113.3	0.05980292016053488
18115.0	-0.4993275798394651
18116.6	-0.9755945598394655
18118.3	-2.148008179839465
18120.0	-3.094248079839465
18121.6	-2.4218400798394653
18123.3	-1.5722710798394652
18125.0	1.0090340201605348
18126.6	2.9712229201605345
18128.3	3.9561337201605347
18130.0	4.153101920160536
18131.6	3.3377474291605354
18133.3	2.1080399201605347
18135.0	1.575588920160535
18136.6	1.308397720160535
18138.3	1.582009220160535
18140.0	1.6971797201605348
18141.6	1.184965620160535
18143.3	0.4541839201605347
18145.0	-0.12199897983946525
18146.6	-0.1774974798394652
18148.3	0.48639242016053463
18150.0	2.1941625201605346
18151.6	3.6575999201605347
18153.3	4.285348420160534
18155.0	3.195636420160535
18156.6	1.7034381201605349
18158.3	0.8807288601605349
18160.0	0.5937269201605352
18161.7	0.8388357201605349
18163.3	1.4922979201605353
18165.0	0.8261819201605348
18166.7	0.40233392016053476
18168.3	-0.7232278798394655
18170.0	-1.4022230798394655
18171.7	-1.624411079839465
18173.3	-1.4941641798394651
18175.0	-1.694258179839465
18176.7	-1.3361475798394649
18178.3	-1.0530120798394655
18180.0	-0.5891290798394652
18181.7	-0.5569973598394657
18183.3	-0.4069869798394654
18185.0	-0.48339027983946503
18186.7	-0.6662750798394648
18188.3	-0.31848507983946506
18190.0	-0.5131280798394654
18191.7	0.18467972016053497
18193.3	0.2993274501605348
18195.0	0.4442938201605348
18196.7	0.7328454201605348
18198.3	1.805104920160535
18200.0	1.7817709201605354
18201.7	2.3332269201605347
18203.3	1.7882029201605345
18205.0	1.3149502201605348
18206.7	0.8083759201605346
18208.4	0.7694573201605344
18210.0	0.7635169201605349
18211.7	1.398350920160535
18213.4	1.277465920160535
18215.0	1.3149230201605353
18216.7	1.133760620160535
18218.4	0.49370502016053514
18220.0	-0.37996977983946517
18221.7	-1.2005170798394647
18223.4	-2.1054714798394656
18225.0	-2.2236840798394653
18226.7	-1.5425970798394657
18228.4	-0.23806737983946497
18230.0	1.424551440160535
18231.7	3.075711920160535
18233.4	3.917408120160535
18235.0	4.9381103201605345
18236.7	4.383770520160534
18238.4	4.330839320160535
18240.0	3.7648679201605346
18241.7	2.8991234201605343
18243.4	2.188535920160535
18245.0	1.2628909201605345
18246.7	-0.06305607983946526
18248.4	-0.5156440798394654
18250.0	-1.736488079839465
18251.7	-1.3908327798394653
18253.4	-0.5876558798394653
18255.1	-0.06291307983946534
18256.7	1.1491371201605352
18258.4	2.153405520160535
18260.1	2.128953120160535
18261.7	2.2525987201605355
18263.4	1.565778320160535
18265.1	0.8475069201605347
18266.7	0.3826509201605351
18268.4	0.061450820160534644
18270.1	0.34314192016053474
18271.7	1.4896996201605348
18273.4	1.8355858201605346
18275.1	2.0132659201605345
18276.7	2.107099320160535
18278.4	1.824491920160535
18280.1	1.3634821201605347
18281.7	1.315789120160535
18283.4	1.649612920160535
18285.1	1.511206820160535
18286.7	1.138481820160535
18288.4	0.011342920160534753
18290.1	-0.8465820798394654
18291.7	-1.3073882798394656
18293.4	-1.589928079839465
18295.1	-1.3295691798394653
18296.8	-1.1234697798394655
18298.4	-1.4143660798394648
18300.1	-1.8041806798394657
18301.8	-1.2441285798394655
18303.4	0.11981982016053498
18305.1	1.7514269201605348
18306.8	2.762621920160535
18308.4	3.052418720160535
18310.1	2.693696920160535
18311.8	2.720344920160535
18313.4	2.3997391201605347
18315.1	2.861407820160535
18316.8	3.2000838201605353
18318.4	2.9349573801605353
18320.1	2.312658320160535
18321.8	1.7782645201605347
18323.4	1.4136829201605363
18325.1	1.0833455201605344
18326.8	-0.4529990798394648
18328.4	-1.1282315798394653
18330.1	-1.5539090798394652
18331.8	-1.198514079839465
18333.4	-0.7083677798394648
18335.1	0.3253989201605349
18336.8	0.5359119201605349
18338.4	1.0361329201605347
18340.1	0.905650920160535
18341.8	0.8662931301605349
18343.5	0.7790361301605342
18345.1	0.32036922016053476
18346.8	0.3220709201605347
18348.5	1.1350759201605345
18350.1	1.5125749201605347
18351.8	2.2293561201605345
18353.5	2.6342079201605344
18355.1	2.3895460101605352
18356.8	1.9569083201605353
18358.5	1.251065920160535
18360.1	0.876874920160535
18361.8	0.8635370201605348
18363.5	0.4080419201605351
18365.1	0.5358739201605347
18366.8	1.1062962201605346
18368.5	2.351134620160535
18370.1	3.1760269201605347
18371.8	4.033237220160535
18373.5	4.235791620160535
18375.1	4.622199920160535
18376.8	4.495906620160535
18378.5	4.4395099201605355
18380.1	4.378938920160534
18381.8	4.738867920160535
18383.5	4.168599220160535
18385.1	3.235614620160535
18386.8	2.027032720160535
18388.5	0.8191145201605348
18390.2	-0.30196707983946525
18391.8	-1.3619291798394653
18393.5	-1.4853416798394652
18395.2	-0.6669970798394653
18396.8	0.4491429201605346
18398.5	1.443308920160535
18400.2	2.959572920160535
18401.8	3.9866171201605347
18403.5	4.875660410160535
18405.2	4.811196020160535
18406.8	4.759617620160536
18408.5	4.767542820160535
18410.2	4.844391220160533
18411.8	5.126484320160534
18413.5	5.111973920160535
18415.2	4.986086920160535
18416.8	4.009884640160536
18418.5	2.259710920160535
18420.2	1.2297549201605351
18421.8	0.7180962201605345
18423.5	0.4590289201605352
18425.2	1.5780213201605349
18426.8	1.9096679201605347
18428.5	2.709013920160535
18430.2	2.9204839201605344
18431.8	3.1935229201605346
18433.5	4.006402920160534
18435.2	4.418135320160535
18436.9	4.441002920160535
18438.5	4.060591920160535
18440.2	2.968687920160535
18441.9	2.3046315201605347
18443.5	1.7401620201605348
18445.2	1.9620529201605343
18446.9	2.3770764201605346
18448.5	2.546101520160535
18450.2	2.2518046201605344
18451.9	1.8295707201605347
18453.5	1.540966480160535
18455.2	1.086703320160535
18456.9	1.064272920160535
18458.5	1.6201999201605346
18460.2	1.7199604201605347
18461.9	1.8763019201605347
18463.5	1.3520940201605347
18465.2	0.3070876201605348
18466.9	-0.5760485098394652
18468.5	-1.3248742798394653
18470.2	-1.616850719839465
18471.9	-0.619956779839465
18473.5	0.14461742016053467
18475.2	0.5522359201605347
18476.9	0.34142072016053493
18478.6	-0.27604307983946497
18480.2	-1.102584979839465
18481.9	-1.5943390798394652
18483.6	-1.4954141798394651
18485.2	-1.3835870798394654
18486.9	-1.2069870798394653
18488.6	-1.019391079839465
18490.2	-0.8135345798394653
18491.9	-0.5395327268394651
18493.6	-0.018498679839465293
18495.2	0.8847350201605348
18496.9	2.332383220160535
18498.6	3.1333732201605344
18500.2	4.484271920160535
18501.9	5.5881469201605345
18503.6	6.435842020160534
18505.2	6.203253120160535
18506.9	4.8405426201605355
18508.6	4.108590420160535
18510.2	2.644280920160535
18511.9	1.9324743201605348
18513.6	1.9078289201605352
18515.2	2.456599920160535
18516.9	3.1851317201605354
18518.6	3.4988425201605353
18520.2	3.4900278201605346
18521.9	3.7548510201605345
18523.6	2.8542793701605356
18525.3	2.3622971201605347
18526.9	1.677573920160535
18528.6	1.1309319201605352
18530.3	0.8088630201605345
18531.9	0.7071809201605348
18533.6	1.5055712201605347
18535.3	2.6823478201605346
18536.9	3.439750420160535
18538.6	4.264045920160536
18540.3	4.705711955160534
18541.9	4.154764720160534
18543.6	2.5270147201605346
18545.3	1.1327688201605342
18546.9	-0.47652607983946516
18548.6	-0.3963550798394655
18550.3	-0.3050080798394651
18551.9	0.6437600201605347
18553.6	1.9582937201605346
18555.3	2.187714920160535
18556.9	1.547122820160535
18558.6	2.0202876201605346
18560.3	2.0649922201605344
18561.9	3.353290860160535
18563.6	4.211516070160535
18565.3	4.560852320160535
18566.9	4.310416720160535
18568.6	3.278485730160535
18570.3	1.749758920160535
18572.0	1.593493020160535
18573.6	1.2529084901605347
18575.3	1.090166020160535
18577.0	0.7261409201605348
18578.6	0.24863242016053483
18580.3	-0.5804720798394651
18582.0	-1.4577820798394652
18583.6	-2.224653909839465
18585.3	-2.302653079839465
18587.0	-2.634872079839466
18588.6	-2.6174840798394654
18590.3	-2.5720803798394654
18592.0	-2.433020479839466
18593.6	-2.3996780798394655
18595.3	-2.3403490798394655
18597.0	-1.897730979839465
18598.6	-1.0369459798394653
18600.3	0.09669902016053467
18602.0	1.408576920160535
18603.6	1.8348949201605351
18605.3	2.3207439201605355
18607.0	1.8600334201605349
18608.6	1.2420648201605353
18610.3	0.5771979201605344
18612.0	0.3231299201605351
18613.6	0.3862161201605345
18615.3	0.9850119201605352
18617.0	0.7396400201605351
18618.7	0.5588493201605349
18620.3	0.5205139201605355
18622.0	0.4697139201605346
18623.7	0.7062027201605356
18625.3	1.423890920160535
18627.0	2.095519780160535
18628.7	2.135805920160535
18630.3	1.3255519201605346
18632.0	0.4149056201605347
18633.7	-0.6218950798394653
18635.3	-1.0900930798394648
18637.0	-0.8422360798394651
18638.7	0.0837366201605347
18640.3	1.3327201201605348
18642.0	2.6563248201605347
18643.7	3.0236049201605346
18645.3	3.523722920160535
18647.0	3.0888045201605343
18648.7	2.8613150201605344
18650.3	3.036593920160535
18652.0	3.4983639201605343
18653.7	4.138566920160534
18655.3	4.630888920160535
18657.0	4.662179760160535
18658.7	4.417532520160534
18660.4	4.238424520160535
18662.0	4.009700450160534
18663.7	4.851754920160535
18665.4	5.266151620160535
18667.0	5.378340920160534
18668.7	4.803223420160535
18670.4	3.762168620160535
18672.0	1.323699220160535
18673.7	-0.6888300798394651
18675.4	-2.317452679839465
18677.0	-2.385499079839465
18678.7	-1.1785833798394654
18680.4	0.5306458201605346
18682.0	1.3497019201605347
18683.7	1.2576499201605351
18685.4	-0.0567385798394648
18687.0	-1.0102213798394652
18688.7	-0.7928811798394653
18690.4	0.4388839201605344
18692.0	1.7307219201605342
18693.7	2.4243499201605347
18695.4	1.8749169201605356
18697.0	0.8513191201605347
18698.7	0.4968609201605346
18700.4	1.250287920160535
18702.0	1.4359517201605345
18703.7	1.7535919201605346
18705.4	1.364553920160535
18707.1	0.37738052016053486
18708.7	-0.22875417983946517
18710.4	-0.41771707983946504
18712.1	-0.5382325798394652
18713.7	0.11545692016053462
18715.4	0.1780709201605349
18717.1	0.5712370101605349
18718.7	1.8522959201605353
18720.4	2.8327354201605344
18722.1	3.2044072201605345
18723.7	3.011469920160535
18725.4	2.246770920160535
18727.1	1.7588130201605345
18728.7	2.559734220160535
18730.4	3.504129070160535
18732.1	4.913120520160535
18733.7	5.953959920160535
18735.4	6.164876010160535
18737.1	5.569228520160534
18738.7	4.559510920160535
18740.4	3.8144728201605353
18742.1	3.6184449201605355
18743.7	3.7373982201605345
18745.4	3.921760920160535
18747.1	3.706729920160535
18748.7	2.8813524201605354
18750.4	2.2316174201605348
18752.1	0.567493620160535
18753.8	0.009902400160534874
18755.4	0.47517992016053484
18757.1	1.4041245201605348
18758.8	2.1153697201605346
18760.4	2.465555920160535
18762.1	2.104164520160535
18763.8	1.2987291101605352
18765.4	0.13661792016053464
18767.1	-1.1281000798394651
18768.8	-2.5449032798394646
18770.4	-3.729688079839465
18772.1	-4.9149030798394655
18773.8	-5.474951079839466
18775.4	-4.461799079839466
18777.1	-4.128797379839465
18778.8	-2.633479879839465
18780.4	-1.1328915598394649
18782.1	-0.47705567983946506
18783.8	-0.305291379839465
18785.4	-0.5928113798394647
18787.1	-1.6013520798394651
18788.8	-1.9210579798394654
18790.4	-2.2188536798394645
18792.1	-1.100147079839465
18793.8	1.123209120160535
18795.4	3.832113920160535
18797.1	5.314106920160535
18798.8	6.255382720160535
18800.5	6.447490820160536
18802.1	5.746713220160535
18803.8	4.935261920160535
18805.5	3.282043020160535
18807.1	1.848446620160535
18808.8	1.430902920160535
18810.5	1.030742920160535
18812.1	1.1565966201605347
18813.8	1.5282468201605348
18815.5	1.4373569201605343
18817.1	1.4757939201605352
18818.8	1.1206978201605347
18820.5	0.9209259201605349
18822.1	1.146394520160535
18823.8	0.9935316201605348
18825.5	1.0166375201605349
18827.1	0.5568671201605347
18828.8	0.31791492016053463
18830.5	0.6161801201605349
18832.1	1.6667212201605348
18833.8	2.366555220160534
18835.5	2.655252820160535
18837.1	2.654328320160535
18838.8	2.7835499201605347
18840.5	2.5996017201605346
18842.2	3.345215920160535
18843.8	3.4952589201605355
18845.5	4.361069920160536
18847.2	4.231228920160534
18848.8	3.367750920160534
18850.5	2.3904711201605346
18852.2	1.451117920160535
18853.8	0.35741092016053466
18855.5	-0.0017550798394651678
18857.2	-0.5546590798394648
18858.8	-0.12130927983946496
18860.5	-0.06250107983946496
18862.2	0.029724920160535184
18863.8	0.10327682016053483
18865.5	-0.0702531798394654
18867.2	0.19636532016053482
18868.8	1.3295695201605349
18870.5	2.1590577201605345
18872.2	3.704697220160535
18873.8	4.380406720160535
18875.5	4.103368920160535
18877.2	3.258031620160535
18878.8	2.0295691201605353
18880.5	0.17740652016053476
18882.2	-0.253068079839465
18883.8	-0.8610081798394651
18885.5	-0.6955906798394655
18887.2	-0.16980107983946535
18888.9	0.2379609201605347
18890.5	0.1726249201605345
18892.2	0.883837120160535
18893.9	1.1902422201605347
18895.5	1.7696971201605352
18897.2	1.830662350160535
18898.9	1.0090310201605348
18900.5	-0.5826260798394653
18902.2	-2.035312079839465
18903.9	-3.5966144798394644
18905.5	-3.9663626798394644
18907.2	-3.5820155498394657
18908.9	-3.254554079839464
18910.5	-2.5025240798394655
18912.2	-0.758262079839465
18913.9	1.049856520160535
18915.5	3.4802798701605346
18917.2	5.358554640160536
18918.9	5.827562920160536
18920.5	5.411424020160535
18922.2	3.381159520160535
18923.9	1.2779089201605356
18925.5	0.4634499201605351
18927.2	0.12031422016053454
18928.9	0.6145799201605356
18930.5	1.2933709201605346
18932.2	1.896392920160535
18933.9	2.443985920160535
18935.6	2.916979320160535
18937.2	3.3809629201605347
18938.9	3.520751120160535
18940.6	2.828863920160535
18942.2	2.0716149201605347
18943.9	1.196924720160535
18945.6	1.3811822201605342
18947.2	1.2880038201605353
18948.9	1.9710386201605352
18950.6	2.562117920160535
18952.2	3.0899521201605347
18953.9	2.5762142201605345
18955.6	2.180567520160535
18957.2	1.2568079201605349
18958.9	1.2580073201605348
18960.6	0.7226356201605351
18962.2	1.106687920160535
18963.9	0.7617409201605349
18965.6	0.8523839201605347
18967.2	-0.21577907983946557
18968.9	-1.2246596798394658
18970.6	-2.182174079839464
18972.2	-2.5001972798394645
18973.9	-2.073650279839465
18975.6	-0.4536168798394657
18977.2	-0.10111037983946511
18978.9	1.1598079201605351
18980.6	1.3907004201605353
18982.3	1.379787920160535
18983.9	1.4944149201605348
18985.6	1.661892920160535
18987.3	2.524143420160535
18988.9	4.079585920160535
18990.6	4.222544920160535
18992.3	4.384677920160535
18993.9	3.5120189201605356
18995.6	2.775956920160535
18997.3	2.536463920160535
18998.9	2.6091526201605353
19000.6	3.7457219201605354
19002.3	4.583868920160534
19003.9	4.392100220160534
19005.6	3.6243874201605353
19007.3	1.4585425201605342
19008.9	0.11083122016053464
19010.6	-0.09589967983946543
19012.3	0.6892895201605347
19013.9	3.031574320160535
19015.6	4.493551420160535
19017.3	4.350140920160535
19018.9	3.4442879201605345
19020.6	1.153326920160535
19022.3	-0.014263079839465042
19024.0	-0.45860907983946514
19025.6	0.4940180601605352
19027.3	2.2961649201605345
19029.0	3.208784920160535
19030.6	2.308532590160535
19032.3	1.1516749201605347
19034.0	-0.4530360798394651
19035.6	-0.7867603798394652
19037.3	-0.7863491798394653
19039.0	0.3098281201605351
19040.6	1.4752471201605348
19042.3	2.4152119201605347
19044.0	2.082392920160535
19045.6	1.9968989201605347
19047.3	2.0504422201605346
19049.0	3.2516303201605354
19050.6	4.403750220160534
19052.3	5.5906998601605356
19054.0	6.098566920160534
19055.6	5.770895920160535
19057.3	4.933576420160535
19059.0	3.756045720160535
19060.6	2.778588520160535
19062.3	2.199778820160535
19064.0	1.932185120160535
19065.6	1.8645356801605346
19067.3	2.0489057201605347
19069.0	3.1575849201605353
19070.7	4.005049920160535
19072.3	5.094008920160535
19074.0	5.464632420160536
19075.7	4.722222920160535
19077.3	3.956590920160535
19079.0	3.0962672201605352
19080.7	2.195448820160535
19082.3	2.677320920160535
19084.0	2.6854793201605345
19085.7	3.178950920160535
19087.3	3.391895620160535
19089.0	3.7820228201605346
19090.7	4.843441920160535
19092.3	6.037872055160535
19094.0	6.844025820160534
19095.7	6.955195920160534
19097.3	6.431368020160535
19099.0	5.0870989201605346
19100.7	3.6794860201605344
19102.3	2.6538826201605348
19104.0	2.520340720160535
19105.7	2.724573920160535
19107.3	2.6814946201605347
19109.0	2.6282341601605355
19110.7	2.893352870160535
19112.3	2.508066240160535
19114.0	3.0080900201605347
19115.7	2.777797120160535
19117.4	2.586389120160535
19119.0	2.564998920160535
19120.7	1.987672920160535
19122.4	1.5540577201605346
19124.0	1.7569340201605352
19125.7	1.451271320160535
19127.4	1.6951629201605343
19129.0	1.8768469201605344
19130.7	1.6699714201605347
19132.4	2.034015040160535
19134.0	2.224771920160535
19135.7	2.6179609201605345
19137.4	3.100565470160535
19139.0	3.609462320160535
19140.7	3.6924805201605353
19142.4	4.005489920160535
19144.0	3.188103920160535
19145.7	1.945638720160535
19147.4	0.20792952016053476
19149.0	-1.4491644798394654
19150.7	-2.1389644798394656
19152.4	-1.9173662798394653
19154.0	-1.708302379839465
19155.7	-0.37123697983946524
19157.4	0.12297632016053565
19159.0	0.7769357201605347
19160.7	1.3166469201605349
19162.4	2.402959620160535
19164.1	3.6017623201605344
19165.7	4.153017920160535
19167.4	3.7778171201605346
19169.1	3.2852866601605344
19170.7	2.3340899601605356
19172.4	1.508090920160535
19174.1	0.21769392016053538
19175.7	-0.47341507983946496
19177.4	-0.5097567798394659
19179.1	-0.6799931798394647
19180.7	-0.06440807983946506
19182.4	1.1931259201605349
19184.1	2.8198322871605344
19185.7	4.278092120160535
19187.4	5.081722920160535
19189.1	5.888766920160534
19190.7	6.1295006201605355
19192.4	5.945802920160535
19194.1	5.121180220160535
19195.7	4.200128920160536
19197.4	3.0394917201605347
19199.1	1.9075640201605348
19200.7	1.3303660201605347
19202.4	1.2164425201605347
19204.1	1.4346739201605352
19205.8	1.721123120160535
19207.4	1.559976520160535
19209.1	1.058362920160535
19210.8	0.3287719201605352
19212.4	-1.1139630798394653
19214.1	-1.4221710798394644
19215.8	-1.5505075798394645
19217.4	-0.8984890798394656
19219.1	0.26543892016053466
19220.8	0.9636609201605346
19222.4	1.339946120160535
19224.1	0.971361920160535
19225.8	0.2482478201605348
19227.4	-0.14551317983946516
19229.1	-0.443236879839465
19230.8	-0.790684179839465
19232.4	-0.6136020798394648
19234.1	-0.6276820798394651
19235.8	-0.39147427983946537
19237.4	0.7480559201605347
19239.1	2.123755820160535
19240.8	2.936726020160535
19242.4	3.2184874201605345
19244.1	2.230902820160535
19245.8	1.4302439201605353
19247.4	1.006555920160535
19249.1	0.5473436201605345
19250.8	1.0413466201605341
19252.5	1.4175231201605345
19254.1	1.3590670201605348
19255.8	1.3955810201605348
19257.5	1.6950828201605348
19259.1	1.885568920160536
19260.8	1.5751166201605349
19262.5	1.5266584801605352
19264.1	0.8715648201605347
19265.8	0.7911819201605347
19267.5	0.5682857201605348
19269.1	0.7837848901605348
19270.8	0.7105849201605349
19272.5	1.022388920160535
19274.1	0.6457841201605345
19275.8	1.7267049201605347
19277.5	2.4213629201605347
19279.1	3.968583520160535
19280.8	4.459171820160534
19282.5	4.893604120160535
19284.1	4.137260920160535
19285.8	4.068899020160535
19287.5	3.2639219201605343
19289.1	3.542451920160535
19290.8	3.102580920160534
19292.5	2.2430949201605346
19294.1	0.7461217201605347
19295.8	-0.9879547798394649
19297.5	-2.875168079839465
19299.2	-2.976212479839466
19300.8	-2.3091627598394653
19302.5	-0.8493210798394649
19304.2	0.3780016401605349
19305.8	0.4036175201605351
19307.5	-0.3483992798394652
19309.2	-1.480261779839466
19310.8	-2.0088690798394646
19312.5	-2.0096034798394653
19314.2	-0.7835784798394652
19315.8	0.004077920160534631
19317.5	0.9746039201605345
19319.2	1.9699729201605347
19320.8	3.077665020160535
19322.5	3.528581920160535
19324.2	5.203048920160535
19325.8	5.582655920160535
19327.5	5.429281920160536
19329.2	4.526073920160535
19330.8	3.278201220160535
19332.5	2.083173420160535
19334.2	1.0189849201605348
19335.8	0.3753634201605349
19337.5	1.3215089201605354
19339.2	2.571435520160535
19340.8	3.855637820160535
19342.5	5.612920920160535
19344.2	6.276985920160535
19345.9	6.403841920160533
19347.5	5.650250520160535
19349.2	5.185728920160534
19350.9	4.6296729201605356
19352.5	3.809224220160535
19354.2	3.930287920160535
19355.9	4.2324075201605345
19357.5	4.302913220160535
19359.2	4.346925320160535
19360.9	3.983051620160535
19362.5	3.584056920160535
19364.2	2.9295516201605345
19365.9	0.7694529201605349
19367.5	-0.2108010798394652
19369.2	-0.9555200798394653
19370.9	-0.9542182798394647
19372.5	0.3369299201605349
19374.2	1.5908757201605348
19375.9	2.3517556201605343
19377.5	2.6538319201605347
19379.2	1.8764646201605344
19380.9	1.275086120160535
19382.5	1.1706790201605348
19384.2	1.2818677201605346
19385.9	1.7526879201605348
19387.6	2.4735611201605345
19389.2	3.625832920160535
19390.9	4.581180920160535
19392.6	5.282359720160535
19394.2	5.060737920160536
19395.9	3.703083920160535
19397.6	0.4995480201605348
19399.2	-2.846192079839465
19400.9	-4.850923679839464
19402.6	-5.173345079839466
19404.2	-4.566691579839465
19405.9	-2.6159657798394655
19407.6	-0.9411360798394652
19409.2	0.7497439201605346
19410.9	0.9447559201605351
19412.6	0.5198639201605347
19414.2	-0.21094217983946456
19415.9	-0.9531902798394652
19417.6	-1.6816654798394652
19419.2	-1.697595079839465
19420.9	-2.0293115798394656
19422.6	-1.6262450798394652
19424.2	-2.0406643798394652
19425.9	-1.8269399798394652
19427.6	-1.3439896798394648
19429.2	-0.7990217798394651
19430.9	-0.135121579839465
19432.6	1.1077919201605344
19434.3	1.7571290201605347
19435.9	3.038195920160534
19437.6	3.802568820160535
19439.3	4.525839620160535
19440.9	4.577479620160535
19442.6	4.170925620160536
19444.3	2.594111920160535
19445.9	1.178632920160535
19447.6	0.03616692016053502
19449.3	-0.5292258798394645
19450.9	-0.7532156798394656
19452.6	-0.2662967798394651
19454.3	-0.40838947983946505
19455.9	-0.7032679798394648
19457.6	-1.5616026798394655
19459.3	-2.770405929839465
19460.9	-3.429945779839465
19462.6	-2.250351079839465
19464.3	-0.48736897983946526
19465.9	1.9862510201605346
19467.6	4.678202440160534
19469.3	5.864846920160535
19470.9	6.564290920160536
19472.6	6.6989386201605345
19474.3	5.677032920160535
19475.9	5.350902920160535
19477.6	4.884974920160535
19479.3	4.509036420160536
19481.0	4.847105820160535
19482.6	5.115526920160535
19484.3	4.717172220160535
19486.0	4.6866559201605344
19487.6	4.2178689201605355
19489.3	3.5153289201605347
19491.0	2.8196075201605346
19492.6	2.192056920160535
19494.3	1.4098079201605351
19496.0	0.6540543201605349
19497.6	-0.5690199798394653
19499.3	-2.0949004798394655
19501.0	-3.422192879839465
19502.6	-4.283872379839464
19504.3	-4.210591079839466
19506.0	-3.3866274798394658
19507.6	-1.9810870798394653
19509.3	-0.8629480798394651
19511.0	-0.387771079839465
19512.6	0.6005449201605345
19514.3	0.9599549201605349
19516.0	2.0407319201605345
19517.6	2.4978555201605346
19519.3	2.723838920160534
19521.0	2.4430053901605353
19522.6	1.4595059201605343
19524.3	0.1478299201605342
19526.0	-0.23783826083946505
19527.7	-1.0982270798394649
19529.3	-0.9668767798394649
19531.0	-0.47411927983946517
19532.7	0.3564500201605352
19534.3	2.339739920160535
19536.0	3.8058709201605345
19537.7	4.729532620160535
19539.3	4.143078720160535
19541.0	2.3486223201605347
19542.7	0.17523392016053485
19544.3	-1.9443880798394653
19546.0	-3.4867982798394648
19547.7	-3.334518079839465
19549.3	-1.978988979839465
19551.0	-0.43172747983946547
19552.7	0.015899920160534896
19554.3	0.05524462016053526
19556.0	-0.5353057798394657
19557.7	-1.990920079839465
19559.3	-3.2106700798394647
19561.0	-4.349240079839465
19562.7	-3.831997079839465
19564.3	-2.2512563798394654
19566.0	-0.16897361983946535
19567.7	3.3268479201605343
19569.4	5.769357720160537
19571.0	6.214728420160535
19572.7	5.2948543101605345
19574.4	2.3700919201605344
19576.0	0.5294609201605347
19577.7	0.27582892016053434
19579.4	1.584699820160535
19581.0	3.9158166201605353
19582.7	5.294589720160536
19584.4	4.588695920160534
19586.0	3.388698920160535
19587.7	1.2082579201605343
19589.4	-0.3371697798394644
19591.0	-0.39865007983946443
19592.7	0.6981194201605347
19594.4	2.195952820160535
19596.0	3.9482495201605348
19597.7	4.800089420160535
19599.4	4.867541920160534
19601.0	4.193891920160534
19602.7	2.0324139201605353
19604.4	-0.6483900798394654
19606.0	-2.6262180798394654
19607.7	-3.9702012798394657
19609.4	-3.952097879839465
19611.0	-2.3680970798394654
19612.7	-0.571401079839465
19614.4	1.523600920160535
19616.1	3.473347920160535
19617.7	4.4927915201605355
19619.4	5.057593920160534
19621.1	4.308739920160535
19622.7	3.350738320160535
19624.4	1.9450919201605346
19626.1	0.6025116201605345
19627.7	-0.3860938798394651
19629.4	-0.8473238798394652
19631.1	-0.7690680798394656
19632.7	0.019285920160534785
19634.4	0.39510692016053506
19636.1	2.2318605201605344
19637.7	3.408231590160535
19639.4	4.103376620160534
19641.1	4.150235120160534
19642.7	3.1356529201605348
19644.4	1.715309820160535
19646.1	1.2505463201605347
19647.7	1.0340129201605348
19649.4	2.476125620160535
19651.1	3.7034199201605347
19652.7	4.608793420160534
19654.4	4.756253420160535
19656.1	4.060643920160535
19657.7	2.361378020160535
19659.4	0.5322019201605349
19661.1	-0.26735977983946524
19662.8	-0.790999079839465
19664.4	-0.7483836798394654
19666.1	0.3081083201605347
19667.8	1.174308420160535
19669.4	1.8951750201605342
19671.1	2.639510920160535
19672.8	2.7724744201605347
19674.4	2.898092920160535
19676.1	2.556543920160535
19677.8	1.3304906201605347
19679.4	1.1897040801605347
19681.1	0.6686079201605347
19682.8	-0.1783430798394649
19684.4	-0.5878461798394659
19686.1	-0.3545447798394653
19687.8	-0.26632567983946503
19689.4	0.9566822501605348
19691.1	1.671558920160535
19692.8	2.0615215201605346
19694.4	2.3030344201605346
19696.1	1.265179920160535
19697.8	0.6801949201605344
19699.4	0.324924920160535
19701.1	0.7011510201605351
19702.8	1.4912659201605347
19704.4	2.3192799201605347
19706.1	1.789104920160535
19707.8	1.3833649201605345
19709.5	-0.029299079839465315
19711.1	-1.262723679839465
19712.8	-2.2241949598394655
19714.5	-1.9908130798394652
19716.1	-1.414833079839465
19717.8	-0.5229100798394649
19719.5	-0.0788690798394649
19721.1	-0.12007007983946476
19722.8	-0.4061770798394656
19724.5	-0.35299607983946524
19726.1	0.07153092016053524
19727.8	0.9592189201605349
19729.5	1.4099019201605345
19731.1	1.351643920160535
19732.8	1.0827719201605344
19734.5	-0.13475457983946554
19736.1	-1.7618223798394652
19737.8	-2.999072479839465
19739.5	-3.1975978598394654
19741.1	-2.931892079839465
19742.8	-1.5357190798394655
19744.5	0.05934502016053474
19746.1	1.502459720160535
19747.8	3.0151324201605347
19749.5	3.853873220160535
19751.2	4.192554040160535
19752.8	5.136374720160535
19754.5	5.297390750160534
19756.2	5.360404520160535
19757.8	4.911994520160535
19759.5	3.757099940160535
19761.2	3.0314479201605353
19762.8	2.0413103201605356
19764.5	1.3067150201605346
19766.2	0.7837625201605347
19767.8	0.6619304201605344
19769.5	1.2435221201605349
19771.2	1.5992281201605352
19772.8	2.4161799201605345
19774.5	2.8353289201605345
19776.2	2.643616920160535
19777.8	2.380186020160535
19779.5	2.3087187201605346
19781.2	2.5536576201605348
19782.8	3.231672920160535
19784.5	2.670257020160535
19786.2	1.517401920160535
19787.8	-0.4739682798394652
19789.5	-2.174176079839466
19791.2	-3.4327936798394645
19792.8	-2.909707279839467
19794.5	-1.7456425798394655
19796.2	-0.25454527983946473
19797.9	1.2181530201605348
19799.5	2.066478220160535
19801.2	2.630959120160535
19802.9	2.4690472201605345
19804.5	1.6101528501605347
19806.2	0.7106543201605345
19807.9	-0.5264568798394652
19809.5	-1.1203630798394646
19811.2	-0.806825079839465
19812.9	-0.011769079839465135
19814.5	0.9616059201605353
19816.2	0.7861372201605347
19817.9	1.0348079201605347
19819.5	0.7924229201605348
19821.2	0.16432532016053472
19822.9	0.329119920160535
19824.5	0.7162599201605351
19826.2	2.364529230160535
19827.9	4.306116620160535
19829.5	5.293627920160535
19831.2	6.257527920160536
19832.9	5.636822920160535
19834.5	4.367774520160536
19836.2	2.995881820160535
19837.9	2.489364920160535
19839.5	2.998085020160535
19841.2	3.587612970160534
19842.9	3.8844199201605347
19844.6	3.7453189201605346
19846.2	2.7325279201605346
19847.9	2.2879369201605346
19849.6	2.032172320160535
19851.2	2.063581720160535
19852.9	1.6661874201605351
19854.6	1.2002549201605348
19856.2	-0.34656307983946527
19857.9	-1.0862815798394647
19859.6	-2.3076923798394646
19861.2	-3.557011079839466
19862.9	-3.704308379839465
19864.6	-4.034099079839466
19866.2	-3.2384700998394664
19867.9	-1.2350518798394654
19869.6	0.24675892016053433
19871.2	2.002765220160535
19872.9	3.2700119201605347
19874.6	3.3367599201605342
19876.2	3.8087181201605356
19877.9	3.0632134201605346
19879.6	2.892494920160535
19881.2	3.079956320160535
19882.9	2.561377720160535
19884.6	2.731341320160535
19886.2	2.736939320160535
19887.9	3.132515320160535
19889.6	3.4975617201605345
19891.3	3.3864478201605346
19892.9	2.803770650160535
19894.6	2.6628939201605344
19896.3	2.143526920160535
19897.9	1.9742499201605348
19899.6	1.1747399201605346
19901.3	0.32231092016053475
19902.9	-0.4390297798394651
19904.6	-1.378925279839465
19906.3	-1.6875612798394652
19907.9	-1.1486701798394656
19909.6	-0.12807427983946534
19911.3	1.3928382201605352
19912.9	2.986107920160534
19914.6	3.6527118201605346
19916.3	4.279832920160534
19917.9	4.051192420160534
19919.6	3.686566920160535
19921.3	3.678747920160535
19922.9	3.6876517201605354
19924.6	3.8846199201605343
19926.3	4.2858294201605345
19927.9	3.6291165201605353
19929.6	3.2128488201605356
19931.3	2.614455820160535
19933.0	3.211062820160535
19934.6	4.574022920160535
19936.3	6.061534920160534
19938.0	6.7159369201605355
19939.6	6.530592920160535
19941.3	4.810377820160534
19943.0	3.6242399201605346
19944.6	2.547105920160535
19946.3	3.1797629201605346
19948.0	4.639535920160535
19949.6	5.231914620160535
19951.3	5.468753520160535
19953.0	4.845465420160535
19954.6	3.1673003201605354
19956.3	1.2742679201605345
19958.0	-0.7124690798394644
19959.6	-1.8557480798394663
19961.3	-2.556283079839466
19963.0	-3.046254679839465
19964.6	-2.4144320798394654
19966.3	-0.8282132798394649
19968.0	1.306787920160535
19969.6	3.040030320160535
19971.3	4.447481420160535
19973.0	5.769193920160535
19974.6	5.994616920160534
19976.3	6.6456089201605355
19978.0	6.297208920160536
19979.7	5.354808920160535
19981.3	3.883985320160535
19983.0	1.0485839201605347
19984.7	-1.1801440798394647
19986.3	-2.326923079839465
19988.0	-3.0315140798394657
19989.7	-2.3034977798394642
19991.3	-1.0561130798394651
19993.0	-0.24690907983946575
19994.7	0.7696769201605351
19996.3	1.1690459201605348
19998.0	1.3940659201605345
19999.7	2.0809668201605342
20001.3	2.6727059201605345
20003.0	3.407905920160534
20004.7	4.115918920160534
20006.3	4.529715920160536
20008.0	4.068425520160534
20009.7	3.145693320160535
20011.3	1.8944723201605345
20013.0	1.151934540160535
20014.7	0.6813212001605349
20016.3	0.8887583201605349
20018.0	0.5473574201605349
20019.7	0.9048049201605348
20021.3	1.2490589201605353
20023.0	0.9644069201605348
20024.7	0.7583549201605345
20026.4	-0.20123707983946507
20028.0	-0.7616208798394647
20029.7	-0.5848350798394655
20031.4	-1.3475969798394651
20033.0	-0.9599860798394648
20034.7	-0.24920207983946555
20036.4	-0.43270887983946515
20038.0	-0.36907107983946474
20039.7	-0.851815279839465
20041.4	-1.0681207798394654
20043.0	-0.003982279839465442
20044.7	0.01897782016053462
20046.4	0.3964989201605348
20048.0	1.2242697201605348
20049.7	1.7451771201605346
20051.4	0.9892579201605354
20053.0	0.5259096201605349
20054.7	0.3487339201605348
20056.4	0.9827404201605351
20058.0	1.364883510160535
20059.7	2.746805420160535
20061.4	3.3972339201605353
20063.0	5.225298890160536
20064.7	5.132331920160535
20066.4	4.573154220160535
20068.0	4.397703520160535
20069.7	4.268577650160536
20071.4	3.5775694001605354
20073.1	4.428063120160535
20074.7	4.540040620160535
20076.4	5.405318920160535
20078.1	5.6442099201605345
20079.7	5.055066620160535
20081.4	4.350637920160535
20083.1	3.3967429201605355
20084.7	1.6499979201605348
20086.4	0.8021575201605347
20088.1	-0.30159477983946503
20089.7	-0.742525679839465
20091.4	0.38522712016053495
20093.1	1.7307549201605348
20094.7	2.747924920160535
20096.4	3.6071630201605354
20098.1	2.8426703201605346
20099.7	2.116535920160535
20101.4	1.7256179201605348
20103.1	1.552645920160534
20104.7	2.7933416201605348
20106.4	3.1968710201605353
20108.1	2.4119939201605347
20109.7	1.6543470201605346
20111.4	0.43132592016053434
20113.1	0.13213292016053496
20114.8	1.441282420160535
20116.4	3.308209920160535
20118.1	5.384648920160535
20119.8	6.619277920160535
20121.4	6.196498920160535
20123.1	5.423506920160535
20124.8	4.294173320160534
20126.4	3.316036120160535
20128.1	3.258682920160534
20129.8	3.9862954201605354
20131.4	3.9741847201605345
20133.1	3.8044609201605346
20134.8	2.4543069201605348
20136.4	1.1009757201605344
20138.1	0.18572362016053495
20139.8	-0.4024830798394657
20141.4	-0.12444907983946507
20143.1	1.2925106201605348
20144.8	2.2351849201605347
20146.4	3.6590469201605345
20148.1	4.453239920160536
20149.8	5.282077920160534
20151.4	5.391655920160535
20153.1	4.954417920160536
20154.8	4.138103230160534
20156.4	3.458828220160535
20158.1	2.0324849201605346
20159.8	1.2786750201605348
20161.5	1.0311769201605347
20163.1	1.604597420160535
20164.8	1.5169649201605346
20166.5	1.9499647201605348
20168.1	1.3825248201605347
20169.8	0.2898500201605353
20171.5	-1.2166610798394653
20173.1	-2.1142970798394654
20174.8	-2.746117079839464
20176.5	-2.680509379839465
20178.1	-2.7866662798394657
20179.8	-1.805318079839465
20181.5	-0.993535079839465
20183.1	-0.23797807983946528
20184.8	0.22152492016053493
20186.5	0.37968992016053493
20188.1	-0.1754817798394656
20189.8	-1.0424685798394653
20191.5	-1.6472263798394657
20193.1	-1.5289832798394656
20194.8	-0.9852446898394647
20196.5	-0.32138097983946495
20198.1	1.184552920160535
20199.8	2.6864339201605345
20201.5	3.485322420160535
20203.1	4.060059920160535
20204.8	3.8349009201605346
20206.5	3.7595104201605345
20208.2	3.1591836201605346
20209.8	2.2114564601605347
20211.5	1.5276969201605353
20213.2	0.9746159201605351
20214.8	0.6780573201605347
20216.5	1.1320815201605352
20218.2	1.446541920160535
20219.8	1.3563189201605346
20221.5	1.1051979201605344
20223.2	1.2187792201605347
20224.8	1.801936000160535
20226.5	3.7536619201605346
20228.2	5.729476920160535
20229.8	6.9841289201605345
20231.5	6.883494920160535
20233.2	4.781186920160534
20234.8	1.554608920160535
20236.5	-0.49666407983946514
20238.2	-1.5289730798394656
20239.8	-1.796862079839465
20241.5	-2.1999510798394653
20243.2	-1.7869289798394654
20244.8	-1.3401535798394648
20246.5	-1.0441665798394646
20248.2	-1.4104110798394651
20249.8	-1.2119358798394655
20251.5	-0.984132810839465
20253.2	-1.3901427798394654
20254.9	-2.3982841798394645
20256.5	-2.590980079839465
20258.2	-1.9258170798394652
20259.9	-0.7845823798394653
20261.5	-0.25567357983946526
20263.2	1.1243967201605347
20264.9	2.7192331701605355
20266.5	3.761467520160535
20268.2	5.634907120160535
20269.9	7.552304420160536
20271.5	8.826345320160534
20273.2	8.790873920160536
20274.9	6.912072920160535
20276.5	3.653957320160535
20278.2	1.040765520160535
20279.9	-1.7339970798394653
20281.5	-3.049485079839466
20283.2	-4.113296679839466
20284.9	-3.272521979839465
20286.5	-1.6451690798394658
20288.2	0.8126869201605349
20289.9	2.7927219201605347
20291.5	3.393932220160535
20293.2	2.8463044201605348
20294.9	1.5511719201605352
20296.6	-0.6045570798394652
20298.2	-0.929409979839465
20299.9	-0.5545730798394658
20301.6	-0.6918066798394655
20303.2	-0.512725079839465
20304.9	-1.3124820798394645
20306.6	-0.9762300798394655
20308.2	-0.11196367983946524
20309.9	0.49386762016053476
20311.6	2.2293047201605347
20313.2	4.256266020160535
20314.9	5.181184050160535
20316.6	5.5863223201605345
20318.2	4.345778320160536
20319.9	2.747828720160535
20321.6	0.3948494201605353
20323.2	-1.4869410798394653
20324.9	-2.0488730798394648
20326.6	-1.098323079839465
20328.2	0.9894721201605343
20329.9	3.038828270160535
20331.6	4.282039920160535
20333.2	5.266879920160535
20334.9	5.224128420160534
20336.6	4.878869420160536
20338.2	4.6757390201605356
20339.9	4.040704920160534
20341.6	3.5339489201605345
20343.3	2.484767920160535
20344.9	1.4396609201605362
20346.6	0.08083792016053515
20348.3	-0.4180130798394647
20349.9	-0.7426360798394651
20351.6	-0.7009235698394652
20353.3	-0.30091797983946533
20354.9	-0.5202463798394652
20356.6	-0.6719225298394653
20358.3	0.4311678201605349
20359.9	1.0243589201605352
20361.6	1.8828979201605347
20363.3	2.333751920160535
20364.9	1.691611120160535
20366.6	0.05044692016053496
20368.3	-2.112576579839465
20369.9	-3.574091059839465
20371.6	-3.423442579839466
20373.3	-1.8035490798394656
20374.9	0.548394820160535
20376.6	2.3172529201605343
20378.3	3.041790490160535
20379.9	1.963574920160535
20381.6	0.40432792016053476
20383.3	-0.9528331798394646
20384.9	-1.304009379839465
20386.6	-0.6316520798394656
20388.3	0.8746471201605346
20390.0	2.5800437201605346
20391.6	3.2786991201605344
20393.3	3.1415584201605347
20395.0	2.854169920160535
20396.6	1.7524812201605346
20398.3	0.975938720160535
20400.0	0.9038683201605349
20401.6	1.533876320160535
20403.3	3.4021912201605344
20405.0	4.700934920160535
20406.6	5.568232720160535
20408.3	5.409668920160534
20410.0	4.305827920160536
20411.6	2.787093920160535
20413.3	1.635504520160535
20415.0	1.7630169201605348
20416.6	2.142936420160535
20418.3	2.1705959201605345
20420.0	1.9987799201605347
20421.6	1.0623583201605349
20423.3	0.6752869201605348
20425.0	0.20448992016053502
20426.6	0.7969339201605349
20428.3	1.1234360201605351
20430.0	0.9350519201605347
20431.6	0.3731706201605348
20433.3	0.7804259201605351
20435.0	0.6440479201605346
20436.7	1.390731820160535
20438.3	1.2397981201605348
20440.0	1.9134144201605352
20441.7	1.5256183201605351
20443.3	1.357355720160535
20445.0	1.0721859201605348
20446.7	1.7143739201605346
20448.3	1.8223351201605347
20450.0	1.0529262201605347
20451.7	0.5270368801605348
20453.3	-0.1067796798394653
20455.0	-0.07036507983946523
20456.7	0.6907990201605346
20458.3	1.124584220160535
20460.0	2.106895920160535
20461.7	2.4857387201605348
20463.3	2.4957133201605344
20465.0	2.9882028201605344
20466.7	2.834224720160535
20468.3	2.524001920160535
20470.0	1.8651090201605345
20471.7	0.7602880201605349
20473.3	0.35788892016053425
20475.0	-0.13233157983946492
20476.7	-0.2049761798394652
20478.4	0.18913452016053486
20480.0	-0.06846795983946521
20481.7	-0.35801267983946533
20483.4	-0.9471418298394653
20485.0	-0.4265997798394654
20486.7	0.10581892016053551
20488.4	1.0895719201605345
20490.0	1.1081336201605354
20491.7	1.732756920160535
20493.4	2.0910941201605353
20495.0	2.677654320160535
20496.7	3.2530079201605346
20498.4	4.560759120160535
20500.0	5.163088920160535
20501.7	6.173802920160535
20503.4	5.4245269201605355
20505.0	4.593677920160535
20506.7	3.4095016901605355
20508.4	2.0611551201605343
20510.0	1.3437739201605345
20511.7	0.9811251201605344
20513.4	1.0063113701605348
20515.0	1.8270630201605342
20516.7	1.9189569201605345
20518.4	2.554716120160535
20520.0	2.986387850160535
20521.7	3.9810807201605343
20523.4	4.751790920160534
20525.1	4.929203920160535
20526.7	3.8470419201605353
20528.4	2.9895279201605347
20530.1	1.6531995201605345
20531.7	2.901737220160535
20533.4	4.549954820160534
20535.1	7.791194420160534
20536.7	10.337689420160535
20538.4	11.158052920160532
20540.1	8.886384920160534
20541.7	6.065900920160535
20543.4	2.5038750201605344
20545.1	0.9223589201605344
20546.7	0.10997198016053478
20548.4	0.08691972016053455
20550.1	0.33736082016053476
20551.7	0.8660669201605351
20553.4	0.5525879201605346
20555.1	1.7189038201605347
20556.7	3.348231120160535
20558.4	5.264564920160534
20560.1	7.243009920160534
20561.7	7.364418020160533
20563.4	5.733342920160535
20565.1	4.066025220160535
20566.7	1.6851503201605351
20568.4	-0.1955510798394652
20570.1	-0.8101521798394655
20571.8	-1.3975970798394655
20573.4	-0.6959810798394648
20575.1	0.031857220160534716
20576.8	0.27157092016053486
20578.4	0.6799959201605345
20580.1	0.6538459701605351
20581.8	0.23628892016053477
20583.4	-0.19272507983946544
20585.1	-0.25647007983946535
20586.8	0.7564264201605353
20588.4	1.671914520160535
20590.1	2.041385820160535
20591.8	1.792075920160535
20593.4	1.4755423201605347
20595.1	1.7631735201605347
20596.8	2.6098731201605347
20598.4	2.7203249201605346
20600.1	3.3831189201605354
20601.8	2.5193095201605353
20603.4	1.9670157201605343
20605.1	1.093571320160535
20606.8	1.991801920160535
20608.4	3.015395920160535
20610.1	3.9320819201605355
20611.8	3.786550420160535
20613.4	3.6319609201605347
20615.1	3.019714920160535
20616.8	2.5159019201605353
20618.5	2.206950920160535
20620.1	1.8604929201605347
20621.8	1.2823549201605347
20623.5	0.442317720160535
20625.1	-0.43551707983946547
20626.8	-1.2107140798394649
20628.5	-0.961010879839465
20630.1	-0.945101079839465
20631.8	-0.12883847983946506
20633.5	2.0372755201605344
20635.1	3.700552820160535
20636.8	4.487289520160536
20638.5	4.711245820160534
20640.1	3.4421779201605354
20641.8	2.6064589201605344
20643.5	2.3994436201605347
20645.1	1.7810709201605353
20646.8	2.7616856201605353
20648.5	3.888798120160535
20650.1	4.513999320160535
20651.8	5.811836920160535
20653.5	6.154645920160535
20655.1	6.595790320160535
20656.8	6.308037620160535
20658.5	5.092145320160535
20660.2	4.165716920160534
20661.8	3.018456920160535
20663.5	2.2947029201605345
20665.2	1.0478322201605352
20666.8	0.08764892016053487
20668.5	-0.41947272983946515
20670.2	-0.5079110798394654
20671.8	-0.8016690798394654
20673.5	0.22877192016053466
20675.2	0.19917492016053462
20676.8	0.1844026201605354
20678.5	-0.6321170798394645
20680.2	-0.04664507983946535
20681.8	0.3486524201605345
20683.5	1.5589822201605348
20685.2	1.7282662201605352
20686.8	1.7164013601605348
20688.5	1.3565567201605346
20690.2	0.2625699201605354
20691.8	-0.3751922798394645
20693.5	-0.8005864798394651
20695.2	-0.8539756798394651
20696.8	-0.5144400798394655
20698.5	0.22080392016053452
20700.2	0.41145382016053506
20701.8	0.10563781816053482
20703.5	-0.3277720798394652
20705.2	-0.31413607983946523
20706.9	-0.8236525798394648
20708.5	-0.6210271798394654
20710.2	-0.16197007983946535
20711.9	1.0772281201605352
20713.5	1.8245533201605348
20715.2	2.3855736201605344
20716.9	3.0101872301605352
20718.5	2.4731197101605344
20720.2	0.5061289201605348
20721.9	-1.213639079839465
20723.5	-2.514538079839465
20725.2	-1.9634200798394648
20726.9	-0.5570860798394651
20728.5	1.3578429201605346
20730.2	2.8736756501605347
20731.9	3.1599684201605345
20733.5	2.4537903401605345
20735.2	1.535598120160535
20736.9	2.1317921051605353
20738.5	2.622211020160535
20740.2	3.467686380160535
20741.9	4.404489620160535
20743.5	5.454833920160535
20745.2	5.103438920160535
20746.9	4.567827920160535
20748.5	3.188063920160535
20750.2	2.492267920160535
20751.9	1.9389464201605349
20753.6	0.7907419201605344
20755.2	-0.020190479839465602
20756.9	-0.06251907983946552
20758.6	-0.2827459798394649
20760.2	-0.31792207983946524
20761.9	0.6672457201605351
20763.6	1.6677129201605347
20765.2	3.0113779201605353
20766.9	3.532924920160535
20768.6	4.0716066201605345
20770.2	4.356315920160535
20771.9	4.467624920160534
20773.6	4.792495920160535
20775.2	4.530627420160535
20776.9	4.797466920160534
20778.6	5.072079920160535
20780.2	3.996997920160535
20781.9	3.0073579201605343
20783.6	1.8838916201605351
20785.2	1.040110220160535
20786.9	1.0817402201605346
20788.6	1.2340907201605347
20790.2	1.0728449201605348
20791.9	1.2154339201605346
20793.6	0.709032920160535
20795.2	0.5682042501605349
20796.9	1.4897349201605345
20798.6	2.640848920160535
20800.3	3.917959920160535
20801.9	4.703930920160535
20803.6	5.016121220160535
20805.3	5.379154220160535
20806.9	5.392885920160536
20808.6	5.648452920160535
20810.3	5.251120420160534
20811.9	3.958662920160535
20813.6	2.510033920160535
20815.3	0.8782225201605354
20816.9	0.05620652016053533
20818.6	0.9702189201605347
20820.3	1.7863209201605343
20821.9	3.506309920160534
20823.6	4.201592920160534
20825.3	4.894573320160535
20826.9	4.4664082201605355
20828.6	2.8188174701605346
20830.3	1.3848089201605351
20831.9	0.2645149201605346
20833.6	-0.4201990798394652
20835.3	0.1767167201605348
20836.9	1.6280915201605346
20838.6	3.339001920160534
20840.3	4.915794420160535
20842.0	5.907312620160535
20843.6	6.550446920160534
20845.3	7.166046920160534
20847.0	7.439355920160534
