0.0	9.680754930100337
1.66789	9.997513930100334
3.33578	6.940443630100335
5.00367	4.776101670100335
6.67156	2.494288079400335
8.33945	1.0381523301003344
10.0073	-0.44426606989966555
11.6752	0.4978986301003344
13.3431	-0.4582430698996657
15.011	0.40348183010033434
16.6789	-0.4711310698996655
18.3468	0.3900473301003345
20.0147	-0.46879306989966557
21.6826	0.38563643010033444
23.3505	-0.4676350698996655
25.0183	0.38268443010033437
26.6862	-0.4677090698996656
28.3541	0.3795590301003343
30.022	-0.4687500698996656
31.6899	0.3765284301003343
33.3578	-0.47036306989966564
35.0257	0.3734441301003344
36.6936	-0.4744300698996657
38.3615	0.36858843010033426
40.0294	-0.4774290698996656
41.6972	0.36600973010033444
43.3651	-0.47687166989966556
45.033	0.3666921301003343
46.7009	-0.4749486698996656
48.3688	0.3678444301003343
50.0367	-0.4743243698996656
51.7046	0.36674063010033436
53.3725	-0.4754661698996657
55.0404	0.3625986301003345
56.7083	-0.47978836989966567
58.3761	0.3534053301003344
60.044	-0.4870849698996656
61.7119	0.34156003010033437
63.3798	-0.4513056698996656
65.0477	0.4573390301003345
66.7156	-0.28262786989966565
68.3835	0.9248309921003344
70.0514	0.5131441301003343
71.7193	1.7598902301003345
73.3871	1.2308936301003346
75.055	2.0763819301003346
76.7229	0.9952176501003345
78.3908	1.4671750301003346
80.0587	0.1321732301003344
81.7266	0.7096831301003343
83.3945	-0.2783330698996655
85.0624	0.4764913301003344
86.7303	-0.3806110698996656
88.3982	0.4700144301003345
90.066	-0.3877560698996655
91.7339	0.4561189301003344
93.4018	-0.3998170698996656
95.0697	0.4436037301003344
96.7376	-0.40854806989966563
98.4055	0.43582023010033444
100.073	-0.4151680698996657
101.741	0.42917183010033444
103.409	-0.4221150698996656
105.077	0.4231462301003345
106.745	-0.4239180698996655
108.413	0.4243565301003344
110.081	-0.4190430698996656
111.749	0.43044273010033435
113.417	-0.4155910698996655
115.084	0.4299685301003344
116.752	-0.41722206989966565
118.42	0.4258943301003343
120.088	-0.4238510698996657
121.756	0.4161600301003344
123.424	-0.4305890698996655
125.092	0.4188198301003344
126.76	-0.42540506989966576
128.428	0.42356983010033433
130.095	-0.4214770698996656
131.763	0.4210487301003344
133.431	-0.4274230698996657
135.099	0.4172612301003344
136.767	-0.4287852698996657
138.435	0.4227645301003344
140.103	-0.4209319698996656
141.771	0.4271973301003344
143.439	-0.4231920698996657
145.106	0.4231813301003344
146.774	-0.42849466989966556
148.442	0.41261283010033434
150.11	-0.4375870698996656
151.778	0.4042758301003343
153.446	-0.4399990698996656
155.114	0.4111573301003345
156.782	-0.4346880698996657
158.45	0.41598493010033444
160.117	-0.42708506989966555
161.785	0.41655843010033433
163.453	-0.4259980698996655
165.121	0.4225708301003344
166.789	-0.4187239698996656
168.457	0.42751013010033445
170.125	-0.41691396989966567
171.793	0.42482693010033434
173.461	-0.4223950698996656
175.128	0.42039013010033444
176.796	-0.4248860698996656
178.464	0.42072383010033443
180.132	-0.4234800698996657
181.8	0.42043873010033445
183.468	-0.42341806989966563
185.136	0.4205401301003343
186.804	-0.42271406989966565
188.472	0.42561723010033436
190.139	-0.4149050698996655
191.807	0.4379886301003345
193.475	-0.3966980698996655
195.143	0.46572890010033435
196.811	-0.39592906989966564
198.479	0.46611053010033443
200.147	-0.4157070698996657
201.815	0.33961163010033435
203.483	-0.5834887698996656
205.15	0.16301293010033427
206.818	-0.7203137698996656
208.486	0.1568631301003343
210.154	-0.6454369698996657
211.822	0.29375983010033435
213.49	-0.4770956698996656
215.158	0.37117963010033445
216.826	-0.4540040698996656
218.494	0.37820863010033445
220.161	-0.46048806989966556
221.829	0.3834920301003344
223.497	-0.4556180698996656
225.165	0.3860743301003345
226.833	-0.45679306989966556
228.501	0.3833215301003344
230.169	-0.4597580698996656
231.837	0.3810269301003344
233.505	-0.45884306989966567
235.172	0.3797748301003344
236.84	-0.46599906989966566
238.508	0.37260713010033436
240.176	-0.47319106989966564
241.844	0.36688843010033445
243.512	-0.47549706989966556
245.18	0.3650979301003344
246.848	-0.4721710698996657
248.516	0.3713585301003345
250.183	-0.4661940698996655
251.851	0.3808655301003344
253.519	-0.4570080698996655
255.187	0.3853043301003344
256.855	-0.45740106989966556
258.523	0.38087283010033435
260.191	-0.46119206989966566
261.859	0.37863873010033444
263.527	-0.4625840698996656
265.194	0.37637683010033446
266.862	-0.4671670698996656
268.53	0.3661672301003345
270.198	-0.5135410698996656
271.866	0.31146973010033446
273.534	-0.5141183698996656
275.202	0.3846523301003343
276.87	-0.3930906698996656
278.538	0.4968558301003344
280.205	-0.3246790698996656
281.873	0.5017835301003344
283.541	-0.38356506989966566
285.209	0.42475293010033444
286.877	-0.41941306989966554
288.545	0.43737633010033433
290.213	-0.3909990698996656
291.881	0.44149903010033426
293.549	-0.38950606989966563
295.216	0.44023493010033443
296.884	-0.39886906989966564
298.552	0.43183953010033455
300.22	-0.3918800698996655
301.888	0.4559963301003343
303.556	-0.3518413698996657
305.224	0.5757137301003343
306.892	-0.058640529899665575
308.56	0.7570214301003342
310.227	0.21163033010033455
311.895	1.3631723301003345
313.563	0.6683199301003344
315.231	1.6053614301003343
316.899	0.5704612301003344
318.567	1.0580121301003342
320.235	-0.049417569899665593
321.903	0.3557931501003343
323.571	-0.6206608698996657
325.238	0.3221111301003344
326.906	-0.5617662698996657
328.574	0.3132953301003343
330.242	-0.5477070698996656
331.91	0.3142040301003345
333.578	-0.5452385698996656
335.246	0.31529873010033443
336.914	-0.5399126698996656
338.582	0.3263037301003343
340.25	-0.5272464698996655
341.917	0.33588303010033443
343.585	-0.5019825698996656
345.253	0.35647573010033434
346.921	-0.4957973698996656
348.589	0.35938053010033444
350.257	-0.4897728698996657
351.925	0.36349923010033447
353.593	-0.4825420698996655
355.261	0.3732603301003345
356.928	-0.4780930698996656
358.596	0.3666173301003345
360.264	-0.48900296989966574
361.932	0.3521252301003345
363.6	-0.49839166989966566
365.268	0.3533217301003345
366.936	-0.4885104698996655
368.604	0.36501623010033446
370.272	-0.48521016989966564
371.939	0.35441253010033436
373.607	-0.49747796989966575
375.275	0.34636513010033443
376.943	-0.49934606989966557
378.611	0.35278233010033444
380.279	-0.4881972698996656
381.947	0.3583693301003344
383.615	-0.48908506989966555
385.283	0.3538896301003344
386.95	-0.49249396989966565
388.618	0.35155493010033434
390.286	-0.49174556989966567
391.954	0.35403723010033433
393.622	-0.4869465698996656
395.29	0.3554693301003343
396.958	-0.49061796989966566
398.626	0.34919123010033426
400.294	-0.49733656989966574
401.961	0.3437399301003344
403.629	-0.5010240698996656
405.297	0.3360169301003344
406.965	-0.5085735698996656
408.633	0.3312735301003344
410.301	-0.5050149698996657
411.969	0.3494299301003344
413.637	-0.47905706989966557
415.305	0.3712771301003343
416.972	-0.46750606989966564
418.64	0.3650853301003343
420.308	-0.4831000698996656
421.976	0.3476476301003344
423.644	-0.4937530698996656
425.312	0.3467039301003344
426.98	-0.4831060698996656
428.648	0.3603472301003344
430.316	-0.47000856989966555
431.983	0.35884623010033445
433.651	-0.4844512698996655
435.319	0.3344095301003344
436.987	-0.5071073698996656
438.655	0.3177546301003344
440.323	-0.5056410698996656
441.991	0.3363792301003343
443.659	-0.4791810698996656
445.327	0.33284893010033434
446.994	-0.5081388698996656
448.662	0.31562223010033436
450.33	-0.4764233698996656
451.998	0.3978304301003344
453.666	-0.3728869698996656
455.334	0.48579393010033434
457.002	-0.33055056989966564
458.67	0.4338628301003344
460.338	-0.4401125698996656
462.005	0.3158864301003343
463.673	-0.5117226698996656
465.341	0.28188023010033436
467.009	-0.5042909698996657
468.677	0.28717253010033444
470.345	-0.45918786989966554
472.013	0.2834226301003344
473.681	-0.4209663698996656
475.349	0.19487755010033436
477.016	-0.010830369899665593
478.684	2.669483830100335
480.352	3.7193411301003345
482.02	6.299904930100334
483.688	5.881560110100334
485.356	5.715982960100334
487.024	3.029115330100334
488.692	1.6217635101003345
490.36	-0.9346379698996655
492.027	-0.20161316989966585
493.695	-1.1262743698996656
495.363	0.05723932010033443
497.031	-0.8377530698996658
498.699	0.16479347010033446
500.367	-0.7402010698996656
502.035	0.1695438801003343
503.703	-0.7511830698996655
505.371	0.1559235001003344
507.038	-0.7500840698996656
508.706	0.1466327601003345
510.374	-0.7498629698996655
512.042	0.12804573010033432
513.71	-0.7731841698996658
515.378	0.1221305301003345
517.046	-0.7617262698996657
518.714	0.055570930100334336
520.382	-0.8333480698996658
522.049	1.5018819301003343
523.717	2.0381090301003346
525.385	4.2051975301003335
527.053	3.7592599301003338
528.721	4.094310530100334
530.389	1.8481059301003344
532.057	1.4350771301003342
533.725	-0.8454780698996653
535.393	0.16615163010033443
537.06	-0.5448947598996655
538.728	0.4485529301003345
540.396	-0.5467553698996654
542.064	0.3844389301003344
543.732	-0.5661882578996655
545.4	0.3478206301003345
547.068	-0.6052917698996658
548.736	0.3015039301003343
550.404	-0.6976791698996656
552.072	0.2148610701003344
553.739	-0.7090952698996656
555.407	0.23241713010033443
557.075	-0.6234837698996657
558.743	0.3318418301003344
560.411	-0.5746780698996656
562.079	0.33871643010033436
563.747	-0.6658103698996657
565.415	0.2021573301003344
567.083	-0.7484822698996657
568.75	0.13021763010033444
570.418	-0.7578665698996655
572.086	0.19670343010033436
573.754	-0.6526877698996656
575.422	0.3265590301003344
577.09	-0.5451440698996656
578.758	0.38796343010033435
580.426	-0.5268050698996656
582.094	0.35604893010033445
583.761	-0.5877816698996656
585.429	0.3056150301003343
587.097	-0.6355133698996657
588.765	0.2641357301003344
590.433	-0.6692532698996656
592.101	0.21728603010033437
593.769	-0.7483376698996657
595.437	0.12292723010033439
597.105	-0.7875840698996657
598.772	0.22867923010033442
600.44	-0.5800040698996657
602.108	0.46608023010033445
603.776	-0.39924806989966566
605.444	0.5147406301003343
607.112	-0.4940621698996656
608.78	0.3361236301003343
610.448	-0.6792861698996656
612.116	0.23529543010033444
613.783	-0.7344750698996656
615.451	0.19791183010033447
617.119	-0.7688614698996656
618.787	0.17302093010033434
620.455	-0.7943161698996656
622.123	0.1537206301003345
623.791	-0.8269533698996654
625.459	0.12632133010033444
627.127	-0.8548423698996656
628.794	0.12200933010033436
630.462	-0.8572127698996657
632.13	0.15309793010033448
633.798	-0.8446650698996658
635.466	0.20453233010033434
637.134	-0.8227786198996656
638.802	0.3639140301003344
640.47	-0.4020344698996655
642.138	0.5796753301003343
643.805	-0.8710973398996655
645.473	-0.48793626989966554
647.141	-1.9218950698996657
648.809	-0.9950419698996656
650.477	-1.6336558698996655
652.145	0.33157453010033455
653.813	-0.013702269899665543
655.481	1.4892882801003346
657.149	-0.2621641698996656
658.816	0.9961662301003343
660.484	-0.7354541698996658
662.152	3.257044930100334
663.82	8.487705630100335
665.488	15.092856930100336
667.156	19.629807930100334
668.824	22.077815930100336
670.492	18.321336930100337
672.16	15.012791930100335
673.827	7.882820930100334
675.495	4.343263630100334
677.163	2.8727946301003344
678.831	2.1437029301003347
680.499	1.4116714301003346
682.167	1.6427709301003346
683.835	0.9569465901003344
685.503	1.3980962301003341
687.171	0.6927486301003343
688.838	1.2339383301003344
690.506	0.5167976301003344
692.174	1.1177614601003343
693.842	0.3894271401003344
695.51	1.0220621301003345
697.178	0.2782503301003344
698.846	0.9402869301003344
700.514	0.18198823010033446
702.182	0.8715220301003344
703.849	0.11360923010033441
705.517	0.8208181301003344
707.185	0.05195193010033448
708.853	0.7681073301003343
710.521	-0.008362069899665713
712.189	0.7112813001003344
713.857	-0.05299516989966572
715.525	0.6820266101003345
717.193	-0.07573366989966572
718.86	0.7102273101003344
720.528	-0.05116826989966565
722.196	0.7377327940003344
723.864	-0.032336369899665575
725.532	0.7236239601003345
727.2	-0.05934266989966552
728.868	0.6890970301003343
730.536	-0.11042206989966566
732.204	0.6755407301003343
733.871	-0.13454836989966565
735.539	0.6365948801003344
737.207	-0.16439321589966557
738.875	0.6092019701003345
740.543	-0.1792080498996656
742.211	0.6061650301003344
743.879	-0.15935166989966554
745.547	0.6716004301003344
747.215	-0.09316018989966565
748.882	0.7430027201003344
750.55	-0.029587169899665634
752.218	0.7707615401003344
753.886	-0.028677669899665616
755.554	0.7342445301003343
757.222	-0.09762556989966564
758.89	0.6736813921003344
760.558	-0.1633740098996656
762.226	0.6257154301003345
763.894	-0.1914148698996656
765.561	0.6138461301003344
767.229	-0.19050976989966562
768.897	0.6260986301003344
770.565	-0.18034016989966561
772.233	0.6276928301003343
773.901	-0.18487206989966565
775.569	0.6232956301003345
777.237	-0.1940140698996657
778.905	0.6272613301003345
780.572	-0.18083846989966562
782.24	0.6335779301003344
783.908	-0.17759066989966565
785.576	0.6301594301003344
787.244	-0.19324706989966556
788.912	0.6205950301003345
790.58	-0.20692566989966563
792.248	0.6062678301003344
793.916	-0.23168696989966558
795.583	0.5570295301003345
797.251	-0.2779133698996656
798.919	0.5310557301003345
800.587	-0.2918803698996656
802.255	0.5371227301003344
803.923	-0.28193756989966556
805.591	0.5497620301003344
807.259	-0.26497766989966565
808.927	0.5629052301003344
810.594	-0.2523555698996655
812.262	0.5758066301003344
813.93	-0.24909666989966564
815.598	0.5727311301003344
817.266	-0.2597303698996655
818.934	0.5617588301003343
820.602	-0.2706033698996656
822.27	0.5546520301003344
823.938	-0.2792725698996656
825.605	0.5520855301003345
827.273	-0.2730497698996657
828.941	0.5862189301003344
830.609	-0.1796750698996657
832.277	0.6988209301003344
833.945	0.2526637301003344
835.613	1.3349605301003344
837.281	0.4897622301003343
838.949	1.4051744301003342
840.616	0.6541349301003343
842.284	1.4108123301003346
843.952	0.6785268301003344
845.62	1.3062342301003345
847.288	0.43184303010033454
848.956	1.0590070301003345
850.624	-0.17682876989966553
852.292	0.4183828201003344
853.96	-0.35482706989966556
855.627	0.39466023010033446
857.295	-0.40885827689966553
858.963	0.3788875301003342
860.631	-0.4055775698996655
862.299	0.40225273010033435
863.967	-0.3975877698996656
865.635	0.4240069301003344
867.303	-0.38778536989966567
868.971	0.4129845301003344
870.638	-0.4023193698996657
872.306	0.38475693010033435
873.974	-0.44802476989966555
875.642	0.3418273301003344
877.31	-0.4989515698996657
878.978	0.29581093010033427
880.646	-0.5360104698996657
882.314	0.26211243010033436
883.982	-0.5522678698996656
885.649	0.2678713301003345
887.317	-0.5333305698996655
888.985	0.2923913301003343
890.653	-0.5241540698996656
892.321	0.27227963010033446
893.989	-0.5801438698996655
895.657	0.1889362301003344
897.325	-0.6730046698996656
898.993	0.09711163010033434
900.66	-0.7843984698996657
902.328	0.1270105001003345
903.996	-0.5514699698996657
905.664	0.10839723010033442
907.332	-0.009935969899665675
909.0	1.4001311301003345
910.668	1.5806210301003343
912.336	3.180972830100335
914.004	2.5923687301003344
915.671	3.2514664101003348
917.339	1.9992701301003344
919.007	1.8303685301003345
920.675	0.7242949301003343
922.343	1.2373273301003345
924.011	0.35669823010033436
925.679	1.0575690901003345
927.347	0.045097230100334416
929.015	0.7237915301003344
930.682	-0.28615526989966555
932.35	0.5787862301003344
934.018	-0.20221836989966563
935.686	0.8102249201003344
937.354	0.18645433010033446
939.022	1.1475996701003346
940.69	0.36237463010033427
942.358	1.1453911301003346
944.026	0.1648350301003344
945.693	0.9410761301003344
947.361	0.014975400100334425
949.029	0.8045967101003345
950.697	-0.06528086989966546
952.365	0.7575134301003345
954.033	-0.09985094989966566
955.701	0.7322758301003344
957.369	-0.12097249989966556
959.037	0.7041850301003345
960.704	-0.15601728989966562
962.372	0.6688972301003343
964.04	-0.1905384498996657
965.708	0.6388141301003344
967.376	-0.20604886989966573
969.044	0.6412988301003344
970.712	-0.19496666989966577
972.38	0.6487319301003343
974.048	-0.20373196989966566
975.715	0.6245936101003344
977.383	-0.23724816989966566
979.051	0.5854732301003344
980.719	-0.2747249698996656
982.387	0.5652681401003344
984.055	-0.28259066989966575
985.723	0.5603677901003344
987.391	-0.28180366989966554
989.059	0.5630340401003344
990.727	-0.2825494698996656
992.394	0.5558195301003341
994.062	-0.30626606989966565
995.73	0.5205567301003343
997.398	-0.32612416989966564
999.066	0.5465226301003344
1000.73	-0.29270477989966553
1002.4	0.6504763301003345
1004.07	0.00896353410033437
1005.74	1.2067908301003343
1007.41	0.7551619301003341
1009.07	2.086980930100334
1010.74	1.523342930100334
1012.41	2.4784922601003343
1014.08	1.4331718401003344
1015.74	1.9391641301003346
1017.41	0.6986019301003344
1019.08	1.2657098301003342
1020.75	0.16058463010033436
1022.42	0.9520830801003342
1024.08	0.0496487301003344
1025.75	0.8820297201003344
1027.42	0.0011593301003343325
1029.09	0.8453750531003343
1030.76	-0.028376969899665604
1032.42	0.8202617091003346
1034.09	-0.0528898698996656
1035.76	0.7987215201003344
1037.43	-0.054907869899665694
1039.1	0.8234893901003343
1040.76	-0.02056046989966558
1042.43	0.8405466386003344
1044.1	-0.048842869899665534
1045.77	0.7675743301003343
1047.43	-0.12564616989966554
1049.1	0.7408851001003345
1050.77	-0.07999736989966563
1052.44	0.8431397301003344
1054.11	0.032334730100334406
1055.77	0.9160194301003344
1057.44	0.050646530100334444
1059.11	0.9046429301003343
1060.78	0.04844663010033425
1062.45	0.9463002301003345
1064.11	0.1276857301003342
1065.78	1.0432770301003342
1067.45	0.25119353010033435
1069.12	1.1669356901003345
1070.79	0.4786937301003345
1072.45	1.2300999301003341
1074.12	3.5348470301003347
1075.79	11.193300930100333
1077.46	14.113421930100335
1079.12	19.595308930100337
1080.79	22.560706930100334
1082.46	22.509175930100337
1084.13	19.994987930100333
1085.8	16.009766930100334
1087.46	9.935284930100334
1089.13	8.379168930100333
1090.8	2.799269730100334
1092.47	0.3338420001003343
1094.14	0.09897025010033449
1095.8	0.6466161101003343
1097.47	0.019153530100334513
1099.14	0.6929641301003343
1100.81	-0.03860006989966562
1102.48	0.6408408301003343
1104.14	-0.10597736989966551
1105.81	0.6466849301003343
1107.48	-0.2008575698996656
1109.15	0.4951335901003344
1110.81	-0.2954473598996657
1112.48	0.39628212010033437
1114.15	-0.4072565698996655
1115.82	0.38798185010033437
1117.49	-0.3943809698996656
1119.15	0.4448389301003344
1120.82	-0.30746158489966546
1122.49	0.49619463010033443
1124.16	-0.2671258398996656
1125.83	0.5114640701003343
1127.49	-0.28734066989966556
1129.16	0.5512551301003346
1130.83	-0.24572496989966552
1132.5	0.5744107301003345
1134.17	-0.24032676989966556
1135.83	0.5806664301003344
1137.5	-0.23751906989966573
1139.17	0.5932705301003345
1140.84	-0.22278456989966572
1142.5	0.6251512301003345
1144.17	-0.19466116989966564
1145.84	0.6530357301003343
1147.51	-0.18786426989966556
1149.18	0.6822891301003343
1150.84	-0.14487776989966558
1152.51	0.7773940301003344
1154.18	-0.0684850798996656
1155.85	0.9794702301003342
1157.52	0.17372943010033448
1159.18	2.307617630100334
1160.85	2.943726830100334
1162.52	4.461867530100334
1164.19	4.4617001301003345
1165.85	5.851435630100334
1167.52	4.784334230100335
1169.19	5.506582930100334
1170.86	3.6999393301003343
1172.53	3.7623982301003354
1174.19	2.287323830100335
1175.86	1.5852909301003344
1177.53	-0.14665076989966544
1179.2	0.5421110301003343
1180.87	-0.3690232698996656
1182.53	0.3873866301003345
1184.2	-0.43522786989966555
1185.87	0.36522753010033443
1187.54	-0.4126570698996657
1189.21	0.40174893010033436
1190.87	-0.3688520698996657
1192.54	0.4764787301003343
1194.21	-0.2773230698996655
1195.88	0.5708872301003345
1197.54	-0.20499606989966565
1199.21	0.6128821301003344
1200.88	-0.18588876989966555
1202.55	0.5974612301003345
1204.22	-0.2220389698996656
1205.88	0.5986809301003344
1207.55	-0.20195676989966566
1209.22	0.6234342301003344
1210.89	-0.16561386989966556
1212.56	0.6485137301003343
1214.22	-0.15860926989966567
1215.89	0.6361613301003344
1217.56	-0.20604676989966567
1219.23	0.5879668301003343
1220.9	-0.24715906989966557
1222.56	0.5561364301003344
1224.23	-0.2617782698996655
1225.9	0.5552513301003343
1227.57	-0.26491016989966565
1229.23	0.5408588301003344
1230.9	-0.27274506989966574
1232.57	0.5425847301003344
1234.24	-0.2708545698996656
1235.91	0.5523426301003346
1237.57	-0.2740442698996657
1239.24	0.5399692301003344
1240.91	-0.28759566989966573
1242.58	0.5129877701003344
1244.25	-0.2978639698996656
1245.91	0.5227116401003344
1247.58	-0.29266296989966556
1249.25	0.5306727301003343
1250.92	-0.29922266989966567
1252.59	0.5115546301003343
1254.25	-0.31447656989966555
1255.92	0.4982524301003345
1257.59	-0.3082159698996656
1259.26	0.5261280401003343
1260.92	-0.27553936989966565
1262.59	0.5650757301003344
1264.26	-0.2581638698996656
1265.93	0.5635757101003344
1267.6	-0.2661754698996656
1269.26	0.5574470401003344
1270.93	-0.2580038698996656
1272.6	0.5782726901003344
1274.27	-0.23892246989966565
1275.94	0.5960136231003343
1277.6	-0.21991816989966567
1279.27	0.6323358301003343
1280.94	-0.16155386989966553
1282.61	0.7122970301003344
1284.28	-0.08819296989966567
1285.94	0.7614364301003343
1287.61	-0.06630206989966546
1289.28	0.7484394301003345
1290.95	-0.10893986989966557
1292.61	0.7236777301003344
1294.28	-0.17642956989966563
1295.95	0.6050713301003343
1297.62	-0.2559295698996657
1299.29	0.3722116301003343
1300.95	-0.6355826698996656
1302.62	0.04822313010033434
1304.29	-0.8880002698996657
1305.96	0.04661233010033441
1307.63	-0.7030054998996657
1309.29	0.27659203010033434
1310.96	-0.44939356989966556
1312.63	0.49320343010033446
1314.3	-0.4944580698996656
1315.97	1.0497809601003345
1317.63	1.4270157301003343
1319.3	3.6831731001003343
1320.97	4.815825230100335
1322.64	6.768736930100334
1324.3	6.116666930100334
1325.97	6.238764930100333
1327.64	3.609611930100334
1329.31	2.7679984301003344
1330.98	0.9438821301003342
1332.64	1.039022630100334
1334.31	0.4412061501003344
1335.98	1.3410051301003345
1337.65	0.6185387301003343
1339.32	1.1748978301003343
1340.98	0.09822623010033438
1342.65	0.5899090301003345
1344.32	-0.38369016989966565
1345.99	0.42039503010033447
1347.65	-0.3332583698996657
1349.32	0.42311879010033443
1350.99	-0.3566290698996657
1352.66	0.40129103010033446
1354.33	-0.36465286989966555
1355.99	0.43367843010033447
1357.66	-0.28916376989966563
1359.33	0.5175838301003344
1361.0	-0.24157786989966556
1362.67	0.5124234301003344
1364.33	-0.29318346989966565
1366.0	0.4383063301003345
1367.67	-0.35892016989966563
1369.34	0.3879548301003344
1371.01	-0.37590826989966564
1372.67	0.42054933010033435
1374.34	-0.3106322698996656
1376.01	0.48440083010033436
1377.68	-0.2596565698996656
1379.34	0.5061064241003345
1381.01	-0.2512402698996656
1382.68	0.5153883501003343
1384.35	-0.22089756989966566
1386.02	0.5835667201003344
1387.68	-0.11306056989966554
1389.35	0.6609917601003344
1391.02	-0.05627676989966566
1392.69	0.6938575301003345
1394.36	-0.021288069899665685
1396.02	0.7299468301003345
1397.69	0.08177963010033443
1399.36	0.8648605301003343
1401.03	0.34172663010033444
1402.7	1.1488827301003346
1404.36	0.9475657301003345
1406.03	1.8302593301003345
1407.7	4.547749330100335
1409.37	10.164739930100335
1411.03	11.097310930100335
1412.7	12.631398930100335
1414.37	13.979540930100336
1416.04	14.399987930100332
1417.71	14.549050930100332
1419.37	14.300486730100335
1421.04	12.050611930100334
1422.71	11.381719930100335
1424.38	6.035657930100334
1426.05	1.9718508301003344
1427.71	0.7952096301003344
1429.38	1.2472822301003343
1431.05	0.39371673010033437
1432.72	1.0004311301003344
1434.39	0.19061542010033428
1436.05	0.9153315301003344
1437.72	0.07131064010033439
1439.39	0.7475560701003344
1441.06	-0.009760339899665649
1442.72	0.5776981301003342
1444.39	0.0045603301003343645
1446.06	0.28629643010033445
1447.73	1.1912610301003341
1449.4	6.623586324660333
1451.06	9.911081320100333
1452.73	17.139019930100336
1454.4	20.853940930100336
1456.07	22.45594893010033
1457.74	19.495095930100334
1459.4	14.674029430100337
1461.07	7.3576029301003345
1462.74	4.607562930100335
1464.41	-0.3291164298996656
1466.08	-0.40195939989966567
1467.74	-1.0193101698996656
1469.41	0.08294363010033441
1471.08	-0.8024238698996655
1472.75	0.18443233010033439
1474.41	-0.6884905698996655
1476.08	0.24697073010033446
1477.75	-0.6175445698996656
1479.42	0.3234475401003344
1481.09	-0.5472534698996656
1482.75	0.4045289301003345
1484.42	-0.4162138698996657
1486.09	0.5553050301003343
1487.76	-0.23039676989966562
1489.43	0.6606387301003342
1491.09	-0.3072973698996656
1492.76	0.42379813010033435
1494.43	-0.5102850698996656
1496.1	0.3850895301003344
1497.76	-0.33056706989966544
1499.43	0.7286226301003345
1501.1	0.014188930100334418
1502.77	0.8924249301003344
1504.44	-0.05484896989966568
1506.1	0.6445529601003344
1507.77	-0.2710932698996656
1509.44	0.5314913301003344
1511.11	-0.3476595698996657
1512.78	0.4898796301003344
1514.44	-0.3694734698996657
1516.11	0.46336063010033446
1517.78	-0.40061986989966564
1519.45	0.44325743010033436
1521.12	-0.40153296989966575
1522.78	0.44628483010033443
1524.45	-0.4133602698996657
1526.12	0.4466140301003345
1527.79	-0.37872786989966567
1529.45	0.5020671301003343
1531.12	-0.3030149698996657
1532.79	0.5813122301003344
1534.46	-0.24107896989966565
1536.13	0.6138904301003344
1537.79	-0.25352546989966557
1539.46	0.5753176301003344
1541.13	-0.2881418698996656
1542.8	0.5520630301003344
1544.47	-0.28110416989966563
1546.13	0.5531431301003344
1547.8	-0.2691083698996655
1549.47	0.5210993301003344
1551.14	-0.3997408698996656
1552.81	0.38222893010033443
1554.47	-0.5420010698996658
1556.14	0.2810707301003343
1557.81	-0.5357350698996657
1559.48	0.3397423301003343
1561.14	-0.4147233698996655
1562.81	0.4705453301003345
1564.48	-0.3770861698996656
1566.15	0.4880909301003344
1567.82	-0.36509466989966566
1569.48	0.49256793010033445
1571.15	-0.3407182698996657
1572.82	0.5508749301003343
1574.49	-0.2674740698996657
1576.16	0.6072127301003344
1577.82	-0.24109486989966555
1579.49	0.6098006301003344
1581.16	-0.2282551698996655
1582.83	0.6248993301003344
1584.5	-0.23404446989966568
1586.16	0.6266613301003343
1587.83	-0.2219306698996657
1589.5	0.6324226301003344
1591.17	-0.21277216989966555
1592.83	0.6372645301003343
1594.5	-0.21096956989966564
1596.17	0.6534663301003343
1597.84	-0.16792906989966555
1599.51	0.7213478301003345
1601.17	-0.08398636989966567
1602.84	0.8007872301003344
1604.51	-0.030656769899665627
1606.18	0.8555564301003343
1607.85	0.028649630100334368
1609.51	0.9491369301003345
1611.18	0.1512411301003344
1612.85	1.1864412301003344
1614.52	0.38391773010033436
1616.19	1.6332796301003345
1617.85	1.0260438301003345
1619.52	4.1867167301003345
1621.19	5.9167159301003345
1622.86	7.169766430100334
1624.52	6.883131930100335
1626.19	7.393587730100334
1627.86	4.887814230100334
1629.53	4.951670030100334
1631.2	2.4791165301003346
1632.86	2.6642749301003343
1634.53	1.7679975301003346
1636.2	0.9942228701003343
1637.87	-0.5733221698996656
1639.54	1.2249799301003343
1641.2	1.9798229301003345
1642.87	4.314734930100334
1644.54	4.700957930100334
1646.21	5.974709930100334
1647.88	4.273829330100335
1649.54	3.9012496301003345
1651.21	1.4337193301003341
1652.88	0.9073994301003342
1654.55	-0.15639046989966557
1656.21	0.46045683010033456
1657.88	-0.5116441698996657
1659.55	0.32511403010033446
1661.22	-0.5948128698996658
1662.89	0.18604883010033446
1664.55	-0.6469157698996657
1666.22	0.22277658010033438
1667.89	-0.5496050698996655
1669.56	0.36205153010033436
1671.23	-0.48051436989966556
1672.89	0.37781902010033447
1674.56	-0.4692786698996656
1676.23	0.3399826301003345
1677.9	-0.49721146989966564
1679.56	0.32935853010033433
1681.23	-0.5120132698996656
1682.9	0.3201497301003344
1684.57	-0.5242434698996655
1686.24	0.31115263010033434
1687.9	-0.5280910698996655
1689.57	0.3067258301003345
1691.24	-0.5143963698996656
1692.91	0.33003723010033437
1694.58	-0.48602986989966557
1696.24	0.34646433010033434
1697.91	-0.49702416989966575
1699.58	0.33239553010033424
1701.25	-0.4903009698996657
1702.92	0.3750182301003344
1704.58	-0.3932189698996655
1706.25	0.5099107301003343
1707.92	-0.24564566989966563
1709.59	0.6329180301003342
1711.25	-0.19274166989966562
1712.92	0.6232862301003343
1714.59	-0.24828906989966565
1716.26	0.5248006301003345
1717.93	-0.3964778698996657
1719.59	0.3827120301003344
1721.26	-0.5260461698996657
1722.93	0.26916273010033437
1724.6	-0.6075219698996657
1726.27	0.21736483010033436
1727.93	-0.6255271698996656
1729.6	0.2420185301003343
1731.27	-0.5851902698996656
1732.94	0.3033886301003343
1734.61	-0.5208458698996656
1736.27	0.32463513010033435
1737.94	-0.5282913698996655
1739.61	0.30820383010033436
1741.28	-0.5411621698996657
1742.94	0.30476623010033443
1744.61	-0.5309933698996657
1746.28	0.3246883301003343
1747.95	-0.5162022698996657
1749.62	0.3262106301003344
1751.28	-0.5097950698996655
1752.95	0.3361084301003344
1754.62	-0.49659936989966563
1756.29	0.35145303010033446
1757.96	-0.4869762698996656
1759.62	0.35830643010033436
1761.29	-0.4867305698996655
1762.96	0.34238433010033453
1764.63	-0.5003971698996655
1766.3	0.34071113010033444
1767.96	-0.49569276989966565
1769.63	0.34622183010033436
1771.3	-0.4948892698996656
1772.97	0.3370880301003344
1774.63	-0.5015373698996657
1776.3	0.32903533010033437
1777.97	-0.5048463698996656
1779.64	0.3347680301003343
1781.31	-0.5022070698996657
1782.97	0.3371797301003344
1784.64	-0.5046475698996657
1786.31	0.3247981301003343
1787.98	-0.5240958698996657
1789.65	0.2986832301003344
1791.31	-0.5489473698996656
1792.98	0.2725654301003343
1794.65	-0.5714193698996656
1796.32	0.2517718301003343
1797.99	-0.5936320698996657
1799.65	0.21444013010033441
1801.32	-0.6330511698996656
1802.99	0.17479683010033437
1804.66	-0.5251592698996655
1806.32	1.2683999301003346
1807.99	1.2776417301003344
1809.66	3.359249630100335
1811.33	3.353006030100334
1813.0	4.355819630100334
1814.66	3.114544540100334
1816.33	3.074860030100335
1818.0	1.0537734701003347
1819.67	1.4179704301003344
1821.34	-0.01842046989966555
1823.0	0.6250511301003344
1824.67	-0.2868348698996657
1826.34	0.49633913010033437
1828.01	-0.37099306989966563
1829.68	0.4318573301003344
1831.34	-0.41607066989966573
1833.01	0.4127259301003344
1834.68	-0.4016506698996656
1836.35	0.44420643010033445
1838.01	-0.37874756989966574
1839.68	0.4774300301003344
1841.35	-0.33380076989966556
1843.02	0.5357712301003345
1844.69	-0.2723449698996656
1846.35	0.5879466201003344
1848.02	-0.24011746989966568
1849.69	0.5683427601003344
1851.36	-0.2990271698996656
1853.03	0.4817671301003344
1854.69	-0.40086256989966557
1856.36	0.4142672301003345
1858.03	-0.4326506698996656
1859.7	0.40679213010033444
1861.36	-0.40931926989966544
1863.03	0.42959333010033446
1864.7	-0.3947998698996656
1866.37	0.4438408301003343
1868.04	-0.3895621698996656
1869.7	0.43502353010033434
1871.37	-0.4159246698996656
1873.04	0.3972095301003345
1874.71	-0.4559162698996655
1876.38	0.3762633301003344
1878.04	-0.4507553698996657
1879.71	0.3964905301003344
1881.38	-0.43169766989966557
1883.05	0.4032680301003344
1884.72	-0.44133436989966557
1886.38	0.38704213010033445
1888.05	-0.45186156989966547
1889.72	0.3878948301003343
1891.39	-0.4411499698996657
1893.05	0.40880583010033433
1894.72	-0.4193859698996657
1896.39	0.4173823301003344
1898.06	-0.4327514698996656
1899.73	0.38522233010033435
1901.39	-0.4630814698996657
1903.06	0.3711930301003344
1904.73	-0.4521642698996656
1906.4	0.40778243010033444
1908.07	-0.41752986989966556
1909.73	0.43178613010033456
1911.4	-0.39530786989966565
1913.07	0.4576195301003344
1914.74	-0.36705176989966565
1916.41	0.4675144301003343
1918.07	-0.38581116989966563
1919.74	0.4216076301003344
1921.41	-0.4551347698996656
1923.08	0.35087063010033437
1924.74	-0.4991804698996655
1926.41	0.33757553010033436
1928.08	-0.49485646989966564
1929.75	0.34977533010033435
1931.42	-0.4710242698996656
1933.08	0.38070633010033444
1934.75	-0.4387988698996656
1936.42	0.40837173010033434
1938.09	-0.4114050698996657
1939.76	0.43041223010033447
1941.42	-0.40346266989966556
1943.09	0.42186683010033443
1944.76	-0.4256518698996657
1946.43	0.4031969301003344
1948.1	-0.4332062698996655
1949.76	0.4023426301003344
1951.43	-0.4341438698996657
1953.1	0.3980298301003344
1954.77	-0.44689506989966554
1956.43	0.3765721301003343
1958.1	-0.4621173698996657
1959.77	0.38181403010033443
1961.44	-0.43860906989966564
1963.11	0.41601423010033434
1964.77	-0.4082848698996656
1966.44	0.43426923010033425
1968.11	-0.4049278698996657
1969.78	0.4196510301003344
1971.45	-0.4217834698996656
1973.11	0.41190433010033445
1974.78	-0.4206524698996656
1976.45	0.4174520301003343
1978.12	-0.4169248698996656
1979.79	0.41818593010033434
1981.45	-0.41617066989966567
1983.12	0.4234528301003345
1984.79	-0.40242696989966564
1986.46	0.4298750301003344
1988.12	-0.4061547698996656
1989.79	0.4269624301003344
1991.46	-0.4038277698996657
1993.13	0.45092793010033433
1994.8	-0.36233086989966556
1996.46	0.4864095301003344
1998.13	-0.34824896989966564
1999.8	0.46282323010033444
2001.47	-0.39889106989966566
2003.14	0.4115686301003344
2004.8	-0.4456816698996654
2006.47	0.3866992301003344
2008.14	-0.4376611698996656
2009.81	0.4054439301003344
2011.48	-0.42079126989966553
2013.14	0.42467443010033434
2014.81	-0.4008634698996655
2016.48	0.4491864301003344
2018.15	-0.38238576989966566
2019.81	0.45766333010033444
2021.48	-0.3771065698996656
2023.15	0.43788793010033433
2024.82	-0.41109216989966574
2026.49	0.4132726301003345
2028.15	-0.41446446989966557
2029.82	0.4390893301003344
2031.49	-0.3842707698996657
2033.16	0.4641935301003343
2034.83	-0.36407196989966567
2036.49	0.4588883301003344
2038.16	-0.37990866989966554
2039.83	0.4433898301003345
2041.5	-0.3961854698996657
2043.16	0.4328538301003344
2044.83	-0.4030455698996656
2046.5	0.4404392301003345
2048.17	-0.38002726989966557
2049.84	0.46846903010033447
2051.5	-0.3658365698996657
2053.17	0.4640314301003343
2054.84	-0.38341166989966563
2056.51	0.42501803010033434
2058.18	-0.43330786989966563
2059.84	0.3865695301003345
2061.51	-0.45809926989966565
2063.18	0.3851261301003344
2064.85	-0.4485226698996655
2066.52	0.3954477301003344
2068.18	-0.43229626989966563
2069.85	0.40668893010033447
2071.52	-0.4196708698996656
2073.19	0.4248489301003344
2074.85	-0.4037466698996656
2076.52	0.4360325301003344
2078.19	-0.3977489698996657
2079.86	0.4266332301003343
2081.53	-0.4168210698996656
2083.19	0.41273733010033437
2084.86	-0.42990246989966574
2086.53	0.38964143010033436
2088.2	-0.44012206989966557
2089.87	0.40026173010033456
2091.53	-0.4189992698996656
2093.2	0.42331003010033436
2094.87	-0.4254644698996657
2096.54	0.4027751301003345
2098.21	-0.4431521698996656
2099.87	0.3832393301003342
2101.54	-0.4295353698996657
2103.21	0.43618083010033437
2104.88	-0.3837770698996656
2106.54	0.4684431301003344
2108.21	-0.3759698698996656
2109.88	0.4561681301003345
2111.55	-0.3954415698996655
2113.22	0.42744413010033444
2114.88	-0.41806596989966566
2116.55	0.41661203010033443
2118.22	-0.42131126989966566
2119.89	0.42151243010033435
2121.56	-0.4149356698996655
2123.22	0.42571593010033437
2124.89	-0.4227714698996657
2126.56	0.4004547301003344
2128.23	-0.4449910698996655
2129.9	0.37563113010033444
2131.56	-0.46922446989966565
2133.23	0.3671359301003344
2134.9	-0.4627727698996658
2136.57	0.3838525301003344
2138.23	-0.44533716989966565
2139.9	0.39429203010033437
2141.57	-0.44970786989966544
2143.24	0.37672233010033435
2144.91	-0.4731781698996656
2146.57	0.3573836301003344
2148.24	-0.4633819698996656
2149.91	0.38460963010033444
2151.58	-0.42612946989966566
2153.25	0.4476758301003345
2154.91	-0.36567386989966566
2156.58	0.49017683010033447
2158.25	-0.3504770698996656
2159.92	0.46704223010033435
2161.59	-0.39550646989966565
2163.25	0.4243582301003344
2164.92	-0.40136216989966556
2166.59	0.4571745301003344
2168.26	-0.3532157698996656
2169.92	0.4934677301003344
2171.59	-0.3522988698996656
2173.26	0.4641115301003345
2174.93	-0.4035341698996656
2176.6	0.4045707301003344
2178.26	-0.43719466989966554
2179.93	0.3960927301003344
2181.6	-0.4247814698996656
2183.27	0.41255113010033434
2184.94	-0.41302266989966546
2186.6	0.4236154301003344
2188.27	-0.4049666698996656
2189.94	0.42594013010033444
2191.61	-0.40057576989966553
2193.28	0.4371994301003344
2194.94	-0.4020282698996656
2196.61	0.4168965301003344
2198.28	-0.4318297698996655
2199.95	0.3982902301003344
2201.61	-0.43208656989966565
2203.28	0.4075526301003345
2204.95	-0.4222585698996655
2206.62	0.41563663010033436
2208.29	-0.42938216989966566
2209.95	0.40208653010033435
2211.62	-0.43317246989966546
2213.29	0.4123665301003344
2214.96	-0.4099679698996656
2216.63	0.43433343010033443
2218.29	-0.40389406989966553
2219.96	0.42042323010033433
2221.63	-0.4264708698996656
2223.3	0.40378243010033427
2224.96	-0.41749066989966555
2226.63	0.44204593010033444
2228.3	-0.36815376989966564
2229.97	0.4845529301003344
2231.64	-0.35879886989966553
2233.3	0.44426953010033443
2234.97	-0.4365162698996656
2236.64	0.36056403010033433
2238.31	-0.49306806989966556
2239.98	0.3493409301003344
2241.64	-0.46371306989966543
2243.31	0.3999418301003344
2244.98	-0.40553356989966555
2246.65	0.4509635301003344
2248.32	-0.3775969698996656
2249.98	0.4677543301003345
2251.65	-0.36170766989966563
2253.32	0.4679449301003344
2254.99	-0.3733946698996657
2256.65	0.4483988301003343
2258.32	-0.39406016989966564
2259.99	0.4371929301003343
2261.66	-0.4024110698996656
2263.33	0.4265055301003343
2264.99	-0.40543066989966564
2266.66	0.4278422301003344
2268.33	-0.40582946989966573
2270.0	0.4288264301003344
2271.67	-0.4085495698996657
2273.33	0.4250483301003344
2275.0	-0.4100326698996655
2276.67	0.4172286301003344
2278.34	-0.41880566989966556
2280.01	0.41173543010033437
2281.67	-0.4161948698996657
2283.34	0.4229225301003344
2285.01	-0.4103789698996656
2286.68	0.42894943010033443
2288.34	-0.41047096989966547
2290.01	0.4014324301003344
2291.68	-0.4609395698996656
2293.35	0.3420773301003344
2295.02	-0.5003811698996656
2296.68	0.34397793010033434
2298.35	-0.47391176989966566
2300.02	0.39443093010033436
2301.69	-0.41482676989966566
2303.36	0.43357603010033446
2305.02	-0.3917618698996656
2306.69	0.4407725301003344
2308.36	-0.38647646989966555
2310.03	0.4541641301003344
2311.7	-0.3790165698996656
2313.36	0.44893993010033445
2315.03	-0.4019820698996656
2316.7	0.4156054301003344
2318.37	-0.43452016989966563
2320.03	0.38308423010033427
2321.7	-0.45498646989966557
2323.37	0.37278673010033436
2325.04	-0.46071096989966576
2326.71	0.37058963010033447
2328.37	-0.47526886989966555
2330.04	0.37078253010033446
2331.71	-0.4560504698996656
2333.38	0.38098653010033445
2335.05	-0.44533196989966567
2336.71	0.3990552301003344
2338.38	-0.42538766989966553
2340.05	0.4196918301003344
2341.72	-0.40408906989966564
2343.39	0.4405106301003344
2345.05	-0.3939144698996656
2346.72	0.4229889301003344
2348.39	-0.4236999698996655
2350.06	0.4171830301003343
2351.72	-0.4130717698996655
2353.39	0.42553613010033436
2355.06	-0.3963538698996655
2356.73	0.4355298301003344
2358.4	-0.40670246989966563
2360.06	0.3982327301003344
2361.73	-0.4567435698996656
2363.4	0.3712513301003344
2365.07	-0.4644950698996656
2366.74	0.39030163010033436
2368.4	-0.4118715698996656
2370.07	0.4511647301003343
2371.74	-0.3487080698996657
2373.41	0.5003787301003344
2375.07	-0.33306506989966556
2376.74	0.49843933010033437
2378.41	-0.3586970698996656
2380.08	0.44486293010033434
2381.75	-0.41487686989966566
2383.41	0.4074288301003343
2385.08	-0.42681646989966576
2386.75	0.42825633010033437
2388.42	-0.41292026989966557
2390.09	0.41870653010033443
2391.75	-0.42476366989966563
2393.42	0.39848273010033436
2395.09	-0.42347726989966566
2396.76	0.4299889301003345
2398.43	-0.4088698698996656
2400.09	0.40272693010033445
2401.76	-0.45541856989966567
2403.43	0.35527113010033445
2405.1	-0.4657213698996655
2406.76	0.3833987301003345
2408.43	-0.4223332698996655
2410.1	0.42480983010033435
2411.77	-0.40795126989966557
2413.44	0.4172375301003344
2415.1	-0.4005514698996656
2416.77	0.4374402301003344
2418.44	-0.3897936698996656
2420.11	0.4218472301003343
2421.78	-0.4372754698996656
2423.44	0.3721798301003344
2425.11	-0.4803147698996657
2426.78	0.34810983010033436
2428.45	-0.4750648698996656
2430.12	0.3707193301003344
2431.78	-0.44105666989966563
2433.45	0.41030973010033434
2435.12	-0.4152405698996657
2436.79	0.42136373010033445
2438.45	-0.4147583698996655
2440.12	0.41584723010033436
2441.79	-0.4121370698996657
2443.46	0.4217994301003344
2445.13	-0.4086124698996656
2446.79	0.44111903010033443
2448.46	-0.3834406698996656
2450.13	0.4630402301003344
2451.8	-0.34978236989966566
2453.47	0.4873424301003345
2455.13	-0.3547918698996657
2456.8	0.45774103010033446
2458.47	-0.40363736989966553
2460.14	0.40706503010033435
2461.81	-0.43980106989966555
2463.47	0.38441243010033443
2465.14	-0.46458706989966575
2466.81	0.3621524301003344
2468.48	-0.48640906989966554
2470.14	0.3463152301003344
2471.81	-0.4695924698996656
2473.48	0.3710956301003344
2475.15	-0.4482131698996656
2476.82	0.4060316301003345
2478.48	-0.4369029698996655
2480.15	0.40750703010033434
2481.82	-0.4109863698996657
2483.49	0.44248153010033436
2485.16	-0.3667425698996657
2486.82	0.48612673010033436
2488.49	-0.34805526989966556
2490.16	0.4864383301003345
2491.83	-0.35292306989966554
2493.5	0.4931451301003344
2495.16	-0.3319021698996656
2496.83	0.4832372301003344
2498.5	-0.3806807698996656
2500.17	0.43139773010033444
2501.83	-0.42244206989966554
2503.5	0.40253173010033433
2505.17	-0.43945616989966557
2506.84	0.4062233301003344
2508.51	-0.4230702698996655
2510.17	0.3899598301003344
2511.84	-0.4454727698996656
2513.51	0.40361473010033444
2515.18	-0.41317186989966553
2516.85	0.4421562301003344
2518.51	-0.3960503698996656
2520.18	0.4363715301003343
2521.85	-0.4053458698996656
2523.52	0.3932649301003344
2525.19	-0.46603146989966565
2526.85	0.3640573301003344
2528.52	-0.47445846989966556
2530.19	0.3718139301003343
2531.86	-0.4685014698996657
2533.52	0.34499633010033437
2535.19	-0.5008090698996657
2536.86	0.3225536301003345
2538.53	-0.5051176698996656
2540.2	0.3622893301003344
2541.86	-0.44464896989966574
2543.53	0.4207563301003344
2545.2	-0.39524356989966564
2546.87	0.4420064301003344
2548.54	-0.3901211698996655
2550.2	0.4412828301003343
2551.87	-0.3967929698996656
2553.54	0.44034083010033437
2555.21	-0.3941342698996656
2556.87	0.43641253010033443
2558.54	-0.41447416989966557
2560.21	0.3837144301003343
2561.88	-0.47883206989966565
2563.55	0.32795573010033435
2565.21	-0.5020720698996655
2566.88	0.3467533301003344
2568.55	-0.4531770698996656
2570.22	0.4112729301003343
2571.89	-0.40361676989966566
2573.55	0.4457237301003344
2575.22	-0.37098696989966556
2576.89	0.45151303010033433
2578.56	-0.40023236989966565
2580.23	0.40663603010033444
2581.89	-0.44072326989966565
2583.56	0.3883347301003343
2585.23	-0.4531365698996657
2586.9	0.3748447301003345
2588.56	-0.47046076989966573
2590.23	0.3571053301003344
2591.9	-0.48645706989966564
2593.57	0.3559430301003344
2595.24	-0.4560112698996656
2596.9	0.3926571301003344
2598.57	-0.4344182698996657
2600.24	0.3975088301003343
2601.91	-0.43568296989966565
2603.58	0.4117706301003343
2605.24	-0.41943136989966556
2606.91	0.4204532301003344
2608.58	-0.3964887698996656
2610.25	0.43970523010033435
2611.92	-0.3953816698996655
2613.58	0.43597353010033435
2615.25	-0.39727496989966554
2616.92	0.4397105301003344
2618.59	-0.3985635698996656
2620.25	0.4198564301003344
2621.92	-0.41218776989966555
2623.59	0.42188813010033444
2625.26	-0.42596616989966557
2626.93	0.4149515301003344
2628.59	-0.40775246989966557
2630.26	0.4265275301003344
2631.93	-0.41049676989966566
2633.6	0.4180813301003344
2635.27	-0.4187275698996656
2636.93	0.4149771301003343
2638.6	-0.41832456989966565
2640.27	0.4064871301003343
2641.94	-0.41770346989966567
2643.61	0.4126234301003344
2645.27	-0.42811106989966563
2646.94	0.3980279301003343
2648.61	-0.4444828698996656
2650.28	0.38330073010033433
2651.94	-0.44375036989966565
2653.61	0.3956395301003343
2655.28	-0.4193261698996656
2656.95	0.4262047301003344
2658.62	-0.40584176989966564
2660.28	0.4372450301003344
2661.95	-0.4027891698996656
2663.62	0.4440659301003344
2665.29	-0.3743742698996656
2666.96	0.4635799301003344
2668.62	-0.38005966989966566
2670.29	0.4499348301003345
2671.96	-0.4048177698996656
2673.63	0.42329333010033443
2675.3	-0.4185160698996655
2676.96	0.43050353010033443
2678.63	-0.37333006989966566
2680.3	0.49457003010033446
2681.97	-0.33084906989966556
2683.63	0.4988263301003344
2685.3	-0.3525366698996656
2686.97	0.45359563010033443
2688.64	-0.42249586989966553
2690.31	0.37626433010033444
2691.97	-0.49123026989966556
2693.64	0.3413525301003343
2695.31	-0.4833957698996656
2696.98	0.3725329301003344
2698.65	-0.4253391698996656
2700.31	0.4436069301003343
2701.98	-0.37267006989966556
2703.65	0.4653709301003343
2705.32	-0.3672666698996657
2706.99	0.4657900301003344
2708.65	-0.37783866989966564
2710.32	0.4344098301003344
2711.99	-0.4135721698996656
2713.66	0.42179853010033436
2715.32	-0.40082586989966557
2716.99	0.4396745301003344
2718.66	-0.3905658698996655
2720.33	0.43016633010033445
2722.0	-0.4381820698996656
2723.66	0.3651448301003343
2725.33	-0.4822761698996656
2727.0	0.33756143010033446
2728.67	-0.4972823698996658
2730.34	0.3406954301003344
2732.0	-0.4808922698996655
2733.67	0.3696535301003343
2735.34	-0.44307046989966564
2737.01	0.39474533010033436
2738.67	-0.4147587698996656
2740.34	0.42045593010033444
2742.01	-0.41894836989966555
2743.68	0.4015751301003344
2745.35	-0.4359120698996657
2747.01	0.37908243010033443
2748.68	-0.4580630698996656
2750.35	0.35834273010033435
2752.02	-0.4726851698996656
2753.69	0.3610385301003344
2755.35	-0.4699469698996655
2757.02	0.37437103010033435
2758.69	-0.43485966989966557
2760.36	0.4223368301003344
2762.03	-0.3869814698996656
2763.69	0.4591553301003343
2765.36	-0.36330736989966556
2767.03	0.4665020301003343
2768.7	-0.3876531698996656
2770.36	0.4345529301003344
2772.03	-0.4107864698996656
2773.7	0.39477263010033453
2775.37	-0.4606515698996657
2777.04	0.34950973010033437
2778.7	-0.49194266989966556
2780.37	0.3343847301003344
2782.04	-0.4960126698996656
2783.71	0.3511951301003343
2785.38	-0.4647917698996656
2787.04	0.3456092301003343
2788.71	-0.5090977698996655
2790.38	0.2868885301003344
2792.05	-0.5600617698996656
2793.72	0.25470513010033446
2795.38	-0.5454392698996655
2797.05	0.34672393010033437
2798.72	-0.3961207698996655
2800.39	0.4950646301003344
2802.05	-0.3047065698996656
2803.72	0.5275086801003345
2805.39	-0.3001455698996657
2807.06	0.5080270001003344
2808.73	-0.3250337698996656
2810.39	0.4866235301003344
2812.06	-0.3707207698996656
2813.73	0.4331189301003343
2815.4	-0.42954396989966553
2817.07	0.38433713010033443
2818.73	-0.43202916989966555
2820.4	0.4085667301003343
2822.07	-0.3953857698996656
2823.74	0.45224463010033444
2825.41	-0.37083806989966556
2827.07	0.4628981301003344
2828.74	-0.3784664698996657
2830.41	0.4393775301003345
2832.08	-0.4177210698996657
2833.74	0.40751743010033437
2835.41	-0.4177170698996656
2837.08	0.4160666301003343
2838.75	-0.4105930698996656
2840.42	0.4297644301003343
2842.08	-0.40030476989966557
2843.75	0.4516266301003344
2845.42	-0.3812062698996657
2847.09	0.4386483301003343
2848.76	-0.3929601698996656
2850.42	0.40685133010033436
2852.09	-0.47806046989966544
2853.76	0.29690663010033436
2855.43	-0.5875956698996656
2857.1	0.22054833010033442
2858.76	-0.5988215698996656
2860.43	0.26304933010033454
2862.1	-0.5222633698996658
2863.77	0.3618423301003344
2865.43	-0.4544789698996655
2867.1	0.3734406301003344
2868.77	-0.4684261698996656
2870.44	0.33519673010033435
2872.11	-0.5236331698996656
2873.77	0.2962478301003344
2875.44	-0.5671519698996657
2877.11	0.2536498301003344
2878.78	-0.5764456698996655
2880.45	0.25683633010033446
2882.11	-0.5509819698996656
2883.78	0.3052946301003344
2885.45	-0.49388316989966563
2887.12	0.36383513010033436
2888.79	-0.46783966989966563
2890.45	0.3587455301003345
2892.12	-0.46616876989966566
2893.79	0.34397393010033445
2895.46	-0.5210442698996656
2897.12	0.28386423010033435
2898.79	-0.5578594698996657
2900.46	0.2778175301003344
2902.13	-0.5297213698996657
2903.8	0.3299720301003345
2905.46	-0.4607551698996656
2907.13	0.3583272301003344
2908.8	-0.49530236989966553
2910.47	0.3258879301003343
2912.14	-0.4981656698996656
2913.8	0.32515653010033435
2915.47	-0.5117612698996656
2917.14	0.3037522101003344
2918.81	-0.5125897698996654
2920.47	0.3198129701003344
2922.14	-0.5042258698996658
2923.81	0.34193332010033445
2925.48	-0.47513976989966566
2927.15	0.3499902971003344
2928.81	-0.4803355698996656
2930.48	0.36072133010033436
2932.15	-0.4323931698996656
2933.82	0.40616353010033446
2935.49	-0.45654076989966563
2937.15	0.31231083010033445
2938.82	-0.5758174698996655
2940.49	0.19774063010033444
2942.16	-0.6505076698996657
2943.83	0.16714993010033447
2945.49	-0.6310130698996655
2947.16	0.19196563010033446
2948.83	-0.6278500698996657
2950.5	0.20426123010033442
2952.16	-0.5807542698996655
2953.83	0.2812760301003345
2955.5	-0.4910942698996655
2957.17	0.3282132301003343
2958.84	-0.5000035698996655
2960.5	0.2849286301003343
2962.17	-0.5717087698996657
2963.84	0.21899373010033435
2965.51	-0.6053659698996655
2967.18	0.19739113010033438
2968.84	-0.6137784698996657
2970.51	0.17698233010033437
2972.18	-0.6996302698996655
2973.85	0.053761530100334395
2975.52	-0.8322464698996654
2977.18	-0.10432716989966559
2978.85	-0.9578649698996656
2980.52	-0.19760896989966567
2982.19	-1.0223227698996655
2983.85	-0.23323787989966563
2985.52	-1.0765972598996656
2987.19	-0.4008000698996657
2988.86	-1.3102970698996657
2990.53	-0.056701469899665645
2992.19	0.17103163010033437
2993.86	2.1495811301003345
2995.53	3.3199869301003337
2997.2	5.790458930100334
2998.87	6.111542530100334
3000.53	7.536952930100334
3002.2	6.133656230100335
3003.87	6.083156430100334
3005.54	4.182502930100334
3007.21	3.5198309301003348
3008.87	1.7506287301003343
3010.54	1.9660395301003344
3012.21	0.5446179301003345
3013.88	1.2625885301003341
3015.54	0.19250793010033454
3017.21	1.0263625301003343
3018.88	0.09198893010033445
3020.55	0.9538420301003343
3022.22	0.052582830100334335
3023.88	0.8872824301003343
3025.55	-0.02902566989966555
3027.22	0.7894012301003344
3028.89	-0.11910786989966562
3030.56	0.7205186301003346
3032.22	-0.15339486989966572
3033.89	0.7239647301003344
3035.56	-0.1311015698996655
3037.23	0.7234865301003344
3038.9	-0.1651451698996656
3040.56	0.6481400301003343
3042.23	-0.28426136989966566
3043.9	0.5555852301003344
3045.57	-0.5138743698996656
3047.23	0.3437101201003344
3048.9	-0.10305396989966553
3050.57	1.1360037301003345
3052.24	1.0292725301003345
3053.91	2.5260726901003343
3055.57	1.9018018301003345
3057.24	2.762306710100334
3058.91	1.4282163701003348
3060.58	1.6508532331003345
3062.25	0.4897986901003345
3063.91	0.9043256301003343
3065.58	-0.11794616989966558
3067.25	0.6863493201003343
3068.92	-0.20310906989966565
3070.59	0.6432280401003345
3072.25	-0.1878262698996656
3073.92	0.6987031001003344
3075.59	-0.1297246698996657
3077.26	0.7125345301003343
3078.92	-0.1402893698996656
3080.59	0.6465429301003345
3082.26	-0.24519466989966557
3083.93	0.5457126301003343
3085.6	-0.3168080698996656
3087.26	0.5364408301003344
3088.93	-0.2574370698996656
3090.6	0.6481145301003345
3092.27	-0.15937026989966568
3093.94	0.6563526301003344
3095.6	-0.24492546989966568
3097.27	0.5234568301003345
3098.94	-0.36837166989966547
3100.61	0.4544022301003345
3102.27	-0.35590336989966564
3103.94	0.5139185301003344
3105.61	-0.2780380698996655
3107.28	0.6149645301003343
3108.95	-0.20028986989966563
3110.61	0.6292879301003342
3112.28	0.10313893010033433
3113.95	1.1879059301003345
3115.62	0.4911721201003343
3117.29	1.3101640301003346
3118.95	0.31768463010033454
3120.62	0.9503569301003344
3122.29	0.05771103010033436
3123.96	0.7777009301003344
3125.63	0.08604893010033435
3127.29	1.0007644501003343
3128.96	0.023117400100334296
3130.63	0.6813457301003345
3132.3	-0.27753626989966557
3133.96	0.49223233010033435
3135.63	-0.32128636989966564
3137.3	0.5378750301003343
3138.97	-0.28136756989966555
3140.64	0.5842163301003345
3142.3	-0.2779113698996656
3143.97	0.5467698301003343
3145.64	-0.3323592698996657
3147.31	0.47503223010033446
3148.98	-0.3641660698996656
3150.64	0.47867133010033436
3152.31	-0.3470972698996656
3153.98	0.5093188301003344
3155.65	-0.3570469698996656
3157.32	0.4453863301003344
3158.98	-0.4166638698996657
3160.65	0.40551063010033445
3162.32	-0.44167516989966576
3163.99	0.41114103010033426
3165.65	-0.4139415698996657
3167.32	0.4460936301003344
3168.99	-0.38913566989966564
3170.66	0.4661827301003344
3172.33	-0.3659413698996657
3173.99	0.4922270301003344
3175.66	-0.37015986989966565
3177.33	0.4665885301003344
3179.0	-0.36295256989966557
3180.67	0.5011355301003343
3182.33	-0.31026896989966557
3184.0	0.5710243301003344
3185.67	-0.26297056989966566
3187.34	0.5716069301003346
3189.01	-0.3122501698996657
3190.67	0.4801494301003344
3192.34	-0.3735571698996656
3194.01	0.4591074301003344
3195.68	-0.39132266989966563
3197.34	0.46718273010033434
3199.01	-0.34550926989966557
3200.68	0.49346453010033436
3202.35	-0.34192186989966566
3204.02	0.48239753010033437
3205.68	-0.3633848698996657
3207.35	0.4827060301003344
3209.02	-0.35125226989966557
3210.69	0.5126471301003344
3212.36	-0.28387136989966555
3214.02	0.5689286301003345
3215.69	-0.2659929698996656
3217.36	0.5714166301003344
3219.03	-0.2707365698996656
3220.7	0.5554031301003345
3222.36	-0.3056841698996656
3224.03	0.4963306301003344
3225.7	-0.3839475698996657
3227.37	0.4397692301003344
3229.03	-0.40570686989966553
3230.7	0.47686033010033435
3232.37	-0.30963386989966557
3234.04	0.5755540301003345
3235.71	-0.2557933698996656
3237.37	0.5437415301003344
3239.04	-0.3776006698996656
3240.71	0.4137688301003344
3242.38	-0.4912788698996657
3244.05	0.3249481301003344
3245.71	-0.5195200698996656
3247.38	0.32853913010033436
3249.05	-0.5110579698996656
3250.72	0.3316820301003343
3252.38	-0.5229376698996656
3254.05	0.3401335301003344
3255.72	-0.4784317698996657
3257.39	0.40448963010033434
3259.06	-0.38805826989966563
3260.72	0.5343454301003344
3262.39	-0.24585386989966568
3264.06	0.6656085301003343
3265.73	-0.15415726989966552
3267.4	0.6917533301003342
3269.06	-0.18407316989966557
3270.73	0.6166825301003345
3272.4	-0.3013999698996656
3274.07	0.5143759301003346
3275.74	-0.36950316989966564
3277.4	0.4714428301003345
3279.07	-0.3537821698996656
3280.74	0.5216482301003345
3282.41	-0.3037487698996656
3284.07	0.5662828301003343
3285.74	-0.2787832698996656
3287.41	0.5607978301003343
3289.08	-0.29384556989966565
3290.75	0.5366265301003343
3292.41	-0.32838486989966564
3294.08	0.5109154301003345
3295.75	-0.34675406989966556
3297.42	0.5039049301003343
3299.09	-0.3329223698996656
3300.75	0.5154359301003344
3302.42	-0.3361723698996656
3304.09	0.4965141301003343
3305.76	-0.39319486989966557
3307.43	0.42717203010033444
3309.09	-0.45772386989966557
3310.76	0.37700553010033444
3312.43	-0.5076302698996658
3314.1	0.32711943010033434
3315.76	-0.5147998698996656
3317.43	0.36510823010033433
3319.1	-0.46169416989966566
3320.77	0.4078174301003344
3322.44	-0.4606825698996656
3324.1	0.3497414301003344
3325.77	-0.5804476098996655
3327.44	0.2196097301003345
3329.11	-0.6875279698996655
3330.78	0.0635916301003343
3332.44	-0.8426735698996655
3334.11	0.5027730301003344
3335.78	0.42441003010033446
3337.45	2.932971730100335
3339.12	3.333638930100334
3340.78	4.937819930100335
3342.45	3.9490743301003355
3344.12	3.8676209301003346
3345.79	1.5719716301003344
3347.45	1.4630567301003343
3349.12	-0.24673306989966565
3350.79	0.6155523101003343
3352.46	-0.3134480698996655
3354.13	0.5405248701003345
3355.79	-0.3481820698996657
3357.46	0.5689138301003344
3359.13	-0.31112006989966556
3360.8	0.5795171001003344
3362.47	-0.31082406989966566
3364.13	0.6018147301003344
3365.8	-0.28553556989966555
3367.47	0.6671451301003343
3369.14	-0.1833303698996656
3370.81	0.8013632301003344
3372.47	-0.09442738989966563
3374.14	0.8584896301003344
3375.81	-0.0906120698996656
3377.48	0.9904292301003341
3379.14	0.11015533010033429
3380.81	1.6155373301003344
3382.48	0.8881093301003343
3384.15	5.126981130100334
3385.82	7.605379930100334
3387.48	11.023704830100334
3389.15	11.137427930100333
3390.82	10.575671930100333
3392.49	6.280089930100336
3394.16	4.049449030100334
3395.82	-0.3426924698996657
3397.49	-0.033035869899665594
3399.16	-0.4716085698996655
3400.83	0.22594603010033437
3402.5	-0.5538540698996656
3404.16	0.22792473010033443
3405.83	-0.5223770698996655
3407.5	0.2573072301003344
3409.17	-0.5243890698996656
3410.83	0.25598253010033456
3412.5	-0.5095033698996656
3414.17	0.30891393010033436
3415.84	-0.4391032698996655
3417.51	0.3786668301003343
3419.17	-0.41256186989966565
3420.84	0.3816059301003344
3422.51	-0.4640323698996657
3424.18	0.28949853010033444
3425.85	-0.5327930698996657
3427.51	0.2763460301003343
3429.18	-0.4954898698996656
3430.85	0.30978263010033447
3432.52	-0.48805496989966546
3434.18	0.34207233010033444
3435.85	-0.46295956989966563
3437.52	0.3448609301003344
3439.19	-0.4739504698996656
3440.86	0.3509836301003344
3442.52	-0.4757656698996657
3444.19	0.3322690301003344
3445.86	-0.47523416989966555
3447.53	0.3906705301003345
3449.2	-0.38511156989966555
3450.86	0.4534473301003345
3452.53	-0.38312816989966564
3454.2	0.4248113301003344
3455.87	-0.3974318698996656
3457.54	0.4858493301003343
3459.2	-0.3672549698996656
3460.87	0.37883763010033444
3462.54	-0.5555837698996656
3464.21	0.13916113010033432
3465.87	-0.7514900698996656
3467.54	0.0810432301003344
3469.21	-0.6710880698996655
3470.88	0.29680813010033436
3472.55	-0.46164306989966564
3474.21	0.3900914301003343
3475.88	-0.3937630698996656
3477.55	0.46030293010033435
3479.22	-0.3586009698996656
3480.89	0.45847433010033445
3482.55	-0.3934546698996656
3484.22	0.43993923010033437
3485.89	-0.37344856989966563
3487.56	0.4851509301003344
3489.23	-0.32056206989966557
3490.89	0.5427803301003344
3492.56	-0.2722790698996656
3494.23	0.5626830301003344
3495.9	-0.29168806989966567
3497.56	0.5272488301003344
3499.23	-0.32886606989966555
3500.9	0.48753283010033444
3502.57	-0.3792105698996656
3504.24	0.4704348301003344
3505.9	-0.36858136989966567
3507.57	0.49953053010033444
3509.24	-0.31844596989966556
3510.91	0.5567678301003345
3512.58	-0.2674485698996657
3514.24	0.5549520301003343
3515.91	-0.33861106989966566
3517.58	0.47194033010033437
3519.25	-0.4140722698996656
3520.92	0.4455000301003344
3522.58	-0.3988863698996655
3524.25	0.48890583010033434
3525.92	-0.3431630698996656
3527.59	0.5514469301003344
3529.25	-0.2718448698996655
3530.92	0.5991040301003344
3532.59	-0.2626161698996657
3534.26	0.6188066301003344
3535.93	-0.25458936989966563
3537.59	0.6372686301003344
3539.26	-0.24378016989966564
3540.93	0.6428872301003343
3542.6	-0.2681893698996656
3544.27	0.5893126301003344
3545.93	-0.3205385698996658
3547.6	0.5938822301003344
3549.27	-0.25019816989966553
3550.94	0.7224277301003345
3552.61	-0.1535067698996655
3554.27	0.8924560301003345
3555.94	-0.006722669899665634
3557.61	1.1983820201003346
3559.28	0.39312623010033426
3560.94	2.4613456301003342
3562.61	11.335069930100335
3564.28	19.749991930100336
3565.95	23.999267930100338
3567.62	35.76545793010034
3569.28	39.288497930100334
3570.95	41.214227930100336
3572.62	38.02453793010033
3574.29	28.77872793010033
3575.96	21.177427930100333
3577.62	13.561778930100335
3579.29	1.3317390301003342
3580.96	0.7611122301003345
3582.63	0.17354993010033434
3584.3	0.5812200501003343
3585.96	-0.12326456989966575
3587.63	0.45865977010033426
3589.3	-0.22522741989966555
3590.97	0.45165923010033443
3592.63	-0.26328837989966564
3594.3	0.44176422010033434
3595.97	-0.3058223798996657
3597.64	0.39411345010033433
3599.31	-0.36765606989966554
3600.97	0.33953693010033437
3602.64	-0.41837296989966555
3604.31	0.31465313010033436
3605.98	-0.45808426989966555
3607.65	0.3175805301003344
3609.31	-0.3975137698996655
3610.98	0.41701263010033446
3612.65	-0.2729069698996656
3614.32	0.5406393301003345
3615.98	-0.24485756989966562
3617.65	0.48915103010033445
3619.32	-0.35467146989966564
3620.99	0.4019069301003343
3622.66	-0.3961602698996655
3624.32	0.4007287301003345
3625.99	-0.3638891698996656
3627.66	0.45532073010033436
3629.33	-0.3378450698996656
3631.0	0.43151073010033436
3632.66	-0.39020016989966566
3634.33	0.41312123010033436
3636.0	-0.3928933698996656
3637.67	0.41243563010033435
3639.34	-0.37335936989966567
3641.0	0.4238607301003344
3642.67	-0.3931765698996656
3644.34	0.3990366301003344
3646.01	-0.41046826989966567
3647.67	0.4197494301003344
3649.34	-0.36580766989966546
3651.01	0.4235010301003344
3652.68	-0.3760294698996655
3654.35	0.42512323010033437
3656.01	-0.3752742698996655
3657.68	0.4808749601003345
3659.35	-0.2716696698996658
3661.02	0.5686626501003345
3662.69	-0.2190013698996655
3664.35	0.5499457701003344
3666.02	-0.2697374698996656
3667.69	0.5369818301003342
3669.36	-0.2543302698996657
3671.03	0.6032986301003344
3672.69	-0.18169036989966567
3674.36	0.6093945301003345
3676.03	-0.24387586989966553
3677.7	0.4684241301003344
3679.36	-0.40755866989966566
3681.03	0.3692067301003344
3682.7	-0.4076872698996656
3684.37	0.4484894801003344
3686.04	-0.3479046698996656
3687.7	0.41930263010033436
3689.37	-0.4220954698996655
3691.04	0.3269774301003344
3692.71	-0.5036240698996656
3694.38	0.3200113301003344
3696.04	-0.43638986989966566
3697.71	0.3872946301003345
3699.38	-0.4168120698996657
3701.05	0.3722861301003343
3702.72	-0.4103618698996655
3704.38	0.44633343010033427
3706.05	-0.32054556989966565
3707.72	0.5295216301003344
3709.39	-0.2749255698996655
3711.05	0.49500913010033426
3712.72	-0.34668736989966564
3714.39	0.4253862301003344
3716.06	-0.3797051698996656
3717.73	0.4367817301003344
3719.39	-0.37349056989966567
3721.06	0.4401172301003344
3722.73	-0.3851484698996656
3724.4	0.38491313010033446
3726.07	-0.41937156989966573
3727.73	0.3758584301003344
3729.4	-0.42894876989966557
3731.07	0.39191163010033436
3732.74	-0.42395296989966563
3734.41	0.41980703010033427
3736.07	-0.35589636989966555
3737.74	0.4758646301003345
3739.41	-0.2845224698996657
3741.08	0.5508308301003344
3742.74	-0.2584152698996657
3744.41	0.5136345301003342
3746.08	-0.36978426989966556
3747.75	0.3982436301003343
3749.42	-0.4533118698996656
3751.08	0.32789793010033447
3752.75	-0.4727310698996656
3754.42	0.33324003010033443
3756.09	-0.4652359698996656
3757.76	0.35180923010033444
3759.42	-0.44592026989966554
3761.09	0.4002579301003344
3762.76	-0.3423033698996657
3764.43	0.5252742301003344
3766.1	-0.24465076989966555
3767.76	0.5814231301003343
3769.43	-0.2568328698996657
3771.1	0.49182843010033456
3772.77	-0.3933212698996656
3774.43	0.3414016301003344
3776.1	-0.4997045698996656
3777.77	0.3315969301003344
3779.44	-0.46815806989966563
3781.11	0.3701933301003343
3782.77	-0.44831206989966554
3784.44	0.3569203501003343
3786.11	-0.46520006989966556
3787.78	0.33819023010033433
3789.45	-0.43562006989966556
3791.11	0.4217008301003345
3792.78	-0.3504467698996655
3794.45	0.5085328301003345
3796.12	-0.2669651698996656
3797.78	0.5590714331003344
3799.45	-0.24877656989966557
3801.12	0.5176065301003343
3802.79	-0.3272303698996656
3804.46	0.4412790101003344
3806.12	-0.3609958698996657
3807.79	0.4570416301003343
3809.46	-0.30301906989966565
3811.13	0.5202603301003345
3812.8	-0.2896767698996657
3814.46	0.4921080301003344
3816.13	-0.3324910698996656
3817.8	0.4443500301003344
3819.47	-0.3758490698996656
3821.14	0.4254417301003345
3822.8	-0.39384516989966556
3824.47	0.4210191301003345
3826.14	-0.3800350698996656
3827.81	0.4514630601003343
3829.47	-0.3214000698996656
3831.14	0.5256970301003344
3832.81	-0.25630076989966555
3834.48	0.5516762301003345
3836.15	-0.30250206989966555
3837.81	0.44322683010033437
3839.48	-0.46587506989966554
3841.15	0.26603293010033446
3842.82	-0.5787680698996658
3844.49	0.22118523010033453
3846.15	-0.5234063698996658
3847.82	0.3161695301003344
3849.49	-0.44610886989966564
3851.16	0.39266653010033437
3852.83	-0.3989025698996655
3854.49	0.4325603301003345
3856.16	-0.3680580698996656
3857.83	0.43424493010033444
3859.5	-0.3789520698996657
3861.16	0.39227243010033436
3862.83	-0.44841706989966557
3864.5	0.37336092010033445
3866.17	-0.42424926989966566
3867.84	0.4456063701003344
3869.5	-0.3472348698996657
3871.17	0.48521996010033436
3872.84	-0.30269506989966566
3874.51	0.5384771641003343
3876.18	-0.25425826989966566
3877.84	0.6055938501003343
3879.51	-0.21181476989966566
3881.18	0.6017528301003344
3882.85	-0.2594932698996656
3884.52	0.5220185301003343
3886.18	-0.30594396989966566
3887.85	0.49410463010033434
3889.52	-0.34499446989966565
3891.19	0.47597073010033447
3892.85	-0.3498707698996656
3894.52	0.48725000010033437
3896.19	-0.3357340698996657
3897.86	0.4590916301003344
3899.53	-0.40292126989966565
3901.19	0.37114513010033434
3902.86	-0.4987660698996656
3904.53	0.32917233010033436
3906.2	-0.4656820698996655
3907.87	0.3833914301003344
3909.53	-0.40280156989966553
3911.2	0.41748393010033436
3912.87	-0.4044216698996655
3914.54	0.40483963010033436
3916.21	-0.43476926989966574
3917.87	0.37056343010033443
3919.54	-0.46663746989966565
3921.21	0.36448133010033434
3922.88	-0.41964296989966565
3924.54	0.42078613010033444
3926.21	-0.3953270698996657
3927.88	0.3716845301003343
3929.55	-0.47976116989966566
3931.22	0.28605913010033446
3932.88	-0.5647673698996656
3934.55	0.27055943010033434
3936.22	-0.5167252698996656
3937.89	0.3283737301003344
3939.56	-0.47761576989966564
3941.22	0.3241287301003344
3942.89	-0.47117016989966565
3944.56	0.3343707301003345
3946.23	-0.48514806989966547
3947.9	0.35210873010033444
3949.56	-0.4348131698996657
3951.23	0.44226933010033437
3952.9	-0.2983806698996656
3954.57	0.5757431301003344
3956.23	-0.21962386989966554
3957.9	0.5845106301003345
3959.57	-0.2753621698996655
3961.24	0.5391658401003344
3962.91	-0.29725506989966555
3964.57	0.5068321301003345
3966.24	-0.3483930698996657
3967.91	0.41918413010033434
3969.58	-0.45148406989966555
3971.25	0.3714341301003345
3972.91	-0.4121580698996656
3974.58	0.47780393010033445
3976.25	-0.3040449698996657
3977.92	0.5262235301003344
3979.58	-0.3280500698996657
3981.25	0.4542210301003343
3982.92	-0.3981720698996656
3984.59	0.4174959301003344
3986.26	-0.38578706989966555
3987.92	0.4670400301003344
3989.59	-0.2991630698996655
3991.26	0.5747651301003345
3992.93	-0.21764956989966552
3994.6	0.6034144301003345
3996.26	-0.2579344698996655
3997.93	0.5094573301003343
3999.6	-0.36777276989966556
4001.27	0.4220908301003344
4002.94	-0.3946840698996656
4004.6	0.43513993010033436
4006.27	-0.34999756989966546
4007.94	0.5004911301003344
4009.61	-0.3189508698996657
4011.27	0.4612554301003343
4012.94	-0.4347486698996657
4014.61	0.32302653010033444
4016.28	-0.5231440698996656
4017.95	0.2834731301003344
4019.61	-0.49900006989966555
4021.28	0.3646824301003344
4022.95	-0.4518643698996656
4024.62	0.3537179301003345
4026.29	-0.48151226989966567
4027.95	0.3446453301003344
4029.62	-0.4424441698996656
4031.29	0.39728413010033437
4032.96	-0.43478596989966556
4034.63	0.37173983010033435
4036.29	-0.46885086989966557
4037.96	0.3696519301003343
4039.63	-0.4328798698996657
4041.3	0.4161646301003342
4042.96	-0.3876819698996655
4044.63	0.43392353010033435
4046.3	-0.4050511698996656
4047.97	0.4118899301003343
4049.64	-0.4175218698996656
4051.3	0.4255406301003344
4052.97	-0.40470496989966565
4054.64	0.42319123010033444
4056.31	-0.3827138698996655
4057.98	0.4417713301003344
4059.64	-0.3940981698996657
4061.31	0.4149324301003343
4062.98	-0.43621806989966566
4064.65	0.35511853010033434
4066.32	-0.4702590698996656
4067.98	0.36052623010033436
4069.65	-0.4217001698996657
4071.32	0.43221623010033444
4072.99	-0.34882116989966555
4074.65	0.4969264301003344
4076.32	-0.3148411698996656
4077.99	0.48444923010033436
4079.66	-0.3722180698996656
4081.33	0.41152603010033434
4082.99	-0.44322406989966573
4084.66	0.30393763010033437
4086.33	-0.5478246698996656
4088.0	0.2484864301003344
4089.67	-0.5735336698996656
4091.33	0.3092908301003344
4093.0	-0.43936896989966556
4094.67	0.46313263010033445
4096.34	-0.2850037698996657
4098.01	0.5362975301003344
4099.67	-0.29595926989966553
4101.34	0.5142682301003344
4103.01	-0.3316538698996655
4104.68	0.5184617301003345
4106.34	-0.2843566698996657
4108.01	0.5582928301003344
4109.68	-0.2713871698996656
4111.35	0.5139065301003344
4113.02	-0.3234139698996656
4114.68	0.46974223010033433
4116.35	-0.3850682698996656
4118.02	0.4505571301003344
4119.69	-0.37132606989966555
4121.36	0.4912584301003344
4123.02	-0.2669597698996656
4124.69	0.5921282301003343
4126.36	-0.16285926989966554
4128.03	0.6546188301003344
4129.69	-0.21917926989966557
4131.36	0.5340921301003343
4133.03	-0.38945866989966554
4134.7	0.3605907301003344
4136.37	-0.5014966698996657
4138.03	0.32525653010033434
4139.7	-0.4447114698996656
4141.37	0.47517273010033445
4143.04	-0.23859026989966567
4144.71	0.6489427301003343
4146.37	-0.15782166989966556
4148.04	0.6523528301003344
4149.71	-0.19859756989966557
4151.38	0.5658730301003343
4153.05	-0.30693906989966563
4154.71	0.4414296301003344
4156.38	-0.4106860698996656
4158.05	0.35174813010033434
4159.72	-0.5046487698996656
4161.38	0.3312209301003343
4163.05	-0.4496213698996656
4164.72	0.3960088301003345
4166.39	-0.40586906989966554
4168.06	0.37167983010033445
4169.72	-0.47337606989966563
4171.39	0.32190013010033436
4173.06	-0.5519140698996656
4174.73	0.2688354301003344
4176.4	-0.5305956698996656
4178.06	0.3312226301003343
4179.73	-0.4148020698996655
4181.4	0.45113873010033434
4183.07	-0.3293651698996657
4184.74	0.5480149301003343
4186.4	-0.27946716989966564
4188.07	0.5307350301003344
4189.74	-0.28847756989966555
4191.41	0.5360127301003345
4193.07	-0.28018156989966564
4194.74	0.5595816301003343
4196.41	-0.27826256989966563
4198.08	0.5584848301003345
4199.75	-0.2679876698996657
4201.41	0.5276259301003343
4203.08	-0.3285952698996656
4204.75	0.48575033010033436
4206.42	-0.34615276989966565
4208.09	0.49962993010033446
4209.75	-0.27899896989966555
4211.42	0.5940080301003345
4213.09	-0.18680456989966557
4214.76	0.6142136301003344
4216.43	-0.23316486989966564
4218.09	0.5874235301003344
4219.76	-0.23491426989966557
4221.43	0.5834073301003342
4223.1	-0.22902286989966553
4224.76	0.5316358301003343
4226.43	-0.3457043698996657
4228.1	0.42012403010033444
4229.77	-0.3975341698996656
4231.44	0.47032673010033443
4233.1	-0.2645274698996656
4234.77	0.5696851701003344
4236.44	-0.2242030698996656
4238.11	0.5502914301003343
4239.78	-0.3202379698996655
4241.44	0.4478522601003344
4243.11	-0.37115606989966554
4244.78	0.4180539301003344
4246.45	-0.36252706989966554
4248.12	0.4488465301003345
4249.78	-0.34858356989966555
4251.45	0.4624843301003345
4253.12	-0.38953196989966565
4254.79	0.33902403010033433
4256.45	-0.5426187698996656
4258.12	0.23880183010033434
4259.79	-0.5482467698996656
4261.46	0.30469563010033446
4263.13	-0.4324045698996656
4264.79	0.4322368301003344
4266.46	-0.36277296989966573
4268.13	0.39981423010033446
4269.8	-0.46584206989966576
4271.47	0.3123855301003344
4273.13	-0.4803080698996657
4274.8	0.3462860301003344
4276.47	-0.3955050698996656
4278.14	0.48318643010033446
4279.81	-0.2789280698996655
4281.47	0.5390760301003343
4283.14	-0.29466036989966565
4284.81	0.4576283301003343
4286.48	-0.38110556989966565
4288.14	0.3923821301003344
4289.81	-0.4157200698996656
4291.48	0.4299942301003344
4293.15	-0.3525250698996657
4294.82	0.49633663010033435
4296.48	-0.3125170698996655
4298.15	0.4854053301003344
4299.82	-0.3409656698996654
4301.49	0.5011757301003344
4303.16	-0.2821179698996656
4304.82	0.5779254301003345
4306.49	-0.22822626989966563
4308.16	0.5564816301003342
4309.83	-0.33091606989966554
4311.49	0.4056572301003344
4313.16	-0.48999106989966573
4314.83	0.32008413010033426
4316.5	-0.47171526989966567
4318.17	0.4024942301003344
4319.83	-0.3555666698996657
4321.5	0.49052983010033435
4323.17	-0.31891636989966554
4324.84	0.5057736301003344
4326.51	-0.30012506989966564
4328.17	0.5097843001003344
4329.84	-0.30705926989966575
4331.51	0.4804881301003344
4333.18	-0.36714906989966567
4334.85	0.41358113010033437
4336.51	-0.4171530698996655
4338.18	0.3708149301003344
4339.85	-0.44066796989966556
4341.52	0.3393641301003344
4343.18	-0.5038240698996657
4344.85	0.2947623301003343
4346.52	-0.4984004698996657
4348.19	0.3646564301003344
4349.86	-0.42409406989966564
4351.52	0.3892999301003345
4353.19	-0.4269830698996656
4354.86	0.33671573010033445
4356.53	-0.5383424698996655
4358.2	0.24075033010033436
4359.86	-0.5683626698996658
4361.53	0.3189681301003343
4363.2	-0.4029604698996656
4364.87	0.5186678301003343
4366.54	-0.17642381989966557
4368.2	0.7130738301003345
4369.87	-0.07634036989966568
4371.54	0.7174157901003345
4373.21	-0.12503356989966563
4374.87	0.6304449301003345
4376.54	-0.25208066989966554
4378.21	0.5209532001003343
4379.88	-0.31901546989966556
4381.55	0.5193844301003343
4383.21	-0.25971516989966564
4384.88	0.5965135301003345
4386.55	-0.20855506989966566
4388.22	0.5620284301003344
4389.89	-0.36234776989966566
4391.55	0.3564226301003345
4393.22	-0.5428567698996656
4394.89	0.24757883010033438
4396.56	-0.5355697698996655
4398.23	0.38031813010033444
4399.89	-0.36906776989966555
4401.56	0.5078476301003344
4403.23	-0.27779726989966563
4404.9	0.5453094301003345
4406.56	-0.3011126698996656
4408.23	0.4913075301003344
4409.9	-0.35039326989966557
4411.57	0.4894274301003344
4413.24	-0.31574996989966564
4414.9	0.5011114301003342
4416.57	-0.31229806989966563
4418.24	0.5161712301003345
4419.91	-0.3112500698996656
4421.58	0.5439023301003345
4423.24	-0.23750906989966553
4424.91	0.6070783301003343
4426.58	-0.18394906989966564
4428.25	0.6076690301003345
4429.92	-0.24725976989966555
4431.58	0.5356562301003344
4433.25	-0.32006806989966574
4434.92	0.4723647301003345
4436.59	-0.3816989698996657
4438.25	0.3929900301003343
4439.92	-0.4330755698996655
4441.59	0.3768561301003344
4443.26	-0.4206301698996656
4444.93	0.4426517301003344
4446.59	-0.3138882698996656
4448.26	0.5678584301003344
4449.93	-0.22450326989966563
4451.6	0.5405826301003345
4453.27	-0.3351580698996656
4454.93	0.4380907301003344
4456.6	-0.3741709698996657
4458.27	0.4551215301003344
4459.94	-0.2980962698996657
4461.61	0.5573720301003344
4463.27	-0.2509047698996657
4464.94	0.5382456301003343
4466.61	-0.29063436989966557
4468.28	0.5572068301003343
4469.94	-0.23914776989966557
4471.61	0.5968418301003343
4473.28	-0.2374146698996656
4474.95	0.5778456301003343
4476.62	-0.2810858698996656
4478.28	0.49557543010033445
4479.95	-0.3674176698996656
4481.62	0.4447731301003343
4483.29	-0.3954586698996656
4484.96	0.4539396301003345
4486.62	-0.3798030698996656
4488.29	0.4400502301003343
4489.96	-0.40204506989966554
4491.63	0.3983189301003343
4493.29	-0.43652406989966563
4494.96	0.37020433010033427
4496.63	-0.4391190698996656
4498.3	0.4270358301003344
4499.97	-0.3905480698996656
4501.63	0.42634363010033427
4503.3	-0.4135320698996656
4504.97	0.3878668301003343
4506.64	-0.42978506989966564
4508.31	0.3961322301003344
4509.97	-0.41637526989966567
4511.64	0.45213253010033433
4513.31	-0.36407896989966554
4514.98	0.4377977301003345
4516.65	-0.36790246989966563
4518.31	0.4891400301003343
4519.98	-0.25427296989966575
4521.65	0.6277293301003344
4523.32	-0.1509553698996656
4524.98	0.6646514301003343
4526.65	-0.20131876989966563
4528.32	0.48750983010033444
4529.99	-0.43384986989966556
4531.66	0.3067907301003344
4533.32	-0.5592180698996657
4534.99	0.2745833301003343
4536.66	-0.5160180698996658
4538.33	0.32132733010033443
4540.0	-0.4622254698996656
4541.66	0.32150593010033435
4543.33	-0.5312520698996657
4545.0	0.26392773010033443
4546.67	-0.5954425698996655
4548.34	0.21163133010033447
4550.0	-0.5984677698996654
4551.67	0.24467503010033437
4553.34	-0.5020987698996656
4555.01	0.3880828301003344
4556.67	-0.38315456989966556
4558.34	0.4726066301003343
4560.01	-0.32523456989966554
4561.68	0.4826449301003343
4563.35	-0.3695823698996656
4565.01	0.41849193010033436
4566.68	-0.4712596698996655
4568.35	0.33549373010033434
4570.02	-0.46548676989966553
4571.69	0.43310463010033445
4573.35	-0.27528316989966556
4575.02	0.6444221401003345
4576.69	-0.13566506989966562
4578.36	0.6590900301003344
4580.03	-0.2609252698996655
4581.69	0.47525433010033435
4583.36	-0.42462266989966563
4585.03	0.3566136301003344
4586.7	-0.4564538698996657
4588.36	0.39502233010033444
4590.03	-0.3793235698996657
4591.7	0.4094208301003345
4593.37	-0.4445779698996657
4595.04	0.2928990301003343
4596.7	-0.5734944698996657
4598.37	0.19532303010033436
4600.04	-0.6141124698996656
4601.71	0.2240418301003344
4603.38	-0.5388420698996654
4605.04	0.29711313010033435
4606.71	-0.4973280698996656
4608.38	0.3674878301003345
4610.05	-0.37378906989966554
4611.72	0.4615056301003343
4613.38	-0.3297837698996655
4615.05	0.4907945301003343
4616.72	-0.33265516989966554
4618.39	0.4858505301003344
4620.05	-0.4016311698996657
4621.72	0.3817784301003344
4623.39	-0.48235976989966584
4625.06	0.28532043010033437
4626.73	-0.5706078698996656
4628.39	0.2544837301003343
4630.06	-0.5657379698996656
4631.73	0.24994563010033444
4633.4	-0.5266734698996656
4635.07	0.3289740301003344
4636.73	-0.49523086989966564
4638.4	0.2804568301003344
4640.07	-0.5796668698996658
4641.74	0.1852428301003344
4643.41	-0.5996498698996657
4645.07	0.2747610301003344
4646.74	-0.40192306989966575
4648.41	0.5425734301003343
4650.08	-0.19400896989966562
4651.74	0.6169352301003342
4653.41	-0.18801594989966555
4655.08	0.5822390301003344
4656.75	-0.2796490298996656
4658.42	0.46263260010033436
4660.08	-0.4157029698996656
4661.75	0.35144463010033444
4663.42	-0.4942773698996656
4665.09	0.2800681301003344
4666.76	-0.5498910698996656
4668.42	0.2413382771003343
4670.09	-0.6054690698996656
4671.76	0.22524733010033443
4673.43	-0.5835663698996656
4675.09	0.27039413010033436
4676.76	-0.5278869698996658
4678.43	0.2639373301003344
4680.1	-0.5519354698996657
4681.77	0.25040563010033434
4683.43	-0.5535072698996657
4685.1	0.34311873010033433
4686.77	-0.3958042698996656
4688.44	0.5079681301003344
4690.11	-0.24528716989966565
4691.77	0.5249061301003344
4693.44	-0.3227612698996656
4695.11	0.3943080301003344
4696.78	-0.4389635698996656
4698.45	0.3649902301003344
4700.11	-0.4494268698996656
4701.78	0.37564363010033447
4703.45	-0.44028226989966557
4705.12	0.3392059301003344
4706.78	-0.4851033698996656
4708.45	0.39100073010033426
4710.12	-0.3139508698996656
4711.79	0.6130145101003345
4713.46	-0.17164346989966558
4715.12	0.6213597301003345
4716.79	-0.23890076989966555
4718.46	0.5102313301003345
4720.13	-0.3933313698996656
4721.8	0.39579673010033445
4723.46	-0.42696676989966564
4725.13	0.40469413010033445
4726.8	-0.40737196989966556
4728.47	0.40573183010033453
4730.14	-0.4193565698996656
4731.8	0.3597733301003344
4733.47	-0.5176422698996657
4735.14	0.2780505301003344
4736.81	-0.5208380698996656
4738.47	0.3248059301003344
4740.14	-0.4716320698996658
4741.81	0.36558013010033436
4743.48	-0.5142010698996657
4745.15	0.26698063010033435
4746.81	-0.5757337698996656
4748.48	0.2538169301003344
4750.15	-0.4770777698996656
4751.82	0.3702793301003344
4753.49	-0.4219080698996656
4755.15	0.41026933010033445
4756.82	-0.4430460698996656
4758.49	0.36070593010033436
4760.16	-0.3994770698996655
4761.83	0.42260103010033445
4763.49	-0.36149376989966553
4765.16	0.47403443010033425
4766.83	-0.3426099698996656
4768.5	0.4853852301003343
4770.16	-0.2695896698996656
4771.83	0.5936572301003344
4773.5	-0.12634636989966563
4775.17	0.7198228301003344
4776.84	-0.1108650698996656
4778.5	0.6996091301003344
4780.17	-0.15672106989966567
4781.84	0.5941376301003343
4783.51	-0.2790986698996656
4785.18	0.46688673010033427
4786.84	-0.3982869698996657
4788.51	0.3574283301003345
4790.18	-0.5138341698996655
4791.85	0.25159963010033437
4793.52	-0.5888512698996656
4795.18	0.23998653010033447
4796.85	-0.5568976698996655
4798.52	0.2543219301003344
4800.19	-0.5495854698996656
4801.85	0.25248103010033446
4803.52	-0.5904700698996657
4805.19	0.20073873010033444
4806.86	-0.5753170698996656
4808.53	0.34476963010033446
4810.19	-0.33192106989966563
4811.86	0.5606244701003343
4813.53	-0.14659306989966564
4815.2	0.7405927301003346
4816.87	0.0023612301003343773
4818.53	0.8684441301003345
4820.2	0.08346703010033436
4821.87	0.9257599301003344
4823.54	0.11278393010033445
4825.21	0.8631665201003343
4826.87	0.022704030100334484
4828.54	0.7471255301003344
4830.21	-0.11537026989966559
4831.88	0.5849991301003343
4833.54	-0.3043595698996655
4835.21	0.4407121301003344
4836.88	-0.38120646989966567
4838.55	0.3926284301003343
4840.22	-0.46474106989966557
4841.88	0.2690473301003344
4843.55	-0.5579900698996656
4845.22	0.24220288010033436
4846.89	-0.5225638698996655
4848.56	0.3666691301003344
4850.22	-0.4085987698996657
4851.89	0.4037726301003345
4853.56	-0.49490376989966567
4855.23	0.21642703010033443
4856.89	-0.6745150698996657
4858.56	0.12586293010033447
4860.23	-0.7120711698996655
4861.9	0.15097713010033437
4863.57	-0.6266791698996655
4865.23	0.25347203010033437
4866.9	-0.5032604698996656
4868.57	0.3058913301003345
4870.24	-0.5353220698996656
4871.91	0.21549683010033438
4873.57	-0.6513420698996656
4875.24	0.19090838010033434
4876.91	-0.5423550698996656
4878.58	0.37879493010033444
4880.25	-0.31435546989966556
4881.91	0.4890486301003344
4883.58	-0.3399109698996656
4885.25	0.4161126301003345
4886.92	-0.4262376698996656
4888.58	0.42493173010033436
4890.25	-0.3137377698996656
4891.92	0.5562613301003344
4893.59	-0.16079846989966556
4895.26	0.6601727301003344
4896.92	-0.11976786989966559
4898.59	0.7143235301003343
4900.26	-0.09263646989966552
4901.93	0.6668658301003345
4903.6	-0.21212486989966567
4905.26	0.5030416301003343
4906.93	-0.3827623698996655
4908.6	0.35701663010033446
4910.27	-0.4570150698996656
4911.94	0.3979055301003344
4913.6	-0.3542273698996657
4915.27	0.49681861010033446
4916.94	-0.2785922698996657
4918.61	0.5363060301003344
4920.27	-0.23974186989966562
4921.94	0.5576052301003344
4923.61	-0.2776587698996655
4925.28	0.5212143301003344
4926.95	-0.33024106989966545
4928.61	0.4197406301003344
4930.28	-0.4198585698996656
4931.95	0.3619911301003345
4933.62	-0.42931936989966557
4935.29	0.39791706010033434
4936.95	-0.4075805698996656
4938.62	0.39785203010033443
4940.29	-0.4094510698996657
4941.96	0.39938898010033447
4943.63	-0.4338740698996656
4945.29	0.4006646301003343
4946.96	-0.4253030698996657
4948.63	0.3646598301003343
4950.3	-0.46779106989966557
4951.96	0.3022396301003344
4953.63	-0.5225680698996655
4955.3	0.3367934301003343
4956.97	-0.4080060698996656
4958.64	0.5221356001003344
4960.3	-0.2100105698996657
4961.97	0.6134872901003344
4963.64	-0.25646956989966563
4965.31	0.46067413010033453
4966.98	-0.4405105698996656
4968.64	0.3742316301003344
4970.31	-0.36849106989966574
4971.98	0.4860097301003344
4973.65	-0.3061635698996656
4975.32	0.4567069301003344
4976.98	-0.4753780698996656
4978.65	0.2574561301003343
4980.32	-0.6209300698996656
4981.99	0.17180823010033439
4983.65	-0.5582720698996656
4985.32	0.3483868301003345
4986.99	-0.34262106989966556
4988.66	0.5157533301003344
4990.33	-0.32863726989966563
4991.99	0.42269433010033436
4993.66	-0.4552281698996656
4995.33	0.3422972301003344
4997.0	-0.4030825698996655
4998.67	0.5197000301003343
5000.33	-0.15264796989966561
5002.0	0.7045393301003344
5003.67	-0.08511566989966568
5005.34	0.7193333301003344
5007.0	-0.12690146989966553
5008.67	0.6261741301003344
5010.34	-0.28686576989966556
5012.01	0.43677823010033434
5013.68	-0.4472606698996656
5015.34	0.27937843010033436
5017.01	-0.5401132698996655
5018.68	0.25347993010033437
5020.35	-0.5675440698996655
5022.02	0.25435073010033427
5023.68	-0.5767560698996657
5025.35	0.24827623010033434
5027.02	-0.5392637698996656
5028.69	0.2808421301003343
5030.36	-0.4780266698996658
5032.02	0.3487693301003344
5033.69	-0.4805713698996656
5035.36	0.3571234301003344
5037.03	-0.4350752698996656
5038.69	0.4173027301003344
5040.36	-0.3527105698996656
5042.03	0.5226502301003343
5043.7	-0.21395256989966555
5045.37	0.6212481301003343
5047.03	-0.23471576989966553
5048.7	0.5278023301003344
5050.37	-0.3515331698996656
5052.04	0.4198238901003344
5053.71	-0.3726309698996656
5055.37	0.47645562010033443
5057.04	-0.2746025698996656
5058.71	0.5285799101003343
5060.38	-0.34859166989966556
5062.05	0.39423923010033435
5063.71	-0.49118686989966553
5065.38	0.23617233010033437
5067.05	-0.5773859698996656
5068.72	0.2727859301003343
5070.38	-0.48095746989966576
5072.05	0.38267073010033437
5073.72	-0.3444626698996657
5075.39	0.5392014301003345
5077.06	-0.23826926989966563
5078.72	0.5356597301003344
5080.39	-0.31203446989966566
5082.06	0.5274200301003343
5083.73	-0.28247046989966557
5085.4	0.5326231301003344
5087.06	-0.2468737698996657
5088.73	0.5765881301003344
5090.4	-0.2573716698996657
5092.07	0.4891782301003344
5093.74	-0.3976647698996655
5095.4	0.3891857301003343
5097.07	-0.43769286989966555
5098.74	0.3646973301003345
5100.41	-0.4010940698996657
5102.07	0.4780826301003344
5103.74	-0.1998060698996656
5105.41	0.7240961301003344
5107.08	0.0049961301003344834
5108.75	0.8334548301003343
5110.41	0.05085923010033448
5112.08	0.8018768701003344
5113.75	-0.05979726989966574
5115.42	0.6649971301003343
5117.09	-0.23526546989966562
5118.75	0.4879225301003344
5120.42	-0.3630981698996657
5122.09	0.5018411301003343
5123.76	-0.21438046989966564
5125.43	0.7329850301003344
5127.09	-0.04509826989966557
5128.76	0.7325120301003344
5130.43	-0.22060466989966562
5132.1	0.4408265301003344
5133.76	-0.4978292698996656
5135.43	0.2927400301003344
5137.1	-0.5980999698996656
5138.77	0.28386023010033445
5140.44	-0.5368364698996655
5142.1	0.2641278301003345
5143.77	-0.5833323698996655
5145.44	0.25015753010033437
5147.11	-0.5218483698996655
5148.78	0.37241933010033446
5150.44	-0.4137115698996657
5152.11	0.49041563010033434
5153.78	-0.28986136989966554
5155.45	0.5612880301003343
5157.12	-0.1958773698996656
5158.78	0.7359561201003345
5160.45	-0.06587306989966564
5162.12	0.6760288301003344
5163.79	-0.31001796989966546
5165.45	0.39731903010033437
5167.12	-0.5278047698996656
5168.79	0.2473286301003344
5170.46	-0.5107430698996656
5172.13	0.3784631301003344
5173.79	-0.42040166989966543
5175.46	0.3883506301003343
5177.13	-0.4825747698996656
5178.8	0.3170242301003343
5180.47	-0.5026120698996657
5182.13	0.3751017001003344
5183.8	-0.28116206989966563
5185.47	0.6817962301003344
5187.14	-0.01222696989966573
5188.8	0.8520061701003343
5190.47	-0.01415116989966565
5192.14	0.7301288301003342
5193.81	-0.14042106989966563
5195.48	0.7178061301003343
5197.14	0.016871430100334362
5198.81	0.8882833301003344
5200.48	0.0992369301003343
5202.15	0.8334410401003345
5203.82	-0.2062703698996656
5205.48	0.3498049301003344
5207.15	-0.6844430698996656
5208.82	0.03277893010033447
5210.49	-0.7386670698996656
5212.16	0.16216143010033437
5213.82	-0.5409214698996656
5215.49	0.3349822301003344
5217.16	-0.5069910698996656
5218.83	0.2773378301003344
5220.49	-0.5587902698996656
5222.16	0.27837703010033427
5223.83	-0.5098513698996656
5225.5	0.3605973301003344
5227.17	-0.4258160698996657
5228.83	0.4180599301003344
5230.5	-0.3726762698996655
5232.17	0.5177835301003344
5233.84	-0.26997296989966546
5235.51	0.5618412301003343
5237.17	-0.22101976989966565
5238.84	0.6324590301003344
5240.51	-0.1893485698996656
5242.18	0.5824596301003344
5243.85	-0.2825964698996655
5245.51	0.47197553010033444
5247.18	-0.39707406989966565
5248.85	0.4125541301003345
5250.52	-0.3328550698996656
5252.18	0.5809726301003344
5253.85	-0.19015096989966576
5255.52	0.6250197301003344
5257.19	-0.19979646989966557
5258.86	0.5002107301003343
5260.52	-0.4538013698996656
5262.19	0.22570150010033432
5263.86	-0.7452411698996657
5265.53	-0.05978196989966563
5267.2	-0.9451440798996658
5268.86	-0.05946824989966557
5270.53	-0.6718834698996655
5272.2	0.3624463301003343
5273.87	-0.24093906989966554
5275.54	0.7311243301003343
5277.2	-0.10079636989966553
5278.87	0.6648259201003345
5280.54	-0.24405666989966557
5282.21	0.4967116301003343
5283.87	-0.3113969698996657
5285.54	0.4921367301003345
5287.21	-0.28861836989966555
5288.88	0.5979497301003345
5290.55	-0.19589916989966555
5292.21	0.6234784901003344
5293.88	-0.2089867698996657
5295.55	0.4746914301003343
5297.22	-0.3764540698996656
5298.89	0.3487029301003344
5300.55	-0.4775480698996656
5302.22	0.3406225301003344
5303.89	-0.47937006989966563
5305.56	0.2995536301003344
5307.23	-0.5281993698996656
5308.89	0.2242889301003344
5310.56	-0.5335278698996657
5312.23	0.25672163010033433
5313.9	-0.5502406698996656
5315.56	0.2628478301003344
5317.23	-0.5139261698996657
5318.9	0.38790893010033434
5320.57	-0.3490520698996657
5322.24	0.48580059010033433
5323.9	-0.3041670698996655
5325.57	0.4342581301003344
5327.24	-0.44303006989966554
5328.91	0.2974859301003344
5330.58	-0.5262560698996656
5332.24	0.31893603010033433
5333.91	-0.46495026989966554
5335.58	0.3929653101003344
5337.25	-0.2761474698996655
5338.92	0.6260993901003344
5340.58	-0.08802286989966561
5342.25	0.6941672301003343
5343.92	-0.14271176989966558
5345.59	0.6694545301003343
5347.25	-0.21136526989966561
5348.92	0.5190654301003345
5350.59	-0.3755546698996657
5352.26	0.33290253010033444
5353.93	-0.4787507698996656
5355.59	0.30197163010033445
5357.26	-0.5212454398996655
5358.93	0.31825923010033436
5360.6	-0.5917998698996656
5362.27	0.19374163010033443
5363.93	-0.6543517698996656
5365.6	0.2158645301003344
5367.27	-0.47837606989966563
5368.94	0.3732269301003344
5370.6	-0.47818006989966555
5372.27	0.33173543010033435
5373.94	-0.5115180698996656
5375.61	0.3161785301003344
5377.28	-0.5584600698996656
5378.94	0.1748429301003343
5380.61	-0.7236687698996656
5382.28	0.06930463010033433
5383.95	-0.6835370698996657
5385.62	0.28846433010033434
5387.28	-0.34850906989966557
5388.95	0.6219965301003343
5390.62	-0.1407384698996657
5392.29	0.6773788301003343
5393.96	-0.1754976798996656
5395.62	0.6124829301003344
5397.29	-0.25031586989966564
5398.96	0.4722142301003345
5400.63	-0.4939430698996657
5402.29	0.18933623010033437
5403.96	-0.6873090698996656
5405.63	0.1325058301003344
5407.3	-0.6924030698996655
5408.97	0.16091023010033442
5410.63	-0.6948230698996656
5412.3	0.11381753010033442
5413.97	-0.6961761698996655
5415.64	0.19004593010033427
5417.31	-0.49826926989966563
5418.97	0.5051275301003344
5420.64	-0.19804505969966552
5422.31	0.7072848201003346
5423.98	-0.16676046989966561
5425.65	0.5959968301003344
5427.31	-0.3147878698996655
5428.98	0.43346732010033434
5430.65	-0.38860691989966556
5432.32	0.5004714101003345
5433.98	-0.21932846989966567
5435.65	0.6551573301003344
5437.32	-0.2413793698996655
5438.99	0.5227950301003343
5440.66	-0.34294976989966564
5442.32	0.41538943010033436
5443.99	-0.3902783698996656
5445.66	0.44221273010033446
5447.33	-0.37159646989966566
5449.0	0.5103172301003344
5450.66	-0.2509363198996657
5452.33	0.6447741401003345
5454.0	-0.07177486989966556
5455.67	0.7765572401003343
5457.34	-0.07272066989966564
5459.0	0.6603096701003345
5460.67	-0.26974806989966577
5462.34	0.5015196301003344
5464.01	-0.26234506989966555
5465.67	0.5490880301003344
5467.34	-0.23824486989966567
5469.01	0.5943848301003343
5470.68	-0.2667096698996655
5472.35	0.5161178301003344
5474.01	-0.3257987698996657
5475.68	0.4712193301003344
5477.35	-0.3510138698996656
5479.02	0.4118319701003344
5480.69	-0.42215086989966555
5482.35	0.3192647301003343
5484.02	-0.5992750698996655
5485.69	0.14926793010033435
5487.36	-0.7003180698996655
5489.03	0.13597803010033446
5490.69	-0.6423920698996657
5492.36	0.2775394801003344
5494.03	-0.3924082698996656
5495.7	0.45161049010033444
5497.36	-0.3682675698996657
5499.03	0.39489055010033436
5500.7	-0.43283386989966566
5502.37	0.4400495001003343
5504.04	-0.34317256989966566
5505.7	0.5541399001003345
5507.37	-0.22048866989966562
5509.04	0.5488712301003343
5510.71	-0.2699220698996657
5512.38	0.5450991301003344
5514.04	-0.23348956989966566
5515.71	0.6364337301003344
5517.38	-0.24769186989966566
5519.05	0.4398841301003344
5520.72	-0.49710206989966566
5522.38	0.24497753010033435
5524.05	-0.5315850698996656
5525.72	0.33391323010033436
5527.39	-0.4645510698996656
5529.05	0.3367108801003344
5530.72	-0.5477375698996657
5532.39	0.23414589010033432
5534.06	-0.5832944698996656
5535.73	0.26061723010033444
5537.39	-0.5651851698996656
5539.06	0.26035873010033433
5540.73	-0.5941883698996655
5542.4	0.2576343301003344
5544.07	-0.5247840698996656
5545.73	0.33496143010033436
5547.4	-0.4759530698996657
5549.07	0.2922904301003343
5550.74	-0.6279510698996656
5552.4	0.20006153010033448
5554.07	-0.5893950698996657
5555.74	0.3112741301003344
5557.41	-0.41645906989966563
5559.08	0.41204403010033436
5560.74	-0.42974306989966565
5562.41	0.3118671301003345
5564.08	-0.5800790698996656
5565.75	0.2669352301003344
5567.42	-0.4422518698996657
5569.08	0.5107308301003345
5570.75	-0.1978928698996656
5572.42	0.6637980301003343
5574.09	-0.1733174698996657
5575.76	0.5243135301003343
5577.42	-0.4174878698996657
5579.09	0.2570632301003344
5580.76	-0.6077098698996656
5582.43	0.15828403010033437
5584.09	-0.6425669698996653
5585.76	0.1795913301003345
5587.43	-0.5109567698996657
5589.1	0.3491441301003344
5590.77	-0.3792712698996656
5592.43	0.4393075301003343
5594.1	-0.3416359698996657
5595.77	0.3948174301003344
5597.44	-0.3990322698996656
5599.11	0.37430373010033435
5600.77	-0.3617050698996656
5602.44	0.40756243010033444
5604.11	-0.4145372698996656
5605.78	0.34319183010033444
5607.45	-0.4639180698996658
5609.11	0.41512609010033436
5610.78	-0.2766791698996655
5612.45	0.6056114301003344
5614.12	-0.13534936989966556
5615.78	0.6397190301003344
5617.45	-0.21033066989966548
5619.12	0.5035066301003345
5620.79	-0.4172905698996656
5622.46	0.3216205201003344
5624.12	-0.6171665698996657
5625.79	0.12497293010033442
5627.46	-0.6539150698996655
5629.13	0.24021093010033434
5630.8	-0.44825706989966563
5632.46	0.4705363301003344
5634.13	-0.23608836989966564
5635.8	0.6948871901003345
5637.47	-0.06891286989966572
5639.14	0.7514030401003343
5640.8	-0.09965306989966558
5642.47	0.5929877301003345
5644.14	-0.39116406989966546
5645.81	0.27034833010033443
5647.47	-0.6154010698996656
5649.14	0.15927613010033437
5650.81	-0.6439944698996658
5652.48	0.17220603010033433
5654.15	-0.6231801698996654
5655.81	0.21338813010033442
5657.48	-0.5742220698996656
5659.15	0.27816193010033435
5660.82	-0.4562060698996656
5662.49	0.44006613010033446
5664.15	-0.26233726989966566
5665.82	0.5741250301003343
5667.49	-0.2653380698996658
5669.16	0.49646945010033433
5670.83	-0.3429083698996657
5672.49	0.46060303010033443
5674.16	-0.33461986989966563
5675.83	0.5374651301003345
5677.5	-0.2671012698996656
5679.16	0.4576389301003344
5680.83	-0.4249326698996656
5682.5	0.3322467301003344
5684.17	-0.4514653698996657
5685.84	0.4001489801003345
5687.5	-0.39499636989966547
5689.17	0.4167623301003343
5690.84	-0.3615804698996656
5692.51	0.4341576301003345
5694.18	-0.3596609698996657
5695.84	0.4322737301003343
5697.51	-0.4931229698996657
5699.18	0.19008883010033442
5700.85	-0.7013739698996655
5702.52	0.03524073010033437
5704.18	-0.7382700398996656
5705.85	0.1974196901003344
5707.52	-0.49892126989966556
5709.19	0.3913523501003345
5710.85	-0.34461836989966577
5712.52	0.5147843301003343
5714.19	-0.17945076989966563
5715.86	0.6934614501003344
5717.53	-0.08519646989966552
5719.19	0.7613769001003343
5720.86	-0.06151526989966567
5722.53	0.6453284301003344
5724.2	-0.23562306989966553
5725.87	0.3973140301003345
5727.53	-0.5226700698996656
5729.2	0.18190593010033435
5730.87	-0.7157100698996658
5732.54	0.08743693010033449
5734.2	-0.6884157698996656
5735.87	0.1574706301003343
5737.54	-0.5441825698996656
5739.21	0.38348773010033443
5740.88	-0.27753826989966557
5742.54	0.6960348301003345
5744.21	-0.0745409698996656
5745.88	0.7436493301003344
5747.55	-0.12696956989966562
5749.22	0.5324919301003344
5750.88	-0.4504110698996657
5752.55	0.22650183010033437
5754.22	-0.6309650698996656
5755.89	0.16923163010033435
5757.56	-0.5762910698996657
5759.22	0.2985644301003344
5760.89	-0.4158638698996655
5762.56	0.4002962601003343
5764.23	-0.46702456989966556
5765.89	0.2929472301003344
5767.56	-0.5452714698996656
5769.23	0.21688263010033443
5770.9	-0.5327619698996656
5772.57	0.34445193010033437
5774.23	-0.3536176698996656
5775.9	0.5889389301003344
5777.57	-0.2051696698996655
5779.24	0.5886840301003344
5780.91	-0.29529406989966567
5782.57	0.4273811301003345
5784.24	-0.4529933698996655
5785.91	0.35755833010033433
5787.58	-0.4042984698996655
5789.25	0.5120676301003344
5790.91	-0.18097226989966556
5792.58	0.6299591301003344
5794.25	-0.19078396989966567
5795.92	0.5561498301003344
5797.58	-0.3654005698996655
5799.25	0.29637933010033446
5800.92	-0.6192080698996656
5802.59	0.11427383010033443
5804.26	-0.6697360698996657
5805.92	0.1560057301003344
5807.59	-0.5389359698996656
5809.26	0.3480687301003344
5810.93	-0.3933256698996656
5812.6	0.39728543010033446
5814.26	-0.4438479698996655
5815.93	0.33494323010033444
5817.6	-0.4650291698996657
5819.27	0.4046094501003344
5820.94	-0.33589356989966573
5822.6	0.5182904301003344
5824.27	-0.2501164698996656
5825.94	0.5146258301003345
5827.61	-0.3027715698996656
5829.27	0.44525223010033443
5830.94	-0.40706266989966566
5832.61	0.4297411301003343
5834.28	-0.36948606989966554
5835.95	0.4471470301003344
5837.61	-0.3611802698996657
5839.28	0.3745831301003342
5840.95	-0.44022996989966556
5842.62	0.3097985201003345
5844.29	-0.4268270698996656
5845.95	0.4235093001003344
5847.62	-0.35881236989966575
5849.29	0.4730002301003344
5850.96	-0.3892420698996656
5852.63	0.35054993010033436
5854.29	-0.48013506989966553
5855.96	0.2121320301003345
5857.63	-0.6952990698996655
5859.3	-0.07273316989966559
5860.96	-1.0595976698996656
5862.63	-0.33817556989966563
5864.3	-1.1736852698996656
5865.97	-0.2592696698996656
5867.64	-0.8107291698996656
5869.3	0.2037410301003343
5870.97	-0.44477006989966555
5872.64	0.3890069301003344
5874.31	-0.47596506989966547
5875.98	0.2970103301003344
5877.64	-0.5169165698996656
5879.31	0.34107263010033445
5880.98	-0.2590412898996657
5882.65	0.6674313301003345
5884.32	-0.0567539698996655
5885.98	0.7200239501003344
5887.65	-0.19812775989966563
5889.32	0.5169139301003344
5890.99	-0.3558074698996657
5892.65	0.42058393010033424
5894.32	-0.2964696698996656
5895.99	0.5846385201003345
5897.66	-0.14177846989966558
5899.33	0.6597098201003344
5900.99	-0.22594826989966568
5902.66	0.4627289301003345
5904.33	-0.3993230698996656
5906.0	0.3510218301003344
5907.67	-0.38532716989966564
5909.33	0.5010339301003344
5911.0	-0.2091380698996656
5912.67	0.6837838301003345
5914.34	-0.09300776989966553
5916.0	0.6227665301003344
5917.67	-0.2540500698996656
5919.34	0.4127783701003344
5921.01	-0.4506869698996655
5922.68	0.3878849301003344
5924.34	-0.3329981698996657
5926.01	0.5742758301003345
5927.68	-0.15922796989966548
5929.35	0.6342326301003344
5931.02	-0.1416610698996655
5932.68	0.6738439101003344
5934.35	-0.06654056989966559
5936.02	0.7976356301003344
5937.69	0.018714620100334402
5939.36	0.8517806781003345
5941.02	0.05171713010033445
5942.69	0.8071994901003343
5944.36	-0.03865342989966558
5946.03	0.6629021301003345
5947.69	-0.19280686989966564
5949.36	0.5483754301003344
5951.03	-0.28647856989966564
5952.7	0.5649882301003343
5954.37	-0.2107476698996656
5956.03	0.5331930301003345
5957.7	-0.37719836989966565
5959.37	0.31513993010033436
5961.04	-0.6094689698996657
5962.71	0.1658385301003344
5964.37	-0.6098770998996657
5966.04	0.2941560301003343
5967.71	-0.39701506989966556
5969.38	0.4126913301003345
5971.05	-0.44554616989966556
5972.71	0.3587376301003343
5974.38	-0.47297446989966574
5976.05	0.2925084301003344
5977.72	-0.5433848698996655
5979.38	0.19473893010033433
5981.05	-0.6349830698996657
5982.72	0.19752573010033433
5984.39	-0.4596548698996655
5986.06	0.5745542301003344
5987.72	-0.027541369899665658
5989.39	0.8699189301003344
5991.06	0.057752330100334294
5992.73	0.7765310451003345
5994.4	-0.1310951698996656
5996.06	0.5907270201003343
5997.73	-0.3213380198996657
5999.4	0.4513991501003344
6001.07	-0.4418189698996655
6002.74	0.2793265301003343
6004.4	-0.6075125698996657
6006.07	0.18967633010033444
6007.74	-0.6451800698996657
6009.41	0.21299113010033438
6011.07	-0.5458899798996658
6012.74	0.32902143010033436
6014.41	-0.3893300698996656
6016.08	0.5042127301003344
6017.75	-0.24625896989966564
6019.41	0.6392416801003344
6021.08	-0.1951626698996656
6022.75	0.4950636301003346
6024.42	-0.4109833698996656
6026.09	0.2860539301003345
6027.75	-0.5946544698996656
6029.42	0.22663443010033446
6031.09	-0.5362963698996656
6032.76	0.3689859301003345
6034.43	-0.38733586989966556
6036.09	0.5122529301003345
6037.76	-0.19079926989966553
6039.43	0.6793189301003343
6041.1	-0.12717036989966563
6042.76	0.6604424501003343
6044.43	-0.24618641989966558
6046.1	0.4541933301003344
6047.77	-0.5933361698996655
6049.44	0.0395111301003345
6051.1	-0.8149525698996658
6052.77	0.04658743010033435
6054.44	-0.6551664178996657
6056.11	0.36229082010033425
6057.78	-0.3377981698996656
6059.44	0.49680083010033443
6061.11	-0.3646427698996656
6062.78	0.33050273010033443
6064.45	-0.5185826698996656
6066.11	0.27888163010033445
6067.78	-0.5347670698996655
6069.45	0.30434213010033445
6071.12	-0.4457427698996656
6072.79	0.43437153010033436
6074.45	-0.30849116989966563
6076.12	0.5116310301003344
6077.79	-0.33642466989966563
6079.46	0.36594703010033436
6081.13	-0.4776860698996656
6082.79	0.27073084010033444
6084.46	-0.5058410698996656
6086.13	0.38029551010033436
6087.8	-0.4076540698996657
6089.47	0.44089793010033435
6091.13	-0.3894090698996656
6092.8	0.37465213010033444
6094.47	-0.4588957698996656
6096.14	0.2849634301003344
6097.8	-0.5658962698996656
6099.47	0.22785523010033434
6101.14	-0.6169167698996655
6102.81	0.16363143010033437
6104.48	-0.6902367698996656
6106.14	0.047492930100334396
6107.81	-0.7528545698996657
6109.48	0.15084233010033443
6111.15	-0.5525424698996656
6112.82	0.42723833010033435
6114.48	-0.20621656989966555
6116.15	0.6704826001003343
6117.82	-0.1745640698996657
6119.49	0.6318693301003342
6121.16	-0.1852400698996656
6122.82	0.7026587801003343
6124.49	-0.09598357989966552
6126.16	0.7066508301003344
6127.83	-0.16090116989966557
6129.49	0.4964782301003344
6131.16	-0.5242750698996658
6132.83	0.26772541010033446
6134.5	-0.44458946989966563
6136.17	0.5454018301003345
6137.83	-0.13598816989966556
6139.5	0.8370819301003344
6141.17	0.08789683010033437
6142.84	0.8386080301003342
6144.51	-0.06292126989966565
6146.17	0.6738062301003344
6147.84	-0.17911816989966567
6149.51	0.6390163301003343
6151.18	-0.1888197698996656
6152.85	0.6447557301003345
6154.51	-0.23857806989966573
6156.18	0.35049586010033434
6157.85	-0.6303480698996657
6159.52	0.008045030100334305
6161.18	-0.8605087698996655
6162.85	0.005403130100334474
6164.52	-0.6492490698996658
6166.19	0.29130823010033446
6167.86	-0.45775506989966563
6169.52	0.30603273010033444
6171.19	-0.45908926989966564
6172.86	0.35923323010033437
6174.53	-0.42451546989966565
6176.2	0.4257543301003344
6177.86	-0.28420216989966557
6179.53	0.5138211001003343
6181.2	-0.2738231698996656
6182.87	0.5102854301003343
6184.54	-0.24537536989966574
6186.2	0.5894074301003344
6187.87	-0.2304520698996658
6189.54	0.5118432301003344
6191.21	-0.40751336989966563
6192.87	0.2312598301003343
6194.54	-0.5746644698996655
6196.21	0.21774523010033436
6197.88	-0.5553996698996656
6199.55	0.21040413010033437
6201.21	-0.6266285698996655
6202.88	0.24100473010033435
6204.55	-0.49299606989966555
6206.22	0.48821433010033444
6207.89	-0.09669006989966547
6209.55	0.8283281301003343
6211.22	-0.0018683698996655896
6212.89	0.6881278301003344
6214.56	-0.18586076989966568
6216.23	0.6507079541003343
6217.89	-0.15267026989966556
6219.56	0.6818103501003343
6221.23	-0.18367602989966564
6222.9	0.5459143301003343
6224.56	-0.38759965989966555
6226.23	0.28168363010033437
6227.9	-0.6252739698996657
6229.57	0.19546663010033438
6231.24	-0.5874451698996656
6232.9	0.27331033010033445
6234.57	-0.5359307698996656
6236.24	0.3450228301003343
6237.91	-0.42944306989966563
6239.58	0.4388407301003344
6241.24	-0.33473706989966556
6242.91	0.45737733010033443
6244.58	-0.41240436989966556
6246.25	0.3729080301003344
6247.91	-0.5228564698996657
6249.58	0.3518657301003345
6251.25	-0.3795960698996657
6252.92	0.4957045301003344
6254.59	-0.29110636989966576
6256.25	0.4849147301003344
6257.92	-0.41858171989966564
6259.59	0.37713903010033445
6261.26	-0.40503546989966555
6262.93	0.37227923010033426
6264.59	-0.4776701698996656
6266.26	0.3458792701003345
6267.93	-0.48311846989966556
6269.6	0.36027133010033435
6271.27	-0.47615046989966575
6272.93	0.2681389301003343
6274.6	-0.5917950698996656
6276.27	0.16529573010033444
6277.94	-0.6711297698996658
6279.6	0.16165488810033443
6281.27	-0.5688027698996657
6282.94	0.3402164301003345
6284.61	-0.3874955698996655
6286.28	0.5448678301003345
6287.94	-0.16063976989966564
6289.61	0.7383438301003346
6291.28	-0.018114569899665513
6292.95	0.7444488301003342
6294.62	-0.16738926989966563
6296.28	0.5658064601003343
6297.95	-0.2828068698996655
6299.62	0.5236580301003344
6301.29	-0.3052536698996656
6302.96	0.5100085301003344
6304.62	-0.3543730698996657
6306.29	0.3802097301003344
6307.96	-0.5156570698996655
6309.63	0.25148743010033436
6311.29	-0.6011520698996656
6312.96	0.2494708301003344
6314.63	-0.4775479698996657
6316.3	0.39374523010033435
6317.97	-0.3183807698996657
6319.63	0.5087721301003344
6321.3	-0.30900826989966557
6322.97	0.4275335301003345
6324.64	-0.4835250698996657
6326.31	0.3103054301003344
6327.97	-0.41850306989966557
6329.64	0.4491544001003344
6331.31	-0.3089179698996656
6332.98	0.5629177301003343
6334.65	-0.26524506989966556
6336.31	0.5367486101003343
6337.98	-0.2920914698996656
6339.65	0.5256315801003345
6341.32	-0.3261331698996656
6342.98	0.3731440101003344
6344.65	-0.5875010698996656
6346.32	0.2011956301003345
6347.99	-0.6298590698996657
6349.66	0.2885583301003343
6351.32	-0.37473606989966546
6352.99	0.5464367301003342
6354.66	-0.25795586989966557
6356.33	0.4217308301003343
6358.0	-0.5643086698996658
6359.66	0.061923630100334325
6361.33	-0.7852985698996656
6363.0	0.09129583010033435
6364.67	-0.5309804698996656
6366.34	0.41979633010033435
6368.0	-0.3488077698996656
6369.67	0.3502347301003345
6371.34	-0.5705883298996657
6373.01	0.056500630100334306
6374.67	-0.7509785698996657
6376.34	0.09131813010033432
6378.01	-0.5987682698996657
6379.68	0.3176524301003344
6381.35	-0.3691151698996656
6383.01	0.4939416801003344
6384.68	-0.1866727698996656
6386.35	0.6562841501003345
6388.02	-0.14311996989966563
6389.69	0.6622872301003344
6391.35	-0.17561606989966572
6393.02	0.5566256301003345
6394.69	-0.31751206989966557
6396.36	0.35028183010033437
6398.03	-0.5123280698996655
6399.69	0.3490293301003343
6401.36	-0.44096256989966554
6403.03	0.4828319301003344
6404.7	-0.1972172698996657
6406.36	0.5909869201003344
6408.03	-0.2918324698996657
6409.7	0.40053373010033433
6411.37	-0.4541748898996656
6413.04	0.45255393010033423
6414.7	-0.2733694698996656
6416.37	0.6583120401003344
6418.04	-0.056409869899665656
6419.71	0.6429276301003344
6421.38	-0.27291526989966575
6423.04	0.42788503010033435
6424.71	-0.4395319698996657
6426.38	0.3362215301003344
6428.05	-0.5518156698996655
6429.71	0.1469325301003345
6431.38	-0.7237831698996656
6433.05	-0.00298946989966562
6434.72	-0.7084633698996656
6436.39	0.3139504301003344
6438.05	-0.2508330698996654
6439.72	0.7153697601003344
6441.39	-0.040929069899665584
6443.06	0.6495982301003344
6444.73	-0.24167226989966567
6446.39	0.42754723010033446
6448.06	-0.35144436989966554
6449.73	0.5099747301003343
6451.4	-0.13147606989966557
6453.07	0.7947226301003345
6454.73	0.029361330100334482
6456.4	0.7455300301003344
6458.07	-0.12937976989966565
6459.74	0.5869117301003344
6461.4	-0.17962596989966564
6463.07	0.6535093301003343
6464.74	-0.1341303698996657
6466.41	0.6694076501003343
6468.08	-0.15073206989966564
6469.74	0.6816188301003343
6471.41	0.014982230100334304
6473.08	0.9224978301003347
6474.75	0.09836063010033454
6476.42	0.8392999301003344
6478.08	-0.14727696989966552
6479.75	0.5744612301003345
6481.42	-0.17352656989966567
6483.09	0.7193509301003342
6484.76	0.04413123010033426
6486.42	0.8744913301003343
6488.09	-0.030903009899665636
6489.76	0.6927277301003343
6491.43	-0.26068266989966576
6493.09	0.44968633010033443
6494.76	-0.4352250698996656
6496.43	0.35194663010033433
6498.1	-0.4526210698996656
6499.77	0.41485053010033435
6501.43	-0.2917675698996657
6503.1	0.5733059301003344
6504.77	-0.24195566989966558
6506.44	0.48270097010033436
6508.11	-0.47110076989966576
6509.77	0.20769483010033443
6511.44	-0.6182682698996655
6513.11	0.24572433010033454
6514.78	-0.38476616989966567
6516.45	0.5435253301003342
6518.11	-0.16666256989966563
6519.78	0.6237304541003345
6521.45	-0.2194139698996656
6523.12	0.39802223010033433
6524.78	-0.5780415698996656
6526.45	-0.022259069899665685
6528.12	-0.9654116698996656
6529.79	-0.18655296989966563
6531.46	-0.8536240698996658
6533.12	0.13099871010033434
6534.79	-0.4488907698996657
6536.46	0.4693877301003343
6538.13	-0.2666619698996656
6539.8	0.4714568301003344
6541.46	-0.39573506989966567
6543.13	0.3905845001003345
6544.8	-0.44177316989966553
6546.47	0.36100593010033444
6548.14	-0.45648246989966557
6549.8	0.3074990301003343
6551.47	-0.6222681698996656
6553.14	-0.018645869899665612
6554.81	-1.0474513698996655
6556.47	-0.26896066989966566
6558.14	-1.0327876698996656
6559.81	0.08520463010033438
6561.48	-0.4744046698996656
6563.15	0.5910215301003344
6564.81	-0.13817921989966564
6566.48	0.6031411301003344
6568.15	-0.36194266989966567
6569.82	0.37791243010033443
6571.49	-0.5054347598996656
6573.15	0.34651143010033436
6574.82	-0.4261820698996656
6576.49	0.4577881301003345
6578.16	-0.29823066989966557
6579.83	0.5121553301003344
6581.49	-0.3305302498996656
6583.16	0.4863741301003343
6584.83	-0.33333906989966555
6586.5	0.42488631010033445
6588.16	-0.3848815698996657
6589.83	0.4400607101003343
6591.5	-0.30166276989966556
6593.17	0.6376671401003344
6594.84	-0.08930356989966562
6596.5	0.7361990801003342
6598.17	-0.1803613698996656
6599.84	0.4561473301003344
6601.51	-0.44149198989966554
6603.18	0.35267313010033446
6604.84	-0.3429367698996656
6606.51	0.6377830301003344
6608.18	-0.02934676989966558
6609.85	0.8329235201003344
6611.51	-0.020360969899665605
6613.18	0.7360587001003344
6614.85	-0.06722916989966568
6616.52	0.6894165301003342
6618.19	-0.09342176989966564
6619.85	0.6348993101003344
6621.52	-0.24039115989966553
6623.19	0.46612363010033436
6624.86	-0.3838455698996655
6626.53	0.3816248301003344
6628.19	-0.34141556989966554
6629.86	0.5070732301003343
6631.53	-0.1929124698996655
6633.2	0.6018062221003343
6634.87	-0.14004876989966558
6636.53	0.6988582301003343
6638.2	-0.06535016989966569
6639.87	0.6769307301003343
6641.54	-0.2190130698996656
6643.2	0.44577523010033443
6644.87	-0.5022660698996655
6646.54	0.1623944301003343
6648.21	-0.6281311698996656
6649.88	0.21357583010033446
6651.54	-0.5570020698996656
6653.21	0.1589545301003344
6654.88	-0.7066760698996656
6656.55	0.09678073010033426
6658.22	-0.5992740698996656
6659.88	0.3761359301003343
6661.55	-0.14784926989966554
6663.22	0.8613840301003343
6664.89	0.09449883010033439
6666.56	0.7691467301003346
6668.22	-0.23315662989966562
6669.89	0.36951933010033444
6671.56	-0.5093873698996656
6673.23	0.2932397301003344
6674.89	-0.4982498698996657
6676.56	0.3583820301003344
6678.23	-0.5083007998996656
6679.9	0.30237373010033436
6681.57	-0.49960766989966554
6683.23	0.20672423010033433
6684.9	-0.6173452698996655
6686.57	0.26878843010033426
6688.24	-0.45366476989966553
6689.91	0.4990825301003343
6691.57	-0.25787756989966565
6693.24	0.6143890301003345
6694.91	-0.18540115989966569
6696.58	0.4687980301003344
6698.25	-0.46275966989966555
6699.91	0.25768403010033436
6701.58	-0.5458532698996656
6703.25	0.33342043010033434
6704.92	-0.3422225698996656
6706.58	0.5557424301003342
6708.25	-0.19257956989966568
6709.92	0.5245193301003344
6711.59	-0.3653759698996656
6713.26	0.29997243010033436
6714.92	-0.5022656698996656
6716.59	0.37843393010033444
6718.26	-0.35571906989966556
6719.93	0.3332379301003345
6721.6	-0.5448200698996655
6723.26	0.11793883010033442
6724.93	-0.6626070698996657
6726.6	0.20968703010033435
6728.27	-0.49408236989966553
6729.94	0.46852061010033436
6731.6	-0.34829146989966553
6733.27	0.30148872010033434
6734.94	-0.5765470698996656
6736.61	0.11417853010033437
6738.27	-0.7294160698996656
6739.94	0.03624243010033433
6741.61	-0.7122420698996657
6743.28	0.1480263301003343
6744.95	-0.5669271698996656
6746.61	0.27432633010033436
6748.28	-0.47566226989966565
6749.95	0.3039423601003345
6751.62	-0.5369519698996656
6753.29	0.12761573010033445
6754.95	-0.7152101698996658
6756.62	0.017436130100334422
6758.29	-0.7740686698996655
6759.96	0.06463593010033428
6761.63	-0.6310810698996655
6763.29	0.24789953010033444
6764.96	-0.5320740698996655
6766.63	0.17390693010033442
6768.3	-0.6852060698996656
6769.96	0.005661930100334456
6771.63	-0.7890350698996655
6773.3	0.07665803010033445
6774.97	-0.5913550698996657
6776.64	0.39848503010033437
6778.3	-0.23871136989966563
6779.97	0.5347339201003345
6781.64	-0.13624486989966567
6783.31	0.6221427301003345
6784.98	-0.25293916989966564
6786.64	0.39560013010033435
6788.31	-0.5502738698996658
6789.98	0.1829381301003344
6791.65	-0.5803878398996657
6793.31	0.2232229301003344
6794.98	-0.39112286989966555
6796.65	0.5053252301003343
6798.32	-0.3512626698996657
6799.99	0.3925471301003343
6801.65	-0.4785330698996656
6803.32	0.3996975301003343
6804.99	-0.25124946989966557
6806.66	0.6617837701003344
6808.33	0.03017263010033444
6809.99	0.9907846301003342
6811.66	0.13562463010033435
6813.33	0.8663352301003344
6815.0	-0.006297639899665563
6816.67	0.6117717301003345
6818.33	-0.26302096989966567
6820.0	0.47650453010033444
6821.67	-0.36672306989966563
6823.34	0.5582676101003344
6825.0	-0.22572176989966558
6826.67	0.5648695301003345
6828.34	-0.13403656989966556
6830.01	0.6861761301003344
6831.68	-0.06955626989966565
6833.34	0.7741797301003345
6835.01	-0.1284520698996655
6836.68	0.5193664301003343
6838.35	-0.49973406989966584
6840.02	0.23626183010033439
6841.68	-0.5527540698996655
6843.35	0.36062213010033434
6845.02	-0.24149716989966546
6846.69	0.6617860301003343
6848.36	-0.03429716989966566
6850.02	0.7292657901003344
6851.69	-0.1946752698996656
6853.36	0.4938380301003343
6855.03	-0.3838844698996657
6856.69	0.25514887010033444
6858.36	-0.5276814698996657
6860.03	0.3674316301003344
6861.7	-0.2298921698996657
6863.37	0.7044561301003343
6865.03	-0.047066869899665596
6866.7	0.6377266301003343
6868.37	-0.29435426989966557
6870.04	0.36729433010033435
6871.71	-0.5671756698996658
6873.37	0.23518673010033436
6875.04	-0.6339138698996656
6876.71	0.17081506010033443
6878.38	-0.6438151698996656
6880.05	0.15681575010033436
6881.71	-0.5846060698996658
6883.38	0.26677483010033437
6885.05	-0.5582894698996655
6886.72	0.24628823010033446
6888.38	-0.6725042698996656
6890.05	0.14955693010033427
6891.72	-0.6043203698996656
6893.39	0.17832693010033435
6895.06	-0.49494436989966556
6896.72	0.4301339301003345
6898.39	-0.2346531698996656
6900.06	0.7650664301003344
6901.73	0.11080023010033443
6903.4	0.9604189301003345
6905.06	0.15422423010033434
6906.73	0.7179228301003343
6908.4	-0.23031296989966563
6910.07	0.2932058301003344
6911.74	-0.7867430698996656
6913.4	-0.09349766989966571
6915.07	-0.9544619698996657
6916.74	-0.17044206989966565
6918.41	-0.9156496698996655
6920.07	-0.14936526989966556
6921.74	-0.8970038698996655
6923.41	-0.09348491989966556
6925.08	-0.9397510698996655
6926.75	0.052610930100334394
6928.41	-0.6126238698996657
6930.08	0.3837065601003344
6931.75	-0.2591000698996656
6933.42	0.7100426671003343
6935.09	0.09276723010033441
6936.75	1.0915719301003344
6938.42	0.3343753301003344
6940.09	1.1986307101003342
6941.76	0.2360761301003344
6943.42	0.8254433301003343
6945.09	-0.1756144698996656
6946.76	0.5300047301003344
6948.43	-0.21160606989966563
6950.1	0.6800111301003344
6951.76	-0.11136756989966563
6953.43	0.6591008301003344
6955.1	-0.2462805698996658
6956.77	0.4765059301003344
6958.44	-0.3505083698996657
6960.1	0.6053847101003342
6961.77	0.03312403010033432
6963.44	1.0530524901003342
6965.11	0.3764443301003345
6966.78	1.1589660301003346
6968.44	0.23478453010033426
6970.11	0.8401268301003345
6971.78	-0.2263078698996656
6973.45	0.2922510301003345
6975.11	-0.5757783698996656
6976.78	0.26093473010033447
6978.45	-0.4043272698996655
6980.12	0.5228469301003343
6981.79	-0.1442208698996656
6983.45	0.6230963501003345
6985.12	-0.31511386989966567
6986.79	0.1329348301003343
6988.46	-0.8462326698996655
6990.13	-0.23608176989966556
6991.79	-1.1248363698996657
6993.46	-0.2659653698996656
6995.13	-0.8752238698996656
6996.8	0.21905473010033435
6998.47	-0.3073815698996657
7000.13	0.5935680111003345
7001.8	-0.1341134698996657
7003.47	0.5322494301003345
7005.14	-0.4656694698996656
7006.8	0.23253863010033426
7008.47	-0.5191229598996655
7010.14	0.40298287010033446
7011.81	-0.23315666989966558
7013.48	0.7160805301003343
7015.14	0.02984493010033438
7016.81	0.7319389301003343
7018.48	-0.16917336989966558
7020.15	0.5084103301003344
7021.82	-0.25328676989966564
7023.48	0.6855500301003344
7025.15	-0.022040969899665565
7026.82	0.8543728301003345
7028.49	-0.016492996999665645
7030.16	0.5991008301003344
7031.82	-0.36225736989966556
7033.49	0.4584596301003344
7035.16	-0.19520966989966562
7036.83	0.7913949301003342
7038.49	0.07684153010033448
7040.16	0.8320644301003345
7041.83	-0.17136386989966565
7043.5	0.4276467301003343
7045.17	-0.5955871698996658
7046.83	0.05231193010033428
7048.5	-0.7426798698996657
7050.17	0.10594803010033446
7051.84	-0.6262192698996657
7053.51	0.23418113010033434
7055.17	-0.5656370698996656
7056.84	0.1072104301003343
7058.51	-0.7206933698996656
7060.18	0.0900265301003345
7061.85	-0.6348476698996657
7063.51	0.3636849301003345
7065.18	-0.31523306989966554
7066.85	0.4696539301003343
7068.52	-0.41038706989966556
7070.18	0.22118983010033433
7071.85	-0.7702614698996657
7073.52	0.01188853010033437
7075.19	-0.8127786698996653
7076.86	0.059842030100334356
7078.52	-0.5740540698996657
7080.19	0.14952043010033447
7081.86	-0.7986749698996656
7083.53	-0.14097416989966552
7085.2	-1.0919512698996656
7086.86	-0.2483307698996656
7088.53	-0.8827880698996655
7090.2	0.13357633010033437
7091.87	-0.40209206989966556
7093.54	0.5253239301003345
7095.2	-0.20566806989966566
7096.87	0.5744810301003342
7098.54	-0.26574026989966565
7100.21	0.43300613810033434
7101.87	-0.5631386698996654
7103.54	0.07013023010033441
7105.21	-0.8694660698996655
7106.88	-0.06107616989966554
7108.55	-0.8073400698996658
7110.21	0.04612726010033437
7111.88	-0.6359170698996657
7113.55	0.35044583010033437
7115.22	-0.3810378698996656
7116.89	0.47254713010033444
7118.55	-0.24442526989966568
7120.22	0.5638444301003346
7121.89	-0.26991876989966573
7123.56	0.42332033010033426
7125.22	-0.4951477698996656
7126.89	0.20024823010033438
7128.56	-0.7159503698996654
7130.23	0.011499230100334356
7131.9	-0.6899260698996657
7133.56	0.15635153010033426
7135.23	-0.5914178698996655
7136.9	0.1175310601003344
7138.57	-0.8024350398996656
7140.24	-0.05407486989966559
7141.9	-0.7573850698996656
7143.57	0.28773453010033434
7145.24	-0.23779806989966565
7146.91	0.7453821301003345
7148.58	0.014747530100334383
7150.24	0.7484739301003345
7151.91	-0.17944876989966563
7153.58	0.5092003301003344
7155.25	-0.37875876989966556
7156.91	0.2777194301003345
7158.58	-0.7518043698996656
7160.25	-0.05955896989966567
7161.92	-0.9228374798996656
7163.59	0.021577830100334382
7165.25	-0.5975823698996657
7166.92	0.44172379010033447
7168.59	-0.21408090089966564
7170.26	0.7259075801003345
7171.93	0.08333853010033446
7173.59	1.0125683301003345
7175.26	0.24553329010033442
7176.93	0.9603996301003344
7178.6	-0.06595146989966565
7180.27	0.5270312801003344
7181.93	-0.5758645698996656
7183.6	0.022053430100334316
7185.27	-0.8330309698996656
7186.94	-0.14135412989966561
7188.6	-1.0454170698996657
7190.27	-0.3661068698996655
7191.94	-1.1931942698996656
7193.61	-0.24006696989966553
7195.28	-0.9441666698996656
7196.94	0.04134791010033432
7198.61	-0.5325691698996657
7200.28	0.5211589301003344
7201.95	-0.06971006989966562
7203.62	0.7731253701003343
7205.28	-0.17394556989966575
7206.95	0.5133340701003345
7208.62	-0.6290839598996657
7210.29	-0.034798169899665575
7211.96	-0.8933440698996655
7213.62	-0.06829446989966555
7215.29	-0.7534749698996657
7216.96	0.08377117010033441
7218.63	-0.8225754498996656
7220.29	0.07206363010033438
7221.96	-0.7398181698996658
7223.63	0.05307073010033443
7225.3	-0.7042734698996657
7226.97	0.11490243010033448
7228.63	-0.7000744698996656
7230.3	0.22049423010033445
7231.97	-0.5293828698996657
7233.64	0.3490268301003344
7235.31	-0.38985296989966567
7236.97	0.3281217301003345
7238.64	-0.6238500698996656
7240.31	0.06591993010033428
7241.98	-0.9233029698996656
7243.65	-0.12809706989966563
7245.31	-0.8259929698996655
7246.98	0.1530963301003344
7248.65	-0.4174042698996655
7250.32	0.6192872301003344
7251.98	-0.03874656989966556
7253.65	0.7394749301003346
7255.32	-0.23079536989966556
7256.99	0.33057483010033445
7258.66	-0.7217482698996656
7260.32	-0.19894586989966556
7261.99	-1.1489736698996658
7263.66	-0.3312690698996657
7265.33	-0.9562519698996657
7267.0	0.0751279301003345
7268.66	-0.46169136989966564
7270.33	0.4334330301003343
7272.0	-0.31158656989966566
7273.67	0.3964968301003343
7275.34	-0.4801440698996656
7277.0	0.18625173010033433
7278.67	-0.7907830698996654
7280.34	-0.2376580698996656
7282.01	-1.1044320698996655
7283.67	-0.2969010698996655
7285.34	-0.8550590698996657
7287.01	0.23917533010033445
7288.68	-0.27954926989966566
7290.35	0.5718889301003343
7292.01	-0.3541675228996656
7293.68	0.12184050010033436
7295.35	-0.8930278698996655
7297.02	-0.16566836989966563
7298.69	-0.8667254698996656
7300.35	0.12913813010033431
7302.02	-0.4588629698996657
7303.69	0.45269963010033437
7305.36	-0.32844226989966563
7307.02	0.3919409301003344
7308.69	-0.4620850698996657
7310.36	0.3730272701003344
7312.03	-0.36107956989966555
7313.7	0.5189152301003344
7315.36	-0.18457396989966554
7317.03	0.5547591301003343
7318.7	-0.23064806989966566
7320.37	0.42566733010033425
7322.04	-0.40553006989966567
7323.7	0.3820933301003343
7325.37	-0.3832432698996656
7327.04	0.5413624301003345
7328.71	-0.09693415989966565
7330.38	0.7154121301003344
7332.04	0.0638645301003344
7333.71	0.7860722901003343
7335.38	-0.1414730698996656
7337.05	0.5523207301003346
7338.71	-0.43033526989966553
7340.38	0.33275703010033447
7342.05	-0.4310118698996656
7343.72	0.4150937081003345
7345.39	-0.1787872698996656
7347.05	0.6679237301003343
7348.72	-0.2366586918996656
7350.39	0.4285079301003344
7352.06	-0.6434555398996655
7353.73	-0.05842936989966552
7355.39	-0.9474590698996656
7357.06	-0.19129086989966557
7358.73	-0.7755100698996656
7360.4	0.28813023010033445
7362.07	-0.25994666989966575
7363.73	0.7686901301003344
7365.4	0.07357263010033446
7367.07	0.8506142301003343
7368.74	0.02501483010033434
7370.4	0.7867108301003345
7372.07	-0.037129269899665626
7373.74	0.7717632301003343
7375.41	-0.09905458989966547
7377.08	0.5256158301003342
7378.74	-0.4354075298996657
7380.41	0.16203423010033435
7382.08	-0.7833527698996654
7383.75	-0.020677169899665594
7385.42	-0.8572857498996658
7387.08	0.008362730100334415
7388.75	-0.6981987849996656
7390.42	0.2745211301003345
7392.09	-0.4293749298996656
7393.76	0.4268423801003343
7395.42	-0.35195533989966565
7397.09	0.44071663010033435
7398.76	-0.42758716989966566
7400.43	0.37355593010033433
7402.09	-0.46446759989966563
7403.76	0.4314756101003344
7405.43	-0.3066329698996656
7407.1	0.4816299301003345
7408.77	-0.2162636698996657
7410.43	0.5021623301003345
7412.1	-0.4263994698996655
7413.77	0.2035618201003344
7415.44	-0.7006050698996658
7417.11	0.12499033010033442
7418.77	-0.5049656698996656
7420.44	0.43517233010033446
7422.11	-0.13803596989966552
7423.78	0.7170687301003345
7425.45	-0.14306976989966563
7427.11	0.6095883301003344
7428.78	-0.23691996989966563
7430.45	0.6897192301003343
7432.12	0.025923530100334345
7433.78	0.9441674301003342
7435.45	0.08256093010033434
7437.12	0.7540111301003345
7438.79	-0.24265106989966562
7440.46	0.4422041301003342
7442.12	-0.33599206989966546
7443.79	0.5555009301003343
7445.46	-0.17404576989966558
7447.13	0.5981206101003343
7448.8	-0.30082266989966555
7450.46	0.3098624801003345
7452.13	-0.5675030698996657
7453.8	0.1518062301003344
7455.47	-0.6949392698996657
7457.14	0.003865530100334358
7458.8	-0.8022110698996656
7460.47	0.026939230100334464
7462.14	-0.6220825698996656
7463.81	0.30096363010033433
7465.47	-0.5044192698996656
7467.14	0.2469178201003343
7468.81	-0.7203380698996655
7470.48	-0.13406806989966558
7472.15	-1.0714672698996657
7473.81	-0.27144486989966576
7475.48	-1.0488759698996657
7477.15	-0.1877106698996656
7478.82	-0.9890210398996656
7480.49	-0.018304069899665577
7482.15	-0.6425780698996656
7483.82	0.3921461301003344
7485.49	-0.13659006989966552
7487.16	0.8255461301003345
7488.82	0.12373683010033446
7490.49	0.8412366301003343
7492.16	-0.12630914989966552
7493.83	0.6089917301003346
7495.5	-0.24210625989966567
7497.16	0.5506471301003344
7498.83	-0.2394949698996657
7500.5	0.47952713010033426
7502.17	-0.3971061698996656
7503.84	0.3585854301003344
7505.5	-0.5050476698996655
7507.17	0.3487634301003344
7508.84	-0.3127756698996656
7510.51	0.6405753301003344
7512.18	-0.08488286989966565
7513.84	0.8229536301003346
7515.51	0.1095509301003345
7517.18	1.0538405301003346
7518.85	0.24461023010033447
7520.51	0.8939778701003342
7522.18	-0.07586016989966558
7523.85	0.5689788801003344
7525.52	-0.2821510698996657
7527.19	0.49724796010033445
7528.85	-0.2155871698996655
7530.52	0.6379409301003345
7532.19	-0.2558055698996656
7533.86	0.2776365301003344
7535.53	-0.7205302698996656
7537.19	-0.1446387698996657
7538.86	-0.9971036698996656
7540.53	-0.19498586989966551
7542.2	-0.9402080698996654
7543.87	-0.00751236989966555
7545.53	-0.6690050698996657
7547.2	0.2510264301003343
7548.87	-0.3395503698996657
7550.54	0.5833092301003344
7552.2	-0.21103006989966558
7553.87	0.6092603301003343
7555.54	-0.28328996989966565
7557.21	0.38760853010033436
7558.88	-0.5557247698996657
7560.54	0.2131773301003344
7562.21	-0.4730955698996656
7563.88	0.49507323010033427
7565.55	-0.1929747698996657
7567.22	0.7608837301003344
7568.88	-0.05954486989966572
7570.55	0.5938413301003345
7572.22	-0.5138550698996657
7573.89	0.07379053010033429
7575.56	-0.8474791698996658
7577.22	-0.07918386989966568
7578.89	-0.7950577698996657
7580.56	0.06646253010033443
7582.23	-0.6812068698996655
7583.89	0.15768293010033455
7585.56	-0.6352885698996656
7587.23	0.2925568301003342
7588.9	-0.3289142698996657
7590.57	0.5470039301003344
7592.23	-0.1098653698996656
7593.9	0.6756505301003342
7595.57	-0.21259606989966554
7597.24	0.37769103010033434
7598.91	-0.6634770698996656
7600.57	-0.14485316989966562
7602.24	-1.0779162798996658
7603.91	-0.3068408698996657
7605.58	-0.9171884698996656
7607.25	0.21719393010033433
7608.91	-0.35341756989966566
7610.58	0.6211728301003344
7612.25	-0.17964166989966562
7613.92	0.5405400301003344
7615.58	-0.34428870989966553
7617.25	0.45648993010033445
7618.92	-0.2951325698996657
7620.59	0.5397248801003343
7622.26	-0.3569938698996656
7623.92	0.34744553010033435
7625.59	-0.5050417698996656
7627.26	0.29066233010033443
7628.93	-0.4610907698996657
7630.6	0.4154999301003344
7632.26	-0.4328396698996656
7633.93	0.2534268301003343
7635.6	-0.6999219698996656
7637.27	0.014851630100334422
7638.94	-0.6773068598996655
7640.6	0.15764843010033436
7642.27	-0.5892376698996656
7643.94	0.3511285301003344
7645.61	-0.3719065698996656
7647.27	0.6977058301003344
7648.94	0.11300633010033431
7650.61	1.1120032301003344
7652.28	0.4629821301003343
7653.95	1.1711566301003342
7655.61	0.14561903010033453
7657.28	0.7100079301003344
7658.95	-0.23357546989966557
7660.62	0.4917114301003343
7662.29	-0.3482069698996656
7663.95	0.3331572301003344
7665.62	-0.4717504698996656
7667.29	0.4131175301003345
7668.96	-0.2781878698996657
7670.62	0.5691778301003343
7672.29	-0.06855806989966558
7673.96	0.7484581301003345
7675.63	-0.034673069899665586
7677.3	0.6569350301003344
7678.96	-0.20341559989966562
7680.63	0.5435427301003343
7682.3	-0.38151255989966565
7683.97	0.21572823010033426
7685.64	-0.7167080498996656
7687.3	0.04919853010033444
7688.97	-0.6468100698996656
7690.64	0.2064901301003344
7692.31	-0.4723375598996656
7693.98	0.31014293010033434
7695.64	-0.41295006989966554
7697.31	0.4781519301003345
7698.98	-0.23136209989966566
7700.65	0.5582801301003345
7702.31	-0.2715148698996657
7703.98	0.4152271301003344
7705.65	-0.4908202198996657
7707.32	0.09422484010033434
7708.99	-0.8087815698996655
7710.65	-0.06975346989966555
7712.32	-0.7743441698996656
7713.99	0.04651423010033443
7715.66	-0.7381994698996656
7717.33	0.043190630100334325
7718.99	-0.8758187698996658
7720.66	-0.24322876989966558
7722.33	-1.0211637698996658
7724.0	-0.13845786989966563
7725.67	-0.7410607398996656
7727.33	0.07333003010033431
7729.0	-0.8132997698996656
7730.67	-0.09113936989966556
7732.34	-0.8946869998996654
7734.0	0.0191657301003344
7735.67	-0.5539993698996656
7737.34	0.42222663010033445
7739.01	-0.24620726989966557
7740.68	0.5518597301003343
7742.34	-0.37738286989966563
7744.01	0.4079252201003344
7745.68	-0.3923262698996656
7747.35	0.4467818951003344
7749.02	-0.24063056989966558
7750.68	0.5363993301003344
7752.35	-0.3648955698996656
7754.02	0.3147545301003344
7755.69	-0.8470810698996655
7757.36	-0.36079936989966566
7759.02	-1.3653560698996656
7760.69	-0.6140668698996656
7762.36	-1.1725287698996656
7764.03	-0.1490741698996656
7765.69	-0.6875991698996656
7767.36	0.4158910301003343
7769.03	-0.23601206989966564
7770.7	0.6471910301003344
7772.37	-0.19457106989966563
7774.03	0.49978193010033445
7775.7	-0.4054790698996656
7777.37	0.24170559310033432
7779.04	-0.6895361698996656
7780.71	0.15070940010033437
7782.37	-0.6030019698996656
7784.04	0.19232173010033451
7785.71	-0.6036804698996656
7787.38	0.24774584010033424
7789.05	-0.43646870989966563
7790.71	0.5353527201003343
7792.38	-0.21929816989966575
7794.05	0.5060956601003344
7795.72	-0.5129335698996658
7797.38	-0.06395336989966556
7799.05	-1.0608475698996658
7800.72	-0.2564941698996655
7802.39	-0.8742240698996658
7804.06	0.02448023010033452
7805.72	-0.6159080698996655
7807.39	0.35701133010033426
7809.06	-0.2082128698996657
7810.73	0.5879042301003344
7812.4	-0.19682906989966556
7814.06	0.44457503010033433
7815.73	-0.5191564698996656
7817.4	0.025355930100334368
7819.07	-0.9612830698996655
7820.73	-0.3153280698996656
7822.4	-1.1279228698996655
7824.07	-0.47850076989966545
7825.74	-1.2772667698996658
7827.41	-0.5039812698996657
7829.07	-1.1950394698996656
7830.74	-0.21659606989966562
7832.41	-0.6730856798996656
7834.08	0.42328023010033433
7835.75	-0.11521306989966566
7837.41	0.8303995301003344
7839.08	0.00824093010033442
7840.75	0.6360859301003344
7842.42	-0.3740129698996656
7844.09	0.33260383010033445
7845.75	-0.42170236989966564
7847.42	0.45835940010033427
7849.09	-0.2615599698996657
7850.76	0.7371083301003345
7852.42	0.07303253010033443
7854.09	0.9215206301003345
7855.76	0.22578473010033448
7857.43	1.1335117501003344
7859.1	0.4564099301003345
7860.76	1.2589118301003346
7862.43	0.28364763010033434
7864.1	0.8417413301003343
7865.77	-0.3069330698996655
7867.44	0.05961333010033444
7869.1	-0.7323110698996658
7870.77	0.08468973010033419
7872.44	-0.5900648698996656
7874.11	0.18944944010033443
7875.78	-0.6684465798996657
7877.44	0.04941823010033443
7879.11	-0.8144296698996655
7880.78	-0.06285566989966566
7882.45	-0.7495123698996656
7884.11	0.033875530100334464
7885.78	-0.6751909698996654
7887.45	0.09795373010033444
7889.12	-0.5630337298996657
7890.79	0.3350979301003342
7892.45	-0.34365862989966567
7894.12	0.4981651301003344
7895.79	-0.22884006989966554
7897.46	0.4778403301003341
7899.13	-0.3097440698996657
7900.79	0.36283923010033436
7902.46	-0.5849814698996656
7904.13	-0.016461669899665597
7905.8	-1.0024339698996656
7907.47	-0.3904194698996656
7909.13	-1.2505177698996657
7910.8	-0.3613001698996657
7912.47	-1.0019211698996655
7914.14	-0.1269621698996656
7915.8	-0.8187515698996657
7917.47	0.021635230100334458
7919.14	-0.7456280398996656
7920.81	0.0866374301003345
7922.48	-0.7729372098996655
7924.14	0.03978493010033433
7925.81	-0.7406747698996655
7927.48	0.03399063010033439
7929.15	-0.6903880698996655
7930.82	0.1462699301003344
7932.48	-0.6023558698996656
7934.15	0.2653809301003346
7935.82	-0.5167139698996656
7937.49	0.35307213010033445
7939.16	-0.5018757698996655
7940.82	0.1153163301003344
7942.49	-0.7996833298996656
7944.16	-0.005845069899665489
7945.83	-0.6371036698996658
7947.49	0.5250774301003343
7949.16	0.07199813010033441
7950.83	1.0811771001003343
7952.5	0.0852452301003344
7954.17	0.4314636301003344
7955.83	-0.7807309698996657
7957.5	-0.31884536989966566
7959.17	-1.1197526698996656
7960.84	-0.06917866989966574
7962.51	-0.5678401698996656
7964.17	0.45717123010033456
7965.84	-0.3668207698996656
7967.51	0.3259349301003345
7969.18	-0.4240551698996657
7970.85	0.4248536301003343
7972.51	-0.20066146989966552
7974.18	0.8379140301003343
7975.85	0.1934676301003344
7977.52	0.9687770301003343
7979.18	-0.036718769899665646
7980.85	0.4358116301003343
7982.52	-0.5790000698996658
7984.19	0.04340433010033431
7985.86	-0.8671303698996654
7987.52	0.09701873010033435
7989.19	-0.4981181398996656
7990.86	0.4837689301003344
7992.53	-0.3225880698996656
7994.2	0.37034333010033454
7995.86	-0.4179033698996656
7997.53	0.5460918301003345
7999.2	-0.05736746989966561
8000.87	0.9070688651003345
8002.53	0.17996743010033428
8004.2	0.9171870401003342
8005.87	-0.05047709989966569
8007.54	0.5185013301003345
8009.21	-0.44323606989966563
8010.87	0.2505840701003343
8012.54	-0.4779361398996656
8014.21	0.33754253010033447
8015.88	-0.4570932698996656
8017.55	0.1827643301003345
8019.21	-0.8302906698996656
8020.88	-0.3089228698996656
8022.55	-1.1954859698996656
8024.22	-0.26868176989966563
8025.89	-0.7018111698996655
8027.55	0.4200729301003344
8029.22	-0.17792106989966552
8030.89	0.6554436301003346
8032.56	-0.11495496989966565
8034.22	0.5881483301003344
8035.89	-0.24247076989966562
8037.56	0.4517829301003344
8039.23	-0.4291742698996656
8040.9	0.12685943010033437
8042.56	-0.8764120698996656
8044.23	-0.36130696989966565
8045.9	-1.2408593698996655
8047.57	-0.5886830698996656
8049.24	-1.3115540698996655
8050.9	-0.4174010698996655
8052.57	-0.9932090698996655
8054.24	-0.07976491989966561
8055.91	-0.7464938698996656
8057.58	0.16604103010033439
8059.24	-0.40723006989966554
8060.91	0.5412391301003343
8062.58	-0.10350586989966559
8064.25	0.7549346301003345
8065.91	-0.0778510698996655
8067.58	0.7749995301003344
8069.25	-0.018367869899665813
8070.92	0.6425684301003345
8072.59	-0.2730485698996657
8074.25	0.36800813010033445
8075.92	-0.5848550698996655
8077.59	0.21837363010033445
8079.26	-0.5031130698996656
8080.93	0.5388223301003345
8082.59	-0.02730406989966565
8084.26	0.8058213301003343
8085.93	0.10136093010033442
8087.6	0.7960180301003345
8089.27	-0.026867069899665606
8090.93	0.6451745301003345
8092.6	-0.28218236989966555
8094.27	0.4889556301003344
8095.94	-0.3938803698996657
8097.6	0.2799195301003344
8099.27	-0.4672500698996657
8100.94	0.2568853301003343
8102.61	-0.3917064698996656
8104.28	0.4070015301003343
8105.94	-0.42352186989966556
8107.61	0.3193925301003344
8109.28	-0.5876697698996656
8110.95	0.16321413010033453
8112.62	-0.4687868698996655
8114.28	0.45577303010033454
8115.95	-0.08666826989966567
8117.62	0.7939069301003343
8119.29	-0.059642069899665605
8120.96	0.5911819301003345
8122.62	-0.34006106989966567
8124.29	0.3346629301003343
8125.96	-0.4832657698996655
8127.63	0.2711819301003344
8129.29	-0.5299585098996655
8130.96	0.3410644301003344
8132.63	-0.26511241989966566
8134.3	0.7645104301003345
8135.97	0.21944503010033434
8137.63	1.1799361301003346
8139.3	0.32042903010033424
8140.97	0.8909938301003345
8142.64	0.01931623010033432
8144.31	0.6451666301003344
8145.97	-0.17302306989966568
8147.64	0.5198361301003345
8149.31	-0.43467466989966563
8150.98	0.13236273010033436
8152.65	-0.8970677698996659
8154.31	-0.3096872298996657
8155.98	-0.9556139698996656
8157.65	-0.06285456989966565
8159.32	-0.5255007698996657
8160.98	0.40727253010033443
8162.65	-0.17696746989966577
8164.32	0.6987849301003344
8165.99	-0.05748076989966553
8167.66	0.7535731301003344
8169.32	0.001036930100334299
8170.99	0.8080148301003343
8172.66	0.1465799301003343
8174.33	0.8289967301003344
8176.0	0.029263940100334375
8177.66	0.7092250301003343
8179.33	-0.20190296989966564
8181.0	0.46111073010033427
8182.67	-0.3102303998996655
8184.33	0.44819763010033425
8186.0	-0.2529266698996655
8187.67	0.48389353010033453
8189.34	-0.37494156989966554
8191.01	0.38100713010033427
8192.67	-0.4533730698996655
8194.34	0.21343393010033446
8196.01	-0.5067081698996657
8197.68	0.2647362301003344
8199.35	-0.5634027698996655
8201.01	0.3093733301003345
8202.68	-0.5964386698996657
8204.35	0.12419593010033445
8206.02	-0.7103071698996656
8207.69	0.062457830100334275
8209.35	-0.6373939698996656
8211.02	0.3461330301003344
8212.69	-0.30358866989966565
8214.36	0.7172031301003344
8216.02	-0.04830866989966558
8217.69	0.7225182301003342
8219.36	-0.1436127698996656
8221.03	0.5880981401003342
8222.7	-0.18936366989966563
8224.36	0.5018647301003345
8226.03	-0.3277085698996657
8227.7	0.38978103010033427
8229.37	-0.5256073198996656
8231.04	0.13474583010033442
8232.7	-0.7436084598996656
8234.37	-0.10859666989966561
8236.04	-0.9888483998996656
8237.71	-0.44033446989966557
8239.38	-1.3337162698996656
8241.04	-0.5635776698996655
8242.71	-1.1271052698996655
8244.38	0.12661393010033445
8246.05	-0.02521766989966545
8247.71	1.2443416301003343
8249.38	0.8752673301003343
8251.05	1.7478245001003345
8252.72	0.7720997901003346
8254.39	1.3795326301003343
8256.05	0.2960706301003344
8257.72	0.9588764301003344
8259.39	0.27588093010033454
8261.06	0.9371626301003344
8262.73	0.13481153010033436
8264.39	0.8028734211003343
8266.06	-0.16931546989966573
8267.73	0.5766753601003343
8269.4	-0.14812526989966565
8271.07	0.7687170301003345
8272.73	0.09116263010033432
8274.4	0.7893365301003341
8276.07	-0.23924206989966562
8277.74	0.12568993010033438
8279.4	-1.0336222698996653
8281.07	-0.5829240698996656
8282.74	-1.5247009098996656
8284.41	-0.5904570698996656
8286.08	-1.0890987698996657
8287.74	0.01794743010033455
8289.41	-0.4496129698996656
8291.08	0.43591293010033433
8292.75	-0.3672453698996656
8294.42	0.3601144601003344
8296.08	-0.3657361698996656
8297.75	0.5831815301003345
8299.42	0.08280023010033445
8301.09	0.9642622301003343
8302.76	0.17745233010033434
8304.42	0.8563737301003342
8306.09	-0.15192406989966578
8307.76	0.49822113010033425
8309.43	-0.2319668698996656
8311.09	0.6131248301003344
8312.76	-0.12035288989966571
8314.43	0.5871892301003344
8316.1	-0.39753156989966554
8317.77	0.3783619301003344
8319.43	-0.43287586989966564
8321.1	0.5142886301003344
8322.77	0.07417353010033448
8324.44	1.1215517301003344
8326.11	0.4652896301003346
8327.77	1.1353063301003343
8329.44	0.08472908010033446
8331.11	0.7955882301003344
8332.78	-0.1517923698996658
8334.45	0.5176110301003343
8336.11	-0.36704806989966565
8337.78	0.2884892301003344
8339.45	-0.6950832698996657
8341.12	-0.0688840698996657
8342.78	-0.8710328698996659
8344.45	0.045117330100334474
8346.12	-0.5569048698996657
8347.79	0.3301658301003344
8349.46	-0.26864496989966563
8351.12	0.6987006801003345
8352.79	0.06830773010033428
8354.46	0.9201359301003343
8356.13	0.12461193010033433
8357.8	0.7170379301003343
8359.46	-0.06481506989966565
8361.13	0.5996959301003344
8362.8	-0.1550161698996656
8364.47	0.6264990301003343
8366.13	-0.23671558989966557
8367.8	0.4700908301003343
8369.47	-0.33463836989966567
8371.14	0.47163003010033455
8372.81	-0.08681766989966563
8374.47	0.8555172301003344
8376.14	0.1121627301003345
8377.81	0.8026438301003344
8379.48	-0.1719302698996655
8381.15	0.5586107301003341
8382.81	-0.36685001989966565
8384.48	0.29334163010033437
8386.15	-0.6035877698996656
8387.82	0.1284652301003343
8389.49	-0.6294228888996655
8391.15	0.15064223010033445
8392.82	-0.5368856498996657
8394.49	0.37743273010033435
8396.16	-0.37947596989966553
8397.82	0.4684697301003344
8399.49	-0.32920806989966545
8401.16	0.5634857211003343
8402.83	-0.09760676989966562
8404.5	0.49578323010033437
8406.16	-0.3923182698996655
8407.83	0.13582913010033443
8409.5	-0.8338598698996655
8411.17	-0.006798669899665566
8412.84	-0.5627558698996656
8414.5	0.6222940901003345
8416.17	0.33982423010033436
8417.84	1.4731669301003343
8419.51	1.0413879301003344
8421.18	1.9903302301003343
8422.84	1.1897759301003343
8424.51	1.8123241301003343
8426.18	0.7991099301003344
8427.85	1.3282184301003344
8429.51	0.36554163010033436
8431.18	1.0632104301003344
8432.85	0.29891133010033455
8434.52	1.0746353301003344
8436.19	0.2450391401003345
8437.85	0.8289861301003342
8439.52	0.02857523010033438
8441.19	0.7528814301003341
8442.86	-0.15473076989966567
8444.53	0.6074981301003344
8446.19	-0.1868325698996655
8447.86	0.5966914801003345
8449.53	0.02197543010033446
8451.2	0.7620348301003345
8452.87	-0.040666069899665605
8454.53	0.7080762301003343
8456.2	-0.2694197698996656
8457.87	0.6024229301003343
8459.54	-0.19284794989966556
8461.2	0.6670476301003345
8462.87	-0.013672269899665612
8464.54	0.6248374301003344
8466.21	-0.4654802698996656
8467.88	0.14989423010033442
8469.54	-0.9943577698996657
8471.21	-0.3314066698996657
8472.88	-1.1720350698996658
8474.55	-0.3847379698996656
8476.22	-0.9722286698996653
8477.88	-0.05394186989966565
8479.55	-0.8232229698996656
8481.22	0.08478073010033442
8482.89	-0.7200267698996655
8484.56	0.06398162010033444
8486.22	-0.5497122698996657
8487.89	0.32940853010033433
8489.56	-0.4187786698996656
8491.23	0.39423123010033434
8492.89	-0.32678816989966564
8494.56	0.49712433010033424
8496.23	-0.2300980698996656
8497.9	0.48739113010033447
8499.57	-0.27485286989966556
8501.23	0.5744189301003344
8502.9	-0.25494029989966543
8504.57	0.4992890301003345
8506.24	-0.43600396989966556
8507.91	0.10988293010033441
8509.57	-0.9108370698996657
8511.24	-0.30852306989966555
8512.91	-1.0612370698996656
8514.58	-0.12505026989966564
8516.25	-0.5644763698996655
8517.91	0.4574929301003346
8519.58	-0.19988816989966565
8521.25	0.5917368901003345
8522.92	-0.24272906989966544
8524.58	0.5306325301003344
8526.25	-0.16084636989966553
8527.92	0.6530547301003343
8529.59	0.07120616010033441
8531.26	0.7610145301003346
8532.92	-0.21673526989966554
8534.59	0.25111393010033445
8536.26	-0.8814310698996657
8537.93	-0.2627928698996656
8539.6	-1.1196850698996659
8541.26	-0.2969702698996658
8542.93	-0.8661544698996655
8544.6	0.1423391301003344
8546.27	-0.5389910698996655
8547.93	0.26550213010033435
8549.6	-0.6510580698996655
8551.27	0.02033193010033444
8552.94	-0.8739949698996657
8554.61	-0.05472815989966569
8556.27	-0.7575079698996656
8557.94	0.29508443010033436
8559.61	-0.2634983098996655
8561.28	0.6534251301003343
8562.95	0.00021243010033429323
8564.61	0.8195528901003344
8566.28	-0.0968712698996657
8567.95	0.5321437001003344
8569.62	-0.3243545698996656
8571.29	0.5001546301003345
8572.95	-0.14555776989966565
8574.62	0.7489850301003343
8576.29	-0.0718055698996655
8577.96	0.5606502301003342
8579.62	-0.4387226698996655
8581.29	0.11993493010033433
8582.96	-0.5486476698996656
8584.63	0.30124540010033435
8586.3	-0.3704074698996656
8587.96	0.4660222301003344
8589.63	-0.4494982698996656
8591.3	0.20768903010033424
8592.97	-0.6489370698996657
8594.64	0.05025646010033434
8596.3	-0.6850962898996656
8597.97	0.24915823010033447
8599.64	-0.4603682698996656
8601.31	0.4411516301003343
8602.98	-0.3152222698996656
8604.64	0.38762033010033414
8606.31	-0.4198923698996656
8607.98	0.2435860301003344
8609.65	-0.7322562298996655
8611.31	0.012777230100334358
8612.98	-0.9708265698996655
8614.65	-0.2594470698996656
8616.32	-1.0110683698996659
8617.99	-0.1408427698996656
8619.65	-0.6594889598996655
8621.32	0.26690513010033445
8622.99	-0.30976686989966556
8624.66	0.5695308301003346
8626.33	-0.2104886998996655
8627.99	0.7338569301003344
8629.66	-0.014600079899665542
8631.33	0.6327347501003342
8633.0	-0.23001736989966562
8634.67	0.45505383010033446
8636.33	-0.31841746989966563
8638.0	0.5271449301003345
8639.67	-0.2175477998996656
8641.34	0.7070132301003345
8643.0	-0.05758696989966561
8644.67	0.5064226601003344
8646.34	-0.45038916989966565
8648.01	0.13106593010033446
8649.68	-0.7633287698996658
8651.34	-0.09292756989966575
8653.01	-0.8302389698996654
8654.68	0.09822831010033448
8656.35	-0.5372755698996655
8658.02	0.31706883010033443
8659.68	-0.36019176989966545
8661.35	0.35703493010033444
8663.02	-0.34963506989966564
8664.69	0.5438799301003343
8666.36	-0.27004406989966556
8668.02	0.45100043010033425
8669.69	-0.5741463698996656
8671.36	0.03656393010033439
8673.03	-0.6618350698996655
8674.69	0.2534434301003343
8676.36	-0.33357013989966566
8678.03	0.7460410901003345
8679.7	-0.06425289989966562
8681.37	0.6587791301003343
8683.03	-0.09981166989966553
8684.7	0.7634278301003342
8686.37	0.3167921301003343
8688.04	1.3277743301003344
8689.71	0.5564929301003344
8691.37	1.3026736301003343
8693.04	0.4068237301003343
8694.71	1.1843212301003343
8696.38	0.42414133010033445
8698.04	0.9466785301003343
8699.71	-0.08399616989966562
8701.38	0.3538273301003344
8703.05	-0.6065610698996657
8704.72	0.19129993010033447
8706.38	-0.3484890698996656
8708.05	0.7615432301003342
8709.72	0.3368597301003343
8711.39	1.1528460301003345
8713.06	0.3417724301003343
8714.72	0.9846910981003344
8716.39	0.018636920100334353
8718.06	0.6394513301003345
8719.73	-0.23635711989966574
8721.4	0.3530163301003344
8723.06	-0.33933306989966566
8724.73	0.4994848301003344
8726.4	-0.11080956989966557
8728.07	0.8160921301003345
8729.73	0.10267083010033444
8731.4	0.7283456301003344
8733.07	-0.30655186989966576
8734.74	0.2130782301003345
8736.41	-0.5356020698996657
8738.07	0.3147961301003344
8739.74	-0.11305526989966556
8741.41	0.7463236301003343
8743.08	-0.04059996989966563
8744.75	0.5128409301003345
8746.41	-0.6008644998996657
8748.08	0.015089030100334444
8749.75	-0.8324261698996656
8751.42	-0.06747546989966562
8753.09	-0.6738038698996657
8754.75	0.2918278301003343
8756.42	-0.45084476989966554
8758.09	0.3333635301003343
8759.76	-0.6838798698996655
8761.42	-0.04525866989966554
8763.09	-0.9107017698996656
8764.76	-0.13920206989966571
8766.43	-0.8473477698996656
8768.1	-0.09566316989966564
8769.76	-1.0088942698996655
8771.43	-0.4208833698996656
8773.1	-1.3426633698996653
8774.77	-0.6162738698996655
8776.44	-1.1167879698996657
8778.1	0.04494153010033443
8779.77	-0.32018706989966567
8781.44	0.7515768301003345
8783.11	0.2873885301003344
8784.78	1.0861039301003346
8786.44	0.3330485301003344
8788.11	0.9369029301003342
8789.78	0.0006451301003343124
8791.45	0.6750386301003343
8793.11	-0.10655036989966556
8794.78	0.5441343301003343
8796.45	-0.1641203698996656
8798.12	0.8076066301003344
8799.79	0.1313841301003344
8801.45	0.9814028301003344
8803.12	0.10485289010033438
8804.79	0.7352432301003345
8806.46	-0.11898966989966567
8808.13	0.4941019301003344
8809.79	-0.35161906989966557
8811.46	0.5348035301003342
8813.13	-0.23213345989966577
8814.8	0.5873870501003343
8816.47	-0.3461582698996657
8818.13	0.2798475301003343
8819.8	-0.7169028698996658
8821.47	-0.13818606989966567
8823.14	-1.0686390698996657
8824.8	-0.2725440698996656
8826.47	-0.9561267698996657
8828.14	-0.007195369899665671
8829.81	-0.5139445698996656
8831.48	0.3911649301003345
8833.14	-0.26945706989966556
8834.81	0.5983856301003343
8836.48	-0.0834130698996655
8838.15	0.7974396301003345
8839.82	0.16948883010033447
8841.48	1.0523980551003347
8843.15	0.36211713010033436
8844.82	1.0456791341003344
8846.49	0.16809743010033437
8848.16	0.7227394301003345
8849.82	-0.23261782989966573
8851.49	0.3860445301003344
8853.16	-0.5122268898996655
8854.83	0.22507583010033444
8856.49	-0.4415802698996657
8858.16	0.6410103301003344
8859.83	0.09167803010033437
8861.5	1.0000747301003343
8863.17	0.20680093010033432
8864.83	0.7010238301003344
8866.5	-0.0428520698996657
8868.17	0.8566075301003344
8869.84	0.25975523010033436
8871.51	1.3062179301003343
8873.17	0.5019079301003343
8874.84	1.0588587001003344
8876.51	0.19942483010033435
8878.18	0.8452248301003344
8879.84	0.11296843010033437
8881.51	1.0816135301003342
8883.18	0.3975893301003343
8884.85	1.2296709301003346
8886.52	0.38623263010033454
8888.18	1.2119808301003345
8889.85	0.3754123301003344
8891.52	1.0742661301003344
8893.19	0.07436603010033434
8894.86	0.5952178301003345
8896.52	-0.40721296989966566
8898.19	0.2174835301003344
8899.86	-0.6063877698996656
8901.53	0.1945409301003344
8903.2	-0.6044071698996655
8904.86	0.06541283010033438
8906.53	-0.8638578698996655
8908.2	-0.09563306989966561
8909.87	-0.7791031698996657
8911.53	0.0811438301003344
8913.2	-0.46562456989966544
8914.87	0.40315883010033443
8916.54	-0.4325400698996657
8918.21	0.3864520301003343
8919.87	-0.3718780698996655
8921.54	0.4712434301003346
8923.21	-0.22542806989966557
8924.88	0.42273402010033445
8926.55	-0.4776960698996656
8928.21	0.27173943010033424
8929.88	-0.5087212698996655
8931.55	0.5958371301003343
8933.22	0.19043540110033447
8934.89	1.1420544301003341
8936.55	0.36761883010033436
8938.22	0.8652758301003344
8939.89	-0.31020206989966564
8941.56	0.1364081301003344
8943.22	-0.8614997998996653
8944.89	-0.1012439418996656
8946.56	-0.8322510698996657
8948.23	-0.07863956989966553
8949.9	-0.9269314698996652
8951.56	-0.0774785698996657
8953.23	-0.9426697698996656
8954.9	-0.061944369899665716
8956.57	-0.7897388698996657
8958.24	0.09475862010033435
8959.9	-0.5805785298996655
8961.57	0.3023576301003345
8963.24	-0.2866598698996656
8964.91	0.8424851301003343
8966.58	0.09375253010033438
8968.24	0.9934893301003346
8969.91	0.1757446301003345
8971.58	0.9574935301003343
8973.25	0.23178973010033427
8974.91	1.0436684301003343
8976.58	0.1661858601003343
8978.25	0.6977709301003345
8979.92	-0.5951740698996655
8981.59	-0.36807806989966557
8983.25	-1.4764056698996657
8984.92	-0.7721366698996655
8986.59	-1.5320284698996656
8988.26	-0.5824241298996657
8989.93	-1.2198413698996655
8991.59	-0.26292366989966565
8993.26	-0.6927080698996655
8994.93	0.46731513010033454
8996.6	-0.007386169899665518
8998.27	0.9782768301003341
8999.93	0.08051063010033446
9001.6	0.4832680301003343
9003.27	-0.5222725698996655
9004.94	0.06453283010033439
9006.6	-0.8253368298996658
9008.27	-0.0682930698996655
9009.94	-0.9100250698996657
9011.61	-0.18166578989966548
9013.28	-0.8737189298996656
9014.94	-0.11855046989966556
9016.61	-0.7107194698996656
9018.28	0.18938193010033438
9019.95	-0.7058066698996656
9021.62	-0.15656006989966556
9023.28	-1.0803572698996657
9024.95	-0.5404009698996657
9026.62	-1.240750269899666
9028.29	-0.40240172989966555
9029.96	-0.9406877698996656
9031.62	0.004157130100334317
9033.29	-0.6797808898996656
9034.96	0.0386605301003345
9036.63	-0.6972096298996654
9038.29	-0.00048016989966556125
9039.96	-0.7058534698996655
9041.63	0.15902642010033438
9043.3	-0.4223793698996657
9044.97	0.39963674010033445
9046.63	-0.36980806989966564
9048.3	0.27879123010033446
9049.97	-0.7492580698996656
9051.64	-0.11957736989966568
9053.31	-0.8785499698996656
9054.97	0.017480530100334325
9056.64	-0.5046172198996655
9058.31	0.5527687401003345
9059.98	-0.18331506989966556
9061.64	0.3573157401003344
9063.31	-0.8683370698996656
9064.98	-0.4349080698996657
9066.65	-1.261043069899666
9068.32	-0.16342346989966555
9069.98	-0.42282206989966575
9071.65	0.9011004301003345
9073.32	0.5676579301003344
9074.99	1.2802279301003343
9076.66	0.19498393010033438
9078.32	0.5624479301003344
9079.99	-0.7712100698996655
9081.66	-0.4824492698996658
9083.33	-1.5648140698996658
9085.0	-0.9524606698996656
9086.66	-1.499794169899666
9088.33	-0.4133520298996657
9090.0	-0.7922207698996656
9091.67	0.2065729301003345
9093.33	-0.5569272698996655
9095.0	0.10562893010033444
9096.67	-0.9640497698996656
9098.34	-0.32843546989966543
9100.01	-1.1351084698996659
9101.67	-0.40025716989966564
9103.34	-0.9642842698996656
9105.01	-0.0018075698996655731
9106.68	-0.5288613698996654
9108.35	0.4438414701003344
9110.01	-0.12784643989966563
9111.68	0.5838432301003345
9113.35	-0.1993726698996657
9115.02	0.16641103010033428
9116.69	-0.8564539598996654
9118.35	-0.25920468989966555
9120.02	-1.0683926698996653
9121.69	-0.1960830598996656
9123.36	-0.6357909398996655
9125.02	0.3059281301003345
9126.69	-0.13351923989966547
9128.36	0.6483469301003344
9130.03	-0.0626242698996656
9131.7	0.6973739301003343
9133.36	-0.1607251698996656
9135.03	0.6024336301003343
9136.7	-0.11748836989966556
9138.37	0.7755948001003344
9140.04	0.15923073010033437
9141.7	0.8996722301003344
9143.37	0.10662433010033442
9145.04	0.6753627301003344
9146.71	-0.2940864698996656
9148.38	0.3205326301003343
9150.04	-0.5419511698996654
9151.71	0.10405383010033453
9153.38	-0.7381996698996656
9155.05	-0.056786569899665684
9156.71	-0.9259958698996655
9158.38	-0.08547041889966567
9160.05	-0.7990880698996656
9161.72	0.06595813010033429
9163.39	-0.4788300698996656
9165.05	0.4908505301003344
9166.72	-0.11201976989966544
9168.39	0.8324837301003344
9170.06	0.18306733010033455
9171.73	0.9612016301003343
9173.39	0.13396893010033434
9175.06	0.8453301301003344
9176.73	-0.06451546989966568
9178.4	0.5457032701003344
9180.07	-0.4117178698996657
9181.73	0.16265913010033436
9183.4	-0.5375708698996657
9185.07	0.40763933010033454
9186.74	-0.23287476989966568
9188.4	0.7167939301003343
9190.07	0.05328921010033438
9191.74	0.8227117301003343
9193.41	-0.06349656989966561
9195.08	0.5848579301003345
9196.74	-0.41383596989966565
9198.41	0.005865230100334351
9200.08	-1.0620970698996655
9201.75	-0.5068132698996655
9203.42	-1.2914836698996655
9205.08	-0.21214096989966552
9206.75	-0.6769127698996658
9208.42	0.4720903301003343
9210.09	-0.1426210698996657
9211.76	0.4825370301003343
9213.42	-0.5644052698996656
9215.09	-0.13777516989966573
9216.76	-1.1879592698996657
9218.43	-0.4624476698996654
9220.09	-1.1594790698996655
9221.76	-0.2108922698996655
9223.43	-0.7951160698996655
9225.1	0.24958333010033443
9226.77	-0.33834776989966553
9228.43	0.6567787301003345
9230.1	0.06769683010033438
9231.77	0.8869788901003346
9233.44	0.0946414301003344
9235.11	0.7673234801003346
9236.77	-0.21776630289966564
9238.44	0.5137650301003343
9240.11	-0.4833268698996657
9241.78	0.19205563010033444
9243.44	-0.7743040698996657
9245.11	0.02252393010033451
9246.78	-0.6532644298996656
9248.45	0.33013273010033445
9250.12	-0.2488574698996656
9251.78	0.6351420301003343
9253.45	-0.19414136989966563
9255.12	0.6082040301003344
9256.79	-0.1249012698996655
9258.46	0.8149760301003344
9260.12	0.39963693010033435
9261.79	1.3567626501003347
9263.46	0.7339917301003346
9265.13	1.2853323301003343
9266.8	0.16530267010033448
9268.46	0.46860223010033425
9270.13	-0.4948897798996657
9271.8	-0.024796569899665655
9273.47	-0.8512597698996656
9275.13	-0.06192646989966555
9276.8	-0.4947067698996655
9278.47	0.4274915301003344
9280.14	-0.003245469899665587
9281.81	0.7445209301003345
9283.47	-0.0028799698996654134
9285.14	0.6055836701003343
9286.81	-0.3237027698996657
9288.48	0.23692765010033456
9290.15	-0.4847290698996657
9291.81	0.010363910100334462
9293.48	-0.8145850698996657
9295.15	-0.21121966989966562
9296.82	-1.1156050698996653
9298.49	-0.3191180698996656
9300.15	-1.0804759698996658
9301.82	-0.31403546989966563
9303.49	-1.0152424698996654
9305.16	-0.2930102698996656
9306.82	-0.9065760698996655
9308.49	0.06760850010033441
9310.16	-0.6191876698996654
9311.83	0.24249710010033426
9313.5	-0.6840961698996656
9315.16	-0.07191897989966567
9316.83	-0.9522998698996659
9318.5	-0.25244496989966553
9320.17	-0.8472362898996657
9321.84	0.1552829301003344
9323.5	-0.46594306989966566
9325.17	0.26873143010033446
9326.84	-0.6984410698996656
9328.51	-0.12572905989966565
9330.18	-0.9705897698996656
9331.84	-0.09407016989966581
9333.51	-0.5473118698996657
9335.18	0.5188150301003345
9336.85	-0.14997906989966556
9338.51	0.3799686101003344
9340.18	-0.6261166698996655
9341.85	-0.08803023989966563
9343.52	-0.9226070698996658
9345.19	-0.14614176989966574
9346.85	-0.7840348698996659
9348.52	0.08045733010033437
9350.19	-0.6581133698996655
9351.86	0.13583573010033428
9353.53	-0.3489760698996657
9355.19	0.5170507301003344
9356.86	-0.04974706989966578
9358.53	0.6946991301003342
9360.2	-0.03433006989966558
9361.87	0.7988169301003346
9363.53	-0.08253906989966572
9365.2	0.5219213501003341
9366.87	-0.3305209698996656
9368.54	0.11902573010033446
9370.2	-0.7832375698996655
9371.87	-0.0633933698996656
9373.54	-0.6133127698996657
9375.21	0.4795300301003344
9376.88	0.034020030100334275
9378.54	1.0309914301003344
9380.21	0.4577812301003344
9381.88	1.1021063301003344
9383.55	0.10074492010033435
9385.22	0.4077097501003344
9386.88	-0.5523025698996655
9388.55	0.06378653010033435
9390.22	-0.7754732698996656
9391.89	-0.03911069989966558
9393.56	-0.9147920698996655
9395.22	-0.3375260698996656
9396.89	-1.2232545098996659
9398.56	-0.5474663698996656
9400.23	-1.3470785698996655
9401.89	-0.3776463698996656
9403.56	-1.0737937698996658
9405.23	-0.07035244389966569
9406.9	-0.6780287698996655
9408.57	0.3843224301003344
9410.23	-0.14750046989966564
9411.9	0.7033255767003344
9413.57	-0.10744928989966554
9415.24	0.4841722101003342
9416.91	-0.3627810598996656
9418.57	0.4262429301003343
9420.24	-0.3256310698996656
9421.91	0.5835908301003344
9423.58	-0.05146756989966559
9425.24	0.6055989301003344
9426.91	-0.1880355698996657
9428.58	0.34476273010033437
9430.25	-0.5534432698996655
9431.92	0.17308400010033448
9433.58	-0.6328423698996657
9435.25	0.17979973010033426
9436.92	-0.5378060698996656
9438.59	0.23209393010033433
9440.26	-0.4993729698996655
9441.92	0.038264430100334326
9443.59	-0.8196801698996655
9445.26	-0.11862763989966559
9446.93	-0.8158952698996655
9448.6	0.049198330100334434
9450.26	-0.5599041798996656
9451.93	0.2921252551003343
9453.6	-0.3347211698996655
9455.27	0.46576683010033443
9456.93	-0.10231286989966568
9458.6	0.8388480301003343
9460.27	0.11660143010033439
9461.94	0.8578918301003344
9463.61	-0.06558146989966565
9465.27	0.7312477301003344
9466.94	0.005345930100334328
9468.61	0.9217054301003345
9470.28	0.20475113010033433
9471.95	1.0398914301003341
9473.61	-0.04622336989966559
9475.28	0.5772024201003342
9476.95	-0.39732006989966556
9478.62	0.3165599301003345
9480.29	-0.4140700698996656
9481.95	0.48517903010033436
9483.62	-0.26894856989966553
9485.29	0.6979862301003343
9486.96	-0.1159794698996655
9488.62	0.7013109301003344
9490.29	0.007929830100334323
9491.96	0.7616479301003343
9493.63	0.003274230100334408
9495.3	0.6309969401003344
9496.96	-0.4113034698996655
9498.63	0.09144083010033446
9500.3	-1.0439083698996652
9501.97	-0.3064742698996656
9503.64	-0.8375538698996656
9505.3	0.15844163010033446
9506.97	-0.3192990698996655
9508.64	0.39097033010033433
9510.31	-0.5739768698996658
9511.98	-0.2120075698996658
9513.64	-1.3589446798996656
9515.31	-0.6093625698996655
9516.98	-1.2264203698996656
9518.65	-0.3747323698996656
9520.31	-0.9059648698996655
9521.98	-0.22074386989966568
9523.65	-0.9953947498996657
9525.32	-0.4095502698996656
9526.99	-1.2616608698996656
9528.65	-0.3203226698996655
9530.32	-0.7451269698996656
9531.99	0.3056577301003345
9533.66	-0.15363168989966552
9535.33	0.5496486301003343
9536.99	-0.46448706989966554
9538.66	-0.16871636989966557
9540.33	-1.3927040698996658
9542.0	-0.7970980698996657
9543.67	-1.478112069899666
9545.33	-0.43390866989966553
9547.0	-0.8964656698996656
9548.67	-0.006593069899665627
9550.34	-0.8836810698996655
9552.0	-0.2188396698996657
9553.67	-1.2698950698996656
9555.34	-0.6006250698996657
9557.01	-1.2983673698996654
9558.68	-0.44412196989966557
9560.34	-1.0528355698996654
9562.01	0.013986830100334347
9563.68	-0.6884369898996655
9565.35	0.3001876301003344
9567.02	-0.3539502698996656
9568.68	0.46335423010033444
9570.35	-0.13492706989966569
9572.02	0.6832238601003345
9573.69	-0.07896586989966572
9575.35	0.6991472301003344
9577.02	-0.20686346989966556
9578.69	0.34816223010033437
9580.36	-0.6937122698996656
9582.03	-0.16356166989966564
9583.69	-1.1661252698996654
9585.36	-0.5901101698996657
9587.03	-1.2838552698996657
9588.7	-0.18680536989966565
9590.37	-0.46642026989966573
9592.03	0.7892189301003344
9593.7	0.19953793010033447
9595.37	1.0061307301003342
9597.04	0.12010603010033445
9598.71	0.6910778301003342
9600.37	-0.09527216989966555
9602.04	0.6945589301003343
9603.71	-0.21069386989966565
9605.38	0.4474686301003345
9607.04	-0.44541726989966557
9608.71	0.24922283010033425
9610.38	-0.5984176698996656
9612.05	-0.1348228698996658
9613.72	-1.2093456698996654
9615.38	-0.6586491698996656
9617.05	-1.5847437698996654
9618.72	-0.5665258698996656
9620.39	-0.9135620698996657
9622.06	0.2855190301003344
9623.72	-0.22206276989966564
9625.39	0.47535623010033445
9627.06	-0.5067446898996656
9628.73	0.09372273010033443
9630.4	-0.8607041698996657
9632.06	-0.1848640698996658
9633.73	-1.1006733698996656
9635.4	-0.4700428698996655
9637.07	-1.4369968698996654
9638.73	-0.7209935698996656
9640.4	-1.3318056698996656
9642.07	-0.19645496989966577
9643.74	-0.40314896989966564
9645.41	0.7626957301003345
9647.07	0.16129093010033452
9648.74	0.9099900701003341
9650.41	0.18447013010033442
9652.08	0.8306399301003344
9653.75	0.09456143010033442
9655.41	0.8835672301003343
9657.08	0.14915693010033432
9658.75	0.9846389301003343
9660.42	0.34252843010033435
9662.09	1.1985135901003345
9663.75	0.7896798301003345
9665.42	1.7091914001003345
9667.09	0.9741699301003346
9668.76	1.6554625301003347
9670.42	0.4396507301003344
9672.09	0.7597099301003344
9673.76	-0.32141206989966553
9675.43	0.26779443010033444
9677.1	-0.2707796698996655
9678.76	0.5238709301003344
9680.43	-0.11652586989966554
9682.1	0.5275868301003344
9683.77	-0.48060726989966546
9685.44	0.10678923010033439
9687.1	-0.6374961648996654
9688.77	0.17851063010033447
9690.44	-0.17318736989966554
9692.11	0.9236274001003345
9693.78	0.5091719301003343
9695.44	1.4606406101003344
9697.11	0.5683380301003345
9698.78	1.0878673301003343
9700.45	-0.044191869899665545
9702.11	0.4100458301003343
9703.78	-0.7105602698996656
9705.45	-0.04687706989966558
9707.12	-0.9976814298996658
9708.79	-0.07384526989966562
9710.45	-0.5598450398996658
9712.12	0.5774329301003344
9713.79	0.08440093010033436
9715.46	0.8660973301003343
9717.13	-0.12519920989966554
9718.79	0.46410153010033434
9720.46	-0.4176602698996656
9722.13	0.5628618301003343
9723.8	0.1750357301003343
9725.47	1.1200910301003346
9727.13	0.39168523010033446
9728.8	1.0384179301003347
9730.47	0.1851879301003344
9732.14	0.8317470301003344
9733.8	0.053869330100334414
9735.47	0.7939705701003343
9737.14	0.11766993010033444
9738.81	0.8877727301003345
9740.48	0.1027829301003343
9742.14	0.8709989301003344
9743.81	0.2192798301003344
9745.48	0.8288325301003343
9747.15	-0.018466919899665535
9748.82	0.5782016301003345
9750.48	-0.23911116989966558
9752.15	0.4240513301003343
9753.82	-0.20047267989966566
9755.49	0.5034534301003342
9757.15	-0.1571504698996657
9758.82	0.3711028301003343
9760.49	-0.5119556698996656
9762.16	0.15379383010033454
9763.83	-0.3651432698996656
9765.49	0.5367630301003345
9767.16	0.1786955301003343
9768.83	0.7564669301003344
9770.5	-0.13358466989966558
9772.17	0.29556208010033425
9773.83	-0.4930852698996656
9775.5	0.3813466301003345
9777.17	-0.013062769899665594
9778.84	0.9429934301003344
9780.51	0.1995462301003343
9782.17	0.6659823301003344
9783.84	-0.35155946989966563
9785.51	0.32433523010033427
9787.18	-0.4973454698996657
9788.84	0.3150092901003344
9790.51	-0.4603683698996656
9792.18	0.2777909301003344
9793.85	-0.41454116989966555
9795.52	0.3913129301003343
9797.18	-0.2127985698996655
9798.85	0.8707544301003344
9800.52	0.2552584201003345
9802.19	1.0351938301003345
9803.86	0.2869268301003344
9805.52	0.8751913301003345
9807.19	0.09582525010033434
9808.86	0.7259555301003344
9810.53	-0.17803576989966557
9812.2	0.5724392301003344
9813.86	-0.015094269899665646
9815.53	0.8293019101003345
9817.2	0.15929863010033435
9818.87	0.9005185901003344
9820.53	0.020818930100334376
9822.2	0.5372463301003343
9823.87	-0.34605208989966557
9825.54	0.20583873010033446
9827.21	-0.5746007998996656
9828.87	0.06558463010033436
9830.54	-0.6764523298996657
9832.21	0.10233685010033441
9833.88	-0.2782305698996656
9835.55	0.6187287901003343
9837.21	0.08304993010033435
9838.88	0.6523344301003343
9840.55	-0.3801703698996658
9842.22	0.05106102010033444
9843.89	-0.6602254698996656
9845.55	0.10588703010033433
9847.22	-0.3011981698996656
9848.89	0.6797947301003344
9850.56	-0.045802869899665664
9852.22	0.5954183301003343
9853.89	-0.12468376989966559
9855.56	0.5585221301003345
9857.23	-0.12940656989966554
9858.9	0.5090947301003343
9860.56	-0.21377419989966553
9862.23	0.32479203010033436
9863.9	-0.6025798698996656
9865.57	-0.24074336989966555
9867.24	-1.0279600698996658
9868.9	-0.34829806989966555
9870.57	-0.9071660698996655
9872.24	0.10272303010033446
9873.91	-0.23019536989966566
9875.58	0.6823417101003344
9877.24	-0.11787236989966562
9878.91	0.25318342010033434
9880.58	-0.6821863698996657
9882.25	-0.05987736989966567
9883.91	-0.6610065698996656
9885.58	0.48662533010033443
9887.25	-0.09520726989966558
9888.92	0.6686107301003341
9890.59	-0.15298401989966567
9892.25	0.48091208010033437
9893.92	-0.30037076989966555
9895.59	0.49226103010033445
9897.26	-0.45864406989966566
9898.93	0.09166293010033444
9900.59	-0.9248498698996656
9902.26	-0.3486540698996656
9903.93	-0.9046334798996657
9905.6	0.17832403010033446
9907.27	-0.34400526989966557
9908.93	0.6451291301003346
9910.6	-0.09058886989966564
9912.27	0.6284631301003344
9913.94	-0.07541906989966571
9915.6	0.7810364001003343
9917.27	0.13886093010033426
9918.94	0.8729169301003342
9920.61	0.03885693010033444
9922.28	0.7206675301003342
9923.94	0.03731693010033434
9925.61	0.9140109301003342
9927.28	0.4082636301003344
9928.95	1.3962085301003342
9930.62	0.7518839301003346
9932.28	1.1241866301003345
9933.95	0.03403193010033449
9935.62	0.41913633010033424
9937.29	-0.6899558798996657
9938.95	-0.0010908698996655807
9940.62	-0.6860103698996655
9942.29	-0.03050706989966554
9943.96	-0.6090130698996656
9945.63	0.0643538301003345
9947.29	-0.5639260698996655
9948.96	0.5999969301003344
9950.63	-0.08495006989966554
9952.3	0.8502599301003343
9953.97	0.025614330100334405
9955.63	0.3873293301003343
9957.3	-0.5305291698996656
9958.97	0.18415153010033436
9960.64	-0.5835272398996657
9962.31	0.23599993010033432
9963.97	-0.6837085698996656
9965.64	-0.019037669899665488
9967.31	-0.9592828698996657
9968.98	-0.09179606989966553
9970.64	-0.6048786698996655
9972.31	0.3600759601003344
9973.98	-0.2155932698996656
9975.65	0.4526210301003343
9977.32	-0.45564916989966553
9978.98	0.3351444301003344
9980.65	-0.36603666989966566
9982.32	0.6088486301003346
9983.99	0.0514328301003343
9985.66	0.7889547601003344
9987.32	0.007436500100334342
9988.99	0.7626674301003343
9990.66	0.06257953010033435
9992.33	0.8766494301003342
9994.0	0.24730383010033435
9995.66	0.9555908301003344
9997.33	0.08517963010033432
9999.0	0.7126510301003344
10000.7	-0.11443406989966554
10002.3	0.49308093010033477
10004.0	-0.3614510698996657
10005.7	0.1968729301003344
10007.3	-0.5907250698996657
10009.0	0.20244754010033442
10010.7	-0.22354006989966574
10012.3	0.7190309301003343
10014.0	0.10507313010033428
10015.7	0.7245159301003342
10017.3	-0.1693155698996656
10019.0	0.5401518301003343
10020.7	-0.1925233698996656
10022.3	0.6370009301003344
10024.0	0.034676930100334326
10025.7	0.5899359301003343
10027.4	-0.6819480698996656
10029.0	-0.3702226698996657
10030.7	-1.3233953698996657
10032.4	-0.4817332698996656
10034.0	-1.0103338698996658
10035.7	-0.0572800698996657
10037.4	-0.5568115698996656
10039.0	0.2750646301003344
10040.7	-0.6364363698996656
10042.4	0.14663063010033442
10044.0	-0.5365670698996656
10045.7	0.2118925301003344
10047.4	-0.5595300698996656
10049.0	-0.07710046989966561
10050.7	-0.8415356698996656
10052.4	-0.04918096989966557
10054.0	-0.7352037698996655
10055.7	0.48011073010033434
10057.4	0.25405573010033444
10059.0	1.3071735301003344
10060.7	0.6900743401003344
10062.4	1.127611330100334
10064.0	-0.026097869899665692
10065.7	0.3988995301003344
10067.4	-0.7134764698996656
10069.1	-0.20306106989966546
10070.7	-1.1527161598996656
10072.4	-0.6839750898996655
10074.1	-1.6565302698996658
10075.7	-0.9561058698996655
10077.4	-1.4779072698996658
10079.1	-0.38850996989966563
10080.7	-0.9814345698996657
10082.4	-0.22818906989966567
10084.1	-1.0548777698996659
10085.7	-0.3544558698996655
10087.4	-1.0617316698996653
10089.1	-0.2593818398996657
10090.7	-0.8556771698996656
10092.4	-0.0113421698996655
10094.1	-0.6211708698996659
10095.7	0.3107314301003344
10097.4	-0.1243302698996656
10099.1	0.8571607301003346
10100.7	0.29855103010033435
10102.4	1.0191667641003344
10104.1	0.20988873010033443
10105.7	0.6796395301003344
10107.4	-0.3101590698996655
10109.1	0.2452319301003345
10110.7	-0.5780110698996654
10112.4	0.04920293010033443
10114.1	-0.7941370698996655
10115.8	-0.06236906989966564
10117.4	-0.9270972198996656
10119.1	-0.18994223989966566
10120.8	-1.086251069899666
10122.4	-0.4227294698996655
10124.1	-1.056527969899666
10125.8	-0.07429906989966557
10127.4	-0.40028946989966546
10129.1	1.0712420301003345
10130.8	0.7705418201003347
10132.4	1.7868957301003345
10134.1	0.8742229301003345
10135.8	1.3069997101003346
10137.4	0.38035233010033453
10139.1	0.9438383301003345
10140.8	0.06631411010033449
10142.4	0.6698725301003344
10144.1	-0.3499793698996657
10145.8	0.1475957301003344
10147.4	-0.7251009698996655
10149.1	-0.03607306989966559
10150.8	-0.6857000698996656
10152.4	0.16258383010033448
10154.1	-0.3954669698996656
10155.8	0.44840163010033446
10157.4	-0.25381296989966556
10159.1	0.34951565010033436
10160.8	-0.40531526989966576
10162.5	0.3004542101003345
10164.1	-0.33797126989966564
10165.8	0.4202176301003345
10167.5	-0.17485426989966552
10169.1	0.46233893010033456
10170.8	-0.4239090698996654
10172.5	0.02396193010033445
10174.1	-0.7754586698996654
10175.8	0.14889433010033443
10177.5	-0.29357996989966567
10179.1	0.8073784301003343
10180.8	0.21230780010033445
10182.5	0.9383534301003346
10184.1	0.18516773010033433
10185.8	0.7508751301003346
10187.5	-0.08778471989966574
10189.1	0.5854778301003344
10190.8	-0.4133294698996656
10192.5	0.19501533010033445
10194.1	-0.5721725698996656
10195.8	0.1262464301003343
10197.5	-0.3717904698996655
10199.1	0.5003342701003345
10200.8	-0.2508885698996656
10202.5	0.39436835010033444
10204.1	-0.5658849298996658
10205.8	0.07563905010033437
10207.5	-0.4047976198996657
10209.2	0.6890008301003343
10210.8	0.27438403010033446
10212.5	1.2508164301003344
10214.2	0.4157650001003342
10215.8	1.1205451301003344
10217.5	0.16956793010033472
10219.2	0.8964961301003346
10220.8	0.3016717301003341
10222.5	1.2118643301003345
10224.2	0.7389376301003346
10225.8	1.7157305301003345
10227.5	1.2043820301003345
10229.2	2.098238040100335
10230.8	1.3449881301003344
10232.5	1.948059530100334
10234.2	1.018691830100334
10235.8	1.4426241201003345
10237.5	0.6638609301003344
10239.2	1.3666979301003344
10240.8	0.8474202301003343
10242.5	1.5918518301003344
10244.2	0.6929227301003344
10245.8	1.1616609301003344
10247.5	-0.018337069899665614
10249.2	0.2966759301003344
10250.9	-0.5576494698996656
10252.5	0.07025033010033448
10254.2	-0.5006654698996655
10255.9	0.33760303010033443
10257.5	-0.28400433989966556
10259.2	0.5323984301003343
10260.9	-0.09785906989966549
10262.5	0.7565050301003343
10264.2	0.2132166301003342
10265.9	0.8998447301003342
10267.5	-0.11327528989966558
10269.2	0.14714593010033425
10270.9	-1.1019520698996654
10272.5	-0.7325377598996654
10274.2	-1.754561069899666
10275.9	-1.0446904698996657
10277.5	-1.6920191298996656
10279.2	-0.6864011698996657
10280.9	-1.2234712098996658
10282.5	-0.09581136989966553
10284.2	-0.5649517698996656
10285.9	0.5987589301003342
10287.5	0.007454930100334378
10289.2	0.6947409301003344
10290.9	-0.26292406989966555
10292.5	0.2214499301003344
10294.2	-0.6544870698996655
10295.9	0.11992893010033438
10297.6	-0.5749192698996656
10299.2	0.3208847301003343
10300.9	-0.4279234698996657
10302.6	0.17582943010033444
10304.2	-0.6757194698996655
10305.9	-0.07814006989966571
10307.6	-0.7426494698996655
10309.2	0.13691493010033434
10310.9	-0.6490816898996657
10312.6	0.3218302301003345
10314.2	-0.43238006989966565
10315.9	0.3302727301003346
10317.6	-0.34731052989966543
10319.2	0.4421678301003345
10320.9	-0.32857696989966556
10322.6	0.3063738201003344
10324.2	-0.7062408698996655
10325.9	-0.08418416989966553
10327.6	-1.0275643648996655
10329.2	-0.3716531698996655
10330.9	-1.0357692698996654
10332.6	-0.14418436989966563
10334.2	-0.8357744698996654
10335.9	-0.16112036989966555
10337.6	-0.8163516698996658
10339.2	0.05997852510033441
10340.9	-0.5383248398996654
10342.6	0.2473423301003345
10344.3	-0.6089793698996658
10345.9	-0.1679697698996656
10347.6	-1.2461223698996657
10349.3	-0.4122522698996656
10350.9	-0.6047257698996655
10352.6	0.6346429301003345
10354.3	0.2972330301003344
10355.9	1.1343958301003343
10357.6	0.24635233010033436
10359.3	0.8933044301003343
10360.9	0.1834086901003343
10362.6	1.2001801301003343
10364.3	0.7725396301003343
10365.9	1.3479586301003343
10367.6	0.18409453010033444
10369.3	0.4277683301003344
10370.9	-0.6240381698996658
10372.6	0.16824204210033447
10374.3	-0.3862712698996656
10375.9	0.6858259301003343
10377.6	0.1414123901003345
10379.3	0.7167244001003343
10380.9	-0.13125582989966547
10382.6	0.4337797301003343
10384.3	-0.2513527698996655
10385.9	0.5427195301003344
10387.6	-0.12137756989966571
10389.3	0.7116997301003345
10391.0	0.0257608301003343
10392.6	0.5568252301003346
10394.3	-0.15656116989966565
10396.0	0.4682139301003345
10397.6	-0.32268306989966555
10399.3	0.30244603010033433
10401.0	-0.4146393698996656
10402.6	0.3452259301003343
10404.3	-0.12405540989966564
10406.0	0.7638610101003345
10407.6	0.2234392301003345
10409.3	0.9389141301003342
10411.0	0.06436193010033442
10412.6	0.7063313301003346
10414.3	-0.011801069899665562
10416.0	0.6515399301003342
10417.6	0.07707943010033418
10419.3	0.8381441301003345
10421.0	0.32506023010033447
10422.6	1.0558589301003343
10424.3	0.3663557301003343
10426.0	1.0494265301003343
10427.6	0.10778097010033441
10429.3	0.5145970301003344
10431.0	-0.5393997698996656
10432.7	-0.03621306989966557
10434.3	-0.5848620698996655
10436.0	0.48400433010033456
10437.7	0.07616453010033446
10439.3	0.7787300301003344
10441.0	0.025098530100334426
10442.7	0.4554692301003344
10444.3	-0.9464240698996653
10446.0	-0.5192615698996657
10447.7	-1.5751554698996653
10449.3	-1.0305016698996659
10451.0	-1.8134719698996655
10452.7	-1.4360030698996653
10454.3	-2.258158369899666
10456.0	-1.3775288498996654
10457.7	-2.0932230698996657
10459.3	-0.8093182698996658
10461.0	-0.9342369698996655
10462.7	0.1337739301003345
10464.3	-0.40517556989966563
10466.0	0.34756653010033456
10467.7	-0.47014586989966556
10469.3	0.2811376301003343
10471.0	-0.4525982698996657
10472.7	0.13229523010033437
10474.3	-0.5939327698996657
10476.0	0.23404893010033448
10477.7	-0.4349450698996654
10479.4	0.5424579301003345
10481.0	-0.05210586989966568
10482.7	0.4559834301003344
10484.4	-0.37487916989966585
10486.0	0.12030126010033441
10487.7	-0.7019099698996655
10489.4	0.12114343010033442
10491.0	-0.4682219898996657
10492.7	0.3985789301003344
10494.4	-0.3018133698996655
10496.0	0.4507820301003346
10497.7	-0.011767169899665664
10499.4	1.0093723301003343
10501.0	0.5331867301003343
10502.7	1.2548353001003345
10504.4	0.5728319601003344
10506.0	1.0901758301003344
10507.7	0.16004593010033435
10509.4	0.7265771301003344
10511.0	-0.2041086698996657
10512.7	0.26703023010033433
10514.4	-0.6566659698996656
10516.0	-0.029609069899665563
10517.7	-0.5653600698996655
10519.4	0.23475353010033445
10521.0	-0.22385786989966552
10522.7	0.6706154301003344
10524.4	-0.1566538698996655
10526.1	0.4739560301003344
10527.7	-0.5894068698996653
10529.4	-0.15542346989966568
10531.1	-0.9602475698996656
10532.7	-0.21826896989966565
10534.4	-0.7947938698996658
10536.1	-0.00570316989966565
10537.7	-0.8984816698996656
10539.4	-0.34341676989966563
10541.1	-1.3623170698996656
10542.7	-0.9006070698996655
10544.4	-1.3316170698996654
10546.1	-0.11386706989966555
10547.7	-0.37960316989966547
10549.4	0.4754150301003346
10551.1	-0.26862513989966574
10552.7	0.20048543010033448
10554.4	-0.6217508698996655
10556.1	-0.0995342698996656
10557.7	-0.7300867698996656
10559.4	0.24511413010033448
10561.1	-0.4396671698996656
10562.7	0.16012193010033438
10564.4	-0.6074840698996654
10566.1	0.013756730100334468
10567.7	-0.5693548698996655
10569.4	0.25066453010033435
10571.1	-0.29904286989966555
10572.8	0.8343287301003347
10574.4	0.26326603010033434
10576.1	1.1074150301003343
10577.8	0.19364273010033442
10579.4	0.8160870301003345
10581.1	-0.16071728989966563
10582.8	0.5932857201003345
10584.4	0.013210480100334343
10586.1	0.8929743301003343
10587.8	0.2623980301003345
10589.4	0.8759199301003345
10591.1	-0.023506169899665696
10592.8	0.8626929301003343
10594.4	0.22315373010033443
10596.1	1.1831211301003344
10597.8	0.5373838301003345
10599.4	0.9323615301003343
10601.1	-0.18588546989966578
10602.8	-0.06583186989966561
10604.4	-1.3622504998996656
10606.1	-0.9114540698996656
10607.8	-1.7175121598996657
10609.4	-0.8270945698996653
10611.1	-1.0602884698996655
10612.8	0.5635778501003343
10614.5	0.5072519301003344
10616.1	1.7208837301003341
10617.8	0.9486553301003342
10619.5	1.2600151301003346
10621.1	-0.11259946989966549
10622.8	0.14105173010033434
10624.5	-0.9501370698996656
10626.1	-0.13734406989966555
10627.8	-0.7956180698996657
10629.5	-0.028465269899665645
10631.1	-0.7785100698996656
10632.8	-0.09617706989966572
10634.5	-1.0495393698996653
10636.1	-0.3364515698996657
10637.8	-1.1731416698996657
10639.5	-0.5109779698996655
10641.1	-1.1285550698996656
10642.8	-0.2282174698996653
10644.5	-0.7843985698996656
10646.1	0.25518693010033433
10647.8	-0.34783276989966544
10649.5	0.3764709301003345
10651.1	-0.49136886989966555
10652.8	0.013951830100334428
10654.5	-0.9576996698996657
10656.1	-0.5020475698996655
10657.8	-1.5020522698996657
10659.5	-1.0814020698996658
10661.2	-1.9854536698996657
10662.8	-1.3589498698996656
10664.5	-2.0350620698996655
10666.2	-0.9576713298996655
10667.8	-1.2975243698996657
10669.5	-0.4335875698996657
10671.2	-0.9328831898996655
10672.8	-0.2590100698996657
10674.5	-0.8594008698996657
10676.2	0.05564553010033446
10677.8	-0.4756690698996656
10679.5	0.3789707301003345
10681.2	-0.44915679989966567
10682.8	-0.02492296989966556
10684.5	-1.0352601698996655
10686.2	-0.7202790698996656
10687.8	-1.4645263698996656
10689.5	-0.9253909698996658
10691.2	-1.8415177698996659
10692.8	-1.2169320898996654
10694.5	-1.9008422698996656
10696.2	-1.0622428098996657
10697.8	-1.6536769698996658
10699.5	-0.8441836698996656
10701.2	-1.2961730698996654
10702.8	-0.5264710698996657
10704.5	-1.103725069899666
10706.2	-0.19526701989966563
10707.9	-0.5816179298996657
10709.5	0.2857029301003344
10711.2	-0.5821728698996655
10712.9	-0.020081069899665672
10714.5	-0.7820001698996656
10716.2	-0.08475806989966564
10717.9	-0.8025209698996656
10719.5	0.06978793010033435
10721.2	-0.6226980698996656
10722.9	0.14781293010033433
10724.5	-0.5914477698996656
10726.2	0.039752930100334385
10727.9	-0.6909867698996657
10729.5	0.21245953010033433
10731.2	-0.2597765698996656
10732.9	0.9816749301003345
10734.5	0.4860729301003344
10736.2	1.3894109201003344
10737.9	0.6420235301003345
10739.5	1.0267952301003345
10741.2	0.09968972010033447
10742.9	0.9773599301003344
10744.5	0.38237803010033444
10746.2	1.2265927301003345
10747.9	0.5217426301003344
10749.5	1.3398276301003347
10751.2	0.7947329301003346
10752.9	1.7023151701003343
10754.6	0.9628708301003341
10756.2	1.7171695301003347
10757.9	0.8052034801003345
10759.6	0.9660746301003342
10761.2	-0.09575946989966572
10762.9	0.44863689010033453
10764.6	-0.37453056989966554
10766.2	0.4060809301003344
10767.9	-0.17123106989966566
10769.6	0.8524666301003343
10771.2	0.3001829301003345
10772.9	0.8550469301003345
10774.6	-0.09431626989966553
10776.2	0.23387155510033444
10777.9	-0.4679956698996654
10779.6	0.4402399301003344
10781.2	0.17181373010033438
10782.9	1.2448092301003342
10784.6	0.4008235801003345
10786.2	0.6559372301003343
10787.9	-0.4591376898996655
10789.6	-0.16778586989966554
10791.2	-0.7689599698996656
10792.9	0.3147419301003344
10794.6	0.05351793010033436
10796.3	0.8750563901003343
10797.9	0.11457593010033437
10799.6	0.6896805401003342
10801.3	-0.1702268698996657
10802.9	0.2590520301003346
10804.6	-0.6554003698996657
10806.3	-0.23017806989966574
10807.9	-0.9860888698996657
10809.6	-0.32423006989966563
10811.3	-0.6453024698996657
10812.9	0.4533916301003343
10814.6	-0.09375866989966544
10816.3	0.5680053301003343
10817.9	-0.11667442989966567
10819.6	0.44061193010033445
10821.3	-0.16824846989966552
10822.9	0.3983752301003345
10824.6	-0.15398906989966563
10826.3	0.5391613301003343
10827.9	-0.5070170698996656
10829.6	0.006310230100334357
10831.3	-0.9139938298996656
10832.9	-0.5446665198996656
10834.6	-1.418803869899666
10836.3	-0.8712398798996656
10837.9	-1.3610220698996658
10839.6	-0.24267076989966574
10841.3	-0.4785716698996657
10843.0	0.7955526301003346
10844.6	0.6708374541003345
10846.3	1.7910016301003342
10848.0	1.3415597301003346
10849.6	1.9348279301003348
10851.3	0.9344246301003345
10853.0	0.9874039301003344
10854.6	-0.44270306989966546
10856.3	-0.26738846989966586
10858.0	-1.0991330698996653
10859.6	-0.040227069899665756
10861.3	-0.11695406989966566
10863.0	0.9366931301003343
10864.6	0.07595993010033437
10866.3	0.3970293301003343
10868.0	-1.0582992698996656
10869.6	-0.7961540698996655
10871.3	-1.7366541698996656
10873.0	-0.7870180698996655
10874.6	-1.3361320698996653
10876.3	-0.40932176989966573
10878.0	-1.1943380698996653
10879.6	-0.3322583698996657
10881.3	-0.9524580698996654
10883.0	-0.11822046989966564
10884.6	-0.8053911698996657
10886.3	-0.01228356989966548
10888.0	-0.6245876698996655
10889.7	0.2812252301003343
10891.3	-0.11724326989966556
10893.0	1.0333869301003342
10894.7	0.5430778001003341
10896.3	1.3358830301003344
10898.0	0.7945976501003345
10899.7	1.2516169301003344
10901.3	0.21111623010033442
10903.0	0.5189165301003344
10904.7	-0.7829469698996655
10906.3	-0.43826206989966565
10908.0	-1.4763330698996657
10909.7	-0.7621169698996655
10911.3	-1.0550238698996657
10913.0	0.01545728010033447
10914.7	-0.43379206989966557
10916.3	0.5294305301003344
10918.0	0.07935613010033445
10919.7	0.9800948301003343
10921.3	0.21089543010033437
10923.0	0.8766139301003346
10924.7	-0.0054860698996655795
10926.3	0.3729963301003343
10928.0	-0.40354736989966555
10929.7	0.20481313010033433
10931.3	-0.3781293698996655
10933.0	0.6070112301003345
10934.7	-0.0017406698996656812
10936.4	0.7233062301003343
10938.0	-0.0520035298996655
10939.7	0.48391393010033446
10941.4	-0.4738872698996657
10943.0	0.06871229010033426
10944.7	-0.8919591698996655
10946.4	0.007762230100334433
10948.0	-0.2946120698996655
10949.7	0.9530260301003345
10951.4	0.5648875301003347
10953.0	1.486255530100334
10954.7	0.3799459301003344
10956.4	0.6982598301003345
10958.0	-0.6247790698996655
10959.7	-0.20765226989966562
10961.4	-1.1859400698996654
10963.0	-0.6450009698996656
10964.7	-1.6320308698996655
10966.4	-1.1564918698996656
10968.0	-1.7755528698996657
10969.7	-0.7135670798996656
10971.4	-1.1894436698996658
10973.0	-0.25823585989966563
10974.7	-0.8955820698996657
10976.4	-0.25027306989966547
10978.1	-0.8924910698996659
10979.7	-0.16593506989966555
10981.4	-0.6505317198996655
10983.1	0.3302601301003343
10984.7	-0.3692456698996657
10986.4	0.1574179301003343
10988.1	-0.9120600698996656
10989.7	-0.5538260698996653
10991.4	-1.7679890698996654
10993.1	-1.1869930698996658
10994.7	-1.7054270698996654
10996.4	-0.5478190698996654
10998.1	-0.9639690698996655
10999.7	0.029838930100334404
11001.4	-0.7689966698996654
11003.1	-0.21749016989966563
11004.7	-1.0226125698996658
11006.4	-0.32458508989966567
11008.1	-0.7963611698996657
11009.7	0.2846078301003345
11011.4	-0.30936696989966556
11013.1	0.5512986301003344
11014.7	-0.2292197998996656
11016.4	0.1263965301003343
11018.1	-0.7621860998996655
11019.7	-0.5612039398996655
11021.4	-1.3523200698996658
11023.1	-0.7214240698996657
11024.8	-1.3689370698996657
11026.4	-0.37602406989966564
11028.1	-0.7735271698996657
11029.8	-0.08177426989966552
11031.4	-0.4702208698996656
11033.1	-0.05331116989966578
11034.8	-0.8141134698996655
11036.4	-0.14288818989966554
11038.1	-0.8245535698996658
11039.8	-0.21182796989966576
11041.4	-0.8312022698996657
11043.1	-0.40076546989966577
11044.8	-1.0205117698996657
11046.4	-0.41395766989966554
11048.1	-1.1647018698996656
11049.8	-0.42253566989966557
11051.4	-1.0731020698996656
11053.1	-0.44137066989966567
11054.8	-1.2665954818996656
11056.4	-0.7230510698996656
11058.1	-1.5222170448996653
11059.8	-0.7495541698996657
11061.4	-1.4411793698996653
11063.1	-0.5896882068996655
11064.8	-1.1730060698996658
11066.4	-0.3799619698996656
11068.1	-1.2506967698996656
11069.8	-0.6065069098996657
11071.5	-1.2872455698996657
11073.1	-0.2726260698996656
11074.8	-0.4936372198996656
11076.5	0.4202526301003343
11078.1	-0.3250954698996658
11079.8	0.26265793010033417
11081.5	-0.8948469698996657
11083.1	-0.3942774698996658
11084.8	-0.9041880698996657
11086.5	-0.01171606989966576
11088.1	-0.3349451698996657
11089.8	0.39335073010033444
11091.5	-0.46078586989966563
11093.1	0.1396351301003342
11094.8	-1.0095367398996655
11096.5	-0.5890398698996655
11098.1	-1.3231260698996654
11099.8	-0.7150066698996657
11101.5	-1.0727897698996656
11103.1	-0.04154846989966558
11104.8	-0.43064431989966545
11106.5	0.6894536001003344
11108.1	0.03225539310033454
11109.8	0.5216908301003343
11111.5	-0.2777308698996657
11113.1	-0.022841969899665526
11114.8	-1.0745750698996654
11116.5	-0.5314502698996659
11118.2	-1.3528779998996654
11119.8	-0.5938760298996658
11121.5	-1.1827570698996657
11123.2	-0.38279996989966564
11124.8	-1.0341592998996656
11126.5	-0.24269286989966554
11128.2	-0.9008659798996657
11129.8	-0.043726439899665646
11131.5	-0.7648218698996657
11133.2	-0.15455866989966566
11134.8	-1.0969508198996656
11136.5	-0.4857666498996654
11138.2	-1.1567519698996658
11139.8	-0.3011709198996656
11141.5	-0.8244455878996655
11143.2	0.12776953010033437
11144.8	-0.5674994698996656
11146.5	0.025314130100334297
11148.2	-0.8287710698996656
11149.8	-0.29379106989966564
11151.5	-0.9698930698996657
11153.2	-0.1287020698996655
11154.8	-0.7207291698996656
11156.5	0.12006733010033421
11158.2	-0.5375188698996657
11159.9	0.2634777301003345
11161.5	-0.3637709698996657
11163.2	0.43826603010033444
11164.9	-0.10847606989966554
11166.5	0.5886893301003344
11168.2	-0.1079335698996657
11169.9	0.4277393301003342
11171.5	-0.5095510698996656
11173.2	-0.20032576989966575
11174.9	-1.2301360698996657
11176.5	-0.8030670698996657
11178.2	-1.4059262698996657
11179.9	-0.6399550698996654
11181.5	-0.8966167698996657
11183.2	0.09991003010033446
11184.9	-0.2496484698996654
11186.5	0.6208419301003344
11188.2	0.11890253010033444
11189.9	0.9635901201003343
11191.5	0.5891151301003347
11193.2	1.4205117301003347
11194.9	0.8629703061003344
11196.5	1.5725029301003342
11198.2	0.7376452301003346
11199.9	1.2351156301003345
11201.5	0.2233676301003344
11203.2	0.6218190301003348
11204.9	-0.2066786698996656
11206.6	0.4305956301003343
11208.2	-0.44344526989966565
11209.9	0.09131893010033436
11211.6	-0.7766326698996656
11213.2	-0.2852758698996657
11214.9	-1.2336832698996658
11216.6	-0.2857946698996655
11218.2	-0.6210887698996657
11219.9	0.5811039301003343
11221.6	0.35238493010033434
11223.2	1.1940396301003346
11224.9	0.40271023010033435
11226.6	1.0949911301003343
11228.2	0.19929393010033447
11229.9	0.9283861301003344
11231.6	0.39646323010033424
11233.2	0.9861547301003342
11234.9	0.14248863010033436
11236.6	0.4806363201003343
11238.2	-0.8339519698996654
11239.9	-0.40159576989966556
11241.6	-1.0904417698996656
11243.2	-0.39977836989966553
11244.9	-0.8022043698996655
11246.6	-0.0016891698996656102
11248.2	-0.7040609698996657
11249.9	0.03491193010033453
11251.6	-0.7548393698996657
11253.3	0.10337193010033441
11254.9	-0.3603910698996656
11256.6	0.3971293001003344
11258.3	-0.24847766989966563
11259.9	0.44723113010033444
11261.6	-0.4704929698996657
11263.3	0.33327783010033435
11264.9	-0.2975805698996655
11266.6	0.6540522301003342
11268.3	0.1534419301003343
11269.9	1.0072557301003344
11271.6	0.30207573010033445
11273.3	0.9152732501003344
11274.9	-0.35067406989966565
11276.6	-0.0893859698996654
11278.3	-1.1809926698996656
11279.9	-0.5215118698996658
11281.6	-1.3692433698996656
11283.3	-0.6302555698996657
11284.9	-1.3624870698996658
11286.6	-0.49875676989966566
11288.3	-0.9265922698996656
11289.9	0.21212683010033445
11291.6	-0.2247299698996657
11293.3	0.7677995301003345
11294.9	-0.25532076989966573
11296.6	0.1850309301003345
11298.3	-0.8123463998996655
11300.0	-0.30241536989966544
11301.6	-1.0788537698996656
11303.3	-0.3850070698996656
11305.0	-1.2825621698996656
11306.6	-0.5129019698996655
11308.3	-1.1976291698996657
11310.0	-0.3875099698996657
11311.6	-1.0261980698996656
11313.3	-0.46781376989966567
11315.0	-1.2586188698996659
11316.6	-0.3359595098996656
11318.3	-0.9230061698996656
11320.0	0.2433986301003344
11321.6	-0.2173699698996657
11323.3	0.5557499301003344
11325.0	-0.07565436989966567
11326.6	0.4273051301003344
11328.3	-0.35825596989966557
11330.0	0.5804645301003344
11331.6	-0.36515266989966566
11333.3	0.2952742601003342
11335.0	-0.7263850698996654
11336.6	-0.3598560698996655
11338.3	-1.2444078998996653
11340.0	-0.9024461698996656
11341.7	-1.8245278698996656
11343.3	-1.0658986698996658
11345.0	-1.6042642698996654
11346.7	-0.32612746989966546
11348.3	-0.4845268698996657
11350.0	0.7732024301003345
11351.7	0.48478273010033446
11353.3	1.0957479301003346
11355.0	0.2584795301003342
11356.7	0.8079387301003346
11358.3	0.05046453010033432
11360.0	0.8169901301003344
11361.7	0.08294983010033437
11363.3	0.6495317301003344
11365.0	-0.09517456989966559
11366.7	0.6650379501003345
11368.3	-0.06367756989966569
11370.0	0.8681193301003344
11371.7	-0.04112779889966563
11373.3	0.2862913301003345
11375.0	-0.6001534698996657
11376.7	0.049336790100334316
11378.3	-0.5774550698996656
11380.0	0.49671323010033425
11381.7	0.004420930100334531
11383.3	1.0137382301003341
11385.0	0.6044192301003344
11386.7	1.3014528301003345
11388.4	0.5738379301003345
11390.0	1.2660169301003346
11391.7	0.43402853010033426
11393.4	0.9563947301003344
11395.0	0.0768995801003344
11396.7	0.5406383301003344
11398.4	-0.051723569899665554
11400.0	0.7189869301003343
11401.7	0.08546223010033449
11403.4	1.0444709301003345
11405.0	0.4756659301003346
11406.7	1.1094069301003344
11408.4	0.1602159301003346
11410.0	0.48021893010033423
11411.7	-0.5243800698996656
11413.4	-0.10646406989966559
11415.0	-0.9554230698996656
11416.7	-0.09972946989966551
11418.4	-0.7592328198996656
11420.0	0.30532393010033443
11421.7	0.01316913010033438
11423.4	0.8080569301003345
11425.0	-0.02488556989966566
11426.7	0.2596071301003344
11428.4	-0.8371086698996656
11430.0	-0.13605266989966547
11431.7	-0.7047438698996656
11433.4	0.5830755601003343
11435.1	0.5102824301003344
11436.7	1.5164246801003345
11438.4	0.8950167301003346
11440.1	1.2274469301003343
11441.7	0.23898193010033442
11443.4	1.0553482301003343
11445.1	0.6403659301003344
11446.7	1.758983530100334
11448.4	1.3388857301003345
11450.1	1.7175576301003344
11451.7	0.8709211301003347
11453.4	1.2400332301003345
11455.1	0.04674763010033436
11456.7	0.6939589301003343
11458.4	-0.09858956989966554
11460.1	0.43217033010033423
11461.7	-0.21172276989966538
11463.4	0.4670927901003344
11465.1	-0.10978148989966571
11466.7	0.6362052301003345
11468.4	-0.21337646989966555
11470.1	0.3869668301003345
11471.7	-0.3625985698996657
11473.4	0.34934823010033444
11475.1	-0.5855818698996658
11476.7	-0.2048799098996656
11478.4	-1.1233386698996655
11480.1	-0.47857406989966567
11481.8	-0.9706630698996654
11483.4	0.049637130100334395
11485.1	-0.37106776989966556
11486.8	0.4576725301003345
11488.4	-0.32764916989966564
11490.1	0.2823306701003344
11491.8	-0.2135726698996656
11493.4	0.6653186301003344
11495.1	0.23630993010033433
11496.8	1.0102359301003347
11498.4	0.14173083010033452
11500.1	0.7524295301003345
11501.8	-0.03286386989966559
11503.4	0.4946802201003343
11505.1	0.05737793010033423
11506.8	0.8701841301003344
11508.4	0.3004325601003345
11510.1	1.1237268401003342
11511.8	0.07290469010033451
11513.4	0.4983744301003347
11515.1	-0.4406892698996655
11516.8	-0.029838269899665405
11518.4	-0.6043103798996655
11520.1	0.2104192301003343
11521.8	-0.2575088698996656
11523.5	0.7779319301003347
11525.1	0.27793793010033435
11526.8	1.2759425301003344
11528.5	0.9360189301003345
11530.1	1.8754108401003347
11531.8	1.3553796301003345
11533.5	1.8315479401003347
11535.1	0.7612440301003343
11536.8	0.9340802301003345
11538.5	-0.3369960698996657
11540.1	0.14999573010033426
11541.8	-0.4589939698996656
11543.5	0.3619186301003343
11545.1	-0.11567126989966545
11546.8	0.3765200301003344
11548.5	-0.4759879698996656
11550.1	0.041133830100334376
11551.8	-0.8414181398996657
11553.5	-0.36102476989966553
11555.1	-1.0332066698996658
11556.8	-0.5659435698996657
11558.5	-1.0287453698996656
11560.1	-0.009302269899665738
11561.8	-0.22873190989966563
11563.5	0.7382164301003346
11565.1	0.12178373010033441
11566.8	0.6089479301003343
11568.5	-0.20314276989966568
11570.2	0.18583493010033414
11571.8	-0.5130478698996657
11573.5	0.24214693010033428
11575.2	-0.47543686989966555
11576.8	0.13969893010033446
11578.5	-0.5460960698996656
11580.2	0.17892653010033438
11581.8	-0.07619016989966561
11583.5	0.9300823301003343
11585.2	0.6806532801003347
11586.8	1.5132700301003343
11588.5	0.6086249301003342
11590.2	0.6488977701003344
11591.8	-0.7411517698996656
11593.5	-0.6706230698996656
11595.2	-1.3635473398996658
11596.8	-0.3251873698996657
11598.5	-0.3840417698996655
11600.2	0.8040663301003343
11601.8	0.22879863010033433
11603.5	0.6466265301003343
11605.2	-0.5698472698996654
11606.8	-0.6621062698996655
11608.5	-1.908840669899666
11610.2	-1.6769448698996654
11611.8	-2.464317529899666
11613.5	-1.5370384298996655
11615.2	-1.772866289899666
11616.9	-0.5397217698996656
11618.5	-0.36903036989966564
11620.2	0.8943393301003345
11621.9	0.43032453010033433
11623.5	0.8160707201003348
11625.2	-0.5056210698996656
11626.9	-0.5132030698996657
11628.5	-1.7841940698996654
11630.2	-1.4879170698996655
11631.9	-2.1377470698996652
11633.5	-0.9753996798996656
11635.2	-1.4713640698996657
11636.9	-0.49847876989966566
11638.5	-1.1012111898996655
11640.2	-0.3323650698996657
11641.9	-0.9946290698996656
11643.5	-0.7078330698996657
11645.2	-1.6450981698996656
11646.9	-1.0851630698996655
11648.5	-1.8382063698996656
11650.2	-0.7438060698996656
11651.9	-0.8685680698996657
11653.5	0.3629113301003345
11655.2	0.28768123010033453
11656.9	0.7773964301003341
11658.5	0.08109413010033442
11660.2	0.28127120010033435
11661.9	-0.6913272698996658
11663.6	-0.17709136989966548
11665.2	-0.9415441698996656
11666.9	-0.3344570698996655
11668.6	-0.9510453698996655
11670.2	-0.5442951698996656
11671.9	-1.4381664698996655
11673.6	-1.1428600798996655
11675.2	-2.0526224698996653
11676.9	-1.3451324698996654
11678.6	-1.6770093298996656
11680.2	-0.42796836989966547
11681.9	-0.5534850698996657
11683.6	0.40341714010033447
11685.2	-0.3230627698996655
11686.9	0.3482969301003343
11688.6	-0.5156056698996656
11690.2	0.2366764301003343
11691.9	-0.49900273989966565
11693.6	0.22978903010033438
11695.2	-0.4446623698996655
11696.9	-0.055218689899665475
11698.6	-1.2258610598996653
11700.2	-0.7284141698996656
11701.9	-1.6638866698996657
11703.6	-0.8138740698996656
11705.3	-1.1812982698996657
11706.9	-0.16228706989966551
11708.6	-0.5168896698996657
11710.3	0.29830403010033424
11711.9	-0.7500730698996656
11713.6	-0.3621644698996656
11715.3	-1.5431935698996653
11716.9	-0.8280713698996655
11718.6	-1.248396169899666
11720.3	0.3251639301003345
11721.9	0.38068393010033424
11723.6	1.6197785301003342
11725.3	0.9014909301003344
11726.9	1.1862949301003343
11728.6	-0.41288906989966573
11730.3	-0.19581606989966555
11731.9	-1.3426866698996656
11733.6	-0.5166240698996658
11735.3	-1.0901321998996654
11736.9	-0.4645552298996655
11738.6	-1.2442180698996657
11740.3	-0.6141697698996655
11741.9	-1.3090320698996654
11743.6	-0.33847476989966563
11745.3	-0.5546380698996656
11746.9	0.7734311301003343
11748.6	0.5580872301003342
11750.3	1.5463869271003345
11752.0	0.8421784301003342
11753.6	1.3119255101003344
11755.3	-0.07856626989966554
11757.0	0.008285330100334321
11758.6	-1.1488241698996655
11760.3	-0.5375942698996659
11762.0	-0.9416700698996653
11763.6	0.3050209301003345
11765.3	0.030810630100334312
11767.0	0.9762479301003344
11768.6	-0.20733006989966546
11770.3	0.3271914301003343
11772.0	-0.29015727989966555
11773.6	0.49268593010033424
11775.3	-0.020975069899665532
11777.0	0.7120056301003344
11778.6	-0.12153006989966555
11780.3	0.4087357301003343
11782.0	-0.25434106989966565
11783.6	0.4720244301003344
11785.3	0.25932602010033434
11787.0	1.0651714301003343
11788.6	0.4244484301003343
11790.3	0.8102933301003343
11792.0	-0.11927676989966571
11793.6	0.0644569301003343
11795.3	-0.8162550698996656
11797.0	-0.39553706989966564
11798.7	-1.0175620698996657
11800.3	-0.5093362698996657
11802.0	-1.0821113698996654
11803.7	-0.44759406989966555
11805.3	-1.0908706698996655
11807.0	-0.5151465698996656
11808.7	-1.3179804898996657
11810.3	-0.7370360698996655
11812.0	-1.5049851698996657
11813.7	-1.1352453298996656
11815.3	-2.153589469899665
11817.0	-1.6517118698996658
11818.7	-2.0735900578996658
11820.3	-0.9353042698996654
11822.0	-0.7117461398996657
11823.7	0.9246733301003344
11825.3	0.7360201301003343
11827.0	1.6903053301003346
11828.7	0.9259958601003347
11830.3	1.3514869301003343
11832.0	0.5395405301003343
11833.7	1.3336255301003344
11835.3	0.6532316301003345
11837.0	1.5679344301003346
11838.7	0.9245573301003344
11840.3	1.6233221301003347
11842.0	0.9006223401003343
11843.7	1.5178453301003345
11845.4	0.2349881901003344
11847.0	0.7336929301003343
11848.7	-0.31590296989966554
11850.4	0.26586793010033444
11852.0	-0.5381190198996654
11853.7	0.06066103010033452
11855.4	-0.7842955698996656
11857.0	-0.0341341808996656
11858.7	-0.8606803698996656
11860.4	0.04612513010033444
11862.0	-0.5062273698996657
11863.7	0.3056126301003343
11865.4	-0.5583195698996655
11867.0	0.050961330100334414
11868.7	-0.8457747698996656
11870.4	-0.0637472598996657
11872.0	-0.7718479698996658
11873.7	0.08448233010033426
11875.4	-0.24956706989966565
11877.0	0.5766714001003344
11878.7	-0.20002326989966557
11880.4	0.6079739301003345
11882.0	-0.25585256989966576
11883.7	0.48137343010033434
11885.4	-0.2638870698996655
11887.1	0.41083123010033457
11888.7	-0.18218506989966565
11890.4	0.2972221301003343
11892.1	-0.7452712998996656
11893.7	-0.5181445698996655
11895.4	-1.5080303698996655
11897.1	-0.7079552598996657
11898.7	-1.1355829698996653
11900.4	0.01710193010033434
11902.1	-0.23881816989966556
11903.7	0.6579744801003343
11905.4	-0.05919246989966549
11907.1	0.3481165101003344
11908.7	-0.6647530698996655
11910.4	-0.0460605698996656
11912.1	-0.5798764998996656
11913.7	0.5109079301003344
11915.4	0.2976089301003343
11917.1	1.6253711301003346
11918.7	1.4093177301003346
11920.4	2.1542576301003344
11922.1	1.2272149301003346
11923.7	1.4108395301003345
11925.4	0.11627333010033439
11927.1	0.6445679301003344
11928.7	-0.1459240798996656
11930.4	0.6927259301003343
11932.1	0.16843823010033432
11933.8	0.7290842301003344
11935.4	-0.06883396989966553
11937.1	0.3003263301003344
11938.8	-0.5921701718996656
11940.4	0.2646426301003344
11942.1	-0.4305525698996656
11943.8	0.25785773010033447
11945.4	-0.5064051698996657
11947.1	-0.023985269899665707
11948.8	-0.7648979698996655
11950.4	-0.18384946989966536
11952.1	-1.1800549698996656
11953.8	-0.5687455698996656
11955.4	-1.3531411598996659
11957.1	-0.7098735698996654
11958.8	-1.4057870698996653
11960.4	-0.7876010698996658
11962.1	-1.7037346698996658
11963.8	-1.0542230698996655
11965.4	-1.9401146698996654
11967.1	-1.2433351698996655
11968.8	-1.5400292698996656
11970.4	-0.6127354298996656
11972.1	-0.9213577698996656
11973.8	-0.06687996989966558
11975.4	-0.28854856989966554
11977.1	0.5873887301003345
11978.8	0.14310722010033441
11980.5	0.6316656301003346
11982.1	-0.13547022989966565
11983.8	-0.0006318698996654604
11985.5	-1.1149320698996656
11987.1	-1.0450578698996655
11988.8	-1.7285844698996655
11990.5	-1.0410948698996656
11992.1	-1.5371711698996657
11993.8	-0.5533955698996657
11995.5	-0.7592347698996654
11997.1	0.21921783010033433
11998.8	-0.4357988698996656
12000.5	0.02890693010033448
12002.1	-0.9148442698996657
12003.8	-0.20326626989966554
12005.5	-0.9855034488996655
12007.1	0.020511320100334452
12008.8	-0.0629206298996654
12010.5	1.0971071301003343
12012.1	0.4846168301003345
12013.8	0.7816380301003342
12015.5	-0.48737196989966575
12017.1	-0.2858667698996657
12018.8	-1.3948343998996655
12020.5	-0.8015803698996654
12022.1	-1.4535567698996656
12023.8	-0.48460916989966574
12025.5	-1.0589326698996655
12027.2	-0.1707942698996656
12028.8	-0.4386359698996657
12030.5	0.7420944301003344
12032.2	0.6123381801003344
12033.8	1.4623369301003342
12035.5	0.5278154301003345
12037.2	0.9145057301003346
12038.8	-0.3140960698996655
12040.5	0.016460830100334257
12042.2	-0.7592332698996656
12043.8	0.023928430100334363
12045.5	-0.2749655698996657
12047.2	0.4390459301003344
12048.8	-0.32075616989966554
12050.5	0.14584990010033427
12052.2	-0.6416073698996657
12053.8	0.08077413010033437
12055.5	-0.5595657698996656
12057.2	0.4306619301003344
12058.8	0.021227030100334398
12060.5	0.7217744301003344
12062.2	-0.10011906989966564
12063.8	0.010448480100334478
12065.5	-0.9915218698996654
12067.2	-0.5347050698996656
12068.9	-1.3349035698996656
12070.5	-0.4606021698996655
12072.2	-0.8404064698996656
12073.9	0.005883830100334575
12075.5	-0.5194602698996655
12077.2	0.14391963010033443
12078.9	-0.3688534698996658
12080.5	0.2538158301003344
12082.2	-0.5416339698996654
12083.9	0.05227933010033414
12085.5	-0.6583660698996654
12087.2	-0.016834269899665612
12088.9	-0.7254189698996653
12090.5	-0.061986569899665646
12092.2	-0.6499010698996657
12093.9	-0.0003098698996654825
12095.5	-0.6840178198996656
12097.2	0.2636973301003344
12098.9	-0.20423476989966569
12100.5	0.7267146301003343
12102.2	0.2746431301003344
12103.9	0.9842153301003342
12105.5	0.1548932601003344
12107.2	0.5858098301003344
12108.9	-0.6475586698996658
12110.5	-0.12481466989966554
12112.2	-0.9665950698996653
12113.9	-0.23590506989966564
12115.6	-0.8196324698996655
12117.2	-0.1272843698996656
12118.9	-0.6792160698996655
12120.6	0.2597855501003344
12122.2	-0.23701806989966548
12123.9	0.6490783301003346
12125.6	-0.14537316989966564
12127.2	-0.14134406989966558
12128.9	-1.5081847698996658
12130.6	-1.4315292698996658
12132.2	-2.2814272698996656
12133.9	-1.4086295698996656
12135.6	-1.6550496698996653
12137.2	-0.6108209698996656
12138.9	-0.8835606618996655
12140.6	0.15604843010033426
12142.2	-0.4591560698996656
12143.9	0.4659722301003343
12145.6	-0.2599051698996656
12147.2	0.05802823010033444
12148.9	-0.6506700698996652
12150.6	0.2744239301003345
12152.2	-0.025340269899665736
12153.9	1.3836138301003342
12155.6	1.220861230100334
12157.2	2.1846191901003342
12158.9	1.4247359301003344
12160.6	1.9089089301003344
12162.3	1.304093930100334
12163.9	1.9736063581003342
12165.6	1.3497121301003343
12167.3	1.5296192301003344
12168.9	0.3268064301003341
12170.6	0.6033449301003344
12172.3	-0.34265756989966556
12173.9	0.28266353010033446
12175.6	-0.05314136989966567
12177.3	0.7359453301003344
12178.9	0.1272398301003342
12180.6	0.6000593301003345
12182.3	0.013240730100334375
12183.9	0.7146571301003343
12185.6	0.5133098301003345
12187.3	1.568140030100334
12188.9	1.0862759301003344
12190.6	1.9344063301003345
12192.3	1.1339800301003344
12193.9	1.5376284301003342
12195.6	0.7828433301003346
12197.3	1.2365545301003344
12198.9	0.4912179301003345
12200.6	1.1926035301003342
12202.3	0.03306393010033419
12203.9	0.32689593010033435
12205.6	-0.6208840698996656
12207.3	0.021586930100334367
12209.0	-0.35002106989966564
12210.6	0.4685034301003343
12212.3	-0.2561546698996656
12214.0	0.5500619301003343
12215.6	-0.38833246989966563
12217.3	0.22759243010033434
12219.0	-0.24891596989966552
12220.6	0.5694750301003343
12222.3	-0.13231206989966554
12224.0	0.38874693010033434
12225.6	-0.6428534698996656
12227.3	-0.3032218158996656
12229.0	-1.1642654698996655
12230.6	-0.8161837698996657
12232.3	-1.9468767698996658
12234.0	-1.4242097698996659
12235.6	-2.1598633698996657
12237.3	-0.9158870698996656
12239.0	-0.7497309698996656
12240.6	0.5223857301003345
12242.3	0.10926423010033444
12244.0	0.4892369301003344
12245.6	-0.9988590698996658
12247.3	-1.0074010698996656
12249.0	-2.151435169899665
12250.7	-1.235196069899666
12252.3	-1.6070460698996658
12254.0	-0.5025950698996657
12255.7	-1.1187650698996656
12257.3	-0.5056850698996656
12259.0	-1.2540450698996655
12260.7	-0.4755990698996656
12262.3	-1.0170360698996652
12264.0	-0.20268816989966565
12265.7	-1.0615139698996656
12267.3	-0.7953553698996657
12269.0	-2.0774554298996657
12270.7	-1.8777803698996656
12272.3	-2.8270682698996654
12274.0	-2.0858007698996657
12275.7	-2.4235163698996653
12277.3	-1.6483020698996653
12279.0	-1.9448580698996658
12280.7	-0.8078431898996653
12282.3	-0.8905635698996655
12284.0	0.3460775301003344
12285.7	0.1505864301003344
12287.3	1.3551161301003343
12289.0	1.181809030100334
12290.7	1.9654482301003344
12292.3	0.9855735201003343
12294.0	1.2164499301003342
12295.7	-0.38078966989966545
12297.4	-0.5056210698996658
12299.0	-1.8737240698996653
12300.7	-1.4060416698996658
12302.4	-1.9797818698996656
12304.0	-0.7295970698996656
12305.7	-1.0564856698996656
12307.4	0.3279695301003345
12309.0	-0.10456506989966549
12310.7	0.7586581301003346
12312.4	-0.031546059899665566
12314.0	0.5336486301003344
12315.7	-0.17101686989966552
12317.4	0.8512779301003344
12319.0	0.31648253010033445
12320.7	1.0670290301003345
12322.4	0.18487913010033438
12324.0	0.5002871401003346
12325.7	-0.7659375198996656
12327.4	-0.6601542698996659
12329.0	-1.6924670698996653
12330.7	-1.1347174698996658
12332.4	-1.6488215698996656
12334.0	-0.6023842698996655
12335.7	-0.8378071398996655
12337.4	0.4741376301003344
12339.0	0.02405993010033449
12340.7	0.6954364901003341
12342.4	-0.12959276989966556
12344.1	0.30150768010033435
12345.7	-0.18637666989966553
12347.4	0.37569383010033447
12349.1	-0.5628592698996657
12350.7	0.12246553010033452
12352.4	-0.8346630698996653
12354.1	-0.16122316989966554
12355.7	-0.6084200698996656
12357.4	0.30593093010033445
12359.1	-0.1903925698996655
12360.7	0.35450941010033443
12362.4	-0.8789696698996655
12364.1	-0.4731954698996656
12365.7	-1.4074390698996655
12367.4	-0.8050412698996656
12369.1	-1.3598463698996657
12370.7	-0.0804806698996658
12372.4	-0.7458860698996655
12374.1	-0.07567024989966545
12375.7	-0.8076190698996655
12377.4	-0.29091246989966557
12379.1	-1.3001949598996654
12380.7	-0.7889165698996657
12382.4	-1.2240602698996657
12384.1	0.2039768601003344
12385.7	0.10172173010033445
12387.4	1.0578751301003344
12389.1	0.31217873010033453
12390.8	0.7632861901003343
12392.4	-0.3509061698996656
12394.1	-0.29190886989966564
12395.8	-1.2139154698996657
12397.4	-0.7489895698996656
12399.1	-1.7665618698996652
12400.8	-1.3410130698996656
12402.4	-2.2042732698996654
12404.1	-1.4580007698996655
12405.8	-1.5978280098996653
12407.4	-0.7061663698996657
12409.1	-1.0083499998996655
12410.8	-0.1424914698996656
12412.4	-0.9324467698996655
12414.1	-0.23454045989966543
12415.8	-0.4918550698996656
12417.4	0.8233488401003344
12419.1	0.6497114301003342
12420.8	1.7912963301003344
12422.4	1.292876030100334
12424.1	1.8720248301003344
12425.8	0.8139143301003344
12427.4	1.134377190100334
12429.1	-0.21353166989966557
12430.8	0.31125993010033454
12432.5	-0.8832050698996659
12434.1	-0.29364633989966565
12435.8	-0.5860156398996654
12437.5	0.3906949301003344
12439.1	-0.030513069899665755
12440.8	0.8392615301003344
12442.5	-0.021151069899665753
12444.1	0.4385429301003345
12445.8	-0.5740517698996656
12447.5	-0.6063694698996658
12449.1	-1.7921160698996659
12450.8	-1.489931269899666
12452.5	-2.0639400698996657
12454.1	-0.9171946698996656
12455.8	-1.1082243698996657
12457.5	-0.1312089698996656
12459.1	-1.0537749698996655
12460.8	-0.8676606198996657
12462.5	-1.9450185698996656
12464.1	-1.1351352698996657
12465.8	-1.1742657698996657
12467.5	0.2986629301003343
12469.1	0.09314543010033441
12470.8	0.8901379301003344
12472.5	0.1615235301003344
12474.1	0.7011069301003344
12475.8	-0.22163206989966572
12477.5	0.32669823010033455
12479.2	-0.49931216989966537
12480.8	0.2391573301003344
12482.5	0.038160590100334436
12484.2	0.9440528301003344
12485.8	0.8432388301003343
12487.5	1.5291888901003343
12489.2	0.3915889301003346
12490.8	0.6668248301003346
12492.5	-0.4361300698996655
12494.2	0.32468753010033435
12495.8	0.14883003010033452
12497.5	1.0609807301003344
12499.2	0.4021370301003344
12500.8	0.7162215301003343
12502.5	-0.4969562698996655
12504.2	-0.1542031698996655
12505.8	-1.1536330698996653
12507.5	-0.3654560698996657
12509.2	-0.7549185698996659
12510.8	0.37327193010033427
12512.5	-0.005745569899665304
12514.2	0.6939110701003346
12515.8	-0.11285126989966565
12517.5	0.6428423301003342
12519.2	0.12612303010033435
12520.8	1.1587169301003342
12522.5	0.7998029301003342
12524.2	1.3456589301003343
12525.9	0.4212531301003345
12527.5	0.39059523010033426
12529.2	-1.0675952698996656
12530.9	-0.8245773698996655
12532.5	-1.8380600698996656
12534.2	-1.2222677698996656
12535.9	-1.8798560698996656
12537.5	-1.1335631698996653
12539.2	-1.3913440698996655
12540.9	-0.39919366989966554
12542.5	-1.0460849698996655
12544.2	-0.24953506989966545
12545.9	-0.8956279698996659
12547.5	-0.06316476989966562
12549.2	-0.7245020698996659
12550.9	0.059839430100334566
12552.5	-0.6493260698996657
12554.2	0.04098473010033438
12555.9	-0.4188660698996657
12557.5	0.7094300301003345
12559.2	0.4948069301003345
12560.9	1.4213021901003344
12562.5	0.6628350801003343
12564.2	0.5878264301003344
12565.9	-1.0456266698996655
12567.5	-1.0519157698996655
12569.2	-2.0574660698996654
12570.9	-1.1990856698996655
12572.6	-1.2038727698996654
12574.2	-0.08514066989966566
12575.9	-0.09418386989966547
12577.6	0.3502460301003344
12579.2	-0.7723334698996658
12580.9	-0.4727812698996656
12582.6	-1.5684560698996655
12584.2	-1.4155895698996654
12585.9	-2.1944234698996654
12587.6	-1.6396880698996656
12589.2	-1.9912873698996656
12590.9	-0.8648370698996656
12592.6	-0.9531830698996657
12594.2	0.16144453010033455
12595.9	-0.49281452989966573
12597.6	0.016725630100334364
12599.2	-0.9349530698996655
12600.9	-0.4249896698996654
12602.6	-1.2043200698996657
12604.2	-0.5920940698996655
12605.9	-1.3855378698996659
12607.6	-0.6754976698996658
12609.2	-1.4197743698996657
12610.9	-0.5220630698996657
12612.6	-1.0064189098996656
12614.3	0.11167293010033437
12615.9	-0.16412056989966567
12617.6	0.6697538401003345
12619.3	-0.03350476989966554
12620.9	0.6001003301003347
12622.6	-0.12574856989966549
12624.3	0.4341327301003345
12625.9	-0.3991820798996656
12627.6	0.3288912301003345
12629.3	-0.2324247698996656
12630.9	0.2157298301003344
12632.6	-0.1958290698996655
12634.3	0.8588081301003342
12635.9	0.7913895301003344
12637.6	1.8400408401003343
12639.3	1.6065088901003342
12640.9	2.564929530100335
12642.6	2.1478309301003344
12644.3	2.5243438301003343
12645.9	1.7062748301003345
12647.6	1.9342519301003342
12649.3	0.7954178301003344
12650.9	1.0140747201003344
12652.6	0.2796207301003344
12654.3	1.0683135301003346
12655.9	0.6195413301003343
12657.6	1.3843259901003344
12659.3	0.9883011301003345
12661.0	1.9723441301003344
12662.6	1.2332912301003343
12664.3	1.6412623301003344
12666.0	0.6076719301003346
12667.6	0.8468079301003343
12669.3	0.14678993010033445
12671.0	0.9319895301003343
12672.6	0.3211729301003342
12674.3	1.2433289301003345
12676.0	0.7856399301003345
12677.6	1.5999859301003345
12679.3	1.1581499301003348
12681.0	1.8749425301003342
12682.6	0.9867302301003346
12684.3	1.3324728301003346
12686.0	0.037217830100334484
12687.6	-0.06445398989966575
12689.3	-1.1959409698996657
12691.0	-1.0318000698996657
12692.6	-2.100306769899666
12694.3	-1.202812969899666
12696.0	-1.7055200698996653
12697.6	-0.4909165098996658
12699.3	-0.6980115698996656
12701.0	-0.1807753698996657
12702.6	-1.0397973698996659
12704.3	-0.43524576989966557
12706.0	-1.0570796698996654
12707.7	0.03525093010033431
12709.3	-0.43355994989966556
12711.0	0.2061217301003345
12712.7	-0.46583826989966537
12714.3	-0.09324706989966569
12716.0	-1.1194502698996656
12717.7	-0.7150452698996654
12719.3	-1.6865220698996655
12721.0	-1.3163356698996656
12722.7	-2.0021460698996654
12724.3	-1.4059551698996657
12726.0	-1.6789736698996656
12727.7	-0.5836678698996656
12729.3	-1.1973440698996654
12731.0	-0.15732560989966576
12732.7	-0.6985693698996656
12734.3	-0.0817910698996657
12736.0	-0.6172700698996655
12737.7	-0.28508386989966583
12739.3	-1.1484888698996656
12741.0	-0.3844023698996654
12742.7	-1.1141610698996658
12744.3	0.18648043010033438
12746.0	-0.33549106989966565
12747.7	0.016110230100334254
12749.3	-0.8599969698996655
12751.0	-0.6751626498996657
12752.7	-1.4442144698996657
12754.4	-0.5829482698996656
12756.0	-1.0102094698996655
12757.7	0.1419581301003343
12759.4	-0.5919668698996656
12761.0	-0.3059768698996656
12762.7	-1.4460489698996657
12764.4	-1.1755578698996658
12766.0	-2.0942020198996656
12767.7	-1.3512586698996656
12769.4	-1.5610295698996657
12771.0	-0.2232594698996654
12772.7	-0.45874046989966544
12774.4	0.7663587301003343
12776.0	0.1520966301003343
12777.7	0.7315681301003345
12779.4	-0.03837179989966562
12781.0	0.7664026301003345
12782.7	0.11430553010033428
12784.4	0.7788901301003344
12786.0	-0.2707288698996656
12787.7	0.03724522010033451
12789.4	-0.9942622698996655
12791.0	-0.5258041698996657
12792.7	-1.6071396598996657
12794.4	-1.0321180698996657
12796.1	-1.9390300698996659
12797.7	-1.5581639698996654
12799.4	-2.192849069899666
12801.1	-1.1600052698996655
12802.7	-1.3683236698996655
12804.4	-0.09551106989966573
12806.1	-0.47628906989966546
12807.7	0.5205189301003343
12809.4	0.18449693010033438
12811.1	0.7612571301003344
12812.7	-0.09749816989966575
12814.4	0.17467283010033452
12816.1	-0.6231662698996656
12817.7	-0.16918696989966575
12819.4	-0.8332119698996656
12821.1	0.04340663010033428
12822.7	-0.3392521698996657
12824.4	0.7190869301003343
12826.1	0.3975218301003344
12827.7	0.9744123301003343
12829.4	0.5324582301003344
12831.1	0.9538071301003344
12832.7	0.05611923010033428
12834.4	0.3811124301003344
12836.1	-0.33682236989966563
12837.7	0.5698595901003344
12839.4	0.10377043010033442
12841.1	0.6499270301003345
12842.8	-0.023449869899665642
12844.4	0.5279819301003343
12846.1	0.058351530100334545
12847.8	0.7004526301003343
12849.4	0.23857993010033435
12851.1	1.1972319301003345
12852.8	0.8969960301003344
12854.4	2.0095486301003342
12856.1	1.5117299301003344
12857.8	2.2115306401003347
12859.4	1.3377504001003344
12861.1	1.4989979301003342
12862.8	0.19145993010033419
12864.4	0.1117389301003344
12866.1	-0.9148330698996657
12867.8	-0.5194610698996658
12869.4	-1.4819118698996656
12871.1	-0.9362766698996655
12872.8	-1.4170913698996657
12874.4	-0.34060206989966557
12876.1	-0.6218476698996656
12877.8	0.15365603010033455
12879.4	-0.6619842698996656
12881.1	-0.8329013698996656
12882.8	-2.387624329899665
12884.4	-2.6898998698996652
12886.1	-3.4389439698996656
12887.8	-2.1533820698996657
12889.5	-1.6380392698996655
12891.1	0.41251893010033436
12892.8	0.7934403301003344
12894.5	1.6393183301003345
12896.1	1.1129046301003342
12897.8	1.3112238301003345
12899.5	0.6271795301003344
12901.1	0.9762025001003345
12902.8	0.03952303010033449
12904.5	0.5881949301003344
12906.1	-0.32021936989966565
12907.8	-0.13163856989966555
12909.5	-0.9336313698996654
12911.1	-0.41440576989966543
12912.8	-1.0542892498996654
12914.5	-0.3378179198996657
12916.1	-0.7796082698996657
12917.8	0.22871563010033427
12919.5	-0.003871869899665681
12921.1	0.9693169301003344
12922.8	0.5697519301003346
12924.5	1.6128069301003347
12926.1	0.7946579301003345
12927.8	0.9572089301003344
12929.5	-0.6546051698996654
12931.1	-0.8138643698996656
12932.8	-2.0328187698996656
12934.5	-1.2680500698996657
12936.2	-1.7021790698996653
12937.8	-0.5681670698996656
12939.5	-0.8575232698996655
12941.2	-0.007876369899665647
12942.8	-0.9191956698996655
12944.5	-0.5299410698996657
12946.2	-1.6098793698996654
12947.8	-1.1033290698996658
12949.5	-1.9506468698996655
12951.2	-1.0472510698996658
12952.8	-0.6175374698996656
12954.5	1.4889849301003344
12956.2	2.1510746301003345
12957.8	3.566636730100334
12959.5	3.058451930100335
12961.2	3.3983329301003353
12962.8	1.8597617301003346
12964.5	1.6492473301003343
12966.2	0.23742373010033457
12967.8	0.44330443010033427
12969.5	-0.8705973698996654
12971.2	-0.7008693698996655
12972.8	-1.928584069899665
12974.5	-1.2962810698996656
12976.2	-1.9571953698996662
12977.9	-0.7204134698996657
12979.5	-0.6291532698996658
12981.2	1.0892519301003345
12982.9	1.2442599301003343
12984.5	2.3596601101003345
12986.2	1.5227533001003342
12987.9	1.7637974301003343
12989.5	0.20271503010033448
12991.2	0.012183030100334401
12992.9	-0.8631147698996655
12994.5	-0.2713783698996658
12996.2	-0.8496786698996658
12997.9	-0.44388777989966555
12999.5	-1.2551232698996657
13001.2	-0.5151412698996655
13002.9	-0.8947150698996656
13004.5	0.029904930100334327
13006.2	-0.035435569899665696
13007.9	0.7503649301003346
13009.5	-0.1526408698996656
13011.2	-0.14541229989966584
13012.9	-1.0944769698996655
13014.5	-0.5973962698996657
13016.2	-1.1314863698996658
13017.9	-0.3760243698996658
13019.5	-1.0359998698996655
13021.2	-0.4763818698996657
13022.9	-1.1144281598996655
13024.6	-0.44160746989966554
13026.2	-0.6561819498996655
13027.9	0.3095149301003345
13029.6	-0.04279406989966557
13031.2	0.8914778301003343
13032.9	0.009467130100334486
13034.6	0.18497053010033432
13036.2	-0.9094452498996658
13037.9	-0.8519650698996657
13039.6	-1.7717600698996656
13041.2	-1.2067740698996654
13042.9	-2.050480069899666
13044.6	-1.139042069899666
13046.2	-1.3879025698996657
13047.9	-0.4425959298996657
13049.6	-0.5247552998996657
13051.2	0.09206693010033433
13052.9	-0.5531556698996656
13054.6	0.01351313010033437
13056.2	-0.9564123698996656
13057.9	-0.1697405698996656
13059.6	-0.12311556989966563
13061.2	0.8520483301003342
13062.9	0.3132213301003345
13064.6	0.2798340301003343
13066.2	-1.1347250698996656
13067.9	-0.5080945698996654
13069.6	-0.6949454698996654
13071.3	1.0288197301003343
13072.9	1.7367469301003342
13074.6	2.7490662301003344
13076.3	1.7956524601003345
13077.9	1.7355898301003343
13079.6	0.09827993010033449
13081.3	0.4982250301003341
13082.9	-0.15544756989966557
13084.6	0.4369339301003342
13086.3	-0.30607406989966546
13087.9	0.027876930100334384
13089.6	-0.7381760698996656
13091.3	0.13144193010033425
13092.9	-0.4056360698996655
13094.6	0.3154154301003345
13096.3	-0.11366266989966567
13097.9	0.2695603301003344
13099.6	-0.7165553698996657
13101.3	-0.4065352398996655
13102.9	-1.4409974698996657
13104.6	-0.7209848698996657
13106.3	-1.3698678698996656
13107.9	-0.49128866989966535
13109.6	-0.5312302698996658
13111.3	0.49376583010033437
13112.9	0.1592563301003344
13114.6	0.8975556301003346
13116.3	0.003716630100334384
13118.0	0.4910359301003342
13119.6	-0.4130888698996656
13121.3	-0.15093846989966558
13123.0	-1.1065980698996658
13124.6	-0.47466086989966555
13126.3	-0.9910731698996653
13128.0	-0.2845820698996655
13129.6	-0.9989717698996656
13131.3	-0.6275102698996656
13133.0	-1.5523036198996656
13134.6	-1.1153621698996656
13136.3	-1.8203526698996662
13138.0	-0.7331470698996656
13139.6	-0.8999707698996655
13141.3	0.12552333010033437
13143.0	-0.5535639698996657
13144.6	0.01950093010033447
13146.3	-0.6032230698996657
13148.0	0.2291049301003345
13149.6	-0.3275690698996657
13151.3	0.03529093010033453
13153.0	-0.8372015698996655
13154.6	-0.43286496989966555
13156.3	-1.2185204698996654
13158.0	0.02461783010033436
13159.7	0.09878703010033432
13161.3	1.4097199301003345
13163.0	1.2719190301003342
13164.7	1.5955929301003344
13166.3	0.39271913010033427
13168.0	0.5445855301003345
13169.7	-0.5809831698996656
13171.3	0.3755356301003344
13173.0	0.32928113010033433
13174.7	1.4949469301003344
13176.3	1.3169739301003343
13178.0	1.5314848301003345
13179.7	0.4410355301003346
13181.3	0.7413439301003345
13183.0	-0.41681506989966566
13184.7	0.35697873010033443
13186.3	-0.1943166698996656
13188.0	0.10016823010033409
13189.7	-0.5316080698996654
13191.3	-0.4482660698996656
13193.0	-1.5519170698996658
13194.7	-0.6956790698996655
13196.3	-1.4585808698996658
13198.0	-0.44082656989966573
13199.7	-0.5591501698996657
13201.3	0.1910409301003344
13203.0	-0.40226176989966567
13204.7	-0.009095189899665734
13206.4	-1.1762180698996656
13208.0	-0.8171212698996655
13209.7	-1.2181197698996653
13211.4	-0.0690902298996657
13213.0	0.020761930100334513
13214.7	1.1224589301003343
13216.4	0.6142626919003342
13218.0	1.2832883301003344
13219.7	0.6627384301003343
13221.4	1.2571099301003343
13223.0	0.7840334301003343
13224.7	1.4686597501003347
13226.4	0.6080149301003345
13228.0	1.0815639301003341
13229.7	-0.01832606989966563
13231.4	0.4906596901003343
13233.0	-0.015134469899665803
13234.7	0.6307563311003344
13236.4	-0.26966747989966555
13238.0	0.21477745010033455
13239.7	-0.6893075698996656
13241.4	-0.18391866989966568
13243.0	-0.7144533698996655
13244.7	0.37842733010033447
13246.4	0.4351671401003344
13248.0	1.9050319301003344
13249.7	1.7867339301003344
13251.4	3.011205830100334
13253.1	2.546126130100334
13254.7	2.6090729301003344
13256.4	1.1188168501003342
13258.1	0.5610001301003343
13259.7	-1.1073811698996652
13261.4	-1.0587489698996657
13263.1	-2.002382269899666
13264.7	-1.0492486698996655
13266.4	-1.1897882698996656
13268.1	-0.12131782689966561
13269.7	0.07342143010033438
13271.4	1.1337049301003346
13273.1	0.6918499301003346
13274.7	0.9026363301003345
13276.4	-0.8699106698996655
13278.1	-1.5422349698996658
13279.7	-3.0613730698996653
13281.4	-2.602981469899665
13283.1	-2.5972851698996653
13284.7	-0.5458266698996658
13286.4	0.35116873010033417
13288.1	1.9416359301003348
13289.7	1.5581282301003345
13291.4	1.8857605301003342
13293.1	0.7990633301003345
13294.7	1.0305226301003345
13296.4	0.09132593010033419
13298.1	0.7474161301003344
13299.8	0.37379163010033434
13301.4	1.0424575101003346
13303.1	0.18521923010033428
13304.8	0.36219343010033433
13306.4	-0.1581976698996655
13308.1	0.0360525301003344
13309.8	-0.6240577698996654
13311.4	0.1856725301003345
13313.1	-0.22505746989966574
13314.8	0.5372609301003345
13316.4	0.2557891001003343
13318.1	0.9657089301003345
13319.8	1.1236064301003341
13321.4	2.219451130100335
13323.1	1.7843886301003344
13324.8	2.492818730100334
13326.4	1.3518517301003343
13328.1	1.0055699301003345
13329.8	-0.5094989698996656
13331.4	-0.1945425698996655
13333.1	-0.8146907698996657
13334.8	0.044107730100334454
13336.4	-0.18735406989966555
13338.1	0.9123971301003342
13339.8	0.1072559301003344
13341.5	0.41854953010033447
13343.1	-0.9601000698996657
13344.8	-0.7094080698996656
13346.5	-1.541268169899666
13348.1	-1.0383422698996658
13349.8	-1.3529373698996652
13351.5	-0.07256206989966571
13353.1	-0.4000598698996657
13354.8	0.5696723301003344
13356.5	0.1508703101003344
13358.1	1.2928041701003345
13359.8	1.0525283301003343
13361.5	1.9612509301003342
13363.1	1.4665733301003345
13364.8	2.0750289301003346
13366.5	1.0352428301003342
13368.1	1.0090349301003345
13369.8	-0.39821796989966574
13371.5	-0.2851249698996655
13373.1	-1.6534364698996655
13374.8	-1.2819157698996655
13376.5	-1.8804230698996656
13378.1	-1.0582386698996658
13379.8	-1.6262227498996658
13381.5	-1.210533069899666
13383.1	-2.0561946698996656
13384.8	-1.5086039698996656
13386.5	-1.9253181698996655
13388.2	-0.5676116698996657
13389.8	-0.5583866698996658
13391.5	0.3625567301003345
13393.2	-0.09734755989966563
13394.8	0.2528052201003344
13396.5	-0.16322353989966548
13398.2	0.7955598301003344
13399.8	0.9587219301003346
13401.5	2.2684030301003344
13403.2	1.786147930100335
13404.8	2.2177869301003343
13406.5	1.418780330100334
13408.2	2.0027120301003345
13409.8	1.4573009601003344
13411.5	2.0272405201003343
13413.2	1.1527725301003344
13414.8	0.9821286301003344
13416.5	-0.4803807698996657
13418.2	-0.32540476989966555
13419.8	-1.0169374698996656
13421.5	0.3680567301003344
13423.2	0.2574092301003345
13424.8	1.2645985801003345
13426.5	0.6595679301003343
13428.2	1.1307510301003343
13429.8	0.5077100801003345
13431.5	1.1568371301003342
13433.2	0.3870749301003345
13434.9	1.2643064601003344
13436.5	0.30991803010033436
13438.2	0.49787153010033436
13439.9	-0.8622494698996658
13441.5	-0.5826211698996658
13443.2	-1.7606998698996654
13444.9	-1.0932460698996656
13446.5	-1.4787750698996656
13448.2	-0.1533684698996657
13449.9	-0.14705966989966557
13451.5	0.3579368301003343
13453.2	-0.5447950698996658
13454.9	-0.3229630698996657
13456.5	-1.7072290698996657
13458.2	-1.3554994698996659
13459.9	-1.8759722698996657
13461.5	-0.8096550698996655
13463.2	-0.49741546989966556
13464.9	0.8134457301003349
13466.5	1.1726367301003346
13468.2	2.2390365301003348
13469.9	1.6492419701003342
13471.5	1.6167159301003344
13473.2	0.3575546301003343
13474.9	0.3016305301003344
13476.5	-0.9369507698996656
13478.2	-0.4304290698996657
13479.9	-0.6954170698996655
13481.6	-0.03833606989966567
13483.2	-0.3307118698996659
13484.9	-0.008283969899665422
13486.6	-0.7433563698996657
13488.2	-0.4604018698996656
13489.9	-1.2528566698996655
13491.6	-0.6249017698996655
13493.2	-0.8835636098996655
13494.9	-0.30778466989966563
13496.6	-0.8803759698996656
13498.2	-0.24971706989966558
13499.9	-0.7647804698996656
13501.6	-0.2657730698996654
13503.2	-0.7513438698996655
13504.9	0.06494453010033421
13506.6	-0.14199006989966556
13508.2	0.6763589301003344
13509.9	0.02990493010033459
13511.6	0.22314093010033442
13513.2	-0.8662032698996655
13514.9	-0.7636894698996657
13516.6	-1.9504481698996652
13518.2	-1.3513435698996656
13519.9	-1.8186255698996656
13521.6	-0.9898251698996656
13523.3	-1.3184212698996656
13524.9	-0.8187488698996654
13526.6	-1.4226074698996656
13528.3	-0.24574706989966563
13529.9	-0.6643939698996657
13531.6	0.30346244010033424
13533.3	-0.08312506989966559
13534.9	0.20763253010033425
13536.6	-0.9645264698996654
13538.3	-0.9452642098996659
13539.9	-1.9284272698996656
13541.6	-1.3303050698996657
13543.3	-1.8513900698996657
13544.9	-1.4147079698996656
13546.6	-1.9812310698996658
13548.3	-1.805937369899666
13549.9	-2.6012161698996654
13551.6	-1.7779785698996655
13553.3	-1.9743370498996655
13554.9	-0.8682851698996655
13556.6	-0.8362119998996655
13558.3	0.23208683010033443
13559.9	0.42506143010033454
13561.6	1.2943182301003349
13563.3	0.8326659301003343
13564.9	1.3100284301003342
13566.6	-0.13834666989966582
13568.3	-0.5300649698996656
13570.0	-2.2227095698996657
13571.6	-2.1482727698996658
13573.3	-2.5030065698996653
13575.0	-1.4225133698996657
13576.6	-1.2104238498996653
13578.3	-0.1232972598996654
13580.0	-0.5572532698996653
13581.6	-0.23743551989966555
13583.3	-1.1903047698996656
13585.0	-1.0628839698996653
13586.6	-1.5636478698996654
13588.3	-0.7798580698996654
13590.0	-0.7702974698996659
13591.6	0.3658455301003344
13593.3	0.27085458010033436
13595.0	0.7043764301003346
13596.6	-0.4546530698996653
13598.3	-0.5517020698996653
13600.0	-1.6458890698996655
13601.6	-0.8514138698996655
13603.3	-0.9491440698996655
13605.0	0.34586823010033435
13606.6	0.2661909301003343
13608.3	1.6026030001003346
13610.0	1.0073387301003345
13611.6	1.8389137301003344
13613.3	0.9367308301003344
13615.0	1.1029809301003344
13616.7	-0.5741960698996657
13618.3	-0.3878882698996655
13620.0	-1.3198220698996654
13621.7	-0.08696556989966561
13623.3	-0.07080716989966565
13625.0	1.1494269301003346
13626.7	0.9308601301003347
13628.3	1.8190865401003347
13630.0	0.7980310301003344
13631.7	1.4098520101003342
13633.3	0.6090455301003345
13635.0	1.2128399301003339
13636.7	0.5498069301003342
13638.3	1.4421939301003344
13640.0	1.3556569301003343
13641.7	2.784679390100334
13643.3	2.6482677301003346
13645.0	3.770183030100334
13646.7	2.9842239901003347
13648.3	3.1617212301003343
13650.0	1.3939093301003342
13651.7	0.9218674301003345
13653.3	-0.8626627698996657
13655.0	-0.6297719698996657
13656.7	-1.1700210698996656
13658.3	0.16753893010033466
13660.0	0.45535293010033434
13661.7	1.8880059301003342
13663.4	1.143152930100334
13665.0	1.1939489301003348
13666.7	-0.26083479989966557
13668.4	-0.3587235698996656
13670.0	-1.4426670698996655
13671.7	-1.0992931698996657
13673.4	-1.660894169899666
13675.0	-0.4070540698996655
13676.7	-0.4000015998996658
13678.4	0.8893289301003342
13680.0	1.0084429301003344
13681.7	2.1649629301003346
13683.4	1.4564609301003348
13685.0	1.4744827301003345
13686.7	0.053784200100334356
13688.4	-0.022196069899665626
13690.0	-1.1492370698996655
13691.7	-0.3196110698996657
13693.4	-0.0995328698996655
13695.0	1.7397732321003345
13696.7	2.279260130100335
13698.4	3.292264330100335
13700.0	2.2285021301003347
13701.7	1.674512930100334
13703.4	-0.20706116989966566
13705.0	-0.036105959899665405
13706.7	-0.3258338698996658
13708.4	0.7262884301003345
13710.1	0.13005152010033444
13711.7	0.5655298301003343
13713.4	-0.7407473698996655
13715.1	-0.5480779698996655
13716.7	-0.9321085198996657
13718.4	0.34725823010033446
13720.1	0.6215630101003345
13721.7	1.8398569301003342
13723.4	1.3519789301003344
13725.1	2.169189330100334
13726.7	1.3674691301003343
13728.4	1.4772740301003346
13730.1	0.21986103010033445
13731.7	0.4528319301003343
13733.4	-0.30857506989966565
13735.1	0.6434379301003345
13736.7	0.7956939301003343
13738.4	2.0160848301003345
13740.1	1.5779398301003345
13741.7	1.7140708411003343
13743.4	0.21720297010033449
13745.1	0.1637048301003344
13746.7	-1.008148869899666
13748.4	-0.9692626898996657
13750.1	-1.7485486698996653
13751.8	-1.125059069899666
13753.4	-1.6204291338996657
13755.1	-0.5547134698996656
13756.8	-0.6405025898996659
13758.4	0.5523999301003346
13760.1	0.30772323010033426
13761.8	0.6763449301003344
13763.4	-0.49519436989966553
13765.1	-0.21090506989966534
13766.8	-1.6019785698996654
13768.4	-1.0190103698996658
13770.1	-1.3616130698996656
13771.8	-0.19631166989966536
13773.4	-0.25019363989966575
13775.1	0.8570611301003345
13776.8	0.4480106201003343
13778.4	1.3195852301003343
13780.1	0.36941873010033427
13781.8	1.157430330100334
13783.4	0.42859673010033444
13785.1	1.1265329301003344
13786.8	1.0292645301003343
13788.4	1.8207475301003346
13790.1	1.4964429301003346
13791.8	1.9697121301003342
13793.4	0.3518759301003344
13795.1	-0.21974306989966585
13796.8	-1.9096384698996658
13798.5	-1.9864931698996657
13800.1	-2.2969507698996656
13801.8	-1.1671138698996653
13803.5	-1.0117425698996654
13805.1	0.10916323010033431
13806.8	-0.08590006989966559
13808.5	0.3640259301003345
13810.1	-0.17993606989966554
13811.8	0.6717395301003346
13813.5	0.1656198301003343
13815.1	0.5530408701003343
13816.8	-0.1054443698996657
13818.5	0.17615013010033445
13820.1	-0.2141397698996655
13821.8	0.9896262301003343
13823.5	1.3051740301003343
13825.1	2.4175819301003343
13826.8	1.9196416301003343
13828.5	1.6187679801003345
13830.1	0.005015430100334406
13831.8	-0.1721711698996658
13833.5	-0.7341915698996655
13835.1	0.5131359301003344
13836.8	0.9148345301003342
13838.5	2.1302143901003348
13840.1	1.7071397301003344
13841.8	2.4173455301003353
13843.5	1.3103914301003343
13845.2	1.5416202201003342
13846.8	1.0856447301003342
13848.5	1.3162277301003347
13850.2	0.6129049301003341
13851.8	1.2716579301003343
13853.5	0.5898197301003343
13855.2	1.6562598301003344
13856.8	1.1444378301003344
13858.5	1.5335348301003342
13860.2	0.8545419301003344
13861.8	1.2364491301003344
13863.5	0.42009553010033435
13865.2	1.0443310301003346
13866.8	0.6569360301003343
13868.5	1.5164123301003343
13870.2	1.0096830301003348
13871.8	1.5270903301003345
13873.5	0.6659740301003342
13875.2	0.8624401401003349
13876.8	0.025634630100334732
13878.5	0.3465160301003346
13880.2	-0.5627997698996656
13881.8	-0.4073587698996655
13883.5	-1.6650702698996658
13885.2	-1.9187130698996655
13886.8	-3.114943069899666
13888.5	-2.832798569899666
13890.2	-3.0879061698996653
13891.9	-1.2747600698996655
13893.5	-0.8699530698996654
13895.2	0.45512893010033456
13896.9	0.16301893010033447
13898.5	0.9976469301003343
13900.2	0.488676930100334
13901.9	1.1071552301003345
13903.5	0.6290923301003344
13905.2	1.4780119301003343
13906.9	1.0915939301003346
13908.5	2.1905139301003347
13910.2	1.7944732301003348
13911.9	2.300840140100335
13913.5	1.4514060301003344
13915.2	1.2847341301003345
13916.9	0.48875593010033447
13918.5	1.4428320201003344
13920.2	1.2675583301003344
13921.9	2.4627379301003343
13923.5	1.803679930100334
13925.2	1.5132638301003347
13926.9	-0.3002210698996656
13928.5	-1.112513349899666
13930.2	-2.4050123698996657
13931.9	-1.8269261698996655
13933.6	-2.2551885698996657
13935.2	-1.1817550698996657
13936.9	-1.5247701698996656
13938.6	-0.9682482698996656
13940.2	-1.8911290698996654
13941.9	-1.9797945698996657
13943.6	-2.8795566698996655
13945.2	-2.177681569899666
13946.9	-2.8167183698996654
13948.6	-2.1239102898996656
13950.2	-2.551129169899666
13951.9	-1.4990460698996657
13953.6	-1.1031920698996658
13955.2	0.5839436301003345
13956.9	1.0858805301003345
13958.6	2.5887514301003343
13960.2	2.141768420100335
13961.9	2.081449130100334
13963.6	0.41628047310033434
13965.2	0.05609273010033439
13966.9	-1.2315420698996657
13968.6	-1.2363410698996655
13970.2	-2.1518966698996658
13971.9	-1.2198766698996655
13973.6	-1.5218070698996657
13975.2	-0.09229266989966556
13976.9	-0.29991886989966565
13978.6	1.0522479301003345
13980.3	0.5795359301003346
13981.9	1.2010198301003343
13983.6	0.6293408301003345
13985.3	1.3926920301003343
13986.9	0.8448585801003343
13988.6	1.7758338301003345
13990.3	1.2706910301003345
13991.9	1.8868939901003343
13993.6	0.5335950301003345
13995.3	0.4089221301003345
13996.9	-0.8717206698996657
13998.6	-1.0362356698996658
14000.3	-1.9561910698996656
14001.9	-1.7045110698996655
14003.6	-2.2863311698996656
14005.3	-1.6228100698996655
14006.9	-2.454654469899666
14008.6	-2.1150239698996662
14010.3	-2.5758790698996656
14011.9	-1.7426480698996656
14013.6	-1.9263920698996657
14015.3	-1.1440230698996658
14016.9	-1.4407450698996656
14018.6	-0.5552720698996656
14020.3	-0.7947200698996657
14021.9	0.32302883010033456
14023.6	0.14900796010033446
14025.3	1.2666338301003341
14027.0	0.5797207301003343
14028.6	0.9019271301003344
14030.3	0.2614855301003346
14032.0	1.145620210100334
14033.6	0.9391939301003344
14035.3	2.2892294301003346
14037.0	1.8275818301003344
14038.6	2.7156789801003347
14040.3	1.7500473301003343
14042.0	2.1790742301003343
14043.6	1.439940530100334
14045.3	1.757605330100334
14047.0	0.7771649301003343
14048.6	1.1553039301003345
14050.3	0.06493093010033446
14052.0	0.4752863301003344
14053.6	-0.3172333698996655
14055.3	0.10555893010033408
14057.0	-0.4259530698996656
14058.6	0.21579993010033455
14060.3	-0.34847926989966577
14062.0	0.10393293010033441
14063.6	-0.9272396698996659
14065.3	-0.7050198898996658
14067.0	-1.4397375698996655
14068.6	-0.9116870698996656
14070.3	-1.2144260698996656
14072.0	-0.5922215698996652
14073.7	-1.1824590698996655
14075.3	-1.0342793498996656
14077.0	-2.0513295698996656
14078.7	-1.3853890698996656
14080.3	-1.7302060698996655
14082.0	-0.32450372989966547
14083.7	-0.20840686989966545
14085.3	0.8480769301003341
14087.0	0.6602466301003346
14088.7	1.0042185301003344
14090.3	0.004374930100334518
14092.0	0.5725896301003341
14093.7	-0.32357966989966547
14095.3	0.4477110301003342
14097.0	0.07753793010033432
14098.7	0.9566078301003346
14100.3	1.1325447301003344
14102.0	2.0702789301003346
14103.7	1.8808819301003343
14105.3	2.5744764301003342
14107.0	1.4513303601003344
14108.7	1.3516484301003344
14110.3	0.2000622301003344
14112.0	0.40349033010033447
14113.7	0.0585525301003344
14115.4	0.6984821301003343
14117.0	0.04259153010033432
14118.7	0.6515690301003343
14120.4	-0.3833120698996656
14122.0	0.08827173010033415
14123.7	-0.6270197698996656
14125.4	-0.4760334998996658
14127.0	-1.3280519398996655
14128.7	-0.43403336989966557
14130.4	-0.5721002698996657
14132.0	1.0781656301003344
14133.7	1.3115782301003347
14135.4	2.6004191301003345
14137.0	2.1032857301003345
14138.7	2.136564530100334
14140.4	0.8970030301003344
14142.0	1.534735930100334
14143.7	0.7167015301003345
14145.4	1.0922749301003343
14147.0	0.23654913010033454
14148.7	0.44094213010033423
14150.4	-0.39429761989966566
14152.0	0.0718690001003345
14153.7	-0.7122480698996655
14155.4	0.22792474010033442
14157.0	-0.44402912789966553
14158.7	-0.11532466989966558
14160.4	-1.1552533698996656
14162.1	-0.9393050698996653
14163.7	-1.6321640698996653
14165.4	-0.8860027698996656
14167.1	-1.0771244698996654
14168.7	-0.05109326989966552
14170.4	0.08720593010033435
14172.1	1.4184959301003346
14173.7	1.3311615601003344
14175.4	2.3146729901003344
14177.1	1.6038258301003345
14178.7	1.3873729301003348
14180.4	0.06851889010033423
14182.1	-0.4487800698996655
14183.7	-1.4330640698996655
14185.4	-0.9035120698996655
14187.1	-1.6822010698996657
14188.7	-0.8820962698996657
14190.4	-1.1456403289996655
14192.1	-0.04551096989966573
14193.7	0.43997773010033425
14195.4	2.0519059301003337
14197.1	1.9132498301003344
14198.7	2.720795030100334
14200.4	1.7890089301003342
14202.1	2.2857099301003343
14203.7	1.5947329301003343
14205.4	2.240373930100334
14207.1	1.451757230100334
14208.8	1.9100771301003345
14210.4	1.0395209601003343
14212.1	1.6228297301003345
14213.8	1.3692622301003345
14215.4	2.0157141201003346
14217.1	1.3266744301003341
14218.8	1.7552530301003348
14220.4	0.9413325791003342
14222.1	1.6085251301003347
14223.8	1.3320796301003337
14225.4	2.2862576301003346
14227.1	1.9488909301003339
14228.8	2.3375674301003344
14230.4	1.5859529301003346
14232.1	1.9197699301003344
14233.8	0.7677269301003344
14235.4	0.5137972301003344
14237.1	-0.9803800698996656
14238.8	-0.9822830698996656
14240.4	-1.7784784698996656
14242.1	-1.1780216898996658
14243.8	-1.6390078898996656
14245.4	-1.0600602698996657
14247.1	-1.7780347898996651
14248.8	-1.5900093698996653
14250.4	-2.2860936698996657
14252.1	-1.4532903698996653
14253.8	-1.4805836698996657
14255.5	-0.3799032698996657
14257.1	-0.6868108698996657
14258.8	-0.16243666989966563
14260.5	-0.7840528038996658
14262.1	-0.5552709698996656
14263.8	-1.4895019698996657
14265.5	-1.0541231698996658
14267.1	-1.514280269899666
14268.8	-0.5021657698996658
14270.5	-0.36858206989966547
14272.1	1.1706324301003346
14273.8	1.6862264301003342
14275.5	2.9992098301003347
14277.1	2.9642219301003343
14278.8	3.326811930100334
14280.5	2.117752030100335
14282.1	2.0093874301003343
14283.8	0.7677621301003345
14285.5	0.8347049301003343
14287.1	0.08989023010033459
14288.8	0.8093725901003346
14290.5	0.7895979301003344
14292.1	1.9549860901003342
14293.8	1.8051847301003345
14295.5	2.3920261301003345
14297.2	1.4777169301003346
14298.8	1.747997030100334
14300.5	0.5972971301003345
14302.2	1.0956429301003345
14303.8	0.6286915301003344
14305.5	1.2808699301003346
14307.2	0.5913693301003342
14308.8	0.841075430100334
14310.5	-0.07560926989966568
14312.2	0.5772065301003342
14313.8	0.17172333010033441
14315.5	1.2018870301003344
14317.2	0.6937983301003345
14318.8	0.8829022301003342
14320.5	-0.5220760698996657
14322.2	-0.7900100698996655
14323.8	-1.5014838698996655
14325.5	-0.7841072698996657
14327.2	-0.9007504698996659
14328.8	0.24475883010033445
14330.5	-0.3378005698996659
14332.2	-0.44007236989966547
14333.8	-1.6478350698996658
14335.5	-1.5249652698996656
14337.2	-1.745328769899666
14338.8	-0.6192365698996654
14340.5	-0.5395399998996655
14342.2	0.5986851701003345
14343.9	0.3366469301003346
14345.5	0.8409309301003342
14347.2	0.5156916301003347
14348.9	1.2148442301003344
14350.5	1.1159604301003345
14352.2	1.664768830100335
14353.9	1.031023530100334
14355.5	0.9090393301003346
14357.2	-0.5436104748996656
14358.9	-0.7724508698996656
14360.5	-1.3898677698996653
14362.2	-0.8472850698996656
14363.9	-0.7817840698996654
14365.5	-0.1449920698996654
14367.2	-0.49945516989966576
14368.9	0.011549130100334227
14370.5	-0.7215670698996653
14372.2	0.008587919100334162
14373.9	-0.16982540489966555
14375.5	0.7706116301003344
14377.2	0.5169469301003347
14378.9	0.9890272301003342
14380.5	0.1650174301003343
14382.2	0.8195425301003347
14383.9	0.2527409301003346
14385.5	1.0684306301003343
14387.2	0.6293990301003342
14388.9	1.8510514301003345
14390.6	1.4532969301003344
14392.2	1.9346828301003345
14393.9	0.9546899301003344
14395.6	1.0798538301003342
14397.2	-0.1813890698996658
14398.9	-0.6393560698996656
14400.6	-2.0663731698996655
14402.2	-1.7413479698996657
14403.9	-2.4444419898996657
14405.6	-1.9172822698996659
14407.2	-2.423127669899666
14408.9	-1.4811259698996655
14410.6	-2.0533584698996656
14412.2	-1.4488649698996656
14413.9	-1.2513800698996658
14415.6	0.14182283010033436
14417.2	0.5130159301003345
14418.9	1.7175801301003344
14420.6	0.6907461301003343
14422.2	0.7893184301003343
14423.9	-0.7410583698996658
14425.6	-1.127025369899666
14427.2	-2.202100069899666
14428.9	-1.8215150698996658
14430.6	-2.2031440698996656
14432.2	-1.4560200698996657
14433.9	-1.8039659698996657
14435.6	-0.7727993698996655
14437.3	-0.7025125698996655
14438.9	0.24225792010033445
14440.6	0.13594223010033432
14442.3	0.9408977301003345
14443.9	0.1818707301003345
14445.6	-0.2892670698996656
14447.3	-2.103679469899665
14448.9	-2.3695030698996655
14450.6	-2.9510580698996653
14452.3	-1.9215380698996658
14453.9	-1.5830611698996657
14455.6	0.0003641301003344588
14457.3	-0.6018850698996655
14458.9	-0.9397580698996656
14460.6	-2.5358231698996656
14462.3	-2.5666852698996654
14463.9	-3.1313745698996653
14465.6	-1.9601241698996656
14467.3	-1.6382202498996654
14468.9	-0.47233156989966574
14470.6	-0.7915200698996656
14472.3	-0.6702437698996657
14473.9	-1.6087411698996654
14475.6	-1.2852840698996657
14477.3	-2.022400069899666
14479.0	-1.4023520698996657
14480.6	-1.5084719698996656
14482.3	-0.7994080698996655
14484.0	-0.7095540698996652
14485.6	0.11434973010033414
14487.3	0.0522339301003345
14489.0	0.8428314301003343
14490.6	0.008092930100334517
14492.3	0.3015209301003344
14494.0	-0.3007370698996657
14495.6	0.21514693010033437
14497.3	0.09967093010033432
14499.0	0.6422339301003341
14500.6	0.3183734301003346
14502.3	0.8914934301003348
14504.0	0.6597551301003348
14505.6	1.5168271301003344
14507.3	1.5662115301003348
14509.0	2.327691630100334
14510.6	1.6183687301003342
14512.3	1.6098584301003345
14514.0	0.5053018501003341
14515.6	0.4532630301003347
14517.3	-0.44146406989966547
14519.0	-0.5185465698996655
14520.6	-1.2619720698996655
14522.3	-0.6573520498996654
14524.0	-0.6943369998996658
14525.7	0.4922666301003343
14527.3	0.4869942201003344
14529.0	1.4264562301003343
14530.7	1.2468077301003344
14532.3	2.023889930100334
14534.0	1.6549803301003343
14535.7	2.417827430100335
14537.3	2.1014015801003345
14539.0	2.288312330100335
14540.7	0.7820253301003344
14542.3	0.7402589301003345
14544.0	-0.5952080698996657
14545.7	-0.6996760698996656
14547.3	-1.6846889698996652
14549.0	-0.8300438698996657
14550.7	-1.0741633698996658
14552.3	0.19947973010033443
14554.0	-0.33633806989966564
14555.7	0.6546234201003346
14557.3	0.3205049301003342
14559.0	1.3098629301003342
14560.7	0.9526225301003344
14562.3	1.5207387301003341
14564.0	0.43686003010033475
14565.7	0.2060226301003345
14567.3	-1.2880211698996655
14569.0	-1.2734241698996658
14570.7	-2.491879069899666
14572.4	-1.7488275698996656
14574.0	-2.0522590698996654
14575.7	-1.6051540698996658
14577.4	-1.9099990698996656
14579.0	-0.9424930698996656
14580.7	-1.3083170698996658
14582.4	-0.46491006989966566
14584.0	-1.3237130698996655
14585.7	-0.6821035698996655
14587.4	-1.4299950698996657
14589.0	-1.0078287698996657
14590.7	-1.2776050698996655
14592.4	0.2890468301003343
14594.0	0.8113049301003341
14595.7	2.543605930100334
14597.4	2.428010930100334
14599.0	3.132718130100335
14600.7	2.142862300100334
14602.4	1.9188511301003348
14604.0	0.8908765301003345
14605.7	1.356876900100335
14607.4	0.35680293010033426
14609.0	0.7825141301003345
14610.7	-0.24317706989966537
14612.4	-0.18604086989966556
14614.0	-0.7615005398996658
14615.7	-0.12977224989966563
14617.4	-0.16140796989966563
14619.1	1.283982930100334
14620.7	1.1845419301003344
14622.4	2.0832649301003348
14624.1	1.5196612301003343
14625.7	1.5228039301003342
14627.4	0.2837359301003345
14629.1	0.07213043010033471
14630.7	-0.9946283298996652
14632.4	-0.5688627698996654
14634.1	-1.0487745698996653
14635.7	-0.4626453698996656
14637.4	-0.7541748698996656
14639.1	-0.02932286989966535
14640.7	-0.40189058989966525
14642.4	0.28710173010033435
14644.1	-0.05676286989966561
14645.7	0.6146371301003344
14647.4	0.11580783010033438
14649.1	0.4243797301003343
14650.7	-0.5352882698996655
14652.4	-0.3536252698996657
14654.1	-1.2027981698996657
14655.7	-0.8948179698996659
14657.4	-1.3800551698996657
14659.1	-0.5698031398996657
14660.8	-0.5636525598996658
14662.4	0.14097513010033424
14664.1	-0.694056069899666
14665.8	-0.6336045698996655
14667.4	-1.628860669899666
14669.1	-1.3467142798996659
14670.8	-1.6171954498996652
14672.4	-0.8825382698996653
14674.1	-0.8033216698996659
14675.8	0.02014893010033463
14677.4	-0.4407629698996656
14679.1	0.12962441820033427
14680.8	-0.45643836989966574
14682.4	0.07295193010033459
14684.1	-0.28633036989966565
14685.8	0.00609833010033436
14687.4	-0.6764817698996656
14689.1	-0.1480590698996656
14690.8	-0.16017806989966565
14692.4	0.9295697301003344
14694.1	0.9985979301003345
14695.8	2.168185340100334
14697.4	1.8284660301003341
14699.1	2.0590521301003344
14700.8	0.6932436301003345
14702.4	0.3878733301003344
14704.1	-0.8451936698996656
14705.8	-0.47801806989966555
14707.5	-1.1316500698996657
14709.1	-0.5816770698996656
14710.8	-1.3606960698996657
14712.5	-1.614391469899666
14714.1	-2.996771469899666
14715.8	-2.515007069899666
14717.5	-2.8029325698996663
14719.1	-1.3008482598996656
14720.8	-0.6512263698996656
14722.5	0.5819334301003344
14724.1	0.5553170301003344
14725.8	0.8898439301003342
14727.5	-0.14698706989966573
14729.1	0.17470693010033447
14730.8	-0.7558000698996655
14732.5	-1.2482300698996656
14734.1	-2.013144169899666
14735.8	-1.6110428698996653
14737.5	-1.8980260698996656
14739.1	-1.0705240698996652
14740.8	-2.0012213698996653
14742.5	-2.3197529698996653
14744.1	-3.794356569899665
14745.8	-4.418278769899665
14747.5	-4.675784369899665
14749.1	-3.1971367698996653
14750.8	-2.0714767698996654
14752.5	-0.18255406989966555
14754.2	0.2518815301003346
14755.8	0.6794826301003343
14757.5	-0.1460519698996656
14759.2	0.051011930100334356
14760.8	-1.0943243698996654
14762.5	-1.2971124698996657
14764.2	-2.485136269899665
14765.8	-2.5320474698996653
14767.5	-3.0842165698996657
14769.2	-2.4753846698996655
14770.8	-2.7842478698996658
14772.5	-1.3899387698996657
14774.2	-1.5421830698996657
14775.8	-0.5385953698996657
14777.5	-0.9577008698996657
14779.2	-0.4862686698996658
14780.8	-0.9518368698996656
14782.5	-0.2430728698996658
14784.2	-0.5513286698996657
14785.8	0.7732628301003345
14787.5	0.7071936301003343
14789.2	1.462518230100334
14790.8	0.8245599301003341
14792.5	1.0580639301003343
14794.2	0.17122593010033454
14795.8	0.41447393010033445
14797.5	-1.010845469899666
14799.2	-1.4569674698996657
14800.9	-2.362801609899665
14802.5	-2.2334959168996655
14804.2	-2.2646866698996653
14805.9	-0.9809216698996657
14807.5	-0.9606813698996655
14809.2	-0.06223476989966553
14810.9	-0.7795802698996658
14812.5	-1.0317862698996652
14814.2	-1.8413453698996656
14815.9	-1.6998759698996657
14817.5	-2.353830969899666
14819.2	-1.8209290698996654
14820.9	-1.9585520698996657
14822.5	-0.9782984698996657
14824.2	-1.1057074698996658
14825.9	-0.12205661289966545
14827.5	-0.4282442798996655
14829.2	0.5348244301003343
14830.9	0.15113333010033442
14832.5	0.654223130100334
14834.2	0.22483763010033445
14835.9	0.6609660301003343
14837.5	-0.1024164698996656
14839.2	0.6770309301003345
14840.9	0.041553930100334216
14842.6	0.6455425301003342
14844.2	0.03686203010033466
14845.9	0.36838049010033436
14847.6	-0.16900666989966578
14849.2	0.4166736301003346
14850.9	-0.18452406989966555
14852.6	1.0967659301003345
14854.2	0.9908790301003345
14855.9	2.1348771301003344
14857.6	1.490343130100334
14859.2	1.9851990301003344
14860.9	0.6915359301003344
14862.6	1.0775237301003344
14864.2	0.24040663010033433
14865.9	0.9128652401003343
14867.6	0.3195368301003346
14869.2	0.9033981301003344
14870.9	-0.3308480698996656
14872.6	-0.06094576989966567
14874.2	-1.2273246698996658
14875.9	-0.34662406989966577
14877.6	-0.4237050698996656
14879.2	0.7075449301003347
14880.9	0.4899429301003345
14882.6	1.5303735301003343
14884.2	0.9469139301003345
14885.9	1.288813530100334
14887.6	-0.2055370698996657
14889.3	-0.2506179798996655
14890.9	-1.3769911698996657
14892.6	-1.3354010698996657
14894.3	-2.0425010698996653
14895.9	-0.999793069899666
14897.6	-0.7796012398996658
14899.3	0.6210469301003341
14900.9	0.24343253010033447
14902.6	1.0756426301003343
14904.3	0.5049849301003343
14905.9	0.4771939301003344
14907.6	-0.6836553698996657
14909.3	-0.5202260698996655
14910.9	-1.0012880698996658
14912.6	-0.016237069899665536
14914.3	-0.5621716698996656
14915.9	0.41566068010033447
14917.6	0.05625883010033448
14919.3	0.7984846301003345
14920.9	0.06517117010033431
14922.6	0.6456273301003346
14924.3	-0.1206727698996656
14925.9	0.3051379301003343
14927.6	-0.8720840698996657
14929.3	-0.41771706989966545
14930.9	-1.2250746698996657
14932.6	-0.27155066989966575
14934.3	-0.3824044698996657
14936.0	0.09523573010033448
14937.6	-0.6105252698996656
14939.3	-0.06651606989966549
14941.0	-1.1779380698996653
14942.6	-0.4206455698996655
14944.3	-1.2231380698996657
14946.0	-0.7272961698996656
14947.6	-1.0396172918996653
14949.3	-0.5185523698996657
14951.0	-0.8184760698996655
14952.6	0.42284093010033424
14954.3	0.4519876301003348
14956.0	1.593850930100334
14957.6	1.330394830100334
14959.3	2.187143930100334
14961.0	1.5481085301003343
14962.6	2.318637730100334
14964.3	1.7279520301003348
14966.0	1.7106619301003338
14967.6	0.5671931301003342
14969.3	0.7250028301003342
14971.0	-0.18759056989966566
14972.6	0.3668759301003347
14974.3	-0.49350316989966536
14976.0	-0.20729015989966565
14977.6	-1.0497706698996658
14979.3	-0.8817713698996658
14981.0	-2.1125510698996655
14982.7	-1.5120086698996658
14984.3	-1.8789806698996654
14986.0	-1.2165610698996656
14987.7	-1.1702278698996655
14989.3	0.23989453010033443
14991.0	0.10870213010033454
14992.7	0.7648551301003343
14994.3	-0.3422380698996655
14996.0	0.060275930100334364
14997.7	-0.017676573899665548
14999.3	1.061232930100334
15001.0	0.9623759301003343
15002.7	1.7321643301003342
15004.3	0.37760443010033456
15006.0	-0.34497306989966586
15007.7	-1.8655963698996658
15009.3	-1.5084498698996653
15011.0	-2.0814828698996655
15012.7	-1.2066783698996655
15014.3	-1.7373432698996651
15016.0	-0.9197790698996657
15017.7	-1.1783220698996657
15019.3	-0.3465521698996653
15021.0	-0.6043120698996657
15022.7	0.16665273010033463
15024.4	-0.8137877698996656
15026.0	-0.7012478698996658
15027.7	-2.0012494698996655
15029.4	-2.0487193698996657
15031.0	-2.448241069899666
15032.7	-1.7006406698996657
15034.4	-1.8045030798996653
15036.0	-0.5696700698996655
15037.7	-0.6958145698996657
15039.4	0.26160493010033425
15041.0	0.0049314301003342996
15042.7	0.4834306301003341
15044.4	0.10492383010033475
15046.0	0.05397633010033438
15047.7	-1.2013720698996653
15049.4	-0.9499430698996655
15051.0	-1.551103869899666
15052.7	-0.7505080698996656
15054.4	-0.9619670698996657
15056.0	0.013069930100334571
15057.7	0.4481668301003345
15059.4	1.3597164301003346
15061.0	1.1854919301003348
15062.7	1.5452749301003343
15064.4	0.6660056901003342
15066.0	0.7908799301003343
15067.7	0.08774563010033436
15069.4	0.6150759301003343
15071.1	0.6347087301003341
15072.7	1.3583559301003345
15074.4	0.7382395301003344
15076.1	1.1635284301003341
15077.7	0.42350073010033473
15079.4	0.8574147301003343
15081.1	0.2411479301003344
15082.7	0.1803697301003344
15084.4	-0.8950595698996657
15086.1	-0.7082220698996655
15087.7	-1.8613880698996657
15089.4	-1.136721069899666
15091.1	-1.0412766698996656
15092.7	-0.010939069899665555
15094.4	0.36235893010033465
15096.1	1.5775309301003348
15097.7	1.246757540100335
15099.4	1.575022930100334
15101.1	0.1074874301003342
15102.7	-0.8160117698996656
15104.4	-2.248705069899666
15106.1	-2.5466301698996654
15107.7	-2.845821669899666
15109.4	-1.7828380698996653
15111.1	-1.4440475698996658
15112.7	-0.3129360698996657
15114.4	-0.2716784698996654
15116.1	0.8090215301003347
15117.8	1.2628349301003345
15119.4	2.5316631301003345
15121.1	2.4089535301003346
15122.8	2.2225419301003346
15124.4	0.2955386301003343
15126.1	-0.4414361698996657
15127.8	-1.6128617298996655
15129.4	-0.9699311698996655
15131.1	-0.4164795098996656
15132.8	1.259654030100334
15134.4	0.8264698301003346
15136.1	0.9135187301003344
15137.8	-0.7525152698996658
15139.4	-1.3020020698996655
15141.1	-2.8957395698996655
15142.8	-2.9063932698996657
15144.4	-3.3223260698996646
15146.1	-2.5035620698996652
15147.8	-3.169055069899666
15149.4	-2.2258200698996653
15151.1	-2.369683069899666
15152.8	-1.3519940698996655
15154.4	-1.7125290698996654
15156.1	-1.1900710698996653
15157.8	-1.6472150698996657
15159.4	-1.2914312698996655
15161.1	-1.9934658698996652
15162.8	-0.9726092698996656
15164.5	-0.7701624698996657
15166.1	-0.003983669899665543
15167.8	-0.35623598989966554
15169.5	-0.3750171098996658
15171.1	-1.5441872698996657
15172.8	-1.3975920698996656
15174.5	-2.127086069899666
15176.1	-1.4712930698996654
15177.8	-2.2108034698996653
15179.5	-2.493946769899665
15181.1	-3.309975419899665
15182.8	-2.7349163698996657
15184.5	-2.484017569899666
15186.1	-0.6365604698996655
15187.8	0.15052793010033433
15189.5	0.7228849301003344
15191.1	-0.8622862698996656
15192.8	-1.8321440698996654
15194.5	-3.3352096698996654
15196.1	-2.6446460698996654
15197.8	-2.0115824698996656
15199.5	0.13554893010033436
15201.1	0.8396859301003342
15202.8	1.6725661301003345
15204.5	0.4093345401003344
15206.2	0.29821093010033445
15207.8	-0.7235558298996657
15209.5	0.21820773010033429
15211.2	-0.2850245698996655
15212.8	0.7447709301003342
15214.5	0.1796579301003344
15216.2	0.5570879301003344
15217.8	-0.011688069899665532
15219.5	0.9451410301003342
15221.2	0.7667214301003342
15222.8	1.4448659301003342
15224.5	0.38800983010033463
15226.2	0.17704893010033446
15227.8	-0.6631330698996656
15229.5	-0.07841006989966574
15231.2	-0.3057120698996658
15232.8	0.9100679301003343
15234.5	1.1235809301003346
15236.2	1.8948904301003338
15237.8	1.7863201301003344
15239.5	2.477109930100334
15241.2	2.043479530100334
15242.8	3.0123399501003343
15244.5	2.628389630100335
15246.2	3.4551639301003347
15247.8	2.9123195801003345
15249.5	2.666038130100334
15251.2	1.0947639301003345
15252.9	0.19514793010033465
15254.5	-1.6870600698996654
15256.2	-2.0128980698996655
15257.9	-2.650500269899666
15259.5	-1.7542620698996658
15261.2	-1.903421869899666
15262.9	-1.0111560698996656
15264.5	-1.0448802698996655
15266.2	-0.006976369899665746
15267.9	-0.32900906989966555
15269.5	-0.27997956989966555
15271.2	-1.0626885698996658
15272.9	-0.47849996989966603
15274.5	-0.5380903698996654
15276.2	0.6358886301003344
15277.9	0.6901979301003343
15279.5	1.759369930100334
15281.2	0.9702099301003347
15282.9	0.9340258301003346
15284.5	-0.22019026989966567
15286.2	0.37141083010033443
15287.9	-0.11422146989966561
15289.5	0.7093812301003342
15291.2	-0.006281669899665587
15292.9	0.6663139301003344
15294.5	-0.04585921989966559
15296.2	0.42088643010033466
15297.9	-0.23120336989966556
15299.6	0.1820448301003343
15301.2	-1.0306990698996656
15302.9	-0.6178714698996658
15304.6	-1.3543790698996656
15306.2	-0.24799206989966552
15307.9	-0.32662906989966567
15309.6	0.6864804301003344
15311.2	0.4044887301003343
15312.9	0.8926802301003345
15314.6	-0.18666796989966575
15316.2	0.06010223010033435
15317.9	-0.6289978698996659
15319.6	0.1787165301003343
15321.2	-0.4155888698996657
15322.9	0.11964803010033456
15324.6	-0.6519480698996654
15326.2	-0.13580426989966524
15327.9	-0.4617662498996656
15329.6	0.28714533010033444
15331.2	0.3089759301003344
15332.9	1.3179259301003345
15334.6	0.9768419301003345
15336.2	1.4646270501003342
15337.9	0.41045293010033423
15339.6	0.2691409301003343
15341.2	-0.6876026698996658
15342.9	-0.7106382698996657
15344.6	-1.052329869899666
15346.3	-0.11676466989966557
15347.9	-0.3618710698996656
15349.6	0.3896220301003345
15351.3	0.15902593010033444
15352.9	0.5783009301003341
15354.6	0.012326030100334052
15356.3	0.4983192301003343
15357.9	0.14410373010033448
15359.6	0.7178581301003344
15361.3	0.06712873010033442
15362.9	0.5802059301003345
15364.6	0.5584539301003346
15366.3	1.6519329301003343
15367.9	1.2643707301003344
15369.6	1.8085591301003343
15371.3	0.7391584301003344
15372.9	0.20504643010033446
15374.6	-1.1979269698996653
15376.3	-1.3208598698996652
15377.9	-2.2731230698996656
15379.6	-1.6486159698996663
15381.3	-1.8654012698996651
15382.9	-0.35621356989966546
15384.6	0.08286353010033443
15386.3	1.2358010301003344
15388.0	0.9921949301003348
15389.6	0.7496189301003346
15391.3	-1.3774225698996658
15393.0	-2.4716659698996657
15394.6	-3.985835569899666
15396.3	-3.6148611698996653
15398.0	-3.667425569899666
15399.6	-2.2959420698996658
15401.3	-1.8541192698996656
15403.0	-0.6292822698996656
15404.6	-0.6094860698996657
15406.3	-0.26422706989966543
15408.0	-1.1952340698996655
15409.6	-1.3362768698996657
15411.3	-2.167804269899666
15413.0	-1.2597300698996656
15414.6	-1.1839920698996658
15416.3	-0.24994806989966561
15418.0	-0.3215725698996656
15419.6	-0.3314792698996657
15421.3	-1.6056620698996658
15423.0	-1.2626925698996658
15424.6	-1.740962769899666
15426.3	-0.5152890698996655
15428.0	-0.9579804698996653
15429.6	-0.39490580989966545
15431.3	-1.4243484698996656
15433.0	-1.1251131698996655
15434.7	-1.9418924698996656
15436.3	-1.1076590698996656
15438.0	-1.3616869098996651
15439.7	-0.4368340698996656
15441.3	-1.4415531698996655
15443.0	-0.6673060698996657
15444.7	-1.6207790698996654
15446.3	-1.0506352698996655
15448.0	-1.3564266698996654
15449.7	-0.3687981698996655
15451.3	-0.7957811898996654
15453.0	-0.4249846698996656
15454.7	-1.0638293698996655
15456.3	-0.06620906989966575
15458.0	-0.31804606989966533
15459.7	0.4284462301003343
15461.3	-0.013401369899665606
15463.0	0.5995821301003345
15464.7	-0.2984914698996657
15466.3	-0.08613526989966554
15468.0	-0.5607568698996654
15469.7	0.8390358301003344
15471.3	0.6512904301003345
15473.0	1.3604460301003343
15474.7	0.3685562301003344
15476.3	0.7177877301003346
15478.0	0.1602887301003344
15479.7	0.7690079301003346
15481.4	0.45665940010033435
15483.0	1.7228930701003342
15484.7	1.2459731301003347
15486.4	2.052439930100334
15488.0	1.3522032301003342
15489.7	1.8995371301003345
15491.4	1.742770330100334
15493.0	2.1716229301003347
15494.7	0.702875930100334
15496.4	0.26914393010033455
15498.0	-1.155534069899666
15499.7	-1.659738069899665
15501.4	-2.9559869698996657
15503.0	-2.519621369899665
15504.7	-3.1375645698996655
15506.4	-2.2361499898996655
15508.0	-2.3721511698996656
15509.7	-1.405282869899665
15511.4	-1.5904927698996654
15513.0	-0.7667019698996655
15514.7	-1.9725803698996658
15516.4	-1.9818796698996657
15518.0	-2.976764069899665
15519.7	-2.459030069899666
15521.4	-2.5507624698996656
15523.0	-1.3371710698996655
15524.7	-1.8217305698996653
15526.4	-1.1252511698996657
15528.1	-1.9705764698996657
15529.7	-2.010759269899666
15531.4	-2.6024263698996655
15533.1	-1.9767152698996657
15534.7	-2.174269069899666
15536.4	-1.7127846698996656
15538.1	-2.4117882698996658
15539.7	-2.536824834899666
15541.4	-3.7382251698996662
15543.1	-3.3096403098996654
15544.7	-3.443914429899666
15546.4	-1.873943379899666
15548.1	-1.2889094698996655
15549.7	0.09678763010033417
15551.4	0.42168533010033415
15553.1	1.5656513301003343
15554.7	1.2977729301003342
15556.4	2.0294950301003345
15558.1	1.1467099301003338
15559.7	1.1468009301003346
15561.4	0.015015930100334352
15563.1	0.2997539301003346
15564.7	-0.4014817698996655
15566.4	0.5000769301003342
15568.1	0.3088216301003345
15569.8	1.0089612401003343
15571.4	0.6388485301003344
15573.1	1.0758580301003342
15574.8	0.3385555301003346
15576.4	0.6915774101003345
15578.1	-0.2283194698996657
15579.8	0.09469883010033438
15581.4	-0.8411869598996656
15583.1	-0.5855930698996655
15584.8	-1.3020080698996657
15586.4	-0.6606610698996656
15588.1	-0.8853941698996657
15589.8	-0.21318706989966557
15591.4	-0.7109958698996656
15593.1	-1.0542496698996655
15594.8	-2.4298110698996656
15596.4	-2.2147490698996655
15598.1	-2.2975319698996657
15599.8	-0.9697793698996658
15601.4	-0.8843465498996658
15603.1	-0.20885486989966573
15604.8	-0.9491375698996658
15606.4	-1.1645895698996656
15608.1	-2.0207237698996656
15609.8	-1.5366155698996655
15611.4	-1.6589094698996658
15613.1	-0.6599096188996656
15614.8	-0.9815660698996655
15616.5	0.14934093010033442
15618.1	0.13034203010033446
15619.8	0.7208261301003344
15621.5	-0.1599783698996658
15623.1	-0.6020927698996656
15624.8	-2.6115170698996657
15626.5	-3.233392369899666
15628.1	-5.067553069899665
15629.8	-4.820828069899665
15631.5	-5.185556169899666
15633.1	-3.6358740698996663
15634.8	-2.7134630698996665
15636.5	-0.4371900698996658
15638.1	0.22434463210033453
15639.8	1.6019902301003346
15641.5	0.5628649301003343
15643.1	0.16439233010033477
15644.8	-1.8363469698996657
15646.5	-2.3083870698996654
15648.1	-3.584233169899666
15649.8	-2.8861890698996655
15651.5	-3.474634469899666
15653.1	-2.7495605698996655
15654.8	-3.1467094698996654
15656.5	-2.6656561698996657
15658.1	-2.8931500698996655
15659.8	-1.6086730298996659
15661.5	-1.6037727698996656
15663.2	-0.37453436989966526
15664.8	-0.9019210698996656
15666.5	-0.7125541698996656
15668.2	-1.5958283998996659
15669.8	-1.3485292698996654
15671.5	-1.8023770698996653
15673.2	-0.5941450698996655
15674.8	-0.6013980698996658
15676.5	0.506786130100334
15678.2	0.3333499301003341
15679.8	0.8609822301003343
15681.5	0.3673659301003346
15683.2	0.7059986501003349
15684.8	-0.4947582698996654
15686.5	-0.6785363698996656
15688.2	-2.249071769899665
15689.8	-2.7906552798996658
15691.5	-4.056225869899666
15693.2	-3.649303669899666
15694.8	-3.7695424698996662
15696.5	-2.5421080698996654
15698.2	-2.0291973698996655
15699.8	-0.6205770698996655
15701.5	0.1411076301003343
15703.2	1.8605749301003343
15704.8	1.863933030100334
15706.5	2.585166930100334
15708.2	2.143484730100335
15709.9	2.0548606301003343
15711.5	1.6961911301003347
15713.2	1.9193927301003342
15714.9	0.795646930100334
15716.5	0.5982731301003346
15718.2	-0.5410957698996653
15719.9	-0.5817370698996659
15721.5	-0.6362970698996657
15723.2	0.04439093010033428
15724.9	-0.11362606989966588
15726.5	0.06898133010033414
15728.2	-1.0334335198996656
15729.9	-0.6943849698996657
15731.5	-0.8325785698996654
15733.2	0.21289773010033458
15734.9	0.36493610410033456
15736.5	0.7910776301003346
15738.2	0.5733600301003342
15739.9	1.0419969301003345
15741.5	0.5409773101003345
15743.2	1.218148130100334
15744.9	0.6840629301003343
15746.5	1.0795456301003346
15748.2	0.4391630301003346
15749.9	0.2777515301003343
15751.6	-0.7077657698996657
15753.2	-0.6577008698996656
15754.9	-1.9664815698996656
15756.6	-1.5493510698996658
15758.2	-2.2130634698996654
15759.9	-0.7975017598996653
15761.6	-0.4715457698996657
15763.2	0.5421979301003341
15764.9	-0.30968706989966577
15766.6	-0.2774600698996654
15768.2	-1.9062351998996654
15769.9	-1.8235020698996656
15771.6	-2.925004069899665
15773.2	-1.9845415698996658
15774.9	-1.8931070698996657
15776.6	-0.8294140698996657
15778.2	-0.9165490698996657
15779.9	0.31213593010033425
15781.6	0.3937158301003345
15783.2	1.7026273301003347
15784.9	1.4067161301003344
15786.6	1.7177287301003343
15788.2	0.7769193301003344
15789.9	0.9404104301003343
15791.6	0.0010598601003344755
15793.2	-0.04096606989966556
15794.9	-0.6863167698996655
15796.6	-0.1692038998996656
15798.3	-0.3313410698996657
15799.9	0.4603359301003344
15801.6	0.32124672010033434
15803.3	1.4452119301003346
15804.9	1.4710729301003345
15806.6	2.3312257301003343
15808.3	2.3115649301003343
15809.9	2.8869797301003346
15811.6	2.2855689301003346
15813.3	2.375147430100334
15814.9	0.9881952301003342
15816.6	0.9232023301003347
15818.3	-0.1450702698996655
15819.9	0.6597992301003345
15821.6	0.1707600501003343
15823.3	0.6144218301003344
15824.9	-0.18349716989966547
15826.6	0.29580453010033453
15828.3	-0.5311026698996655
15829.9	-0.13379806989966578
15831.6	-1.0441707698996656
15833.3	-0.7054730698996655
15834.9	-1.7050845698996653
15836.6	-1.6395191698996658
15838.3	-1.899264469899666
15839.9	-0.7770761698996658
15841.6	-0.4326880698996657
15843.3	1.0831403301003344
15845.0	1.3482309301003346
15846.6	2.4360449301003344
15848.3	2.1143251301003345
15850.0	2.1537261301003348
15851.6	1.2035299001003341
15853.3	0.6625150301003343
15855.0	-1.0537192698996656
15856.6	-1.1949425698996656
15858.3	-1.9358503898996655
15860.0	-0.3143741698996655
15861.6	0.09964393010033432
15863.3	1.3686376301003347
15865.0	1.4572389301003343
15866.6	1.7424499301003344
15868.3	0.5607219301003347
15870.0	1.3376774301003342
15871.6	0.8614714701003349
15873.3	2.225111930100334
15875.0	2.170647943100334
15876.6	2.330021030100334
15878.3	1.4967966301003341
15880.0	1.3806069301003343
15881.6	0.14590433010033432
15883.3	0.5273612301003345
15885.0	0.005383230100334413
15886.6	0.07889823010033421
15888.3	-0.5134493698996655
15890.0	-0.21183496989966571
15891.7	-0.3910679698996655
15893.3	0.8453057301003344
15895.0	0.9241269301003345
15896.7	1.8141429301003342
15898.3	1.4514517301003345
15900.0	1.2595019301003343
15901.7	0.054929930100334444
15903.3	-0.2872089698996656
15905.0	-1.6574147698996655
15906.7	-1.6249029298996658
15908.3	-2.4272261698996656
15910.0	-2.0606772798996653
15911.7	-2.671143069899665
15913.3	-2.199118069899666
15915.0	-2.4631350698996655
15916.7	-2.1942860698996656
15918.3	-2.830244869899666
15920.0	-2.3991481698996657
15921.7	-2.488548469899665
15923.3	-1.1205621698996655
15925.0	-1.2489136698996655
15926.7	-0.1601886698996653
15928.3	0.15099893010033477
15930.0	0.8022926301003339
15931.7	0.2776977301003344
15933.4	1.0548999301003346
15935.0	0.8650199301003344
15936.7	1.9191339301003343
15938.4	1.674132930100334
15940.0	2.0724659301003348
15941.7	1.1256195301003342
15943.4	0.9860944301003343
15945.0	-0.5586872298996657
15946.7	-0.8349571698996658
15948.4	-1.861604644899666
15950.0	-2.0463260698996657
15951.7	-2.521438069899666
15953.4	-2.1280730698996653
15955.0	-2.6690025698996656
15956.7	-1.6341497698996659
15958.4	-1.6400733698996661
15960.0	-0.3172076698996654
15961.7	0.4572793301003344
15963.4	2.156725230100334
15965.0	2.343347630100334
15966.7	2.613949830100334
15968.4	0.3732159301003345
15970.0	-1.2716870698996654
15971.7	-3.1657240698996656
15973.4	-2.7083765698996656
15975.0	-2.2200464698996654
15976.7	0.2752739301003345
15978.4	0.9323824301003342
15980.1	2.152784930100334
15981.7	1.7331549301003342
15983.4	1.9318865301003345
15985.1	1.1793101301003344
15986.7	1.3367777301003347
15988.4	0.2388671301003346
15990.1	0.19501784010033435
15991.7	-0.40897356989966555
15993.4	0.0370209301003344
15995.1	-0.13864866989966557
15996.7	0.7965335201003343
15998.4	0.737211930100334
16000.1	1.0401599301003346
16001.7	0.2963528301003339
16003.4	0.44280274010033455
16005.1	-0.45368586989966586
16006.7	-0.5023893098996653
16008.4	-1.2583761698996656
16010.1	-0.6003320698996656
16011.7	-0.7862590698996655
16013.4	-0.38050286989966564
16015.1	-0.9555493698996657
16016.7	-0.35961904689966584
16018.4	-0.6770832698996656
16020.1	-0.26178586989966546
16021.7	-0.8081664698996655
16023.4	-0.6187664898996659
16025.1	-1.2818713698996658
16026.8	-1.1338230698996656
16028.4	-1.484950969899666
16030.1	-0.7592010698996656
16031.8	-0.48050866989966573
16033.4	0.7212747301003342
16035.1	0.8591999301003345
16036.8	1.6353999301003341
16038.4	1.265478930100334
16040.1	1.395654130100334
16041.8	0.6785629301003342
16043.4	0.5300341301003343
16045.1	-0.15786886989966561
16046.8	0.33656313010033434
16048.4	0.1510109301003344
16050.1	0.6312545371003342
16051.8	0.2936229301003346
16053.4	0.8041207301003339
16055.1	0.039604953100334406
16056.8	-0.24686316989966556
16058.4	-1.0827110698996656
16060.1	-0.7485551698996655
16061.8	-0.38561446989966575
16063.4	0.5304639301003344
16065.1	0.7793008301003342
16066.8	2.3814585301003346
16068.4	2.1256421301003345
16070.1	2.5259762301003343
16071.8	1.3756389301003342
16073.5	0.6237696301003341
16075.1	-0.9052850698996657
16076.8	-1.249307669899666
16078.5	-1.611629269899666
16080.1	-0.2248402698996658
16081.8	0.7045099301003346
16083.5	2.2052539301003344
16085.1	2.0754975201003343
16086.8	2.4568289301003348
16088.5	1.6166571301003345
16090.1	2.0512989301003346
16091.8	1.4665111301003346
16093.5	1.5054507301003344
16095.1	0.6233949301003344
16096.8	0.6412239301003345
16098.5	-0.7087870698996656
16100.1	-0.8189130698996656
16101.8	-1.6374120698996655
16103.5	-1.2108228698996661
16105.1	-1.9892280698996658
16106.8	-1.0190270698996655
16108.5	-1.5431130698996658
16110.1	-0.32070836989966545
16111.8	-0.5657217798996654
16113.5	0.35094103010033423
16115.2	0.033310230100334515
16116.8	0.7118733301003345
16118.5	0.2824861301003345
16120.2	1.7032099301003343
16121.8	1.7264499301003347
16123.5	3.1246509301003345
16125.2	2.7620359301003345
16126.8	3.4551404301003337
16128.5	2.4174771601003338
16130.2	1.6404778301003344
16131.8	0.08115693010033445
16133.5	-0.4949660698996656
16135.2	-1.657690069899666
16136.8	-1.5521450698996655
16138.5	-1.9117800698996654
16140.2	-1.1610408698996657
16141.8	-0.9167270698996657
16143.5	-0.07128606989966588
16145.2	-0.21093896989966546
16146.8	0.3963280301003344
16148.5	0.07826993010033459
16150.2	-0.2601180698996658
16151.8	-1.2793990698996658
16153.5	-1.6802950698996661
16155.2	-2.6815660698996657
16156.8	-2.3266702298996655
16158.5	-2.4340662598996654
16160.2	-1.5067280698996655
16161.9	-1.2585626698996655
16163.5	-0.23188406989966612
16165.2	-0.7579704698996655
16166.9	-0.6509300698996656
16168.5	-1.4715770698996653
16170.2	-1.6122864698996655
16171.9	-1.9298705698996657
16173.5	-0.5668726698996657
16175.2	-0.0415532698996655
16176.9	1.9781319301003344
16178.5	2.535074930100335
16180.2	3.5574020301003344
16181.9	3.225992530100334
16183.5	3.681198930100334
16185.2	2.4415156301003345
16186.9	1.9455823701003343
16188.5	0.40367933010033463
16190.2	0.07012593010033445
16191.9	-0.2552230698996659
16193.5	1.351312130100334
16195.2	1.9879789301003339
16196.9	3.1978720101003346
16198.5	2.4873537301003346
16200.2	1.812977730100334
16201.9	0.08181823010033426
16203.5	-0.44769506989966545
16205.2	-1.1986520698996657
16206.9	-0.14307486989966556
16208.6	-0.012069069899665852
16210.2	0.3742459301003346
16211.9	-0.5884229698996655
16213.6	-0.8229622698996657
16215.2	-1.7204624698996653
16216.9	-1.4826367698996654
16218.6	-1.8382772698996654
16220.2	-1.153802769899666
16221.9	-1.5782877698996658
16223.6	-1.5979536698996653
16225.2	-2.378112869899666
16226.9	-1.9203791698996657
16228.6	-2.1870107698996657
16230.2	-1.4858533698996657
16231.9	-1.7802849698996652
16233.6	-1.4987437698996655
16235.2	-1.850774769899666
16236.9	-0.8066002498996658
16238.6	-0.6873447698996655
16240.2	0.20299043010033407
16241.9	-0.2948110698996655
16243.6	-0.04742856989966562
16245.2	-0.9118516698996662
16246.9	-0.7577723698996656
16248.6	-1.8072845698996658
16250.2	-1.5430800698996656
16251.9	-2.232845069899665
16253.6	-2.3255374998996654
16255.3	-3.087831069899666
16256.9	-2.2295816698996656
16258.6	-2.1692740698996653
16260.3	-0.9332663198996654
16261.9	-0.33331606989966583
16263.6	0.9481589301003345
16265.3	1.145157230100334
16266.9	2.1419351301003346
16268.6	1.3261901301003343
16270.3	1.4880931301003346
16271.9	0.7149538301003342
16273.6	0.12488133010033428
16275.3	-0.6050484698996657
16276.9	-0.8802170698996654
16278.6	-2.1996150698996657
16280.3	-1.673636069899666
16281.9	-1.9819990698996655
16283.6	-1.4670500698996656
16285.3	-1.437871069899666
16286.9	-1.0763170698996656
16288.6	-0.9720140698996655
16290.3	-0.468106995899666
16291.9	-1.0541800698996657
16293.6	-0.26491246989966566
16295.3	-0.5285503698996659
16297.0	-0.036190569899665626
16298.6	-0.27668156989966564
16300.3	0.5484549301003346
16302.0	0.9583349301003343
16303.6	1.6317209301003346
16305.3	0.8031709301003345
16307.0	0.4686671301003343
16308.6	-1.3939877698996657
16310.3	-2.0040969698996656
16312.0	-2.7919200698996653
16313.6	-1.8744785698996658
16315.3	-1.3893694078996657
16317.0	-0.24264106989966577
16318.6	-0.3950401898996656
16320.3	0.2224869301003344
16322.0	-0.45753976989966577
16323.6	0.36925193010033414
16325.3	0.2741103301003342
16327.0	1.0951100301003343
16328.6	0.5104791301003345
16330.3	0.7416157301003345
16332.0	-0.05773706989966561
16333.6	0.4974059301003345
16335.3	0.23317693010033463
16337.0	1.5702109301003344
16338.6	1.2378621401003345
16340.3	1.416448630100334
16342.0	0.11944093010033488
16343.7	-0.3382592698996654
16345.3	-1.4641349398996655
16347.0	-1.6052876698996656
16348.7	-2.6995340698996655
16350.3	-1.9583300698996655
16352.0	-2.4838613698996657
16353.7	-1.9344383698996654
16355.3	-2.0575220698996657
16357.0	-1.523278869899665
16358.7	-2.006247669899666
16360.3	-1.2712442098996657
16362.0	-1.5021420698996655
16363.7	-0.34269226989966545
16365.3	-0.3137315698996657
16367.0	0.20202493010033457
16368.7	-0.31632656989966546
16370.3	-0.17844206989966563
16372.0	-1.2200430698996656
16373.7	-0.8519684698996658
16375.3	-1.4296352698996655
16377.0	-0.9144010698996661
16378.7	-1.1868036698996653
16380.3	0.1362418301003341
16382.0	0.8012999301003347
16383.7	2.0411741301003343
16385.3	1.877180230100334
16387.0	2.1694256301003345
16388.7	0.7626728301003347
16390.4	0.22520953010033437
16392.0	-1.3424433698996654
16393.7	-1.5404143698996655
16395.4	-1.9254526698996657
16397.0	-1.1374320698996656
16398.7	-0.6841223698996657
16400.4	0.971537930100334
16402.0	1.2960390301003342
16403.7	2.0249769301003346
16405.4	1.3070319301003344
16407.0	1.1632269301003344
16408.7	-0.14602106989966562
16410.4	-0.07739825989966534
16412.0	-0.6990943698996656
16413.7	-0.03919506989966548
16415.4	-0.3354090698996658
16417.0	0.3077959301003341
16418.7	-0.7171590698996655
16420.4	-0.8239825698996658
16422.0	-2.2693895168996656
16423.7	-2.2921968698996658
16425.4	-3.1662810698996657
16427.0	-2.3366663698996653
16428.7	-2.7017291698996653
16430.4	-1.7783141698996658
16432.0	-1.8020380698996656
16433.7	-1.2797010698996656
16435.4	-2.028444069899666
16437.1	-1.400673069899666
16438.7	-2.2039820698996655
16440.4	-1.4026085698996653
16442.1	-1.3622501998996657
16443.7	-0.14141106989966545
16445.4	0.27301293010033445
16447.1	1.6950871301003343
16448.7	1.1164032301003344
16450.4	1.6445989301003348
16452.1	0.6613441201003344
16453.7	0.42860430010033435
16455.4	-0.7577108698996657
16457.1	-0.3229793698996657
16458.7	-1.3985940698996657
16460.4	-0.6087397698996658
16462.1	-0.7307150698996657
16463.7	0.8476217301003345
16465.4	1.9712759301003344
16467.1	3.396402930100335
16468.7	3.4308369301003347
16470.4	3.9319009301003347
16472.1	2.746148130100334
16473.7	2.4510714301003342
16475.4	1.7278320301003347
16477.1	1.8181919301003346
16478.8	1.1795402301003342
16480.4	0.8173081301003343
16482.1	-0.4681411698996656
16483.8	-0.5951927698996655
16485.4	-1.3214538698996658
16487.1	-0.5609509798996655
16488.8	-0.6783140698996657
16490.4	0.5122959301003344
16492.1	0.09456357010033409
16493.8	0.5710539301003343
16495.4	-0.31715816989966567
16497.1	-0.20219946989966564
16498.8	-0.9243278698996656
16500.4	0.10910493010033431
16502.1	-0.24507386989966573
16503.8	1.3793689301003347
16505.4	1.4945267301003347
16507.1	2.7526959301003333
16508.8	2.898120930100334
16510.4	3.5076259301003345
16512.1	3.1597819301003343
16513.8	3.542107730100335
16515.4	2.376536430100334
16517.1	2.2564819301003345
16518.8	0.8689868301003342
16520.4	0.9759218301003347
16522.1	0.28931553010033434
16523.8	0.9734215301003338
16525.5	0.8528584301003344
16527.1	1.1569249301003341
16528.8	0.23943043010033413
16530.5	0.09737293010033454
16532.1	-0.7186510698996655
16533.8	0.4883629301003345
16535.5	0.5286109301003344
16537.1	2.074723930100334
16538.8	1.9995731301003339
16540.5	2.1512408301003343
16542.1	0.9941539001003346
16543.8	0.5701129301003343
16545.5	-0.4258963698996653
16547.1	-0.012984069899665607
16548.8	-0.6869405698996658
16550.5	0.30319643010033415
16552.1	0.223533930100334
16553.8	1.2720539301003349
16555.5	1.5938907301003344
16557.1	2.0987511001003343
16558.8	1.7632459301003345
16560.5	2.1448105301003344
16562.1	1.3835569301003339
16563.8	1.4810189301003345
16565.5	0.08362843010033454
16567.1	-0.5937320698996655
16568.8	-1.7436630698996658
16570.5	-1.8109630698996653
16572.2	-2.165257469899666
16573.8	-0.9724446898996657
16575.5	-0.7510510698996657
16577.2	0.5087202301003344
16578.8	-0.12126216989966565
16580.5	0.33409193010033433
16582.2	0.02370166910033451
16583.8	0.7553753601003342
16585.5	0.34136593010033456
16587.2	0.7279924301003345
16588.8	-0.3282489698996657
16590.5	-0.45674706989966574
16592.2	-1.1243079438996655
16593.8	-1.2759618698996655
16595.5	-1.9244139698996654
16597.2	-1.6555022698996655
16598.8	-2.3132776698996658
16600.5	-1.9036300698996655
16602.2	-1.1303240698996655
16603.8	0.13149293010033442
16605.5	1.3003059301003344
16607.2	2.7059536301003346
16608.8	2.316944930100335
16610.5	2.437040930100335
16612.2	1.2781411301003345
16613.8	0.5771489301003349
16615.5	-0.4762146798996654
16617.2	-0.1827370698996653
16618.9	-0.5871160698996657
16620.5	0.5617129301003346
16622.2	1.0898926301003344
16623.9	1.7075699301003344
16625.5	0.815675730100334
16627.2	0.49839773010033434
16628.9	-0.8318210698996655
16630.5	-0.4553420598996656
16632.2	-0.6641489518996656
16633.9	0.3396249301003344
16635.5	0.17403393010033455
16637.2	0.20480773010033468
16638.9	-0.627819069899666
16640.5	-0.4216160698996658
16642.2	-1.0683750698996657
16643.9	-0.773807169899665
16645.5	-1.6512689698996659
16647.2	-0.9163269698996656
16648.9	-0.9728940698996655
16650.5	-0.23879036989966562
16652.2	-0.5796690698996654
16653.9	-0.17119916989966566
16655.5	-1.4787060698996657
16657.2	-1.7101400698996656
16658.9	-2.9644692698996655
16660.6	-2.403330469899666
16662.2	-2.315936069899666
16663.9	-1.4986854698996654
16665.6	-1.7473116698996656
16667.2	-1.1529363698996655
16668.9	-1.5344130698996659
16670.6	-0.7958601698996658
16672.2	-1.4967931698996657
16673.9	-0.6504609698996655
16675.6	-0.2354210698996658
16677.2	1.2020331601003345
16678.9	1.9776749301003342
16680.6	2.9402899301003345
16682.2	2.765084930100335
16683.9	2.3451911301003348
16685.6	0.9120800301003342
16687.2	0.4109064301003345
16688.9	-0.41552726989966543
16690.6	0.14835723010033428
16692.2	0.20824423010033427
16693.9	0.8308518801003343
16695.6	0.5337883301003347
16697.2	-0.0771820021496656
16698.9	-1.5831608698996658
16700.6	-1.7826720698996659
16702.2	-2.836584369899666
16703.9	-2.385497069899665
16705.6	-2.268529069899666
16707.3	-0.9933060698996655
16708.9	-0.3193219698996657
16710.6	0.4267181301003342
16712.3	-0.06601806989966555
16713.9	0.5795468301003341
16715.6	-0.6197997698996656
16717.3	-0.5146251698996656
16718.9	-1.1327351698996657
16720.6	-0.8990188698996656
16722.3	-0.9863356098996654
16723.9	-0.6516454698996653
16725.6	-1.0365826698996656
16727.3	-0.46253506989966586
16728.9	-0.7370001698996655
16730.6	-0.08625006989966541
16732.3	-0.1332560698996659
16733.9	0.12341603010033435
16735.6	-0.6031393698996654
16737.3	-0.4872696598996654
16738.9	-1.309451069899666
16740.6	-1.2127640698996651
16742.3	-2.0585390698996653
16743.9	-2.1564520698996654
16745.6	-2.7948110698996653
16747.3	-2.5091300698996655
16748.9	-1.9638364698996653
16750.6	-0.5346482698996653
16752.3	-0.10889316989966562
16754.0	1.0245304301003346
16755.6	0.720654630100334
16757.3	1.2291936301003346
16759.0	0.8123778301003345
16760.6	0.9592714601003343
16762.3	0.36951593010033423
16764.0	-0.6014880698996659
16765.6	-2.1745640698996653
16767.3	-2.472063639899666
16769.0	-2.516916869899666
16770.6	-1.0377382698996658
16772.3	0.020074930100334232
16774.0	1.6771575301003345
16775.6	1.914968930100334
16777.3	1.7378239301003346
16779.0	1.1471379301003342
16780.6	0.8242744301003345
16782.3	-0.0897775698996655
16784.0	-0.4524010698996654
16785.6	-1.3090580698996659
16787.3	-1.4168920698996657
16789.0	-2.007027369899666
16790.6	-1.5036770698996658
16792.3	-1.1668303298996658
16794.0	0.08653373010033436
16795.6	-0.19666726989966557
16797.3	-0.013102069899665735
16799.0	-0.5419520698996656
16800.7	-0.5706070698996653
16802.3	-0.8576395398996652
16804.0	0.2977590301003345
16805.7	0.06473403010033447
16807.3	1.0735392301003341
16809.0	1.1190729301003344
16810.7	2.3078232301003343
16812.3	2.404916930100335
16814.0	2.9740102301003346
16815.7	2.2573842101003345
16817.3	1.9265513301003345
16819.0	0.17985133010033416
16820.7	-0.4214248698996661
16822.3	-1.9279730698996655
16824.0	-1.1663420698996654
16825.7	-1.5683329698996658
16827.3	-0.6170696698996657
16829.0	0.06952423010033444
16830.7	1.7286560301003342
16832.3	1.9206004301003343
16834.0	3.219956230100334
16835.7	2.500710030100334
16837.3	2.2400654301003344
16839.0	0.4786629301003339
16840.7	-0.9451200698996658
16842.4	-2.7575638978996655
16844.0	-2.663362069899666
16845.7	-2.779198189899665
16847.4	-1.4573591698996655
16849.0	-0.5290842698996658
16850.7	0.2888007301003344
16852.4	-0.17522426989966564
16854.0	0.05459723010033431
16855.7	-1.0162495698996656
16857.4	-0.9803550698996656
16859.0	-1.6639120698996663
16860.7	-1.6935980698996658
16862.4	-2.1943290698996654
16864.0	-1.6539600698996657
16865.7	-2.3140649698996656
16867.4	-1.3681648698996656
16869.0	-1.3721864698996655
16870.7	-0.5960636698996657
16872.4	-1.1304851698996656
16874.0	-0.8540761698996654
16875.7	-1.9607286698996655
16877.4	-1.9344236698996653
16879.0	-2.6839750698996654
16880.7	-2.3679140698996655
16882.4	-2.3978100698996654
16884.0	-1.5939308698996657
16885.7	-1.7828444698996662
16887.4	-1.0221816698996657
16889.1	-1.633456069899666
16890.7	-1.3800969698996652
16892.4	-2.0208752698996664
16894.1	-2.1438180698996656
16895.7	-2.982601669899666
16897.4	-3.1350390698996655
16899.1	-3.7919010698996645
16900.7	-3.4802107698996663
16902.4	-3.9651871498996654
16904.1	-2.902145969899666
16905.7	-2.4641186698996655
16907.4	-1.826513569899666
16909.1	-2.4360870698996657
16910.7	-2.2781510698996654
16912.4	-3.1317363698996656
16914.1	-2.9672499698996657
16915.7	-2.836857069899666
16917.4	-1.1882384698996655
16919.1	0.09932993010033427
16920.7	2.050950930100334
16922.4	2.9290400501003346
16924.1	4.086374030100335
16925.7	3.7895192701003344
16927.4	3.646321930100335
16929.1	2.7175239301003344
16930.7	2.481356930100335
16932.4	1.5382073301003343
16934.1	1.0506579301003345
16935.8	0.44686093010033445
16937.4	0.5566989301003344
16939.1	0.7873706301003341
16940.8	1.963435130100334
16942.4	2.288114930100334
16944.1	2.3039970301003345
16945.8	0.8551819301003339
16947.4	-0.695039829899666
16949.1	-2.283372569899666
16950.8	-2.5582912698996654
16952.4	-1.9224377698996657
16954.1	-0.3840110698996658
16955.8	0.7333985801003347
16957.4	1.979838930100334
16959.1	2.0389778301003343
16960.8	1.8970482301003344
16962.4	0.9885419301003344
16964.1	0.3978129301003343
16965.8	-0.34274686989966563
16967.4	-0.6045770698996662
16969.1	-0.9768020698996658
16970.8	-0.05729106989966555
16972.4	-0.059315069899665215
16974.1	1.0848149301003343
16975.8	0.7921109301003346
16977.4	1.3031579301003346
16979.1	0.6821568301003342
16980.8	0.9050443301003339
16982.5	0.20199400010033433
16984.1	0.9421047301003342
16985.8	0.8503896301003344
16987.5	1.8921399601003337
16989.1	1.4391350301003347
16990.8	1.5686498301003344
16992.5	0.22548423010033466
16994.1	-0.3311480698996655
16995.8	-1.6038663698996654
16997.5	-1.678553709899666
16999.1	-2.0338587698996653
17000.8	-1.4453400698996657
17002.5	-1.4140388698996653
17004.1	-1.039546969899665
17005.8	-0.807278169899666
17007.5	-0.2288700698996644
17009.1	-0.8426021698996656
17010.8	-0.9954891698996657
17012.5	-2.1324320698996653
17014.1	-2.8567280698996664
17015.8	-2.9913957698996647
17017.5	-1.938916769899666
17019.1	-1.1597174698996657
17020.8	0.32752093010033445
17022.5	-0.048613329899665825
17024.2	0.03443553010033422
17025.8	-0.2473700698996653
17027.5	0.2612489301003347
17029.2	0.6761619301003343
17030.8	2.029055930100334
17032.5	1.844320930100335
17034.2	2.2367339301003346
17035.8	1.4619549301003345
17037.5	1.2844929301003343
17039.2	0.9955342301003345
17040.8	1.3696934301003345
17042.5	0.6914296301003345
17044.2	0.9928320301003343
17045.8	-0.37232606989966566
17047.5	-0.7881569698996654
17049.2	-1.8819785598996652
17050.8	-2.442078069899666
17052.5	-2.918963069899665
17054.2	-2.102465069899666
17055.8	-2.3574170698996655
17057.5	-1.1849990698996655
17059.2	-1.2962065698996654
17060.8	-0.5503836698996656
17062.5	-0.4051117698996657
17064.2	0.8147129301003343
17065.8	1.6630093301003341
17067.5	3.188314030100334
17069.2	2.9264109301003343
17070.9	2.9248216301003347
17072.5	1.3580739301003348
17074.2	0.04023593010033446
17075.9	-1.8744177698996651
17077.5	-1.6764366698996658
17079.2	-1.6192521698996658
17080.9	-0.3534950698996657
17082.5	0.15152093010033418
17084.2	1.1196740001003347
17085.9	0.9604667301003346
17087.5	1.7087079301003345
17089.2	1.3064382301003346
17090.9	2.388994930100334
17092.5	2.6222009301003344
17094.2	2.5364347301003343
17095.9	1.2072267301003343
17097.5	-0.16759206989966566
17099.2	-1.8560284698996654
17100.9	-1.6674990698996652
17102.5	-1.5022118698996656
17104.2	-0.27102446989966567
17105.9	0.15135043010033417
17107.5	0.6423323301003341
17109.2	-0.37517006989966595
17110.9	-0.9002051698996659
17112.5	-1.4650330698996652
17114.2	-1.103891069899666
17115.9	-1.331231769899666
17117.6	-1.1303830698996657
17119.2	-1.7775020698996662
17120.9	-1.2514230698996662
17122.6	-1.6077550698996652
17124.2	0.010843930100334465
17125.9	0.7153449301003342
17127.6	2.024906420100334
17129.2	1.7582302301003345
17130.9	1.7248716301003344
17132.6	0.33491353010033437
17134.2	-0.7074506698996654
17135.9	-2.7432410698996654
17137.6	-3.0181835698996657
17139.2	-3.9634384698996654
17140.9	-3.4480186698996653
17142.6	-3.216129069899666
17144.2	-1.2313074698996658
17145.9	0.12153551010033428
17147.6	1.5618699301003338
17149.2	1.2959459301003342
17150.9	1.4640579301003345
17152.6	0.7343975301003342
17154.2	1.2418409301003348
17155.9	1.1361323301003343
17157.6	2.3172019301003344
17159.2	2.3949079301003344
17160.9	2.6148059301003346
17162.6	1.8620389301003342
17164.3	1.7536779301003342
17165.9	0.14934293010033403
17167.6	-0.16199046989966567
17169.3	-2.027217069899666
17170.9	-3.076332069899666
17172.6	-4.014648069899666
17174.3	-4.075165669899665
17175.9	-4.017340569899666
17177.6	-2.615104069899666
17179.3	-2.1682708698996653
17180.9	-1.0052550698996656
17182.6	-0.6928285698996657
17184.3	-0.05316516989966593
17185.9	-0.1995894698996657
17187.6	0.3523604301003345
17189.3	-0.12716146989966542
17190.9	-0.16131906989966566
17192.6	-0.16990406989966605
17194.3	0.6779179301003341
17195.9	0.4698316301003347
17197.6	1.7816239301003343
17199.3	1.3595929301003344
17200.9	1.3748070301003346
17202.6	0.18896203010033447
17204.3	-0.8171080698996656
17206.0	-2.169943569899666
17207.6	-1.7654850698996658
17209.3	-2.0659370698996655
17211.0	-1.2913427698996651
17212.6	-1.4981240698996658
17214.3	-1.5741500698996655
17216.0	-2.5094133698996655
17217.6	-2.540360969899666
17219.3	-2.7056697298996655
17221.0	-1.4449319698996657
17222.6	-0.07976816989966566
17224.3	1.0715402301003345
17226.0	1.141680930100335
17227.6	1.3145058301003343
17229.3	0.08980433010033435
17231.0	-0.6391669898996658
17232.6	-2.491407569899665
17234.3	-3.4327412698996653
17236.0	-4.035483069899666
17237.6	-3.133453069899666
17239.3	-2.192771069899665
17241.0	-0.2046660698996657
17242.6	0.7643591301003344
17244.3	1.519105930100335
17246.0	0.7535726301003345
17247.6	-0.06332986989966516
17249.3	-1.3673691698996657
17251.0	-1.6394810698996651
17252.7	-2.342427069899665
17254.3	-2.042010369899665
17256.0	-2.072187669899666
17257.7	-1.3033121698996655
17259.3	-1.4473578698996659
17261.0	-1.1911240698996655
17262.7	-1.5912399198996656
17264.3	-1.1924588698996657
17266.0	-0.9329990698996655
17267.7	0.15023293010033395
17269.3	0.663127630100335
17271.0	2.0337349301003345
17272.7	1.9004957301003345
17274.3	2.5517971301003346
17276.0	1.890585330100334
17277.7	0.947719030100334
17279.3	-0.11715776989966561
17281.0	-0.7266000698996655
17282.7	-1.4147550698996656
17284.3	-0.6596090698996656
17286.0	-0.9384900698996657
17287.7	-0.14766006989966526
17289.3	-0.09494106989966551
17291.0	0.1376959301003348
17292.7	-0.27780486989966563
17294.3	0.5266362301003344
17296.0	0.7579929301003344
17297.7	1.826075930100334
17299.4	1.8642961301003347
17301.0	2.423591730100334
17302.7	1.8146697301003343
17304.4	2.0890669301003344
17306.0	1.1164605301003345
17307.7	1.3725410301003342
17309.4	1.0543019301003345
17311.0	1.9557037301003348
17312.7	1.979803930100335
17314.4	2.844288730100334
17316.0	2.0764819301003343
17317.7	1.6042349301003345
17319.4	0.3861815301003345
17321.0	0.29486093010033426
17322.7	-0.03798486989966534
17324.4	0.7535599301003345
17326.0	1.1148721301003348
17327.7	1.6095459301003345
17329.4	0.6748719301003342
17331.0	0.17003193010033443
17332.7	-0.8594755698996657
17334.4	-0.4317930798996656
17336.0	-0.9987512698996657
17337.7	-0.5627110698996655
17339.4	-0.5533838698996656
17341.0	0.26491793010033426
17342.7	0.28763793010033467
17344.4	0.9738859301003344
17346.1	-0.5158797998996656
17347.7	-0.5397025698996657
17349.4	-2.3363332398996657
17351.1	-2.4673080698996657
17352.7	-2.758079069899666
17354.4	-2.0019130698996657
17356.1	-1.3733858698996655
17357.7	0.044181930100334735
17359.4	0.09727893010033455
17361.1	1.4170572301003346
17362.7	1.1374415301003347
17364.4	1.5346093301003343
17366.1	0.5589828301003342
17367.7	-0.1859197698996656
17369.4	-1.9462570498996659
17371.1	-2.787321369899666
17372.7	-3.9694530698996657
17374.4	-3.0822921698996657
17376.1	-2.1920440698996657
17377.7	0.5763799301003344
17379.4	2.1158114301003343
17381.1	4.211974930100335
17382.7	3.6755846301003343
17384.4	3.3290516301003334
17386.1	1.8089032301003347
17387.8	1.6751669301003347
17389.4	0.3766509301003345
17391.1	0.18594393010033422
17392.8	-1.0836740698996654
17394.4	-1.5113760698996657
17396.1	-2.1662050698996658
17397.8	-1.2829480698996658
17399.4	-0.8231090698996656
17401.1	0.6668394901003344
17402.8	1.098589930100334
17404.4	2.017136330100334
17406.1	1.6952969301003342
17407.8	1.8735479301003344
17409.4	0.9632149301003345
17411.1	0.35505943010033414
17412.8	-0.6674950698996656
17414.4	-1.3030070698996656
17416.1	-1.6928462698996658
17417.8	-0.7758394698996657
17419.4	-1.7921072998996652
17421.1	-2.376170569899666
17422.8	-4.082682069899666
17424.4	-5.025865069899666
17426.1	-5.627519469899665
17427.8	-4.469811769899666
17429.4	-3.4015950698996646
17431.1	-1.2159311698996658
17432.8	-0.6892047698996655
17434.5	-0.16105786989966547
17436.1	-0.9459060698996655
17437.8	-1.1983480698996658
17439.5	-2.2298747698996655
17441.1	-1.8700055698996665
17442.8	-1.7056066698996655
17444.5	-0.3318952698996654
17446.1	0.24855193010033422
17447.8	1.4202145301003344
17449.5	1.7123999301003345
17451.1	2.0521176301003345
17452.8	1.2856369301003343
17454.5	1.5370736301003345
17456.1	1.8578158301003338
17457.8	2.5064467301003335
17459.5	1.7035519301003348
17461.1	1.1052119301003342
17462.8	-0.3705937398996655
17464.5	-0.8699940698996655
17466.1	-1.1008890698996652
17467.8	-0.11892966989966514
17469.5	0.796621930100334
17471.1	1.5857149301003344
17472.8	0.6945809301003344
17474.5	0.6606009301003344
17476.1	-0.11017656989966555
17477.8	0.15662493010033413
17479.5	-0.41948916989966556
17481.2	-0.08903876989966543
17482.8	-0.5280753698996654
17484.5	0.11922393010033447
17486.2	0.6988843301003346
17487.8	1.8220039301003346
17489.5	1.2551489301003345
17491.2	1.4099799301003344
17492.8	-0.3246227698996658
17494.5	-0.6491750698996654
17496.2	-1.6920460698996656
17497.8	-1.3512510698996656
17499.5	-1.5168429798996657
17501.2	-1.0070190698996657
17502.8	-1.5635112698996658
17504.5	-1.2413846698996656
17506.2	-2.301451469899666
17507.8	-2.5257232698996654
17509.5	-3.622827969899666
17511.2	-3.6760338698996655
17512.8	-3.693778469899666
17514.5	-2.5846570698996656
17516.2	-2.048310069899666
17517.8	-0.8149571698996662
17519.5	0.18671253010033412
17521.2	0.9745108301003343
17522.8	1.154374730100334
17524.5	1.379801030100334
17526.2	1.1934289901003345
17527.9	1.4035753301003349
17529.5	1.1466456301003347
17531.2	1.2356654301003345
17532.9	1.5008468301003337
17534.5	2.1468824301003346
17536.2	2.147966930100334
17537.9	2.711407930100335
17539.5	2.599416030100334
17541.2	1.9234429301003346
17542.9	-0.27708416989966567
17544.5	-2.005736269899666
17546.2	-4.2646701698996665
17547.9	-4.663897969899667
17549.5	-4.970976409899665
17551.2	-3.586069769899665
17552.9	-2.417062969899666
17554.5	-0.7098271698996659
17556.2	-0.9442000698996654
17557.9	-0.7019819698996658
17559.5	-1.9549007198996655
17561.2	-2.7309110698996655
17562.9	-4.081909069899665
17564.5	-4.658357569899666
17566.2	-4.717672469899666
17567.9	-2.6531860698996654
17569.6	-1.2690023698996655
17571.2	1.3301989301003345
17572.9	1.8501909301003345
17574.6	2.158271930100334
17576.2	1.727892930100334
17577.9	1.0846209301003344
17579.6	0.4843159301003343
17581.2	1.2504599301003338
17582.9	0.8750240301003338
17584.6	1.986990530100335
17586.2	1.4147090301003347
17587.9	1.4690099301003348
17589.6	1.3960916301003337
17591.2	1.500092330100334
17592.9	0.5672423601003344
17594.6	0.5095369301003345
17596.2	-0.5776360698996656
17597.9	-0.7955600698996655
17599.6	-1.1436890698996656
17601.2	-0.5802860698996655
17602.9	-0.3452730698996656
17604.6	0.41842193010033446
17606.2	-0.008427669899665613
17607.9	0.2685944301003344
17609.6	-0.7598605698996657
17611.2	-0.4654564898996655
17612.9	-0.9387360698996655
17614.6	-0.6740450698996657
17616.3	-0.5876150698996654
17617.9	0.03500857010033413
17619.6	0.27328373010033424
17621.3	1.652562730100335
17622.9	1.6665860301003341
17624.6	1.8149421301003343
17626.3	0.22163933010033424
17627.9	-0.6530028598996654
17629.6	-1.6278380698996657
17631.3	-1.0058160698996657
17632.9	-0.8828192298996658
17634.6	-0.4416661398996654
17636.3	-0.9747098698996653
17637.9	-1.439802269899666
17639.6	-2.444317069899666
17641.3	-1.2432491698996655
17642.9	-0.4874731698996658
17644.6	1.6730358301003343
17646.3	2.266463030100335
17647.9	2.998573630100334
17649.6	2.1496689301003338
17651.3	1.5315902301003343
17652.9	-0.1258800698996656
17654.6	0.0020549301003344846
17656.3	-0.46121076989966536
17657.9	0.6550259301003345
17659.6	1.1035889301003345
17661.3	2.188026810100335
17663.0	1.685933230100335
17664.6	1.8576999301003336
17666.3	0.16255025010033425
17668.0	-0.6563230698996658
17669.6	-1.1106212698996658
17671.3	-0.24307416989966563
17673.0	-0.11567046989966565
17674.6	1.2211419301003343
17676.3	0.9150821301003346
17678.0	1.513219630100334
17679.6	1.033511930100334
17681.3	1.5432344301003342
17683.0	1.7002009301003347
17684.6	2.5628662301003344
17686.3	1.863862230100334
17688.0	2.0052039301003335
17689.6	1.3449869301003345
17691.3	2.048636930100334
17693.0	1.6163919301003342
17694.6	2.1429209301003342
17696.3	1.1410295301003341
17698.0	0.04598293010033476
17699.6	-1.3001250698996654
17701.3	-2.159093669899666
17703.0	-3.191765529899665
17704.6	-2.8100830698996657
17706.3	-3.359445769899666
17708.0	-2.255094569899666
17709.7	-2.0851571698996656
17711.3	-1.5438229698996655
17713.0	-1.524523869899666
17714.7	-1.3804385698996655
17716.3	-2.676330069899666
17718.0	-3.0136810698996657
17719.7	-4.414520069899665
17721.3	-4.413677069899666
17723.0	-4.737741269899666
17724.7	-3.4246180698996653
17726.3	-3.036640069899666
17728.0	-1.249382069899666
17729.7	-0.7072960698996658
17731.3	1.0096294301003346
17733.0	1.2891976301003343
17734.7	1.7732995301003343
17736.3	1.2512011301003343
17738.0	1.2752299301003343
17739.7	0.02774443010033458
17741.3	-0.06796706989966524
17743.0	-0.7621670698996658
17744.7	0.38958293010033473
17746.3	0.17862893010033448
17748.0	0.8204887301003343
17749.7	0.9071325301003343
17751.4	1.2296827301003346
17753.0	0.5989171301003344
17754.7	0.7108268301003345
17756.4	0.11971923010033451
17758.0	0.22503643010033425
17759.7	-1.0863144698996652
17761.4	-1.696631069899666
17763.0	-2.280252169899666
17764.7	-2.114137069899665
17766.4	-1.9675260698996655
17768.0	-0.7973000698996654
17769.7	-0.3575391698996655
17771.4	-0.1817640698996657
17773.0	-0.8471400698996654
17774.7	-0.8772832698996659
17776.4	-0.9039107698996658
17778.0	0.07630993010033453
17779.7	-0.35118526989966564
17781.4	-0.23572866989966582
17783.0	-1.0713120698996654
17784.7	-1.5311260698996656
17786.4	-2.186538069899666
17788.0	-1.294882069899666
17789.7	-0.6569555698996659
17791.4	0.9505409301003345
17793.0	1.1085686301003346
17794.7	1.9980159301003346
17796.4	1.324668930100334
17798.1	1.0336189301003345
17799.7	-0.2867600698996656
17801.4	-1.028434069899666
17803.1	-1.7112450698996664
17804.7	-1.4185190698996655
17806.4	-2.169249069899666
17808.1	-2.1474274698996654
17809.7	-3.5223994698996663
17811.4	-3.9208580698996647
17813.1	-4.469297369899666
17814.7	-3.6015163698996657
17816.4	-2.3520763698996654
17818.1	0.17116083010033423
17819.7	1.5850843301003346
17821.4	3.117879930100334
17823.1	3.0318501401003344
17824.7	3.683619330100334
17826.4	2.907192630100334
17828.1	2.138425830100334
17829.7	0.3964827301003347
17831.4	-0.8621084698996653
17833.1	-2.1521960698996656
17834.7	-1.4662610698996654
17836.4	-1.0618062698996655
17838.1	1.3142323301003345
17839.7	2.2700889301003344
17841.4	2.893843930100334
17843.1	1.9662529301003346
17844.8	1.0768680301003344
17846.4	-0.3791001998996659
17848.1	-0.31850196989966495
17849.8	-2.018422769899665
17851.4	-2.5653193698996652
17853.1	-4.474078969899666
17854.8	-5.163705069899666
17856.4	-5.946678169899665
17858.1	-4.884313169899666
17859.8	-3.9977734698996654
17861.4	-1.9239177698996657
17863.1	-2.1034550698996655
17864.8	-1.8087200698996657
17866.4	-3.427294069899665
17868.1	-4.146944169899666
17869.8	-5.224801999899666
17871.4	-5.291076069899666
17873.1	-5.590542769899665
17874.8	-4.398136869899665
17876.4	-4.280883269899666
17878.1	-3.067401269899665
17879.8	-3.097365869899665
17881.4	-2.582924069899666
17883.1	-2.457428069899666
17884.8	-1.1309240698996654
17886.4	-0.5064820698996655
17888.1	0.9765313301003342
17889.8	1.8094805301003347
17891.5	2.2910316081003343
17893.1	1.3933492601003343
17894.8	1.368585530100334
17896.5	0.8513488301003342
17898.1	1.9912315301003343
17899.8	2.8965811301003344
17901.5	4.060312930100335
17903.1	4.365458530100334
17904.8	4.482744130100334
17906.5	3.414136930100335
17908.1	2.6256599301003347
17909.8	1.2461671301003348
17911.5	0.23342393010033477
17913.1	-1.0157354698996657
17914.8	-1.1535113898996656
17916.5	-2.0353271698996656
17918.1	-1.5293331698996657
17919.8	-0.6974870698996656
17921.5	0.5443379301003344
17923.1	1.0741309301003343
17924.8	1.5694259301003346
17926.5	1.5263129301003342
17928.1	1.9193189301003346
17929.8	1.2391452301003345
17931.5	0.7141897301003344
17933.2	-0.6033411698996656
17934.8	-1.8511990698996654
17936.5	-3.351476669899666
17938.2	-3.5282106698996656
17939.8	-2.7609805698996657
17941.5	-1.2794202698996657
17943.2	-0.3349871098996658
17944.8	1.3721712301003337
17946.5	2.242129330100334
17948.2	3.6237139301003345
17949.8	4.046081930100335
17951.5	4.7652889301003345
17953.2	3.8921169301003338
17954.8	3.048674330100334
17956.5	1.6406229301003343
17958.2	1.7285629301003342
17959.8	1.7711054301003344
17961.5	2.2624449301003344
17963.2	1.8034379301003347
17964.8	1.9999969301003346
17966.5	1.1032209301003344
17968.2	0.7264479301003343
17969.8	0.06033393010033459
17971.5	-0.15719196989966538
17973.2	-0.7566192698996652
17974.8	-0.8069200698996655
17976.5	-1.0071220698996655
17978.2	0.10167823010033442
17979.9	0.4718259301003343
17981.5	1.2331439301003344
17983.2	1.1140274301003346
17984.9	1.108907530100335
17986.5	0.4954419301003344
17988.2	0.2619719301003345
17989.9	-0.9883100698996652
17991.5	-1.2337600698996658
17993.2	-2.8640544598996653
17994.9	-3.368076069899665
17996.5	-4.672179069899666
17998.2	-4.5543470698996655
17999.9	-4.140468069899666
18001.5	-2.4796050698996646
18003.2	-1.432079069899666
18004.9	0.312706930100334
18006.5	-0.2570339698996656
18008.2	-0.0673390698996652
18009.9	-1.1574790698996658
18011.5	-1.0235680698996654
18013.2	-1.3636650698996655
18014.9	-1.0743577698996658
18016.5	-1.7711393698996658
18018.2	-1.2394419698996657
18019.9	-1.637039069899665
18021.5	-0.42014146989966566
18023.2	0.4110487301003348
18024.9	1.8239619301003345
18026.6	1.9543944801003348
18028.2	1.8322086301003346
18029.9	0.22489303010033454
18031.6	-0.47453636989966574
18033.2	-1.8645542698996658
18034.9	-2.097958069899666
18036.6	-2.6308809298996656
18038.2	-1.9818309698996655
18039.9	-1.5485515698996655
18041.6	-0.8941750698996651
18043.2	-0.9688327698996654
18044.9	-0.9278810698996655
18046.6	-1.2934729698996654
18048.2	-1.0547190698996656
18049.9	-0.8074511698996654
18051.6	0.1963831301003343
18053.2	0.8953149301003339
18054.9	1.6392097301003343
18056.6	1.0840037601003343
18058.2	0.1714919301003345
18059.9	-0.9532250698996654
18061.6	-0.7914330698996654
18063.2	-0.043006869899665644
18064.9	1.8052141301003353
18066.6	2.8690819301003345
18068.2	3.8427991191003334
18069.9	3.4026615461003353
18071.6	2.892560930100334
18073.3	1.739911230100335
18074.9	1.7216471301003344
18076.6	1.2237189301003344
18078.3	2.1462037101003344
18079.9	2.620660630100334
18081.6	3.2761829301003345
18083.3	2.855660130100335
18084.9	2.2481488301003347
18086.6	0.433817830100334
18088.3	-0.8032006698996652
18089.9	-2.074753439899666
18091.6	-1.2740226698996657
18093.3	-0.10587906989966545
18094.9	1.9885381301003342
18096.6	3.204159930100334
18098.3	4.438004930100335
18099.9	3.4000759301003343
18101.6	2.495969930100334
18103.3	0.8913292301003348
18104.9	0.11275803010033422
18106.6	-1.1116226698996652
18108.3	-1.3450347698996654
18109.9	-2.1206450698996653
18111.6	-1.4869607198996655
18113.3	-1.6263981698996652
18115.0	-0.7848592698996656
18116.6	-0.5871395698996656
18118.3	-0.002290669899665554
18120.0	-0.9658574698996656
18121.6	-1.1948399698996657
18123.3	-1.7724279698996657
18125.0	-1.7780267698996657
18126.6	-2.135855369899666
18128.3	-1.1824767698996657
18130.0	-1.0987220698996656
18131.6	0.311824830100334
18133.3	0.26198963010033455
18135.0	0.3956937301003343
18136.6	-0.4789063698996655
18138.3	-1.3738730698996657
18140.0	-2.6316083698996655
18141.6	-2.5560830698996653
18143.3	-3.2756040698996656
18145.0	-3.1271165598996653
18146.6	-3.761717069899666
18148.3	-3.644871069899666
18150.0	-3.966700069899666
18151.6	-3.712856069899666
18153.3	-3.6263840698996654
18155.0	-2.561390069899666
18156.6	-1.9530629698996655
18158.3	-1.4234510698996654
18160.0	-2.4270450698996653
18161.7	-2.8843180698996655
18163.3	-4.322934069899665
18165.0	-3.829321169899665
18166.7	-3.723701769899667
18168.3	-2.0876080698996655
18170.0	-0.8022835698996655
18171.7	0.6281439301003349
18173.3	0.07849193010033473
18175.0	0.5894032201003345
18176.7	0.7531631301003343
18178.3	1.9446979301003346
18180.0	1.8191315301003346
18181.7	1.9574089301003341
18183.3	1.0303999301003341
18185.0	0.9848769301003344
18186.7	-0.17367306989966574
18188.3	-0.5198210698996657
18190.0	-1.1313390698996657
18191.7	-1.5682411698996659
18193.3	-2.4993865698996656
18195.0	-2.6784015698996653
18196.7	-3.280480069899666
18198.3	-2.6425247698996657
18200.0	-2.9734540698996654
18201.7	-2.1504950198996653
18203.3	-2.0204680698996653
18205.0	-1.4217948398996658
18206.7	-0.9646454998996659
18208.4	-0.079125439899666
18210.0	0.014808330100334466
18211.7	0.9570851701003343
18213.4	0.8527139301003345
18215.0	1.8146559301003342
18216.7	1.9711979301003346
18218.4	2.3058880301003346
18220.0	1.6206431301003341
18221.7	1.8144275001003343
18223.4	1.2920292601003347
18225.0	1.9616519301003343
18226.7	1.6378689301003342
18228.4	2.1638129301003346
18230.0	2.261514140100334
18231.7	3.0740507301003346
18233.4	2.731381930100335
18235.0	3.111427830100334
18236.7	2.7621104301003347
18238.4	3.0733330901003337
18240.0	2.669226430100334
18241.7	2.7390701301003344
18243.4	1.9708938301003343
18245.0	1.9499580301003347
18246.7	0.8231386301003344
18248.4	0.5283233301003345
18250.0	-0.35034706989966546
18251.7	-0.32675706989966546
18253.4	-0.4806458698996658
18255.1	0.06582953010033439
18256.7	-0.10218906989966578
18258.4	0.6152289301003344
18260.1	0.06859893010033416
18261.7	0.7337956301003341
18263.4	-0.039083769899665555
18265.1	-0.4095091698996657
18266.7	-1.2207606698996656
18268.4	-1.2375936698996655
18270.1	-1.2850290698996651
18271.7	-0.013878869899665292
18273.4	0.12239583010033465
18275.1	1.1647076301003343
18276.7	1.5505209301003344
18278.4	1.4337169301003343
18280.1	0.6083369301003345
18281.7	0.3591245301003346
18283.4	0.39196893010033423
18285.1	1.5885439301003341
18286.7	2.1358549301003342
18288.4	3.213327930100334
18290.1	3.5518379301003336
18291.7	3.471089030100333
18293.4	2.451505930100335
18295.1	1.6475849301003342
18296.8	0.5732025801003346
18298.4	0.050204930100334534
18300.1	-1.4469688698996657
18301.8	-1.6642210698996656
18303.4	-2.016095069899666
18305.1	-1.4446355698996656
18306.8	-1.9413429698996658
18308.4	-1.5554360698996657
18310.1	-2.7260469698996657
18311.8	-3.1302510698996655
18313.4	-4.158736819899667
18315.1	-3.9033460698996665
18316.8	-4.1777900698996655
18318.4	-3.452642869899666
18320.1	-3.6162710698996654
18321.8	-2.3954536698996653
18323.4	-2.022394869899666
18325.1	-1.340597069899666
18326.8	-1.2762200698996655
18328.4	-0.41664406989966585
18330.1	-0.21380006989966524
18331.8	0.24710603010033472
18333.4	-0.2455484698996658
18335.1	-0.22535906989966542
18336.8	-0.8047080698996656
18338.4	-0.7127786098996656
18340.1	-0.6698290698996653
18341.8	0.3479120301003341
18343.5	-0.1502220698996655
18345.1	-0.7874040698996657
18346.8	-2.496441069899666
18348.5	-2.6136090698996655
18350.1	-2.500448069899665
18351.8	-1.3189100698996656
18353.5	-1.1668440698996654
18355.1	-0.38873606989966564
18356.8	-0.6088880698996656
18358.5	-0.7378691698996653
18360.1	-1.5592370698996656
18361.8	-1.582095069899665
18363.5	-2.5578473698996653
18365.1	-3.1460808698996656
18366.8	-3.8599500698996656
18368.5	-3.392918069899666
18370.1	-2.2469660698996656
18371.8	-1.056130799899666
18373.5	-0.8475220698996658
18375.1	-0.7048965698996661
18376.8	-1.497126569899666
18378.5	-2.1439955698996664
18380.1	-2.760473169899666
18381.8	-2.6218710698996657
18383.5	-2.631925669899666
18385.1	-2.239628769899666
18386.8	-2.0048160698996655
18388.5	-1.1043732698996658
18390.2	-0.33640236989966577
18391.8	0.5677597301003341
18393.5	1.0851879301003347
18395.2	1.587351130100334
18396.8	1.0602879301003343
18398.5	0.6551910301003347
18400.2	-0.6932216698996656
18401.8	-0.9943029698996657
18403.5	-1.5820030698996654
18405.2	-1.6249450698996657
18406.8	-1.7512340698996653
18408.5	-1.416583069899665
18410.2	-1.623783969899666
18411.8	-0.8755240698996657
18413.5	-0.5714938698996652
18415.2	0.33405693010033455
18416.8	0.10782773010033439
18418.5	-0.5617347698996656
18420.2	-2.2953850698996656
18421.8	-3.383180069899666
18423.5	-4.5105720698996645
18425.2	-4.476018069899665
18426.8	-3.669863069899665
18428.5	-2.489316069899666
18430.2	-2.1786990698996656
18431.8	-1.5965100698996655
18433.5	-1.6204050698996653
18435.2	-0.8434120698996651
18436.9	-0.47454226989966575
18438.5	0.4187749201003344
18440.2	0.7090381301003347
18441.9	0.8436059301003344
18443.5	0.04191493010033413
18445.2	-0.1646470698996656
18446.9	-0.4732160298996654
18448.5	0.1723289301003344
18450.2	0.13318083010033424
18451.9	1.1123422301003345
18453.5	0.7430639301003344
18455.2	1.0795514301003342
18456.9	1.2816920301003343
18458.5	2.028609930100335
18460.2	2.099257930100335
18461.9	2.592602830100334
18463.5	1.7591493301003347
18465.2	1.6934368301003346
18466.9	0.3428089301003343
18468.5	-0.4551770698996654
18470.2	-1.1360450698996654
18471.9	-0.9993700698996658
18473.5	-1.4366635698996655
18475.2	-0.8724670698996657
18476.9	-1.1582030698996664
18478.6	-0.44546806989966514
18480.2	-0.49610286989966557
18481.9	-0.5144342698996657
18483.6	-1.0835275698996658
18485.2	-1.307320629899666
18486.9	-2.2299490698996656
18488.6	-1.9670538698996658
18490.2	-1.9288881698996658
18491.9	-0.7860710698996656
18493.6	-0.5872984398996655
18495.2	-0.09323606989966535
18496.9	-0.09728806989966561
18498.6	0.29946656010033446
18500.2	-0.28717226989966543
18501.9	-0.05808998989966545
18503.6	-0.1381370698996656
18505.2	0.847429130100334
18506.9	1.1775025301003343
18508.6	2.7974728301003347
18510.2	3.5549709301003345
18511.9	4.335651330100334
18513.6	3.520124730100334
18515.2	2.9160419301003344
18516.9	1.2317141301003347
18518.6	0.061297930100334595
18520.2	-1.7648573698996652
18521.9	-2.2701600698996653
18523.6	-2.459857069899665
18525.3	-1.3467552698996657
18526.9	-0.6168990698996657
18528.6	-0.36174766989966595
18530.3	-1.1070460698996656
18531.9	-1.6447450698996662
18533.6	-1.5645966698996658
18535.3	-0.1499420698996654
18536.9	1.6125379301003346
18538.6	3.570074830100334
18540.3	4.438201930100333
18541.9	4.316083930100334
18543.6	2.9246422301003347
18545.3	2.381764930100334
18546.9	1.347987630100334
18548.6	1.0100968301003344
18550.3	0.24401043010033438
18551.9	0.08337973010033455
18553.6	-1.0747145698996659
18555.3	-0.9854553698996658
18556.9	-2.4985808698996657
18558.6	-2.780390669899666
18560.3	-3.1639190698996655
18561.9	-2.7113550698996653
18563.6	-2.659874369899666
18565.3	-1.3996460698996658
18566.9	-0.9461900698996658
18568.6	0.3031920301003342
18570.3	0.5959009301003343
18572.0	0.7620070301003344
18573.6	0.7762726301003344
18575.3	1.1898759301003345
18577.0	0.40468703010033436
18578.6	1.079492230100334
18580.3	0.8417553301003343
18582.0	0.6613218301003345
18583.6	-0.36544156989966625
18585.3	-0.9586070698996654
18587.0	-2.2854333698996663
18588.6	-2.0074004298996657
18590.3	-2.614432069899666
18592.0	-1.9310160698996655
18593.6	-1.8643483698996657
18595.3	-1.5240610698996657
18597.0	-1.7250287698996658
18598.6	-0.6324800698996655
18600.3	-0.3962129698996656
18602.0	-0.050967069899665596
18603.6	-0.5019978698996655
18605.3	-1.2926446698996659
18607.0	-2.6060030698996655
18608.6	-2.506565269899666
18610.3	-2.709511069899665
18612.0	-1.855389929899666
18613.6	-1.9430093698996658
18615.3	-1.745957769899666
18617.0	-1.7871160698996653
18618.7	-0.9844120698996655
18620.3	-0.41338106989966567
18622.0	1.0724590301003345
18623.7	2.136975930100334
18625.3	3.8784135301003344
18627.0	4.066278930100334
18628.7	4.453369930100334
18630.3	3.6850824301003344
18632.0	2.7175069301003343
18633.7	0.9554999301003344
18635.3	-0.5167310698996659
18637.0	-1.8527868898996656
18638.7	-1.7338156398996651
18640.3	-1.6138302698996658
18642.0	-0.9948830698996659
18643.7	-0.945087069899666
18645.3	-0.43118806989966585
18647.0	-0.7302090698996656
18648.7	-0.6371935498996658
18650.3	-0.14875886989966527
18652.0	1.3443925301003348
18653.7	2.6604081081003352
18655.3	3.904359930100335
18657.0	3.9714869301003346
18658.7	2.9881389301003343
18660.4	1.8837832301003345
18662.0	1.055292030100335
18663.7	-0.01662456989966552
18665.4	0.4920978301003345
18667.0	0.3414406301003344
18668.7	0.8027015301003342
18670.4	0.564587930100334
18672.0	0.4382359301003344
18673.7	-0.4122110698996658
18675.4	-0.37702906989966534
18677.0	-1.2961390698996655
18678.7	-1.4544279698996658
18680.4	-1.8158387698996652
18682.0	-0.9343350698996655
18683.7	-0.49028406989966544
18685.4	0.7203459301003344
18687.0	1.2590103701003348
18688.7	2.5779843101003346
18690.4	3.070472920100334
18692.0	2.730083650100334
18693.7	1.5237076301003338
18695.4	-0.18355206989966572
18697.0	-1.8707130698996657
18698.7	-3.091751969899666
18700.4	-3.358921069899666
18702.0	-2.0870523698996655
18703.7	-0.2586190698996652
18705.4	1.3228684301003348
18707.1	2.201723930100335
18708.7	2.9556449301003345
18710.4	2.9365105301003345
18712.1	2.1358963301003344
18713.7	1.0757183301003344
18715.4	-0.3099220698996654
18717.1	-2.022632069899666
18718.7	-2.347692369899666
18720.4	-2.6554625698996657
18722.1	-1.8254760698996655
18723.7	-0.8939309698996656
18725.4	0.12393493010033427
18727.1	1.4793567301003345
18728.7	2.8097693301003344
18730.4	2.8044826301003347
18732.1	3.249857150100335
18733.7	1.8981574301003346
18735.4	0.5947681301003345
18737.1	-1.0417055698996651
18738.7	-1.8192960698996654
18740.4	-1.5833907698996654
18742.1	-0.6031750698996655
18743.7	-0.8820403698996657
18745.4	-0.6744060698996657
18747.1	-2.0936210698996662
18748.7	-3.1974725698996656
18750.4	-4.130470169899665
18752.1	-4.066394569899666
18753.8	-3.334858469899666
18755.4	-2.2574958898996655
18757.1	-2.506687969899665
18758.8	-2.489942069899665
18760.4	-2.8426790698996656
18762.1	-2.705363169899665
18763.8	-2.3975230698996652
18765.4	-1.3616360698996652
18767.1	-0.5126963698996654
18768.8	0.3694449301003345
18770.4	-0.4673815698996654
18772.1	-0.9710371998996653
18773.8	-1.8851551698996658
18775.4	-1.6136240698996656
18777.1	-1.4240740698996657
18778.8	0.016083330100334248
18780.4	0.3619239301003341
18782.1	1.0242152801003344
18783.8	0.21211943010033432
18785.4	0.6751994301003343
18787.1	0.8696462301003347
18788.8	2.2851035301003346
18790.4	2.700923830100334
18792.1	3.2273799301003345
18793.8	2.0353639301003343
18795.4	0.8545459301003339
18797.1	-0.8474990698996663
18798.8	-1.2033607698996653
18800.5	-1.5100895698996657
18802.1	-1.0535470698996658
18803.8	-0.8382170698996655
18805.5	-0.14970696989966567
18807.1	-0.08184506989966582
18808.8	0.4299654301003343
18810.5	-0.2820880698996655
18812.1	-1.0713930698996659
18813.8	-1.5275920698996655
18815.5	-1.6632680698996658
18817.1	-1.1008410698996656
18818.8	0.29233650010033463
18820.5	0.2796391301003349
18822.1	0.777651930100334
18823.8	0.06861593010033432
18825.5	-0.7299790698996655
18827.1	-1.0625830698996657
18828.8	-0.6427803698996656
18830.5	-0.8320530698996658
18832.1	0.39260343010033444
18833.8	0.4601409301003345
18835.5	1.8617269301003347
18837.1	3.092775430100334
18838.8	4.463510730100335
18840.5	4.152292930100335
18842.2	2.761470830100335
18843.8	0.35430983010033457
18845.5	-0.9072283698996657
18847.2	-1.6732918698996655
18848.8	-0.9182103698996654
18850.5	-0.40153422989966564
18852.2	0.47352446010033467
18853.8	0.607307730100334
18855.5	0.7489798401003347
18857.2	1.1595775301003344
18858.8	3.0214189301003342
18860.5	4.0823876301003335
18862.2	4.780504930100334
18863.8	3.853521230100334
18865.5	3.0909130301003347
18867.2	1.6922502301003344
18868.8	1.8330809301003348
18870.5	1.7218976801003343
18872.2	3.1909849301003343
18873.8	3.6149759301003344
18875.5	3.3348575901003343
18877.2	1.5876685301003342
18878.8	0.3089198301003344
18880.5	-1.7447076698996653
18882.2	-1.9869098698996654
18883.8	-2.6678535698996657
18885.5	-2.0612239698996655
18887.2	-1.6902490698996657
18888.9	-1.557678969899666
18890.5	-1.7593390698996658
18892.2	-0.7461499298996651
18893.9	-0.8672540698996658
18895.5	0.33243893010033415
18897.2	0.6291689301003343
18898.9	1.0392026701003343
18900.5	1.0776860301003346
18902.2	1.1964209301003343
18903.9	0.5409229301003347
18905.5	1.5700661661003346
18907.2	1.1612089301003343
18908.9	1.4228519301003346
18910.5	0.5424269301003346
18912.2	0.21151693010033457
18913.9	-0.8579420698996654
18915.5	-0.9120170698996658
18917.2	-1.5342500698996655
18918.9	-1.4382824698996661
18920.5	-2.337392069899665
18922.2	-2.640174269899666
18923.9	-3.628365169899665
18925.5	-2.370420169899666
18927.2	-1.2145700698996653
18928.9	1.0441837301003343
18930.5	2.7111150301003346
18932.2	3.4572619301003344
18933.9	2.516088130100335
18935.6	1.510101630100334
18937.2	-0.2628925698996657
18938.9	-1.0356780698996653
18940.6	-1.4962220698996656
18942.2	-0.42173506989966575
18943.9	0.028300030100334262
18945.6	2.0219385301003343
18947.2	2.173401890100334
18948.9	2.1912831301003344
18950.6	1.6193247301003342
18952.2	-0.16396166989966562
18953.9	-2.1527324698996653
18955.6	-3.2239336698996652
18957.2	-5.055129352899666
18958.9	-3.8571584198996653
18960.6	-2.791618269899665
18962.2	-0.34091866989966524
18963.9	1.7801799301003345
18965.6	2.7006098731003347
18967.2	2.326029930100334
18968.9	0.9734369301003344
18970.6	-2.057751469899666
18972.2	-2.954771769899666
18973.9	-4.282776069899666
18975.6	-3.1152110698996656
18977.2	-1.2012020698996655
18978.9	1.2144389301003342
18980.6	3.187737930100334
18982.3	3.969024510100334
18983.9	2.733122930100335
18985.6	2.0415526301003344
18987.3	0.3542739301003343
18988.9	-0.4560873698996656
18990.6	-1.1714694698996653
18992.3	-1.3355040698996656
18993.9	-1.5078690698996655
18995.6	-1.9332996698996663
18997.3	-1.9338650698996651
18998.9	-0.7809250698996656
19000.6	-0.10184106989966597
19002.3	0.6676719301003342
19003.9	0.8514769301003342
19005.6	1.1165037301003344
19007.3	1.0657331301003343
19008.9	1.5054958301003343
19010.6	1.7095419301003347
19012.3	2.835675930100335
19013.9	3.4718719301003347
19015.6	3.746304930100334
19017.3	3.055525930100335
19018.9	2.906765930100334
19020.6	1.8051368301003343
19022.3	2.0586299301003343
19024.0	2.445844230100335
19025.6	3.8829974301003345
19027.3	3.8580936301003335
19029.0	3.7731489301003345
19030.6	2.0147159301003343
19032.3	1.3990677301003345
19034.0	0.40234793010033465
19035.6	0.36042443010033465
19037.3	-0.16943906989966567
19039.0	0.0891419301003344
19040.6	-0.9949836698996656
19042.3	-1.1018328698996658
19044.0	-1.5336248698996657
19045.6	-0.9325820698996659
19047.3	-0.4639990698996657
19049.0	-0.34700717989966545
19050.6	-0.5688830698996655
19052.3	-0.5961946698996659
19054.0	-1.3777010698996655
19055.6	-1.4386147698996663
19057.3	-2.3683133698996657
19059.0	-2.797059469899666
19060.6	-3.2108158898996657
19062.3	-3.0014030698996654
19064.0	-2.649126069899665
19065.6	-1.1812660698996658
19067.3	-0.04209606989966597
19069.0	1.7536616301003345
19070.7	2.1338043301003338
19072.3	2.7904329301003346
19074.0	2.7087552301003344
19075.7	2.5107399301003346
19077.3	1.4852139301003349
19079.0	0.7731259301003345
19080.7	0.3513859301003343
19082.3	0.5473720301003343
19084.0	0.3748019301003347
19085.7	0.6126667301003345
19087.3	0.5385078301003347
19089.0	1.0282244301003338
19090.7	1.4791270201003344
19092.3	1.8712659301003345
19094.0	2.527895930100334
19095.7	3.3953319301003346
19097.3	2.851189530100334
19099.0	2.4438249301003347
19100.7	1.4321825301003344
19102.3	0.8686949301003344
19104.0	1.2298196801003343
19105.7	1.6859469301003345
19107.3	1.5103785401003342
19109.0	1.9744769301003344
19110.7	0.8940063301003344
19112.3	0.1674455301003345
19114.0	-0.7147986698996658
19115.7	-1.1658539698996653
19117.4	-1.0359918698996655
19119.0	-0.23011706989966588
19120.7	0.06273583010033441
19122.4	1.3608065701003347
19124.0	1.482755830100334
19125.7	2.1656249301003347
19127.4	2.279450930100334
19129.0	2.759421230100334
19130.7	2.967260930100334
19132.4	3.4033849301003345
19134.0	3.3171461301003347
19135.7	3.2621199301003343
19137.4	1.9922482301003346
19139.0	0.7063019301003344
19140.7	-0.7140170698996656
19142.4	-1.6921830698996654
19144.0	-2.5430180698996656
19145.7	-2.8938110698996655
19147.4	-3.347218069899666
19149.0	-2.607026069899666
19150.7	-2.8149440698996657
19152.4	-2.4349897698996656
19154.0	-2.6224320698996655
19155.7	-2.4503640698996656
19157.4	-2.242313069899666
19159.0	-1.1184965698996654
19160.7	-0.6352737698996656
19162.4	1.062444230100334
19164.1	1.3791740301003343
19165.7	1.6158127301003347
19167.4	0.9479169301003342
19169.1	0.1953779301003345
19170.7	-0.45631806989966545
19172.4	-0.4411736698996657
19174.1	-0.42164570989966554
19175.7	-0.2332256698996659
19177.4	-0.1760362698996655
19179.1	0.009581030100334464
19180.7	0.14943983010033451
19182.4	0.19155573010033428
19184.1	-0.6772710698996656
19185.7	-1.678660069899665
19187.4	-3.252368469899666
19189.1	-4.7167600698996655
19190.7	-6.230924069899666
19192.4	-5.797299069899665
19194.1	-4.592366069899666
19195.7	-1.9513244298996661
19197.4	0.024483030100334348
19199.1	2.450001930100334
19200.7	2.551702930100334
19202.4	2.2144921301003344
19204.1	-0.22796406989966603
19205.8	-1.7621340698996655
19207.4	-3.6271977698996656
19209.1	-3.6636520698996655
19210.8	-3.050411069899666
19212.4	-1.0216160698996657
19214.1	0.06435893010033436
19215.8	1.0539959301003345
19217.4	0.8701508301003343
19219.1	0.26233363010033445
19220.8	-1.1857481698996657
19222.4	-1.7483642698996662
19224.1	-1.4433342698996656
19225.8	-0.015704269899665578
19227.4	1.0446026301003344
19229.1	1.1842598301003342
19230.8	1.4700150301003345
19232.4	0.3253299301003344
19234.1	-0.9913820698996656
19235.8	-1.4149648698996655
19237.4	-2.0915221698996658
19239.1	-1.8552088898996655
19240.8	-1.1167878698996652
19242.4	-0.6432420698996653
19244.1	0.5146518301003348
19245.8	0.8910319301003341
19247.4	0.6411135001003345
19249.1	0.4946929301003344
19250.8	-0.7866370698996654
19252.5	-2.1435761698996654
19254.1	-3.3937540698996655
19255.8	-2.573180069899666
19257.5	-1.704265069899666
19259.1	-0.5291973698996658
19260.8	0.1742929301003338
19262.5	0.2756959301003349
19264.1	-1.1573502698996656
19265.8	-2.1796496698996664
19267.5	-3.5761462698996653
19269.1	-2.3468438998996657
19270.8	-1.2789806698996657
19272.5	-0.04992686989966568
19274.1	0.8914919301003346
19275.8	2.280606930100334
19277.5	3.081806930100334
19279.1	4.092531930100334
19280.8	4.343979930100334
19282.5	5.336673930100334
19284.1	4.843283930100334
19285.8	4.016390930100335
19287.5	2.289271830100334
19289.1	1.247452930100334
19290.8	-0.3886050698996656
19292.5	-1.7071632698996655
19294.1	-3.1874405698996657
19295.8	-3.7618435698996664
19297.5	-4.9411460698996645
19299.2	-5.141522569899665
19300.8	-5.223845669899665
19302.5	-4.113336069899666
19304.2	-2.835813069899666
19305.8	-2.4352028698996655
19307.5	-2.250312069899666
19309.2	-2.601961769899666
19310.8	-3.3206440698996658
19312.5	-3.310286369899665
19314.2	-2.3343164698996657
19315.8	-1.5724270698996659
19317.5	-0.746682069899666
19319.2	-0.5683742698996657
19320.8	-0.04908846989966555
19322.5	0.04988713010033443
19324.2	-0.10237826989966532
19325.8	0.2678890301003346
19327.5	0.020335430100334582
19329.2	-0.5610225698996655
19330.8	-1.2230025698996658
19332.5	-1.2033220698996652
19334.2	-1.1826973198996658
19335.8	-0.05253406989966518
19337.5	0.4103439301003343
19339.2	1.7296002301003341
19340.8	1.5837799301003346
19342.5	1.4186149301003341
19344.2	0.20392993010033472
19345.9	0.031678930100334936
19347.5	-1.3425780698996654
19349.2	-0.9327074698996654
19350.9	-1.107315018899666
19352.5	-0.6297671698996655
19354.2	-0.6421890698996652
19355.9	-0.09496916989966549
19357.5	0.013457130100334603
19359.2	0.8010439301003348
19360.9	0.8697849301003341
19362.5	1.0150623301003343
19364.2	0.5393579301003346
19365.9	-0.4197763698996656
19367.5	-1.2604357698996655
19369.2	-1.4376731698996656
19370.9	-1.4416250698996655
19372.5	-0.879590849899666
19374.2	-0.1496517698996657
19375.9	0.3322619301003343
19377.5	0.6820999301003345
19379.2	1.339256930100334
19380.9	1.4396089301003345
19382.5	1.5386929301003343
19384.2	1.3243386301003341
19385.9	0.43654013010033443
19387.6	-1.7059330698996653
19389.2	-4.195080169899666
19390.9	-6.9286030698996655
19392.6	-7.833388269899666
19394.2	-7.845915069899666
19395.9	-6.0371178698996655
19397.6	-3.659531069899665
19399.2	-0.7281477698996655
19400.9	0.4055519301003348
19402.6	0.6129934301003349
19404.2	0.022504930100334542
19405.9	-0.06497406989966545
19407.6	-1.2670830698996653
19409.2	-1.8246810698996658
19410.9	-3.5593090698996654
19412.6	-4.517761069899666
19414.2	-5.447533069899665
19415.9	-5.514070169899665
19417.6	-5.011019069899666
19419.2	-3.9028130698996657
19420.9	-3.0485159698996656
19422.6	-2.4493030698996656
19424.2	-2.5433325698996656
19425.9	-2.427519069899666
19427.6	-2.618720969899666
19429.2	-2.3018260698996658
19430.9	-2.0887354698996656
19432.6	-1.4391583698996657
19434.3	-0.6641479698996655
19435.9	0.4358280301003342
19437.6	0.9855152301003341
19439.3	1.4944519301003345
19440.9	1.1325862301003349
19442.6	1.1062360301003342
19444.3	0.23693513010033396
19445.9	0.8895396301003347
19447.6	1.1555314301003343
19449.3	1.4408159301003345
19450.9	1.5363432301003346
19452.6	1.8734189301003348
19454.3	0.9017125301003347
19455.9	0.7142262301003345
19457.6	-0.8258966698996655
19459.3	-0.9678390698996655
19460.9	-0.8994420698996661
19462.6	0.03363333010033429
19464.3	0.697420930100334
19465.9	1.7856599301003346
19467.6	1.0031786301003347
19469.3	0.19821683010033428
19470.9	-1.5969149698996659
19472.6	-1.9988000698996664
19474.3	-2.2989204698996657
19475.9	-1.4938030698996658
19477.6	-1.7986840698996651
19479.3	-2.0271832698996657
19481.0	-2.0479563698996657
19482.6	-1.6050633698996664
19484.3	-0.8222149698996658
19486.0	0.22669153010033466
19487.6	0.9705874301003343
19489.3	2.307141230100334
19491.0	2.1531012301003343
19492.6	1.9760473301003336
19494.3	2.209098930100334
19496.0	1.928898930100334
19497.6	1.1262559301003343
19499.3	0.5572972501003346
19501.0	0.1609359301003342
19502.6	0.7284819301003344
19504.3	0.4600134301003346
19506.0	0.5872925301003348
19507.6	0.6103221301003344
19509.3	0.2389577301003348
19511.0	-0.48933706989966524
19512.6	-0.9166800698996654
19514.3	-2.044298969899666
19516.0	-2.6356740698996646
19517.6	-3.6104871698996654
19519.3	-3.7619110698996656
19521.0	-2.847870569899666
19522.6	-1.8586393698996655
19524.3	-1.0311043698996656
19526.0	0.2043319201003345
19527.7	0.1451342301003348
19529.3	0.5912879301003342
19531.0	1.0292799301003346
19532.7	1.913009930100334
19534.3	2.3550267301003345
19536.0	3.3033379301003345
19537.7	2.909345930100334
19539.3	1.9283719301003344
19541.0	0.7037249301003342
19542.7	-0.6832683598996654
19544.3	-3.1893206698996655
19546.0	-4.541629069899665
19547.7	-5.8056860698996635
19549.3	-5.649096069899666
19551.0	-5.338039069899665
19552.7	-4.603627069899665
19554.3	-3.261443369899665
19556.0	-1.8063710698996656
19557.7	-1.2947510698996658
19559.3	-1.2187383698996657
19561.0	-1.7890835698996657
19562.7	-2.796668669899666
19564.3	-4.285855069899666
19566.0	-4.725549469899666
19567.7	-3.5262021698996655
19569.4	-1.5963801298996656
19571.0	0.3599139301003341
19572.7	2.123087930100334
19574.4	2.2777449301003343
19576.0	2.1273359301003345
19577.7	0.8932552301003349
19579.4	-0.2384615098996652
19581.0	-1.6069909698996656
19582.7	-2.705062869899666
19584.4	-3.9283660698996656
19586.0	-3.7287150698996654
19587.7	-3.6853680698996656
19589.4	-2.055646069899665
19591.0	-1.0675110698996653
19592.7	-0.40973306989966574
19594.4	-0.5598590698996654
19596.0	-0.5641580698996657
19597.7	-0.954273069899665
19599.4	0.14358793010033405
19601.0	1.4704929301003347
19602.7	3.0148079301003348
19604.4	3.926946930100334
19606.0	3.868238530100335
19607.7	2.5881289301003343
19609.4	1.8657449041003342
19611.0	0.3701040301003341
19612.7	-0.5389020698996654
19614.4	-1.2377861698996655
19616.1	-1.7196777698996653
19617.7	-2.0247560698996656
19619.4	-1.8469490698996656
19621.1	-2.4232360698996653
19622.7	-3.0104227698996655
19624.4	-4.786783469899665
19626.1	-5.626069069899666
19627.7	-6.3665091698996665
19629.4	-5.861824069899666
19631.1	-4.886119569899665
19632.7	-4.010473069899666
19634.4	-3.5160010698996658
19636.1	-2.9625384698996653
19637.7	-3.0357281698996648
19639.4	-1.8985354698996655
19641.1	-1.5343997698996652
19642.7	-1.667232869899665
19644.4	-2.948994569899665
19646.1	-4.265213069899665
19647.7	-4.900445069899665
19649.4	-3.6921460698996653
19651.1	-1.6597950798996657
19652.7	1.1193579301003342
19654.4	3.5287877301003348
19656.1	4.941245530100335
19657.7	3.7840769301003347
19659.4	2.1403913301003343
19661.1	0.2964549301003342
19662.8	-1.5441538698996655
19664.4	-2.8879550698996654
19666.1	-3.526351469899666
19667.8	-4.612486069899665
19669.4	-5.1865815698996665
19671.1	-5.976510069899665
19672.8	-6.0387280698996655
19674.4	-4.330084069899665
19676.1	-2.109809369899666
19677.8	-0.16675606989966507
19679.4	1.3106349301003344
19681.1	2.0080849301003343
19682.8	2.0376959301003343
19684.4	1.8118519301003342
19686.1	1.7992242301003345
19687.8	1.3560374801003345
19689.4	1.1725719301003346
19691.1	0.30595293010033425
19692.8	-0.7273102698996652
19694.4	-1.9940530698996657
19696.1	-3.1742081698996656
19697.8	-4.656659969899666
19699.4	-4.424369069899664
19701.1	-3.1401290698996656
19702.8	-0.4597522198996657
19704.4	1.3024902301003343
19706.1	2.8642419301003343
19707.8	2.9719659301003345
19709.5	2.296781730100334
19711.1	0.4041868301003337
19712.8	-0.7668089698996653
19714.5	-1.5739250698996654
19716.1	-2.6727470698996654
19717.8	-3.3555940698996656
19719.5	-3.0486210698996654
19721.1	-2.9091060698996656
19722.8	-1.9953287398996657
19724.5	-2.536192769899665
19726.1	-2.848337669899666
19727.8	-3.1284036698996656
19729.5	-2.169718169899666
19731.1	-0.988130869899666
19732.8	1.4007859301003343
19734.5	2.2341909301003344
19736.1	2.851347930100334
19737.8	1.6865441301003343
19739.5	1.0116340301003346
19741.1	-1.4710440698996656
19742.8	-2.4237370698996656
19744.5	-3.469297069899666
19746.1	-3.3314121698996657
19747.8	-2.922795069899666
19749.5	-1.1638340698996656
19751.2	-0.3675870698996656
19752.8	0.22873173010033487
19754.5	-0.8861464598996658
19756.2	-1.1433651698996647
19757.8	-1.1560183798996655
19759.5	0.1600005301003346
19761.2	0.6888276201003343
19762.8	1.7115513301003342
19764.5	2.0805544301003343
19766.2	1.138943204500334
19767.8	0.1396741301003344
19769.5	0.09685293010033431
19771.2	-0.7379968898996654
19772.8	-0.7245638698996655
19774.5	-1.831471069899666
19776.2	-2.824230669899666
19777.8	-2.9067910698996657
19779.5	-2.6611940698996652
19781.2	-2.401841069899666
19782.8	-1.1576790698996657
19784.5	-1.0331510698996655
19786.2	-0.9359550698996657
19787.8	-1.8057830698996657
19789.5	-2.9089823698996655
19791.2	-3.6514323698996662
19792.8	-3.798371069899665
19794.5	-4.1027850698996655
19796.2	-3.661004069899665
19797.9	-3.017336069899666
19799.5	-2.1701990698996654
19801.2	-2.686836069899666
19802.9	-3.5736355698996656
19804.5	-4.5556541698996655
19806.2	-4.700602069899665
19807.9	-3.8008240698996665
19809.5	-2.0153660698996667
19811.2	0.49426653010033467
19812.9	2.409208930100334
19814.5	2.251458930100335
19816.2	1.7455179301003334
19817.9	0.4064699301003336
19819.5	-0.22980816989966577
19821.2	-0.7048152698996656
19822.9	-1.0905540698996659
19824.5	-0.6989313698996654
19826.2	-0.2150390698996656
19827.9	-0.17604606989966598
19829.5	-0.20299656989966533
19831.2	-1.2597240698996657
19832.9	-1.9808070698996656
19834.5	-2.789240069899665
19836.2	-3.562185069899666
19837.9	-2.9972796698996658
19839.5	-1.7575006798996657
19841.2	0.21933913010033462
19842.9	1.5083359301003345
19844.6	1.4876219301003342
19846.2	1.7866674301003342
19847.9	1.2856949301003344
19849.6	0.12679243010033456
19851.2	-0.14521983989966553
19852.9	-0.5132604698996658
19854.6	-0.5441240698996657
19856.2	0.18902493010033397
19857.9	0.37134653010033436
19859.6	1.7482084301003344
19861.2	2.4893189301003344
19862.9	2.0339599301003344
19864.6	0.9033095301003339
19866.2	-0.550687069899666
19867.9	-2.759826069899666
19869.6	-3.6200078698996654
19871.2	-3.7984280698996655
19872.9	-2.6437250698996655
19874.6	-0.7193229698996656
19876.2	1.1196239301003346
19877.9	1.3278810301003348
19879.6	1.2775833301003345
19881.2	0.6669518301003345
19882.9	0.15308793010033508
19884.6	-0.5064652698996658
19886.2	-0.6607611698996656
19887.9	-0.40753906989966576
19889.6	0.2120159301003346
19891.3	-0.36079106989966575
19892.9	-0.5832090698996657
19894.6	-0.9260540698996653
19896.3	-1.1741470698996657
19897.9	-1.8373200698996655
19899.6	-2.0478220698996656
19901.3	-2.285866069899666
19902.9	-1.3778940698996656
19904.6	-2.0246850698996655
19906.3	-1.8170240698996658
19907.9	-1.4964544698996656
19909.6	-0.8758040698996652
19911.3	-0.2895770698996656
19912.9	0.4761782301003345
19914.6	-0.01959306989966585
19916.3	0.5314010301003347
19917.9	0.14227033010033488
19919.6	-0.19580976989966564
19921.3	-0.6787160698996655
19922.9	-0.9439010698996657
19924.6	-1.9882907698996664
19926.3	-1.9147218698996658
19927.9	-2.1418014698996655
19929.6	-1.6600936698996658
19931.3	-1.396632969899666
19933.0	-1.6912133698996654
19934.6	-2.1943700698996653
19936.3	-2.4494960698996655
19938.0	-2.817776069899666
19939.6	-1.3874795698996656
19941.3	0.08553683010033435
19943.0	2.2308923301003345
19944.6	3.234873930100334
19946.3	2.557219190100334
19948.0	1.0468029301003343
19949.6	-0.8833698698996658
19951.3	-2.6891114698996654
19953.0	-2.577476969899666
19954.6	-1.9459584698996655
19956.3	-0.7200230698996656
19958.0	-0.2874900698996653
19959.6	-0.004199069899665631
19961.3	-0.6426020698996654
19963.0	-0.31144606989966517
19964.6	-0.15271806989966558
19966.3	0.052156930100334176
19968.0	0.9359749301003344
19969.6	0.842092930100334
19971.3	-0.25218006989966585
19973.0	-1.2170320698996657
19974.6	-2.8891101698996655
19976.3	-3.4505860698996655
19978.0	-3.494476069899666
19979.7	-3.4271840698996656
19981.3	-1.920707469899666
19983.0	-0.8241444698996666
19984.7	-0.04251391989966571
19986.3	0.6209765301003345
19988.0	1.2785936301003347
19989.7	1.8731177301003339
19991.3	2.2744373301003344
19993.0	2.705131900100335
19994.7	3.2875624301003343
19996.3	2.9486649301003345
19998.0	1.9342458301003347
19999.7	0.9835609301003349
20001.3	0.9537715301003346
20003.0	1.3208315301003346
20004.7	2.030357730100335
20006.3	2.882227330100334
20008.0	3.7543889301003346
20009.7	3.406284930100334
20011.3	1.9722619301003348
20013.0	1.4581819301003343
20014.7	1.3877509301003343
20016.3	1.4657199301003343
20018.0	1.6678630301003345
20019.7	1.6297946301003343
20021.3	1.6402482301003345
20023.0	1.6079169301003347
20024.7	0.8765489301003349
20026.4	1.1400339301003342
20028.0	1.1742399301003337
20029.7	0.8875259301003343
20031.4	0.6315029301003345
20033.0	0.06894103010033473
20034.7	-0.5287780698996657
20036.4	-0.5149700698996652
20038.0	-0.7810760698996659
20039.7	-0.19740846989966573
20041.4	-0.06308406989966527
20043.0	-0.13570406989966566
20044.7	-0.5026259698996655
20046.4	-0.9650329698996656
20048.0	-1.5758267698996655
20049.7	-1.840864869899665
20051.4	-2.178375169899665
20053.0	-1.5934455698996655
20054.7	-0.5308565698996657
20056.4	0.9272700301003347
20058.0	1.635332630100334
20059.7	2.415857830100335
20061.4	1.3072859301003341
20063.0	-0.15754629489966582
20064.7	-1.6367428698996656
20066.4	-2.348730569899666
20068.0	-2.050581369899665
20069.7	-1.6311879698996652
20071.4	-1.6282267698996655
20073.1	-1.0498640698996655
20074.7	-1.9029326698996656
20076.4	-1.8598124808996659
20078.1	-1.5748510698996658
20079.7	-0.7550154698996655
20081.4	-1.0972114698996651
20083.1	-1.1724513698996657
20084.7	-2.234825949899666
20086.4	-2.883328069899666
20088.1	-4.492272969899664
20089.7	-5.3017290698996655
20091.4	-6.026410069899666
20093.1	-5.686221069899665
20094.7	-6.346068969899667
20096.4	-5.481356069899666
20098.1	-4.746279069899666
20099.7	-3.5373517698996664
20101.4	-2.3402070698996655
20103.1	-0.9714962698996661
20104.7	-0.20753256989966537
20106.4	0.5459899301003347
20108.1	0.9282139301003337
20109.7	1.4438279301003347
20111.4	1.6411219301003332
20113.1	2.2192329301003353
20114.8	2.487996930100334
20116.4	2.517760930100335
20118.1	2.029823330100335
20119.8	2.1679768001003348
20121.4	2.6986495301003344
20123.1	3.7744629301003343
20124.8	4.450137930100334
20126.4	5.713300830100334
20128.1	6.360413930100335
20129.8	6.059565330100335
20131.4	4.5674692301003335
20133.1	2.8268599301003343
20134.8	0.5302850301003342
20136.4	-1.0623173698996657
20138.1	-2.592246069899666
20139.8	-2.6497044698996657
20141.4	-2.359874469899666
20143.1	-1.4536915698996657
20144.8	-1.6963410698996657
20146.4	-2.2413610698996655
20148.1	-3.8742617698996655
20149.8	-5.124726189899666
20151.4	-6.210873069899664
20153.1	-6.394470469899665
20154.8	-5.564185069899665
20156.4	-2.9552030698996643
20158.1	-0.33601106989966567
20159.8	1.7677413301003344
20161.5	2.6678471301003346
20163.1	3.325910930100334
20164.8	2.9241296301003348
20166.5	2.918925930100334
20168.1	2.1886202301003346
20169.8	1.5748389301003347
20171.5	1.0777927301003345
20173.1	0.7298829301003342
20174.8	-0.3834569698996659
20176.5	0.9357932301003344
20178.1	1.8474829301003346
20179.8	3.0809745301003337
20181.5	2.5832739101003352
20183.1	1.0476529301003343
20184.8	-0.7883337798996661
20186.5	-2.2165152698996655
20188.1	-3.5821680198996653
20189.8	-3.324744269899665
20191.5	-2.358039529899666
20193.1	-0.7935693698996655
20194.8	0.0623709301003343
20196.5	0.7624078301003345
20198.1	1.4329279301003344
20199.8	0.8289789301003341
20201.5	0.11686693010033426
20203.1	-0.3835383698996654
20204.8	-1.3052340698996656
20206.5	-1.8860283698996656
20208.2	-2.015648069899666
20209.8	-1.8703179698996657
20211.5	-0.17432506989966584
20213.2	0.9346959301003341
20214.8	2.424047130100335
20216.5	3.5188047301003342
20218.2	3.548569930100335
20219.8	1.9784642301003348
20221.5	1.7189568301003348
20223.2	0.9357799301003349
20224.8	0.7904919301003343
20226.5	-0.10599206989966606
20228.2	-0.7205514698996657
20229.8	-1.7667505698996657
20231.5	-2.0246410698996655
20233.2	-1.8354430698996655
20234.8	-0.5640590698996655
20236.5	0.7855839301003346
20238.2	1.7071724301003344
20239.8	0.9105008301003341
20241.5	-0.070584069899666
20243.2	-1.389808869899666
20244.8	-2.7983370698996652
20246.5	-3.5593700698996655
20248.2	-4.093574969899665
20249.8	-4.3732861298996655
20251.5	-4.313772569899665
20253.2	-3.310151569899665
20254.9	-1.8046230698996655
20256.5	0.15204403010033438
20258.2	2.153896330100335
20259.9	2.582176130100334
20261.5	2.0930679301003345
20263.2	1.105477430100335
20264.9	-0.5904551698996654
20266.5	-0.9296483698996656
20268.2	-0.6578871698996654
20269.9	-0.1219540698996651
20271.5	0.9638394301003345
20273.2	1.6899054301003342
20274.9	2.281249430100334
20276.5	2.4585289301003344
20278.2	1.7067205301003345
20279.9	0.6866309301003347
20281.5	-0.06627206989966554
20283.2	-0.4451400698996656
20284.9	0.17921123010033452
20286.5	1.2650520001003347
20288.2	1.7434649301003344
20289.9	1.134295930100334
20291.5	-0.1810420698996656
20293.2	-1.4043193698996657
20294.9	-1.3922010698996656
20296.6	-0.7682320698996652
20298.2	0.6845403301003348
20299.9	1.9159775301003346
20301.6	1.9345697301003348
20303.2	0.9769489301003343
20304.9	0.3080959301003346
20306.6	0.2964199301003342
20308.2	0.7572133301003345
20309.9	1.2632143301003347
20311.6	1.5942919301003342
20313.2	1.3161104301003343
20314.9	0.996929930100334
20316.6	0.960270930100334
20318.2	1.3553369301003342
20319.9	3.1188967301003343
20321.6	4.242068130100334
20323.2	4.497785930100334
20324.9	3.9064479301003336
20326.6	1.723998930100334
20328.2	-0.6812950698996657
20329.9	-2.2623994698996652
20331.6	-2.5903140698996663
20333.2	-2.1124538798996655
20334.9	-0.7917496698996653
20336.6	0.20297363010033392
20338.2	0.18172393010033433
20339.9	-0.2825448698996655
20341.6	-0.7308183698996654
20343.3	-1.0379910698996657
20344.9	-0.037343189899665494
20346.6	0.23035273010033475
20348.3	0.4099027301003342
20349.9	0.6129219301003346
20351.6	0.2667360301003344
20353.3	-0.08773656989966572
20354.9	0.10911293010033463
20356.6	0.6638419301003341
20358.3	1.6967806301003336
20359.9	3.1278859301003346
20361.6	4.6968301301003335
20363.3	5.259087130100334
20364.9	5.284558930100333
20366.6	4.061314930100334
20368.3	2.5560567301003343
20369.9	1.1648866301003344
20371.6	-0.0413830698996656
20373.3	-0.9969704698996658
20374.9	-1.1199633698996656
20376.6	-1.5403803698996654
20378.3	-1.8013916698996657
20379.9	-1.5091890698996657
20381.6	-1.0469725698996655
20383.3	-0.38811609989966545
20384.9	-0.5384426438996653
20386.6	-1.343703169899666
20388.3	-2.4521372998996656
20390.0	-3.288095169899665
20391.6	-3.680077069899666
20393.3	-3.7545790698996653
20395.0	-3.833780069899666
20396.6	-3.3714930698996652
20398.3	-3.107160069899666
20400.0	-2.841105419899665
20401.6	-1.6204241698996653
20403.3	-0.4712770698996659
20405.0	0.44475283010033484
20406.6	1.4185346301003343
20408.3	0.897653830100334
20410.0	0.6192982301003344
20411.6	0.710597930100334
20413.3	-0.04009906989966554
20415.0	-0.4178910698996659
20416.6	-0.9666103698996661
20418.3	-1.1224990698996657
20420.0	0.02215383010033416
20421.6	1.0267203301003345
20423.3	2.3299456301003345
20425.0	2.8470380301003346
20426.6	2.2031743301003344
20428.3	0.8889189301003345
20430.0	-0.8856340698996654
20431.6	-2.7977040698996656
20433.3	-4.269744169899665
20435.0	-6.234128169899665
20436.7	-6.211501069899666
20438.3	-5.869731569899667
20440.0	-4.742311269899666
20441.7	-3.412353069899665
20443.3	-2.430135969899666
20445.0	-2.814740069899666
20446.7	-2.9384412698996654
20448.3	-4.389284069899666
20450.0	-4.060937069899666
20451.7	-3.2332221698996646
20453.3	-2.5696409298996654
20455.0	-1.4294310698996655
20456.7	-1.2270110698996655
20458.3	-0.7431820698996656
20460.0	-0.2918241698996649
20461.7	-0.20524806989966599
20463.3	0.03457693010033438
20465.0	0.4140506301003343
20466.7	0.3264392301003343
20468.3	0.33645083010033455
20470.0	-0.24866216989966555
20471.7	0.13608256010033407
20473.3	0.09123193010033485
20475.0	0.18847943010033436
20476.7	-0.3570588698996656
20478.4	-1.5140529698996656
20480.0	-2.4008690698996658
20481.7	-3.1698580698996652
20483.4	-3.008085069899665
20485.0	-1.9892040698996656
20486.7	-0.47407776989966577
20488.4	0.606648730100334
20490.0	0.8785319301003348
20491.7	-0.5397419698996662
20493.4	-1.700287069899666
20495.0	-2.754593069899666
20496.7	-2.5424633698996653
20498.4	-1.5970640698996654
20500.0	-0.2941960698996657
20501.7	-0.5671410698996657
20503.4	-0.5289370698996662
20505.0	-1.5594410698996661
20506.7	-1.4660290698996652
20508.4	-1.469912069899666
20510.0	-0.8287350698996654
20511.7	-0.6646270698996659
20513.4	-1.2865958698996656
20515.0	-3.415490969899666
20516.7	-4.710042769899665
20518.4	-5.155299069899666
20520.0	-3.9656340698996657
20521.7	-2.7331050698996657
20523.4	0.27284523010033446
20525.1	2.5102838301003336
20526.7	3.0552739301003347
20528.4	2.361672930100334
20530.1	0.7978528301003346
20531.7	-1.1234466698996652
20533.4	-2.172675069899666
20535.1	-3.156876169899666
20536.7	-2.8111070698996654
20538.4	-2.4882295698996657
20540.1	-1.9087110698996654
20541.7	-1.5078516698996653
20543.4	0.06041653010033441
20545.1	1.527360910100335
20546.7	2.6067715301003345
20548.4	3.4129155301003338
20550.1	3.4487239301003334
20551.7	2.3018955301003343
20553.4	1.4877943301003342
20555.1	0.6624034301003344
20556.7	0.7088359301003345
20558.4	1.4579669301003346
20560.1	2.3294319301003337
20561.7	3.695552930100333
20563.4	4.7189808301003335
20565.1	4.775807730100334
20566.7	3.648145930100334
20568.4	1.9842439301003338
20570.1	0.8767488301003343
20571.8	0.4092732301003341
20573.4	0.5626406301003344
20575.1	1.308513430100334
20576.8	2.031101930100334
20578.4	2.0496804301003344
20580.1	2.101639230100335
20581.8	2.0544344301003346
20583.4	2.252731930100334
20585.1	2.5481547501003337
20586.8	2.059032960100334
20588.4	2.0917349301003343
20590.1	2.9410089301003337
20591.8	3.5803769301003343
20593.4	4.377640930100334
20595.1	3.974600930100334
20596.8	2.4071239301003353
20598.4	0.07065393010033443
20600.1	-1.7361190698996656
20601.8	-1.9467980698996654
20603.4	-0.9280110698996656
20605.1	0.9852264901003345
20606.8	1.9223304301003346
20608.4	0.8808618301003346
20610.1	-0.5940600698996654
20611.8	-2.9296678298996652
20613.4	-3.504157069899665
20615.1	-2.189848069899666
20616.8	0.16141353010033424
20618.5	2.362501930100335
20620.1	3.7132952301003344
20621.8	3.213172630100334
20623.5	1.942997630100334
20625.1	0.9844832301003346
20626.8	1.4524565301003343
20628.5	1.9721761301003347
20630.1	2.2073879301003343
20631.8	1.3993239301003348
20633.5	-0.1954575698996658
20635.1	-0.9631850698996655
20636.8	-1.6269463698996656
20638.5	-1.7507960698996654
20640.1	-1.5968214698996657
20641.8	-1.5515460698996653
20643.5	-2.985561169899666
20645.1	-3.9562704698996667
20646.8	-4.315847069899666
20648.5	-3.8480334298996643
20650.1	-3.3203900698996653
20651.8	-2.5533000698996657
20653.5	-2.5559910698996657
20655.1	-2.713471469899667
20656.8	-2.955227769899666
20658.5	-2.8932990698996663
20660.2	-2.7307130698996653
20661.8	-1.8291120598996653
20663.5	-1.3846250698996658
20665.2	-1.0555630698996659
20666.8	-0.9948020698996661
20668.5	-1.9956750698996655
20670.2	-2.9647050698996655
20671.8	-3.7396621698996655
20673.5	-4.5472199698996665
20675.2	-5.335307469899666
20676.8	-5.381238069899666
20678.5	-5.922307269899665
20680.2	-5.293834069899665
20681.8	-3.930750769899666
20683.5	-1.9753100698996655
20685.2	-0.5412878748996659
20686.8	0.8359902301003338
20688.5	0.07427530010033463
20690.2	-0.9373170698996658
20691.8	-2.719067569899665
20693.5	-2.7919570698996656
20695.2	-1.5602889698996651
20696.8	-0.1405050698996661
20698.5	0.8415229301003345
20700.2	1.1872619301003344
20701.8	0.6991061301003343
20703.5	0.116915930100334
20705.2	-0.9640719398996657
20706.9	-1.392467669899666
20708.5	-1.0550276698996657
20710.2	-0.8118740698996654
20711.9	-0.9221170698996651
20713.5	-0.523050069899666
20715.2	-1.1340404698996658
20716.9	-1.9789770698996658
20718.5	-2.5342470698996657
20720.2	-3.5764958698996656
20721.9	-3.512733369899666
20723.5	-2.6926770698996654
20725.2	-2.217716069899666
20726.9	-1.1963700698996655
20728.5	-0.010949369899666017
20730.2	0.41601313010033447
20731.9	0.5395079301003343
20733.5	-0.04205510989966599
20735.2	0.26016073010033475
20736.9	-0.23316076989966578
20738.5	-0.15860606989966536
20740.2	-0.6398168698996657
20741.9	-1.0008380698996653
20743.5	-0.6804050698996658
20745.2	-0.5404113698996657
20746.9	-0.18825716989966548
20748.5	1.2156208101003352
20750.2	1.2948922301003343
20751.9	1.1321119301003346
20753.6	1.1583721301003334
20755.2	1.3574499301003344
20756.9	2.5571969301003343
20758.6	3.3201119301003343
20760.2	4.151392930100334
20761.9	4.054585730100335
20763.6	4.0485419301003365
20765.2	4.407152930100333
20766.9	4.890019780100333
20768.6	4.4364949301003325
20770.2	4.495904930100335
20771.9	1.7665298301003347
20773.6	-0.31791846989966566
20775.2	-2.4213530698996655
20776.9	-3.6942983698996654
20778.6	-2.2467788698996656
20780.2	-0.6531017698996655
20781.9	0.24550593010033417
20783.6	1.4818489301003346
20785.2	-0.2079940698996662
20786.9	-2.710470069899666
20788.6	-4.428242069899666
20790.2	-6.438671069899667
20791.9	-5.972297069899666
20793.6	-5.3369807298996665
20795.2	-3.9718607698996657
20796.9	-2.955043969899666
20798.6	-2.543464069899666
20800.3	-1.9823750698996654
20801.9	-0.9921170698996657
20803.6	-0.14214036989966528
20805.3	1.5134918301003344
20806.9	2.2001830301003347
20808.6	2.853057930100334
20810.3	2.4066890301003347
20811.9	1.5751589301003344
20813.6	1.4405491301003346
20815.3	1.2596089301003341
20816.9	0.7359909301003347
20818.6	1.6575639301003349
20820.3	2.558277930100334
20821.9	3.059519930100335
20823.6	2.0966399301003347
20825.3	0.2767425301003346
20826.9	-2.2614349698996654
20828.6	-4.150621069899667
20830.3	-4.235083069899666
20831.9	-2.0855350698996653
20833.6	0.3037872901003347
20835.3	2.2196987301003346
20836.9	2.136644330100334
20838.6	0.39966753010033446
20840.3	-1.1379410698996657
20842.0	-2.1938762698996657
20843.6	-2.946334769899665
20845.3	-2.4106408698996655
20847.0	-2.539528169899665
