0.0	0.7884936386712297
1.66789	0.5609630956922295
3.33578	0.4775372186032296
5.00367	0.0980534589732297
6.67156	0.003630623763229701
8.33945	-0.1488707595567702
10.0073	0.0110259310432297
11.6752	-0.1121107815267702
13.3431	0.0291123905732297
15.011	-0.0877906522667702
16.6789	0.055821750323229696
18.3468	-0.0555366709167701
20.0147	0.0958827795332297
21.6826	-0.028142699476770304
23.3505	0.1011580486732297
25.0183	-0.0364672388967702
26.6862	0.0774965406132297
28.3541	-0.0647729252667702
30.022	0.0509473294032297
31.6899	-0.050553286416770205
33.3578	0.08705084594322961
35.0257	0.004799641633229702
36.6936	0.17374544834322958
38.3615	0.09327438365222959
40.0294	0.2917892161732296
41.6972	0.2715963999662296
43.3651	0.5422911609132297
45.033	0.6066221400042295
46.7009	0.8442551126732296
48.3688	0.7062469654532297
50.0367	0.7916516907932296
51.7046	0.4700914920132297
53.3725	0.4632944621202297
55.0404	0.19238024029322962
56.7083	0.2754129270232296
58.3761	0.2373637617632296
60.044	0.4361803592532296
61.7119	0.30681136033322975
63.3798	0.4739715126032296
65.0477	0.2859093439032297
66.7156	0.40290492977322956
68.3835	0.2226950864632297
70.0514	0.24447851924522981
71.7193	0.056529308577229806
73.3871	0.0741694794532297
75.055	-0.2069767099907701
76.7229	-0.011963353906770308
78.3908	0.3083590628112299
80.0587	0.8627860064532296
81.7266	0.9768501447032294
83.3945	1.1256483593832298
85.0624	0.9715413433072297
86.7303	1.0180743112232298
88.3982	0.7359435103192296
90.066	0.7381690803162296
91.7339	0.5698904905822298
93.4018	0.5209867433752295
95.0697	0.1599922191732297
96.7376	0.0612926668132296
98.4055	-0.0137329591067702
100.073	0.1450585264162297
101.741	-0.041509752966770196
103.409	-0.006788885866770299
105.077	-0.20213875997677022
106.745	-0.1281827393967702
108.413	-0.1944402137667702
110.081	-0.013966320409770201
111.749	-0.0523140797167703
113.417	0.1205940815832297
115.084	0.03222204716322981
116.752	0.1554803763232298
118.42	0.013170519593229693
120.088	0.09202111580322969
121.756	-0.1036092240967703
123.424	-0.02497421321677029
125.092	-0.2090667477467702
126.76	-0.0900271336467703
128.428	-0.2022286992267702
130.095	-0.004479077236770199
131.763	-0.059719063429770194
133.431	0.1035513506032297
135.099	-0.0486447646067703
136.767	0.052396238873229695
138.435	-0.1253519592967701
140.103	-0.027094099176770296
141.771	-0.16224550401677018
143.439	0.0052290846332297
145.106	-0.0845912612067702
146.774	0.054248472223229705
148.442	-0.0641269803667702
150.11	0.0588713259832296
151.778	-0.0752155832867702
153.446	0.0413241668032296
155.114	-0.1025194297367702
156.782	0.0007052265332296997
158.45	-0.1622736192367702
160.117	-0.0845476491937703
161.785	-0.24489674413777018
163.453	-0.1371353394667703
165.121	-0.2186070737287702
166.789	-0.021275693230770304
168.457	-0.057693229066770296
170.125	0.1133858715232296
171.793	0.0835757001412297
173.461	0.2382684971272297
175.128	0.14131385359722962
176.796	0.44816501736322967
178.464	0.8604759398432297
180.132	1.5521626882032296
181.8	1.9586178425252296
183.468	2.19101337904623
185.136	1.8445716104672296
186.804	1.4515342376932294
188.472	0.6957568861832296
190.139	0.2611365356932296
191.807	0.0725767082832296
193.475	0.2155020769632297
195.143	0.2437754518744297
196.811	0.5096073292552296
198.479	0.9275637278132297
200.147	1.6150834035082293
201.815	2.58562049061323
203.483	4.25156153415323
205.15	6.119934936443229
206.818	7.950266578143231
208.486	8.48355237944323
210.154	8.11712763308823
211.822	7.050301806093229
213.49	5.503520073733229
215.158	3.791344579043229
216.826	2.6395850696782293
218.494	1.6318786323332297
220.161	1.1189825761032295
221.829	0.2623999997232296
223.497	-0.09346244212777033
225.165	-0.1996546459267703
226.833	-0.001575708160770406
228.501	-0.12002413749677028
230.169	-0.045166735277770306
231.837	-0.1804756366667704
233.505	0.1277590704322296
235.172	0.7096302630432297
236.84	2.3419425197732293
238.508	4.656580359913229
240.176	7.717930597043229
241.844	9.832946166433226
243.512	10.827488281713226
245.18	9.855067600513227
246.848	7.77502828762323
248.516	5.10131460964323
250.183	3.20119389604323
251.851	1.90471431405323
253.519	1.72451121446323
255.187	1.6125634579532298
256.855	1.7076071715632297
258.523	1.4785146277432295
260.191	1.3515505004622295
261.859	0.9201645068122297
263.527	0.8915402602892297
265.194	0.7510359452532296
266.862	1.1742703293101295
268.53	1.3688053474342299
270.198	1.7975261529332294
271.866	1.7823378387092297
273.534	1.6648552764232298
275.202	1.1796589760232297
276.87	1.0779565842832295
278.538	0.8376398330432298
280.205	1.1024371069432293
281.873	1.1135985203562297
283.541	1.2578029501772297
285.209	1.1018216043572298
286.877	1.0257861193032296
288.545	0.7009836733162296
290.213	0.6178317787262297
291.881	0.4595322644882297
293.549	0.4232449867622297
295.216	0.4617075079132298
296.884	0.7403429191682297
298.552	0.8628265770932295
300.22	1.2041556180132296
301.888	1.6051401534902296
303.556	2.4396107296792295
305.224	3.3776033731782293
306.892	5.2811686434932295
308.56	7.103489604183231
310.227	9.37415891552323
311.895	10.80909455657323
313.563	13.18704328554323
315.231	16.881197945443226
316.899	20.876355282843228
318.567	22.563107895843228
320.235	23.170337527043223
321.903	20.78933262887323
323.571	17.82213078114323
325.238	13.91802243434323
326.906	10.892196561243232
328.574	8.976282807033227
330.242	7.49621819597323
331.91	4.9414991046532295
333.578	3.5943644805952286
335.246	2.9089003836132292
336.914	3.5174032824932295
338.582	4.29186545912323
340.25	5.395921126957231
341.917	6.072942102753231
343.585	6.2076617877432305
345.253	5.585163190063229
346.921	4.643815065113229
348.589	3.2427003949332303
350.257	2.253292526558229
351.925	1.2532723229232294
353.593	0.9974653671632296
355.261	0.8003714020122298
356.928	0.7669870391832296
358.596	0.5450638281042296
360.264	0.5923587806432298
361.932	0.3330081664972195
363.6	0.4022071436232296
365.268	0.22032161515322968
366.936	0.4828734523532295
368.604	0.5134505931032297
370.272	1.0521247386532298
371.939	1.2612596875132294
373.607	3.6894768029032297
375.275	7.22980329628323
376.943	10.870911157503231
378.611	13.07653812904323
380.279	13.215242324343231
381.947	10.654113011443231
383.615	7.21111532323323
385.283	3.1440009738532293
386.95	1.0199169459332298
388.618	0.38211674589322964
390.286	0.2416237295932298
391.954	0.10726500333322969
393.622	0.3679828855732295
395.29	0.6182504587332298
396.958	1.0797739969732296
398.626	1.8343799841132298
400.294	2.82415102732923
401.961	3.3508800143132302
403.629	3.787906751083229
405.297	3.393862932804229
406.965	2.9546924764432303
408.633	2.0593132769332296
410.301	1.5795848330532294
411.969	1.3774187571032295
413.637	1.6811015454332299
415.305	1.3775867019732297
416.972	1.2950690136532297
418.64	0.6306796696172295
420.308	0.3836285254532297
421.976	-0.17055677886677018
423.644	-0.1018124157067703
425.312	-0.2363563459467702
426.98	0.006962782983229693
428.648	-0.1353604083867703
430.316	0.022960030313229712
431.983	-0.18482902313477018
433.651	-0.0212032347667704
435.319	-0.16818328633777022
436.987	0.0620361787532298
438.655	-0.0032016339667703
440.323	0.2387786849032297
441.991	0.1145590174032297
443.659	0.2559981544432296
445.327	-0.0060400154637704
446.994	0.0717577025872296
448.662	-0.14710566505477018
450.33	0.045265967502229595
451.998	-0.0757341851857703
453.666	0.1564899407432297
455.334	0.051972338245229704
457.002	0.2353642292432296
458.67	0.0646311655332297
460.338	0.2548561346532296
462.005	0.0975429403854896
463.673	0.33890583231922966
465.341	0.1584868312298496
467.009	0.3079912039772297
468.677	0.051351623633229704
470.345	0.1656880804572295
472.013	-0.0794179016467703
473.681	0.1241319880332297
475.349	-0.0084731465867703
477.016	0.3417285862832298
478.684	0.18502207606322968
480.352	0.5142183236612294
482.02	0.5914008850332296
483.688	1.0478991895232297
485.356	0.7641002982422295
487.024	2.801034399519229
488.692	7.75844085727383
490.36	12.555336379753228
492.027	16.02250166076323
493.695	16.642095854653228
495.363	13.502925018893231
497.031	8.857858842053227
498.699	3.3610753152732293
500.367	-0.26306003207677037
502.035	-0.2882345887967702
503.703	-0.10090069404677039
505.371	-0.1291403066257702
507.038	-0.0019061318297703966
508.706	-0.06149123715577029
510.374	0.024969356334229698
512.042	-0.0752350161517703
513.71	0.0461525876132297
515.378	-0.0408240073627703
517.046	0.05464283254762979
518.714	-0.1148611423387703
520.382	-0.07313142482577029
522.049	-0.2617384627737702
523.717	-0.13668021286677018
525.385	-0.14980370288677028
527.053	0.2242108691822296
528.721	0.6734775462292296
530.389	2.15378020020323
532.057	3.962965773833229
533.725	5.848487454793229
535.393	6.677360820523228
537.06	6.675254011593229
538.728	5.26148126284323
540.396	3.50417922620323
542.064	1.5170859773172292
543.732	0.4871278087132297
545.4	-0.0302210494797703
547.068	-0.023489469531770307
548.736	-0.2355735312767702
550.404	-0.0763108698167703
552.072	-0.1612828878417702
553.739	-0.05263933691677031
555.407	-0.1966706544467702
557.075	-0.0917833120081703
558.743	-0.2314707494917702
560.411	-0.0788416882616703
562.079	-0.1761226619347702
563.747	-0.011824833476770297
565.415	-0.1117368433067702
567.083	0.025184132023229697
568.75	-0.09507121532677021
570.418	0.0240351356532297
572.086	-0.1345863871767702
573.754	0.014446253578229599
575.422	-0.1383069696867703
577.09	-0.023236019052770295
578.758	-0.1951751030667702
580.426	-0.09913065591677031
582.094	-0.2865671667167703
583.761	-0.1762661126707703
585.429	-0.32553542966477017
587.097	-0.1127698572077703
588.765	-0.1676544823467702
590.433	0.0486526744132297
592.101	-0.032766631396770204
593.769	0.1176415827082296
595.437	-0.039863605066770204
597.105	0.029409985973229698
598.772	-0.18418955584677033
600.44	-0.1067885712667703
602.108	-0.2730589126567702
603.776	-0.1434339743567703
605.444	-0.24319649510677022
607.112	-0.0794300064567702
608.78	-0.18261537235677022
610.448	-0.0494514744367702
612.116	-0.1774825923467702
613.783	-0.0309875602267703
615.451	-0.14576160504677022
617.119	-0.007613776567770292
618.787	-0.1397729068157702
620.455	-0.038029024312770304
622.123	-0.1878315037587702
623.791	-0.06955917093777031
625.459	-0.19276151887777018
627.127	-0.0450758213107704
628.794	-0.0681148336217702
630.462	0.1630217564132296
632.13	0.39813226660322976
633.798	0.9493340922832295
635.466	1.1950305578902298
637.134	1.5695658936232297
638.802	1.41734397708323
640.47	1.2109820712432295
642.138	0.7101183409542295
643.805	0.4089240905932296
645.473	0.045758083973229696
647.141	0.1031788000302297
648.809	-0.020445927045770293
650.477	0.17233182603322977
652.145	0.1644070203592297
653.813	0.3329051656292296
655.481	0.6319385560282296
657.149	1.3935587847072297
658.816	2.30305387475323
660.484	4.01767744043323
662.152	5.22959527929323
663.82	6.289560095343228
665.488	6.0130562480732275
667.156	5.07194368475323
668.824	3.4320137383532305
670.492	2.19984607365023
672.16	1.1549561713932297
673.827	1.1430907786442297
675.495	0.8603881928662298
677.163	0.8962063439132297
678.831	0.20651746446322977
680.499	0.10057657818222969
682.167	0.6440786682832299
683.835	1.7926473803932295
685.503	2.9236247752532303
687.171	3.8121437593932295
688.838	3.543836796873229
690.506	2.8973459403262303
692.174	1.7294680030652294
693.842	0.8167534728222295
695.51	0.4623943451632296
697.178	0.4689483586732296
698.846	0.29243315860822977
700.514	0.3906805113532297
702.182	0.2252426032632297
703.849	0.3312053862132297
705.517	0.16454188256222968
707.185	0.2923224935732296
708.853	0.1535581087514297
710.521	0.2743976222572296
712.189	0.1309213071592297
713.857	0.2513169660432296
715.525	0.0720514920102297
717.193	0.1523240318472296
718.86	-0.028484179346770302
720.528	0.0742513814732296
722.196	-0.0634873443667702
723.864	0.0929188596832296
725.532	0.005184490253229701
727.2	0.20454249230322952
728.868	0.1378918458232297
730.536	0.3043002751112296
732.204	0.1804851717132297
733.871	0.3046171211732296
735.539	0.1322904276832297
737.207	0.2304947906132296
738.875	0.0691798497332297
740.543	0.1943374792632296
742.211	0.0717198530832296
743.879	0.2202400263832296
745.547	0.0922761005732296
747.215	0.2151382743532296
748.882	0.049917580513229705
750.55	0.1428368262902295
752.218	-0.0215450216767702
753.886	0.09785064174322959
755.554	-0.023494551564770295
757.222	0.1320971917032296
758.89	0.021815910760229706
760.558	0.1569396228192296
762.226	0.011954878993229702
763.894	0.1189361309632296
765.561	-0.048590833946770204
767.229	0.0450311943932296
768.897	-0.12520474615677019
770.565	-0.022215848516770303
772.233	-0.1757484544367702
773.901	-0.0477015255067703
775.569	-0.1734123996867702
777.237	-0.013443010186770299
778.905	-0.13055842418677022
780.572	0.0180678603432297
782.24	-0.1085651802467702
783.908	0.0310626229832297
785.576	-0.10195259885677019
787.244	0.0272074580732297
788.912	-0.1258053203967702
790.58	-0.003447873766770297
792.248	-0.1596239914267703
793.916	-0.0266929284367703
795.583	-0.1482106757567702
797.251	0.015588615553229702
798.919	-0.0822069045467702
800.587	0.0773707145822296
802.255	-0.058050654936770196
803.923	0.053251930443229706
805.591	-0.10117143285677019
807.259	0.0219606767732297
808.927	-0.09875495644677021
810.594	0.0485475761852296
812.262	-0.0711466373617702
813.93	0.06394654800422961
815.598	-0.0849493772867702
817.266	0.023028001273229598
818.934	-0.1112084072667702
820.602	0.02338842956822959
822.27	-0.0954404716047702
823.938	0.0363993598742296
825.605	-0.1055665805767702
827.273	0.017164275443229758
828.941	-0.1276224430667701
830.609	-0.007025180516770299
832.277	-0.1417497462867702
833.945	-0.021278766856770298
835.613	-0.1644149447167702
837.281	-0.0430727376467703
838.949	-0.1874223216867702
840.616	-0.0651668479067702
842.284	-0.1953166159667702
843.952	-0.0599768779567702
845.62	-0.1734392246967702
847.288	-0.040141245716770205
848.956	-0.1742136488667702
850.624	-0.0631573669867703
852.292	-0.2259189258467703
853.96	-0.1456822899967702
855.627	-0.3050736811937702
857.295	-0.2722195333967702
858.963	-0.4525422627767701
860.631	0.03908015607622971
862.299	0.2559744024392297
863.967	0.8050038682732297
865.635	0.8812395455732296
867.303	1.0391767057932297
868.971	0.8770033287732296
870.638	0.9718552223832296
872.306	0.7329235178332296
873.974	1.0282975835312296
875.642	0.8397830123042296
877.31	0.8045892130252295
878.978	0.3779204710402297
880.646	0.30366080767322967
882.314	0.0928611709332296
883.982	0.22874650403322971
885.649	0.11125495926322959
887.317	0.24396975148422959
888.985	0.0962754508532296
890.653	0.2087056354832295
892.321	0.0544437626432296
893.989	0.1834440446532296
895.657	0.0724199997032296
897.325	0.21866516359322968
898.993	0.1103056869232296
900.66	0.2514223001532296
902.328	0.12285193774322961
903.996	0.24213120255722959
905.664	0.0913952960632296
907.332	0.1923062629762296
909.0	0.047831852203229705
910.668	0.1424394885232296
912.336	0.007133589703229699
914.004	0.1404453377532296
915.671	0.0434460844432297
917.339	0.19787168122322962
919.007	0.1176622252632296
920.675	0.2516139719112296
922.343	0.1416468056932296
924.011	0.23766340610002962
925.679	0.1053647856932296
927.347	0.2041801742882296
929.015	0.0795767848932297
930.682	0.17133206120322958
932.35	0.06856637318322979
934.018	0.1625258971682296
935.686	0.11373066849922969
937.354	0.27638989424322963
939.022	0.2869382517332297
940.69	0.46716872460322967
942.358	0.5511073272542297
944.026	0.6672388710172297
945.693	1.2601026176442296
947.361	2.9737293126208297
949.029	5.53489585524623
950.697	8.71000314915323
952.365	10.274648821025231
954.033	10.530533562593229
955.701	8.72575471697323
957.369	6.087849233663229
959.037	3.2267461024432293
960.704	2.4184999173432296
962.372	4.416858606003231
964.04	7.653108143387231
965.708	9.639020264793228
967.376	10.462990555853233
969.044	8.598094772503229
970.712	5.92456521444323
972.38	2.52426654468323
974.048	0.0471844841832296
975.715	-0.4980635677267702
977.383	-0.2443291034667703
979.051	-0.3918017484767703
980.719	-0.1842613924767703
982.387	-0.3343128331767702
984.055	-0.1698638157567703
985.723	-0.3402107895987703
987.391	-0.1802449979727703
989.059	-0.3263302858367702
990.727	-0.1465039456567703
992.394	-0.2938690619367702
994.062	-0.0791938848667703
995.73	-0.1297778958467703
997.398	0.2209242428332298
999.066	0.48595182447322977
1000.73	1.19230175715323
1002.4	1.74674085527323
1004.07	2.44660871837323
1005.74	2.601196771093229
1007.41	2.74406650517323
1009.07	2.26642869549323
1010.74	1.8655095058332296
1012.41	1.19529109967123
1014.08	0.8602362981852296
1015.74	0.4201166747642296
1017.41	0.3770778984532297
1019.08	0.1033533575932297
1020.75	0.2279607545332296
1022.42	0.0760384808132297
1024.08	0.2330041503832296
1025.75	0.0675320462532295
1027.42	0.19160156452322968
1029.09	-0.0112067767167702
1030.76	0.09505316536322969
1032.42	-0.0924548606067703
1034.09	0.07492124573322981
1035.76	-0.040849779811770306
1037.43	0.1593867882382297
1039.1	0.014076897543229591
1040.76	0.1103365712932298
1042.43	-0.0942844953907703
1044.1	0.023299393823229604
1045.77	-0.2234653814767702
1047.43	-0.0254965658967702
1049.1	-0.2624410879657702
1050.77	-0.1017115552777703
1052.44	-0.3104474179097702
1054.11	-0.1643954233350702
1055.77	-0.3564057231267702
1057.44	-0.1233946047617702
1059.11	-0.3196460326267701
1060.78	-0.045653406866770205
1062.45	-0.2782411112867702
1064.11	-0.058374675136770304
1065.78	-0.2520693926567702
1067.45	1.0512150645232297
1069.12	2.69819326116323
1070.79	4.472173289703229
1072.45	5.48827300903323
1074.12	5.579263517863229
1075.79	4.24033579727323
1077.46	2.797921458400229
1079.12	0.8824557019652297
1080.79	0.1924001520532296
1082.46	0.0710032877792296
1084.13	0.0873057737082297
1085.8	-0.0368550402567703
1087.46	0.028566019183229693
1089.13	-0.10457039706877021
1090.8	0.009903837921229702
1092.47	-0.1071835279667701
1094.14	0.0288007601532297
1095.8	-0.0743391489467702
1097.47	0.0526956601532297
1099.14	-0.0489907269767703
1100.81	0.0422484491332297
1102.48	0.1012573774652297
1104.14	0.7880813162572295
1105.81	1.3273470821432296
1107.48	1.9802466646032295
1109.15	2.04011210656323
1110.81	1.8832208036262301
1112.48	1.1818025429622296
1114.15	0.6380457266752296
1115.82	-0.0087188105567702
1117.49	-0.0029320657267702995
1119.15	-0.10223395689877021
1120.82	0.0417028660812297
1122.49	-0.1314830509967702
1124.16	0.0023256707532297027
1125.83	-0.1514084144347702
1127.49	0.053696543538229696
1129.16	-0.1165303557767702
1130.83	0.1420852891632295
1132.5	1.5119295095272292
1134.17	4.28801427771623
1135.83	6.587939215980528
1137.5	8.335542269403229
1139.17	8.080803047403231
1140.84	6.659694967323229
1142.5	4.189411409369928
1144.17	1.8467948706999295
1145.84	0.42064495641322985
1147.51	0.3810616870432296
1149.18	0.05366389909922971
1150.84	0.06599243995322969
1152.51	0.016224954503229694
1154.18	0.5200863805532299
1155.85	0.7558493568632297
1157.52	1.0115693897432296
1159.18	0.7881869193832298
1160.85	0.6142521377932297
1162.52	0.11002535919322969
1164.19	-0.06317646798677021
1165.85	-0.3199788110567702
1167.52	-0.2299395340867702
1169.19	-0.40609709650177017
1170.86	-0.38125695590677
1172.53	-0.5779399907407702
1174.19	-0.4935070661427703
1175.86	-0.58122727602677
1177.53	-0.4296731462767702
1179.2	-0.5091329465267701
1180.87	-0.4106929210387702
1182.53	-0.5707221472167702
1184.2	-0.6160203826467703
1185.87	-0.3475876680967702
1187.54	1.7405207290432299
1189.21	3.788383195123229
1190.87	6.1458654128532295
1192.54	7.124823321623229
1194.21	6.99602407998323
1195.88	5.365862156707229
1197.54	3.509079318313229
1199.21	1.4348949263032296
1200.88	1.0708484769602293
1202.55	0.6212766802262296
1204.22	0.7207593416132296
1205.88	0.4342566776432297
1207.55	0.5787773804902296
1209.22	0.29151479498322974
1210.89	0.3371976142432296
1212.56	0.1583500766932297
1214.22	0.3040620531532295
1215.89	0.21260287503322972
1217.56	0.3832729273032296
1219.23	0.2355285043532297
1220.9	0.3167192904242295
1222.56	0.09424738794322969
1224.23	0.1549591261532296
1225.9	-0.003983034366770298
1227.57	0.14363675645122959
1229.23	0.020626032073229703
1230.9	0.17324127576222959
1232.57	0.027394402693229694
1234.24	0.14468005718772958
1235.91	-0.011768053376770303
1237.57	0.1190513280032296
1239.24	-0.038331980626770304
1240.91	0.1134224904732296
1242.58	-0.0354468138367703
1244.25	0.11938782367822959
1245.91	-0.021123348916770403
1247.58	0.1435955683032296
1249.25	0.0231436816032297
1250.92	0.4078381912932297
1252.59	0.5383514701432296
1254.25	0.8648191638242297
1255.92	0.8029678425632296
1257.59	0.8429524623672298
1259.26	0.4446543658932296
1260.92	0.3363104014132296
1262.59	-0.07492751601677029
1264.26	-0.010298102116770298
1265.93	-0.1191520828367702
1267.6	0.010173283873229702
1269.26	-0.1139850990767703
1270.93	0.033803926203229806
1272.6	-0.1082513755767703
1274.27	0.014899142233229697
1275.94	-0.1371399591867703
1277.6	-0.0025136957767703002
1279.27	-0.14479662580677022
1280.94	0.0063938578332297
1282.61	-0.14439845443677018
1284.28	-0.006199346086770297
1285.94	-0.13822412791677008
1287.61	0.010492791893229601
1289.28	-0.0933009158067702
1290.95	0.0803326587132296
1292.61	-0.03724481673677041
1294.28	0.10907432446322951
1295.95	-0.0437640977767703
1297.62	0.0684418734432296
1299.29	-0.0833098173267702
1300.95	0.034167963203229595
1302.62	-0.10496355165677021
1304.29	0.0316997355932296
1305.96	-0.0971664037267702
1307.63	0.0374449936032296
1309.29	-0.0819583882867703
1310.96	0.0852671618032296
1312.63	-0.0247751857867703
1314.3	0.1336459928732296
1315.97	0.009884377703229703
1317.63	0.1505427989432296
1319.3	0.04073384862322969
1320.97	0.2363908095032296
1322.64	0.2764305033632298
1324.3	0.6233599830532295
1325.97	0.8364167728832297
1327.64	1.4397185620432298
1329.31	1.7384962526432297
1330.98	2.1264722679732304
1332.64	1.94937967580323
1334.31	1.7361851795332295
1335.98	1.1173598687632298
1337.65	0.7147960369932297
1339.32	0.1610363600732297
1340.98	0.1470812059052296
1342.65	0.010112400226529698
1344.32	0.1476882272412297
1345.99	0.0226197737936297
1347.65	0.2307069828462297
1349.32	0.1440995746162297
1350.99	0.3873715320882296
1352.66	0.2785962076272297
1354.33	0.3887829775432296
1355.99	0.1740750507332296
1357.66	0.1691958086232295
1359.33	-0.1614472495057702
1361.0	0.1507853465532296
1362.67	0.5166550204032296
1364.33	1.1301910213332296
1366.0	1.3986324013440294
1367.67	1.6333479575362297
1369.34	1.1984038289372296
1371.01	0.9598923044532296
1372.67	0.6212663929782296
1374.34	1.1917087190332298
1376.01	2.17530399373323
1377.68	3.0761395841032297
1379.34	3.31852300126323
1381.01	3.2025310838132297
1382.68	2.2719514269432297
1384.35	1.4321370798732298
1386.02	0.5078938187912296
1387.68	0.2690112676662297
1389.35	0.15331190184322968
1391.02	0.2304447239532296
1392.69	0.054511383553229605
1394.36	0.1270677899232297
1396.02	-0.011528310046770296
1397.69	0.1338782632432298
1399.36	-0.021737324186770303
1401.03	0.12396304363622979
1402.7	-0.048591101256770304
1404.36	0.024688517173229695
1406.03	-0.1446037178467702
1407.7	-0.0662550770967702
1409.37	-0.18775360968677018
1411.03	-0.0191412074267704
1412.7	-0.12412268267377019
1414.37	0.008607477812229702
1416.04	-0.0860448335267702
1417.71	0.0791147304632296
1419.37	-0.0253677043267703
1421.04	0.1216476368132297
1422.71	-0.011602865776770298
1424.38	0.0629063968832297
1426.05	-0.0871302275367703
1427.71	0.0035983140132297003
1429.38	-0.1454540135326702
1431.05	0.0220995235032298
1432.72	-0.06372142334677029
1434.39	0.08069188686622972
1436.05	-0.0083014628877702
1437.72	0.0802520724732298
1439.39	-0.03782532419677029
1441.06	0.17068700291122985
1442.72	0.7790100275332297
1444.39	2.57418371048323
1446.06	3.8551992405432296
1447.73	5.0251986515932305
1449.4	4.898492617093229
1451.06	4.035130302793229
1452.73	2.4357719100972295
1454.4	1.1004439153832297
1456.07	-0.0050209557067703026
1457.74	0.16651444699422968
1459.4	-0.0600698936437703
1461.07	0.056764130473229674
1462.74	-0.1561302899167703
1464.41	-0.015037048946770298
1466.08	-0.1611967518167703
1467.74	0.005620404573229709
1469.41	-0.16798770463677037
1471.08	0.1061984442932297
1472.75	1.52526352909323
1474.41	3.84916837428323
1476.08	5.57195403535323
1477.75	6.77281002549323
1479.42	6.209216020513231
1481.09	4.741629086013229
1482.75	2.62546810665323
1484.42	0.8028898362232297
1486.09	0.0503410574832297
1487.76	0.39527609714322964
1489.43	0.3059994526432296
1491.09	0.6080031732022296
1492.76	1.7977141794732296
1494.43	4.2756817567232295
1496.1	6.351347910963229
1497.76	8.334702621563228
1499.43	8.68658908052323
1501.1	7.897697512233228
1502.77	5.8590193238432295
1504.44	3.62715866948123
1506.1	1.7323391451432297
1507.77	1.1499018599632294
1509.44	0.3003001951032297
1511.11	0.1127541549632297
1512.78	-0.1851360501477702
1514.44	-0.0425003021967703
1516.11	-0.2173698571217702
1517.78	-0.0395422811307703
1519.45	-0.2366861683067702
1521.12	-0.0818549398497702
1522.78	-0.3049484791415801
1524.45	-0.1602477537967702
1526.12	-0.3492746309867702
1527.79	-0.1453779091267702
1529.45	-0.2725990660667701
1531.12	-0.05406204863677021
1532.79	-0.2421836969587702
1534.46	0.0085007252532296
1536.13	-0.1323946031767702
1537.79	0.15614647819322958
1539.46	0.10551647597322969
1541.13	0.5380318728222298
1542.8	0.7451991101802297
1544.47	1.7688961305332298
1546.13	2.75023650711423
1547.8	4.124296214861229
1549.47	4.725713714912731
1551.14	4.876284521733229
1552.81	3.9370389454532297
1554.47	2.84157297521323
1556.14	1.2571718099732299
1557.81	0.4296622797536296
1559.48	-0.3130876498767703
1561.14	-0.45538649161677025
1562.81	-0.6092595466367703
1564.48	-0.3869823413967704
1566.15	-0.3412628314967703
1567.82	0.038971734153229604
1569.48	-0.022872786612770292
1571.15	0.19671985166322958
1572.82	-0.0662479857067703
1574.49	-0.08371660864677019
1576.16	-0.3422495969967701
1577.82	-0.2250587840967703
1579.49	-0.43811254839677016
1581.16	-0.2849449173667703
1582.83	-0.48975405586677023
1584.5	-0.35964332022577006
1586.16	-0.6203126767367703
1587.83	-0.5133224636277702
1589.5	-0.8261516342007702
1591.17	-0.7189030966667702
1592.83	-1.0056034155887703
1594.5	-0.8965883053627703
1596.17	-0.9761893890367701
1597.84	-0.09798597466677039
1599.51	0.8111909474832302
1601.17	5.270701871783229
1602.84	12.11187361034323
1604.51	20.659805591753226
1606.18	26.72500772234323
1607.85	28.824101692713235
1609.51	25.318041112243233
1611.18	18.80672729744323
1612.85	10.270917281723227
1614.52	4.46929882935323
1616.19	1.2466790191632295
1617.85	1.6026606385632298
1619.52	2.9394575056532304
1621.19	4.39740673480923
1622.86	5.491620298353228
1624.52	5.749476873363228
1626.19	4.72214505584523
1627.86	3.49226685245323
1629.53	1.8174321477432294
1631.2	0.9677399710432295
1632.86	0.9281063812232296
1634.53	0.8459115342622296
1636.2	0.7314724201532297
1637.87	0.7335178777632296
1639.54	0.6252266399132297
1641.2	0.6469192231932296
1642.87	0.5940695575082295
1644.54	0.6213935028332296
1646.21	0.4800415962332296
1647.88	0.4740668316632296
1649.54	0.32267571491322955
1651.21	0.3996311632932296
1652.88	0.30845950519322957
1654.55	0.4425276397032298
1656.21	0.4187200006732297
1657.88	0.5149454236532297
1659.55	0.38056619398322955
1661.22	0.3765768812332295
1662.89	0.3435665217232296
1664.55	0.6675262202332299
1666.22	0.8756742916632296
1667.89	1.2413593499612294
1669.56	1.24740701962623
1671.23	1.2306065235134298
1672.89	0.8712277371912296
1674.56	0.6159569751532296
1676.23	0.3568014652032296
1677.9	0.5722067109722297
1679.56	0.6237444887932297
1681.23	0.9580831256332297
1682.9	1.1634004943452299
1684.57	1.9591354325212296
1686.24	3.0958337752012297
1687.9	3.9146537098332295
1689.57	3.870264234573229
1691.24	3.892113940003229
1692.91	2.779303811913229
1694.58	2.01945774449323
1696.24	1.1265804016032295
1697.91	0.7902023586332297
1699.58	0.7617209640432296
1701.25	0.8232972312432296
1702.92	0.2322127589032296
1704.58	0.46806126118322955
1706.25	0.2325775152832295
1707.92	0.4049891708432296
1709.59	0.2124018538062296
1711.25	0.34685870539522956
1712.92	0.1619504436478296
1714.59	0.3133988105442296
1716.26	0.15756312743322962
1717.93	0.3217967478932296
1719.59	0.1666352905432297
1721.26	0.31502707700222954
1722.93	0.16264907287322958
1724.6	0.29627473675392957
1726.27	0.1362833169232297
1727.93	0.3167736222102296
1729.6	0.1598654141232296
1731.27	0.3328086383572296
1732.94	0.1807813289832297
1734.61	0.31103833289322963
1736.27	0.19739148907322962
1737.94	0.3302369587032296
1739.61	0.1712400831732296
1741.28	0.3214375234332295
1742.94	0.12165532483322969
1744.61	0.23027990484742972
1746.28	0.061996560022229696
1747.95	0.2086881003832296
1749.62	0.1029457429562297
1751.28	0.2162221894032296
1752.95	0.05648691604522969
1754.62	0.14028537674022962
1756.29	-0.031178794788770198
1757.96	0.1085716104602296
1759.62	-0.0135616579367703
1761.29	0.1840471531552296
1762.96	0.08607814543322971
1764.63	0.22481024893222962
1766.3	0.0872803555742296
1767.96	0.2147954505487296
1769.63	0.052564223058229706
1771.3	0.1831841987182296
1772.97	0.0434635107542297
1774.63	0.18213381860322958
1776.3	0.0668499025772297
1777.97	0.2201623692942295
1779.64	0.0808182446832297
1781.31	0.2275681595452296
1782.97	0.0830952660942297
1784.64	0.2118295174832295
1786.31	0.08415528642322961
1787.98	0.21798260640322958
1789.65	0.0985947954932297
1791.31	0.2400462125232296
1792.98	0.1365120756332297
1794.65	0.2450746612832295
1796.32	0.27798134987322964
1797.99	0.8624062568913297
1799.65	1.3638429241732297
1801.32	2.32306536532323
1802.99	2.6080019523222298
1804.66	4.80721177109323
1806.32	7.657248589046329
1807.99	10.04016525750523
1809.66	11.258268538457228
1811.33	10.71544203657323
1813.0	7.96738906544323
1814.66	4.988756196583229
1816.33	1.4082340982272292
1818.0	-0.047158398346770394
1819.67	-0.07258980876677021
1821.34	0.020260047453229804
1823.0	-0.0528875486167702
1824.67	0.048705306923229705
1826.34	-0.08230683991677021
1828.01	0.008815280993229709
1829.68	-0.1106124348027702
1831.34	0.007341407623229698
1833.01	-0.1134529158367702
1834.68	-0.016167613156770295
1836.35	-0.1501855102467702
1838.01	-0.04040898258677031
1839.68	-0.1343008836367702
1841.35	0.025940979783229602
1843.02	-0.047017085866970204
1844.69	0.10806598052322959
1846.35	-0.019404325766770297
1848.02	0.0719516270732296
1849.69	-0.0820099534067702
1851.36	0.016616229333229704
1853.03	-0.09003975635677021
1854.69	0.0717489330232297
1856.36	-0.0282010929367703
1858.03	0.10801509056322961
1859.7	-0.0340629193967702
1861.36	0.05705315961322979
1863.03	-0.0918477434267702
1864.7	0.028972687283229697
1866.37	-0.0894720630067702
1868.04	0.0525001864532297
1869.7	-0.0641294373167702
1871.37	0.0600804855632297
1873.04	-0.0677685047167702
1874.71	0.0767455630032296
1876.38	-0.034879960956770296
1878.04	0.10643836449322969
1879.71	-0.026290312216770202
1881.38	0.0866490551732296
1883.05	-0.0572521508567702
1884.72	0.0741432681732297
1886.38	-0.0465773841567702
1888.05	0.1010496680632296
1889.72	-0.029939236276770198
1891.39	0.09468005897322959
1893.05	-0.0566618306467702
1894.72	0.0603555143132297
1896.39	-0.07188977405677019
1898.06	0.0744878886332296
1899.73	-0.028154485036770302
1901.39	0.13280194724322958
1903.06	0.0077028468532297015
1904.73	0.13015733224322962
1906.4	-0.0162381433177703
1908.07	0.0895450111432296
1909.73	-0.0454476317167703
1911.4	0.0708408911332296
1913.07	-0.0671437210067703
1914.74	0.0658147652932296
1916.41	-0.0773878355567702
1918.07	0.0391652791642297
1919.74	-0.0930746871167702
1921.41	0.040052369547229696
1923.08	-0.0688394533467702
1924.74	0.07327714969322971
1926.41	-0.0609540528081702
1928.08	0.0716863004802296
1929.75	-0.0834053876307702
1931.42	0.0184406174232297
1933.08	-0.1301046144337702
1934.75	0.007467432743229703
1936.42	-0.1104536910167702
1938.09	0.0451136215232297
1939.76	-0.0761127322867702
1941.42	0.0669116072932296
1943.09	-0.0696666366467702
1944.76	0.0580976133032297
1946.43	-0.0850200243967702
1948.1	0.0416326301232298
1949.76	-0.1097915418767702
1951.43	0.023664907483229698
1953.1	-0.10414296991677019
1954.77	0.0404838735032297
1956.43	-0.0783517391767702
1958.1	0.0672320313092296
1959.77	-0.0624089674267702
1961.44	0.0794046043477296
1963.11	-0.0653433658557702
1964.77	0.0676555444572296
1966.44	-0.0687984148947702
1968.11	0.0576200572752296
1969.78	-0.0762408820603702
1971.45	0.0681250113632296
1973.11	-0.0564516428667702
1974.78	0.08911273309322959
1976.45	-0.0449813220267702
1978.12	0.0878256631932295
1979.79	-0.0517502334667702
1981.45	0.0807708135132296
1983.12	-0.0579476769740702
1984.79	0.0769161603342296
1986.46	-0.0631954099187702
1988.12	0.0606645518082296
1989.79	-0.0782197331567702
1991.46	0.0515867021232296
1993.13	-0.0763089525667702
1994.8	0.07130862039322959
1996.46	-0.0311412526367702
1998.13	0.1310911094632297
1999.8	0.0033319834932296986
2001.47	0.1121255848532297
2003.14	-0.0480498862667702
2004.8	0.06397683620322979
2006.47	-0.0792798102467702
2008.14	0.06170517790322969
2009.81	-0.0579088204067702
2011.48	0.0827529140432297
2013.14	-0.0604115533867702
2014.81	0.0446650273832297
2016.48	-0.1155035965767702
2018.15	0.0114579010732297
2019.81	-0.13161069756677019
2021.48	-0.0019692554367703
2023.15	-0.14318233962677018
2024.82	0.0012092708532297006
2026.49	-0.11460129730677021
2028.15	0.0397531200232297
2029.82	-0.0723757994467702
2031.49	0.0836925803032296
2033.16	-0.0366844565267703
2034.83	0.1047694345532296
2036.49	-0.038127803646770306
2038.16	0.09027159349322961
2039.83	-0.060737647906060205
2041.5	0.0469277655572296
2043.16	-0.0950262790967702
2044.83	0.0439828712812296
2046.5	-0.0850100838267702
2048.17	0.051320281390229705
2049.84	-0.08843402693677019
2051.5	0.0447960862312297
2053.17	-0.0939968301167702
2054.84	0.031395531135329696
2056.51	-0.0896742459487702
2058.18	0.0547598646532296
2059.84	-0.0728832150387702
2061.51	0.0526536846732296
2063.18	-0.0846356591867702
2064.85	0.042358714693229604
2066.52	-0.0924717635877702
2068.18	0.034044605183229604
2069.85	-0.0982427155498702
2071.52	0.0324593183932297
2073.19	-0.0950615770347702
2074.85	0.034747558447229696
2076.52	-0.0866945123277702
2078.19	0.056242792833229596
2079.86	-0.056062881433770195
2081.53	0.09420644141322959
2083.19	-0.028367631219770297
2084.86	0.1018329589332296
2086.53	-0.0335809508557703
2088.2	0.0879954855632296
2089.87	-0.0615416360017702
2091.53	0.0587726058082296
2093.2	-0.0813309633067702
2094.87	0.0636870572582296
2096.54	-0.0448916720047703
2098.21	0.1091899242832296
2099.87	-0.006986549336770301
2101.54	0.13626490710322958
2103.21	-0.0039554337767703
2104.88	0.12463326204322961
2106.54	-0.0166608168367703
2108.21	0.1131537355232296
2109.88	-0.0223639702467703
2111.55	0.0991439272732296
2113.22	-0.0637728084167702
2114.88	0.052200215193229704
2116.55	-0.1041998700447702
2118.22	0.0196387357932297
2119.89	-0.12760540732877018
2121.56	0.007841953853229701
2123.22	-0.1202568424567702
2124.89	0.0334120098532298
2126.56	-0.0857104326967702
2128.23	0.0704159469232296
2129.9	-0.0586734233167702
2131.56	0.0839951243132296
2133.23	-0.051988685384770236
2134.9	0.0816691729082296
2136.57	-0.0491429389967702
2138.23	0.0926183112742297
2139.9	-0.0364213635857702
2141.57	0.0936216510532296
2143.24	-0.0536643734287702
2144.91	0.0639094084532296
2146.57	-0.0831242336867702
2148.24	0.0442605831532296
2149.91	-0.0924016249767702
2151.58	0.0528164210332296
2153.25	-0.0697747785967702
2154.91	0.0660062046432297
2156.58	-0.07239639621437019
2158.25	0.0563349780722296
2159.92	-0.09015032276677021
2161.59	0.0402809706252297
2163.25	-0.0955040936667702
2164.92	0.053867084617229645
2166.59	-0.0670602328017702
2168.26	0.0694255402782296
2169.92	-0.0717202399097702
2171.59	0.0427727119332296
2173.26	-0.10477778646677019
2174.93	0.0264036782832297
2176.6	-0.1063367029767702
2178.26	0.0348880771732297
2179.93	-0.0966113033567702
2181.6	0.0316678786732297
2183.27	-0.1051349448837702
2184.94	0.0310804898732297
2186.6	-0.0928558177167702
2188.27	0.0615948499262296
2189.94	-0.0632711248707702
2191.61	0.07471103197322959
2193.28	-0.06537204164577019
2194.94	0.061626077313229596
2196.61	-0.0815223232797702
2198.28	0.0524739819632296
2199.95	-0.0861018857967703
2201.61	0.0538360358992296
2203.28	-0.0821301054967702
2204.95	0.0586437105702296
2206.62	-0.08531869082277019
2208.29	0.0411866895632296
2209.95	-0.09733423357877019
2211.62	0.0499527117332295
2213.29	-0.06494967858827021
2214.96	0.08085094954322969
2216.63	-0.0475871854397702
2218.29	0.0763547140632298
2219.96	-0.0862437824067702
2221.63	0.0263489626032297
2223.3	-0.1041533105407702
2224.96	0.057366029037229704
2226.63	-0.031264858128070304
2228.3	0.1315430563632296
2229.97	0.016867937293229697
2231.64	0.1349753093102296
2233.3	-0.0306760381117702
2234.97	0.0570628507832296
2236.64	-0.1088428176097702
2238.31	0.007875834663229699
2239.98	-0.1247680783817702
2241.64	0.034643780883229704
2243.31	-0.0653622797327701
2244.98	0.0969704840562296
2246.65	-0.014814661886770303
2248.32	0.12124561260822961
2249.98	-0.021089112186770294
2251.65	0.1067439114502296
2253.32	-0.0371179768167703
2254.99	0.10098630099322961
2256.65	-0.0390957545867703
2258.32	0.0887539519332296
2259.99	-0.0501034447867702
2261.66	0.0741442300332296
2263.33	-0.0695921617267702
2264.99	0.0570093853332297
2266.66	-0.0737846461167702
2268.33	0.0659043094432296
2270.0	-0.0729067582167702
2271.67	0.0573032508732296
2273.33	-0.0813063251867702
2275.0	0.0514821064632297
2276.67	-0.0741195165967703
2278.34	0.0638786370412297
2280.01	-0.055938944906770205
2281.67	0.0900014964122296
2283.34	-0.047704040636770195
2285.01	0.07897820599322969
2286.68	-0.0606414973567702
2288.34	0.0689447705332296
2290.01	-0.0658375469017702
2291.68	0.0733664614232296
2293.35	-0.058481100122770205
2295.02	0.0916706927792296
2296.68	-0.0285024886857702
2298.35	0.1078924762232296
2300.02	-0.0322267489067702
2301.69	0.0910696101732297
2303.36	-0.06514188736677021
2305.02	0.053540039343229595
2306.69	-0.1064281846667703
2308.36	0.0174623740232296
2310.03	-0.11923460988677019
2311.7	0.0282049271957296
2313.36	-0.0820143507107702
2315.03	0.0942893942912296
2316.7	-0.021534150000770302
2318.37	0.1198011944652296
2320.03	-0.03439044368677029
2321.7	0.0800597177632296
2323.37	-0.0833336531667702
2325.04	0.0474778042132296
2326.71	-0.0846011508567702
2328.37	0.0699107031732296
2330.04	-0.0618536988367703
2331.71	0.0862072192232296
2333.38	-0.0552476455767703
2335.05	0.0790461020272296
2336.71	-0.0726756912067702
2338.38	0.0448420498532296
2340.05	-0.12350437151677021
2341.72	-0.0154466016767703
2343.39	-0.1907675835167702
2345.05	-0.0716568246107703
2346.72	-0.20543948751377022
2348.39	-0.039107327516770304
2350.06	-0.1081476613557702
2351.72	0.1076721478472296
2353.39	0.0183646263132297
2355.06	0.1812965041042296
2356.73	0.055865499229229704
2358.4	0.1904289215192296
2360.06	0.0576396918286297
2361.73	0.1932884022832296
2363.4	0.0521059095572297
2365.07	0.1654020739162296
2366.74	-0.013897039616770294
2368.4	0.0688934899032296
2370.07	-0.0808588625367702
2371.74	0.07789338162622961
2373.41	-0.0207635422277703
2375.07	0.1293173690532296
2376.74	-0.007540148566770301
2378.41	0.0934452034932296
2380.08	-0.0710030215367703
2381.75	0.028866872057229695
2383.41	-0.1137083821567702
2385.08	0.032429628140229705
2386.75	-0.0865477916067702
2388.42	0.0580144712772296
2390.09	-0.0644633006847702
2391.75	0.0826946876282296
2393.42	-0.0400737297867702
2395.09	0.0915481716032297
2396.76	-0.055610090456770206
2398.43	0.0638293758032296
2400.09	-0.09375066852677019
2401.76	0.0393823911532297
2403.43	-0.09320687958677021
2405.1	0.0539715729332296
2406.76	-0.0683640387418703
2408.43	0.0702752392622296
2410.1	-0.0698295904967703
2411.77	0.050888552632229606
2413.44	-0.0973206113367702
2415.1	0.0378716799532296
2416.77	-0.0946298064967702
2418.44	0.0474792818932296
2420.11	-0.0910621515067702
2421.78	0.0356462791932296
2423.44	-0.10444945984677019
2425.11	0.026208470377229603
2426.78	-0.09774142399077021
2428.45	0.0572587695832296
2430.12	-0.07361140617977019
2431.78	0.060942046773229605
2433.45	-0.0887932361977702
2435.12	0.0331586647792297
2436.79	-0.11335592170877021
2438.45	0.0202722608432297
2440.12	-0.1155890966667702
2441.79	0.0366238356811296
2443.46	-0.0915498531057702
2445.13	0.0541907155732296
2446.79	-0.0737859917467702
2448.46	0.0633782753932296
2450.13	-0.0760018989067702
2451.8	0.0584547636532296
2453.47	-0.0953548594223702
2455.13	0.0350581965592296
2456.8	-0.1112757824507702
2458.47	0.0190747499332297
2460.14	-0.1099605974867702
2461.81	0.0366226614588296
2463.47	-0.0883082852027702
2465.14	0.0638810586532296
2466.81	-0.0787704780847702
2468.48	0.029144380683229602
2470.14	-0.1354181964257702
2471.81	-0.025144389086770302
2473.48	-0.1768254243897702
2475.15	-0.042099022196770204
2476.82	-0.17562009034477022
2478.48	-0.026254536585770302
2480.15	-0.1335542877687702
2481.82	0.0177413362092296
2483.49	-0.09491463224577021
2485.16	0.061372450343229606
2486.82	-0.0752519188767702
2488.49	0.0496638800732296
2490.16	-0.10171963587077021
2491.83	0.020723538004529703
2493.5	-0.09070095951707019
2495.16	0.06717170635322961
2496.83	-0.0614815200267702
2498.5	0.0776531176032296
2500.17	-0.0605990908327701
2501.83	0.0792508906732296
2503.5	-0.054218743602770195
2505.17	0.07471448938322969
2506.84	-0.0691896805667702
2508.51	0.0645572070032297
2510.17	-0.0869371343567702
2511.84	0.0344835920232297
2513.51	-0.1002295918667702
2515.18	0.0654490760332296
2516.85	-0.0582961745288701
2518.51	0.0962162802512296
2520.18	-0.026010767673770297
2521.85	0.09922660581322959
2523.52	-0.0524984419937702
2525.19	0.0537924378832296
2526.85	-0.0981780952007702
2528.52	0.040799389133229697
2530.19	-0.10208763443077021
2531.86	0.013440214784229604
2533.52	-0.12044738913977021
2535.19	-0.0002979561027702943
2536.86	-0.1376364722467702
2538.53	0.0271308199712298
2540.2	-0.0525443064267702
2541.86	0.1427735385522296
2543.53	0.046194997508229696
2545.2	0.1881895928932296
2546.87	0.0437766994132297
2548.54	0.1529691356832295
2550.2	-0.0256662062897702
2551.87	0.0688818576542296
2553.54	-0.1100967075967702
2555.21	-0.0147245784967703
2556.87	-0.18132668787677012
2558.54	-0.0545713564465702
2560.21	-0.1670395276297703
2561.88	0.010758234273229791
2563.55	-0.0853536600967702
2565.21	0.0656052556632297
2566.88	-0.0788817919767702
2568.55	0.041808909403229705
2570.22	-0.1012788199967702
2571.89	0.0542732551932297
2573.55	-0.0554891220767702
2575.22	0.1118765006632296
2576.89	-0.0174674999557704
2578.56	0.1102573037292296
2580.23	-0.0528785124277702
2581.89	0.0816380100232296
2583.56	-0.0571606019567702
2585.23	0.0964393326332296
2586.9	-0.0016481585067702996
2588.56	0.14726310359322958
2590.23	0.007559377973229701
2591.9	0.1492721295132297
2593.57	0.0019503961932296997
2595.24	0.1342975589332296
2596.9	-0.0018927155827703004
2598.57	0.11403280041322959
2600.24	-0.047725438846770205
2601.91	0.050299665773229696
2603.58	-0.1229822106967702
2605.24	0.0062546365632297
2606.91	-0.1215087302867702
2608.58	0.031238002333229698
2610.25	-0.08474540790677021
2611.92	0.08544795417322959
2613.58	-0.051445236424770203
2615.25	0.07934444104712961
2616.92	-0.0695161621367702
2618.59	0.0573592817432297
2620.25	-0.0905784765867702
2621.92	0.053749316443229694
2623.59	-0.0587870835167702
2625.26	0.11074585790512961
2626.93	-0.010249919834770301
2628.59	0.1270246079432296
2630.26	-0.0342418985667702
2631.93	0.0535319370932297
2633.6	-0.1327498769867702
2635.27	-0.023711281956770296
2636.93	-0.1342018026867702
2638.6	0.04116402611322979
2640.27	-0.0467297443667703
2641.94	0.1347057655532296
2643.61	0.0149669937632297
2645.27	0.1380741626232296
2646.94	-0.0251121931167703
2648.61	0.0864220123732298
2650.28	-0.0577349671667703
2651.94	0.0645092625132297
2653.61	-0.08640521014677019
2655.28	0.050413639603229705
2656.95	-0.1185728070067702
2658.62	-0.0033941032267703064
2660.28	-0.1577760711767702
2661.95	-0.029551636116770294
2663.62	-0.14494385508677018
2665.29	0.009649294793229693
2666.96	-0.1035497378467702
2668.62	0.0580385715632297
2670.29	-0.0722582368967703
2671.96	0.07405131747322971
2673.63	-0.04910347177677019
2675.3	0.0900953104432297
2676.96	-0.038252164745770305
2678.63	0.0843702611892296
2680.3	-0.0599265455767702
2681.97	0.0499797608772297
2683.63	-0.0809965788027702
2685.3	0.08192307719322969
2686.97	-0.0395621010267703
2688.64	0.11839287227322978
2690.31	-0.0016129053667703064
2691.97	0.13216387261322968
2693.64	-0.015498358235770303
2695.31	0.1051978162832297
2696.98	-0.0416972626667702
2698.65	0.1064944736732296
2700.31	-0.017384641546770302
2701.98	0.11507138287322971
2703.65	-0.034855651276770205
2705.32	0.0835482125932296
2706.99	-0.08540953081677019
2708.65	0.048810378078229695
2710.32	-0.0906263933567702
2711.99	0.0585172091732297
2713.66	-0.057421454336770206
2715.32	0.0888327855932296
2716.99	-0.0598982934267702
2718.66	0.09077093379322959
2720.33	-0.040488375286770205
2722.0	0.1364268315232296
2723.66	0.008158245333229699
2725.33	0.1579292455932296
2727.0	0.015733147533229703
2728.67	0.15159488704322968
2730.34	0.010378630453229704
2732.0	0.1619765370932297
2733.67	0.0403732483632296
2735.34	0.2102166602732297
2737.01	0.08581487898322969
2738.67	0.22865898399722961
2740.34	0.0788305100372296
2742.01	0.1831583995432296
2743.68	0.006708056243229704
2745.35	0.1471898650732296
2747.01	0.02082585470322971
2748.68	0.1829725143532296
2750.35	0.0504413009232298
2752.02	0.1637094932062296
2753.69	-0.031196550823770302
2755.35	0.0493097050992297
2757.02	-0.13257193686677018
2758.69	0.05426077288922969
2760.36	-0.044325019581770306
2762.03	0.14383074953622968
2763.69	0.011916058335229799
2765.36	0.1345670988032296
2767.03	-0.0249606463467704
2768.7	0.0990325542632296
2770.36	-0.0632859832367703
2772.03	0.10760236803322969
2773.7	-0.04430775462677029
2775.37	0.10384974934322969
2777.04	-0.01243553541677031
2778.7	0.19946030609322982
2780.37	0.1576668920132297
2782.04	0.45860965145322974
2783.71	0.3863130899432298
2785.38	0.7155626440032299
2787.04	0.6171892784932299
2788.71	0.9318669787802295
2790.38	1.0010619525472297
2792.05	1.4685193486132304
2793.72	1.6003268646732298
2795.38	1.8900589772012295
2797.05	1.5638864148132299
2798.72	1.4326013695662296
2800.39	0.7973846582932296
2802.05	0.5536792587132296
2803.72	0.1484151284132297
2805.39	0.41157366778322957
2807.06	1.2344573258332299
2808.73	3.3000089144392297
2810.39	5.656332738803229
2812.06	7.96383790720323
2813.73	8.911918169761229
2815.4	8.58615748497323
2817.07	6.63736686345923
2818.73	4.286560910265229
2820.4	2.02866882652323
2822.07	0.9246648094232296
2823.74	0.3843746859132296
2825.41	0.4467443327832296
2827.07	0.3733069351452297
2828.74	0.5261873971432297
2830.41	0.3372873172432296
2832.08	0.3478965238432295
2833.74	0.1207482599132297
2835.41	0.23046918452322962
2837.08	0.07793430008322971
2838.75	0.2438692376092296
2840.42	0.1312448888032297
2842.08	0.3372029011432296
2843.75	0.2454804649632297
2845.42	0.4062765836662297
2847.09	0.4140918532832295
2848.76	0.7102913079932296
2850.42	0.6720097187232297
2852.09	0.9528623894632295
2853.76	0.9298927853432295
2855.43	1.1345419730702297
2857.1	1.2042337042532298
2858.76	1.4237516312932295
2860.43	1.4733651041132294
2862.1	1.6561850329132293
2863.77	1.4360515985432296
2865.43	1.2336341626292298
2867.1	1.2310238347432296
2868.77	2.5772010464332293
2870.44	4.46032637974323
2872.11	6.91641973864323
2873.77	8.759601371873229
2875.44	9.654449745143229
2877.11	8.96950498760323
2878.78	7.4274386792682305
2880.45	5.245883919743229
2882.11	3.8718564620542297
2883.78	2.5567765568932295
2885.45	1.7671086208832296
2887.12	1.1404459380812297
2888.79	1.47990353270323
2890.45	2.22537431948323
2892.12	3.7395638914432294
2893.79	4.920693948043229
2895.46	5.6611299577232295
2897.12	5.385955238603229
2898.79	4.868269707443229
2900.46	4.382589334173229
2902.13	4.90699892015223
2903.8	7.145290872003229
2905.46	10.99013400948323
2907.13	14.229532662583233
2908.8	15.876204097341228
2910.47	14.965226086563229
2912.14	11.85280938622323
2913.8	7.706109897423231
2915.47	4.100391058612229
2917.14	1.90647497606323
2918.81	1.6562388217532296
2920.47	1.5788796509532295
2922.14	1.5015610249932292
2923.81	1.16661200486323
2925.48	0.9396488902932298
2927.15	0.5989762602332295
2928.81	0.6755869923652297
2930.48	0.49064134783322966
2932.15	0.5737139611432297
2933.82	0.37923021564822973
2935.49	0.5402261012732297
2937.15	0.71738105976323
2938.82	1.12106911512323
2940.49	0.9380927871832299
2942.16	0.8120119665532297
2943.83	0.32321229962122966
2945.49	0.23683455671322973
2947.16	0.11109526876322981
2948.83	0.2511600263032297
2950.5	0.07249615658322969
2952.16	0.13122151077322958
2953.83	-0.49788364361677023
2955.5	-0.8202520476667704
2957.17	-1.1569714752897702
2958.84	-1.0307411089887704
2960.5	-0.9103816237547705
2962.17	-0.5055957366267704
2963.84	-0.40645545108677017
2965.51	-0.10779896225677019
2967.18	-0.30169610154677007
2968.84	-0.3810235583437705
2970.51	-0.6596428089067703
2972.18	-0.6918530353867702
2973.85	-0.8351582527667698
2975.52	-0.5252003197567703
2977.18	-0.1238200703067703
2978.85	0.45999470409322973
2980.52	4.04919018259323
2982.19	11.774533278983228
2983.85	21.040476601233227
2985.52	29.479918209721234
2987.19	33.74750152490323
2988.86	31.98338312912322
2990.53	25.32796082685323
2992.19	15.780579352141231
2993.86	7.47948603861223
2995.53	3.3573607301532293
2997.2	1.6162190418162299
2998.87	1.0103626813132298
3000.53	0.8299162381532298
3002.2	0.7744005388332296
3003.87	0.13888979615822958
3005.54	-0.0197915571367705
3007.21	-0.2754513040767703
3008.87	-0.15457246184677031
3010.54	-0.2188810443767702
3012.21	-0.21516211930877058
3013.88	-0.6017412423847703
3015.54	-0.5870219888067704
3017.21	-0.72185366024677
3018.88	-0.3368466648067703
3020.55	0.26294548533322987
3022.22	1.1781168370192296
3023.88	2.1847148654542297
3025.55	3.7634388652592294
3027.22	5.59648194049323
3028.89	7.444637242463229
3030.56	8.18401718491323
3032.22	8.03037993669323
3033.89	6.949707442323229
3035.56	5.422461796063229
3037.23	3.7090069828462298
3038.9	2.5712016204632295
3040.56	1.7604990559632294
3042.23	1.5560074292432293
3043.9	1.05191881215323
3045.57	0.8478340796732294
3047.23	0.6388847658812298
3048.9	0.7505309471132295
3050.57	0.44968748515322976
3052.24	0.3147162205932296
3053.91	-0.1905069790517704
3055.57	-0.1821967340327702
3057.24	-0.3589072431917702
3058.91	0.16446653586322968
3060.58	1.5529054450932298
3062.25	6.55026851981323
3063.91	12.440421159053228
3065.58	17.932291055293234
3067.25	20.55251917784123
3068.92	19.72035294183822
3070.59	15.289029504323228
3072.25	9.808560539613232
3073.92	4.304044839413229
3075.59	2.0494486324732297
3077.26	1.1645626746362296
3078.92	0.8923113564732298
3080.59	0.4701685251042297
3082.26	0.43506765227322963
3083.93	0.1659192083872297
3085.6	0.2084461688132296
3087.26	0.0644847016942297
3088.93	0.2141473147712296
3090.6	0.08740380782122961
3092.27	0.24522309892922972
3093.94	0.11608037932122969
3095.6	0.2650028720732296
3097.27	0.1138166095932297
3098.94	0.1994164613472296
3100.61	0.003976645683229699
3102.27	0.040799676283229704
3103.94	-0.1779832121577702
3105.61	-0.1288558763867704
3107.28	0.3894591698632296
3108.95	2.00698137790323
3110.61	3.42728404019323
3112.28	4.750406143943231
3113.95	4.93038828228323
3115.62	4.324463300163229
3117.29	2.9205516014682296
3118.95	1.5611752170822295
3120.62	0.5004036685832297
3122.29	0.4774188423772296
3123.96	0.4413040031732297
3125.63	0.7261030733832297
3127.29	0.7451544322432296
3128.96	0.9961159955132297
3130.63	0.8369990566232296
3132.3	0.8025166557132297
3133.96	0.45539899368322967
3135.63	0.3722375311932296
3137.3	0.1553139023902296
3138.97	0.3306444469732296
3140.64	0.2481712531492297
3142.3	0.4124757550332297
3143.97	0.2551331526482296
3145.64	0.3392445304262295
3147.31	0.1330290829332296
3148.98	0.20049561214622968
3150.64	0.0358789779532295
3152.31	0.1447111129292296
3153.98	0.041589926785429596
3155.65	0.2245442601932296
3157.32	0.1105490410232296
3158.98	0.26983720044322956
3160.65	0.1547755534372296
3162.32	0.3077499644872296
3163.99	0.2060974446732296
3165.65	0.3308839021232296
3167.32	0.1939676453932297
3168.99	0.3139601770332297
3170.66	0.1377264437532297
3172.33	0.2916017090532297
3173.99	0.16353477213322962
3175.66	0.31862362648522957
3177.33	0.2054293789732296
3179.0	0.3382771251132296
3180.67	0.2174194583432297
3182.33	0.38941187554322965
3184.0	0.2635493514832295
3185.67	0.4311140882432296
3187.34	0.2771729906372297
3189.01	0.37006545431322957
3190.67	0.18158571385792968
3192.34	0.2571348434032297
3194.01	0.0654514292392296
3195.68	0.1699818039132296
3197.34	0.018544366523229598
3199.01	0.1691390526032296
3200.68	0.05500982100322971
3202.35	0.2122108440132296
3204.02	0.10394971872322961
3205.68	0.2628020676532296
3207.35	0.13039256440922958
3209.02	0.2874606139672296
3210.69	0.1950590022722296
3212.36	0.3850827476332297
3214.02	0.25620342417322967
3215.69	0.3561711508262296
3217.36	0.1292375001572296
3219.03	0.1589831625332297
3220.7	-0.08022008518677021
3222.36	0.008939692664229698
3224.03	-0.11556663418777019
3225.7	0.0964408286992296
3227.37	0.0198971087832297
3229.03	0.21039613506322963
3230.7	0.1325177983632296
3232.37	0.3067813479792297
3234.04	0.1725520724312296
3235.71	0.2816622702232297
3237.37	0.06833541950322959
3239.04	0.1419270120562296
3240.71	-0.0369768076026702
3242.38	0.0906504586732296
3244.05	-0.0145121611807703
3245.71	0.1721150559532296
3247.38	0.0548259862332296
3249.05	0.1926811839732296
3250.72	0.0465808371532297
3252.38	0.1975412700232295
3254.05	0.09894500307322959
3255.72	0.26069740078322956
3257.39	0.1184224705632296
3259.06	0.2281893965092296
3260.72	0.0254091566832296
3262.39	0.0884512110032296
3264.06	-0.0923204781567702
3265.73	0.0307928992352296
3267.4	-0.0759271135167702
3269.06	0.0913044716232295
3270.73	-0.0269591188867702
3272.4	0.1268990947832297
3274.07	-0.010871048764770299
3275.74	0.1221587893562297
3277.4	-0.0135714730867703
3279.07	0.1396658020432296
3280.74	0.037150197473229694
3282.41	0.1981946767932295
3284.07	0.0753355854732297
3285.74	0.2130829034332296
3287.41	0.0543273351132297
3289.08	0.1564893007633896
3290.75	-0.024044690407770304
3292.41	0.0850365562232296
3294.08	-0.062128729401770194
3295.75	0.0959011647112296
3297.42	-0.0176751677867703
3299.09	0.1721413879092297
3300.75	0.0846119021532297
3302.42	0.2603173120532296
3304.09	0.1398542084632297
3305.76	0.27853815615322963
3307.43	0.12252125966322971
3309.09	0.25475910960322956
3310.76	0.1012277120032297
3312.43	0.2351740876332296
3314.1	0.1080187306532297
3315.76	0.2404181944132297
3317.43	0.0848839056532297
3319.1	0.1904369053532296
3320.77	0.0243801897132297
3322.44	0.1552884602032296
3324.1	-0.0032710095867703997
3325.77	0.1122064317732296
3327.44	-0.039466631256770204
3329.11	0.0920376831732296
3330.78	-0.0597258810467702
3332.44	0.09129813380522961
3334.11	-0.042680464636770304
3335.78	0.12151618501322961
3337.45	-0.002738384026770291
3339.12	0.1327231506532297
3340.78	-0.02260083834677029
3342.45	0.07484766656622971
3344.12	-0.0981905490977702
3345.79	0.0407844221732297
3347.45	-0.0591269691857702
3349.12	0.1522215434532296
3350.79	0.0946345047032296
3352.46	0.27635595925322964
3354.13	0.1424269519232296
3355.79	0.2461569428732296
3357.46	0.0792470016032296
3359.13	0.2176646985132296
3360.8	0.0824652578232296
3362.47	0.22815756957322958
3364.13	0.06590667489322971
3365.8	0.2289271855032297
3367.47	0.0863259399132297
3369.14	0.2952598548632297
3370.81	0.21331004130322959
3372.47	0.7395900559532298
3374.14	1.41167593874323
3375.81	2.18655105129323
3377.48	2.4204186963332295
3379.14	2.461326472473229
3380.81	1.6612926950532296
3382.48	0.9828568185032296
3384.15	0.0369668780032297
3385.82	-0.3252069743167703
3387.48	-0.3904870423967703
3389.15	-0.20537642546677032
3390.82	-0.32357321100677017
3392.49	-0.1607851428433703
3394.16	-0.2639785787927702
3395.82	-0.08429283076827031
3397.49	-0.1789510744067702
3399.16	0.017225166983229706
3400.83	-0.07108590870677031
3402.5	0.1187082595632297
3404.16	0.03902047452322971
3405.83	0.1879272569532297
3407.5	0.07982955329322972
3409.17	0.2312764796432297
3410.83	0.05413419126322978
3412.5	0.1725636587132296
3414.17	0.006766312963229701
3415.84	0.12260592754322959
3417.51	-0.032246029076770294
3419.17	0.0803229148832296
3420.84	-0.07159688400677021
3422.51	0.04737569809322971
3424.18	-0.0953565349467703
3425.85	0.0655452363232297
3427.51	-0.04938998604677031
3429.18	0.1428605108532297
3430.85	0.040779935373229714
3432.52	0.2005279138132297
3434.18	0.0808814925432297
3435.85	0.2048293951432296
3437.52	0.07112310126322971
3439.19	0.21748012405722972
3440.86	0.0882241539132297
3442.52	0.2428504757932296
3444.19	0.11424818223322969
3445.86	0.2405053648732295
3447.53	0.0741411874832297
3449.2	0.17826625391322962
3450.86	0.028219500713229706
3452.53	0.14782147229322978
3454.2	-0.002424102926770297
3455.87	0.1325594107232296
3457.54	-0.006741129286770203
3459.2	0.15660728047322958
3460.87	0.0329624125732297
3462.54	0.2041793555732298
3464.21	0.07154243433322968
3465.87	0.2252213162032296
3467.54	0.07854586932322968
3469.21	0.21769235865322958
3470.88	0.0703448834732297
3472.55	0.2253582204332296
3474.21	0.08769965412322982
3475.88	0.2259152892032297
3477.55	0.0676111470132297
3479.22	0.2178376117432296
3480.89	0.07305007656322969
3482.55	0.2034755800032296
3484.22	0.049658062143229695
3485.89	0.1828561205932297
3487.56	0.04841091112322969
3489.23	0.20868522200322961
3490.89	0.0848853018532297
3492.56	0.2610721155732296
3494.23	0.1407018593532297
3495.9	0.28192191650322956
3497.56	0.1283457956832296
3499.23	0.2513273226232296
3500.9	0.0710849218632297
3502.57	0.22488460146322958
3504.24	0.08392228458322969
3505.9	0.2805858227832296
3507.57	0.1749117258532297
3509.24	0.3511950322342295
3510.91	0.1976082161722297
3512.58	0.3314310899112296
3514.24	0.1480147873132297
3515.91	0.2850840601932296
3517.58	0.13356443304322968
3519.25	0.30479672896322973
3520.92	0.16761436761322984
3522.58	0.3576576367032295
3524.25	0.2269482613832296
3525.92	0.4071475049432296
3527.59	0.2686006849732298
3529.25	0.4080072941262296
3530.92	0.2443423622632297
3532.59	0.3918784319932296
3534.26	0.25424401034322974
3535.93	0.4537412623432296
3537.59	0.3379656776632297
3539.26	0.5305323396932295
3540.93	0.3876462782732296
3542.6	0.5337432633532296
3544.27	0.3517325618532297
3545.93	0.4743250771792298
3547.6	0.2949562363382298
3549.27	0.4392367840232298
3550.94	0.2580621651310296
3552.61	0.41021235839322967
3554.27	0.2530357095432296
3555.94	0.4263533216732297
3557.61	0.27924337964322965
3559.28	0.4745393733532295
3560.94	0.3563194550232297
3562.61	0.5862379149132296
3564.28	0.4718561534432296
3565.95	0.6915182315932294
3567.62	0.5890079135632297
3569.28	0.8390810162632296
3570.95	0.7492741209432299
3572.62	1.0526897541032296
3574.29	1.0122785871832298
3575.96	1.3898682137712295
3577.62	1.3673352930022296
3579.29	1.8607354162632292
3580.96	1.922918069873229
3582.63	3.4741876369632294
3584.3	8.730862053723229
3585.96	13.231038371463226
3587.63	16.20065709224323
3589.3	16.269457806923228
3590.97	12.21909995924323
3592.63	6.806639451383228
3594.3	1.3996392341832293
3595.97	-2.59119786308907
3597.64	-2.040783419386771
3599.31	-1.2679006492467693
3600.97	-1.0548338421667702
3602.64	-0.7561572479067704
3604.31	-0.8780916165867707
3605.98	-0.8027699259727705
3607.65	-0.96892865808677
3609.31	-0.8239260571567703
3610.98	-0.8565415063267702
3612.65	-0.6377275389867703
3614.32	-0.7750770924567701
3615.98	-0.6466612284067702
3617.65	-0.8081060290167702
3619.32	-0.6603891005567702
3620.99	-0.7817925722367701
3622.66	-0.5615055837597702
3624.32	-0.6503260992667702
3625.99	-0.5207682242567702
3627.66	-0.5889718178867701
3629.33	0.03997341236322971
3631.0	0.5925270408932296
3632.66	1.80799965297323
3634.33	2.3428296193382296
3636.0	2.9206025820332293
3637.67	2.54312464153323
3639.34	2.260509945320629
3641.0	1.3730848900732293
3642.67	1.4704604037922298
3644.34	1.1040792938432298
3646.01	4.234731224833229
3647.67	8.31531628092323
3649.34	11.702563542543231
3651.01	13.338207028453231
3652.68	12.214790666363227
3654.35	8.217249994643229
3656.01	4.180954317323231
3657.68	-0.2200095499467702
3659.35	-1.6174365575437704
3661.02	-1.0032900596847698
3662.69	-0.8230821260065702
3664.35	-0.6770292266377702
3666.02	-0.5279759076623702
3667.69	-0.5744848874217705
3669.36	-0.5220841175177704
3671.03	-0.5730874774457705
3672.69	-0.3941333167198702
3674.36	-0.32255581129677025
3676.03	-0.05214002631677028
3677.7	-0.038388394996770187
3679.36	0.10493668915322982
3681.03	0.03707074920322981
3682.7	0.12326610597322969
3684.37	0.0175607859032297
3686.04	0.15443768632322968
3687.7	0.037896237766229496
3689.37	0.11429446395622969
3691.04	-0.0373805264017702
3692.71	0.012768530113229704
3694.38	-0.1370495705967703
3696.04	-0.015821390536770313
3697.71	-0.17083556208077028
3699.38	-0.08874419022677019
3701.05	-0.18245889420677028
3702.72	-0.006474503790770303
3704.38	-0.026469738194770387
3706.05	0.2710922852532296
3707.72	0.8897137565432298
3709.39	4.2065706320432295
3711.05	8.61482592589323
3712.72	14.14707393669323
3714.39	17.61362901892323
3716.06	19.75374199863223
3717.73	21.50760643004323
3719.39	32.282102729143226
3721.06	42.29834599634323
3722.73	54.81300285534323
3724.4	61.42864598844322
3726.07	58.21888496824322
3727.73	46.08438967124323
3729.4	30.437371621543228
3731.07	13.674859424053226
3732.74	7.130937922964929
3734.41	2.32612181681323
3736.07	0.5273246065432295
3737.74	0.5129423365192297
3739.41	0.2906517974032296
3741.08	0.19486770846322962
3742.74	0.0878219032932295
3744.41	0.037717017403229705
3746.08	0.1304977395432295
3747.75	0.1709367891932296
3749.42	0.32019812789322954
3751.08	0.3600546125462296
3752.75	0.42588941491322974
3754.42	0.29502358133122963
3756.09	0.2747972431832296
3757.76	0.12155926299322961
3759.42	0.2098123746232296
3761.09	0.1941131297532296
3762.76	0.37849556605322965
3764.43	0.4743887168132296
3766.1	0.6871832393302297
3767.76	0.5938366629842297
3769.43	0.6147463395632295
3771.1	0.4139261289032297
3772.77	0.3777543059732297
3774.43	0.15000696820322978
3776.1	0.13370437160322968
3777.77	-0.06574299949677019
3779.44	-0.0691657799567702
3781.11	-0.20386087096577019
3782.77	-0.1286614531787703
3784.44	-0.19490656453277028
3786.11	0.001385263524229699
3787.78	-0.0974608139017703
3789.45	0.012601298253229698
3791.11	-0.1229912932727702
3792.78	-0.06634454711677021
3794.45	-0.1629738034767702
3796.12	-0.0700325276349702
3797.78	-0.2067466391587702
3799.45	-0.07806711791677019
3801.12	-0.14251276398777019
3802.79	0.0241591051562296
3804.46	-0.04784286077277031
3806.12	0.1023674871232296
3807.79	0.0007005982162296975
3809.46	0.1127219174732296
3811.13	0.009359056181229695
3812.8	0.1404240657332296
3814.46	0.059027848631229694
3816.13	0.1873359366412296
3817.8	0.06630214694022969
3819.47	0.1392445525132296
3821.14	-0.0404414723667703
3822.8	-0.004434738816770301
3824.47	-0.2035258102227702
3826.14	-0.13593364102877029
3827.81	-0.2723846547437702
3829.47	-0.12469853717677029
3831.14	-0.1939707963677702
3832.81	-0.02516908732277029
3834.48	-0.12631616165377021
3836.15	-0.025795324136770298
3837.81	-0.1687956653277703
3839.48	-0.0649612849567703
3841.15	-0.1851555251167702
3842.82	-0.026550465173770306
3844.49	-0.1053146734667702
3846.15	0.0347191764812296
3847.82	-0.06219285602577029
3849.49	0.0377729648002296
3851.16	-0.08690224852577019
3852.83	0.0210986287512297
3854.49	-0.10279876664677029
3856.16	0.0064488929832297
3857.83	-0.09156008424477019
3859.5	0.0232522636432297
3861.16	-0.0730839981367702
3862.83	0.044494567183229694
3864.5	-0.0726357456367702
3866.17	0.0447299509932297
3867.84	-0.0849672899067702
3869.5	0.0211988740732297
3871.17	-0.1025935548977702
3872.84	0.0201220343332297
3874.51	-0.1103396670367702
3876.18	0.0136087582632297
3877.84	-0.1368293318847702
3879.51	-0.0457637898077703
3881.18	-0.2128575867267702
3882.85	-0.09938074105677029
3884.52	-0.22677217098877017
3886.18	-0.0786691947537703
3887.85	-0.1617442878937702
3889.52	0.008312855163229702
3891.19	-0.060532325636770294
3892.85	0.0868010140332296
3894.52	-0.052406809006770305
3896.19	0.0604750577802296
3897.86	-0.08551046551677019
3899.53	0.0185276132252297
3901.19	-0.0882248216673721
3902.86	0.0620490169932297
3904.53	-0.0173883687297702
3906.2	0.1175011887931296
3907.87	-0.013760125766770302
3909.53	0.0817983192832296
3911.2	-0.054228890816770306
3912.87	0.05122316423622961
3914.54	-0.08500848889967019
3916.21	0.0494816457282296
3917.87	-0.0703861119067703
3919.54	0.0554032734732295
3921.21	-0.029304884185770402
3922.88	0.11090058988322961
3924.54	0.0333312593742297
3926.21	0.1910088308032297
3927.88	0.0728696293472297
3929.55	0.1683366626132297
3931.22	-0.030112744347770296
3932.88	0.0268070025632297
3934.55	-0.1178037228267702
3936.22	0.0158204238732296
3937.89	-0.0921996732967703
3939.56	0.038140360449229596
3941.22	-0.1137122929032702
3942.89	-0.037139037425270305
3944.56	-0.22661066602677019
3946.23	-0.0968403470557703
3947.9	-0.1801792591417702
3949.56	0.0061041667012297005
3951.23	-0.1074942765447702
3952.9	0.010966778933229601
3954.57	-0.1542786962467702
3956.23	-0.0538175234147703
3957.9	-0.2237418591067702
3959.57	-0.1244079266107703
3961.24	-0.2636235597467702
3962.91	-0.10334113456077039
3964.57	-0.1988116209207702
3966.24	-0.004175837859770298
3967.91	-0.0844542145367702
3969.58	0.0624887939332297
3971.25	-0.0956804151567702
3972.91	-0.017711840508770296
3974.58	-0.1738230727527702
3976.25	-0.025527482616770306
3977.92	-0.1224799666084702
3979.58	0.0524228139532297
3981.25	-0.0579862714557702
3982.92	0.0575505860232297
3984.59	-0.0642120682667702
3986.26	0.0809015572232297
3987.92	-0.0175288936237703
3989.59	0.12152080378922961
3991.26	-0.007253893853770302
3992.93	0.1011224384642296
3994.6	-0.022940588477770293
3996.26	0.0731696176464296
3997.93	-0.0565645513325702
3999.6	0.0796842131832296
4001.27	-0.0446380274167702
4002.94	0.0709075373032297
4004.6	-0.0439202335567702
4006.27	0.07120742003322969
4007.94	-0.0549072039767702
4009.61	0.0431232195892297
4011.27	-0.1126739523767703
4012.94	-0.0002580788967701999
4014.61	-0.1209191643967704
4016.28	0.0072604123132297
4017.95	-0.09798939659677029
4019.61	0.019219305933229708
4021.28	-0.1275432610067703
4022.95	-0.0397931023667703
4024.62	-0.2099049612867702
4026.29	-0.1109802814467702
4027.95	-0.2549274667667702
4029.62	-0.10183787656377019
4031.29	-0.1810296736937702
4032.96	-0.014952459542770295
4034.63	-0.1121558640927702
4036.29	0.035161347588229704
4037.96	-0.1035173025057702
4039.63	0.0260463003002296
4041.3	-0.1259105362247702
4042.96	-0.003222644286770302
4044.63	-0.1488110199467702
4046.3	-0.0480464848167703
4047.97	-0.2039262579337702
4049.64	-0.1042293750467703
4051.3	-0.23853766924677022
4052.97	-0.1116319136407703
4054.64	-0.2537656683617702
4056.31	-0.13920826802077038
4057.98	-0.30293075569847017
4059.64	-0.2268079983367703
4061.31	-0.3703579807167702
4062.98	-0.2472074164167703
4064.65	-0.3368850368867702
4066.32	-0.1684011973167703
4067.98	-0.2592388484467702
4069.65	-0.0953984087667702
4071.32	-0.1965566391587702
4072.99	-0.035863534806770195
4074.65	-0.1250292860967703
4076.32	0.0146622298222297
4077.99	-0.12378257933877021
4079.66	-0.026549274705770298
4081.33	-0.1830425071467702
4082.99	-0.0488337598467701
4084.66	-0.16302706813677031
4086.33	-0.042328142456770204
4088.0	-0.18666484165677022
4089.67	-0.0959360365667703
4091.33	-0.2596222226367701
4093.0	-0.12358783036677021
4094.67	-0.20768627335677
4096.34	0.00029915137322969985
4098.01	-0.05982322341677031
4099.67	0.1028314032792296
4101.34	0.017598658811229698
4103.01	0.1517759545632296
4104.68	0.0332096090342297
4106.34	0.1249472953672296
4108.01	-0.027340249546770296
4109.68	0.0654372567432295
4111.35	-0.09316890969677019
4113.02	0.0016228261032296062
4114.68	-0.1224278983867701
4116.35	-0.026528198216770302
4118.02	-0.1810830881867702
4119.69	-0.0953429190467702
4121.36	-0.2161514534967702
4123.02	-0.0737659436167704
4124.69	-0.18886085034477018
4126.36	-0.03087752919977029
4128.03	-0.1369755328457702
4129.69	0.0266688587572297
4131.36	-0.0505523213467702
4133.03	0.1375369999422296
4134.7	0.0310706047232297
4136.37	0.1517903782932296
4138.03	-0.03784213091677031
4139.7	0.0294237559132296
4141.37	-0.1668974838967702
4143.04	-0.0702297221467703
4144.71	-0.2117237377767702
4146.37	-0.0572918873867702
4148.04	-0.17856264041677022
4149.71	-0.0326719203567703
4151.38	-0.1243998450657702
4153.05	0.0389717004482297
4154.71	-0.060115207116770195
4156.38	0.0726050023132296
4158.05	-0.0780962679617702
4159.72	0.021755823033229697
4161.38	-0.1341539181767702
4163.05	-0.013551577266770302
4164.72	-0.12554626335677022
4166.39	0.007280933233229696
4168.06	-0.1260480991167701
4169.72	-0.0408469028067703
4171.39	-0.20703670556477022
4173.06	-0.1272494114667702
4174.73	-0.2642200236537702
4176.4	-0.10797134578677031
4178.06	-0.2154877204967702
4179.73	-0.0860487284367703
4181.4	-0.2250032001167703
4183.07	-0.1029421115467704
4184.74	-0.2210586371567702
4186.4	-0.1009767330867703
4188.07	-0.2314266488867701
4189.74	-0.0810853753967703
4191.41	-0.17390252896677022
4193.07	0.0019070699732297025
4194.74	-0.10602723789677021
4196.41	0.0279420004832297
4198.08	-0.12074707515677019
4199.75	-0.04751027411677029
4201.41	-0.2111498184527702
4203.08	-0.08903020627477021
4204.75	-0.1893023936397703
4206.42	0.0046969923632297
4208.09	-0.1113666685967702
4209.75	0.028082552603229602
4211.42	-0.0729031183267703
4213.09	0.0677132396232297
4214.76	-0.0292258533167703
4216.43	0.1133345562822297
4218.09	-0.008525735246770291
4219.76	0.1033742990632296
4221.43	-0.035677772906770294
4223.1	0.0480960871482296
4224.76	-0.1029654638867702
4226.43	-0.025582923317770297
4228.1	-0.2016076065677701
4229.77	-0.1367920835924702
4231.44	-0.3026392646067702
4233.1	-0.2138748426767702
4234.77	-0.3261691572067702
4236.44	-0.1794217201567703
4238.11	-0.2774366097467702
4239.78	-0.10523822780677031
4241.44	-0.1854290392567702
4243.11	-0.0477570880047703
4244.78	-0.2014785946447703
4246.45	-0.09903403302837041
4248.12	-0.2810502418767701
4249.78	-0.1629274073337702
4251.45	-0.2796453483397703
4253.12	-0.0797089706467703
4254.79	-0.1182875563067702
4256.45	0.0649895401032297
4258.12	-0.0483361775667702
4259.79	0.0636701692332296
4261.46	-0.1081939482967703
4263.13	-0.0197562153077703
4264.79	-0.19086270824877022
4266.46	-0.0830745104297703
4268.13	-0.2410458263467702
4269.8	-0.1630138386067702
4271.47	-0.3286235528867702
4273.13	-0.2481589354567702
4274.8	-0.3893429292767703
4276.47	-0.2035246436367702
4278.14	-0.2645856738267702
4279.81	-0.0441025387947702
4281.47	-0.0729105708367704
4283.14	0.1050590882732296
4284.81	0.008429578385229605
4286.48	0.1017585469732296
4288.14	-0.1029447232887701
4289.81	-0.0343236869967702
4291.48	-0.2154386816467702
4293.15	-0.1034170866167702
4294.82	-0.1924757750567702
4296.48	0.004251850145229705
4298.15	-0.04414668747877029
4299.82	0.14870724494322968
4301.49	0.055021006553229695
4303.16	0.1952990407432296
4304.82	0.0433838287432296
4306.49	0.1130732571032296
4308.16	-0.0589475216628703
4309.83	0.013883354316229599
4311.49	-0.15094316412677022
4313.16	-0.0378432418267702
4314.83	-0.16045675919677022
4316.5	-0.039860747296770305
4318.17	-0.1736891763367702
4319.83	-0.09138163207577021
4321.5	-0.2355908764367701
4323.17	-0.1444275106867703
4324.84	-0.3026523489567702
4326.51	-0.2040931791317702
4328.17	-0.3356561293467702
4329.84	-0.1933137162967702
4331.51	-0.2882223243467702
4333.18	-0.1119965875767703
4334.85	-0.2230422087567703
4336.51	-0.0759712948367703
4338.18	-0.1809911263707702
4339.85	-0.0265139637257702
4341.52	-0.1284515417367702
4343.18	0.016251864213229703
4344.85	-0.11467782768677032
4346.52	-0.0035488902867702975
4348.19	-0.1601193032667701
4349.86	-0.0318104936167701
4351.52	-0.1476560194067702
4353.19	0.0120463746732297
4354.86	-0.09070783681477021
4356.53	0.015964826671229698
4358.2	-0.12614682973677022
4359.86	-0.005651640866770294
4361.53	-0.13235485939677022
4363.2	0.0333343528932296
4364.87	-0.1046935101167702
4366.54	0.0326726844502296
4368.2	-0.0955468347167702
4369.87	0.0161621615132296
4371.54	-0.1215176708167702
4373.21	0.0146922684932297
4374.87	-0.1208661522967702
4376.54	-0.0081231477567703
4378.21	-0.1751693861467702
4379.88	-0.059256116486770205
4381.55	-0.1802353806167702
4383.21	-0.0146618504567702
4384.88	-0.0917840945867702
4386.55	0.0665981868432296
4388.22	-0.0700894537667702
4389.89	0.0214469272312297
4391.55	-0.1442644586407702
4393.22	-0.055026269548770296
4394.89	-0.1874679947767702
4396.56	-0.0666102723067703
4398.23	-0.1668857178467702
4399.89	-0.029344485816770297
4401.56	-0.15651267549677023
4403.23	0.0014404291432296998
4404.9	-0.11584862973677021
4406.56	0.0076812757432297004
4408.23	-0.0898569887567702
4409.9	0.0430520830032296
4411.57	-0.028795106376770196
4413.24	0.1389080799532296
4414.9	0.027688769563229597
4416.57	0.1884673710232296
4418.24	0.04762276327722971
4419.91	0.14612568067522969
4421.58	0.011150464610229713
4423.24	0.1360068643262297
4424.91	0.03040480367622969
4426.58	0.16531818373222962
4428.25	0.022806269273229693
4429.92	0.1396840956732296
4431.58	-0.0374293239167703
4433.25	0.0054725470632297005
4434.92	-0.1661209790067702
4436.59	-0.08448725336677029
4438.25	-0.2012807358367702
4439.92	-0.03288051233677029
4441.59	-0.1324318535017703
4443.26	0.0654771368412297
4444.93	-0.038513323456770304
4446.59	0.0483638084822296
4448.26	-0.07466257383677019
4449.93	0.0715423271212296
4451.6	-0.04272617632677039
4453.27	0.1129103958792296
4454.93	-0.045552646389770295
4456.6	0.0470030163532296
4458.27	-0.14258376650777022
4459.94	-0.0633997862047703
4461.61	-0.2378911223227701
4463.27	-0.0822526281367702
4464.94	-0.2076109619417702
4466.61	-0.0744594658967703
4468.28	-0.1976934837884702
4469.94	-0.07177027578777029
4471.61	-0.17786874516877021
4473.28	-0.010655576072770397
4474.95	-0.14369957591677018
4476.62	-0.0256783893667702
4478.28	-0.1935117085167702
4479.95	-0.0985040214167702
4481.62	-0.22877504118277028
4483.29	-0.06548286335677031
4484.96	-0.11876469918677021
4486.62	0.06598571332322961
4488.29	-0.0779380821767702
4489.96	0.003326527253229704
4491.63	-0.18375208921677022
4493.29	-0.07554888904677029
4494.96	-0.1976063224867702
4496.63	0.0356657765232297
4498.3	-0.0007639798367702968
4499.97	0.1823375165932296
4501.63	0.027533171843229697
4503.3	0.0663276139032296
4504.97	-0.1491960212367702
4506.64	-0.0681677273967702
4508.31	-0.21367554289677018
4509.97	-0.004523421506770299
4511.64	-0.055106459996770295
4513.31	0.1163539853762296
4514.98	-0.00027847706847029807
4516.65	0.09029465927322959
4518.31	-0.0676400931867703
4519.98	-0.00011593144677029925
4521.65	-0.2008859764707702
4523.32	-0.1433737395057702
4524.98	-0.3077674283467702
4526.65	-0.1962614657567702
4528.32	-0.2687262124397702
4529.99	-0.09282658631277019
4531.66	-0.1565370618967702
4533.32	-0.015094673887770301
4534.99	-0.1352062311067701
4536.66	-0.0049019920067703004
4538.33	-0.1138229749067702
4540.0	0.026942874403229698
4541.66	-0.0721769711267703
4543.33	0.0662025448132296
4545.0	-0.06348333314677031
4546.67	0.0626849188432296
4548.34	-0.06283339230477031
4550.0	0.056682898673229606
4551.67	-0.10911982892177019
4553.34	-0.029316998356770197
4555.01	-0.22818257365677008
4556.67	-0.1423103719667702
4558.34	-0.32855413276677015
4560.01	-0.1924301140967702
4561.68	-0.2774695930807702
4563.35	-0.0790916973897702
4565.01	-0.1339028208797702
4566.68	0.0592971596032297
4568.35	-0.0668005046497703
4570.02	0.0304027147782296
4571.69	-0.1701656484297702
4573.35	-0.0695703836997703
4575.02	-0.2206440752327703
4576.69	-0.0862471842967703
4578.36	-0.2076795397167702
4580.03	-0.08121432128677031
4581.69	-0.24546541932677018
4583.36	-0.1456014934467704
4585.03	-0.30538857571577016
4586.7	-0.1508252692997704
4588.36	-0.2346748863867701
4590.03	-0.0613185357887702
4591.7	-0.1665525725567702
4593.37	-0.0035419984017702995
4595.04	-0.1480707272467702
4596.7	-0.0327192166467702
4598.37	-0.1694462027667702
4600.04	-0.0130074257467703
4601.71	-0.0878014878757702
4603.38	0.0910370115012296
4605.04	-0.0394541575827702
4606.71	0.08473742689722949
4608.38	-0.046290920316770304
4610.05	0.0695611711532297
4611.72	-0.06344053695677031
4613.38	0.06278822108322961
4615.05	-0.050691067446770294
4616.72	0.0497607950832296
4618.39	-0.12111038109677019
4620.05	-0.0173549224167703
4621.72	-0.1508540025057702
4623.39	-0.0172231976837702
4625.06	-0.1637771992667702
4626.73	-0.0645984724467703
4628.39	-0.1900859543567702
4630.06	-0.0802610145567702
4631.73	-0.2370433893467702
4633.4	-0.0829571637367702
4635.07	-0.1916063841767702
4636.73	-0.0277119074867702
4638.4	-0.17667368832677022
4640.07	-0.0524613273967703
4641.74	-0.1683861344267702
4643.41	-0.009172278456770294
4645.07	-0.1150844743667702
4646.74	0.0512355667532296
4648.41	-0.0796403581267703
4650.08	0.0426968752932296
4651.74	-0.1413289057867702
4653.41	-0.0658718739767703
4655.08	-0.2354639138167701
4656.75	-0.1130068649567702
4658.42	-0.2525825313067701
4660.08	-0.1078991604527703
4661.75	-0.19350811030677018
4663.42	0.0199140554732297
4665.09	-0.0739074195067703
4666.76	0.0885131126082297
4668.42	-0.0625043838267703
4670.09	0.0714139743232296
4671.76	-0.07228771911677019
4673.43	0.0404476932002296
4675.09	-0.1118865487267703
4676.76	0.028474500463229697
4678.43	-0.1572110095667702
4680.1	-0.0252588681967703
4681.77	-0.1623803592067702
4683.43	-0.035679461746770294
4685.1	-0.1535045173067702
4686.77	-0.0239408589867703
4688.44	-0.1496363429217702
4690.11	-0.026492579042770296
4691.77	-0.1953646449014702
4693.44	-0.0821663196067703
4695.11	-0.2216424207647702
4696.78	-0.1021071414167702
4698.45	-0.20763796202377022
4700.11	-0.051299766886770196
4701.78	-0.1533754311677702
4703.45	0.0196736031132297
4705.12	-0.0898225284567703
4706.78	0.0926385477132297
4708.45	-0.0076383292767704045
4710.12	0.1380280114132296
4711.79	-0.012949927906770298
4713.46	0.06805005849622961
4715.12	-0.1257802885747702
4716.79	-0.0035759994067703004
4718.46	-0.1385599743467702
4720.13	0.0578139674532296
4721.8	-0.0415381068567703
4723.46	0.1597100984132295
4725.13	0.0834992609032297
4726.8	0.2648676914153296
4728.47	0.17778700889322968
4730.14	0.2906308056162296
4731.8	0.0944837833106497
4733.47	0.1415588521132296
4735.14	-0.10358609879377019
4736.81	-0.0254362553027703
4738.47	-0.1651948760087703
4740.14	-0.043648331656770296
4741.81	-0.1489720393167702
4743.48	-0.0743448869667703
4745.15	-0.2570129543667703
4746.81	-0.1764085124267703
4748.48	-0.34683788941677024
4750.15	-0.22938026328577027
4751.82	-0.3213701213477702
4753.49	-0.1859592746367704
4755.15	-0.2935590566767703
4756.82	-0.1494899245567703
4758.49	-0.27661530855277017
4760.16	-0.1431593392067703
4761.83	-0.27216008018377025
4763.49	-0.11087459238677021
4765.16	-0.1841743672867702
4766.83	0.0012717081432296953
4768.5	-0.0890787280667702
4770.16	0.0349567268032297
4771.83	-0.1302944807667702
4773.5	-0.0729764973767702
4775.17	-0.2544801579167702
4776.84	-0.1339257247767701
4778.5	-0.22780285049677018
4780.17	-0.0633968415567702
4781.84	-0.1499410021567702
4783.51	-0.0045533941342703055
4785.18	-0.1296384951067702
4786.84	-0.007208352116770296
4788.51	-0.1005305637767702
4790.18	0.0320878984242296
4791.85	-0.1248466260967702
4793.52	-0.0031787465767702996
4795.18	-0.1710833011367702
4796.85	-0.0675132412067702
4798.52	-0.2075667184467702
4800.19	-0.1161144117167702
4801.85	-0.2521312315367702
4803.52	-0.1345988945767703
4805.19	-0.2588252075967703
4806.86	-0.07290194975677021
4808.53	-0.1452298457867702
4810.19	0.013586468783229697
4811.86	-0.0980315153067702
4813.53	0.0301886855432296
4815.2	-0.1123347504617703
4816.87	-0.004798498296770299
4818.53	-0.1387957222667702
4820.2	-0.0129240782467702
4821.87	-0.18424221489877018
4823.54	-0.0644578323467702
4825.21	-0.23087573708677023
4826.87	-0.0968682646867702
4828.54	-0.23105358188677022
4830.21	-0.1042710192067702
4831.88	-0.2697139187267702
4833.54	-0.1351852412267702
4835.21	-0.33594674939677033
4836.88	-0.2127021414797702
4838.55	-0.33180161895277016
4840.22	-0.1721463773187704
4841.88	-0.22731813288477018
4843.55	-0.016426364823770297
4845.22	-0.10745235943977019
4846.89	0.029246809173229603
4848.56	-0.1860928400238102
4850.22	-0.1330587406967702
4851.89	-0.29044815663077017
4853.56	-0.1833649057195702
4855.23	-0.2725072541567702
4856.89	-0.11107855532677029
4858.56	-0.2212720030967702
4860.23	-0.0814328753948703
4861.9	-0.2322555957037702
4863.57	-0.1291810181267703
4865.23	-0.2361865239767702
4866.9	-0.10741003813677039
4868.57	-0.25855706820677027
4870.24	-0.1304306866561703
4871.91	-0.2948302845567702
4873.57	-0.1699250357767703
4875.24	-0.2501790456467702
4876.91	-0.0723607146567703
4878.58	-0.1415377906667702
4880.25	0.052386196423229704
4881.91	-0.0817421360467702
4883.58	-0.007888824216770302
4885.25	-0.1949024527567702
4886.92	-0.1062397424217702
4888.58	-0.2095600125437702
4890.25	-0.0142340778367701
4891.92	-0.0811313971257701
4893.59	0.0605152559732296
4895.26	-0.0691545124957702
4896.92	-0.0185317637797703
4898.59	-0.1797112803067702
4900.26	-0.08823269986677029
4901.93	-0.1740207624767702
4903.6	0.0023726518932296013
4905.26	-0.0539758690717703
4906.93	0.1359813402572296
4908.6	0.07494524524322968
4910.27	0.2168168170932297
4911.94	0.07979398705322971
4913.6	0.1478243555132296
4915.27	-0.0762905395167703
4916.94	-0.02288330564677022
4918.61	-0.21292924230677018
4920.27	-0.0902164857067703
4921.94	-0.1956559975767702
4923.61	-0.0137827023917703
4925.28	-0.1111621505267702
4926.95	0.0239318227332296
4928.61	-0.1205075439667702
4930.28	-0.0083814816067703
4931.95	-0.14820108720677022
4933.62	-0.0339780921967703
4935.29	-0.1809769853067702
4936.95	-0.0839171106167703
4938.62	-0.2184619560707702
4940.29	-0.1061709557347704
4941.96	-0.20933580921477019
4943.63	-0.0668579075267702
4945.29	-0.1626243858367703
4946.96	-0.020517411566770304
4948.63	-0.1414120311467702
4950.3	-0.028781931276770298
4951.96	-0.15946763063677027
4953.63	-0.022475663774770296
4955.3	-0.15669272628677028
4956.97	-0.031004607116770208
4958.64	-0.1634948215567702
4960.3	-0.0127196552767703
4961.97	-0.1327014604167701
4963.64	-0.024811916076770198
4965.31	-0.1679699241867701
4966.98	-0.030857294226770395
4968.64	-0.1577489814417702
4970.31	0.030789909133229803
4971.98	-0.0562535063167702
4973.65	0.0985602714532296
4975.32	-0.030685035725770304
4976.98	0.09117457348422961
4978.65	-0.0598214085307702
4980.32	0.0338753269922297
4981.99	-0.17112331994217028
4983.65	-0.08701204236677029
4985.32	-0.2518845308540701
4986.99	-0.1512217976247702
4988.66	-0.2426214870187703
4990.33	-0.0408011435067702
4991.99	-0.1145751351427703
4993.66	0.023360811353229698
4995.33	-0.1251486101967703
4997.0	-0.0286535412767703
4998.67	-0.1914733488667702
5000.33	-0.16097805535677018
5002.0	-0.3914371922767703
5003.67	-0.3352609528667702
5005.34	-0.4484320438667701
5007.0	-0.2621665750367702
5008.67	-0.2754848477497702
5010.34	-0.022923886416770303
5012.01	-0.0618388857867702
5013.68	0.06880805286322961
5015.34	-0.0899748940167703
5017.01	0.0052087136932297
5018.68	-0.1263381184267702
5020.35	0.0005285149332296991
5022.02	-0.1409137810367701
5023.68	0.008693940063229617
5025.35	-0.06790155479677029
5027.02	0.0912803695632296
5028.69	-0.0081895124767703
5030.36	0.0893952346932296
5032.02	-0.0961046374467702
5033.69	-0.0351751683167703
5035.36	-0.21796864257677018
5037.03	-0.0440182394307702
5038.69	-0.0722892988007703
5040.36	0.1314433913502296
5042.03	0.06915296864622969
5043.7	0.1644961959732297
5045.37	-0.0686787950767702
5047.03	-0.0213664551737703
5048.7	-0.21879331596677032
5050.37	-0.10309785998677021
5052.04	-0.1820642233267703
5053.71	-0.0125686050967703
5055.37	-0.1064211210267702
5057.04	0.0170220614532297
5058.71	-0.14318382273677022
5060.38	-0.04388145824677019
5062.05	-0.1733223032667702
5063.71	-0.0665914074767703
5065.38	-0.1877108470167702
5067.05	-0.10869848213677019
5068.72	-0.2551528886067702
5070.38	-0.1827770204867702
5072.05	-0.3030446502767702
5073.72	-0.1553244366067702
5075.39	-0.2799036976667702
5077.06	-0.1583567543467703
5078.72	-0.2529253807567702
5080.39	-0.1307296935267702
5082.06	-0.25321942679677023
5083.73	-0.09896085600677021
5085.4	-0.2539708086767702
5087.06	-0.1340733591217703
5088.73	-0.2684985297767702
5090.4	-0.11380764251677031
5092.07	-0.16555388654677028
5093.74	0.0333627037202297
5095.4	-0.0938248465267702
5097.07	0.041405844473229696
5098.74	-0.1634013971567702
5100.41	-0.1433349616467702
5102.07	-0.32002573905677023
5103.74	-0.2316992000567702
5105.41	-0.40308008506677007
5107.08	-0.2618680000467702
5108.75	-0.3735553071567702
5110.41	-0.1976012572667702
5112.08	-0.2215558394667702
5113.75	-0.0037645038367703013
5115.42	-0.0538443477367703
5117.09	0.1415091966532296
5118.75	-0.003055862506770396
5120.42	0.1120414436032296
5122.09	-0.041729009946770305
5123.76	0.0446023785732297
5125.43	-0.1073074123567702
5127.09	0.009729736993229699
5128.76	-0.1484382877167702
5130.43	-0.0249284980167703
5132.1	-0.13800078304677021
5133.76	0.0067473812102297
5135.43	-0.1316214360967702
5137.1	-0.007719020082770301
5138.77	-0.1472708892467702
5140.44	-0.0253306197427703
5142.1	-0.1334100874647702
5143.77	-0.0156297213967702
5145.44	-0.1040369398067703
5147.11	0.0381146171432297
5148.78	-0.1333371399867704
5150.44	-0.027310755556770296
5152.11	-0.1742574800707702
5153.78	-0.061010414626770204
5155.45	-0.13379644356677028
5157.12	0.0558391374932297
5158.78	-0.0203740118723703
5160.45	0.1440117565432297
5162.12	-0.0722076329257703
5163.79	-0.045004229566770304
5165.45	-0.2801814278537702
5167.12	-0.2374675959167701
5168.79	-0.4356472600467701
5170.46	-0.2990128046587702
5172.13	-0.41441660614677023
5173.79	-0.2167199325467702
5175.46	-0.2912575694477703
5177.13	-0.1339359918967702
5178.8	-0.2560556326767702
5180.47	-0.1439686346367702
5182.13	-0.32893711928677016
5183.8	-0.2255197041167702
5185.47	-0.32876328663677024
5187.14	-0.1739197564367703
5188.8	-0.21026337315677018
5190.47	0.011296838743229703
5192.14	-0.0828839593067702
5193.81	0.0855740498732297
5195.48	-0.0751309409047703
5197.14	0.030832556388229702
5198.81	-0.1171096339117702
5200.48	-0.0082448933467702
5202.15	-0.1074055925367702
5203.82	0.0596711424932296
5205.48	-0.06800637350767019
5207.15	0.0466459179122296
5208.82	-0.1759087355767702
5210.49	-0.14852115421677042
5212.16	-0.3857752384017702
5213.82	-0.35485041302677023
5215.49	-0.5075785203234702
5217.16	-0.3465834099717702
5218.83	-0.4146915426247702
5220.49	-0.2003214274357702
5222.16	-0.2491897299357702
5223.83	-0.0597060837087703
5225.5	-0.11266481768677021
5227.17	0.0531313048832297
5228.83	-0.1261654099767702
5230.5	-0.0762240168767702
5232.17	-0.31320224737677016
5233.84	-0.2830605744267702
5235.51	-0.4162657720967702
5237.17	-0.22793893363367018
5238.84	-0.25798064853677016
5240.51	0.0084014277932296
5242.18	-0.0635463460667702
5243.85	0.0640152839332296
5245.51	-0.1048983398167702
5247.18	-0.0372842613717702
5248.85	-0.2031547346167702
5250.52	-0.0712760041587702
5252.18	-0.2059392053267702
5253.85	-0.046507924276770196
5255.52	-0.1663934153547702
5257.19	-0.0085078214447702
5258.86	-0.16197310221577021
5260.52	-0.0318333139867702
5262.19	-0.1487558034747702
5263.86	-0.014645206911770299
5265.53	-0.0866439322667702
5267.2	0.0955273312632296
5268.86	0.016900570323229697
5270.53	0.1616110637332296
5272.2	-0.0014030098767703059
5273.87	0.0728920020232296
5275.54	-0.0661077632987703
5277.2	0.0246992249702296
5278.87	-0.1025292173667702
5280.54	0.010290370628229698
5282.21	-0.1117679385452702
5283.87	-0.0230780115887703
5285.54	-0.1398372438167702
5287.21	-0.0112581421967703
5288.88	-0.1490233412887702
5290.55	-0.07773582279677041
5292.21	-0.2829360912867701
5293.88	-0.2015240642067702
5295.55	-0.3070563408867702
5297.22	-0.1785756558667702
5298.89	-0.2507315732267702
5300.55	-0.09861107968677019
5302.22	-0.2299885144267702
5303.89	-0.09740482016677021
5305.56	-0.2270333037767702
5307.23	-0.0719333992367702
5308.89	-0.1549542872567702
5310.56	-0.0203860093767703
5312.23	-0.16826650246677022
5313.9	-0.0564237149267702
5315.56	-0.24152134383677032
5317.23	-0.1379452467147702
5318.9	-0.3212086615467702
5320.57	-0.16246859039377032
5322.24	-0.30172475130357024
5323.9	-0.1356275952967702
5325.57	-0.2455246041967702
5327.24	-0.1217448716967702
5328.91	-0.2625477420417702
5330.58	-0.1198816493867702
5332.24	-0.2624143067467702
5333.91	-0.0832168167467703
5335.58	-0.1624025106967702
5337.25	-0.031043955166770304
5338.92	-0.1293409119567702
5340.58	-0.027941790708770297
5342.25	-0.1759823742947702
5343.92	-0.0292134868277702
5345.59	-0.1184839677067702
5347.25	0.0390747673332296
5348.92	-0.0326744517867703
5350.59	0.0859451573032297
5352.26	-0.047739488776770304
5353.93	0.0320437632632296
5355.59	-0.1125232071667703
5357.26	0.011626307733229698
5358.93	-0.0626703594367702
5360.6	0.0657141642032297
5362.27	-0.0685682299767703
5363.93	-0.004562805843770196
5365.6	-0.2092339165267702
5367.27	-0.1887531377617703
5368.94	-0.34512815630077026
5370.6	-0.2153624295267704
5372.27	-0.2199491522967702
5373.94	-0.0163252681207702
5375.61	-0.0764478080367702
5377.28	0.0534367598032296
5378.94	-0.1091531771767702
5380.61	-0.0172050447467703
5382.28	-0.1456631391067702
5383.95	0.0049824643182296985
5385.62	-0.0909325617567702
5387.28	0.0126527751882296
5388.95	-0.1757326264900702
5390.62	-0.0783078122967702
5392.29	-0.1839012702767702
5393.96	0.0168869976532296
5395.62	-0.0934876231067703
5397.29	0.0342473202432298
5398.96	-0.1434729737957703
5400.63	-0.1224887922067702
5402.29	-0.3513230328967702
5403.96	-0.2889941836167702
5405.63	-0.4002223215667702
5407.3	-0.22501147384677028
5408.97	-0.2917585290267702
5410.63	-0.1042087457467703
5412.3	-0.2012022084667702
5413.97	-0.07768852762477019
5415.64	-0.2224598626767702
5417.31	-0.1084224398367702
5418.97	-0.1502456490067703
5420.64	0.0500443702032297
5422.31	-0.043197480266770304
5423.98	0.11098674533322951
5425.65	-0.042793073646770395
5427.31	0.0721530784932296
5428.98	-0.0856484831567702
5430.65	0.004864117623229698
5432.32	-0.1542779695667702
5433.98	-0.0587367297467702
5435.65	-0.2150824655967702
5437.32	-0.0922323591567701
5438.99	-0.1747222686267702
5440.66	-0.014506650136770306
5442.32	-0.16939367161677021
5443.99	-0.06777211520677029
5445.66	-0.2326798858767703
5447.33	-0.12272421855677021
5449.0	-0.22922403497677019
5450.66	-0.0951767745367702
5452.33	-0.2228555633967702
5454.0	-0.1145319406677702
5455.67	-0.2850413937767702
5457.34	-0.1965744608067702
5459.0	-0.39090917943477
5460.67	-0.2806428114167702
5462.34	-0.4276557090127702
5464.01	-0.28808104989977024
5465.67	-0.3619017426367702
5467.34	-0.2102272979667702
5469.01	-0.3389673269637703
5470.68	-0.22328185252677019
5472.35	-0.3566792103667702
5474.01	-0.2400335885847702
5475.68	-0.3797882283567702
5477.35	-0.31091956652677016
5479.02	-0.4382158353074702
5480.69	-0.2811100009367703
5482.35	-0.3415182424167702
5484.02	-0.1015633797127701
5485.69	-0.0507738552547703
5487.36	0.1678261137232296
5489.03	0.08900157486322971
5490.69	0.1953778359932296
5492.36	0.019900401123229702
5494.03	0.1145487991032296
5495.7	-0.0246156091367703
5497.36	0.1181027320432296
5499.03	0.0360188372532297
5500.7	0.22384627654322958
5502.37	0.09049656489322969
5504.04	0.19253472807622962
5505.7	-0.0379341717667703
5507.37	-0.03024762431677029
5509.04	-0.27260469847677027
5510.71	-0.2019282463167702
5512.38	-0.3620742922067702
5514.04	-0.15894652580677032
5515.71	-0.18665843056677028
5517.38	0.0109921504182297
5519.05	-0.0807157870367703
5520.72	0.005333861863229702
5522.38	-0.2146194810467701
5524.05	-0.13384634215677021
5525.72	-0.32715785329677016
5527.39	-0.17785566325677019
5529.05	-0.26688550040677017
5530.72	-0.14418992795677033
5532.39	-0.24732241156877022
5534.06	-0.1171328282867704
5535.73	-0.24666711365277022
5537.39	-0.0474929612667702
5539.06	-0.1844880521797702
5540.73	-0.0644255688667703
5542.4	-0.2077167007887703
5544.07	-0.1401071144767702
5545.73	-0.2904653887967702
5547.4	-0.1746361939367702
5549.07	-0.2835096636467702
5550.74	-0.0816631333127702
5552.4	-0.1193713562137702
5554.07	0.0821509722832296
5555.74	-0.0177357147767703
5557.41	0.10025774778522961
5559.08	-0.1046251989867702
5560.74	-0.0689189091117703
5562.41	-0.3173404038267702
5564.08	-0.2300332371087702
5565.75	-0.3744962388077703
5567.42	-0.1458462607637703
5569.08	-0.17116227026677022
5570.75	0.1094339663132296
5572.42	0.10583624785322969
5574.09	0.3159166460932296
5575.76	0.12262351170122979
5577.42	0.1670093476232296
5579.09	-0.0672869096567702
5580.76	0.004353967893229699
5582.43	-0.1808850682867702
5584.09	-0.06833214003677021
5585.76	-0.2229547357067701
5587.43	-0.1005140666067702
5589.1	-0.2391742951067702
5590.77	-0.10750232636877019
5592.43	-0.1802935481867702
5594.1	0.0412419678332296
5595.77	-0.0456799658267703
5597.44	0.1100149737310296
5599.11	-0.07146803493677029
5600.77	-0.0168535066557703
5602.44	-0.22333851509677022
5604.11	-0.11598811996677019
5605.78	-0.2200076876597702
5607.45	-0.010241988274270301
5609.11	-0.07990892982787032
5610.78	0.0809658365682297
5612.45	-0.040351205694870294
5614.12	0.09572324448322951
5615.78	-0.029559370476770305
5617.45	0.0911883138932296
5619.12	-0.08578355894677021
5620.79	-0.0265048903167702
5622.46	-0.22601681407177032
5624.12	-0.12931144959477028
5625.79	-0.23427463335477022
5627.46	-0.046947063825770304
5629.13	-0.1495134873467702
5630.8	-0.0537446978407702
5632.46	-0.2231134041667703
5634.13	-0.1601391491367702
5635.8	-0.35312959753477025
5637.47	-0.27737409872877017
5639.14	-0.3886520222117702
5640.8	-0.2175289302267702
5642.47	-0.3524376144467702
5644.14	-0.2532344770967702
5645.81	-0.4215171395667703
5647.47	-0.3452494941167703
5649.14	-0.4569373012567702
5650.81	-0.3280448134467702
5652.48	-0.3737848055967701
5654.15	-0.1433713355567702
5655.81	-0.2479759382797702
5657.48	-0.1086747883167703
5659.15	-0.2001359499567701
5660.82	-0.1133730238167703
5662.49	-0.2233356003567702
5664.15	-0.1154768166967704
5665.82	-0.2281548218977702
5667.49	-0.022845141229770306
5669.16	-0.0834482803967702
5670.83	0.0831639800532296
5672.49	0.02157315642322971
5674.16	0.12285759118322971
5675.83	-0.0726386730167703
5677.5	-0.0234193525467702
5679.16	-0.2752176708110702
5680.83	-0.27979300334677026
5682.5	-0.5215373422667702
5684.17	-0.4163808257767704
5685.84	-0.4596434527367702
5687.5	-0.1727736500197702
5689.17	-0.15510458418677012
5690.84	0.1317315492942297
5692.51	0.0845046753632297
5694.18	0.20356279668922972
5695.84	0.02434499120322961
5697.51	0.1429798132832295
5699.18	-0.0380842874667703
5700.85	0.0433780997032297
5702.52	-0.1625900791197702
5704.18	-0.1094479518367702
5705.85	-0.3182693852247702
5707.52	-0.2374518195827702
5709.19	-0.3600970221817701
5710.85	-0.1476565323897702
5712.52	-0.22418383918677032
5714.19	-0.030549881876770303
5715.86	-0.1207477706467702
5717.53	-0.007743663696770292
5719.19	-0.2181048262967702
5720.86	-0.1728503627397702
5722.53	-0.36083280697677034
5724.2	-0.25358580283677024
5725.87	-0.3726052757667702
5727.53	-0.1512788539667702
5729.2	-0.2005403230367702
5730.87	-0.010452349816770304
5732.54	-0.10299811227477029
5734.2	0.0280363985232297
5735.87	-0.0919126067567701
5737.54	0.014263148491229699
5739.21	-0.1639684656767702
5740.88	-0.05106345838677019
5742.54	-0.2254754040867702
5744.21	-0.1164342586267704
5745.88	-0.2613927486367702
5747.55	-0.0984423248587702
5749.22	-0.2197121783787703
5750.88	-0.10242133391587019
5752.55	-0.2693856787067702
5754.22	-0.16345615364677019
5755.89	-0.3441855745527703
5757.56	-0.1808196074227702
5759.22	-0.2740404877677703
5760.89	-0.007544687416770304
5762.56	-0.024516405106770202
5764.23	0.1927356614692296
5765.89	0.1100021196532296
5767.56	0.1961646286632296
5769.23	-0.0500149342467703
5770.9	-0.0355880218567702
5772.57	-0.2246270377787701
5774.23	-0.1252770101067702
5775.9	-0.2410449717367702
5777.57	-0.0645699844867702
5779.24	-0.13158003369277022
5780.91	0.0137779637032296
5782.57	-0.1618067126907703
5784.24	-0.0389723446477703
5785.91	-0.1503914275197702
5787.58	-0.0656608826157703
5789.25	-0.2276051470647702
5790.91	-0.12104704123377032
5792.58	-0.26652396159677016
5794.25	-0.0896449551567703
5795.92	-0.22180216198377023
5797.58	-0.057236377396770295
5799.25	-0.1593368439667702
5800.92	-0.07223180577077032
5802.59	-0.1511676211367703
5804.26	0.016581030688229692
5805.92	-0.0655692393967702
5807.59	0.0858335231532296
5809.26	-0.06355211496677031
5810.93	0.005701501113229701
5812.6	-0.17481269939477018
5814.26	-0.11112665857877028
5815.93	-0.2545242108667704
5817.6	-0.1681792514023704
5819.27	-0.3292536128041702
5820.94	-0.2687677388727704
5822.6	-0.42630483019677007
5824.27	-0.3114219020167703
5825.94	-0.4091400163467702
5827.61	-0.2263760418467702
5829.27	-0.2434683313767703
5830.94	-0.0183196259767704
5832.61	-0.1092169376467703
5834.28	-0.00017304980977030093
5835.95	-0.2020693334207701
5837.61	-0.1500356418867702
5839.28	-0.27449918481677027
5840.95	-0.1399915690767703
5842.62	-0.25505110823677024
5844.29	-0.1362143649567702
5845.95	-0.30956587621677023
5847.62	-0.16776232735177019
5849.29	-0.2059308344257701
5850.96	-0.0025522234367701957
5852.63	0.0097801488132297
5854.29	0.2196557115432296
5855.96	0.0736859176932297
5857.63	0.1411358915532298
5859.3	-0.0282796386367703
5860.96	0.015290336643229693
5862.63	-0.16710224604677032
5864.3	-0.13392726905677022
5865.97	-0.3036608214267702
5867.64	-0.2003165447767702
5869.3	-0.3077782153337703
5870.97	-0.1383085097167703
5872.64	-0.1826897078067703
5874.31	0.0316136210032296
5875.98	-0.0905113168267703
5877.64	0.05691575059322971
5879.31	-0.016006753496770304
5880.98	0.10803778645522971
5882.65	-0.009985276840770302
5884.32	0.1269226685482296
5885.98	-0.056272353296770196
5887.65	0.04177036695322969
5889.32	-0.1430617003467702
5890.99	-0.058331257197770305
5892.65	-0.1834668556867702
5894.32	-0.08890448704677031
5895.99	-0.2677821242657702
5897.66	-0.1891672391667703
5899.33	-0.3999137696057702
5900.99	-0.2417273028767702
5902.66	-0.3503150203307702
5904.33	-0.1703857114067702
5906.0	-0.2317653973797701
5907.67	-0.0541931855167702
5909.33	-0.1265742114567702
5911.0	0.0733732210332296
5912.67	-0.056322305476770196
5914.34	0.0899952483132295
5916.0	-0.1183711075367702
5917.67	-0.0661467661167701
5919.34	-0.2598476643267703
5921.01	-0.1085287255567703
5922.68	-0.1837212788197702
5924.34	0.038159602537229706
5926.01	-0.0365057745867703
5927.68	0.09184953095322959
5929.35	-0.1090761188967703
5931.02	-0.0618379430367703
5932.68	-0.24705409251677019
5934.35	-0.08566364877077019
5936.02	-0.1958983514957702
5937.69	0.005466133873229698
5939.36	-0.0695054298567702
5941.02	0.07100578116222961
5942.69	-0.08056210264677019
5944.36	0.0455316012352298
5946.03	-0.07825062663677021
5947.69	0.0704735538632296
5949.36	-0.1479132759667702
5951.03	-0.1283935666167702
5952.7	-0.34067888247677025
5954.37	-0.27241844871677023
5956.03	-0.4016924449067702
5957.7	-0.1847323190467703
5959.37	-0.2185252800767703
5961.04	-0.022713834041770305
5962.71	-0.1280734023117702
5964.37	-0.028740064516770296
5966.04	-0.1792956027237702
5967.71	-0.1016905378327702
5969.38	-0.2456796378127702
5971.05	-0.0800725469667703
5972.71	-0.1829891998667702
5974.38	0.014670885713229796
5976.05	-0.0466197669307703
5977.72	0.08664719089322971
5979.38	-0.0683258010507703
5981.05	0.0397676010602296
5982.72	-0.0762100690267702
5984.39	0.05183290638322971
5986.06	-0.09987198709677031
5987.72	0.013357053413229694
5989.39	-0.1469849057667702
5991.06	-0.0736899896267702
5992.73	-0.2482007760367702
5994.4	-0.1698487022127702
5996.06	-0.2990961575777702
5997.73	-0.2085572487137702
5999.4	-0.3450778494537702
6001.07	-0.2366722819067702
6002.74	-0.35309663929677015
6004.4	-0.2410060116127702
6006.07	-0.3692504290967702
6007.74	-0.24312754067677023
6009.41	-0.3506991199697702
6011.07	-0.1733215114467703
6012.74	-0.24697612604677022
6014.41	-0.11111680131677029
6016.08	-0.1613081136867702
6017.75	0.0393513623222297
6019.41	-0.04557597091677021
6021.08	0.11519551021722971
6022.75	-0.0378715302617703
6024.42	0.0756226508732297
6026.09	-0.0992694382967703
6027.75	0.009317771803229694
6029.42	-0.1107473282867703
6031.09	0.0315038536232297
6032.76	-0.0984459067987703
6034.43	-0.004131692246770301
6036.09	-0.2075901797967701
6037.76	-0.1005506565478702
6039.43	-0.2394641361767702
6041.1	-0.0862673147467702
6042.76	-0.1687658858937702
6044.43	-0.0199919598577703
6046.1	-0.10625013570477021
6047.77	0.030087853513229602
6049.44	-0.11757964474677021
6051.1	-0.0008093159167703035
6052.77	-0.1716494028067702
6054.44	-0.1176363762037702
6056.11	-0.3014652308637702
6057.78	-0.1970312790067702
6059.44	-0.3514812344367702
6061.11	-0.2292708607707703
6062.78	-0.4118619034667701
6064.45	-0.2737865250367702
6066.11	-0.47751027662877027
6067.78	-0.3829766898687702
6069.45	-0.5166309162327702
6071.12	-0.31600107694677027
6072.79	-0.32549139906477026
6074.45	-0.07120792398977029
6076.12	-0.07026406065177021
6077.79	0.2375869642832296
6079.46	0.1707945570332297
6081.13	0.2910829124332297
6082.79	0.1006866960362297
6084.46	0.0797767382137296
6086.13	-0.1089880982567701
6087.8	-0.0766333578737702
6089.47	-0.2747840285367702
6091.13	-0.1644493000867702
6092.8	-0.2766273216967702
6094.47	-0.15778079328577022
6096.14	-0.2867009841367702
6097.8	-0.2081088572667702
6099.47	-0.3572880796467702
6101.14	-0.24583216075677009
6102.81	-0.35316366062677024
6104.48	-0.16768775322577031
6106.14	-0.1482114412567702
6107.81	0.08141177438322961
6109.48	0.010320966399229692
6111.15	0.0983436413732296
6112.82	-0.1205503932987702
6114.48	-0.08388385136077019
6116.15	-0.2595856359247703
6117.82	-0.16248725208377018
6119.49	-0.2602726256787702
6121.16	-0.1052022639197702
6122.82	-0.1835575321937701
6124.49	-0.0883593917287702
6126.16	-0.2103035178027702
6127.83	-0.09262860886777019
6129.49	-0.1395280071677702
6131.16	0.0265991994932297
6132.83	-0.042003194212770295
6134.5	0.1187545483052296
6136.17	0.025395387543229703
6137.83	0.12454093467322971
6139.5	0.002309855893229705
6141.17	0.0932989437482296
6142.84	-0.0196496927557702
6144.51	0.040306410273229704
6146.17	-0.1494012122757702
6147.84	-0.0688441518497703
6149.51	-0.2280259735467703
6151.18	-0.0852124608967703
6152.85	-0.18457811944677022
6154.51	0.052708958753229555
6156.18	0.1007016793832297
6157.85	0.3481191752632297
6159.52	0.2718955855332297
6161.18	0.33860047149422967
6162.85	0.0500902837732297
6164.52	0.0218015533632296
6166.19	-0.2135475179067701
6167.86	-0.0926929490067703
6169.52	-0.1311861807967702
6171.19	0.0411371660132295
6172.86	-0.0404964398567703
6174.53	0.0541967028932297
6176.2	-0.1155480784867703
6177.86	0.0081583389292297
6179.53	-0.0969026925067702
6181.2	0.058703947110229596
6182.87	-0.034923845019770305
6184.54	0.0803583227732296
6186.2	-0.015944491638770292
6187.87	0.0477330211742297
6189.54	-0.1603365797667702
6191.21	-0.1078711528447702
6192.87	-0.2827597746177702
6194.54	-0.17409735991677022
6196.21	-0.2245037756577702
6197.88	-0.012950072746770201
6199.55	-0.0897807509537702
6201.21	0.018171876543229697
6202.88	-0.20081644201677018
6204.55	-0.16879166935677029
6206.22	-0.3560577917267702
6207.89	-0.27384334590677023
6209.55	-0.3928939442097702
6211.22	-0.1931719345907702
6212.89	-0.2916207431887702
6214.56	-0.0852366223637703
6216.23	-0.1817922834837702
6217.89	-0.0163526715767704
6219.56	-0.1438750362067702
6221.23	-0.0271343560217703
6222.9	-0.2132879084037702
6224.56	-0.1165170364787702
6226.23	-0.2925678101567702
6227.9	-0.1898398987847702
6229.57	-0.2984233824097702
6231.24	-0.1609440827867702
6232.9	-0.34113734891677017
6234.57	-0.2264380524667702
6236.24	-0.3931063149347702
6237.91	-0.2379580120767702
6239.58	-0.2780874808967702
6241.24	-0.08897623026677019
6242.91	-0.1521830027717703
6244.58	-0.0969087091767703
6246.25	-0.3284819033167702
6247.91	-0.2870763493667702
6249.58	-0.4142324558029701
6251.25	-0.2692754290237701
6252.92	-0.3688135514067702
6254.59	-0.2469855819467702
6256.25	-0.4203866041867702
6257.92	-0.35372415814677016
6259.59	-0.4812613157467703
6261.26	-0.3523474595567702
6262.93	-0.3814363621227702
6264.59	-0.1644971593867702
6266.26	-0.2482040907867702
6267.93	-0.0551387988597703
6269.6	-0.1954636483267702
6271.27	-0.0818128498567702
6272.93	-0.2235178056567703
6274.6	-0.14450723419577038
6276.27	-0.29814693754677013
6277.94	-0.12368525839677019
6279.6	-0.2451837503367702
6281.27	-0.0609827183367703
6282.94	-0.1218182612977704
6284.61	0.011652500414229688
6286.28	-0.10503765979677031
6287.94	-0.034963909546770394
6289.61	-0.2173864986737701
6291.28	-0.1099810045367703
6292.95	-0.2279235685367702
6294.62	-0.056032865489770295
6296.28	-0.0756740101967702
6297.95	0.035074950613129596
6299.62	-0.1072473732837703
6301.29	-0.0919572828037703
6302.96	-0.31899156439677023
6304.62	-0.2176473754397703
6306.29	-0.2691043402307702
6307.96	0.010893471547229694
6309.63	0.012048034037229698
6311.29	0.1164560309073295
6312.96	-0.12129658822877021
6314.63	-0.0249558936507701
6316.3	-0.17953314665977022
6317.97	0.0687942253752296
6319.63	0.10046768886432969
6321.3	0.4426066536072296
6322.97	0.37448031951322974
6324.64	0.4195065090932296
6326.31	0.0651937533232296
6327.97	0.0016182468832297014
6329.64	-0.3247285085667702
6331.31	-0.34216317823677017
6332.98	-0.5077036913067702
6334.65	-0.3161154718167703
6336.31	-0.33751855220407023
6337.98	-0.1246634331267701
6339.65	-0.2460793160867702
6341.32	-0.1562805040567702
6342.98	-0.3174291576167702
6344.65	-0.2840267433967703
6346.32	-0.4447277954467702
6347.99	-0.3058161037067703
6349.66	-0.4271370874167701
6351.32	-0.2611330491767702
6352.99	-0.3706398018567702
6354.66	-0.2507993172377702
6356.33	-0.3649702031717702
6358.0	-0.2246088382667702
6359.66	-0.37720409024877033
6361.33	-0.2506417078867702
6363.0	-0.31839204933677023
6364.67	-0.14899619062677022
6366.34	-0.21146734018877011
6368.0	-0.06578781875157019
6369.67	-0.2477637435347702
6371.34	-0.14305435305677028
6373.01	-0.2564639198687702
6374.67	-0.1077416119067702
6376.34	-0.1405019606367702
6378.01	0.0516201869232297
6379.68	-0.1419935623067702
6381.35	-0.0873341086567702
6383.01	-0.3388702370667702
6384.68	-0.2704849894631702
6386.35	-0.3786994339867702
6388.02	-0.17692531924677019
6389.69	-0.1866814895167703
6391.35	0.0107930827532296
6393.02	-0.1839875728167703
6394.69	-0.1304583090567702
6396.36	-0.4258531718367702
6398.03	-0.4278865896467702
6399.69	-0.6173305315847701
6401.36	-0.4970305088427702
6403.03	-0.5583174928267702
6404.7	-0.3734632746967702
6406.36	-0.3931034490617702
6408.03	-0.15811100988677018
6409.7	-0.1742906581267702
6411.37	0.005591564473229602
6413.04	-0.1006851594927703
6414.7	0.030965938023229694
6416.37	-0.1185335948167703
6418.04	-0.0276430952567703
6419.71	-0.11415090849677029
6421.38	0.015494025112229692
6423.04	-0.0776219270317702
6424.71	0.01719786673322969
6426.38	-0.10856805682677031
6428.05	0.05451985354722969
6429.71	-0.04985673176677031
6431.38	0.10619596792322959
6433.05	-0.0535910444767703
6434.72	-0.025727434019770297
6436.39	-0.2479648536457702
6438.05	-0.2683698596267702
6439.72	-0.4638223810207701
6441.39	-0.30277769889577016
6443.06	-0.42157140667077025
6444.73	-0.32788452430677023
6446.39	-0.5095938465967702
6448.06	-0.4380077585067701
6449.73	-0.5149830873867701
6451.4	-0.2245893160467703
6453.07	-0.1585400380487702
6454.73	0.1306656382522295
6456.4	0.09347519851322972
6458.07	0.1535266017032297
6459.74	-0.07464394638477029
6461.4	-0.028971179796770302
6463.07	-0.1968676846207702
6464.74	-0.0351496816037702
6466.41	-0.06911855031677011
6468.08	0.1024486457932296
6469.74	0.0238848781032297
6471.41	0.13245307786322952
6473.08	-0.09169066565777009
6474.75	-0.0236412778647703
6476.42	-0.1988332432067702
6478.08	-0.030143477186770302
6479.75	-0.0823940686867702
6481.42	0.0609156180742296
6483.09	-0.0653413876827703
6484.76	0.013407819327229703
6486.42	-0.1627377160667702
6488.09	-0.0938121373747702
6489.76	-0.2650562319067702
6491.43	-0.12355340624677019
6493.09	-0.2190670490567703
6494.76	-0.0881336886667703
6496.43	-0.1520398930267703
6498.1	-0.0243314615667704
6499.77	-0.0818848374327703
6501.43	0.022946788773229698
6503.1	-0.0709976378267703
6504.77	0.0785287337932297
6506.44	-0.0221708808667703
6508.11	0.10782689840322959
6509.77	0.0183810490332298
6511.44	0.1436886810632296
6513.11	0.0850933585932296
6514.78	0.17403613875322968
6516.45	0.1068959937932296
6518.11	0.1887696077532296
6519.78	0.0351622053932295
6521.45	0.0422927597322297
6523.12	-0.1270123109467702
6524.78	-0.0841979298967703
6526.45	-0.1844017099567702
6528.12	-0.08594589992377011
6529.79	-0.1503141535967702
6531.46	-0.0440880605267702
6533.12	-0.1916294123467702
6534.79	-0.1912419990017702
6536.46	-0.3339933686057702
6538.13	-0.2252673890384701
6539.8	-0.2697230990277702
6541.46	-0.09390228186677019
6543.13	-0.17448748964677022
6544.8	-0.0282784086267702
6546.47	-0.1654852900467702
6548.14	-0.051925607476770205
6549.8	-0.1420844615507701
6551.47	0.0030099811532297016
6553.14	-0.04225081056677031
6554.81	0.0728127509332297
6556.47	-0.0874957112167703
6558.14	-0.0080370568960703
6559.81	-0.15897218246677008
6561.48	-0.0024224284967704
6563.15	-0.1462467730587702
6564.81	-0.0720753865467703
6566.48	-0.1990218673397702
6568.15	-0.07072181078677009
6569.82	-0.19688467783877023
6571.49	-0.0532447059587702
6573.15	-0.1753189744867702
6574.82	-0.0891434743867702
6576.49	-0.3266394545207702
6578.16	-0.2812250043455704
6579.83	-0.4204585674337702
6581.49	-0.2316973028377701
6583.16	-0.3112461077367702
6584.83	-0.1566763360047702
6586.5	-0.2337089549767702
6588.16	-0.0777531379967702
6589.83	-0.1691910992467702
6591.5	0.0143757375632296
6593.17	-0.0305102681667702
6594.84	0.2147076571432296
6596.5	0.1166842895132296
6598.17	0.24944124415622948
6599.84	0.06220670697822979
6601.51	0.10981261901022969
6603.18	-0.0836497372667702
6604.84	0.028368526453229598
6606.51	-0.0456730895367703
6608.18	0.2503177062132297
6609.85	0.19646131271322959
6611.51	0.3507948836332296
6613.18	0.1479285084662298
6614.85	0.2263314408362297
6616.52	0.04475587877322981
6618.19	0.1067144335932297
6619.85	0.031480706123229674
6621.52	0.21150125969322958
6623.19	0.07709457101222969
6624.86	0.1680565013252297
6626.53	-0.0650393193067703
6628.19	-0.0286211734667704
6629.86	-0.1940786962667702
6631.53	-0.1079866645467702
6633.2	-0.1541943607067702
6634.87	0.14187475444022968
6636.53	0.1791522396142297
6638.2	0.4268064068732296
6639.87	0.3077415612335297
6641.54	0.3406907664032296
6643.2	0.0549033641942296
6644.87	0.0878054772142296
6646.54	-0.07118108831677031
6648.21	0.08968392805322972
6649.88	0.0347346709022297
6651.54	0.2321989251582297
6653.21	0.14807717017222968
6654.88	0.2799153431692296
6656.55	0.1618137888032297
6658.22	0.21902909218322958
6659.88	0.0372749192492297
6661.55	0.02380087104322961
6663.22	-0.2102424198957702
6664.89	-0.1188328091667703
6666.56	-0.2132285002967702
6668.22	-0.0600922223567702
6669.89	-0.0920313212867703
6671.56	0.0556337102632296
6673.23	0.02329613523322971
6674.89	0.1693902160442297
6676.56	0.0330662775672297
6678.23	0.1135389314202296
6679.9	-0.0989799168967702
6681.57	-0.0592253010039702
6683.23	-0.2223654034397702
6684.9	-0.0794998262867702
6686.57	-0.14455768455677018
6688.24	0.034977943233229704
6689.91	-0.0830389739567704
6691.57	-0.005643640526770299
6693.24	-0.2069343678267703
6694.91	-0.1841014113867703
6696.58	-0.40008400641677017
6698.25	-0.2778473845667702
6699.91	-0.4190748504667703
6701.58	-0.3015007147567702
6703.25	-0.3966814697367702
6704.92	-0.3140319050667702
6706.58	-0.43399475563777024
6708.25	-0.32880098155677023
6709.92	-0.44082846045677015
6711.59	-0.2010801812297702
6713.26	-0.2600760694267702
6714.92	-0.09069761252677021
6716.59	-0.1758887015567702
6718.26	-0.1378791093918701
6719.93	-0.39352407103677023
6721.6	-0.3730452315367702
6723.26	-0.5455884779495702
6724.93	-0.3761665606057702
6726.6	-0.47630871331677016
6728.27	-0.2656658080167702
6729.94	-0.3049045487867702
6731.6	-0.1463848866095703
6733.27	-0.2923693393637702
6734.94	-0.1234321572467702
6736.61	-0.1584739417367702
6738.27	0.0683105055432297
6739.94	0.004251224793229688
6741.61	0.19247035050322972
6743.28	0.0711522535532296
6744.95	0.09569709008422969
6746.61	-0.1801317788567702
6748.28	-0.1285385009387703
6749.95	-0.2839568807367701
6751.62	-0.12233306992677041
6753.29	-0.20141497678877018
6754.95	-0.0530434434867703
6756.62	-0.1870785495967703
6758.29	-0.05468948577677031
6759.96	-0.16778763981677028
6761.63	-0.010617939706770302
6763.29	-0.1857357696067703
6764.96	-0.1710054298967702
6766.63	-0.4455683649767702
6768.3	-0.4967412534467702
6769.96	-0.7096419164067702
6771.63	-0.5851019574981702
6773.3	-0.6524794078967701
6774.97	-0.4302144391467701
6776.64	-0.5211893372597701
6778.3	-0.3220435370647702
6779.97	-0.3450035059677702
6781.64	-0.1881504946387702
6783.31	-0.22284941704977018
6784.98	-0.0667560140667702
6786.64	-0.13618732576677028
6788.31	0.0391968342182297
6789.98	-0.11068008082377029
6791.65	0.01221581911322972
6793.31	-0.12380666682177029
6794.98	-0.057282624336770296
6796.65	-0.1384470014667701
6798.32	-0.025006841393770296
6799.99	-0.1226094612473702
6801.65	0.0178763159332297
6803.32	-0.1386025943677702
6804.99	0.029300072350229703
6806.66	-0.04234788982877029
6808.33	0.1251758140332298
6809.99	0.0260019110752297
6811.66	0.1546938734032297
6813.33	0.0378030142732297
6815.0	0.24531956451322962
6816.67	0.1627368919332296
6818.33	0.3740725579032297
6820.0	0.1858855284432296
6821.67	0.19067163335322967
6823.34	-0.1434562942867702
6825.0	-0.22356094717677022
6826.67	-0.4093711144267702
6828.34	-0.2534649228717701
6830.01	-0.3073717602087702
6831.68	-0.049622154376770186
6833.34	-0.0737333647267702
6835.01	0.1440310008332297
6836.68	0.0660254683732297
6838.35	0.1634144937732297
6840.02	0.0483518209232298
6841.68	0.0726384466132297
6843.35	-0.1062257484667701
6845.02	-0.0572778795567703
6846.69	-0.1935894425767703
6848.36	0.013525805443229705
6850.02	-0.14673113879677038
6851.69	-0.07479597714677029
6853.36	-0.24415088423677017
6855.03	-0.2132609326467702
6856.69	-0.2414514962107701
6858.36	-0.0308568810423703
6860.03	-0.023142262279770287
6861.7	0.2174975520532297
6863.37	0.02826905763322969
6865.03	0.019134272593229792
6866.7	-0.2139549984577702
6868.37	-0.2521193184327703
6870.04	-0.3712760973467702
6871.71	-0.3465763265967702
6873.37	-0.4972317886867701
6875.04	-0.39227354145677024
6876.71	-0.5330557398857703
6878.38	-0.35494343521477023
6880.05	-0.4043486248107701
6881.71	-0.2802283606237702
6883.38	-0.35276779116967016
6885.05	-0.3133793728797702
6886.72	-0.5159752665967703
6888.38	-0.43915655288677025
6890.05	-0.5828898631747702
6891.72	-0.35989308011677024
6893.39	-0.34203156655677025
6895.06	-0.0489278253067702
6896.72	-0.0434216420667703
6898.39	0.1429604510362297
6900.06	0.04590911934322971
6901.73	0.11863208959522971
6903.4	-0.0664763402567703
6905.06	-0.0024075851767702966
6906.73	-0.2494860856867702
6908.4	-0.2292985384167702
6910.07	-0.4555979715267702
6911.74	-0.3558424086267703
6913.4	-0.4483017819807702
6915.07	-0.2359951078667702
6916.74	-0.33608381866877024
6918.41	-0.14887598528677032
6920.07	-0.2815549433067702
6921.74	-0.1347039828567703
6923.41	-0.2220530777947702
6925.08	0.0017312663602297024
6926.75	-0.1068770085067702
6928.41	0.0390429094228297
6930.08	-0.1471009751467702
6931.75	-0.010698993356770301
6933.42	-0.1703412556967701
6935.09	-0.004143937856770294
6936.75	-0.0965280634667703
6938.42	0.0601231467132297
6940.09	-0.040917638856770314
6941.76	0.08600321689322969
6943.42	-0.006217811126770299
6945.09	0.1981075679232296
6946.76	0.0584666365032296
6948.43	0.1578276193732296
6950.1	-0.0788493340787703
6951.76	-0.09682464950677029
6953.43	-0.3098217014767703
6955.1	-0.1850767621657703
6956.77	-0.18507682196977038
6958.44	0.1345655161322295
6960.1	0.1053609739732296
6961.77	0.3121763074332296
6963.44	0.1864702956232296
6965.11	0.2050995576352296
6966.78	-0.0027691895167702985
6968.44	0.0523652726032297
6970.11	-0.20329707859477028
6971.78	-0.0502747827137702
6973.45	-0.1456974240167702
6975.11	0.0125616181032297
6976.78	-0.06633738509477029
6978.45	-0.020340174606770303
6980.12	-0.1835053921967702
6981.79	-0.1114067332467702
6983.45	-0.2811322969367702
6985.12	-0.1396460093367702
6986.79	-0.2295199415567702
6988.46	-0.06174880667677039
6990.13	-0.30722565870297025
6991.79	-0.35126948785677026
6993.46	-0.6602120763509702
6995.13	-0.6905996357387704
6996.8	-0.8740426661567702
6998.47	-0.78157996052677
7000.13	-0.8332321301627703
7001.8	-0.5806140356167702
7003.47	-0.6382106924567702
7005.14	-0.4056904495467702
7006.8	-0.5153197205067701
7008.47	-0.23482374581187027
7010.14	-0.2177167230367701
7011.81	0.0011917769202296064
7013.48	0.023427435593229712
7015.14	0.21918705863822968
7016.81	0.17174851477322972
7018.48	0.4097413162932296
7020.15	0.3985753596222296
7021.82	0.6686230213632296
7023.48	0.6353086933232295
7025.15	0.7803820400712295
7026.82	0.5889152222652296
7028.49	0.5842603388532295
7030.16	0.2732587864932297
7031.82	0.23921962415322962
7033.49	-0.0450410108567703
7035.16	-0.11333502024677028
7036.83	-0.36631022411677017
7038.49	-0.3252048779267703
7040.16	-0.43852884849677026
7041.83	-0.23052368903677029
7043.5	-0.3308785980967704
7045.17	-0.21226419333677032
7046.83	-0.4691980449867702
7048.5	-0.4375883817067702
7050.17	-0.58116896854677
7051.84	-0.3876500813987702
7053.51	-0.3708888674367702
7055.17	-0.13298902137377022
7056.84	-0.2620041730717702
7058.51	-0.11761654330677021
7060.18	-0.2736880752617702
7061.85	-0.11249444914677029
7063.51	-0.1925989995847704
7065.18	-0.0665269641067703
7066.85	-0.2185422085867703
7068.52	-0.2035798900667701
7070.18	-0.4844025332667702
7071.85	-0.3972842895097701
7073.52	-0.5222974120487702
7075.19	-0.3103279389267704
7076.86	-0.4080433897397703
7078.52	-0.31130377206677035
7080.19	-0.46524570786677016
7081.86	-0.4625302084167702
7083.53	-0.73388346600677
7085.2	-0.6458144904457701
7086.86	-0.8263149148867701
7088.53	-0.6571846607457703
7090.2	-0.7290387435567702
7091.87	-0.4562824232967702
7093.54	-0.35049436008177026
7095.2	0.09138764367922969
7096.87	0.1579742984402297
7098.54	0.4053888220232295
7100.21	0.2885098831842296
7101.87	0.37038643299622953
7103.54	0.2329150962262297
7105.21	0.34367256003222957
7106.88	0.13545948372322958
7108.55	0.22851255765152972
7110.21	-0.09103249313277019
7111.88	-0.19669151846677038
7113.55	-0.4641683747757702
7115.22	-0.34826651829677036
7116.89	-0.4149469038027702
7118.55	-0.1521882035867702
7120.22	-0.2009268078867702
7121.89	0.015981928639229717
7123.56	-0.14889281707177032
7125.22	-0.0852853363167703
7126.89	-0.2864016152807702
7128.56	-0.1567838874677702
7130.23	-0.30059247032677017
7131.9	-0.16315622591677031
7133.56	-0.3074480347367703
7135.23	-0.18391292067977033
7136.9	-0.3282621370487702
7138.57	-0.15424847463677038
7140.24	-0.24811355372677021
7141.9	-0.1007624338847703
7143.57	-0.1722125153167703
7145.24	-0.0392583471057702
7146.91	-0.15957402110677021
7148.58	-0.0590175817567702
7150.24	-0.1844821193217702
7151.91	-0.0505702112867702
7153.58	-0.1434345405767702
7155.25	0.0063272854692297004
7156.91	-0.0670858939967703
7158.58	0.07288491152322968
7160.25	-0.09560886594677029
7161.92	-0.020143340916770294
7163.59	-0.3126048461167702
7165.25	-0.29805680061977025
7166.92	-0.4865276829127703
7168.59	-0.39216033355677027
7170.26	-0.4990702130267702
7171.93	-0.2382745978807703
7173.59	-0.2617150968467702
7175.26	0.0496681134232297
7176.93	-0.0800359930767702
7178.6	0.0206918684232297
7180.27	-0.15934957980677028
7181.93	-0.1495520443117703
7183.6	-0.4574165543677702
7185.27	-0.4032509680067702
7186.94	-0.5738303660277702
7188.6	-0.4458759318717701
7190.27	-0.5530343711287703
7191.94	-0.3968106205967702
7193.61	-0.5240575376867702
7195.28	-0.3394669540767702
7196.94	-0.45221140309677027
7198.61	-0.1935421147987703
7200.28	-0.16572228156577018
7201.95	0.09745128657322971
7203.62	-0.0191992783137703
7205.28	0.0827328599632297
7206.95	-0.13948514546677018
7208.62	-0.058597550156770296
7210.29	-0.3258124178067703
7211.96	-0.2389034196667702
7213.62	-0.4730225987167702
7215.29	-0.4438029300367702
7216.96	-0.6599025909367702
7218.63	-0.5557163800027702
7220.29	-0.6320226898167702
7221.96	-0.3889223228767701
7223.63	-0.44786759061677006
7225.3	-0.22551873171677012
7226.97	-0.31308897761677024
7228.63	-0.1661615218667702
7230.3	-0.2843901640967702
7231.97	-0.1481549561239702
7233.64	-0.2122069553457703
7235.31	-0.0606002846867703
7236.97	-0.1854578537347702
7238.64	-0.0856768747226303
7240.31	-0.28041971599177007
7241.98	-0.20924313807677009
7243.65	-0.3190372299067703
7245.31	-0.1621625699067703
7246.98	-0.2210886594067702
7248.65	-0.0707560898567704
7250.32	-0.2427693096398702
7251.98	-0.0850546609567703
7253.65	-0.2504728374967702
7255.32	-0.1132079634367702
7256.99	-0.1857567441667702
7258.66	0.0320434264332297
7260.32	0.0525279535632297
7261.99	0.3034000599132297
7263.66	0.1928021037582297
7265.33	0.3409859847632296
7267.0	0.17961714062922968
7268.66	0.1418089746732296
7270.33	-0.1180274549967702
7272.0	-0.09668061283677029
7273.67	-0.2483827737567702
7275.34	-0.08494622549677029
7277.0	-0.0998386618467702
7278.67	0.0727771261592296
7280.34	0.0538838783442297
7282.01	0.1334141124332296
7283.67	-0.04106840751577019
7285.34	0.0382855409232296
7287.01	-0.1161784382867702
7288.68	-0.0924864956367701
7290.35	-0.2984385725131703
7292.01	-0.3331122495097702
7293.68	-0.5452193877667701
7295.35	-0.3863003138267702
7297.02	-0.3706358944107702
7298.69	-0.032554604154770295
7300.35	0.06762230225322968
7302.02	0.2350311914732297
7303.69	0.08668290802322973
7305.36	0.09847451461922971
7307.02	-0.16947717426677011
7308.69	-0.1567942907947703
7310.36	-0.3762498388177702
7312.03	-0.2641868695588703
7313.7	-0.4275682324727701
7315.36	-0.2454774911167702
7317.03	-0.30938410994677024
7318.7	-0.058895292676770294
7320.37	-0.1422937612478703
7322.04	0.04940700798322971
7323.7	-0.10657986005677039
7325.37	0.1283034056532297
7327.04	-0.005237844156770394
7328.71	0.1733316489692297
7330.38	0.020001147083929693
7332.04	0.1207556951732296
7333.71	-0.16999670882677032
7335.38	-0.0917668948027702
7337.05	-0.2740790949117702
7338.71	-0.1073444908617703
7340.38	-0.20590452749177018
7342.05	-0.06683550560177029
7343.72	-0.2034033475867702
7345.39	-0.028620948187770293
7347.05	-0.1938291608167703
7348.72	-0.0683361752667702
7350.39	-0.2404509532567702
7352.06	-0.1028986540167702
7353.73	-0.2775059480267702
7355.39	-0.1481624822767703
7357.06	-0.2843541277367702
7358.73	-0.006813427486770399
7360.4	-0.009644971056770313
7362.07	0.21526333198322958
7363.73	0.11981626654722971
7365.4	0.3038324087362296
7367.07	0.10427119700122969
7368.74	0.2408914323232296
7370.4	0.0886171842727297
7372.07	0.2415324944992296
7373.74	0.1494273348632297
7375.41	0.22098977111322948
7377.08	0.031297545483229695
7378.74	0.17107339653322962
7380.41	0.0052671214732297
7382.08	0.1273845158332296
7383.75	0.0022397946501397006
7385.42	0.1768596100932296
7387.08	0.0554197361832298
7388.75	0.1803436355732297
7390.42	-0.045798849876770395
7392.09	-0.0441278501867703
7393.76	-0.36183291032677023
7395.42	-0.4563351128067703
7397.09	-0.7054949833967703
7398.76	-0.5463418322267702
7400.43	-0.6266097107367702
7402.09	-0.3633076393731701
7403.76	-0.42501002940277033
7405.43	-0.2683204310467703
7407.1	-0.4662893120337701
7408.77	-0.4155731186507702
7410.43	-0.4230724079037702
7412.1	-0.1399070079867703
7413.77	-0.0585012783867703
7415.44	0.24050326876322978
7417.11	0.1269046989132297
7418.77	0.19126449973222986
7420.44	-0.16872765354677027
7422.11	-0.3625502554907702
7423.78	-0.6633384835777703
7425.45	-0.6341579552767702
7427.11	-0.6753084621247702
7428.78	-0.3726464601167702
7430.45	-0.2546522052967701
7432.12	0.0517862746832299
7433.78	0.0032484380632297003
7435.45	0.12095072163322962
7437.12	-0.0216831663667703
7438.79	0.10769516900322969
7440.46	-0.033002012366770306
7442.12	0.0957182637432297
7443.79	-0.014917650848770309
7445.46	0.17896082254322979
7447.13	0.12170619573322969
7448.8	0.2791958131032297
7450.46	0.1659375219232298
7452.13	0.2730059697832295
7453.8	0.10531797905322961
7455.47	0.18853704387222958
7457.14	-0.0104916794527703
7458.8	0.0901865411432297
7460.47	-0.1013712836667702
7462.14	0.0287157568192297
7463.81	-0.0506738245567703
7465.47	0.12598101178122972
7467.14	0.12039435226322973
7468.81	0.2702567396032298
7470.48	0.12475042731622972
7472.15	0.2510895272932297
7473.81	0.0729466774832298
7475.48	0.1771065924242296
7477.15	0.027563063748229713
7478.82	0.0455707024970297
7480.49	-0.1173022576067702
7482.15	-0.050746789676770196
7483.82	-0.24873171723677007
7485.49	-0.1771500431767703
7487.16	-0.2958492336767703
7488.82	-0.08413601357177031
7490.49	-0.0420087227267703
7492.16	0.1942210402632297
7493.83	0.1564713731132296
7495.5	0.28983269051322946
7497.16	0.10483151880622969
7498.83	0.054084828890229704
7500.5	-0.1697265567167702
7502.17	-0.1217264918157702
7503.84	-0.2798552470567703
7505.5	-0.1416919103267702
7507.17	-0.23525697415677
7508.84	-0.1113668720867703
7510.51	-0.2154798561467703
7512.18	-0.0710758862267703
7513.84	-0.1635667974467703
7515.51	-0.03484194902677029
7517.18	-0.07704862082027039
7518.85	0.1389691509792296
7520.51	0.0270351867232296
7522.18	0.1666884133532296
7523.85	-0.0375670341227703
7525.52	0.0899557062852297
7527.19	-0.010573979696770295
7528.85	0.0214844188332297
7530.52	-0.11797052862677031
7532.19	-0.06171910222677019
7533.86	-0.1980471265167703
7535.53	-0.016746950826770204
7537.19	0.06391315987322971
7538.86	0.4102491176932296
7540.53	0.48600808310322974
7542.2	0.6377151410632297
7543.87	0.5263000266732297
7545.53	0.5112442982154296
7547.2	0.3278374138432297
7548.87	0.3033960721932295
7550.54	0.07535309531322981
7552.2	0.11551015985322971
7553.87	-0.11417205788677029
7555.54	-0.0629222777767704
7557.21	-0.24569024659677027
7558.88	-0.1690553436267703
7560.54	-0.3161578415067702
7562.21	-0.1674815857467702
7563.88	-0.2732190464767702
7565.55	-0.1877852089867703
7567.22	-0.3764815421067702
7568.88	-0.3597029583567702
7570.55	-0.6053045140467703
7572.22	-0.4226018468217702
7573.89	-0.4206693774557702
7575.56	-0.0664476356637702
7577.22	0.08882869085322968
7578.89	0.2716025361632296
7580.56	0.21048121593322972
7582.23	0.3506778500032298
7583.89	0.1738461833432296
7585.56	0.2273542655832298
7587.23	-0.03977736360677031
7588.9	-0.027478269206770198
7590.57	-0.24996822046277029
7592.23	-0.2353475625167702
7593.9	-0.2874012059467703
7595.57	-0.1786110892083704
7597.24	-0.2732665345267702
7598.91	-0.2044850122667701
7600.57	-0.4818939627767702
7602.24	-0.4058300701337702
7603.91	-0.5014432881067702
7605.58	-0.3032628592567702
7607.25	-0.2140737565167702
7608.91	0.03979871071322971
7610.58	-0.016732620576770302
7612.25	0.1347655753132297
7613.92	0.06235475350322969
7615.58	0.1687519520732296
7617.25	0.0737400790032297
7618.92	0.22899015918022958
7620.59	0.0470923087332297
7622.26	0.0557367152282296
7623.92	-0.1907211387927702
7625.59	-0.2443722156967702
7627.26	-0.3986962072867701
7628.93	-0.3747552453167702
7630.6	-0.5830765445067703
7632.26	-0.5759292860767702
7633.93	-0.7800534544667701
7635.6	-0.8185103147767703
7637.27	-0.9255203886694702
7638.94	-0.7887263853467703
7640.6	-0.8194953768867703
7642.27	-0.5743503790267704
7643.94	-0.5580592475567703
7645.61	-0.31665930162677014
7647.27	-0.26249147330877026
7648.94	-0.07211277927677032
7650.61	-0.1379988213767702
7652.28	-0.0243577956767703
7653.95	-0.2568307356637702
7655.61	-0.2833868198467704
7657.28	-0.5359712235967702
7658.95	-0.4528806382517703
7660.62	-0.5760464764127703
7662.29	-0.3299525831367702
7663.95	-0.3606361658567702
7665.62	-0.0764726267167703
7667.29	-0.19395967464677022
7668.96	-0.14933446393677008
7670.62	-0.3447101929567702
7672.29	-0.2997272130667701
7673.96	-0.4464261071617702
7675.63	-0.2264097629067704
7677.3	-0.28555912542677026
7678.96	0.0005244962932297037
7680.63	-0.06916208045677019
7682.3	0.016313437173229695
7683.97	-0.2496624570667702
7685.64	-0.3500406398967702
7687.3	-0.6644226371267702
7688.97	-0.5646585193667703
7690.64	-0.6362657968267702
7692.31	-0.3652208557367701
7693.98	-0.3917513089837701
7695.64	-0.1108847499667702
7697.31	-0.20965078652677022
7698.98	0.014680948303229704
7700.65	-0.13910347547677032
7702.31	-0.014110712686770301
7703.98	-0.3011751797867702
7705.65	-0.3132916195467702
7707.32	-0.6894492397867702
7708.99	-0.6870784603567702
7710.65	-0.9293695259867704
7712.32	-0.7954910271467701
7713.99	-0.87038687785677
7715.66	-0.6063105184767701
7717.33	-0.5911578563067703
7718.99	-0.2731547166267702
7720.66	-0.3360965529777702
7722.33	-0.2175595999267702
7724.0	-0.39671192057676996
7725.67	-0.3032182068767702
7727.33	-0.4692831424297701
7729.0	-0.3895447006767703
7730.67	-0.5506457653667702
7732.34	-0.4680919602467702
7734.0	-0.5323112196847704
7735.67	-0.30106915224603026
7737.34	-0.41638414285677017
7739.01	-0.2023795322677701
7740.68	-0.33181580664677024
7742.34	-0.24291263440677022
7744.01	-0.3913671149917702
7745.68	-0.3426608351727702
7747.35	-0.5106264256357701
7749.02	-0.3534162527597702
7750.68	-0.56069558198677
7752.35	-0.44499368916677007
7754.02	-0.5458956326567702
7755.69	-0.37550233353477014
7757.36	-0.4735561528667702
7759.02	-0.3661912369767702
7760.69	-0.5256031884107703
7762.36	-0.3188436628393704
7764.03	-0.3515461702527702
7765.69	-0.0852666641907704
7767.36	-0.1073131649977702
7769.03	0.1768005635132296
7770.7	0.0795317847832297
7772.37	0.1905288815832297
7774.03	0.04081121402822971
7775.7	0.1954197428632297
7777.37	0.043468310727229564
7779.04	0.1294193618232298
7780.71	-0.1905105385500502
7782.37	-0.2134131703167702
7784.04	-0.5042255402867704
7785.71	-0.4894907532267702
7787.38	-0.6284562056167703
7789.05	-0.44136333473677025
7790.71	-0.4944187066767701
7792.38	-0.2376271269767702
7794.05	-0.1357945928867702
7795.72	0.21497548551322948
7797.38	0.3522592392932297
7799.05	0.6381592545132296
7800.72	0.5281542054732297
7802.39	0.6146244651762297
7804.06	0.41756717054022974
7805.72	0.3834531694592297
7807.39	0.16626945384322955
7809.06	0.15920382244322973
7810.73	-0.09919908685377032
7812.4	-0.0653530496267703
7814.06	-0.3480984959357703
7815.73	-0.2580438180467703
7817.4	-0.3972607256867702
7819.07	-0.18139498133677012
7820.73	-0.1634908513667702
7822.4	0.24097388268322983
7824.07	0.30766221228322965
7825.74	0.3872941658732297
7827.41	0.045043076953229705
7829.07	-0.1088685791897703
7830.74	-0.5251030464567703
7832.41	-0.4042019244611702
7834.08	-0.4586630778357702
7835.75	-0.1354382416786702
7837.41	-0.0173187386777702
7839.08	0.0939527845032297
7840.75	-0.07769565364377021
7842.42	-0.0754181587467702
7844.09	-0.3953296492967701
7845.75	-0.3498831889047703
7847.42	-0.4938900544267702
7849.09	-0.3514016490934702
7850.76	-0.3454408826167701
7852.42	-0.1167660323567703
7854.09	-0.1334679911967703
7855.76	0.1231268969422296
7857.43	0.0692182739432298
7859.1	0.3909694628932297
7860.76	0.3616939915232297
7862.43	0.6112147111532297
7864.1	0.5720308648232296
7865.77	0.6829301373732296
7867.44	0.5699192371012296
7869.1	0.5689264868632297
7870.77	0.1335210798932297
7872.44	0.0982568003632297
7874.11	-0.2785143069067702
7875.78	-0.2288938160667702
7877.44	-0.3648572556167702
7879.11	-0.24419613500677018
7880.78	-0.3969914758667702
7882.45	-0.3224958532267703
7884.11	-0.45984913518677006
7885.78	-0.2276982643467702
7887.45	-0.18934647248377018
7889.12	0.17609562415522972
7890.79	0.16157856988322972
7892.45	0.3753000251572297
7894.12	0.1572946822432296
7895.79	0.1283909782432296
7897.46	-0.13560569371677028
7899.13	-0.14470055351687033
7900.79	-0.3613516928867702
7902.46	-0.2498400865167703
7904.13	-0.3500714488867704
7905.8	-0.04801723941677022
7907.47	-0.0977298917667703
7909.13	0.0803102087932297
7910.8	-0.1315709125167704
7912.47	-0.22922570128677028
7914.14	-0.5401224468747702
7915.8	-0.44228668859677017
7917.47	-0.49772187628677017
7919.14	-0.0964127004367703
7920.81	-0.0926429023467702
7922.48	0.1192082572632296
7924.14	-0.1204837625067702
7925.81	-0.1328471612477703
7927.48	-0.4051652390177702
7929.15	-0.2702567846257703
7930.82	-0.2777364340967702
7932.48	-0.0776398206087702
7934.15	-0.16677695651677
7935.82	0.0003736033992298021
7937.49	-0.2066120028097702
7939.16	-0.0634295900347702
7940.82	-0.22530423196677019
7942.49	-0.20189455552677038
7944.16	-0.3075209306197701
7945.83	-0.2524172999667702
7947.49	-0.4308966242867701
7949.16	-0.2220680766967703
7950.83	-0.27028036037677017
7952.5	-0.04799653212677031
7954.17	-0.0361980427867703
7955.83	0.1036470471132298
7957.5	0.04056143584322952
7959.17	0.09469547152322949
7960.84	-0.24666704724677033
7962.51	-0.3127772957467702
7964.17	-0.5754998926267703
7965.84	-0.4743157907967702
7967.51	-0.5137488513717702
7969.18	-0.2092867484467702
7970.85	-0.1780344816967703
7972.51	-0.0059743237767703045
7974.18	-0.2293635826267702
7975.85	-0.21464939690977008
7977.52	-0.4705717341767702
7979.18	-0.3342019337467702
7980.85	-0.5164848727467704
7982.52	-0.3637448693067702
7984.19	-0.44183186303677013
7985.86	-0.18694676752977019
7987.52	-0.2157621145967702
7989.19	0.11805123064322971
7990.86	-0.049760575676770204
7992.53	0.12576968100322972
7994.2	-0.012204563546770297
7995.86	0.1596412403232296
7997.53	0.10031118887022959
7999.2	0.3438867191932297
8000.87	0.20915437978322982
8002.53	0.3497681465842297
8004.2	0.05717870715522959
8005.87	0.0612179513232297
8007.54	-0.1822050735047703
8009.21	0.004213303653229694
8010.87	-0.08886733970677022
8012.54	0.0574978504942297
8014.21	-0.07273582218677031
8015.88	0.0662281432392296
8017.55	-0.03377610452677031
8019.21	0.11288560256322959
8020.88	0.0683202504232297
8022.55	0.2480201394122296
8024.22	0.1718671652012296
8025.89	0.32743803584322956
8027.55	0.16359307604322978
8029.22	0.31550029964322956
8030.89	0.1508745696832296
8032.56	0.11930423201322969
8034.22	-0.1520635033967701
8035.89	-0.1177660579827702
8037.56	-0.24345047952677018
8039.23	0.03749194816322961
8040.9	0.11146188571322968
8042.56	0.4215956689571297
8044.23	0.2623697578132298
8045.9	0.3195550322232297
8047.57	-0.018106583556770306
8049.24	-0.0416817711717702
8050.9	-0.28990296666677007
8052.57	-0.25998654857677017
8054.24	-0.47126235759677026
8055.91	-0.2403818745167702
8057.58	-0.3193388419997702
8059.24	-0.10091804653477031
8060.91	-0.2747716320067701
8062.58	-0.29168259079677017
8064.25	-0.5826054299067703
8065.91	-0.5690208037277702
8067.58	-0.7078771829867703
8069.25	-0.4259695210367702
8070.92	-0.3867241631767703
8072.59	-0.1274149560667702
8074.25	-0.3047707916627702
8075.92	-0.2879636626867703
8077.59	-0.3424464805867702
8079.26	-0.0988062870307701
8080.93	0.008480406843229787
8082.59	0.3509261384742295
8084.26	0.31117380456322985
8085.93	0.45877266120725985
8087.6	0.24863680361122978
8089.27	0.24127101570322973
8090.93	0.0707167014682297
8092.6	0.1436361026142298
8094.27	-0.11645464914977029
8095.94	-0.1479625766120003
8097.6	-0.4848897255067702
8099.27	-0.4270362334617701
8100.94	-0.4963586574867701
8102.61	-0.1388821839267702
8104.28	0.0782723057032298
8105.94	0.4780451278132296
8107.61	0.3663674591232299
8109.28	0.29062344481322955
8110.95	-0.2157790343267703
8112.62	-0.4261703299287702
8114.28	-0.7740124686567701
8115.95	-0.6363525622567702
8117.62	-0.5187987246067702
8119.29	-0.14131255239677032
8120.96	-0.08630111884677041
8122.62	0.12837812957322967
8124.29	0.020619234953229704
8125.96	0.2207018070032296
8127.63	0.06757384730322971
8129.29	0.1697681496332295
8130.96	0.1355924822362296
8132.63	0.3221489388962297
8134.3	0.27721574638382973
8135.97	0.5066395232232297
8137.63	0.3657002887632296
8139.3	0.4394312808332298
8140.97	0.1196037741882296
8142.64	0.0072288917532297
8144.31	-0.3893967552567702
8145.97	-0.39077901470677007
8147.64	-0.6492339735967702
8149.31	-0.5054388451967704
8150.98	-0.6217035066167702
8152.65	-0.3981524748267702
8154.31	-0.4602893529827703
8155.98	-0.21465680180677038
8157.65	-0.3685227947867702
8159.32	-0.1309784854067702
8160.98	-0.3282634102067702
8162.65	-0.21574173335677022
8164.32	-0.39285858345677027
8165.99	-0.2291745432917702
8167.66	-0.3489597305457702
8169.32	-0.1592546567316702
8170.99	-0.2511499765767702
8172.66	0.019967865533229802
8174.33	-0.04090924534677019
8176.0	0.053689126963229694
8177.66	-0.1814491159167702
8179.33	-0.11355119540377019
8181.0	-0.3926299021667703
8182.67	-0.35770990801677016
8184.33	-0.5158969809667702
8186.0	-0.4398880518667701
8187.67	-0.5343005960867703
8189.34	-0.3912579559167702
8191.01	-0.4154440100667702
8192.67	-0.10671287343677009
8194.34	-0.0940527941818702
8196.01	0.0466667896332296
8197.68	-0.06258697903377022
8199.35	-0.0839676026667702
8201.01	-0.3546070410167701
8202.68	-0.31488799182777016
8204.35	-0.4640228729167702
8206.02	-0.3679624684849701
8207.69	-0.5010547785267702
8209.35	-0.39126439501077015
8211.02	-0.35541909245677017
8212.69	-0.0333155088842703
8214.36	0.0034328747402297966
8216.02	0.2094235402372297
8217.69	0.0951114323132298
8219.36	0.1202071145332298
8221.03	-0.0839217367767702
8222.7	-0.0310425496567703
8224.36	-0.019100020126770298
8226.03	0.2126152620341297
8227.7	0.1687416643732298
8229.37	0.25349026685322973
8231.04	0.04744592464322961
8232.7	0.006320586463229701
8234.37	-0.19307017150677008
8236.04	-0.1195127046167702
8237.71	-0.17320799623277028
8239.38	0.052161575363229684
8241.04	-0.07632419227677029
8242.71	-0.0216227176567704
8244.38	-0.2085933735567703
8246.05	-0.1575078618623703
8247.71	-0.20577341189977028
8249.38	0.10630011013322979
8251.05	0.1035753039152297
8252.72	0.2060256571732296
8254.39	-0.07524978075677029
8256.05	-0.2548377526417702
8257.72	-0.5142211635167702
8259.39	-0.4218122378459302
8261.06	-0.40942761325677035
8262.73	-0.0265356683367703
8264.39	0.004105031793229796
8266.06	0.1263983835632297
8267.73	-0.1187568575067702
8269.4	-0.2545807893567702
8271.07	-0.48369063688677016
8272.73	-0.31021296450677016
8274.4	-0.3531705269867702
8276.07	-0.024926032116770296
8277.74	0.022470875213229602
8279.4	0.3085061606332297
8281.07	0.19261525797322962
8282.74	0.3444754982532297
8284.41	0.2078022940232297
8286.08	0.38881040544762957
8287.74	0.18404753614822983
8289.41	0.1630214254682296
8291.08	-0.1040256960967703
8292.75	-0.07932515141677021
8294.42	-0.32609037987777045
8296.08	-0.2395623149167701
8297.75	-0.3192395810467701
8299.42	-0.046174048336770204
8301.09	-0.09231452433677029
8302.76	0.09738778391222969
8304.42	-0.11340053121677021
8306.09	-0.0884776947367702
8307.76	-0.3405688397367702
8309.43	-0.2564459870067702
8311.09	-0.3479178087767702
8312.76	-0.10752068874177019
8314.43	-0.1811630241007702
8316.1	-0.0277728601857703
8317.77	-0.3038104220017701
8319.43	-0.36741396377677027
8321.1	-0.8035985053209702
8322.77	-0.8496662006777702
8324.44	-1.0625615119767702
8326.11	-0.9379903190057702
8327.77	-0.8527205056367704
8329.44	-0.4077593871967703
8331.11	-0.2476936268767702
8332.78	0.0435631235509297
8334.45	-0.036051196416770195
8336.11	0.0733973816432296
8337.78	-0.1331586427667702
8339.45	-0.1545330339667703
8341.12	-0.4264378593897702
8342.78	-0.3350455780367702
8344.45	-0.4786704170026702
8346.12	-0.3683107978427702
8347.79	-0.3852168845167703
8349.46	-0.09022450985977029
8351.12	-0.0904325857967703
8352.79	0.020959869964229716
8354.46	-0.14918206097677028
8356.13	-0.1259643109567703
8357.8	-0.4162057365867702
8359.46	-0.4306394109967702
8361.13	-0.6069542037677701
8362.8	-0.4639156330667703
8364.47	-0.5334413557007702
8366.13	-0.4619729771577703
8367.8	-0.5939550910367701
8369.47	-0.5185393172467703
8371.14	-0.6944891691767703
8372.81	-0.5977809863167701
8374.47	-0.5681300891667702
8376.14	-0.33963391189677017
8377.81	-0.42503129830677
8379.48	-0.3090004486767702
8381.15	-0.4303476142097701
8382.81	-0.38086033616677023
8384.48	-0.4759140252567702
8386.15	-0.2710553094067702
8387.82	-0.2560964173827702
8389.49	-0.1148821231947703
8391.15	-0.3030015766467702
8392.82	-0.3297752324967702
8394.49	-0.5274290359867703
8396.16	-0.42158669616677036
8397.82	-0.5524769609258703
8399.49	-0.21755513377677033
8401.16	-0.3120546912167703
8402.83	-0.12871216192447
8404.5	-0.2463426667937701
8406.16	-0.22299835503677018
8407.83	-0.4421495502737702
8409.5	-0.4246897599117702
8411.17	-0.6931622638967703
8412.84	-0.5694638769967701
8414.5	-0.8199788431867703
8416.17	-0.7519348130267702
8417.84	-0.9263835739067702
8419.51	-0.8893510318387703
8421.18	-0.9783895688367704
8422.84	-0.6901988548147702
8424.51	-0.5870664070967702
8426.18	-0.2364417098567702
8427.85	-0.14991525012677032
8429.51	0.12453172568322969
8431.18	-0.038950248086770084
8432.85	-0.043981151904770296
8434.52	-0.3546225884867702
8436.19	-0.2315789086267702
8437.85	-0.3390212960167702
8439.52	-0.0921664726767702
8441.19	-0.010254406446770309
8442.86	0.28883982534322983
8444.53	0.19205599289422978
8446.19	0.1593718375132298
8447.86	-0.2244240611867702
8449.53	-0.1265633249967701
8451.2	-0.3543006380067703
8452.87	-0.3065233397967702
8454.53	-0.47099968131677017
8456.2	-0.4128672637767701
8457.87	-0.5871161704867702
8459.54	-0.4566380859487701
8461.2	-0.48613180198393025
8462.87	-0.0783013816667702
8464.54	-0.0027708193867702
8466.21	0.2103462673662297
8467.88	0.0853617116862297
8469.54	0.1284388852522297
8471.21	-0.0569782022067703
8472.88	-0.0004467667567703004
8474.55	-0.035548573096770425
8476.22	0.05542185782522971
8477.88	-0.08307275304517021
8479.55	-0.11033077342677021
8481.22	-0.3117646417367701
8482.89	-0.28521550927777023
8484.56	-0.4408169870167703
8486.22	-0.33136985117177026
8487.89	-0.4756891882817702
8489.56	-0.4963828320967702
8491.23	-0.74006217838177
8492.89	-0.6904193018067702
8494.56	-0.8661242718467703
8496.23	-0.7111879377367702
8497.9	-0.7980216210767702
8499.57	-0.5474671600467701
8501.23	-0.6795780687127702
8502.9	-0.5007462237337702
8504.57	-0.6404980098367702
8506.24	-0.43201038004977027
8507.91	-0.5823094959767702
8509.57	-0.4468512255767702
8511.24	-0.6177550609677702
8512.91	-0.5198698894767703
8514.58	-0.6548387093067701
8516.25	-0.4219683735247704
8517.91	-0.4382096943527702
8519.58	-0.1790900635267701
8521.25	-0.17406070047677022
8522.92	0.0465796541272297
8524.58	-0.15129299633677018
8526.25	-0.2034506589567702
8527.92	-0.6231269353827702
8529.59	-0.6949424639867702
8531.26	-0.8417562312267701
8532.92	-0.6858851060067703
8534.59	-0.6317318977067702
8536.26	-0.4348934883079701
8537.93	-0.6368155603467701
8539.6	-0.6149405396367702
8541.26	-0.8685846679867704
8542.93	-0.7131546914617704
8544.6	-0.6571054756927702
8546.27	-0.34937669851677033
8547.93	-0.3272771894567701
8549.6	-0.2621340012567702
8551.27	-0.4910632800567702
8552.94	-0.4683764944467703
8554.61	-0.7217346836467703
8556.27	-0.6463021849767703
8557.94	-0.7431549930367701
8559.61	-0.6129758468367702
8561.28	-0.5812973437817703
8562.95	-0.4682125493367702
8564.61	-0.49117994510977014
8566.28	-0.2869153337467703
8567.95	-0.3451426773157702
8569.62	-0.1633678566187702
8571.29	-0.2623827177267703
8572.95	-0.23624383104677021
8574.62	-0.4431170514237702
8576.29	-0.4620527625167703
8577.96	-0.7055082428167703
8579.62	-0.5710731467867702
8581.29	-0.66480460068177
8582.96	-0.3912036124617701
8584.63	-0.31580222809677017
8586.3	-0.0541627821867703
8587.96	-0.1241444906667703
8589.63	-0.011737548066770298
8591.3	-0.3670481303907702
8592.97	-0.3672124865797703
8594.64	-0.6737181173357703
8596.3	-0.6266543125667703
8597.97	-0.6167126575767703
8599.64	-0.4094882268067703
8601.31	-0.3205920186867703
8602.98	-0.004076892706770391
8604.64	-0.018804439186770217
8606.31	0.20588157484322972
8607.98	0.005997272633229689
8609.65	-0.09303309961517031
8611.31	-0.4496786309667701
8612.98	-0.5392787039767701
8614.65	-0.6879323427037701
8616.32	-0.5172751764967702
8617.99	-0.4898175107337702
8619.65	-0.15695684138677007
8621.32	-0.12146376768677031
8622.99	0.14500359810322977
8624.66	0.07594889534322971
8626.33	0.2900123427132298
8627.99	0.1653408835232298
8629.66	0.1482831652512297
8631.33	-0.1689525876217703
8633.0	-0.2237392410577703
8634.67	-0.4987829498327701
8636.33	-0.2894436553967702
8638.0	-0.3396668197047703
8639.67	0.006096641543229701
8641.34	0.12259637607322982
8643.0	0.3364852266032295
8644.67	0.2978662089932297
8646.34	0.3430078942532297
8648.01	0.001617357803229802
8649.68	0.011841034145129603
8651.34	-0.2091955022167702
8653.01	-0.0144285307867703
8654.68	0.11598783500322979
8656.35	0.4565999286408295
8658.02	0.4487488659362296
8659.68	0.4808474301872296
8661.35	0.1129926023832295
8663.02	-0.007536722206770291
8664.69	-0.2511210167607703
8666.36	-0.0439296335887703
8668.02	0.01452444830722971
8669.69	0.3473166234432296
8671.36	0.2466533679632296
8673.03	0.34575473314322963
8674.69	0.07609473668322972
8676.36	0.0925218091986697
8678.03	-0.12399397752177031
8679.7	-0.07701110654877011
8681.37	-0.2869669164567702
8683.03	-0.17007276674677033
8684.7	-0.3263851176667703
8686.37	-0.06927837220677027
8688.04	-0.08191494910677038
8689.71	0.16519562192322967
8691.37	0.0179678236332297
8693.04	0.0763822054959296
8694.71	-0.1455819829367701
8696.38	-0.0356108447367703
8698.04	-0.1146751562167703
8699.71	0.0789529582062298
8701.38	0.024065120515229698
8703.05	0.21229304615322958
8704.72	0.0414733415432296
8706.38	0.1168483890732297
8708.05	-0.0546482113867702
8709.72	0.004199026683229801
8711.39	-0.2234527568167702
8713.06	-0.1184930028937701
8714.72	-0.2151736483797702
8716.39	-0.1380128231567703
8718.06	-0.2345464128267702
8719.73	-0.21035649894677028
8721.4	-0.4261062011397702
8723.06	-0.3884234947048705
8724.73	-0.5952614650767702
8726.4	-0.5435499935167702
8728.07	-0.4868392283267703
8729.73	-0.3819850452377702
8731.4	-0.3602989108757702
8733.07	-0.13012223446677018
8734.74	-0.1664520183067703
8736.41	0.02780841644322979
8738.07	-0.08589495741677039
8739.74	-0.006058391076770281
8741.41	-0.1735430663467702
8743.08	-0.09701238942677029
8744.75	-0.2266580936667703
8746.41	-0.0335531599067703
8748.08	-0.09354118350677029
8749.75	0.042578913125329604
8751.42	-0.2358753871267702
8753.09	-0.2352701418067703
8754.75	-0.5771653198577702
8756.42	-0.5178390839167701
8758.09	-0.6555959450427703
8759.76	-0.5156245965067701
8761.42	-0.5035605039967702
8763.09	-0.2776719488367702
8764.76	-0.4452112419027703
8766.43	-0.3441253928337703
8768.1	-0.6411926761567703
8769.76	-0.5960315640767704
8771.43	-0.7150651454767702
8773.1	-0.5136965602467702
8774.77	-0.4847406331007703
8776.44	-0.1356804709977703
8778.1	-0.2519185007953702
8779.77	-0.1280147922067702
8781.44	-0.40620068135177023
8783.11	-0.47966620173677027
8784.78	-0.8099036131567702
8786.44	-0.7530121985967703
8788.11	-0.9205363491467704
8789.78	-0.6677138378767702
8791.45	-0.6279264083967702
8793.11	-0.3270177886767702
8794.78	-0.34296509067277026
8796.45	-0.2277912607617701
8798.12	-0.4662473636367703
8799.79	-0.5589926078323703
8801.45	-1.0292223379767702
8803.12	-1.1964087206567702
8804.79	-1.44624916315677
8806.46	-1.3123741833667701
8808.13	-1.2488926355727703
8809.79	-1.0011540732347701
8811.46	-0.97533667802177
8813.13	-0.7848651260467703
8814.8	-0.9763771838567701
8816.47	-0.9122795836907702
8818.13	-0.9792267274297701
8819.8	-0.8891139606467702
8821.47	-0.9739461369567701
8823.14	-0.80218346699047
8824.8	-0.9006447325027703
8826.47	-0.6318997332267703
8828.14	-0.6718933206067704
8829.81	-0.6167567249277701
8831.48	-0.6750846650167703
8833.14	-0.5728771553426703
8834.81	-0.7229377521277702
8836.48	-0.4067799559087701
8838.15	-0.3913489683967703
8839.82	-0.15825804478477032
8841.48	-0.1923796100423702
8843.15	-0.2352480952967703
8844.82	-0.4804886264867702
8846.49	-0.4615281796107703
8848.16	-0.7010322533967703
8849.82	-0.5463483361667701
8851.49	-0.7057384342527702
8853.16	-0.5227751073667702
8854.83	-0.5672241156467702
8856.49	-0.35196342138677017
8858.16	-0.4164918456667701
8859.83	-0.23946850563677027
8861.5	-0.3418022260917702
8863.17	-0.1640095251097703
8864.83	-0.2689401610867703
8866.5	-0.02795969113677038
8868.17	-0.1043250005367702
8869.84	-0.05961750723457031
8871.51	-0.3982848786667702
8873.17	-0.5466736034887701
8874.84	-0.8122360114367703
8876.51	-0.8514966301052702
8878.18	-1.0212488714067702
8879.84	-0.8393124626367702
8881.51	-0.7682215400667701
8883.18	-0.5228907339467702
8884.85	-0.44749118045677017
8886.52	-0.28841709910677016
8888.18	-0.33524069204727025
8889.85	-0.2602129111679702
8891.52	-0.5108460759767702
8893.19	-0.4976598379067703
8894.86	-0.5997856973067701
8896.52	-0.6243658593467702
8898.19	-0.6772703246467702
8899.86	-0.4408113350167703
8901.53	-0.4025769143567702
8903.2	-0.09805077346677031
8904.86	-0.1312314293967701
8906.53	0.044995723433229495
8908.2	0.019580951023229695
8909.87	0.1040704115732297
8911.53	-0.1437564786197702
8913.2	-0.1484290889407701
8914.87	-0.4991567235597702
8916.54	-0.6080308598467702
8918.21	-0.6549945042767702
8919.87	-0.4854413047467703
8921.54	-0.3710982550867703
8923.21	-0.013653589156770299
8924.88	-0.047507503845770196
8926.55	0.1106521118332296
8928.21	-0.007707057406770301
8929.88	-0.06579311850677019
8931.55	-0.18894863346677018
8933.22	-0.1462196311957702
8934.89	-0.33207173468277007
8936.55	-0.1343927572757703
8938.22	-0.0902102327467702
8939.89	0.20511371344322957
8941.56	0.1542242907132295
8943.22	0.23843206166322978
8944.89	-0.06085134668677028
8946.56	-0.026737564406770303
8948.23	-0.2661914211097703
8949.9	-0.046687357838770205
8951.56	0.060881437603229685
8953.23	0.4540045865332296
8954.9	0.4126166504232297
8956.57	0.4075785371032297
8958.24	0.04411147762322959
8959.9	-0.14234967951577032
8961.57	-0.5959568789967702
8963.24	-0.6543004268567703
8964.91	-0.8468257018667704
8966.58	-0.6565056249157701
8968.24	-0.6157628273717702
8969.91	-0.3624372133367702
8971.58	-0.5376662955167701
8973.25	-0.5482535148567702
8974.91	-0.7073042308307702
8976.58	-0.54369548666677
8978.25	-0.5128460794867702
8979.92	-0.2908656601567702
8981.59	-0.3411730840207703
8983.25	-0.1759148926967703
8984.92	-0.4444761903977702
8986.59	-0.45487565456677004
8988.26	-0.6744878930667701
8989.93	-0.5617151346767701
8991.59	-0.6524099876285703
8993.26	-0.5591968723967701
8994.93	-0.5805463188667702
8996.6	-0.2445080643967701
8998.27	-0.1923005400467702
8999.93	0.1735395079022297
9001.6	0.1880097562732297
9003.27	0.3691654518522296
9004.94	0.1957157358632296
9006.6	0.2247396170832296
9008.27	-0.1497349870667702
9009.94	-0.21756235094677032
9011.61	-0.4799735258767702
9013.28	-0.4136065083167703
9014.94	-0.39002453130477016
9016.61	-0.1499593901867702
9018.28	-0.28110668388677007
9019.95	-0.22163959385677037
9021.62	-0.5210295655767702
9023.28	-0.6550565470167701
9024.95	-0.9117347951147701
9026.62	-0.7865455003967702
9028.29	-0.7376605351167702
9029.96	-0.3560938230067703
9031.62	-0.32802290648677024
9033.29	-0.1118037199477701
9034.96	-0.10868289951677029
9036.63	-0.06167757604877029
9038.29	-0.31498999629677027
9039.96	-0.3802998125067703
9041.63	-0.80593242421677
9043.3	-0.8553476391867703
9044.97	-1.0557737723417704
9046.63	-0.8649120549567701
9048.3	-0.7900897752967704
9049.97	-0.6179789190512703
9051.64	-0.7009005165567701
9053.31	-0.5307187078667702
9054.97	-0.67180597560677
9056.64	-0.4858601083567704
9058.31	-0.3850565202717703
9059.98	-0.12145652301677032
9061.64	-0.29603721595677024
9063.31	-0.46827323471877014
9064.98	-0.90089198245677
9066.65	-0.8903311183097701
9068.32	-0.8941937715067703
9069.98	-0.5262805745437702
9071.65	-0.2967405166567701
9073.32	0.055820654473229786
9074.99	-0.1249323836567701
9076.66	-0.24125700519677018
9078.32	-0.5696375358497702
9079.99	-0.4856332456467702
9081.66	-0.4772092662267703
9083.33	-0.2282369527167703
9085.0	-0.2541215635867703
9086.66	-0.08301511901677039
9088.33	-0.1804774621367703
9090.0	-0.1304337891667703
9091.67	-0.3391010092367702
9093.33	-0.2930802080367703
9095.0	-0.5471412809167701
9096.67	-0.5821836134867703
9098.34	-0.8223601668397705
9100.01	-0.7175224696777704
9101.67	-0.7988500896527702
9103.34	-0.5765307238403702
9105.01	-0.6563411337267703
9106.68	-0.49719038310877034
9108.35	-0.5460308180367702
9110.01	-0.2461858705267703
9111.68	-0.0871498725467702
9113.35	0.4495140232632296
9115.02	0.5160194554772297
9116.69	0.7613572953432297
9118.35	0.5743352480832297
9120.02	0.5017736671432296
9121.69	0.1264073405632298
9123.36	0.0315331381632297
9125.02	-0.2590981566167702
9126.69	-0.16747160643677012
9128.36	-0.3927324034567703
9130.03	-0.37539696580677023
9131.7	-0.49330085930677026
9133.36	-0.37198745696677016
9135.03	-0.3537040830467703
9136.7	-0.1352524368967703
9138.37	-0.3100289205067702
9140.04	-0.24949228881677019
9141.7	-0.40760226918677017
9143.37	-0.3468479210867702
9145.04	-0.3054386953467701
9146.71	-0.1057130998867703
9148.38	-0.0054509131067703165
9150.04	0.22912854689322962
9151.71	0.05787495599322971
9153.38	0.1463001671432296
9155.05	0.14752078270322969
9156.71	0.3117474554432297
9158.38	0.23635045960722958
9160.05	0.14509357731322958
9161.72	-0.07455913165507021
9163.39	0.009279583318229694
9165.05	-0.1256181956067702
9166.72	0.01132988867322969
9168.39	-0.09872190469477021
9170.06	-0.12578630473677027
9171.73	-0.2520360330567703
9173.39	-0.24274743733677032
9175.06	-0.29979852262677037
9176.73	-0.05377013940677022
9178.4	-0.1486328367967703
9180.07	-0.11026684274577031
9181.73	-0.2850513713697702
9183.4	-0.23693500258677008
9185.07	-0.33403023399407017
9186.74	-0.2278556487687704
9188.4	-0.39474569794677017
9190.07	-0.3509719744467702
9191.74	-0.4384868719367701
9193.41	-0.3452887364167702
9195.08	-0.5450052897327702
9196.74	-0.6279977703667702
9198.41	-1.1199643662007701
9200.08	-1.2837691096267703
9201.75	-1.4996151384267702
9203.42	-1.3045150763342501
9205.08	-1.13273803989677
9206.75	-0.6015539230467701
9208.42	-0.46811759136977027
9210.09	-0.15228660113677028
9211.76	-0.1969505765877702
9213.42	0.07567371453122967
9215.09	0.09693988060122968
9216.76	0.35070448058353965
9218.43	0.1811015887732296
9220.09	0.3194723774232298
9221.76	-0.0401971716767702
9223.43	-0.1230861764467703
9225.1	-0.45146785915677007
9226.77	-0.30605930715877017
9228.43	-0.3530559270467703
9230.1	-0.1506274453767703
9231.77	-0.2874211407486103
9233.44	-0.1235146617067703
9235.11	-0.2938513724917702
9236.77	-0.1643833528567702
9238.44	-0.2720206970057702
9240.11	-0.0353796720667702
9241.78	-0.2321171209267701
9243.44	-0.0945432790267703
9245.11	-0.3344192837667703
9246.78	-0.35672590865677034
9248.45	-0.5213472613010703
9250.12	-0.36027635771677025
9251.78	-0.28404542671677036
9253.45	0.0377994258452297
9255.12	-0.0192549663727703
9256.79	0.2059825244432296
9258.46	0.09986475807322981
9260.12	0.1102395477332296
9261.79	-0.1018867943067702
9263.46	-0.1507132854067702
9265.13	-0.3484398093267701
9266.8	-0.5469361209467702
9268.46	-0.9004465481837702
9270.13	-0.9481996421167703
9271.8	-1.0585294148067703
9273.47	-0.7704443903567703
9275.13	-0.7212581988267702
9276.8	-0.3462214488867702
9278.47	-0.2865436335767701
9280.14	-0.1424271326867701
9281.81	-0.43142727723077
9283.47	-0.5819591191667701
9285.14	-0.8384947647067703
9286.81	-0.7726430880967701
9288.48	-0.8525258245767702
9290.15	-0.5808793947367703
9291.81	-0.7136935324867701
9293.48	-0.4911414686967703
9295.15	-0.79666731107677
9296.82	-0.7771353567977701
9298.49	-0.8780515401367702
9300.15	-0.7659605607487703
9301.82	-0.8244623858667703
9303.49	-0.4347494319097703
9305.16	-0.5709725722177702
9306.82	-0.1591150089667701
9308.49	-0.18906791727877031
9310.16	-0.011551156996770298
9311.83	-0.08467802712677029
9313.5	0.039111451953229695
9315.16	-0.2809545053167702
9316.83	-0.08414692325777019
9318.5	-0.2985955451667702
9320.17	-0.2820926380117702
9321.84	-0.3574322172517701
9323.5	-0.3335069640767701
9325.17	-0.4165525826567702
9326.84	-0.2261647306007702
9328.51	-0.40549627414977024
9330.18	-0.2599433491357704
9331.84	-0.3849380348667703
9333.51	-0.3591510785667702
9335.18	-0.45267553058177024
9336.85	-0.2960606810967702
9338.51	-0.2792102613937701
9340.18	-0.0968223487467702
9341.85	-0.2566378820447702
9343.52	-0.11818847146357031
9345.19	-0.2994002443727702
9346.85	-0.2873589813386702
9348.52	-0.4744353364432701
9350.19	-0.4096994559347701
9351.86	-0.5250034431847703
9353.53	-0.31130519017677016
9355.19	-0.2495071821977703
9356.86	-0.0071717598287702
9358.53	-0.1542613838667703
9360.2	-0.22965931338677031
9361.87	-0.5650415798767702
9363.53	-0.6037592360667702
9365.2	-0.6629709773167702
9366.87	-0.44704963147677024
9368.54	-0.2632528777637703
9370.2	0.043767124555229714
9371.87	-0.0611954579367702
9373.54	0.014523038583229703
9375.21	-0.11057480732077019
9376.88	-0.1661293096567703
9378.54	-0.4847466589567702
9380.21	-0.6469778531767703
9381.88	-1.0200337473067702
9383.55	-1.06406556771677
9385.22	-1.02308815762677
9386.88	-0.6353958512755702
9388.55	-0.3471070188997701
9390.22	0.0478636078487296
9391.89	0.0047756805242296085
9393.56	0.1912065440672297
9395.22	-0.0714408690267703
9396.89	-0.14199489020677028
9398.56	-0.4201458800367701
9400.23	-0.3779640340867702
9401.89	-0.6325815774767702
9403.56	-0.5578277877167702
9405.23	-0.6820855399267702
9406.9	-0.4195065384267702
9408.57	-0.5839644522067702
9410.23	-0.4301919743667702
9411.9	-0.7837718720537703
9413.57	-0.7656217853267704
9415.24	-1.0245037235467702
9416.91	-0.94709390052677
9418.57	-0.9517346498770703
9420.24	-0.6457698918167702
9421.91	-0.6774423691267701
9423.58	-0.4647084918367701
9425.24	-0.6757459530767701
9426.91	-0.73712786095677
9428.58	-0.9254383415167704
9430.25	-0.88549667378677
9431.92	-1.10835211255977
9433.58	-1.01547565999677
9435.25	-1.0803409134567703
9436.92	-0.8363464998467702
9438.59	-0.7905933522567701
9440.26	-0.4128183017667701
9441.92	-0.1308007938167703
9443.59	0.3154877291532297
9445.26	0.4003499795032295
9446.93	0.5524667373332296
9448.6	0.3041606504232296
9450.26	0.18159956436322977
9451.93	-0.34926234571677023
9453.6	-0.4038890247617702
9455.27	-0.5714119779807703
9456.93	-0.5098575453967702
9458.6	-0.5199479257467703
9460.27	-0.4392051088367702
9461.94	-0.5234232778307701
9463.61	-0.2558885796167702
9465.27	-0.4215544641767703
9466.94	-0.1870789073067702
9468.61	-0.41612006653577027
9470.28	-0.5350176577872703
9471.95	-0.8137888366667702
9473.61	-0.7197772981867704
9475.28	-0.6752814865067702
9476.95	-0.1663098970967702
9478.62	-0.0601007994467702
9480.29	0.0903035717732296
9481.95	-0.04963813089077029
9483.62	0.06723399298322968
9485.29	-0.1323264590767703
9486.96	-0.013998983136770407
9488.62	-0.1491568089667703
9490.29	-0.2079459481867703
9491.96	-0.44420632404677013
9493.63	-0.4865615315767702
9495.3	-0.6666524821367702
9496.96	-0.60505072480677
9498.63	-0.6866788521867704
9500.3	-0.4930889741767702
9501.97	-0.37004383864677026
9503.64	-0.1505365841067703
9505.3	-0.2902113461467703
9506.97	-0.36224461600677027
9508.64	-0.8143058102867702
9510.31	-1.0976555732247701
9511.98	-1.3136882902427702
9513.64	-1.05408604266677
9515.31	-0.9718330596567702
9516.98	-0.7445002778667703
9518.65	-0.8993509175637702
9520.31	-0.6907725669667701
9521.98	-0.7434945981567704
9523.65	-0.5923356845777703
9525.32	-0.5123309042907702
9526.99	-0.1320279652567703
9528.65	-0.1468452026367703
9530.32	0.030335237593229696
9531.99	-0.2637015714967702
9533.66	-0.0894964010667702
9535.33	-0.1640440496767701
9536.99	0.024018662223229702
9538.66	0.16517647809322972
9540.33	0.5473545134232294
9542.0	0.5304483693622294
9543.67	0.6366091050352298
9545.33	0.3495985525432297
9547.0	0.4280670798432298
9548.67	0.044297745072229694
9550.34	-0.03747416029477041
9552.0	-0.36899016211677016
9553.67	-0.3990839061567704
9555.34	-0.6089522006267702
9557.01	-0.46522639139677036
9558.68	-0.4709193816967704
9560.34	-0.13189311263677028
9562.01	-0.2239261137767701
9563.68	-0.1172071816647701
9565.35	-0.43947050592177006
9567.02	-0.6970593644057703
9568.68	-1.0887178116337701
9570.35	-1.1348416634527703
9572.02	-1.0619435885277702
9573.69	-0.6339634634057701
9575.35	-0.5999741167467706
9577.02	-0.4356182478667702
9578.69	-0.76354530881777
9580.36	-1.0097124090267702
9582.03	-1.3025166839197697
9583.69	-1.2330796804667703
9585.36	-1.1672391492967702
9587.03	-0.8073553604857703
9588.7	-0.5989168755807701
9590.37	-0.2666540845967702
9592.03	-0.14723035062377032
9593.7	0.1464373372172295
9595.37	0.1776875549632296
9597.04	0.3990463069218296
9598.71	0.3183771882632297
9600.37	0.3101789764542296
9602.04	0.1965216172532297
9603.71	0.0035679000832297136
9605.38	-0.3167652764967702
9607.04	-0.2963059446167701
9608.71	-0.2971108192867704
9610.38	-0.055859165666770294
9612.05	-0.1099881581767704
9613.72	-0.18383150625577022
9615.38	-0.5822445126077702
9617.05	-0.9434971910467702
9618.72	-1.35988932868677
9620.39	-1.2351207252767704
9622.06	-1.1681452924867701
9623.72	-0.9595620976957702
9625.39	-1.0258002396950703
9627.06	-0.9776001274067702
9628.73	-1.00064602296477
9630.4	-0.7433967042867702
9632.06	-0.5718532557907702
9633.73	-0.1569370181567703
9635.4	-0.1009871193767701
9637.07	0.025910504141229584
9638.73	-0.2313975191567702
9640.4	-0.2065900638048703
9642.07	-0.4379727908507703
9643.74	-0.3594867063067704
9645.41	-0.3734894550317703
9647.07	-0.12680590756677018
9648.74	-0.035945577776770266
9650.41	0.30614098104322973
9652.08	0.20990731332322982
9653.75	0.3463403239632298
9655.41	0.05369171303322973
9657.08	0.06361171096922968
9658.75	-0.1383938469767702
9660.42	-0.0892974207737704
9662.09	-0.2947491646927703
9663.75	-0.1902425335657702
9665.42	-0.5121791782297702
9667.09	-0.4317398054867702
9668.76	-0.5388882028257701
9670.42	-0.2958958064167703
9672.09	-0.2672710994807702
9673.76	0.011519108233229797
9675.43	-0.08713498225677022
9677.1	0.07876166931322948
9678.76	-0.18535818935677037
9680.43	-0.16714627461677029
9682.1	-0.2374920641967703
9683.77	-0.05446009367777041
9685.44	-0.029091129759770296
9687.1	0.20625150256022967
9688.77	0.22638439372322972
9690.44	0.43793543236322974
9692.11	0.2192831121632297
9693.78	0.0938289459682297
9695.44	-0.2220291615467701
9697.11	-0.45927958121677026
9698.78	-0.6861731632267702
9700.45	-0.6457964731967702
9702.11	-0.7650100626267702
9703.78	-0.5899719595067702
9705.45	-0.8858205086867701
9707.12	-0.8976594217167704
9708.79	-0.9517365542267702
9710.45	-0.8220611736267701
9712.12	-0.7200378414967705
9713.79	-0.3381231061937703
9715.46	-0.3592497197767702
9717.13	-0.2168712929067702
9718.79	-0.3683997079647703
9720.46	-0.29634502423677034
9722.13	-0.3634547841267702
9723.8	-0.21251492336137018
9725.47	-0.4366516674637701
9727.13	-0.2147423437947702
9728.8	-0.3567289270727702
9730.47	-0.2706937510557703
9732.14	-0.29875499353677015
9733.8	-0.007189839426770296
9735.47	0.011946321782229805
9737.14	0.1930991583412297
9738.81	-0.03195491215677029
9740.48	-0.0424605573467703
9742.14	-0.20335390080677018
9743.81	-0.0677644067967704
9745.48	-0.1700185148567702
9747.15	0.0637672264332297
9748.82	-0.02128225604677031
9750.48	-0.053735089916770284
9752.15	-0.32178361698677016
9753.82	-0.4310751056267702
9755.49	-0.6485521550567701
9757.15	-0.6148844290667703
9758.82	-0.9092159676567702
9760.49	-0.8488133388067702
9762.16	-0.96233625121677
9763.83	-0.8251148131577701
9765.49	-0.7455053188067702
9767.16	-0.3498853192777702
9768.83	-0.2302077432207702
9770.5	0.04389083073322979
9772.17	-0.1700104773167703
9773.83	-0.14889108095677042
9775.5	-0.37166854879677036
9777.17	-0.3589549208867701
9778.84	-0.5201103759006703
9780.51	-0.4445540449567701
9782.17	-0.7100162709567702
9783.84	-0.5930777787567703
9785.51	-0.6515589171057702
9787.18	-0.30516334270077045
9788.84	-0.26987932883677046
9790.51	-0.0034912523967702835
9792.18	-0.19489434708677023
9793.85	-0.1292018237767704
9795.52	-0.3455208119567702
9797.18	-0.2138389741367702
9798.85	-0.3396424910217702
9800.52	-0.41439326298777013
9802.19	-0.7791899606267702
9803.86	-0.7628598440567702
9805.52	-0.9166919606167702
9807.19	-0.7291391410467702
9808.86	-0.71713069499677
9810.53	-0.5094250258267702
9812.2	-0.45952224242377016
9813.86	-0.04536501450377041
9815.53	0.1481717150532296
9817.2	0.4579507094932297
9818.87	0.28435889683322974
9820.53	0.1226153600552297
9822.2	-0.21498322488677032
9823.87	0.034630745905229715
9825.54	0.1699820390032296
9827.21	0.6892357713450198
9828.87	0.7244926775248298
9830.54	0.6282182005032296
9832.21	0.06948211611322969
9833.88	-0.32458676298677014
9835.55	-0.7369033625497701
9837.21	-0.5401747955067704
9838.88	-0.41231811692677034
9840.55	-0.06657600613677028
9842.22	-0.07915406553677026
9843.89	0.0599186584532297
9845.55	-0.1424600723867702
9847.22	-0.41908401354677033
9848.89	-0.7193652653967701
9850.56	-0.9303506005367701
9852.22	-1.2483253741367704
9853.89	-1.2449104300067702
9855.56	-1.4406014980367705
9857.23	-1.0363579551367703
9858.9	-0.8501194388227702
9860.56	-0.4469622560167702
9862.23	-0.2302700499967702
9863.9	-0.0520133264367702
9865.57	-0.040487164546770205
9867.24	0.11916675158322972
9868.9	-0.0760581315767703
9870.57	0.07600609255322968
9872.24	-0.1491909503467701
9873.91	-0.06549935281677027
9875.58	-0.2086416057667702
9877.24	-0.21927924130677018
9878.91	-0.26306588397677033
9880.58	-0.20833094382677014
9882.25	-0.3518377419497702
9883.91	-0.2554366592767703
9885.58	-0.3688673334167703
9887.25	-0.1548270891917703
9888.92	-0.1582938948467702
9890.59	0.11244907895322961
9892.25	0.1781193816032295
9893.92	0.30875906162322964
9895.59	0.1407907655242297
9897.26	0.2833072467882297
9898.93	0.08667422363322985
9900.59	0.08181643530822968
9902.26	-0.1094640720367703
9903.93	-0.0339651902867702
9905.6	-0.14222664157677023
9907.27	-0.017626200786770296
9908.93	-0.04492837640677033
9910.6	0.27935104691322965
9912.27	0.31282578430322977
9913.94	0.4216105463512296
9915.6	0.2813789712632296
9917.27	0.4049439070862297
9918.94	0.26560176698322957
9920.61	0.2770602121532296
9922.28	0.055318161153229704
9923.94	0.15564235947322969
9925.61	0.04259541577322981
9927.28	0.1281730565832297
9928.95	-0.027413658676770314
9930.62	0.1313488809132298
9932.28	-0.05976668867977031
9933.95	-0.04539563227677021
9935.62	-0.3860065188367702
9937.29	-0.44111290615677007
9938.95	-0.6285919058977703
9940.62	-0.4961955528567701
9942.29	-0.5125825636567704
9943.96	-0.1336923863067701
9945.63	-0.2645133915317703
9947.29	-0.2594809400967702
9948.96	-0.6807923136067702
9950.63	-0.8775664923067703
9952.3	-1.1960054842467702
9953.97	-1.0175878617697702
9955.63	-1.0196540526367706
9957.3	-0.6603553139797702
9958.97	-0.6888563368867702
9960.64	-0.5743693747667702
9962.31	-0.6353736527167702
9963.97	-0.5600891283167703
9965.64	-0.8116588579667703
9967.31	-0.7539389150667701
9968.98	-0.9623818931367704
9970.64	-0.9299814438297704
9972.31	-1.0472810029067703
9973.98	-1.05792723384677
9975.65	-1.13260015934677
9977.32	-0.8849217781067702
9978.98	-0.7521822482567703
9980.65	-0.20516839709676998
9982.32	0.12094986767322959
9983.99	0.6023995387032295
9985.66	0.5980415474706599
9987.32	0.48872262348422973
9988.99	-0.06155530454677033
9990.66	-0.3570256379917701
9992.33	-0.6810290040167701
9994.0	-0.6570573670867703
9995.66	-0.7331712587367701
9997.33	-0.3607747486437701
9999.0	-0.27386694356077024
10000.7	0.09310030091322981
10002.3	0.009683225373229715
10004.0	0.043327476623229694
10005.7	-0.06953097758677032
10007.3	0.0825979505832297
10009.0	0.03817985668322961
10010.7	0.2300867889150296
10012.3	0.0701946541332298
10014.0	0.022122924963229706
10015.7	-0.4140626800767703
10017.3	-0.6034637467567701
10019.0	-0.9294838601767699
10020.7	-0.9114678970967703
10022.3	-0.91693294182677
10024.0	-0.8695614066067701
10025.7	-0.9458113807867701
10027.4	-0.7522074786057701
10029.0	-0.8688627174177702
10030.7	-0.5396714136767702
10032.4	-0.4765497613067702
10034.0	-0.2782009658237702
10035.7	-0.1902883334177703
10037.4	-0.0156824665987704
10039.0	-0.2233888300917703
10040.7	-0.1612718506347702
10042.4	-0.4314735925717702
10044.0	-0.3005503132267701
10045.7	-0.42223635866677023
10047.4	-0.2417613488867703
10049.0	-0.40027238169677015
10050.7	-0.16710604739677032
10052.4	-0.3867814268867701
10054.0	-0.3297332300167702
10055.7	-0.6511484346567703
10057.4	-0.7031118797527706
10059.0	-1.0295643292667702
10060.7	-1.0106526461767702
10062.4	-1.3564190828067706
10064.0	-1.2608588504667702
10065.7	-1.3446761350957703
10067.4	-0.9495947631267702
10069.1	-0.72359747209177
10070.7	-0.3278099616667702
10072.4	-0.30112649981077033
10074.1	-0.23131802203577023
10075.7	-0.5304909299967703
10077.4	-0.5480330817767705
10079.1	-0.43470169478677045
10080.7	0.04606643239322977
10082.4	0.3181306828962297
10084.1	0.6380989704432298
10085.7	0.4140143363502296
10087.4	0.25857139599822965
10089.1	-0.11100862197677042
10090.7	-0.35022087392677026
10092.4	-0.6190323760967701
10094.1	-0.6941758562567701
10095.7	-0.9624589297567702
10097.4	-0.9097756454057703
10099.1	-0.9127452219987701
10100.7	-0.5080415683567702
10102.4	-0.2204938377367702
10104.1	0.10779061201322969
10105.7	0.004419276883229711
10107.4	-0.0540481955317702
10109.1	-0.3705427569367702
10110.7	-0.40193462281677006
10112.4	-0.4266280151767702
10114.1	-0.15717436105677018
10115.8	0.01774450829622981
10117.4	0.2706694113620295
10119.1	0.0706805826772297
10120.8	0.036748672834229806
10122.4	-0.3060242593067702
10124.1	-0.2592574908267702
10125.8	-0.20632201803677028
10127.4	-0.0685563121627703
10129.1	-0.016212720376770406
10130.8	0.1861917995752297
10132.4	-0.1552468340517703
10134.1	-0.3406686604117702
10135.8	-0.8314163061767703
10137.4	-0.8676512221767702
10139.1	-0.86645196517677
10140.8	-0.6063205539767701
10142.4	-0.3226478496967702
10144.1	0.1998187379432299
10145.8	0.43695377904322963
10147.4	0.7485925261672297
10149.1	0.7070490697532297
10150.8	0.9175328624932297
10152.4	0.6871179428632297
10154.1	0.4585521249032296
10155.8	-0.03778362122677015
10157.4	-0.4247892172567703
10159.1	-0.9219566903867704
10160.8	-1.0458275993467705
10162.5	-1.3382927924767702
10164.1	-1.1367576496767702
10165.8	-1.1409060708467702
10167.5	-0.8189359822087704
10169.1	-0.7118768713317701
10170.8	-0.3024696080097701
10172.5	-0.2151151755267703
10174.1	0.0032669346132297994
10175.8	-0.0692280177967703
10177.5	0.08309101267322949
10179.1	-0.0189450871167703
10180.8	0.003909309843229708
10182.5	-0.2887656660367703
10184.1	-0.2524855193367701
10185.8	-0.2071879006067704
10187.5	0.0850330766863298
10189.1	0.23133124871122962
10190.8	0.3606320537132296
10192.5	0.12185671081322969
10194.1	-0.0472062208777702
10195.8	-0.5442563573567702
10197.5	-0.6975541016867703
10199.1	-0.8183776973367703
10200.8	-0.6935063211567701
10202.5	-0.7928919425567702
10204.1	-0.7093219830347701
10205.8	-0.8763805933477702
10207.5	-0.8306180160967702
10209.2	-0.8886388835267702
10210.8	-0.8839350741189702
10212.5	-0.9322640658767702
10214.2	-0.5968186555667702
10215.8	-0.42810093258677007
10217.5	-0.1522241216447702
10219.2	-0.1935044840567701
10220.8	-0.1396938439267703
10222.5	-0.2034576136687702
10224.2	-0.0482346024867702
10225.8	-0.0621543132467703
10227.5	0.2498389821132297
10229.2	0.3070323733632296
10230.8	0.21204198813322958
10232.5	-0.3144124056467703
10234.2	-0.4923399325367702
10235.8	-0.7043202844667701
10237.5	-0.5408173535467701
10239.2	-0.5011971575767701
10240.8	-0.1686842296567703
10242.5	-0.23461122264677
10244.2	-0.1306048277467703
10245.8	-0.2650570878447702
10247.5	-0.14851923305477022
10249.2	-0.1867246037267702
10250.9	-0.1017042322267703
10252.5	-0.2987057301663302
10254.2	-0.3722423730997703
10255.9	-0.8332667874467702
10257.5	-0.9015449028127702
10259.2	-1.2015379116867702
10260.9	-1.1906541817967702
10262.5	-1.3632962339377703
10264.2	-1.31684619014677
10265.9	-1.41079693430677
10267.5	-1.3364518663537701
10269.2	-1.3856410933667702
10270.9	-0.9512522518367702
10272.5	-0.5803116277667701
10274.2	0.0652125966432298
10275.9	0.4068824773012297
10277.5	0.6907325456832296
10279.2	0.4570270895932297
10280.9	0.2996439870812297
10282.5	-0.0651303320247701
10284.2	-0.09988506977677021
10285.9	-0.0587837697467703
10287.5	0.20831070002322968
10289.2	0.1246595721332297
10290.9	0.1686978501712298
10292.5	-0.2708803379667702
10294.2	-0.5127004993467702
10295.9	-0.9127272512867701
10297.6	-0.9224100999167703
10299.2	-0.9640258111607704
10300.9	-0.8066738738567703
10302.6	-0.9638840740867705
10304.2	-0.8702316784567702
10305.9	-1.1161937718967703
10307.6	-1.1435085437867702
10309.2	-1.27064114019677
10310.9	-1.1662084980267702
10312.6	-1.1774118462567702
10314.2	-0.84450529972077
10315.9	-0.6128416476267703
10317.6	-0.1956773583367701
10319.2	-0.2641636895367703
10320.9	-0.4673526797117701
10322.6	-0.9653815277867702
10324.2	-1.2701526932767702
10325.9	-1.6888154482967703
10327.6	-1.5408816762067703
10329.2	-1.5304929021667704
10330.9	-1.4276840117387704
10332.6	-1.5268835429867702
10334.2	-1.3908536687167703
10335.9	-1.2696443838367701
10337.6	-0.6582141715867702
10339.2	-0.4380417497767702
10340.9	-0.055820717546770204
10342.6	-0.23236755811677032
10344.3	-0.27104556497677035
10345.9	-0.3400342569847701
10347.6	-0.0398044252477703
10349.3	0.057781212953229605
10350.9	0.4113709497032298
10352.6	0.3144656830432298
10354.3	0.3681246559432297
10355.9	-0.08285910177277031
10357.6	-0.26652258756677016
10359.3	-0.49970864522677017
10360.9	-0.39458764036977023
10362.6	-0.48758866723877015
10364.3	-0.38118824626677017
10365.9	-0.3952929643367702
10367.6	-0.23029860916677009
10369.3	-0.2945737027277703
10370.9	-0.28651345631677017
10372.6	-0.5782281502587702
10374.3	-0.7485794688067702
10375.9	-1.2120359766467703
10377.6	-1.5127267617947697
10379.3	-1.56417118270677
10380.9	-1.3105991506767707
10382.6	-0.91164867967677
10384.3	-0.2121976352137703
10385.9	0.007139503713229689
10387.6	0.25570478829122967
10389.3	-0.1011940899217702
10391.0	-0.30826071792577003
10392.6	-0.5146085725267701
10394.3	-0.39619733515877026
10396.0	-0.2767902716867704
10397.6	0.2309583270332296
10399.3	0.17288463841322949
10401.0	0.2203186491202297
10402.6	-0.3800381433667702
10404.3	-0.6807465750367702
10406.0	-0.9078997067177703
10407.6	-0.7057478917867703
10409.3	-0.44166805138677007
10411.0	0.1134240964832295
10412.6	0.2423824363732297
10414.3	0.5806518312732297
10416.0	0.37759875697022965
10417.6	0.3162594495332296
10419.3	-0.011917485916770304
10421.0	-0.38256374841877017
10422.6	-0.7441162932627702
10424.3	-0.8904948132187702
10426.0	-1.0158419329707702
10427.6	-0.6743648094667702
10429.3	-0.5599936004567704
10431.0	-0.2003226616367702
10432.7	-0.30218142738677023
10434.3	-0.4471748733067702
10436.0	-0.6421839117067702
10437.7	-0.6306070708167703
10439.3	-0.5777609303757703
10441.0	-0.31668261532977016
10442.7	-0.2937499144047701
10444.3	-0.09307937462677024
10446.0	-0.30507021306677007
10447.7	-0.43912838934677023
10449.3	-0.6310065160967703
10451.0	-0.3301047868237703
10452.7	-0.24660340606677028
10454.3	0.1331945862032298
10456.0	0.27455634289522957
10457.7	0.3943376427832297
10459.3	0.3155189685152296
10461.0	0.3595580652432297
10462.7	0.1099800270522297
10464.3	0.11765664583322968
10466.0	-0.2688638013067704
10467.7	-0.44597205360277026
10469.3	-0.7310394090207701
10471.0	-0.7396815283067704
10472.7	-0.7040527597867702
10474.3	-0.5065450754267702
10476.0	-0.4975658972667702
10477.7	-0.28823590572677016
10479.4	-0.3292454748997702
10481.0	-0.0810373755597702
10482.7	-0.1563640251267702
10484.4	-0.0939873982267703
10486.0	-0.34282913772677026
10487.7	-0.5140513145987703
10489.4	-0.9894879512767703
10491.0	-0.9586412590467701
10492.7	-1.21954162940677
10494.4	-1.1832540882567701
10496.0	-1.3977303580567702
10497.7	-1.3724320389467703
10499.4	-1.4801018077367702
10501.0	-1.1779255638767703
10502.7	-1.0244294303567703
10504.4	-0.5398041220167701
10506.0	-0.4132467364244703
10507.7	-0.1983962990567701
10509.4	-0.2087163801067701
10511.0	-0.0025376139857702096
10512.7	-0.0712818863067702
10514.4	0.07001475663322979
10516.0	-0.02041803257677019
10517.7	-0.019849114296770387
10519.4	-0.10072826695677031
10521.0	0.056236438013229806
10522.7	-0.1227772512167703
10524.4	-0.1503137312557703
10526.1	-0.4286680769067703
10527.7	-0.5844720028067704
10529.4	-0.6451985766067704
10531.1	-0.5591346513145704
10532.7	-0.3830892886287704
10534.4	-0.11189587169677029
10536.1	-0.0936039782067702
10537.7	-0.14068243174677
10539.4	-0.2412260253967703
10541.1	-0.2288712106767704
10542.7	-0.28327031365677
10544.4	-0.3030333864867701
10546.1	-0.4095405492567701
10547.7	-0.40450878165677
10549.4	-0.39453333161677007
10551.1	-0.1860952494767703
10552.7	-0.1831921899167702
10554.4	-0.02450661642077029
10556.1	-0.4225596334147703
10557.7	-0.7454686372167703
10559.4	-1.26255153922877
10561.1	-1.3751411500367703
10562.7	-1.3792562472367704
10564.4	-0.9879673274867702
10566.1	-0.8912486716967704
10567.7	-0.6863721686567703
10569.4	-0.9611973166667703
10571.1	-1.0631211280967703
10572.8	-1.28277792474677
10574.4	-1.0523607524097702
10576.1	-0.8327387959977702
10577.8	-0.3651108881267702
10579.4	-0.059489571346770305
10581.1	0.26552452293422985
10582.8	0.2691394899286297
10584.4	0.4107565173932296
10586.1	0.3226841561482297
10587.8	0.4814788155022297
10589.4	0.46845067618322983
10591.1	0.3388972290132297
10592.8	0.0476529037122298
10594.4	-0.07942900094777021
10596.1	-0.3708090110467701
10597.8	-0.46298533911677026
10599.4	-0.7239602017067701
10601.1	-0.6548476778267701
10602.8	-0.7870062261967702
10604.4	-0.7528568925557703
10606.1	-0.9872960396017704
10607.8	-0.9956595708967702
10609.4	-1.0432818254067702
10611.1	-0.8135004156067701
10612.8	-0.7566118512967703
10614.5	-0.24706656748777042
10616.1	-0.0564477106267704
10617.8	0.3321339083742296
10619.5	0.2522137502932296
10621.1	0.2204730964032298
10622.8	0.09555448565322969
10624.5	0.13373324418922972
10626.1	0.0543033759489297
10627.8	0.14935470656322963
10629.5	0.0927049678832298
10631.1	0.36973411987322996
10632.8	0.37751676604322976
10634.5	0.5483890331032297
10636.1	0.52184353309323
10637.8	0.5758728961532295
10639.5	0.3143623884132296
10641.1	0.09190676561322969
10642.8	-0.3880286226467702
10644.5	-0.4967332632267702
10646.1	-0.7953223820167702
10647.8	-0.8018479471567701
10649.5	-1.0056504921667702
10651.1	-0.9353383552967702
10652.8	-1.1282707985867702
10654.5	-0.9750235756467701
10656.1	-0.9808469833567703
10657.8	-0.5007310576797702
10659.5	-0.3494092006167701
10661.2	-0.3607458870067701
10662.8	-0.8054820986867702
10664.5	-0.9736212095567701
10666.2	-1.3838241374267701
10667.8	-1.0872269346567702
10669.5	-0.7435926353167703
10671.2	-0.11710052145677029
10672.8	0.1389560383732297
10674.5	0.2299280065432297
10676.2	-0.2885309905127702
10677.8	-0.5223612951667702
10679.5	-1.0882071574967702
10681.2	-1.2242457342667699
10682.8	-1.5233714949057702
10684.5	-1.46627230678677
10686.2	-1.5653114743567702
10687.8	-1.2997049803467702
10689.5	-1.36700201173677
10691.2	-1.2062238736667705
10692.8	-1.45401837142677
10694.5	-1.1949111903867704
10696.2	-1.17400016640127
10697.8	-0.6912203416667702
10699.5	-0.3236966153467704
10701.2	-0.011487031066770209
10702.8	-0.10622538405677051
10704.5	0.06319952577322976
10706.2	-0.1715450906867702
10707.9	0.07503849134322971
10709.5	-0.054502770490770305
10711.2	-0.0038686302067702984
10712.9	-0.2550896613167702
10714.5	-0.5665166946167701
10716.2	-1.2473973728967702
10717.9	-1.3033084049467702
10719.5	-1.5584933061017705
10721.2	-1.3837813511067703
10722.9	-1.4034745897927703
10724.5	-1.1218044217767702
10726.2	-1.2637496793667702
10727.9	-0.9945896892767704
10729.5	-1.0254245528267703
10731.2	-0.8770247246267701
10732.9	-1.0781045097267705
10734.5	-1.16927389685777
10736.2	-1.6267853827517702
10737.9	-1.6183355097217702
10739.5	-1.9469621071167702
10741.2	-1.68477703119677
10742.9	-1.4202323994607702
10744.5	-0.92818375647677
10746.2	-0.7264886008727702
10747.9	-0.3261730510007701
10749.5	-0.3041151645367702
10751.2	-0.2101662711867701
10752.9	-0.4866307024867703
10754.6	-0.4691477531567702
10756.2	-0.6403677121267701
10757.9	-0.6075100503097701
10759.6	-0.6000526717767701
10761.2	-0.5181765267467702
10762.9	-0.6127736179067702
10764.6	-0.6159036121667705
10766.2	-0.8099373811577703
10767.9	-0.9170095089467708
10769.6	-1.2463759988967704
10771.2	-1.4372795296067706
10772.9	-1.6325444552777704
10774.6	-1.3196086596297705
10776.2	-1.09058992222677
10777.9	-0.4668779976617702
10779.6	0.000887342523229695
10781.2	0.4439731119932298
10782.9	0.4867918025132296
10784.6	0.5387636323132297
10786.2	0.03137218646322959
10787.9	-0.18968529177677013
10789.6	-0.6386618656567701
10791.2	-0.5612018505707702
10792.9	-0.5751992308367702
10794.6	-0.2722430910427701
10796.3	-0.10582442318677039
10797.9	0.2252633830222294
10799.6	0.3309825724532295
10801.3	0.3793715465032298
10802.9	-0.005464065768770204
10804.6	-0.08791163325677029
10806.3	-0.5200703383767701
10807.9	-0.6329765968467703
10809.6	-0.6531433961867702
10811.3	-0.5360652472217702
10812.9	-0.3935495056867703
10814.6	-0.0656524193217701
10816.3	-0.03532023085477029
10817.9	0.2797729962332297
10819.6	0.14782010362022957
10821.3	0.18880698892322972
10822.9	0.0546041055352296
10824.6	0.14777734415822968
10826.3	0.17834270135322977
10827.9	0.6906645113232299
10829.6	0.7345506169332296
10831.3	0.9009620220032297
10832.9	0.5459786639632296
10834.6	0.44173685229342974
10836.3	0.31364105926322966
10837.9	0.3273448658332297
10839.6	0.0690558124932296
10841.3	0.10959547795922961
10843.0	-0.3396746344867701
10844.6	-0.5207043619137705
10846.3	-0.83842625463977
10848.0	-1.02483832147677
10849.6	-1.1956236116367702
10851.3	-1.2836648640367705
10853.0	-1.49176446740337
10854.6	-1.1680467850067702
10856.3	-1.1980286817067705
10858.0	-0.9569027380967704
10859.6	-1.0109605017767704
10861.3	-1.2077621422937703
10863.0	-1.3797147796317701
10864.6	-1.3879863510767703
10866.3	-1.5458028195867701
10868.0	-1.2301735950567703
10869.6	-1.2984773188687702
10871.3	-1.17000775054677
10873.0	-1.20528904072677
10874.6	-1.1701846791067703
10876.3	-1.19747703578277
10878.0	-0.8675333314507702
10879.6	-0.7213125103977701
10881.3	-0.3483378084367704
10883.0	-0.42111842370677033
10884.6	-0.34629197373677023
10886.3	-0.5396615190967703
10888.0	-0.3582310156767702
10889.7	-0.36100773786677043
10891.3	-0.030985729756770497
10893.0	-0.04911924972477033
10894.7	0.07464873214322959
10896.3	-0.17091054953077028
10898.0	-0.06918349763677023
10899.7	-0.2507594226267702
10901.3	-0.04792025742976999
10903.0	-0.004358629716770396
10904.7	0.3419796569972298
10906.3	0.3908332782132298
10908.0	0.6396769304522297
10909.7	0.3521533778532298
10911.3	0.3420536468532297
10913.0	-0.0117605650467703
10914.7	-0.3047837557647702
10916.3	-0.5346013176767703
10918.0	-0.6171306963067702
10919.7	-0.8399329722167703
10921.3	-0.7091352053367701
10923.0	-0.91284213879677
10924.7	-0.6743858936967703
10926.3	-0.6031244549567703
10928.0	-0.5336974729367701
10929.7	-0.42512177465677026
10931.3	-0.2790668067077701
10933.0	-0.3895167725267702
10934.7	-0.23602302422677002
10936.4	-0.5216338512317703
10938.0	-0.6372530743667701
10939.7	-0.9456902726067702
10941.4	-0.8546265928967701
10943.0	-0.8915165314117703
10944.7	-0.5981231685757702
10946.4	-0.5917314726467702
10948.0	-0.5080097109667703
10949.7	-0.6467907868667703
10951.4	-0.5762192103367701
10953.0	-0.6160041001881703
10954.7	-0.1104429898667702
10956.4	0.1519137473232297
10958.0	0.37225455819322967
10959.7	0.2887828357732296
10961.4	-0.1703399825867702
10963.0	-0.83328407092677
10964.7	-1.04407126474677
10966.4	-1.0680473127137704
10968.0	-0.5403617952367703
10969.7	-0.1039050178707704
10971.4	0.1742033787432297
10973.0	0.3166943383832296
10974.7	0.1958940322132298
10976.4	-0.1962878740357703
10978.1	-0.3310123956567701
10979.7	-0.6541663697967701
10981.4	-0.6251746210157701
10983.1	-0.6983054776967701
10984.7	-0.7689800763267702
10986.4	-0.7829251301867701
10988.1	-0.66132513916677
10989.7	-0.6680224471067701
10991.4	-0.4147281272787702
10993.1	-0.3163740588557702
10994.7	-0.007511335593560292
10996.4	-0.08179443207177028
10998.1	-0.1721240755367704
10999.7	-0.6241786733367702
11001.4	-0.6983800012667702
11003.1	-0.9016974188527703
11004.7	-0.7133029567167704
11006.4	-0.7086970691647702
11008.1	-0.50278565050677
11009.7	-0.6809597858597702
11011.4	-0.4882751300877702
11013.1	-0.6950466359767701
11014.7	-0.4770939457867701
11016.4	-0.7306950417667701
11018.1	-0.6158468716167702
11019.7	-0.7252325763267702
11021.4	-0.4894400375267701
11023.1	-0.3419100582967704
11024.8	0.002000710563229896
11026.4	-0.0646620112627703
11028.1	0.0108767312682298
11029.8	-0.49172948626677015
11031.4	-0.5538294841187702
11033.1	-0.8713166380167702
11034.8	-0.8557469648867703
11036.4	-0.8532262861967702
11038.1	-0.6796863222345704
11039.8	-0.6759750787767702
11041.4	-0.4467243033667704
11043.1	-0.6151485761427702
11044.8	-0.5055767539837701
11046.4	-0.7862652623767702
11048.1	-0.8648427162567702
11049.8	-0.9934344596567701
11051.4	-0.7224586476467701
11053.1	-0.4507204021867702
11054.8	0.14748072700122983
11056.4	0.28686381594322974
11058.1	0.47247541956322964
11059.8	0.26887400210022966
11061.4	0.2795257687932295
11063.1	0.10192592187622969
11064.8	0.48502540557322965
11066.4	0.5347086668732296
11068.1	0.6723429705332297
11069.8	0.33155852269422964
11071.5	0.1141871358732296
11073.1	-0.3594780648367704
11074.8	-0.3317749440567702
11076.5	-0.7010190839667704
11078.1	-0.6520151227567702
11079.8	-0.7422538995967702
11081.5	-0.7127761709267701
11083.1	-0.7669043336667699
11084.8	-0.55708653584677
11086.5	-0.7012852738677703
11088.1	-0.5718743467167701
11089.8	-0.7583932247667702
11091.5	-0.7285422840067701
11093.1	-0.7178884924967701
11094.8	-0.4814019396067702
11096.5	-0.45036047099677035
11098.1	-0.16703108094677038
11099.8	-0.2462195990067703
11101.5	-0.1653959820877703
11103.1	-0.34370178640277027
11104.8	-0.39935262514377023
11106.5	-0.44920115308677033
11108.1	-0.2242440566767702
11109.8	-0.2121447271357701
11111.5	0.049946113713229594
11113.1	-0.18313168894677012
11114.8	-0.0750721927067701
11116.5	-0.0816738403967702
11118.2	-0.056022739394770316
11119.8	0.023548976353229667
11121.5	0.0905990636432297
11123.2	-0.20783821319077023
11124.8	-0.4444668032037703
11126.5	-0.8863076298567703
11128.2	-0.85833243195677
11129.8	-0.90295596401677
11131.5	-0.77598028988677
11133.2	-0.72200469209677
11134.8	-0.4040376219547701
11136.5	-0.3602254578767702
11138.2	-0.09321086829677039
11139.8	-0.10440800905677028
11141.5	0.2494856495032296
11143.2	0.3216283240332295
11144.8	0.4899928463232299
11146.5	0.3255738397482298
11148.2	0.2842660976632296
11149.8	-0.2009747394667702
11151.5	-0.38879211257677015
11153.2	-0.8628578296967702
11154.8	-1.10612331025677
11156.5	-1.5932557795367701
11158.2	-1.8253859636667702
11159.9	-1.97763445734677
11161.5	-1.5543215194667697
11163.2	-0.9700878836667701
11164.9	0.0034663237232296987
11166.5	0.6930437063232296
11168.2	1.0326483990832296
11169.9	0.9104542173132296
11171.5	0.6350819105532296
11173.2	0.2907834602932297
11174.9	0.3737388433432297
11176.5	0.4797391248152296
11178.2	0.7065618266582296
11179.9	0.9183753942532296
11181.5	1.0517728351032294
11183.2	1.1845100470032297
11184.9	1.5270005528432296
11186.5	1.6338604315632292
11188.2	1.7650714760232293
11189.9	1.37618801979323
11191.5	0.8521518352432296
11193.2	-0.006861803642770302
11194.9	-0.4628680199607702
11196.5	-0.7733005844144702
11198.2	-0.6072396441037703
11199.9	-0.7791994329617701
11201.5	-0.6676572788867704
11203.2	-1.0206908114667699
11204.9	-1.03929583204677
11206.6	-1.1527950144167702
11208.2	-0.9335401255367701
11209.9	-0.8366548430467702
11211.6	-0.49930552708677023
11213.2	-0.6923295864677702
11214.9	-0.5633503837297701
11216.6	-0.6595513782767701
11218.2	-0.5382742413667703
11219.9	-0.66359331240077
11221.6	-0.5232073310087701
11223.2	-0.5619851046167702
11224.9	-0.28093897531677026
11226.6	-0.3969465247367703
11228.2	-0.16406575806677032
11229.9	-0.1195049038667702
11231.6	-0.17374596280677018
11233.2	-0.49041851413677007
11234.9	-0.3321415855067702
11236.6	-0.1963160229767703
11238.2	0.35331579489322973
11239.9	0.40327578288322985
11241.6	0.5163736830032297
11243.2	0.34797310524323
11244.9	-0.09447078387477029
11246.6	-0.6414504834867703
11248.2	-0.5636803533767701
11249.9	-0.5100232999667702
11251.6	-0.0023354501467704
11253.3	0.09430505093622968
11254.9	0.38941463126622977
11256.6	0.2691538722832298
11258.3	-0.029155798717770298
11259.9	-0.5766202508367702
11261.6	-0.5764828479867701
11263.3	-0.7227305363067703
11264.9	-0.31610147447677034
11266.6	-0.3621230630567702
11268.3	-0.2545184037777704
11269.9	-0.54087933827677
11271.6	-0.7962698689667702
11273.3	-1.13000850247877
11274.9	-0.9452288846457704
11276.6	-0.7912993854767703
11278.3	-0.40148606935677017
11279.9	-0.5247388328867704
11281.6	-0.4699023949667703
11283.3	-0.7892844800767702
11284.9	-0.7840540885767702
11286.6	-0.6697818854767701
11288.3	-0.25748517881577027
11289.9	0.061340154271229796
11291.6	0.5663378803132297
11293.3	0.39797497846322977
11294.9	0.3953600741432297
11296.6	-0.12719670314177028
11298.3	-0.4207581920077702
11300.0	-0.6435866926667699
11301.6	-0.5163371335567702
11303.3	-0.55399055319677
11305.0	-0.2579114135667701
11306.6	-0.46760004520677034
11308.3	-0.6130845425667701
11310.0	-1.0089685556067705
11311.6	-1.29316590238677
11313.3	-1.4351108949517701
11315.0	-1.2412498241467702
11316.6	-1.1992971460567703
11318.3	-0.8644187675267703
11320.0	-0.7901554385267702
11321.6	-0.4842911559467702
11323.3	-0.5936136258467701
11325.0	-0.69054585493677
11326.6	-1.10679400899877
11328.3	-1.3580098331867703
11330.0	-1.4083116964597702
11331.6	-1.1384993720967702
11333.3	-0.8346588845667703
11335.0	-0.23879384293677028
11336.6	-0.28157092733677025
11338.3	-0.15679338362676998
11340.0	-0.4305133160937702
11341.7	-0.4847588709267703
11343.3	-0.3659047399367702
11345.0	-0.1363036731567703
11346.7	-0.0882995207837702
11348.3	0.22782709137322987
11350.0	0.21097290626322968
11351.7	0.5257797073752297
11353.3	0.32857016202322986
11355.0	0.47410214816222973
11356.7	0.23671152925063
11358.3	0.1404585743632297
11360.0	-0.3859867338767702
11361.7	-0.6906478450667701
11363.3	-1.22777837726677
11365.0	-1.4471649059567702
11366.7	-1.6890518675567698
11368.3	-1.2963530542567703
11370.0	-0.9812732617567702
11371.7	-0.3822829834967703
11373.3	-0.3204878732267702
11375.0	-0.2530321172267702
11376.7	-0.33297911744677033
11378.3	-0.3482703301167702
11380.0	-0.5544117552567701
11381.7	-0.5329000042567704
11383.3	-0.8130160464067703
11385.0	-0.8791615824267701
11386.7	-1.1789727873767701
11388.4	-1.21153294390077
11390.0	-1.1107055064867701
11391.7	-0.5979985901667701
11393.4	-0.3416032604497702
11395.0	0.17149166869802962
11396.7	0.32570348813322975
11398.4	0.3578285362832298
11400.0	-0.07219779611677032
11401.7	-0.5698227233067701
11403.4	-1.0484239272367701
11405.0	-0.9294155923259502
11406.7	-0.8966204875397702
11408.4	-0.38817687964777037
11410.0	-0.20839130146677012
11411.7	0.021781183003229697
11413.4	0.1082640296732297
11415.0	0.28132368124322976
11416.7	0.22795044228322975
11418.4	0.5136189586522298
11420.0	0.2944573971932297
11421.7	0.4779533345332294
11423.4	0.1562491541732296
11425.0	-0.027104188786770234
11426.7	-0.3871303316667701
11428.4	-0.6747294734767704
11430.0	-1.1596258184267707
11431.7	-1.1516586939467706
11433.4	-1.3666258745067699
11435.1	-0.9333322263167703
11436.7	-0.78648572722677
11438.4	-0.5610786022867703
11440.1	-0.6791279618167702
11441.7	-0.6289739249867702
11443.4	-1.0262317535267702
11445.1	-1.22352191762977
11446.7	-1.62724229255677
11448.4	-1.52913742959777
11450.1	-1.6181940871957703
11451.7	-1.28877459373677
11453.4	-1.25643995000677
11455.1	-1.1191741977167697
11456.7	-1.05531112078477
11458.4	-0.99931391968677
11460.1	-1.0875633802667701
11461.7	-0.73326798166177
11463.4	-0.6185415955737703
11465.1	-0.2699413410697701
11466.7	0.04465677993422981
11468.4	0.08090574052322969
11470.1	-0.14716620859577037
11471.7	-0.6036081361567702
11473.4	-1.22216888545677
11475.1	-1.5208666493067702
11476.7	-1.6938599995267702
11478.4	-1.5154904389567703
11480.1	-1.26659151941677
11481.8	-0.8017049552867701
11483.4	-0.4724779382167703
11485.1	-0.06768895806677022
11486.8	0.17573226427322974
11488.4	0.4216888661332297
11490.1	0.2233112681032297
11491.8	0.07260359219322973
11493.4	-0.3617157237867702
11495.1	-0.4142540999717702
11496.8	-0.5538377001767701
11498.4	-0.5593668295757701
11500.1	-0.4775046591217702
11501.8	-0.27199887070977036
11503.4	-0.4539158506167703
11505.1	-0.32788745980677025
11506.8	-0.4884410014967702
11508.4	-0.46908208929477024
11510.1	-0.5323106758367703
11511.8	-0.3868376770767703
11513.4	-0.3099098011887702
11515.1	0.10788672001322971
11516.8	-0.08817601324677027
11518.4	-0.3326488542767704
11520.1	-0.88311242682677
11521.8	-1.0339545260967702
11523.5	-1.0834071606677702
11525.1	-0.4322882914197703
11526.8	-0.011806037166770394
11528.5	0.5568423043932298
11530.1	0.4711516763532298
11531.8	0.20232790694322966
11533.5	-0.3254095935167703
11535.1	-0.3534673721597703
11536.8	-0.3063188582597702
11538.5	0.005649983754329679
11540.1	-0.08831211746677009
11541.8	0.0139465185932296
11543.5	-0.2213399291467702
11545.1	-0.13693411970677022
11546.8	-0.1270155301867702
11548.5	0.0930687231932297
11550.1	-0.08283882919977029
11551.8	-0.24978958369677018
11553.5	-0.8562654928267701
11555.1	-1.1060385956626702
11556.8	-1.41763719458677
11558.5	-1.1128930269567703
11560.1	-0.6408393473267702
11561.8	0.046765883523229704
11563.5	0.1497822215952297
11565.1	0.2623486966152296
11566.8	-0.09084440577677028
11568.5	-0.2390767343147703
11570.2	-0.6811717765167702
11571.8	-0.7222082521267703
11573.5	-0.8992561841647702
11575.2	-0.7184392834167702
11576.8	-0.8837290736967702
11578.5	-0.6783705991767701
11580.2	-0.7437398736867703
11581.8	-0.3799195083167701
11583.5	-0.3899755789467702
11585.2	0.017109362114229698
11586.8	0.10931185133322968
11588.5	0.3341002145852296
11590.2	0.1103692279932296
11591.8	0.1539512830032296
11593.5	-0.18012105390677036
11595.2	-0.1435616234937702
11596.8	-0.34382455902177034
11598.5	-0.3772324379367701
11600.2	-0.5548348022397701
11601.8	-0.4829713359567702
11603.5	-0.40913367489677016
11605.2	-0.02291034980877038
11606.8	0.2498407936132297
11608.5	0.4837536913432295
11610.2	0.21195137006322962
11611.8	-0.048013116716770304
11613.5	-0.5993549561467701
11615.2	-0.7724480544967702
11616.9	-0.8251589148987701
11618.5	-0.7093714658687702
11620.2	-0.8361668981567703
11621.9	-0.7480505729967702
11623.5	-0.8774657816267701
11625.2	-0.8881411774767702
11626.9	-1.0403061619567702
11628.5	-0.9624932283257701
11630.2	-0.9857560202067703
11631.9	-0.5948703684767704
11633.5	-0.4593388978467703
11635.2	-0.11418220754677041
11636.9	0.09809932962322962
11638.5	0.3438687559232295
11640.2	0.2507442782232297
11641.9	0.2827809725672296
11643.5	0.0843042271724299
11645.2	0.09545772860322979
11646.9	-0.0479968261367702
11648.5	-0.1308192613267702
11650.2	-0.3020170690267701
11651.9	-0.02844958463977021
11653.5	-0.046975335042770294
11655.2	0.059632759213229636
11656.9	-0.05897600451677032
11658.5	0.026256480842229715
11660.2	-0.1527731969867701
11661.9	-0.0683246279607704
11663.6	-0.2746627614057703
11665.2	-0.3007700616767704
11666.9	-0.7162595973987704
11668.6	-1.05157261192677
11670.2	-1.5084399596167704
11671.9	-1.4709959158267703
11673.6	-1.5763284089767702
11675.2	-1.43593754633677
11676.9	-1.4289333076253703
11678.6	-1.1786945285087702
11680.2	-0.9595774261567701
11681.9	-0.4758408257567701
11683.6	0.02681039783322947
11685.2	0.5399483826632294
11686.9	0.6499091904132298
11688.6	0.77284886597323
11690.2	0.6730042781032294
11691.9	0.6674966255932299
11693.6	0.5044063117232297
11695.2	0.32279636035322967
11696.9	-0.1513752436567703
11698.6	-0.3821129834077702
11700.2	-0.7498461763467703
11701.9	-0.5607125187967703
11703.6	-0.5772925418671704
11705.3	-0.6206167630267702
11706.9	-1.1694051038167705
11708.6	-1.6025951425167704
11710.3	-2.06745157116677
11711.9	-1.9169831989567703
11713.6	-1.39907567255477
11715.3	-0.4504443772867703
11716.9	-0.08060394168677038
11718.6	0.18988269477322972
11720.3	-0.1137699598667703
11721.9	-0.36132858144677016
11723.6	-0.8140761773967703
11725.3	-0.8218997372267701
11726.9	-0.8284381198377703
11728.6	-0.4100942605867701
11730.3	-0.4307209118347701
11731.9	-0.2997001716367702
11733.6	-0.54709544816677
11735.3	-0.5399425196947701
11736.9	-0.8382007720167701
11738.6	-0.6831114337407701
11740.3	-0.8478176165267701
11741.9	-0.7419228960567702
11743.6	-0.9505425826567702
11745.3	-1.0326973636207701
11746.9	-1.34153085166677
11748.6	-1.3685704470207702
11750.3	-1.69737161570677
11752.0	-1.6170574230637702
11753.6	-1.8783162671767704
11755.3	-1.79499686525677
11757.0	-1.6997793654967703
11758.6	-1.3223165686767697
11760.3	-1.0979968154327704
11762.0	-0.6703007054127703
11763.6	-0.6564019813667704
11765.3	-0.3504759903697702
11767.0	-0.4093647003667704
11768.6	-0.1627157295667701
11770.3	-0.1633572669487702
11772.0	-0.1062150623867703
11773.6	-0.26275602778677043
11775.3	-0.3680481194627703
11777.0	-0.7302241080967702
11778.6	-0.6631387209367702
11780.3	-0.7034887503167704
11782.0	-0.1501715978867702
11783.6	0.14086815370822958
11785.3	0.4518642376262296
11787.0	0.44189702768022976
11788.6	0.4843872224792297
11790.3	-0.0543432598667703
11792.0	-0.4780661547937701
11793.6	-1.2457211387897702
11795.3	-1.5390604968667703
11797.0	-1.8593693132297702
11798.7	-1.51107644991277
11800.3	-1.16110760425677
11802.0	-0.45602868775677
11803.7	-0.37008547475677034
11805.3	-0.25990367654677027
11807.0	-0.46748188028177007
11808.7	-0.28712704573677017
11810.3	-0.4553977240867702
11812.0	-0.3580500089067703
11813.7	-0.5754637601137704
11815.3	-0.5301465360367703
11817.0	-0.6678367711167703
11818.7	-0.40345028378577025
11820.3	-0.3273830271437703
11822.0	-0.10031290629977019
11823.7	-0.3977988926387702
11825.3	-0.5531645410167703
11827.0	-0.9071757291767703
11828.7	-0.6783884208567702
11830.3	-0.6163343956387701
11832.0	-0.4431425681567703
11833.7	-0.49305639379677013
11835.3	-0.4038292155467703
11837.0	-0.5855785014867703
11838.7	-0.4598529321567703
11840.3	-0.7891446734267702
11842.0	-0.7632135528767703
11843.7	-1.1790430189967702
11845.4	-1.6623547161277699
11847.0	-2.1932274163567698
11848.7	-2.0761806080167697
11850.4	-1.9578406609367702
11852.0	-1.2510817605667701
11853.7	-0.66542026448677
11855.4	-0.0699852963467703
11857.0	0.1492480654102298
11858.7	0.03881060608322981
11860.4	-0.7709172971967699
11862.0	-1.0791530827667701
11863.7	-1.6052302418867703
11865.4	-1.6267035766567701
11867.0	-1.4691672431167704
11868.7	-1.0963746627867703
11870.4	-0.96791860356677
11872.0	-0.7889782451467703
11873.7	-1.1412476538267702
11875.4	-1.0000302013417701
11877.0	-0.8825844986167701
11878.7	-0.48821958930677023
11880.4	-0.4177826229081702
11882.0	-0.1245494232967703
11883.7	-0.18617971428677021
11885.4	-0.2342069869667703
11887.1	-0.6669021042167702
11888.7	-0.6739710867197701
11890.4	-0.8930156456767699
11892.1	-0.8636120326867704
11893.7	-1.0038203008667705
11895.4	-0.8427465382967702
11897.1	-0.8635387170467703
11898.7	-0.8150717448567704
11900.4	-1.1145391649767704
11902.1	-1.0331432698867702
11903.7	-1.1643760180967704
11905.4	-1.0185876441557704
11907.1	-1.0020169129957701
11908.7	-0.7964661222567702
11910.4	-0.5932807672067704
11912.1	-0.05044928623677031
11913.7	0.37873341155922974
11915.4	0.8226349415402299
11917.1	0.6954483162832297
11918.7	0.6367144017332298
11920.4	0.19553228464822958
11922.1	-0.17813046090677048
11923.7	-0.5021637758367702
11925.4	-0.4431325905767701
11927.1	-0.6788416684667702
11928.7	-0.5344222670067702
11930.4	-0.5934570740167702
11932.1	-0.3865023105397702
11933.8	-0.29910911909677007
11935.4	-0.48787772488677006
11937.1	-1.0518891706567706
11938.8	-1.2868532474567702
11940.4	-1.76931560865677
11942.1	-1.6515036151767704
11943.8	-1.3211298242667702
11945.4	-1.1005800923697702
11947.1	-1.0359179050967702
11948.8	-1.11562954835677
11950.4	-1.4164038047367702
11952.1	-1.2123782372767704
11953.8	-1.12140933574677
11955.4	-0.4348163991967702
11957.1	-0.1313981408367702
11958.8	0.2374248866332296
11960.4	0.3587259621632297
11962.1	0.1857604879932297
11963.8	-0.017519327146770305
11965.4	-0.07416984884357022
11967.1	-0.5651069020447703
11968.8	-0.34386514064677026
11970.4	-0.3559318035867701
11972.1	-0.17931056391677028
11973.8	-0.0720042257667703
11975.4	-0.0996291494357701
11977.1	-0.3149515064167703
11978.8	-0.10403227785677038
11980.5	-0.20037133764377024
11982.1	0.10656200056322962
11983.8	0.5224575407332298
11985.5	0.9122349179632296
11987.1	0.9139841075378299
11988.8	0.7688645862032295
11990.5	-0.21769570032677016
11992.1	-0.8546927691067704
11993.8	-1.5788372734867702
11995.5	-1.87201381066677
11997.1	-1.8268679413597702
11998.8	-1.6276791940967703
12000.5	-1.4994368477367703
12002.1	-1.3075580952367702
12003.8	-1.32321696146577
12005.5	-1.0420067548067702
12007.1	-0.8411009283067702
12008.8	-0.6637887784727701
12010.5	-0.6869094626417701
12012.1	-0.5857432931367703
12013.8	-0.3459405843267701
12015.5	-0.0713338273947702
12017.1	0.10133489510322971
12018.8	0.11094509997022971
12020.5	-0.025925734606770418
12022.1	-0.1245572599267703
12023.8	-0.28928723239577026
12025.5	-0.013355911136770371
12027.2	0.11320542585622972
12028.8	0.21729151971322946
12030.5	0.20355689409322975
12032.2	0.16233555078322953
12033.8	0.0549246900732297
12035.5	-0.08292459592677032
12037.2	-0.58053883875677
12038.8	-0.6482113610067703
12040.5	-0.9182495207967702
12042.2	-0.9103821035267702
12043.8	-0.8119756083467702
12045.5	-0.6167367083767703
12047.2	-0.64791798841677
12048.8	-0.43864935745677025
12050.5	-0.45515684969677017
12052.2	-0.22424335511677032
12053.8	-0.1707776815767703
12055.5	-0.04743444263677027
12057.2	-0.06336073052377039
12058.8	0.07988655999322969
12060.5	-0.0907025188127702
12062.2	0.0147809166532296
12063.8	-0.047194886766770416
12065.5	0.0996344817132297
12067.2	-0.16283794313677033
12068.9	-0.27538287663677
12070.5	-0.5922891561767702
12072.2	-0.7504574982367701
12073.9	-1.1913141565367702
12075.5	-1.3061247423967701
12077.2	-1.5689656178967701
12078.9	-1.2231054856667702
12080.5	-1.10929532945367
12082.2	-0.7217663214567702
12083.9	-0.37492134143677036
12085.5	0.025604708283229805
12087.2	0.10744586749322965
12088.9	0.3437407354332295
12090.5	0.3684010696732296
12092.2	0.5394459143432296
12093.9	0.2946220145312296
12095.5	0.11364586115322961
12097.2	-0.32767210865677027
12098.9	-0.4346203619167699
12100.5	-0.5290192657567703
12102.2	-0.38857163023677
12103.9	-0.2732261962527701
12105.5	0.0214688927832295
12107.2	-0.0096458834567704
12108.9	0.1074818214932297
12110.5	0.005774882343229898
12112.2	0.10761731490322969
12113.9	-0.0749308599767704
12115.6	-0.24601102823677018
12117.2	-0.6163229217667701
12118.9	-0.7199699601307701
12120.6	-1.04560068478677
12122.2	-1.18773426415677
12123.9	-1.44339733252977
12125.6	-1.1252302617567702
12127.2	-0.7944874159967702
12128.9	-0.1262135065267703
12130.6	0.39470451818122987
12132.2	0.8343009878032298
12133.9	0.8851470371122299
12135.6	0.8596616175662297
12137.2	0.3835261228732297
12138.9	0.26220165188322964
12140.6	-0.23325447404977037
12142.2	-0.4388373390367702
12143.9	-0.6875452534667702
12145.6	-0.7307709368667702
12147.2	-0.5476145527867702
12148.9	-0.1834306693467703
12150.6	-0.021117678014770214
12152.2	0.32893708855822973
12153.9	0.15232439970322978
12155.6	-0.0422268099477703
12157.2	-0.6175582926817701
12158.9	-1.0045131868677701
12160.6	-1.5167964704967707
12162.3	-1.6303686417367698
12163.9	-1.6499640993747706
12165.6	-1.2161221063967702
12167.3	-0.7483153666567702
12168.9	-0.0753107995747704
12170.6	0.2391349475432297
12172.3	0.5326169498322296
12173.9	0.2647102784232296
12175.6	-0.04460321198677028
12177.3	-0.6556238653967702
12178.9	-1.0077723220167703
12180.6	-1.3276630852517703
12182.3	-1.3545075405747702
12183.9	-1.4508873795177704
12185.6	-1.2037356916367699
12187.3	-0.9982156023367702
12188.9	-0.5107207765067701
12190.6	-0.16019440541607033
12192.3	0.08775426572322959
12193.9	0.00676862201722972
12195.6	0.17021932695322958
12197.3	-0.2824118883867701
12198.9	-0.2993996049767703
12200.6	-0.4227646080767703
12202.3	-0.3564441152167702
12203.9	-0.2017559627067703
12205.6	-0.03601538576677031
12207.3	-0.18753318298677
12209.0	0.03947852903922969
12210.6	-0.3179806089967703
12212.3	-0.38639562790677
12214.0	-0.6004679719471702
12215.6	-0.7389406178867703
12217.3	-1.0442163725167704
12219.0	-1.2254018007467702
12220.6	-1.47655276098277
12222.3	-1.52870222104277
12224.0	-1.44029707255077
12225.6	-1.0859523639270705
12227.3	-0.8284308005167703
12229.0	-0.3131730492457703
12230.6	-0.2157645661267704
12232.3	0.05010748219322958
12234.0	0.0005661570532299876
12235.6	-0.24619461939677034
12237.3	-0.5854720655167701
12239.0	-0.7799241301777703
12240.6	-1.1649816093667702
12242.3	-1.1340958578567704
12244.0	-1.5658293861667703
12245.6	-1.70061442327877
12247.3	-1.7602768243917704
12249.0	-1.35967024830677
12250.7	-0.8758452635527698
12252.3	-0.3119075088167702
12254.0	-0.11365765421677018
12255.7	0.1881282525932297
12257.3	-0.02562528137677017
12259.0	-0.1924019920297701
12260.7	-0.5727459662847703
12262.3	-0.7444484937757702
12264.0	-0.9492978422817702
12265.7	-1.1569283729967703
12267.3	-1.1018805453167702
12269.0	-0.4712781218287702
12270.7	0.0508507834532295
12272.3	0.4015962906462296
12274.0	0.3409438098702297
12275.7	0.0759215885532297
12277.3	-0.17400295173677022
12279.0	-0.24433542778677042
12280.7	-0.2967957223967704
12282.3	0.0738617315332296
12284.0	0.1733481443232296
12285.7	0.22453776310322981
12287.3	0.18691608091322953
12289.0	0.1705088849332298
12290.7	-0.2667342495567706
12292.3	-0.33198185066677033
12294.0	-0.8845900445687701
12295.7	-0.7913704904047704
12297.4	-0.80842574828677
12299.0	-0.5033015979367703
12300.7	-0.1801446101267703
12302.4	0.05121657115322975
12304.0	-0.10870497794677031
12305.7	-0.0151517678567702
12307.4	-0.18207060897677038
12309.0	-0.21268533544677037
12310.7	-0.6120393692767703
12312.4	-1.06151663946677
12314.0	-1.65198969703677
12315.7	-2.13075938444677
12317.4	-2.36538923791677
12319.0	-2.19655507672677
12320.7	-1.83062750126187
12322.4	-1.21144505189677
12324.0	-0.90044932534677
12325.7	-0.5776128324487702
12327.4	-0.52028268410577
12329.0	-0.35907018749277025
12330.7	-0.5165673749067702
12332.4	-0.5246826078167702
12334.0	-0.8028475821267701
12335.7	-1.0333923192267702
12337.4	-1.2883217779467702
12339.0	-1.2875773337658702
12340.7	-1.08634596101677
12342.4	-0.2877244499347704
12344.1	0.1435157634532297
12345.7	0.6726938702832296
12347.4	0.7235659526532294
12349.1	0.6497176908432295
12350.7	0.2459033025732297
12352.4	-0.025234063406770302
12354.1	-0.4596893210977701
12355.7	-0.4132283039767704
12357.4	-0.4867950347967705
12359.1	-0.2462404718867703
12360.7	-0.08939211614977022
12362.4	0.050732465443229735
12364.1	-0.2024237442167703
12365.7	-0.36712728194677
12367.4	-0.9295935656367701
12369.1	-1.1220153858067703
12370.7	-1.45751394302677
12372.4	-1.2020421090167703
12374.1	-1.0449745758627702
12375.7	-0.6751924214767703
12377.4	-0.6579292794307702
12379.1	-0.6389782702067702
12380.7	-1.0321510304267703
12382.4	-1.11677498631677
12384.1	-1.3769344951367701
12385.7	-1.1655723870567702
12387.4	-1.24046743146677
12389.1	-1.2043137494767704
12390.8	-1.58588616715577
12392.4	-1.5588050625667702
12394.1	-1.7107547098611704
12395.8	-1.4158799515367702
12397.4	-1.0228536481727701
12399.1	-0.41146164771777016
12400.8	-0.1888936142967702
12402.4	0.18057185326322958
12404.1	-0.0683336359267701
12405.8	-0.1867485862067703
12407.4	-0.65262834722277
12409.1	-0.7876179016707703
12410.8	-0.8846994914567701
12412.4	-0.5919465623127702
12414.1	-0.43369873122677033
12415.8	-0.2257600630247703
12417.4	-0.2090795516867703
12419.1	-0.1789821324167702
12420.8	-0.5527447718967703
12422.4	-0.43425020209677023
12424.1	-0.5539011024217702
12425.8	-0.2349126405977701
12427.4	-0.2629687389367703
12429.1	-0.1501083745057703
12430.8	-0.28500848283677027
12432.5	-0.30730189735677016
12434.1	-0.6731411331307702
12435.8	-0.49707411888877034
12437.5	-0.9525790606777704
12439.1	-0.8157372478567704
12440.8	-1.2567777966167701
12442.5	-1.2473787208264702
12444.1	-1.5674959814967702
12445.8	-1.44422288898677
12447.5	-1.3308447635967702
12449.1	-0.9653044186467703
12450.8	-0.8897909443767702
12452.5	-0.5353264358967701
12454.1	-0.6747918199967701
12455.8	-0.5127956013737701
12457.5	-0.7301095022967702
12459.1	-0.6558241867567702
12460.8	-0.3147432642747703
12462.5	-0.06255543566677031
12464.1	-0.0459205245967704
12465.8	0.1883345907932296
12467.5	0.14543541698322981
12469.1	0.3422771532032296
12470.8	0.3631283952622296
12472.5	0.3458646336832297
12474.1	0.17976565662322952
12475.8	-0.2054310617097701
12477.5	-0.9370117682567705
12479.2	-1.12100560793677
12480.8	-1.3206574207667698
12482.5	-0.8572070125867702
12484.2	-0.5177970341537701
12485.8	-0.11841942407677009
12487.5	0.0858216468432297
12489.2	0.1272249360032296
12490.8	-0.2729985942167701
12492.5	-0.5375260322567702
12494.2	-0.8760244217667702
12495.8	-1.08765023753877
12497.5	-1.46488352217677
12499.2	-1.7195705345407704
12500.8	-2.01150097635677
12502.5	-1.8718305945917701
12504.2	-1.53279432457877
12505.8	-0.73011762950277
12507.5	0.05396387170322969
12509.2	0.65325319090323
12510.8	0.5741643774032293
12512.5	0.17027682688322943
12514.2	-0.5138728299667704
12515.8	-0.8606921159167704
12517.5	-1.0759493294467704
12519.2	-0.7687551552167702
12520.8	-0.8137283774067705
12522.5	-0.8136178973967702
12524.2	-1.0915310542567702
12525.9	-1.3460773195717701
12527.5	-1.44592841793677
12529.2	-1.4227251166567703
12530.9	-1.34953771210677
12532.5	-1.05520501076677
12534.2	-1.1855594287917701
12535.9	-1.04906731250677
12537.5	-0.95867516515677
12539.2	-0.7476657558167701
12540.9	-0.4968256916667702
12542.5	-0.1718520016367706
12544.2	-0.2222623985267703
12545.9	-0.23612374613677029
12547.5	-0.7210354488374703
12549.2	-0.9439851407697701
12550.9	-1.2945753658467702
12552.5	-1.34708244993677
12554.2	-1.3471917386567704
12555.9	-0.7823937121337703
12557.5	-0.1766344153867703
12559.2	0.5221927551532298
12560.9	0.8702266020481294
12562.5	1.2301328459632295
12564.2	0.9741576313062296
12565.9	0.5084763637932298
12567.5	0.06578444296322977
12569.2	-0.1237092044067703
12570.9	-0.03850157399177023
12572.6	0.13563762174522973
12574.2	-0.010278321556770303
12575.9	-0.029923746756770397
12577.6	-0.3033662886767702
12579.2	-0.6792429093767703
12580.9	-0.9288371539867704
12582.6	-0.8058071957457704
12584.2	-0.43329997845677015
12585.9	0.13700770783122979
12587.6	0.3040166793072297
12589.2	0.47884420124122967
12590.9	0.2294112413832297
12592.6	-0.022146671160770404
12594.2	-0.3296287323467702
12595.9	-0.36649352280277003
12597.6	-0.3778490987167701
12599.2	-0.22872586015877008
12600.9	-0.3339124804597702
12602.6	-0.1231542245367703
12604.2	-0.1737032726867702
12605.9	0.06931113513322981
12607.6	0.1850333767232294
12609.2	0.5637203166932298
12610.9	0.7473388708432296
12612.6	0.8860089313932296
12614.3	0.7306430537632297
12615.9	0.40011440550322974
12617.6	-0.45159789469677036
12619.3	-1.1032690347767704
12620.9	-1.7593911048467703
12622.6	-1.86051765972677
12624.3	-1.67213494278677
12625.9	-1.39800660246777
12627.6	-1.1776449744667703
12629.3	-1.06697878600677
12630.9	-1.1861229471867702
12632.6	-1.3271603316067702
12634.3	-1.46181560597677
12635.9	-1.1736837267167701
12637.6	-0.9841338736167702
12639.3	-0.6367335916267701
12640.9	-0.46952443239677044
12642.6	-0.2705818588067703
12644.3	-0.2700245027567703
12645.9	-0.1569069715967702
12647.6	-0.09804358540877023
12649.3	0.37636997341322975
12650.9	0.5298296149832297
12652.6	0.8693153807002294
12654.3	0.4615642730092296
12655.9	0.04461685044322966
12657.6	-0.6040104394197701
12659.3	-0.7711755299967701
12661.0	-0.84745884864677
12662.6	-0.4228073533267702
12664.3	-0.3090222301267704
12666.0	-0.0286968014067705
12667.6	-0.3929768970967701
12669.3	-0.6618670303827701
12671.0	-0.9412016226467701
12672.6	-0.79670104810677
12674.3	-1.0040441948167702
12676.0	-0.8246622486867702
12677.6	-0.77678684171677
12679.3	-0.5520793596167703
12681.0	-0.6478730945467701
12682.6	-0.4850883424567702
12684.3	-0.5234876024567701
12686.0	-0.1433228394567702
12687.6	-0.014882183096770307
12689.3	0.2603126449932296
12691.0	0.11252558741922958
12692.6	0.0028734110612296943
12694.3	-0.6411226438947701
12696.0	-0.96318497666677
12697.6	-1.3891677244367702
12699.3	-1.3583308024967702
12701.0	-1.56897452030677
12702.6	-1.2875688982967703
12704.3	-1.4486758768567705
12706.0	-1.1676212160967703
12707.7	-0.9096119714067703
12709.3	-0.3885741255742702
12711.0	-0.2237277373267704
12712.7	0.13611117452322963
12714.3	-0.1278724482067703
12716.0	-0.24314009543137038
12717.7	-0.7334314430967702
12719.3	-0.8746663244967703
12721.0	-0.93663830890677
12722.7	-0.4309117393397701
12724.3	-0.4328551738267701
12726.0	-0.47728178079677036
12727.7	-0.6442752731367704
12729.3	-0.6971993347467702
12731.0	-0.9999355881687704
12732.7	-0.8002944085867703
12734.3	-0.9790165483967701
12736.0	-0.7368536358667702
12737.7	-0.9028490786767702
12739.3	-1.1214420613907699
12741.0	-1.26675081745677
12742.7	-1.1722549181667703
12744.3	-1.03541635786677
12746.0	-0.3687604970397701
12747.7	0.2426742000432298
12749.3	1.2474826732332296
12751.0	1.7436848640732305
12752.7	1.9062810596512296
12754.4	1.3345185200892298
12756.0	0.3448383580832297
12757.7	-0.6756404185867702
12759.4	-1.3670654360567702
12761.0	-1.8453220436167697
12762.7	-1.7410508259267705
12764.4	-1.51233155525677
12766.0	-0.9019778637367701
12767.7	-0.6711900629767704
12769.4	-0.44860287690677025
12771.0	-0.4979970281507703
12772.7	-0.3706130738397702
12774.4	-0.4186884269867702
12776.0	-0.1412722529967704
12777.7	-0.023438855506770495
12779.4	0.3647688950632298
12781.0	0.4229623197032297
12782.7	0.3138671470432296
12784.4	-0.10292682252777019
12786.0	-0.4960306752567702
12787.7	-1.1672853000567702
12789.4	-1.2497125817567702
12791.0	-1.44072685060677
12792.7	-1.2007034373167702
12794.4	-0.94015112555677
12796.1	-0.6730913458017702
12797.7	-0.6781436240267702
12799.4	-0.5208164615367702
12801.1	-0.5672411429187703
12802.7	-0.1483247172480705
12804.4	0.0609883304542298
12806.1	0.5287232382042296
12807.7	0.6675004865392298
12809.4	0.8707756099736296
12811.1	0.7734084143732296
12812.7	0.7179011706932295
12814.4	0.4066034665932297
12816.1	0.1806171502642298
12817.7	-0.4106241251267701
12819.4	-0.5347381625257703
12821.1	-0.9136103942327702
12822.7	-1.0759494130567704
12824.4	-1.0384459548117702
12826.1	-0.7627856560667702
12827.7	-0.6675677590767701
12829.4	-0.2370194785867703
12831.1	-0.1396141543237701
12832.7	0.3710529013532297
12834.4	0.6344073330132296
12836.1	0.7328841706532296
12837.7	0.36050325507322956
12839.4	0.12960381680322972
12841.1	-0.6668337804267703
12842.8	-1.1225174752567701
12844.4	-1.4957684084667702
12846.1	-1.2491495428367703
12847.8	-0.7526639483567702
12849.4	0.06560715487322968
12851.1	0.5544707525542296
12852.8	1.1113487486432294
12854.4	0.9316445665032294
12856.1	0.5477484951432294
12857.8	-0.04565223678677022
12859.4	-0.4408344184707701
12861.1	-0.37072455011477023
12862.8	0.20138716182822952
12864.4	0.8332943258432296
12866.1	1.4515564513332293
12867.8	1.5342426894032295
12869.4	1.2170452876132294
12871.1	0.8430336630532298
12872.8	0.5540875987672298
12874.4	0.2001496046992296
12876.1	0.0973373653132297
12877.8	0.0397064901632298
12879.4	0.1082752013532296
12881.1	-0.03949719634277049
12882.8	0.014311964173229663
12884.4	-0.2888241937647702
12886.1	-0.1885132512767702
12887.8	-0.5380058329067702
12889.5	-0.5081591340717703
12891.1	-0.38603099938677043
12892.8	-0.07339271829477034
12894.5	-0.18803171177677047
12896.1	-0.1433972273607701
12897.8	-0.6459540692567701
12899.5	-0.6293006246267699
12901.1	-0.92717521809377
12902.8	-0.7065600447367701
12904.5	-0.4875543084597701
12906.1	-0.48820872777677
12907.8	-0.7443075625017701
12909.5	-1.1694272455667707
12911.1	-1.8692574206367703
12912.8	-2.07896228947677
12914.5	-2.08882458458677
12916.1	-1.2078245458567702
12917.8	-0.17799075991677038
12919.5	0.5436334477392298
12921.1	0.80632188243623
12922.8	0.5548534051732296
12924.5	-0.2666455543837704
12926.1	-0.9257856557367702
12927.8	-1.2809886598087699
12929.5	-1.1646715926367706
12931.1	-0.8396151291167702
12932.8	-0.81678555459677
12934.5	-0.9446633743397702
12936.2	-1.0625656451667702
12937.8	-1.2020759609267704
12939.5	-1.1756283739767701
12941.2	-0.9215472370667701
12942.8	-0.5785265776367701
12944.5	-0.1235902417977701
12946.2	0.11070931673322951
12947.8	0.0604941392842297
12949.5	-0.27962530604677027
12951.2	-0.7146696507707703
12952.8	-1.19329597061677
12954.5	-1.38223058810677
12956.2	-1.4915021932617698
12957.8	-1.3433217414167702
12959.5	-1.0463562353267704
12961.2	-0.9221995625567703
12962.8	-0.7996344767067705
12964.5	-0.37357689201677047
12966.2	0.07576143628322982
12967.8	0.7802212969632296
12969.5	1.4461407462782294
12971.2	1.7340877053932295
12972.8	1.8442972470162295
12974.5	1.6073655913332296
12976.2	1.2439792833982293
12977.9	0.9462810791432299
12979.5	0.7632979041332294
12981.2	0.2716496421332298
12982.9	0.0030193584322298003
12984.5	-0.7509303999267704
12986.2	-1.38856628595677
12987.9	-1.7942061657567703
12989.5	-1.6070733762667704
12991.2	-1.22218474645677
12992.9	-0.5690073938867704
12994.5	0.04744608894322988
12996.2	0.5269724884632294
12997.9	0.5940468370432295
12999.5	0.28049511329322985
13001.2	-0.16429493903367032
13002.9	-0.24716974030777028
13004.5	-0.36564440709677026
13006.2	-0.039660689066770304
13007.9	0.3478684664032296
13009.5	0.6970919493532295
13011.2	0.6800618536705298
13012.9	0.2018443455932298
13014.5	-0.5380459504567703
13016.2	-1.10126756414677
13017.9	-1.9089565908667703
13019.5	-2.26198708204677
13021.2	-2.5775993472067698
13022.9	-2.5712067415967703
13024.6	-2.72254121412677
13026.2	-2.5204355362667705
13027.9	-2.2552900909927702
13029.6	-1.70968161841677
13031.2	-0.9630391145067699
13032.9	-0.5052673930999702
13034.6	-0.45446390892677
13036.2	-0.6114820591867702
13037.9	-1.1881738781967703
13039.6	-1.4302238608867703
13041.2	-1.5687198677567702
13042.9	-1.6010462301867703
13044.6	-1.37925429918677
13046.2	-1.18433200535677
13047.9	-1.2740683979567704
13049.6	-1.2180880491177701
13051.2	-1.2783952431767702
13052.9	-0.9135287254353702
13054.6	-0.8810511380607703
13056.2	-0.7982039566567702
13057.9	-0.85519147701677
13059.6	-0.7878395666667702
13061.2	-0.9750779261752699
13062.9	-0.6332657416267702
13064.6	-0.5872786518167702
13066.2	-0.2662061698767702
13067.9	-0.3712238805767703
13069.6	-0.41772156111677017
13071.3	-0.78690071875677
13072.9	-0.8795947886467703
13074.6	-1.32959692196677
13076.3	-0.9371681775467703
13077.9	-0.8117156598567702
13079.6	-0.6752693225247703
13081.3	-0.4422724827267704
13082.9	0.028643311123229487
13084.6	0.21301737560322948
13086.3	0.67906421505323
13087.9	0.6076903116202298
13089.6	0.8131311541932298
13091.3	0.6298294782232294
13092.9	0.26237629360522974
13094.6	-0.1571999164527702
13096.3	-0.0598630168667703
13097.9	-0.1495600915567703
13099.6	0.0269483372132297
13101.3	0.08865166270322969
13102.9	0.17462599900322973
13104.6	-0.05584162718677
13106.3	-0.1595333016567702
13107.9	-0.7032590233767704
13109.6	-1.0331775739367703
13111.3	-1.2945261976867704
13112.9	-1.15629331985677
13114.6	-1.0572918411707701
13116.3	-0.6842942453267704
13118.0	-0.8661461542797703
13119.6	-0.9129882568067703
13121.3	-1.1065924409637702
13123.0	-1.0125869165657702
13124.6	-0.9372411794707702
13126.3	-0.4744490487267701
13128.0	-0.5781121805067704
13129.6	-0.33585116671677034
13131.3	-0.2651363135467703
13133.0	0.0748692656802297
13134.6	0.0708518561932297
13136.3	0.2906463258432297
13138.0	0.1300001268362299
13139.6	0.0034326789332295993
13141.3	-0.20872105060677
13143.0	-0.1107462986467704
13144.6	0.0804353115432298
13146.3	0.31355209970322956
13148.0	0.24235442161322962
13149.6	0.2971826141032295
13151.3	0.4895669657752296
13153.0	0.8879501908032298
13154.6	1.0237017792032292
13156.3	1.32704787253023
13158.0	1.2110800021632293
13159.7	0.8809265711862299
13161.3	0.10429841725322977
13163.0	-0.5241811725167702
13164.7	-1.10894755586677
13166.3	-1.3812674341767703
13168.0	-1.7202073163767702
13169.7	-1.5941244086567705
13171.3	-1.5449097141767703
13173.0	-1.2678100820967702
13174.7	-1.1030292875167702
13176.3	-0.8704901606767703
13178.0	-0.6633831807367704
13179.7	-0.7531684578567701
13181.3	-1.05204349665677
13183.0	-1.4496700287507698
13184.7	-2.0384642954867696
13186.3	-2.2824203271367702
13188.0	-2.3442881348167695
13189.7	-1.9780491201567698
13191.3	-1.5356700299667705
13193.0	-1.1120779820167703
13194.7	-0.9887981265967702
13196.3	-0.8089322389577701
13198.0	-1.20650245374977
13199.7	-1.0341286240567702
13201.3	-1.10698686219677
13203.0	-0.9831491433167701
13204.7	-1.0828664154027705
13206.4	-0.8961288381967701
13208.0	-0.7960365164567703
13209.7	-0.1502466657067703
13211.4	0.0711851389332295
13213.0	0.6886190755532295
13214.7	0.7539298130072296
13216.4	0.6712530520532295
13218.0	0.1284839700032296
13219.7	-0.1914128405277702
13221.4	-0.5613074429067701
13223.0	-0.4237741401367703
13224.7	-0.40978055127677016
13226.4	-0.1096361917367704
13228.0	-0.0805433022467702
13229.7	0.20579987588322968
13231.4	0.12626534961322977
13233.0	0.2999710569132298
13234.7	0.08843758079722969
13236.4	0.16109251977622963
13238.0	-0.07612186263677032
13239.7	-0.1600602675167702
13241.4	-0.6673263930257702
13243.0	-0.9292576844367701
13244.7	-1.3237263380967703
13246.4	-1.5287834751667702
13248.0	-1.8035611610647702
13249.7	-1.32238359902039
13251.4	-0.74902638824677
13253.1	-0.0711490889297703
13254.7	0.3094427448372298
13256.4	0.2742898154232297
13258.1	-0.011549795526770212
13259.7	-0.21026271935677032
13261.4	-0.5809442358667701
13263.1	-0.4867132466767703
13264.7	-0.5049391737167702
13266.4	-0.5005811439557701
13268.1	-0.3614969470467704
13269.7	-0.05408047311477038
13271.4	0.011895683203229479
13273.1	0.3002940435832298
13274.7	-0.1605674108267704
13276.4	-0.35393754731677013
13278.1	-0.9546350342067702
13279.7	-1.19869725465677
13281.4	-1.28295190992677
13283.1	-0.9991170766767703
13284.7	-0.9639135031667702
13286.4	-0.4757697860567701
13288.1	-0.5098462339467702
13289.7	-0.3249691727567701
13291.4	-0.3454416281637699
13293.1	-0.28949257472677015
13294.7	-0.3583885204867704
13296.4	-0.3164739151067705
13298.1	-0.6773598869667703
13299.8	-1.1173301372467703
13301.4	-1.6746005752167703
13303.1	-2.19636235919677
13304.8	-2.6143222286537697
13306.4	-2.2479305556567697
13308.1	-2.1539334763067703
13309.8	-1.7281105314467702
13311.4	-1.5319205287067703
13313.1	-1.2495406534487703
13314.8	-0.7687183157267702
13316.4	-0.12271311836677032
13318.1	0.025184720553229595
13319.8	0.3094353612532297
13321.4	-0.1492220229367703
13323.1	-0.45339392058877004
13324.8	-0.8414684938567702
13326.4	-1.0817677951667704
13328.1	-0.9254637985267701
13329.8	-0.7137729008467704
13331.4	-0.3563708840567704
13333.1	0.4437411296932295
13334.8	0.6281224439132294
13336.4	0.7944053970832294
13338.1	0.7106135422232296
13339.8	0.07498385144322961
13341.5	-0.4434570412967702
13343.1	-0.6827662645367704
13344.8	-1.0892679858937702
13346.5	-0.7040564512267702
13348.1	-0.7887360459967704
13349.8	-0.7031564146367703
13351.5	-0.65269229334777
13353.1	-0.68710473768677
13354.8	-0.87934176075677
13356.5	-0.84651350163677
13358.1	-1.27321605013077
13359.8	-1.3736691135467702
13361.5	-1.8196472305167697
13363.1	-1.7815023345067702
13364.8	-2.1989042044467704
13366.5	-2.24155443019677
13368.1	-2.4627705988067703
13369.8	-2.0742311171667698
13371.5	-1.68584132520877
13373.1	-0.95596689583677
13374.8	-0.4890613397967702
13376.5	-0.11307387116677
13378.1	-0.2627814276267702
13379.8	-0.49551290633677014
13381.5	-1.0500243361580703
13383.1	-0.9141729697467702
13384.8	-0.9063828677267703
13386.5	-0.4831049777567703
13388.2	-0.054993109576770303
13389.8	0.009686609293229675
13391.5	0.21013411473322968
13393.2	0.16529868091322972
13394.8	-0.06265142160077039
13396.5	0.0669241365132297
13398.2	-0.41894920224467014
13399.8	-0.7582247350567702
13401.5	-1.3779578150836702
13403.2	-1.8954935895567704
13404.8	-2.02973392596677
13406.5	-1.8190980225597706
13408.2	-1.5370644600167702
13409.8	-1.1187684216567702
13411.5	-1.0226351815767702
13413.2	-0.8160692158267701
13414.8	-0.7584998221967701
13416.5	-0.5289533225567704
13418.2	-0.1216880208267702
13419.8	0.1582424804632297
13421.5	0.029925644613229704
13423.2	-0.13159600531377008
13424.8	-0.3879064799967701
13426.5	-0.4481673990267705
13428.2	-0.4318770056147705
13429.8	-0.1766341748967704
13431.5	0.22858727373322973
13433.2	0.5800816302032293
13434.9	0.4083423254432298
13436.5	0.6037977849552298
13438.2	0.6273534796232294
13439.9	0.8728221399932297
13441.5	0.9904074071932296
13443.2	1.2509337062832298
13444.9	1.21891670346323
13446.5	1.0346832246132296
13448.2	0.31974370524322954
13449.9	-0.03254975447177022
13451.5	-0.31146377797677016
13453.2	-0.5311266617967701
13454.9	-0.7003540397667702
13456.5	-0.9551672098867702
13458.2	-1.23001233425077
13459.9	-1.6475894915367704
13461.5	-2.03445003782377
13463.2	-2.10283016691677
13464.9	-1.9471820274567702
13466.5	-1.5258143121267704
13468.2	-0.8714212481587702
13469.9	-0.49070341295677017
13471.5	-0.09447405760677009
13473.2	0.031432311468229834
13474.9	-0.19392566654577043
13476.5	-0.12270309945677044
13478.2	-0.09848471614677046
13479.9	0.42452495515322963
13481.6	0.9611972881832298
13483.2	1.41401782096323
13484.9	1.4390523870972294
13486.6	0.9408827861532297
13488.2	-0.053609607646770474
13489.9	-0.9229800615967703
13491.6	-1.7950404883167699
13493.2	-1.8655439155667701
13494.9	-1.8300855964067702
13496.6	-1.1148965914967703
13498.2	-0.5210121808367701
13499.9	-0.1308615131567703
13501.6	0.07688877137322978
13503.2	0.27542180876252975
13504.9	0.04990296506822961
13506.6	0.11998161679922953
13508.2	-0.1098783585667703
13509.9	-0.11431959363677013
13511.6	0.11473922493322997
13513.2	0.1724669748142298
13514.9	0.21558639216322972
13516.6	0.3282995948032296
13518.2	-0.2127879771157702
13519.9	-0.6792133373947703
13521.6	-1.2329700467867701
13523.3	-1.89145384289677
13524.9	-2.2166610335867696
13526.6	-2.03417932741677
13528.3	-2.02029688762677
13529.9	-1.5520342640567701
13531.6	-1.1251414141567704
13533.3	-0.5695530720567701
13534.9	-0.5981857082467703
13536.6	-0.7644323610167703
13538.3	-1.5313601376067703
13539.9	-2.0334605791607703
13541.6	-2.5084484627667702
13543.3	-2.5621900027167697
13544.9	-2.3864014966567697
13546.6	-1.6867799197917703
13548.3	-1.2496504462107703
13549.9	-0.8900653485867702
13551.6	-0.5882497508757702
13553.3	-0.3538841452227701
13554.9	-0.54449283910677
13556.6	-0.7512413092467701
13558.3	-1.3141114073067701
13559.9	-1.7526733779467705
13561.6	-2.03826008842677
13563.3	-2.10366807186777
13564.9	-2.2498317398597707
13566.6	-2.1688339167647697
13568.3	-2.35011118658677
13570.0	-2.0441720312367697
13571.6	-1.76652740158677
13573.3	-1.3088523805467696
13575.0	-0.9944173174267702
13576.6	-0.8143803314107704
13578.3	-1.08166603865677
13580.0	-1.2976936131362702
13581.6	-1.3261069583867702
13583.3	-0.7984890066667703
13585.0	-0.3695598661467703
13586.6	-0.1114435684439702
13588.3	0.014254096243229708
13590.0	0.05443231270322971
13591.6	0.028056209273229493
13593.3	-0.04626173673677031
13595.0	-0.2586762188367704
13596.6	-0.3248234148637703
13598.3	-0.9103543508553702
13600.0	-1.3821919960767701
13601.6	-1.6126274708567703
13603.3	-1.4294417031067703
13605.0	-1.3069099305167702
13606.6	-1.1022481919367704
13608.3	-1.0911085348867702
13610.0	-0.6568330866067704
13611.6	-0.7285664858667701
13613.3	-0.5741170595267705
13615.0	-0.84953048020677
13616.7	-1.2283078853667702
13618.3	-2.00073612421677
13620.0	-2.43308630693677
13621.7	-2.17634052865677
13623.3	-1.1817634189167703
13625.0	-0.2831579454567701
13626.7	0.5372037287632299
13628.3	0.7647069242932293
13630.0	0.7690666723132298
13631.7	0.34836730345322975
13633.3	0.029251697542229615
13635.0	-0.062140529246770104
13636.7	-0.3446817171867703
13638.3	-0.8192348325967703
13640.0	-1.2145058452667703
13641.7	-1.3992516212237702
13643.3	-1.11266622959677
13645.0	-0.8541419569267702
13646.7	-0.7045963821067702
13648.3	-0.7802926057267703
13650.0	-0.8817510292367701
13651.7	-1.2009395455167702
13653.3	-1.2424479975857703
13655.0	-1.3338414388067705
13656.7	-1.1650676131967703
13658.3	-1.12100099133677
13660.0	-1.0382792008547703
13661.7	-1.1860693251667704
13663.4	-0.9562036113567701
13665.0	-0.9061693218367701
13666.7	-0.3248580806367703
13668.4	0.005677275103229698
13670.0	0.5956739606832296
13671.7	0.8747872058232293
13673.4	1.1601731522632297
13675.0	0.7456665935232297
13676.7	0.6058545241882297
13678.4	0.0676337373602297
13680.0	-0.1592131617467702
13681.7	-0.7469069093387704
13683.4	-0.9798824510703701
13685.0	-1.28397965674677
13686.7	-1.0506322904967702
13688.4	-1.3574926637667697
13690.0	-1.12612506731677
13691.7	-1.29226732452677
13693.4	-1.3675517881757702
13695.0	-1.73831495033677
13696.7	-1.7722938974367701
13698.4	-2.1512342375867703
13700.0	-1.6678712765167703
13701.7	-1.5082972002767696
13703.4	-1.08267878148677
13705.0	-0.6201877670487703
13706.7	-0.0683336189267703
13708.4	0.1813076155032297
13710.1	0.7121512070932298
13711.7	0.7736143755382296
13713.4	1.0794125337580296
13715.1	0.8682170840932298
13716.7	0.3051231004732299
13718.4	-0.2746759654167702
13720.1	-0.2771733558967703
13721.7	-0.47591773206977017
13723.4	-0.5684209923167702
13725.1	-1.17570848287677
13726.7	-1.50074611968677
13728.4	-1.8909488647967703
13730.1	-1.7736069902227702
13731.7	-1.43446322099677
13733.4	-0.5305410384167701
13735.1	-0.5793300833567702
13736.7	-0.5127276182167702
13738.4	-1.1162180045867702
13740.1	-1.3601245339267702
13741.7	-1.3356155786067703
13743.4	-0.9936884284067704
13745.1	-0.9489465152477701
13746.7	-0.5990586411767704
13748.4	-1.1058323282267701
13750.1	-1.1560369335937701
13751.8	-1.5109225229967704
13753.4	-1.6263195526267702
13755.1	-1.6646975714667704
13756.8	-1.4178227036347701
13758.4	-1.2303336045567699
13760.1	-0.9110664037967702
13761.8	-1.0933583606667703
13763.4	-1.0831296462167703
13765.1	-1.53978429112177
13766.8	-1.7235158962867698
13768.4	-2.17763629529677
13770.1	-2.2447042185467696
13771.8	-2.0887334823667705
13773.4	-1.7970250549167701
13775.1	-1.7724859796567702
13776.8	-1.3537296829267702
13778.4	-1.3190558463367703
13780.1	-0.8472399601857702
13781.8	-0.4424378830077703
13783.4	-0.06773717303677029
13785.1	0.3525636124432298
13786.8	0.6945774284932296
13788.4	0.15576071766322946
13790.1	-0.10437938046677037
13791.8	-0.4283992740867701
13793.4	-0.5534146348267701
13795.1	-0.3802016863067701
13796.8	-0.6377364430037703
13798.5	-1.0713485703167702
13800.1	-1.1595598067267703
13801.8	-1.6118085655627703
13803.5	-1.65382383088677
13805.1	-1.3770657939317705
13806.8	-0.9919450550367702
13808.5	-0.6694482855087702
13810.1	-0.5059357906767703
13811.8	-0.4662811413967703
13813.5	-0.16208911146677052
13815.1	-0.03988385119677018
13816.8	0.16027999396322973
13818.5	0.2344666004832298
13820.1	0.4013540542832297
13821.8	0.3858952045012297
13823.5	0.44030040839222956
13825.1	0.3466862555232296
13826.8	0.39559138115322956
13828.5	0.10398481748322969
13830.1	0.0722352911732298
13831.8	-0.30548296034677025
13833.5	-0.6364493332767703
13835.1	-1.22916563821077
13836.8	-1.49106889203677
13838.5	-1.7460124637167702
13840.1	-1.2340366017167705
13841.8	-0.7309196938267701
13843.5	0.061092480813229696
13845.2	0.6363899678122297
13846.8	0.8613075594868297
13848.5	0.44034193155322965
13850.2	0.0008073884332296943
13851.8	-1.0495194103237702
13853.5	-1.50831492897477
13855.2	-1.7368203730867706
13856.8	-1.3530911134467702
13858.5	-0.7469675767567703
13860.2	0.1159952068732297
13861.8	0.1552005698432296
13863.5	0.3734716950732297
13865.2	-0.18926210118677028
13866.8	-0.5192703908467701
13868.5	-0.9120193738467703
13870.2	-0.84502322790677
13871.8	-0.8998494683267702
13873.5	-0.4630634705025702
13875.2	-0.3718110459267702
13876.8	-0.054008325686770386
13878.5	-0.24609447123677036
13880.2	-0.3936897739567702
13881.8	-0.7313331875667701
13883.5	-0.8062372167467702
13885.2	-0.7393332933967702
13886.8	-0.75018004765677
13888.5	-0.9423796832867704
13890.2	-1.3307823383767703
13891.9	-2.011996159776771
13893.5	-2.18324680153677
13895.2	-2.40941113426677
13896.9	-2.09435209497677
13898.5	-1.6800964768767703
13900.2	-1.2630442829057704
13901.9	-0.8266686246767703
13903.5	-0.11439533967677012
13905.2	0.2485269121032294
13906.9	1.0593908919262298
13908.5	1.4204955182632295
13910.2	1.72098424373323
13911.9	1.5299439740742296
13913.5	1.2325756881032297
13915.2	0.3294816251532296
13916.9	-0.21310086729677025
13918.5	-0.8832610683357704
13920.2	-1.2412281217867702
13921.9	-1.4775982429657701
13923.5	-1.4256318380407702
13925.2	-1.5464684385767704
13926.9	-1.2620927265767703
13928.5	-1.0939261210667703
13930.2	-0.8867514455167702
13931.9	-0.69398241557677
13933.6	-0.6858344346567703
13935.2	-1.02547672049677
13936.9	-1.1881420586587703
13938.6	-1.3780882589295702
13940.2	-1.3594606756867704
13941.9	-1.1480654221567703
13943.6	-0.8035806591267702
13945.2	-0.5955971826317704
13946.9	-0.3053800637537702
13948.6	-0.3545668863367702
13950.2	-0.3775409587567702
13951.9	-0.4797496051527702
13953.6	-0.3165147837267701
13955.2	-0.2580161189697703
13956.9	-0.15408101606677033
13958.6	-0.5006877720567704
13960.2	-0.8061387948267701
13961.9	-1.18961042563677
13963.6	-1.5514365258407699
13965.2	-1.96661630064677
13966.9	-2.10795701206677
13968.6	-2.1055584620767704
13970.2	-1.9223242889967698
13971.9	-1.96419014178677
13973.6	-1.7277122054567702
13975.2	-1.45813726428677
13976.9	-1.1913591201717701
13978.6	-1.02115947165677
13980.3	-0.8809381960497701
13981.9	-0.59113898346677
13983.6	-0.0744133228617702
13985.3	0.0066184837832295035
13986.9	0.0689564508332296
13988.6	-0.30206805567676986
13990.3	-0.5942463817267702
13991.9	-0.6748829039167702
13993.6	-0.3794042231247702
13995.3	0.05544823468022969
13996.9	0.6464603495732298
13998.6	0.6895011518032298
14000.3	0.6239582371832295
14001.9	0.23904492600322957
14003.6	-0.009884606996769962
14005.3	0.004506252588229787
14006.9	0.06811018931322979
14008.6	-0.28230205964677035
14010.3	-0.45960917620677016
14011.9	-0.6226214568867705
14013.6	-0.44358424711677036
14015.3	-0.056583656931120274
14016.9	0.4714998578952298
14018.6	0.7224024462532295
14020.3	0.7389771600532297
14021.9	0.29332364713322984
14023.6	-0.13749448655676993
14025.3	-0.4422176954967704
14027.0	-0.6959793067167702
14028.6	-0.9828475195447702
14030.3	-0.9611650097907702
14032.0	-1.2651304463267703
14033.6	-1.27770478440677
14035.3	-1.1314766716067701
14037.0	-0.5836798082767701
14038.6	-0.1162809366867702
14040.3	0.25485727400322966
14042.0	0.15713273196322958
14043.6	-0.2014157471634705
14045.3	-0.9889769109267702
14047.0	-1.4090959185467702
14048.6	-1.5810463327967696
14050.3	-1.05092829098677
14052.0	-0.59454019938677
14053.6	0.06511998610322967
14055.3	0.3234837604932296
14057.0	0.3743775068532298
14058.6	0.027192161653229685
14060.3	-0.01412930789177011
14062.0	-0.05311479598677038
14063.6	-0.013244322196770242
14065.3	0.14228773861522975
14067.0	0.4212623475672297
14068.6	0.1405305088212297
14070.3	0.18407117184322963
14072.0	0.038974848153229824
14073.7	0.08293610904322934
14075.3	0.03661890452322947
14077.0	0.011550386013229663
14078.7	-0.1351151361867703
14080.3	-0.11124584760677053
14082.0	-0.6224406074567702
14083.7	-0.7850289687867703
14085.3	-1.07213487717677
14087.0	-1.0055579309467702
14088.7	-1.22894233175677
14090.3	-0.8298704462597704
14092.0	-0.5703051083867705
14093.7	-0.13675027024477032
14095.3	-0.2676606858167704
14097.0	-0.21217542736977038
14098.7	-0.5071271828567702
14100.3	-0.5842364317467703
14102.0	-0.91919550220677
14103.7	-0.7853476571667701
14105.3	-0.7151460840967703
14107.0	-0.42596666715677023
14108.7	-0.6580551684567704
14110.3	-0.4119450728567704
14112.0	-0.45790158287677013
14113.7	-0.28299833700677046
14115.4	-0.40822244066677027
14117.0	-0.3941971823567701
14118.7	-0.1474220380467704
14120.4	0.26175753328322954
14122.0	0.44514679121032974
14123.7	0.9121142304932293
14125.4	0.8290417481532297
14127.0	0.7459514545532292
14128.7	0.14163269915322985
14130.4	-0.31989182663677035
14132.0	-0.3678889579667703
14133.7	-0.15511555210777034
14135.4	0.05569941686322977
14137.0	-0.07594761833177055
14138.7	-0.9463419702467702
14140.4	-1.5429973087567703
14142.0	-2.6231361200867704
14143.7	-2.81181163282677
14145.4	-2.45312235797677
14147.0	-1.50462850397677
14148.7	-0.41622213262677027
14150.4	0.3182547602132296
14152.0	0.3680687955832297
14153.7	0.3425135011332296
14155.4	-0.1860558618967703
14157.0	-0.5121839761767703
14158.7	-0.6266971540177703
14160.4	-0.5942901774667704
14162.1	-0.6266618313327703
14163.7	-0.45979199995677034
14165.4	-0.45282863146677016
14167.1	-0.6041849768167704
14168.7	-0.6591482024127706
14170.4	-0.7919954326467701
14172.1	-1.1244105428643703
14173.7	-1.2468572499827701
14175.4	-1.6874626444767697
14177.1	-1.7207544198767704
14178.7	-1.8833726860067699
14180.4	-1.85269116888677
14182.1	-1.8230477628654698
14183.7	-1.5253776496767701
14185.4	-1.1236924346467703
14187.1	-0.3311839538377702
14188.7	0.3494632885132297
14190.4	1.399631203701229
14192.1	1.67078559942823
14193.7	1.99517496251223
14195.4	1.7381926638532297
14197.1	1.2586283616432297
14198.7	0.7684404474122297
14200.4	0.6800690103532294
14202.1	0.25888771859322957
14203.7	0.3677024605532299
14205.4	0.1650089299632297
14207.1	0.23537580028322957
14208.8	0.1653331596232298
14210.4	0.3769441611932298
14212.1	0.2913058384932298
14213.8	0.1993831820292301
14215.4	-0.5182750909667702
14217.1	-1.13239502823977
14218.8	-1.6646597043577702
14220.4	-1.5445514367667699
14222.1	-0.9040259355567704
14223.8	0.1976943362432296
14225.4	0.8721744764232295
14227.1	1.0287355503732298
14228.8	0.5353700337322298
14230.4	-0.14627144459677038
14232.1	-0.7341682365167701
14233.8	-0.9858695243567703
14235.4	-0.7599923887667702
14237.1	-0.3619653098367702
14238.8	-0.47251552943677017
14240.4	-0.6625062032687704
14242.1	-1.1364568863237703
14243.8	-1.3677024941367701
14245.4	-1.4583735226397703
14247.1	-1.2399644683641702
14248.8	-1.0791422992067703
14250.4	-0.6415215092067701
14252.1	-0.3096840114667701
14253.8	0.1328907296132299
14255.5	0.33261286107322996
14257.1	0.9968002822832295
14258.8	1.1396281840512295
14260.5	1.4732795584952294
14262.1	1.2263610868032297
14263.8	0.8165540551015298
14265.5	0.0814158475232298
14267.1	-0.6586520062567701
14268.8	-1.7294571361667699
14270.5	-2.16058812846677
14272.1	-2.6543461323167707
14273.8	-2.69043347167677
14275.5	-2.1742995088397703
14277.1	-1.25713560182677
14278.8	-0.66682004378577
14280.5	0.1510762450382297
14282.1	0.6431619793598297
14283.8	0.8554922089132296
14285.5	0.7588290009432298
14287.1	0.3701012965332298
14288.8	0.26609755872322965
14290.5	0.2661127765232296
14292.1	0.2199267160432296
14293.8	0.3528211936532296
14295.5	0.45892749191022963
14297.2	0.23962591644322942
14298.8	-0.3853815319167703
14300.5	-1.1730310982967704
14302.2	-1.9100498333597697
14303.8	-2.31750776366677
14305.5	-2.4594749931667703
14307.2	-2.2372725701577694
14308.8	-1.91267944465677
14310.5	-1.3924387549267707
14312.2	-1.1039441734407702
14313.8	-0.7806361468967703
14315.5	-1.1085262663662703
14317.2	-1.1380112714167703
14318.8	-1.46949425649977
14320.5	-1.6118597965987702
14322.2	-1.9046525532577703
14323.8	-2.34989432664677
14325.5	-3.05639522319677
14327.2	-3.21666490161677
14328.8	-3.6205864871387696
14330.5	-3.20681180169777
14332.2	-2.6145627577567705
14333.8	-2.2223361936067705
14335.5	-2.08846234324677
14337.2	-2.19024709154977
14338.8	-2.4366268287267703
14340.5	-1.7032586787307704
14342.2	-1.50847240504677
14343.9	-1.1184239436967702
14345.5	-1.0620583937567698
14347.2	-1.3554766363367698
14348.9	-1.7370719041867704
14350.5	-1.6298956867187704
14352.2	-1.6388712913567702
14353.9	-0.9366014642567702
14355.5	-0.7951538522267703
14357.2	-0.7119172601067703
14358.9	-1.2051706622667706
14360.5	-1.27378677201677
14362.2	-1.3312702848567697
14363.9	-0.8148457564567699
14365.5	-0.3472907593467705
14367.2	0.23505489998522971
14368.9	0.2511934273232298
14370.5	-0.11895008546677022
14372.2	-1.03095623831677
14373.9	-1.91807491777277
14375.5	-2.79692245515677
14377.2	-3.1976156357167698
14378.9	-3.4903777822567696
14380.5	-3.08615096697677
14382.2	-2.6086223713767698
14383.9	-2.0305655964367704
14385.5	-1.4975461212707701
14387.2	-1.2301368208497707
14388.9	-1.3438637805447704
14390.6	-1.52261356097877
14392.2	-1.36214579031577
14393.9	-0.8390625886567704
14395.6	-0.23202012130677035
14397.2	0.6029375776582293
14398.9	1.1312035032632295
14400.6	1.2089603896932297
14402.2	0.9801841697912298
14403.9	0.2200420644662297
14405.6	-0.5320311591057703
14407.2	-1.0250719958867702
14408.9	-1.2928044439467703
14410.6	-1.01125863766677
14412.2	-0.7820024797867702
14413.9	-0.1619359595467701
14415.6	0.2614675966512296
14417.2	0.6109777856132292
14418.9	0.74351989091323
14420.6	1.0425913149032295
14422.2	1.0227976373332293
14423.9	1.1512106852832296
14425.6	0.6670308219032296
14427.2	0.45003496825322953
14428.9	0.14682122674522968
14430.6	-0.15651074952377042
14432.2	-0.5917718515167705
14433.9	-0.3615655738567702
14435.6	-0.2603033516667701
14437.3	0.0321194988332294
14438.9	0.16053032534522968
14440.6	0.19575580555322952
14442.3	0.010332136574229697
14443.9	-0.2032469036107702
14445.6	-0.7027462082067703
14447.3	-0.8280355314667701
14448.9	-1.11818153287577
14450.6	-1.5692635174267702
14452.3	-1.9323424830537705
14453.9	-1.7071918396967707
14455.6	-1.2513813015267703
14457.3	-0.41411476345677
14458.9	0.14850371985322972
14460.6	0.2255493094045297
14462.3	-0.09928998590677031
14463.9	-0.3426830293467702
14465.6	-0.5427085202867702
14467.3	-0.0586188738497703
14468.9	0.10117218111622972
14470.6	0.3071802291532296
14472.3	-0.035189930266770086
14473.9	-0.22678814817677045
14475.6	-0.6413242791067706
14477.3	-0.6920168630467702
14479.0	-1.2173698548267702
14480.6	-1.42771324957677
14482.3	-1.8059826426467698
14484.0	-1.6273289546387701
14485.6	-1.5797217865667705
14487.3	-1.0570677624507703
14489.0	-0.7916968258567705
14490.6	-0.7530116313267707
14492.3	-1.2723704655667702
14494.0	-1.5977141846567704
14495.6	-2.0625650621867697
14497.3	-1.9629594409957702
14499.0	-1.8601524986567703
14500.6	-1.2534632361567704
14502.3	-0.5823539961567703
14504.0	0.015022932353229601
14505.6	0.07753037032322979
14507.3	0.00923538727322959
14509.0	-0.2125185956867702
14510.6	-0.08288987733667028
14512.3	-0.1877026675397703
14514.0	-0.03236889190677028
14515.6	-0.5139838206267702
14517.3	-1.1161479766567703
14519.0	-1.8727880883467702
14520.6	-2.41765546715677
14522.3	-2.2833046605367695
14524.0	-1.23299929311277
14525.7	-0.2895455717967702
14527.3	0.8752347258332296
14529.0	1.4858357340332295
14530.7	1.86535419092323
14532.3	1.51788652753323
14534.0	1.0832843326732298
14535.7	0.1845358072932296
14537.3	-0.7400788376567702
14539.0	-1.80386434568677
14540.7	-2.21945630269677
14542.3	-2.3483554788167695
14544.0	-1.6764034150567704
14545.7	-1.1251971669067704
14547.3	-0.32249223485677037
14549.0	0.09512091981322979
14550.7	0.3137394604032296
14552.3	0.0764185824645297
14554.0	0.005701111890229815
14555.7	-0.34787485312577027
14557.3	-0.21565024531677024
14559.0	-0.6109599443267701
14560.7	-0.5541395822881401
14562.3	-0.5715583749787702
14564.0	-0.6709490041667702
14565.7	-0.6118778510367703
14567.3	-0.5055011769067703
14569.0	-0.6828305951567701
14570.7	-0.38175324960677004
14572.4	-0.6918611223067705
14574.0	-1.1589018323267701
14575.7	-1.5301975651467705
14577.4	-1.8485640189947703
14579.0	-1.7789184235267703
14580.7	-1.3214858497767703
14582.4	-0.7453708301867704
14584.0	-0.3540597334567701
14585.7	-0.10968325388677036
14587.4	-0.04862604317477037
14589.0	-0.39318551124677026
14590.7	-0.19721763177177026
14592.4	-0.030378900836770528
14594.0	0.5473150927632294
14595.7	1.0571365646032298
14597.4	1.2228350168332294
14599.0	0.9529307405532297
14600.7	0.6298190560732297
14602.4	-0.24755977367677023
14604.0	-0.6393667808667702
14605.7	-1.33192165135677
14607.4	-1.3278093309467707
14609.0	-1.1088343042167708
14610.7	-0.7084608451577702
14612.4	-0.6336417247267702
14614.0	-0.33748978335677027
14615.7	-0.5741739773567702
14617.4	-0.5405599571367701
14619.1	-0.7349094422967701
14620.7	-0.4006374775567702
14622.4	0.020976173323229874
14624.1	0.4791383247032297
14625.7	0.2372414542132295
14627.4	0.05003154456322961
14629.1	-0.2237327374567703
14630.7	-0.0495840629267702
14632.4	0.1657835119632299
14634.1	0.7106352624412295
14635.7	0.7846030207632297
14637.4	0.8131397895732297
14639.1	0.6417158935532296
14640.7	0.6189718361402295
14642.4	0.5631445072532295
14644.1	0.5625033591056297
14645.7	-0.1766998194167703
14647.4	-1.0976656734467702
14649.1	-1.9468404316567702
14650.7	-2.2857425996917704
14652.4	-2.11578814414677
14654.1	-1.4358492638767701
14655.7	-0.9011654852017702
14657.4	-0.4721215478767702
14659.1	-0.5377213663767699
14660.8	-0.62900694516677
14662.4	-0.5794299408067702
14664.1	-0.3406432746767704
14665.8	-0.3232440254067699
14667.4	0.14642353054322987
14669.1	0.020214592253229885
14670.8	-0.26681536837677045
14672.4	-1.0006948913367701
14674.1	-1.4044816002967702
14675.8	-1.9116898709182701
14677.4	-1.9009168078267702
14679.1	-1.7615042868547703
14680.8	-0.8687416711967701
14682.4	-0.42176686260677015
14684.1	-0.09649792739677021
14685.8	-0.2079797730367703
14687.4	-0.3240124597967703
14689.1	-0.8169167536467703
14690.8	-1.02507202360677
14692.4	-1.1233339726767702
14694.1	-0.7810489210767703
14695.8	-0.17848523488677026
14697.4	0.4903243807789296
14699.1	0.7910462756012296
14700.8	1.0463015500272297
14702.4	0.7521498702432297
14704.1	0.6438142590232296
14705.8	0.23628897337522983
14707.5	-0.3150955612167705
14709.1	-1.1518448461106703
14710.8	-1.9892907406167706
14712.5	-2.8993357557767703
14714.1	-3.17084620569677
14715.8	-3.1244396445667695
14717.5	-2.38550919702677
14719.1	-2.08408717920677
14720.8	-1.5598886565567702
14722.5	-1.33100309559677
14724.1	-1.1226499072217702
14725.8	-0.6928157263077703
14727.5	0.1100919382432296
14729.1	0.10891529124322963
14730.8	0.4261238970032295
14732.5	-0.031141191106770272
14734.1	-0.31025090649677034
14735.8	-0.5783065975267704
14737.5	-0.8479510831667703
14739.1	-0.8699868088767703
14740.8	-0.5657174703667703
14742.5	-0.84894377221077
14744.1	-0.9320551624167706
14745.8	-1.3115908934967697
14747.5	-1.4165774807347702
14749.1	-1.5608989713667702
14750.8	-1.3178140674367702
14752.5	-1.18229758869677
14754.2	-0.8357091075297703
14755.8	-0.8858838670067699
14757.5	-0.7682637228447704
14759.2	-0.7909020577267702
14760.8	-0.36565051608677024
14762.5	-0.2922025121667702
14764.2	0.13678266594322988
14765.8	-0.017721779066770416
14767.5	0.1177073584232296
14769.2	-0.024706161316770205
14770.8	-0.11042174026677032
14772.5	-0.37642923857677013
14774.2	-0.23383671410677032
14775.8	-0.4132607160767704
14777.5	-0.4429363615351703
14779.2	-0.6513482348567704
14780.8	-0.7147800531567701
14782.5	-0.9743670920467702
14784.2	-1.4553232878367703
14785.8	-2.06464108892677
14787.5	-2.25257530888177
14789.2	-2.49590425485277
14790.8	-2.3411793148767703
14792.5	-2.43153125615677
14794.2	-2.05034713237717
14795.8	-1.5366057888467706
14797.5	-1.0893291035367703
14799.2	-0.5376575038667702
14800.9	0.036278119123229424
14802.5	0.09721996969722901
14804.2	-0.007553222136770399
14805.9	-0.6928219907667703
14807.5	-1.21471294154677
14809.2	-1.8026635419067696
14810.9	-2.2379342536087696
14812.5	-2.76631556773677
14814.2	-3.3400779213467713
14815.9	-3.7253846979657705
14817.5	-3.7298625231267706
14819.2	-3.7082035472567703
14820.9	-3.22786299169677
14822.5	-3.06684495377677
14824.2	-2.5877033248567702
14825.9	-2.4781698732367703
14827.5	-2.37528685932177
14829.2	-2.7739365579867696
14830.9	-2.7322421469667697
14832.5	-3.10642827532677
14834.2	-3.0294633749567708
14835.9	-2.8859192573067705
14837.5	-2.1813106402617706
14839.2	-1.7595237169167701
14840.9	-0.7571807423467699
14842.6	-0.6760120440867698
14844.2	-0.6007167659267701
14845.9	-1.0394358082967703
14847.6	-1.38782805291377
14849.2	-1.5719726700947705
14850.9	-1.4724442508567703
14852.6	-1.6128377562567704
14854.2	-0.8603494162067704
14855.9	-0.7275144576167705
14857.6	-0.27552895384677045
14859.2	-0.2138809767367702
14860.9	-0.21638007190677028
14862.6	-0.5522611935067703
14864.2	-0.66777945351677
14865.9	-0.92280564879677
14867.6	-0.5186593373167704
14869.2	-0.38272640094077026
14870.9	0.006665624943229809
14872.6	-0.16354786920677028
14874.2	-0.3612484896567704
14875.9	-0.8020782573867701
14877.6	-0.8016761131167703
14879.2	-0.7454749095567703
14880.9	-0.4928429923567703
14882.6	-0.4838218622567704
14884.2	-0.3386909558367701
14885.9	-0.66401561301677
14887.6	-1.1711444844167702
14889.3	-1.5818514518867703
14890.9	-1.57336286405677
14892.6	-1.1706338251067703
14894.3	-0.3185226762267702
14895.9	0.3067262526222296
14897.6	0.8828685403032298
14899.3	0.7248056237132294
14900.9	-0.043235813856770666
14902.6	-0.7504657246937705
14904.3	-1.33146178462177
14905.9	-1.58956761345277
14907.6	-1.3717968342167701
14909.3	-1.46097803753577
14910.9	-1.3635225757767702
14912.6	-1.53800261431677
14914.3	-1.7554030490857697
14915.9	-1.6174109289887704
14917.6	-0.77981101634677
14919.3	0.09701958099322971
14920.9	1.1191116312832297
14922.6	1.0153204256932296
14924.3	0.4170683423332299
14925.9	-0.6854401962467701
14927.6	-1.4813098778967704
14929.3	-2.0056202177667704
14930.9	-1.8501110083067704
14932.6	-1.84601828165677
14934.3	-1.7336776908967702
14936.0	-2.11346723595677
14937.6	-2.1156340167677703
14939.3	-2.1257700504667705
14941.0	-1.6493410645967703
14942.6	-1.4895496633567702
14944.3	-1.0891106305567704
14946.0	-0.9731776956567701
14947.6	-0.9176329154867702
14949.3	-1.1429766390867704
14951.0	-1.1204755073967703
14952.6	-1.4172042334367705
14954.3	-1.4522275745567705
14956.0	-1.4141831622867702
14957.6	-1.0576749075657705
14959.3	-0.7312162787667704
14961.0	-0.4914709520837702
14962.6	-0.6245788419467702
14964.3	-0.45069511764677
14966.0	-0.34403328606277017
14967.6	-0.3045193268567704
14969.3	-0.3153008879567702
14971.0	-0.11790429356677024
14972.6	-0.3870003681367703
14974.3	-0.7642556780467703
14976.0	-1.3494046701467703
14977.6	-1.76533398582677
14979.3	-2.15271289784677
14981.0	-2.15141386020677
14982.7	-2.43610229582677
14984.3	-2.1389758834367703
14986.0	-1.7864581466827703
14987.7	-1.4216582951777703
14989.3	-1.3560796491267704
14991.0	-1.33714861118677
14992.7	-1.5947715346667704
14994.3	-1.7083438332667704
14996.0	-2.1795470667547705
14997.7	-2.0777421389167703
14999.3	-2.0408714137867703
15001.0	-1.6816822119567703
15002.7	-1.5990900251078703
15004.3	-1.5805585808767704
15006.0	-1.6882066538377702
15007.7	-1.5098839657467704
15009.3	-1.1774770769867704
15011.0	-0.15423614546677022
15012.7	0.5303037042232297
15014.3	1.1876695710332297
15016.0	1.0124108265432292
15017.7	0.6307367134532296
15019.3	-0.24894672926677042
15021.0	-0.5411670315667703
15022.7	-0.7115156743458702
15024.4	-0.1722409120867702
15026.0	-0.27181144748077035
15027.7	-0.2811573770747701
15029.4	-0.5469749767667702
15031.0	-0.34303153285677024
15032.7	-0.4150485905867702
15034.4	-0.10082241363677039
15036.0	-0.29776432426877
15037.7	-0.23268684147677007
15039.4	-0.3814820096467703
15041.0	-0.14614998673677027
15042.7	0.18289572436422963
15044.4	0.7846818902432295
15046.0	0.9867695238420291
15047.7	1.1791579273232293
15049.4	0.7884637333432295
15051.0	1.0840062685012293
15052.7	1.2199166631932297
15054.4	1.1084816435132292
15056.0	0.6823650082752296
15057.7	0.08236455684322974
15059.4	-0.7022461222767702
15061.0	-0.3949239181637702
15062.7	-0.04743211335677042
15064.4	0.4717291959032297
15066.0	0.8052327522732297
15067.7	0.6142809518832295
15069.4	-0.3866115240767703
15071.1	-0.8792889305267706
15072.7	-1.7816993562627703
15074.4	-2.17718502653677
15076.1	-2.1830835749567705
15077.7	-2.0947315715067703
15079.4	-2.1596420640567704
15081.1	-1.5907777034567703
15082.7	-1.4011568227567701
15084.4	-0.9550803513867705
15086.1	-1.0621051713167704
15087.7	-0.8861890875267704
15089.4	-0.7036056854367703
15091.1	-0.13500634924677038
15092.7	0.10923227047422979
15094.4	0.2798247811632295
15096.1	0.023563796343229804
15097.7	-0.41121458094677066
15099.4	-1.49616608749677
15101.1	-1.9531383814967702
15102.7	-2.34172344303677
15104.4	-2.2568439544367704
15106.1	-1.9107497102544402
15107.7	-1.4195874642967699
15109.4	-1.49696010595677
15111.1	-1.76310791486677
15112.7	-2.6592670384467705
15114.4	-2.8011715602067704
15116.1	-2.72735268773677
15117.8	-2.29353109752677
15119.4	-1.44352047721677
15121.1	-0.4845805991567702
15122.8	-0.30313958192677026
15124.4	-0.18509425286677011
15126.1	-0.3917619134857704
15127.8	-0.1866090607167702
15129.4	-0.44286843385677044
15131.1	-0.7872396860267705
15132.8	-1.28541539086677
15134.4	-1.8147159257667702
15136.1	-2.20507373209677
15137.8	-2.14775681752677
15139.4	-2.1627273826167697
15141.1	-1.95423498180677
15142.8	-2.22204880624677
15144.4	-2.3669697724567706
15146.1	-2.07969144306677
15147.8	-1.6683387568257697
15149.4	-1.27117630975677
15151.1	-0.9069950291567702
15152.8	-1.31917687732677
15154.4	-1.7779050695167702
15156.1	-2.0903088081567707
15157.8	-1.9141318962667704
15159.4	-1.4513428282467702
15161.1	-0.8381822507067705
15162.8	-0.8206605756267704
15164.5	-0.6733752439967701
15166.1	-0.8030571005567699
15167.8	-0.8541331862767704
15169.5	-0.8501154780467706
15171.1	-0.9946652934767701
15172.8	-1.0433635645867703
15174.5	-1.2274691155637703
15176.1	-1.66000028135677
15177.8	-1.9254759726467698
15179.5	-2.36548575066677
15181.1	-2.74313897976677
15182.8	-3.06173312666677
15184.5	-3.18084577447677
15186.1	-2.96687249017677
15187.8	-2.3074798243767702
15189.5	-1.6396353553267704
15191.1	-0.83209740378677
15192.8	-0.4340092386677705
15194.5	-0.14565883946677022
15196.1	-0.20724739352677027
15197.8	-0.3703703461637706
15199.5	-0.5303828402887703
15201.1	-0.19053089423677047
15202.8	-0.33308197144677043
15204.5	-0.6594770734567705
15206.2	-1.4694555107967702
15207.8	-2.2640041940567697
15209.5	-2.8458917720067705
15211.2	-2.9657658631467703
15212.8	-2.27473552696677
15214.5	-0.8700311107527701
15216.2	0.24783610959322977
15217.8	1.2794758880432298
15219.5	1.3903049277532291
15221.2	1.3130694642432295
15222.8	0.49834892784322965
15224.5	-0.2101134603767703
15226.2	-0.7199716058567701
15227.8	-0.9443643477867705
15229.5	-1.2236632233067701
15231.2	-1.0908520260867702
15232.8	-1.3192100866867702
15234.5	-1.4885814268667703
15236.2	-2.0991862421267706
15237.8	-2.64697297332677
15239.5	-3.2952661496567703
15241.2	-3.70176630514677
15242.8	-3.90334748601677
15244.5	-3.70091864883677
15246.2	-3.04042128244677
15247.8	-2.49347633149677
15249.5	-2.00751483231677
15251.2	-1.45135867205277
15252.9	-1.1274992752767703
15254.5	-1.0403986543667703
15256.2	-0.6741710191867702
15257.9	-0.3271070871637701
15259.5	0.03637902347522959
15261.2	0.4844977237532298
15262.9	0.8326232750932298
15264.5	1.24848492189123
15266.2	1.6289872353032293
15267.9	1.5996806137932302
15269.5	1.70445771425723
15271.2	2.0636083946832304
15272.9	1.90979024878323
15274.5	1.5618507742432295
15276.2	1.0473498989372294
15277.9	0.2021949710132297
15279.5	-0.76011740249677
15281.2	-1.8719509660629705
15282.9	-2.7559904424797694
15284.5	-3.1814185421567704
15286.2	-3.11490892965677
15287.9	-2.78760349057677
15289.5	-2.09663283321677
15291.2	-1.2283886293267703
15292.9	-0.5726673381664703
15294.5	-0.032768248046770296
15296.2	0.32488104187322964
15297.9	0.3833613336932295
15299.6	0.2935451668432298
15301.2	0.3551609771232297
15302.9	0.46019138271322946
15304.6	0.7078699056212295
15306.2	0.6002045086842296
15307.9	0.6790732289132297
15309.6	0.7908016737462299
15311.2	0.6196011093832294
15312.9	0.74789472294323
15314.6	0.6636591262732298
15316.2	0.6149073161332295
15317.9	0.4116149808332299
15319.6	-0.19354636055677044
15321.2	-0.5058138804567704
15322.9	-0.4520624237467703
15324.6	-0.30488990009677025
15326.2	0.23591661104322947
15327.9	0.4153086637332297
15329.6	0.6301530336032297
15331.2	0.5430067600832298
15332.9	0.1822692703632296
15334.6	0.2138530252632298
15336.2	0.09267775211322957
15337.9	0.1674635058832299
15339.6	0.1814816851932297
15341.2	0.1740789953232297
15342.9	0.36984604093822987
15344.6	0.7398647739432297
15346.3	1.25684029209323
15347.9	1.8695956707532295
15349.6	2.4381574256082303
15351.3	2.573410076323229
15352.9	1.7066713689832296
15354.6	0.32659610925322996
15356.3	-1.1888089587667703
15357.9	-2.18687340965677
15359.6	-2.68225703877677
15361.3	-2.46427867965677
15362.9	-2.0177938527847705
15364.6	-1.42149657527677
15366.3	-1.3570939581367703
15367.9	-1.0114267200167701
15369.6	-1.3441009297867703
15371.3	-0.9143057933967702
15372.9	-1.1273076930667705
15374.6	-1.17529942409777
15376.3	-1.48609447357677
15377.9	-1.3172091805667698
15379.6	-1.5106696351367705
15381.3	-0.3740666597367702
15382.9	-0.09995825403677022
15384.6	0.5225239274172295
15386.3	0.5612948566722297
15388.0	0.2631068143032297
15389.6	-0.5490294079527702
15391.3	-1.23581511584377
15393.0	-1.78095847447777
15394.6	-1.3057348501767703
15396.3	-0.8077541628107703
15398.0	-0.07143008572677034
15399.6	0.7117615411632296
15401.3	1.2215674469432294
15403.0	1.4914793951932295
15404.6	1.3520872990162296
15406.3	0.8852280792252295
15408.0	0.5750618720832296
15409.6	-0.0804968861767703
15411.3	-0.9711464002567702
15413.0	-1.2779409592267703
15414.6	-1.1883853166767704
15416.3	-1.0409137711567702
15418.0	-0.4224798177497705
15419.6	0.3643434670432299
15421.3	0.9756965471332297
15423.0	0.95252771904323
15424.6	0.06398723919322982
15426.3	-1.1990754994967703
15428.0	-1.9613610020767702
15429.6	-2.8533728580027695
15431.3	-3.26205858929677
15433.0	-2.9585273718667704
15434.7	-2.3856395772567702
15436.3	-2.0505679331567697
15438.0	-1.35373832078677
15439.7	-1.1151123401667702
15441.3	-0.33858535234677023
15443.0	-0.1990040272047704
15444.7	-0.3224246697267703
15446.3	-0.4066346431167701
15448.0	-0.4710816113567702
15449.7	-0.5619190113767701
15451.3	-0.2696975730367703
15453.0	-0.5119407809367703
15454.7	-0.6836127137967701
15456.3	-1.12771385681677
15458.0	-1.7370344453367705
15459.7	-2.0970921954567707
15461.3	-1.7101611314367702
15463.0	-0.9774447774567702
15464.7	0.4547997858632297
15466.3	1.3270570417232297
15468.0	1.9996042600032298
15469.7	1.8844754649922293
15471.3	1.2613667015132297
15473.0	-0.03779855132707044
15474.7	-0.7830220921567702
15476.3	-1.9058195652567702
15478.0	-2.28450567455677
15479.7	-2.88742606218877
15481.4	-2.5584814524867694
15483.0	-2.3135383364567703
15484.7	-1.5532284638967697
15486.4	-1.14260297145677
15488.0	-0.16815847461677053
15489.7	0.06589369100322962
15491.4	0.5047232608432299
15493.0	0.4607288140032298
15494.7	0.6986145886432298
15496.4	0.4491662480132298
15498.0	0.4742292682672295
15499.7	0.1171886772632293
15501.4	0.1271411901132297
15503.0	-0.2262612040617703
15504.7	-0.2762341734767702
15506.4	-0.4427725593767703
15508.0	-0.3353329205467703
15509.7	-0.1869034577167702
15511.4	0.2844482998432297
15513.0	0.1755385058542297
15514.7	-0.09560043288677034
15516.4	-0.7478811521267704
15518.0	-1.4944290891667704
15519.7	-1.90444782517677
15521.4	-2.0238474791467698
15523.0	-1.7311903036367702
15524.7	-1.39204406525677
15526.4	-1.3178830825367702
15528.1	-1.4674120728057702
15529.7	-1.6647434887167702
15531.4	-1.8422905102567702
15533.1	-1.9144240555167702
15534.7	-2.1634983181227705
15536.4	-2.3568557906767698
15538.1	-2.79844527566277
15539.7	-3.18996322331677
15541.4	-3.54566812245677
15543.1	-3.6832020858667693
15544.7	-3.1079771172807695
15546.4	-2.41818219067177
15548.1	-1.4841961101767702
15549.7	-0.7359820021067701
15551.4	-0.1991729276957701
15553.1	0.1616065585162294
15554.7	0.2860979228032298
15556.4	0.08206232903322959
15558.1	0.40199111314322966
15559.7	0.41394706130322967
15561.4	0.7476149061532295
15563.1	0.7260705141532295
15564.7	0.7883960161732296
15566.4	0.6192374226832295
15568.1	0.4741029518332297
15569.8	-0.2519209601627702
15571.4	-0.7421217318471702
15573.1	-1.7039861879867697
15574.8	-2.22626400044677
15576.4	-2.7763436673567696
15578.1	-2.7353936050467693
15579.8	-2.5346306448567697
15581.4	-1.90706516932677
15583.1	-0.9460797011567703
15584.8	-0.025891340485770242
15586.4	0.47684465147922966
15588.1	0.6138939017932296
15589.8	0.4348543491232295
15591.4	0.2011316468132298
15593.1	0.1300461804832297
15594.8	0.3222178694322297
15596.4	0.5284752363832297
15598.1	0.7693043391732299
15599.8	0.36249571906322997
15601.4	-0.1171398890567703
15603.1	-0.8129949169067701
15604.8	-1.31598715640677
15606.4	-1.73108246252077
15608.1	-1.63368243241677
15609.8	-1.58494232559677
15611.4	-1.28536395447677
15613.1	-1.3833876815767703
15614.8	-1.4711335001667702
15616.5	-1.9879298663567706
15618.1	-2.1800713340277698
15619.8	-2.23218649775677
15621.5	-2.1322877501867703
15623.1	-1.9668687369567701
15624.8	-1.6918402465867701
15626.5	-2.03593001454677
15628.1	-1.8614886568467701
15629.8	-1.5900499254667704
15631.5	-0.81806106153677
15633.1	-0.15732018597677028
15634.8	-0.012588164616770398
15636.5	-0.33738670723677033
15638.1	-0.6095573105067703
15639.8	-1.1610887526097702
15641.5	-0.7844606271914702
15643.1	-0.2260026748067704
15644.8	0.8616069579832297
15646.5	1.4903033883592298
15648.1	1.2707426007692293
15649.8	0.6617066647232299
15651.5	-0.1585281465907703
15653.1	-1.1872234851167702
15654.8	-1.64903378871677
15656.5	-2.2677252747167698
15658.1	-2.2867950227767704
15659.8	-2.12303786906677
15661.5	-1.7330747408567704
15663.2	-1.63008473915677
15664.8	-1.3114788965067699
15666.5	-1.5346037223267703
15668.2	-1.4857740914467703
15669.8	-1.2433562112567702
15671.5	-1.2141291216167702
15673.2	-1.1604855444167703
15674.8	-0.9376008438257701
15676.5	-1.2812179254367702
15678.2	-0.8982747664367703
15679.8	-0.5703228697807702
15681.5	0.19701942079122958
15683.2	1.0349922830232294
15684.8	1.3870096236832294
15686.5	1.5134602215432298
15688.2	0.9746818971032296
15689.8	0.14589751544322982
15691.5	-0.4996648234767701
15693.2	-0.7895351483767703
15694.8	-0.1445462920167701
15696.5	0.6993869712632298
15698.2	1.3448974785632297
15699.8	1.6880732547432302
15701.5	1.2629167238832295
15703.2	0.23024089610322973
15704.8	-0.6630373091067704
15706.5	-1.19856328151677
15708.2	-1.1013335559167698
15709.9	-0.8380216817267703
15711.5	-0.7139166567867703
15713.2	-1.06781012363677
15714.9	-1.18819407408677
15716.5	-1.87781011034677
15718.2	-2.43978916249677
15719.9	-2.52486282765677
15721.5	-2.2829863693167702
15723.2	-2.04904310731677
15724.9	-1.8282082707967704
15726.5	-1.51155951890677
15728.2	-1.1173849944667704
15729.9	-0.9499470862667702
15731.5	-1.09787649944677
15733.2	-1.00040475416677
15734.9	-0.4852046267267701
15736.5	-0.1746829543167705
15738.2	0.003771613392229499
15739.9	0.3791560988332298
15741.5	0.7072653879592294
15743.2	0.6604052431832297
15744.9	0.5141121390432298
15746.5	0.48165973680322993
15748.2	0.7719531069482295
15749.9	0.4833443129032295
15751.6	0.3977695605432296
15753.2	0.2513939307732297
15754.9	0.5635853563732297
15756.6	0.8340827879132291
15758.2	0.8280683994832299
15759.9	0.3787760594832297
15761.6	-0.05539619136677021
15763.2	-0.8959487483067702
15764.9	-1.1693078548627702
15766.6	-1.6957509708067704
15768.2	-1.71251599079367
15769.9	-1.8185623821567698
15771.6	-1.6685213684267703
15773.2	-1.8567301545827704
15774.9	-1.5263566871367702
15776.6	-1.24570281845677
15778.2	-0.9574767753517701
15779.9	-1.1276385109167704
15781.6	-1.2533157556867702
15783.2	-1.63281212635677
15784.9	-1.6648384662967701
15786.6	-1.8551107556567703
15788.2	-1.43135129523777
15789.9	-0.9073294591267703
15791.6	-0.7123289797727703
15793.2	-0.9957880619697702
15794.9	-1.3740598774267703
15796.6	-1.7706040290167702
15798.3	-2.04938841725677
15799.9	-2.35180405366477
15801.6	-2.46832822305677
15803.3	-2.7330057774567695
15804.9	-2.57854865526677
15806.6	-2.7591915869767707
15808.3	-2.65146884191307
15809.9	-2.3916442994167704
15811.6	-1.8868127773337702
15813.3	-1.5679627807767704
15814.9	-1.1742711220467696
15816.6	-1.3238526738267702
15818.3	-1.0350673892667703
15819.9	-1.2247741144067703
15821.6	-0.9695342650967702
15823.3	-0.9178339167667702
15824.9	-0.3376759437167701
15826.6	-0.1874468152567701
15828.3	-0.2764819874067707
15829.9	-1.2288457885267703
15831.6	-1.8315071797467701
15833.3	-2.22377563237277
15834.9	-1.7287131335967703
15836.6	-1.2941683123267704
15838.3	-0.29132778647677027
15839.9	0.36248219314323
15841.6	0.7489822464432299
15843.3	0.5395714160532292
15845.0	0.20836005912223
15846.6	-0.5526570618337702
15848.3	-1.09801212975677
15850.0	-2.11986855434677
15851.6	-2.6637710592467703
15853.3	-3.16922547794677
15855.0	-3.26192768513677
15856.6	-3.45990470504677
15858.3	-3.2631393868467704
15860.0	-3.4314687148367695
15861.6	-3.03944561142677
15863.3	-2.49965909966677
15865.0	-1.4041153476857702
15866.6	-0.4741318698267701
15868.3	0.2670343481332299
15870.0	0.2810661021732299
15871.6	0.2583446136932296
15873.3	-0.09989642318677042
15875.0	-0.8585460860467701
15876.6	-1.3460096580367695
15878.3	-2.0896965077067704
15880.0	-2.81901082685677
15881.6	-2.96824935870777
15883.3	-2.86881562889677
15885.0	-1.8200458245167699
15886.6	-0.43709936174677
15888.3	0.6275733844062299
15890.0	1.3571310723412295
15891.7	2.134204933163229
15893.3	1.9936671875732286
15895.0	1.7591133262132297
15896.7	1.0766147282832297
15898.3	0.5634195158132296
15900.0	-0.3196793517367705
15901.7	-0.4381120865697701
15903.3	-0.8933840090037702
15905.0	-0.6585698634567702
15906.7	-1.10426878657677
15908.3	-1.4497397066767703
15910.0	-1.5912567453567703
15911.7	-1.2832868968567706
15913.3	-1.31556583188677
15915.0	-1.0821621314122705
15916.7	-1.0003991063897704
15918.3	-0.48139112683677066
15920.0	-0.3808903194167707
15921.7	0.1700215522532298
15923.3	0.7821389666132298
15925.0	1.22352040876323
15926.7	0.8766773629432294
15928.3	0.45779245564322946
15930.0	-0.7091252064667702
15931.7	-1.1827906046967702
15933.4	-1.3147885572767706
15935.0	-1.0362738260567703
15936.7	-0.3335831963067703
15938.4	0.035871916943229776
15940.0	-0.2977811829367706
15941.7	-0.16639698705677042
15943.4	-0.6413600521767702
15945.0	-0.7064762923947705
15946.7	-0.4045388952947704
15948.4	-0.024300054284770556
15950.0	0.16899598313322972
15951.7	0.027625834073229716
15953.4	-0.44390810250677015
15955.0	-0.39297010229677043
15956.7	-0.7766271124567699
15958.4	-0.9877232875867703
15960.0	-1.2994421133967702
15961.7	-1.1197653905267704
15963.4	-0.8692559975767702
15965.0	-0.1659573351567703
15966.7	0.2219582724232297
15968.4	1.1476794876732292
15970.0	1.5278155517432301
15971.7	1.43262993567323
15973.4	0.9785479511032293
15975.0	0.23279988507122984
15976.7	-1.0318546410367702
15978.4	-1.6744268651957706
15980.1	-2.35063895943677
15981.7	-2.3871676746577704
15983.4	-2.18284060642677
15985.1	-1.7749104886567704
15986.7	-1.48486730867677
15988.4	-1.0890238619290702
15990.1	-1.03824844130677
15991.7	-0.5924938000167701
15993.4	-0.27187782216677026
15995.1	-0.15821953091677005
15996.7	-0.42682143782677034
15998.4	-0.4654975047767701
16000.1	-0.17400104445977027
16001.7	0.07156658684322936
16003.4	0.6557149628502297
16005.1	1.07377009074323
16006.7	1.18044457648223
16008.4	1.2048613484532296
16010.1	1.4370337479432298
16011.7	2.1978758409642296
16013.4	2.7900004409832286
16015.1	2.5724663733262285
16016.7	2.23741433879873
16018.4	1.68100459505323
16020.1	0.7095127133832296
16021.7	0.434777888973229
16023.4	0.035854693793229586
16025.1	-0.2831525712767704
16026.8	-0.8387983742867702
16028.4	-0.6756641089467701
16030.1	-0.28048465525677024
16031.8	0.7999530124606292
16033.4	0.9504313324532299
16035.1	0.4405315484632297
16036.8	-0.4641982116967701
16038.4	-1.6615757046267703
16040.1	-2.5597890691967695
16041.8	-1.72683408529677
16043.4	-0.9262074670267703
16045.1	0.43758889360322967
16046.8	1.0677272377062295
16048.4	1.3490383735872293
16050.1	1.2111929648032298
16051.8	0.83981302274323
16053.4	0.3194122823332297
16055.1	0.0857101035232295
16056.8	-0.5019810610467703
16058.4	-0.41635166889677017
16060.1	-0.9899119418037702
16061.8	-1.0470422232887702
16063.4	-0.62481335216677
16065.1	-0.21244491469677063
16066.8	0.22974303103322957
16068.4	0.4868058069432296
16070.1	0.38416009336322954
16071.8	0.3413924721232299
16073.5	-0.07053536236677083
16075.1	-0.4192064515967703
16076.8	-0.5226164978767702
16078.5	-0.3286276305367702
16080.1	0.002266097293229699
16081.8	0.4521957644232298
16083.5	1.01632564923323
16085.1	1.2265282521532297
16086.8	0.6476103827732297
16088.5	0.0015081369432297098
16090.1	-0.7549671339267702
16091.8	-0.8962394900267703
16093.5	-0.5365191441107706
16095.1	0.003778634023229699
16096.8	0.18650529869322982
16098.5	0.2703048305882298
16100.1	-0.24623026147677018
16101.8	-0.4475468678467703
16103.5	-0.7284896852167704
16105.1	-0.22843103063677062
16106.8	-0.09688174250677051
16108.5	-0.04626898571676996
16110.1	-0.4423073881167704
16111.8	-0.7403998226467702
16113.5	-0.90804272111677
16115.2	-0.5828902679567703
16116.8	-0.78287380149677
16118.5	-0.7270959461267702
16120.2	-1.2324880815567703
16121.8	-1.6255378604467703
16123.5	-1.76453114600177
16125.2	-1.24821479075677
16126.8	-0.5775290715367702
16128.5	0.1877595468332296
16130.2	0.030549459500329723
16131.8	-0.5200481145367702
16133.5	-1.6999203049867702
16135.2	-2.0422673901767703
16136.8	-1.9378069276067704
16138.5	-1.4625747667267701
16140.2	-0.9273582108367701
16141.8	-0.2665392842167705
16143.5	-0.0659336184167702
16145.2	-0.1117483867067705
16146.8	-0.5478303807567703
16148.5	-1.0873682885331701
16150.2	-1.5208346181867702
16151.8	-2.3143303697087703
16153.5	-3.0228074113567702
16155.2	-3.23147598892677
16156.8	-2.6842573163967702
16158.5	-1.8050976054467702
16160.2	-0.6581140665767705
16161.9	0.2309375034932298
16163.5	0.4870899211532298
16165.2	0.30766125633322966
16166.9	-0.2479889883567699
16168.5	-0.50624489876677
16170.2	-0.4943678146467705
16171.9	0.2923043172132296
16173.5	0.7514282044432296
16175.2	1.1069875079332299
16176.9	0.6853503909832294
16178.5	0.05679084138322969
16180.2	-0.9121492426367702
16181.9	-1.33219082006677
16183.5	-1.7079562597167701
16185.2	-0.7853002382867702
16186.9	0.18290268099322982
16188.5	1.2407536315692298
16190.2	1.4751995100332298
16191.9	1.3117259329782298
16193.5	0.20932554940642956
16195.2	-0.40861571026677057
16196.9	-1.11100133415677
16198.5	-0.5816943574567701
16200.2	0.33275113218722985
16201.9	1.2853035053832298
16203.5	1.47058678570423
16205.2	0.8959931753132298
16206.9	-0.6358251257547701
16208.6	-1.5875527944767702
16210.2	-2.11724725214577
16211.9	-1.7181586730647698
16213.6	-0.9266808191867701
16215.2	-0.1420451596337703
16216.9	0.09055075200022959
16218.6	0.2574505115632295
16220.2	-0.12000592905677021
16221.9	-0.2389014724567704
16223.6	-0.1731521908467703
16225.2	-0.08836427035677041
16226.9	-0.3852145774377704
16228.6	-0.21344051935676994
16230.2	-0.51253521345677
16231.9	-0.3375836057567705
16233.6	-0.31713251312677015
16235.2	-0.4795851386667703
16236.9	-0.9161365010567696
16238.6	-0.9971762726667706
16240.2	-1.4497253558667704
16241.9	-0.56413997053677
16243.6	0.48940004704322915
16245.2	1.5635012021732297
16246.9	2.29571660089323
16248.6	2.15441153527323
16250.2	0.7440085054468293
16251.9	-0.2992493688587703
16253.6	-1.3230524311267704
16255.3	-1.1538000670567705
16256.9	-0.4746808765667705
16258.6	-0.08976498309677006
16260.3	-0.24363910531677024
16261.9	-0.6527888568667704
16263.6	-1.6050481948967703
16265.3	-2.0981384946867703
16266.9	-2.14338768330677
16268.6	-1.6176868990667703
16270.3	-0.6681645276597701
16271.9	0.23843400789322977
16273.6	0.5338460727632297
16275.3	0.6278938124732296
16276.9	0.4385947011232296
16278.6	0.12661578948322916
16280.3	-0.3005124944567701
16281.9	-0.9042477251367704
16283.6	-1.6799783920167703
16285.3	-2.42749248482677
16286.9	-3.09035694994677
16288.6	-3.2894222956567702
16290.3	-2.85428845623677
16291.9	-2.0683286282067703
16293.6	-1.1929881393617703
16295.3	-0.5865133266987704
16297.0	-0.6429195256567701
16298.6	-0.6906749413967704
16300.3	-0.5658385693367703
16302.0	-0.2406420058467706
16303.6	0.09883944885322948
16305.3	0.6459523773232295
16307.0	0.7086454247172291
16308.6	0.7637349602232297
16310.3	0.13634539784322974
16312.0	-0.6227544396867705
16313.6	-1.1998801418867702
16315.3	-1.64345599385677
16317.0	-2.46230546718677
16318.6	-2.805997098106771
16320.3	-3.2582800533567697
16322.0	-3.23120781853677
16323.6	-3.14952752325677
16325.3	-2.7045998271267697
16327.0	-1.9819407286367703
16328.6	-0.9409765142267703
16330.3	-0.3613324794267699
16332.0	-0.22996843566877
16333.6	-0.7054798263267701
16335.3	-1.2929119845247699
16337.0	-2.1309800890567696
16338.6	-2.41024451034807
16340.3	-2.6930945527440104
16342.0	-3.0498616481267704
16343.7	-3.3481180726567707
16345.3	-3.6405396787567703
16347.0	-3.7329644279067695
16348.7	-2.8799354648847704
16350.3	-1.6949342924067703
16352.0	-0.5385359451567701
16353.7	0.4829005525232294
16355.3	0.6076014868432297
16357.0	0.2884869263832296
16358.7	0.22018282345322993
16360.3	0.030804515943229527
16362.0	0.09213757260822975
16363.7	0.6205522102232293
16365.3	0.30681974157322944
16367.0	-0.31761438933677033
16368.7	-1.09807968325177
16370.3	-2.05595095938377
16372.0	-2.24872241301677
16373.7	-1.79137992695677
16375.3	-1.6099100311777699
16377.0	-1.4488406737967703
16378.7	-1.0764068309667703
16380.3	-1.1041147757167702
16382.0	-0.6374684842067705
16383.7	-0.12184009935677054
16385.3	-0.018279497126770572
16387.0	-0.03389274926677038
16388.7	-0.3848549872067703
16390.4	-1.3442781140567703
16392.0	-1.5391419159267696
16393.7	-1.8402596054567697
16395.4	-1.5177455702567704
16397.0	-1.1450212235567705
16398.7	-0.6581016542067701
16400.4	-0.7018908198567702
16402.0	-0.4666016468387704
16403.7	-1.0708486434237705
16405.4	-1.0339563375967702
16407.0	-1.2723590978667705
16408.7	-0.8309400078467704
16410.4	-0.3283330497567705
16412.0	0.2811474572732296
16413.7	0.1745550101432297
16415.4	0.1010539182132293
16417.0	-0.6262114373067701
16418.7	-0.8313914134273702
16420.4	-1.02392151189677
16422.0	-0.9362711189967705
16423.7	-0.15352988812677032
16425.4	0.33890550510323003
16427.0	0.8571790698032296
16428.7	0.8784095694632295
16430.4	0.2749690662432298
16432.0	-0.4181890133467702
16433.7	-1.2603411056967706
16435.4	-1.98402873950677
16437.1	-2.3086096947067705
16438.7	-2.42394341970677
16440.4	-1.8225911497667706
16442.1	-0.83564533073677
16443.7	-0.08484031411677032
16445.4	0.5635212221332297
16447.1	0.6130083496632294
16448.7	0.7751218489972296
16450.4	0.31304198146302964
16452.1	-0.2157301862667704
16453.7	-0.4030529658967704
16455.4	-0.7168100557857703
16457.1	-1.2017894170367702
16458.7	-1.4860236764067702
16460.4	-2.3846790075567696
16462.1	-2.5920491838467705
16463.7	-2.55979280621377
16465.4	-2.39013025758777
16467.1	-1.7881916519567702
16468.7	-1.4105552180567704
16470.4	-1.2842975534567704
16472.1	-0.8250233558227702
16473.7	-0.9363553462567703
16475.4	-0.49119510433677005
16477.1	0.22869489774322949
16478.8	0.8118379333332296
16480.4	1.0891406413932292
16482.1	0.7712866074132297
16483.8	-0.26555955273677045
16485.4	-0.7049962184167702
16487.1	-1.3198516212667704
16488.8	-1.0921355098457703
16490.4	-0.7967578489267704
16492.1	-0.5580446925267701
16493.8	-0.8754437860567704
16495.4	-1.4184490503567702
16497.1	-2.49395482736377
16498.8	-2.8990736153247703
16500.4	-2.950772586876769
16502.1	-2.5727501429967705
16503.8	-2.33492428044677
16505.4	-1.76307356185677
16507.1	-1.4379914698967702
16508.8	-1.2671301036667706
16510.4	-1.4446626665387703
16512.1	-1.8041937946217699
16513.8	-1.5830272549297701
16515.4	-1.0673563494867695
16517.1	-0.6217682883967701
16518.8	-0.10754788261677029
16520.4	-0.24832957999677022
16522.1	-0.6410692954367704
16523.8	-0.9892645842867704
16525.5	-1.4678203768567701
16527.1	-1.82904513159677
16528.8	-1.94061510807177
16530.5	-2.2547482001267705
16532.1	-2.0637398014767703
16533.8	-1.6857276812267699
16535.5	-1.14797800788677
16537.1	-0.6252485257267697
16538.8	-0.10472563009677016
16540.5	-0.4062134753107701
16542.1	-0.5584943671927701
16543.8	-0.7024563511567701
16545.5	-0.7945517532767706
16547.1	-1.00688209817777
16548.8	-1.40376287356677
16550.5	-2.1344554306867702
16552.1	-2.8204556113567696
16553.8	-2.9517243877367703
16555.5	-2.9439149266067703
16557.1	-2.24921501465677
16558.8	-1.0838665642157705
16560.5	-0.3612179510467703
16562.1	-0.3658581924567704
16563.8	-0.8866088646567702
16565.5	-2.1995152535657705
16567.1	-2.77188034082177
16568.8	-2.76417498931677
16570.5	-2.4200784793997703
16572.2	-1.6445466544467702
16573.8	-1.22494766198677
16575.5	-1.0249431816867702
16577.2	-1.4918960210567702
16578.8	-1.67031140863677
16580.5	-2.01196469628677
16582.2	-1.5939824301767698
16583.8	-1.19575214046377
16585.5	-0.6731564975767701
16587.2	-0.5966326209687702
16588.8	-0.6224022437857699
16590.5	-1.28987564619677
16592.2	-2.1429071253567704
16593.8	-2.907999616566771
16595.5	-3.05823558396377
16597.2	-2.88000275685677
16598.8	-2.33450905106677
16600.5	-1.5151145602457703
16602.2	-0.3375241837227704
16603.8	0.7738769387382295
16605.5	1.4041612745432295
16607.2	1.4738508491432296
16608.8	1.2226527014532296
16610.5	0.4695322950712295
16612.2	-0.1197365121667705
16613.8	-0.7583062174367702
16615.5	-0.9077552209817701
16617.2	-1.3424448407567704
16618.9	-1.2901179488267702
16620.5	-1.33066236591677
16622.2	-0.8946679462267703
16623.9	-0.8975256152957701
16625.5	-0.8825491789667701
16627.2	-1.3177696973757702
16628.9	-2.00066909294677
16630.5	-2.4815780389567705
16632.2	-2.00946694215677
16633.9	-1.1220678641267703
16635.5	0.012338205773229305
16637.2	0.8101353669032294
16638.9	1.0744723369922293
16640.5	0.5324626778332295
16642.2	-0.5122034477167701
16643.9	-1.9676100004867705
16645.5	-2.8432274296807702
16647.2	-2.9734913204567706
16648.9	-2.75713082051677
16650.5	-2.2446034161267705
16652.2	-1.9645106866867699
16653.9	-2.34629906735677
16655.5	-2.68861178276677
16657.2	-3.3680794213267697
16658.9	-3.49438857537677
16660.6	-3.36822639710677
16662.2	-3.0313937839267697
16663.9	-2.4672747775467707
16665.6	-1.5792441864867701
16667.2	-0.5815690466267699
16668.9	0.8252858357732299
16670.6	1.3549684416832295
16672.2	1.7688116873232298
16673.9	1.4751682001632291
16675.6	0.7642346315532296
16677.2	-0.08412329677677033
16678.9	-0.5159354031407702
16680.6	-1.00335413046677
16682.2	-1.2874307380337702
16683.9	-1.4592952606567704
16685.6	-1.2921603975367706
16687.2	-0.7312115862567704
16688.9	0.25683871525322965
16690.6	0.8987758815332296
16692.2	1.4806110719632297
16693.9	1.3049676713532299
16695.6	0.18420795282322955
16697.2	-1.2112462060467704
16698.9	-2.38506149590677
16700.6	-2.9590069819167706
16702.2	-2.6491798151667703
16703.9	-2.1639326714167697
16705.6	-1.2304246398567702
16707.3	-1.1023462674767703
16708.9	-0.7575474740167703
16710.6	-0.8865235349167699
16712.3	-0.9413423958167701
16713.9	-0.7943946350167704
16715.6	-0.5664720464297707
16717.3	-0.4463290956867706
16718.9	0.1390650269632292
16720.6	-0.05279358875677054
16722.3	-0.1248989880367708
16723.9	-0.28373044948677006
16725.6	-0.8179679873867705
16727.3	-1.1566042422767702
16728.9	-0.9576520633297702
16730.6	-1.15395918611677
16732.3	-1.05105574182677
16733.9	-1.3251920224667706
16735.6	-1.5929647290167706
16737.3	-1.4955879087267703
16738.9	-1.68620698445077
16740.6	-1.9446013419567703
16742.3	-2.11868427955677
16743.9	-2.5685937884967704
16745.6	-2.90663135708677
16747.3	-3.39036586165677
16748.9	-3.1540192115567702
16750.6	-2.53681663238377
16752.3	-1.8229302403367704
16754.0	-1.1026279587667704
16755.6	-0.37696204010677015
16757.3	-0.1054402028267698
16759.0	0.0531901814432294
16760.6	-0.25104992119377023
16762.3	-0.4150985254407702
16764.0	-0.7936021717067707
16765.6	-0.9160343054867701
16767.3	-1.5643737095037702
16769.0	-1.6026155067367702
16770.6	-1.69862660175677
16772.3	-1.3595921702067704
16774.0	-1.0512939315267704
16775.6	-0.9197292762767703
16777.3	-1.55719604409677
16779.0	-2.19732121375677
16780.6	-2.5718022373767706
16782.3	-2.2674339699867705
16784.0	-1.62937905043177
16785.6	-0.6410451915967702
16787.3	-0.2305235316667705
16789.0	-0.20987605244677018
16790.6	-0.6860171109957702
16792.3	-0.9544884984767703
16794.0	-1.0226763044367702
16795.6	-0.4796939628867702
16797.3	-0.20814200086677018
16799.0	0.2882614809112293
16800.7	0.2046401889732297
16802.3	-0.07189670845677039
16804.0	-0.8610289380467705
16805.7	-0.7635383743667701
16807.3	-0.9518594280667703
16809.0	-0.4062262238767702
16810.7	-0.05149004244777039
16812.3	0.1940676895532295
16814.0	-0.16887444352677028
16815.7	-0.3368237104567701
16817.3	-0.5708059844267703
16819.0	-0.09159074405677037
16820.7	0.47232337666322943
16822.3	1.1764781516232294
16824.0	1.5068119806832299
16825.7	1.8341402925132297
16827.3	1.9583273572332298
16829.0	2.379910596096529
16830.7	2.4321605977432292
16832.3	2.3023243738432297
16834.0	1.6131359501432296
16835.7	0.9206535415432295
16837.3	0.41729357138322976
16839.0	-0.2532693891967702
16840.7	-0.7237405712467702
16842.4	-0.7082624710167704
16844.0	-0.9838160475097707
16845.7	-1.40070496682077
16847.4	-1.9957089703967703
16849.0	-2.26874336765677
16850.7	-2.07012810325677
16852.4	-1.7953355740267698
16854.0	-1.12303211254777
16855.7	0.13683539856322968
16857.4	1.3512374025622302
16859.0	2.3728541673732293
16860.7	2.45380764754323
16862.4	2.147407154043229
16864.0	1.08744483869323
16865.7	-0.1709260547867706
16867.4	-1.3851102939377704
16869.0	-1.7132961877367703
16870.7	-1.5841499743567702
16872.4	-1.1232731792467705
16874.0	-1.0110236091967704
16875.7	-1.1035421551567703
16877.4	-1.3646401337967702
16879.0	-1.3190305342167703
16880.7	-1.05085534348677
16882.4	-0.7729083893567701
16884.0	-0.06768940355677039
16885.7	0.09479164030322962
16887.4	0.5949661609432298
16889.1	0.8088490947032297
16890.7	0.7520923446432295
16892.4	0.7221906350092296
16894.1	0.2957182724432301
16895.7	-0.6132768703867703
16897.4	-0.9801032680367704
16899.1	-1.5766757593667702
16900.7	-1.35907525345677
16902.4	-0.45607634229677063
16904.1	0.2111848574732298
16905.7	0.94019363930323
16907.4	0.9183638319132296
16909.1	0.24894580884122974
16910.7	-1.2645967573867702
16912.4	-2.5273687737567703
16914.1	-3.47751456905677
16915.7	-3.60918167745677
16917.4	-2.9957850158567707
16919.1	-1.73547005270677
16920.7	-0.7238121515867704
16922.4	0.6113286673532293
16924.1	1.5270634018732294
16925.7	2.0540012347732297
16927.4	1.8398863774432301
16929.1	0.9778172434732293
16930.7	-0.023540158137770162
16932.4	-0.6345647421867705
16934.1	-1.26140441858677
16935.8	-1.5792188674867706
16937.4	-1.3341406764467705
16939.1	-1.3741917747193708
16940.8	-1.5840166923367702
16942.4	-1.7840570608067698
16944.1	-1.8755919712667704
16945.8	-1.58738917094677
16947.4	-1.6587132592277707
16949.1	-1.59650412937677
16950.8	-1.3682144435167702
16952.4	-1.20136810657677
16954.1	-1.2972100214767703
16955.8	-1.4647634159467702
16957.4	-1.73452888582677
16959.1	-1.7428558801267704
16960.8	-1.9010326652267702
16962.4	-1.56382647435677
16964.1	-1.3306011439567706
16965.8	-0.80074610591677
16967.4	-0.7470017579767702
16969.1	-0.7430491299067705
16970.8	-0.6713811640667703
16972.4	-0.4049798419967703
16974.1	-0.11892309428677039
16975.8	0.68267015460323
16977.4	1.1021568782432303
16979.1	1.3664426671232297
16980.8	1.0358606886132302
16982.5	0.10240329144322913
16984.1	-0.7081287865867703
16985.8	-1.43592395236677
16987.5	-2.3547451758567703
16989.1	-2.6307111096767706
16990.8	-2.8534084913547706
16992.5	-3.0012480621367703
16994.1	-2.63635258818477
16995.8	-2.4909888324567704
16997.5	-2.2878450856567705
16999.1	-2.0797282617267703
17000.8	-2.28718524197477
17002.5	-1.7024050205267702
17004.1	-0.8833137092077706
17005.8	-0.4859653576367703
17007.5	-0.10095062422677037
17009.1	-0.2788974477967703
17010.8	-0.7981829824567701
17012.5	-1.2604791040667704
17014.1	-1.8611662250927699
17015.8	-2.1950718822467694
17017.5	-2.2560245770867695
17019.1	-2.49471953550277
17020.8	-2.5355016028867707
17022.5	-1.8715846511167702
17024.2	-1.1497105665067704
17025.8	-0.6570475963567703
17027.5	-0.5571732869367702
17029.2	-0.4899273505267704
17030.8	-0.5756443078667703
17032.5	-0.1347105454767702
17034.2	-0.06201601695677017
17035.8	0.15393962643322978
17037.5	0.05128049695322967
17039.2	-0.6918524509367705
17040.8	-1.64567886595677
17042.5	-1.9895535925967702
17044.2	-2.29507983728677
17045.8	-1.98227898084677
17047.5	-1.8464218903967702
17049.2	-1.3908212900067705
17050.8	-0.9520610810267703
17052.5	-0.7228432133667704
17054.2	-0.7406895355367701
17055.8	-0.8249590249877704
17057.5	-1.43638442151677
17059.2	-2.27766792670677
17060.8	-3.63449748251677
17062.5	-4.168968112416771
17064.2	-4.343899365786769
17065.8	-3.8642140339967694
17067.5	-2.5910647918567706
17069.2	-1.2023967562267694
17070.9	0.04424895360422987
17072.5	1.1325221410732296
17074.2	1.17655932539323
17075.9	1.0363842763062294
17077.5	0.6536554469032299
17079.2	0.013171415053229607
17080.9	0.10167499203322972
17082.5	0.5192952867732297
17084.2	0.9265617060132297
17085.9	1.4624603892742303
17087.5	1.00996451882323
17089.2	0.57593455286323
17090.9	-0.046094757855770094
17092.5	-0.14472987860677022
17094.2	-0.1784197951767703
17095.9	-0.17310140412677022
17097.5	-0.4015956137367703
17099.2	-0.7508459253467702
17100.9	-1.2073576790867706
17102.5	-1.0084961594767705
17104.2	-0.6929659928567702
17105.9	-0.042758712046770064
17107.5	0.6346906309832299
17109.2	1.0585680512432298
17110.9	1.4384844961032293
17112.5	1.7385482977032298
17114.2	2.0007663250432293
17115.9	1.55294994702323
17117.6	0.9778818495332294
17119.2	0.04285725880322977
17120.9	-0.3297746526067703
17122.6	-0.3433788353256703
17124.2	-0.4737949553167705
17125.9	-0.4403650067567703
17127.6	-0.2996943455567704
17129.2	-0.5010068771767703
17130.9	-0.4155874662067705
17132.6	-0.4571845214967706
17134.2	-0.4875930744667704
17135.9	-0.5204605660527704
17137.6	-0.9139834216567699
17139.2	-0.7667301119367701
17140.9	-0.5844144067867703
17142.6	0.08851727552322941
17144.2	0.6632832339432296
17145.9	0.8307718630532294
17147.6	0.3921640616032296
17149.2	0.1981354574632298
17150.9	-0.31905723778677053
17152.6	0.010979789413229746
17154.2	-0.0377279554567701
17155.9	0.22156447270322943
17157.6	-0.13748339864677034
17159.2	-0.4144358046667702
17160.9	-1.0210843442127702
17162.6	-1.0954929384417702
17164.3	-1.01531284942677
17165.9	-0.6833223576267703
17167.6	-0.6504549072367702
17169.3	-0.7754639437367703
17170.9	-1.7045282371667703
17172.6	-2.19720052417677
17174.3	-2.7186415340367702
17175.9	-3.0880528428967704
17177.6	-2.8764512180967694
17179.3	-2.46324895959277
17180.9	-2.0434470726367704
17182.6	-1.5606268995267696
17184.3	-1.68820440691677
17185.9	-1.6991023199567703
17187.6	-2.37457706480677
17189.3	-3.123464263256771
17190.9	-3.5951481173267696
17192.6	-3.54532737185677
17194.3	-3.18120264805677
17195.9	-2.47574387904677
17197.6	-2.2114239417217703
17199.3	-1.95039051386677
17200.9	-1.90930402383677
17202.6	-1.7650506981367704
17204.3	-0.9112742520667705
17206.0	-0.2860646783267702
17207.6	0.2777879517832297
17209.3	0.41399764421322927
17211.0	0.18333785586322993
17212.6	-0.5072249342667701
17214.3	-0.8709828327867704
17216.0	-0.7894151315467703
17217.6	-0.2396622753657702
17219.3	0.3957144018382294
17221.0	0.7120237088832297
17222.6	0.6997732338032299
17224.3	0.8446547727602294
17226.0	0.7252056660432298
17227.6	0.07148954961322962
17229.3	0.048860102443230025
17231.0	-0.40928503133676974
17232.6	-0.33162575164677033
17234.3	-0.55602654433677
17236.0	-0.5498290696367704
17237.6	-0.3910601792957704
17239.3	-0.3855333132567701
17241.0	-1.06110453174677
17242.6	-1.6307074194567701
17244.3	-2.37716570308677
17246.0	-2.3764317884967703
17247.6	-2.3240924545667703
17249.3	-2.0781167209767704
17251.0	-1.7969585401567703
17252.7	-1.88645203978977
17254.3	-2.0083745894367704
17256.0	-1.8021895036267703
17257.7	-1.6960132213067705
17259.3	-1.2432502636877703
17261.0	-0.9131446010267698
17262.7	-1.4709050239267705
17264.3	-2.57620955762677
17266.0	-3.5933628157567705
17267.7	-3.78051924216677
17269.3	-3.1783250383267703
17271.0	-2.1004874756567706
17272.7	-1.1306233725367703
17274.3	-0.02707779257877041
17276.0	0.24151006014422927
17277.7	-0.3182821348547701
17279.3	-1.0613755040267705
17281.0	-1.04242591162677
17282.7	-0.9664813886267702
17284.3	-0.5959528093067703
17286.0	-0.03674848439677025
17287.7	0.4805823260432298
17289.3	0.6684593909132299
17291.0	0.40132287954322954
17292.7	-0.4843637013467702
17294.3	-1.07470748665677
17296.0	-1.3820743945467708
17297.7	-1.6456303271797699
17299.4	-1.4424439597567698
17301.0	-1.4837790578567704
17302.7	-1.9763772938167703
17304.4	-2.18721606696677
17306.0	-2.98407812617677
17307.7	-2.91623149814677
17309.4	-2.55701671038777
17311.0	-1.42577717017677
17312.7	-0.5551601646767705
17314.4	-0.25407007404676973
17316.0	-0.5905076689067701
17317.7	-0.8373046400667705
17319.4	-1.3420020123867706
17321.0	-1.2634698435667702
17322.7	-1.2404286606767698
17324.4	-0.6025581826267706
17326.0	-0.15899864627677007
17327.7	-0.16613181662677046
17329.4	-0.10104855450076977
17331.0	-0.1518035927267707
17332.7	0.3619167898932296
17334.4	1.064655880023229
17336.0	1.6005012533432297
17337.7	2.0435380127932294
17339.4	1.5472887651552298
17341.0	0.59841656282223
17342.7	0.015663657883229654
17344.4	-0.5958164794467706
17346.1	-0.6783996522567703
17347.7	-0.5656091783857702
17349.4	-0.8984398773457701
17351.1	-1.21652951266677
17352.7	-1.6554917273567702
17354.4	-1.8782092345367702
17356.1	-1.3842539225567703
17357.7	-1.3404524027567701
17359.4	-1.1591441607867696
17361.1	-1.146551749956771
17362.7	-1.1139216077067702
17364.4	-1.0740873870367702
17366.1	-1.0159355527867706
17367.7	-1.28678460479677
17369.4	-1.7032186133767702
17371.1	-2.27762575521377
17372.7	-2.7750015210667702
17374.4	-3.05354964175977
17376.1	-2.73637451346677
17377.7	-2.30062440095677
17379.4	-1.4782670531267699
17381.1	-0.6848446083567705
17382.7	-0.5529935907367705
17384.4	-0.4370668709967703
17386.1	-0.3502737919167704
17387.8	-0.74340308594677
17389.4	-0.3537976164467704
17391.1	0.0035175734632298047
17392.8	0.3706143232432294
17394.4	0.2664384737432301
17396.1	-0.365903371406771
17397.8	-1.20280455711677
17399.4	-1.7416317926367704
17401.1	-2.7291963404367703
17402.8	-2.7018834311467703
17404.4	-2.72332622813677
17406.1	-1.2936478500467703
17407.8	-0.3022189828567702
17409.4	1.1159399438732298
17411.1	1.55180147383523
17412.8	1.4954465158032297
17414.4	0.47497534478122905
17416.1	-0.2833354845567704
17417.8	-1.3517861297567704
17419.4	-0.9222597422567702
17421.1	-0.8704364301887704
17422.8	-0.30343581385677026
17424.4	-0.4406243736267705
17426.1	-0.6034171287858702
17427.8	-0.5753090042767702
17429.4	-0.5979428986467702
17431.1	-0.8323350272567702
17432.8	-0.42445378630677033
17434.5	-0.6074315157267703
17436.1	-0.8273230534767698
17437.8	-1.6027848631977704
17439.5	-1.91774544775677
17441.1	-1.8907705957767706
17442.8	-1.78511981594677
17444.5	-1.9076448922567701
17446.1	-1.60811333963677
17447.8	-1.571040793956771
17449.5	-0.9839594671567704
17451.1	-0.6627623403567705
17452.8	-0.10840591505677022
17454.5	0.2678136130332305
17456.1	-0.22598037053677045
17457.8	-0.7800872470567697
17459.5	-0.8950661581567707
17461.1	-0.6775402440567708
17462.8	0.14603290676322978
17464.5	0.8036289690532293
17466.1	0.9418609390612297
17467.8	0.6093729083432294
17469.5	-0.24389826795677028
17471.1	-0.9502086769567704
17472.8	-1.3104632751467702
17474.5	-1.7790240311467698
17476.1	-1.8014524563867702
17477.8	-2.0499409753867703
17479.5	-2.5937100577167707
17481.2	-2.7518019266067704
17482.8	-2.88104993046777
17484.5	-2.314743909596771
17486.2	-1.43985741704677
17487.8	-1.09202075826677
17489.5	-0.4821683073267702
17491.2	-0.2970706945567701
17492.8	-0.8000155964567703
17494.5	-0.73438544330677
17496.2	-0.7645046899067701
17497.8	-0.8669010360967704
17499.5	-0.7598359298467706
17501.2	-0.5175112071467703
17502.8	-0.39609369579577014
17504.5	-0.2015362468567704
17506.2	-0.4959995305077698
17507.8	-1.6073933699667706
17509.5	-2.6878829844657703
17511.2	-3.97735104793077
17512.8	-4.650221150206771
17514.5	-4.353910919296769
17516.2	-3.494605167976771
17517.8	-2.91367549114677
17519.5	-2.3752530193867702
17521.2	-2.93513061245677
17522.8	-3.5215827257757697
17524.5	-4.0997983009267704
17526.2	-4.16368877415677
17527.9	-4.230255407656769
17529.5	-3.57368131755677
17531.2	-3.42431092316677
17532.9	-3.1837496039067705
17534.5	-3.1957643332467702
17536.2	-3.1460926094967707
17537.9	-2.96626065981677
17539.5	-2.19274823763677
17541.2	-1.8127967722967702
17542.9	-0.5899984477567701
17544.5	-0.2532046160697703
17546.2	0.13857052848322982
17547.9	-0.0347942504567701
17549.5	-0.28663290315677037
17551.2	-0.7354829566767702
17552.9	-0.6955425786687701
17554.5	-0.6908827851567702
17556.2	0.029554063353229743
17557.9	-0.24686711442677028
17559.5	-0.6295220802567704
17561.2	-1.5162508098567704
17562.9	-2.1133543376267703
17564.5	-2.40781325849677
17566.2	-1.6662526071077703
17567.9	-0.9650011312567703
17569.6	-0.3425879201667702
17571.2	-0.4944128366267702
17572.9	-1.3943348142767704
17574.6	-2.4649690302767704
17576.2	-3.18606480710477
17577.9	-3.35396482535677
17579.6	-3.04544461721677
17581.2	-2.75351815247877
17582.9	-2.4883971624467702
17584.6	-2.39075356963677
17586.2	-2.4890895039667704
17587.9	-2.2903107419687707
17589.6	-2.0664878439567707
17591.2	-1.5604676216567699
17592.9	-0.8998345233367702
17594.6	-0.67744598271677
17596.2	0.22949525464322912
17597.9	0.6341249257432294
17599.6	0.7762915758832294
17601.2	0.9746619303122299
17602.9	0.7999293238532298
17604.6	0.4106247402832297
17606.2	0.29066005711322973
17607.9	-0.15694579919577029
17609.6	-0.0023351985667705577
17611.2	-0.6341719113467698
17612.9	-1.1892619975367706
17614.6	-1.4241528190967698
17616.3	-1.10782452348877
17617.9	-0.024144585576770794
17619.6	1.1040793811332295
17621.3	1.7190234395322288
17622.9	2.19315100767323
17624.6	1.3819136505232292
17626.3	0.3806288632532296
17627.9	-0.6444595744967702
17629.6	-1.08331075696677
17631.3	-0.7361431277867703
17632.9	-0.26025450683077045
17634.6	-0.30763085224677067
17636.3	-0.047830811706770504
17637.9	-0.7067724599127704
17639.6	-1.7490980655967703
17641.3	-2.6231791870167696
17642.9	-3.4341960298467695
17644.6	-3.4185125597967705
17646.3	-2.9046718535067706
17647.9	-2.7767368090567697
17649.6	-2.13771279020677
17651.3	-2.0381687542567697
17652.9	-1.99666031724677
17654.6	-1.8451892555787701
17656.3	-1.3625187417067706
17657.9	-0.6826436265167705
17659.6	-0.38520766600677037
17661.3	-0.6165926140567705
17663.0	-0.9192835322247702
17664.6	-1.7947210786167704
17666.3	-2.18968658222677
17668.0	-2.2487547707827695
17669.6	-1.7354734496667703
17671.3	-1.19786186864677
17673.0	-0.6877776810767708
17674.6	-0.6995733095267703
17676.3	-0.7980019134067702
17678.0	-1.0240479452367701
17679.6	-1.2689320568867704
17681.3	-1.3296225195867701
17683.0	-1.2189336888567706
17684.6	-1.4452322449567703
17686.3	-1.2716015928267705
17688.0	-1.2812377683567702
17689.6	-1.7399235203567698
17691.3	-2.21561285468677
17693.0	-2.45800852475677
17694.6	-2.51064550552677
17696.3	-1.8499599012167698
17698.0	-1.1651839483117699
17699.6	-0.9012482305767707
17701.3	-1.0479406875367698
17703.0	-1.81505772765677
17704.6	-3.11438788963677
17706.3	-3.47320237464677
17708.0	-3.33280300660677
17709.7	-2.6470390934967702
17711.3	-1.6513890951767705
17713.0	-0.9988249782067702
17714.7	0.005934441103229715
17716.3	1.1856359228332294
17718.0	1.8385556321532293
17719.7	2.5593233563832305
17721.3	2.73246856824323
17723.0	2.48780493624323
17724.7	2.2813630547032306
17726.3	2.2221635427785396
17728.0	2.0969783318432302
17729.7	2.1171615915932294
17731.3	1.6157444300532295
17733.0	1.2187481742102297
17734.7	0.4921399781832297
17736.3	-0.2659607870667702
17738.0	-1.1683862349467702
17739.7	-1.5958541658767702
17741.3	-2.0160993239467704
17743.0	-2.1232771811467703
17744.7	-1.9807200295667702
17746.3	-1.7520933753067705
17748.0	-1.2256417900867702
17749.7	-0.8519622162467702
17751.4	-0.8211316403067702
17753.0	-0.6663159974767705
17754.7	-0.8982802965667701
17756.4	-1.5501049026867704
17758.0	-2.40442787942377
17759.7	-2.82634705895677
17761.4	-2.73089074726477
17763.0	-1.9004964831767697
17764.7	-1.0879173962267699
17766.4	-0.1652847173067704
17768.0	0.4355064298832297
17769.7	0.6106132861472298
17771.4	-0.08310364190677055
17773.0	-0.5299286956367704
17774.7	-1.18850238053477
17776.4	-1.56281215068677
17778.0	-1.8372994165167702
17779.7	-1.0818103370817704
17781.4	-0.6508405407867706
17783.0	0.3997603354192296
17784.7	0.9821233051732293
17786.4	1.2303621395732296
17788.0	1.3287895895732293
17789.7	1.3064924532632294
17791.4	0.5969841171432297
17793.0	0.2684760956432297
17794.7	-1.20580949121677
17796.4	-2.22868037447677
17798.1	-3.2216600868567693
17799.7	-3.2237838626067705
17801.4	-2.4524827590767697
17803.1	-0.6960392630567702
17804.7	0.9608606985232299
17806.4	2.19013798512323
17808.1	2.1466757117532294
17809.7	1.7158814161236604
17811.4	0.8401269739632299
17813.1	-0.23852191448677063
17814.7	-1.1760352959167704
17816.4	-1.7491164334567704
17818.1	-2.38688428135677
17819.7	-2.4040329836567707
17821.4	-1.9570989922067699
17823.1	-1.3752588601367701
17824.7	-0.6552344658567699
17826.4	-0.48141429416677023
17828.1	-0.3887918649367701
17829.7	0.3089214493832295
17831.4	1.3653818546132293
17833.1	2.6900361478432293
17834.7	3.259712566343228
17836.4	2.8088835246532287
17838.1	1.8100412863432302
17839.7	0.6978590161532298
17841.4	-0.1300581235467705
17843.1	-0.2832017559067705
17844.8	0.23094775632722986
17846.4	0.46882419003322984
17848.1	0.23721545554322998
17849.8	-0.6296370942867703
17851.4	-1.32018210175677
17853.1	-1.38392320655677
17854.8	-1.3848195799557703
17856.4	-1.1885968261767705
17858.1	-0.5730438839667702
17859.8	-0.40719150033677015
17861.4	-0.6302104605767703
17863.1	-0.9363466244927702
17864.8	-1.56616158604677
17866.4	-1.1623460875467702
17868.1	-0.67540903724677
17869.8	-0.2201778547767703
17871.4	0.35740220914322984
17873.1	0.7015338100832297
17874.8	0.4289792416203295
17876.4	-0.0610549479967708
17878.1	-0.7887272533367704
17879.8	-1.3856573649267703
17881.4	-1.3554352189367702
17883.1	-1.31667825842677
17884.8	-0.9265436296267703
17886.4	-0.5558111823867701
17888.1	-0.8056713918767704
17889.8	-1.6950501594597704
17891.5	-2.84504172707677
17893.1	-3.9161041074767704
17894.8	-4.37231645792677
17896.5	-4.05275099349677
17898.1	-3.3026543438167697
17899.8	-2.20003443243677
17901.5	-1.2595916134567702
17903.1	-0.7244719506967703
17904.8	-0.9516373732167702
17906.5	-1.2530852647167703
17908.1	-1.5183915249067703
17909.8	-1.44474307606877
17911.5	-1.3199137389397704
17913.1	-0.95657223603677
17914.8	-1.4817317649067694
17916.5	-2.1102511145067706
17918.1	-2.9247938081267693
17919.8	-3.7680864463567705
17921.5	-3.39098915205677
17923.1	-2.07672511781677
17924.8	-1.0985742447367701
17926.5	-0.038782172346770505
17928.1	-0.08546797935677075
17929.8	-0.8072610483567704
17931.5	-1.4068091509097698
17933.2	-2.292788365551769
17934.8	-2.700104985236771
17936.5	-2.27439893757677
17938.2	-1.7638967066567703
17939.8	-1.26445203894677
17941.5	-0.5446215378667703
17943.2	-0.2790276194997703
17944.8	-0.5604417201067703
17946.5	-0.5892191473567704
17948.2	-0.3188350586567701
17949.8	0.20964234259322967
17951.5	0.6378967241032297
17953.2	1.0471773905332296
17954.8	0.8557177182632301
17956.5	0.6748179008532296
17958.2	0.03528426013322927
17959.8	-0.52536506681677
17961.5	-0.7531624212867699
17963.2	-1.178484922116771
17964.8	-1.6467336313667702
17966.5	-1.5306509949817702
17968.2	-1.6473271082567698
17969.8	-1.26562699375677
17971.5	-0.75405298335677
17973.2	-0.5176581101367702
17974.8	-0.2205521700337703
17976.5	-0.41247955622677007
17978.2	-0.8798239498267699
17979.9	-1.52116737496677
17981.5	-2.6035163879467698
17983.2	-3.77524738532677
17984.9	-4.5807490067487695
17986.5	-4.88483520618677
17988.2	-3.97205662985577
17989.9	-2.54051543096677
17991.5	-1.3485903815567701
17993.2	-0.7071708305307702
17994.9	-0.6977758981167703
17996.5	-1.73645317645677
17998.2	-2.94777916859977
17999.9	-3.3394920929667706
18001.5	-3.315109887156771
18003.2	-2.73373421416477
18004.9	-2.4943706874087703
18006.5	-2.27554564015677
18008.2	-1.84941881448677
18009.9	-1.2603999381967705
18011.5	-1.12659435891677
18013.2	-0.7264294829567705
18014.9	-1.0799840742467701
18016.5	-1.43802209562677
18018.2	-1.82686771943677
18019.9	-1.7423935523467702
18021.5	-1.2717286508467702
18023.2	-0.3257524403167701
18024.9	-0.16219362113677022
18026.6	-0.011158156037770206
18028.2	-0.5119131434567699
18029.9	-0.5924401030067706
18031.6	-1.0483512819667704
18033.2	-1.0873746686167705
18034.9	-1.8659764855897703
18036.6	-2.09347155739677
18038.2	-3.05743306645677
18039.9	-3.41428733637677
18041.6	-3.6435294095257698
18043.2	-2.520767185706771
18044.9	-2.04148279161677
18046.6	-0.8686170712567705
18048.2	-0.29909730798677026
18049.9	0.37948191021322997
18051.6	0.5910096330532303
18053.2	0.5553865186932295
18054.9	-0.1096169173867701
18056.6	-0.7639809378467699
18058.2	-1.3733593647067701
18059.9	-1.5482017924967706
18061.6	-1.6396971422207702
18063.2	-1.1530403467567703
18064.9	-0.9932293516597704
18066.6	-1.0946616675567702
18068.2	-0.9979658206747704
18069.9	-0.7839451558567702
18071.6	-0.5287202595367704
18073.3	0.035593925123229675
18074.9	-0.07975172535677055
18076.6	-0.3883617317667704
18078.3	-1.0624104642867702
18079.9	-2.22293594951677
18081.6	-3.19276075847677
18083.3	-3.6738081406667695
18084.9	-3.76239399905677
18086.6	-3.2340152338567707
18088.3	-2.73386506287677
18089.9	-2.34709614154677
18091.6	-2.68022464461677
18093.3	-3.515322193096771
18094.9	-3.9291133959367706
18096.6	-3.87299732725677
18098.3	-3.51192390672677
18099.9	-2.8706537536667702
18101.6	-2.85660282351277
18103.3	-2.85043671917677
18104.9	-2.86810172275677
18106.6	-2.2934508357567704
18108.3	-2.00962607825677
18109.9	-1.75515504936177
18111.6	-2.08139072529677
18113.3	-2.42294027327677
18115.0	-2.6449307622137708
18116.6	-2.39767924889677
18118.3	-2.0071333962867706
18120.0	-0.8494375086867703
18121.6	-0.66544451265677
18123.3	-0.6015431879347707
18125.0	-0.5890186022867705
18126.6	-0.4711468125267702
18128.3	-0.96386057070677
18130.0	-1.13245687580677
18131.6	-1.8631765591567704
18133.3	-2.35375508308677
18135.0	-2.16755875554677
18136.6	-1.8150056049967707
18138.3	-1.3019827476767702
18140.0	0.0427641619732296
18141.6	0.0023176129479297036
18143.3	0.32498471194322986
18145.0	0.25500951542322964
18146.6	-0.72113603063677
18148.3	-1.0921712861667703
18150.0	-1.9356727204567703
18151.6	-2.48570802558677
18153.3	-2.42408008141677
18155.0	-1.8769740425967698
18156.6	-0.7384251334567706
18158.3	-0.0515827380567703
18160.0	0.49379305448322963
18161.7	1.2189710845322295
18163.3	1.1553979963432295
18165.0	1.5050457365532295
18166.7	0.8984347642471299
18168.3	0.4938164715432293
18170.0	0.2182548146532296
18171.7	-0.9015849144567699
18173.3	-1.4263737566267705
18175.0	-1.6198859602567701
18176.7	-1.9585143305167696
18178.3	-1.9339368896317701
18180.0	-2.2092889955667703
18181.7	-1.80735227961677
18183.3	-1.3510401079867704
18185.0	-1.2950629114367702
18186.7	-1.3736801679467705
18188.3	-1.1021760423067701
18190.0	-0.9747601815867699
18191.7	-1.1789228707167705
18193.3	-1.3378043864567706
18195.0	-1.39870321209877
18196.7	-1.83781502415677
18198.3	-2.3398719158567696
18200.0	-2.80380808971677
18201.7	-3.2282659779467706
18203.3	-2.73364199796677
18205.0	-2.3907558344767708
18206.7	-1.2385001277167702
18208.4	-0.07160318912677033
18210.0	0.8621543148532297
18211.7	1.1228291817832297
18213.4	0.9962923521432294
18215.0	0.28504460086322964
18216.7	0.06178008745322951
18218.4	0.37656976736322983
18220.0	0.6442268066522294
18221.7	0.6868585974702298
18223.4	0.11481518212722963
18225.0	-0.8369117267567702
18226.7	-1.65723848176277
18228.4	-2.17955211903677
18230.0	-2.5301036893467703
18231.7	-2.0006773923467702
18233.4	-1.8028196339667701
18235.0	-1.3973748075867705
18236.7	-0.78522202559677
18238.4	-0.1543336048467705
18240.0	0.3826147142732297
18241.7	0.2904209364832298
18243.4	-0.3932708744567702
18245.0	-1.08721744115677
18246.7	-1.26063827482677
18248.4	-0.6074870640837704
18250.0	0.24600218541322993
18251.7	0.6347880504032294
18253.4	0.8721166707432293
18255.1	0.13860725572322985
18256.7	-1.00985308088677
18258.4	-1.6618233628067702
18260.1	-1.8398328620267705
18261.7	-1.7819883132167702
18263.4	-1.5860977967477703
18265.1	-2.0848165263367697
18266.7	-2.22344535752677
18268.4	-1.5890656894267705
18270.1	-1.2424696175977703
18271.7	0.10232288446322946
18273.4	1.3583272279432297
18275.1	1.3332969178832301
18276.7	0.5432827412432297
18278.4	-0.6897546630967699
18280.1	-1.8648738150567703
18281.7	-2.15903346945677
18283.4	-1.8892911406567703
18285.1	-1.8766507815997704
18286.7	-1.48322677116677
18288.4	-1.56798555953677
18290.1	-1.59630022665677
18291.7	-1.0946094126767703
18293.4	-0.5790417688767704
18295.1	-0.7164687380767703
18296.8	-0.965853009356771
18298.4	-2.5786135459367703
18300.1	-3.8660346203067704
18301.8	-4.73793731251677
18303.4	-5.11958279171677
18305.1	-4.77895059216677
18306.8	-4.562348174476769
18308.4	-4.324745601876771
18310.1	-4.116641194056769
18311.8	-3.90220629004677
18313.4	-3.0739050606397695
18315.1	-1.4433906439767705
18316.8	-0.2499462767467705
18318.4	0.7933256501232295
18320.1	1.2373676933432296
18321.8	0.5899057118832297
18323.4	-0.16447180463677022
18325.1	-0.8544645961467701
18326.8	-1.46468650265677
18328.4	-1.0277660081467703
18330.1	-0.058002089116770406
18331.8	0.8586749021532297
18333.4	1.6504999218332297
18335.1	1.5518144277432295
18336.8	0.9964925927932297
18338.4	-0.2631858976667705
18340.1	-2.02340776845677
18341.8	-3.1766599045267707
18343.5	-3.34702540615677
18345.1	-3.036982755026771
18346.8	-2.7996461717367707
18348.5	-2.5464036548457702
18350.1	-2.0683555719067703
18351.8	-2.09495701395677
18353.5	-2.1142806054067704
18355.1	-1.6560943838467697
18356.8	-1.0113241808767701
18358.5	-0.4470202383897699
18360.1	-0.6322126439477704
18361.8	-1.03262579015677
18363.5	-0.9749647654567706
18365.1	-0.7190603909667701
18366.8	-0.3207986761467706
18368.5	-0.23600504290677027
18370.1	-0.2183324715387705
18371.8	-0.3390856920967702
18373.5	-0.3365181024967705
18375.1	-0.041059930376770304
18376.8	0.2656301907032296
18378.5	0.8738632839432299
18380.1	0.7359570495432297
18381.8	-0.24758337495177019
18383.5	-1.0869841895467705
18385.1	-1.8516970257267702
18386.8	-2.0000037091767697
18388.5	-2.0370719312567704
18390.2	-2.09524988385677
18391.8	-2.4087349788567702
18393.5	-3.01644749528677
18395.2	-3.83471890878677
18396.8	-3.87629498715677
18398.5	-3.61047079453677
18400.2	-2.38042581766677
18401.8	-1.98501676100677
18403.5	-1.43757074910677
18405.2	-1.6296788724167701
18406.8	-1.5306689680007706
18408.5	-1.7074849912967704
18410.2	-0.7855953518887705
18411.8	-0.2511385774367704
18413.5	1.3225646736752295
18415.2	1.7508612195842304
18416.8	2.2105171041632303
18418.5	1.6532214859532304
18420.2	0.8325919608832293
18421.8	0.21679886319322983
18423.5	0.0879972490282297
18425.2	0.4136083108885298
18426.8	1.3205474290832302
18428.5	1.5133678650432294
18430.2	1.3682399880432294
18431.8	0.21055595269322946
18433.5	-1.5049245997267702
18435.2	-2.9554455981167695
18436.9	-4.11200681655677
18438.5	-4.43919211887677
18440.2	-3.7324215350667704
18441.9	-2.4746841219667703
18443.5	-0.9890566508967706
18445.2	-0.20163343796677036
18446.9	0.40643928351322933
18448.5	0.17659280404322952
18450.2	0.13745032699322945
18451.9	-0.41250982335677033
18453.5	-0.47786893026677024
18455.2	-1.2594315209067701
18456.9	-1.8904963910077706
18458.5	-2.74857193776677
18460.2	-2.9477570518807696
18461.9	-2.9272662341867703
18463.5	-1.9073391842567704
18465.2	-1.1801356062567705
18466.9	-0.3963096201767706
18468.5	0.05843382100322925
18470.2	0.4413087472132292
18471.9	0.5145031289332296
18473.5	0.6207163039332295
18475.2	0.2478704854632298
18476.9	0.22081428004323
18478.6	-0.05597628167677032
18480.2	-0.6768976128837702
18481.9	-0.9565245069317705
18483.6	-0.9709960820147703
18485.2	-0.9418528098567704
18486.9	-1.0041045375887703
18488.6	-1.4967258478667702
18490.2	-1.8683188140267704
18491.9	-3.0099574962367703
18493.6	-3.85547927127677
18495.2	-3.86570110286677
18496.9	-3.11017312785677
18498.6	-2.0393409034667704
18500.2	-1.1014563343567698
18501.9	-0.81295704243677
18503.6	-0.71033329570577
18505.2	-1.0158401424567702
18506.9	-1.48086677975677
18508.6	-1.7115058290567702
18510.2	-1.8249088041367698
18511.9	-2.3850564982147695
18513.6	-2.79514984737677
18515.2	-3.3393257998367707
18516.9	-2.9221022353167703
18518.6	-2.65204104260477
18520.2	-2.3342375478567705
18521.9	-2.4463972399060703
18523.6	-2.45544293053677
18525.3	-2.3250812393367704
18526.9	-1.5459589972367702
18528.6	-1.2530176009867702
18530.3	-0.31932470055677076
18531.9	-0.17858242015677028
18533.6	-0.04612728652677078
18535.3	-0.4574923220667703
18536.9	-0.38737553546677
18538.6	-0.5275859211467703
18540.3	-0.4083873860667705
18541.9	-0.56471990730677
18543.6	-0.22620095319577094
18545.3	-0.1313329039467701
18546.9	0.010665228683229833
18548.6	-0.4248492645867702
18550.3	-0.9682954014867702
18551.9	-1.4699680359967697
18553.6	-1.6141832838567705
18555.3	-1.5155439144467704
18556.9	-0.44647124393677085
18558.6	0.46013906949322947
18560.3	0.2507833349732298
18561.9	-0.18041182335677053
18563.6	-0.5736701853567703
18565.3	-0.6591931371467704
18566.9	-0.5540902644627702
18568.6	-0.62462321569677
18570.3	-0.8215757358867705
18572.0	-0.7596377517867704
18573.6	-0.7829822273267706
18575.3	-0.8540333663867705
18577.0	-0.1626817007767707
18578.6	0.3689479692932296
18580.3	0.2893459221632293
18582.0	-0.07638525693677001
18583.6	-1.0252609405287705
18585.3	-1.8165915677067703
18587.0	-2.4646182309467703
18588.6	-3.479910896196771
18590.3	-4.586444552766769
18592.0	-4.808691761133771
18593.6	-4.693748636706769
18595.3	-4.04818512420677
18597.0	-3.27797256567677
18598.6	-2.73911722731677
18600.3	-2.2429699177867697
18602.0	-1.67868994870677
18603.6	-1.86218037493677
18605.3	-1.8635278551867702
18607.0	-1.4835882745467701
18608.6	-1.6638827577467699
18610.3	-1.2821200135767699
18612.0	-0.9482190163067705
18613.6	-0.7533976515967696
18615.3	-0.19757484413677018
18617.0	0.3094994795652297
18618.7	0.02000490182222925
18620.3	0.5531917581462293
18622.0	0.27182229493322896
18623.7	-0.06768097067677026
18625.3	-0.2373610579567702
18627.0	-0.34569563195677044
18628.7	-0.7549209945667708
18630.3	-0.7996354716387706
18632.0	-1.3352424965267704
18633.7	-1.5073071626567698
18635.3	-1.9310956460667699
18637.0	-2.0112851676467702
18638.7	-1.8867326922277703
18640.3	-1.0354642634107702
18642.0	-0.6139609215567705
18643.7	-0.4782591312867703
18645.3	-0.4603777875067703
18647.0	-0.4668023541567701
18648.7	-0.9994599161237707
18650.3	-1.7023801483567702
18652.0	-2.71638815205677
18653.7	-3.9041938263567704
18655.3	-4.652826230066769
18657.0	-4.96975667072677
18658.7	-4.23037190293677
18660.4	-3.3477605133567696
18662.0	-1.74963907951677
18663.7	-0.8668962335067706
18665.4	-0.7562596726667704
18667.0	-1.30587388386677
18668.7	-2.22970572296677
18670.4	-3.15800764521377
18672.0	-3.301491109044771
18673.7	-3.37988268260677
18675.4	-2.4180984284067697
18677.0	-1.3323607070767705
18678.7	-0.8198523489677702
18680.4	-0.7493760027877703
18682.0	-1.3595076509667705
18683.7	-1.6340423295067703
18685.4	-2.2003793005069707
18687.0	-1.921329387810471
18688.7	-1.2986963068567703
18690.4	-0.9031240951567703
18692.0	-0.8014305270967703
18693.7	-0.29151606885677017
18695.4	-0.36471213642677003
18697.0	-0.04986738569676996
18698.7	-0.6649186090467701
18700.4	-1.2540043566667702
18702.0	-2.04483816613177
18703.7	-2.54113962486677
18705.4	-2.8251830223767707
18707.1	-2.6954437941767706
18708.7	-2.0320531427567707
18710.4	-1.0430700758867704
18712.1	0.00924010844322909
18713.7	1.2857510796832297
18715.4	2.543455291613229
18717.1	3.0314356261632303
18718.7	2.90338342125323
18720.4	1.1614011327732296
18722.1	-0.8076080390267703
18723.7	-2.5174051212167705
18725.4	-3.7271118167567705
18727.1	-4.136330650996769
18728.7	-3.6706897211767697
18730.4	-2.5949773686567696
18732.1	-1.1971445494567696
18733.7	-0.7220873561567701
18735.4	-0.7212829383767696
18737.1	-1.51318410875677
18738.7	-2.66192124084677
18740.4	-3.7615533402567705
18742.1	-4.69253995535677
18743.7	-4.67824049741677
18745.4	-4.344969970106771
18747.1	-3.8362339160767696
18748.7	-2.91273052328677
18750.4	-1.9930401899567707
18752.1	-0.8707779380067701
18753.8	0.48062636455323093
18755.4	0.5738015724432293
18757.1	0.4082567774832302
18758.8	-0.1690597350867703
18760.4	-0.5285979055567704
18762.1	-0.6246575556067699
18763.8	-0.07607867675677027
18765.4	0.042026593643230026
18767.1	-0.13550840045677048
18768.8	-0.7922310920267699
18770.4	-1.6896527768167702
18772.1	-2.5708214150567708
18773.8	-2.1703600753267698
18775.4	-2.30645035183677
18777.1	-1.7052603498467707
18778.8	-1.44772077869677
18780.4	-1.13718653027677
18782.1	-0.8428554053567703
18783.8	-0.0825518710067702
18785.4	-0.47804407218077005
18787.1	-0.39910633997677003
18788.8	-1.0161500355067705
18790.4	-1.5925754990767702
18792.1	-2.7097773405967702
18793.8	-3.6066691800267705
18795.4	-4.37532126984677
18797.1	-4.405242791986771
18798.8	-4.00590811805677
18800.5	-3.54313591503677
18802.1	-2.8317636275567697
18803.8	-2.19623279973677
18805.5	-2.0342465650467703
18807.1	-2.37431170361677
18808.8	-2.5678445859567702
18810.5	-3.1274743689567694
18812.1	-3.1005841797407703
18813.8	-2.9340545373567695
18815.5	-2.8630790938767703
18817.1	-2.42529516436677
18818.8	-1.9636588851967702
18820.5	-2.6020307812767705
18822.1	-3.0141261473667704
18823.8	-3.0090636228567704
18825.5	-2.6203891711567704
18827.1	-1.5422013118567703
18828.8	-0.3081825351567702
18830.5	0.09209857874322958
18832.1	0.8823881612432297
18833.8	1.1136314211232299
18835.5	0.6393278823432291
18837.1	0.5315140391532297
18838.8	-0.52753886314677
18840.5	-1.75279318597677
18842.2	-3.06514221965677
18843.8	-4.37202072520677
18845.5	-5.216968601266771
18847.2	-5.121574366906771
18848.8	-4.81174662920677
18850.5	-3.84861428945677
18852.2	-2.94794060175677
18853.8	-1.6620242339467697
18855.5	-1.29472703716677
18857.2	-0.9542423779167701
18858.8	-1.2431814103967702
18860.5	-1.7777700155767704
18862.2	-2.1154810634167704
18863.8	-2.28543858834677
18865.5	-2.3033360869567705
18867.2	-2.22826414925677
18868.8	-1.6509915440567702
18870.5	-1.2983228321567704
18872.2	-0.7452951241067707
18873.8	-0.8198299553267702
18875.5	-1.3005239909967703
18877.2	-2.18216115794677
18878.8	-2.8292197790067704
18880.5	-3.69986007153177
18882.2	-3.38420858899477
18883.8	-3.23156643505677
18885.5	-2.6082555839567703
18887.2	-2.14854322425177
18888.9	-2.0571920295967705
18890.5	-2.60655288143677
18892.2	-2.8055977582567704
18893.9	-3.1163898320667704
18895.5	-2.77856221825677
18897.2	-2.26519897295677
18898.9	-1.86870036472677
18900.5	-1.6738943617167703
18902.2	-1.7389044725767702
18903.9	-2.7056875021975695
18905.5	-2.92190844050677
18907.2	-3.4721677592167697
18908.9	-3.3394779966967705
18910.5	-3.06235403402677
18912.2	-2.94138287307677
18913.9	-2.5155500089267706
18915.5	-1.5113100967567696
18917.2	-0.8551156453267703
18918.9	-0.1590667959867702
18920.5	-0.2262145827667702
18922.2	-0.2888855608267703
18923.9	-0.7473408242867698
18925.5	-0.9546360891217702
18927.2	-0.6952152009167702
18928.9	0.2448004607032297
18930.5	1.5576579689832297
18932.2	2.3850217487332293
18933.9	3.0977873115132293
18935.6	3.44392685888323
18937.2	3.216966938753229
18938.9	2.9652481597332305
18940.6	2.3235362572532297
18942.2	1.7487844063532294
18943.9	1.0811868806352298
18945.6	0.11328545641322979
18947.2	-0.6438564689167701
18948.9	-1.55094682837677
18950.6	-2.08335151844677
18952.2	-1.8623664028267697
18953.9	-1.8031422384567701
18955.6	-1.5515500998247704
18957.2	-1.4736343080167706
18958.9	-1.25047364410677
18960.6	-1.0537892131387703
18962.2	-0.8829581495467701
18963.9	-1.2162690942067702
18965.6	-1.3647498672567702
18967.2	-1.69674174165677
18968.9	-2.14984527216677
18970.6	-2.23558349720677
18972.2	-2.39273024849677
18973.9	-2.2073184819867704
18975.6	-2.38144916693677
18977.2	-2.72097746115677
18978.9	-2.40080296257677
18980.6	-1.9918353927367702
18982.3	-1.1457202305467704
18983.9	-0.38927225667177034
18985.6	-0.5869931779267701
18987.3	-0.31275041989877017
18988.9	-0.4622443603767701
18990.6	-1.0597555159529697
18992.3	-1.23012677398677
18993.9	-1.66052644793777
18995.6	-1.4384584835067702
18997.3	-1.1131634230430703
18998.9	-1.4252238026967703
19000.6	-1.0012091935867709
19002.3	-0.70571582743167
19003.9	-1.0463696237367706
19005.6	-1.2794067586167706
19007.3	-1.8944814906407705
19008.9	-2.4752784739587694
19010.6	-3.11765265883677
19012.3	-3.9001725922567703
19013.9	-3.4356912238467707
19015.6	-1.9678625386637705
19017.3	-0.5126819098067705
19018.9	0.9316209708232298
19020.6	1.0085746074432302
19022.3	0.7684316541732301
19024.0	0.052174320123229645
19025.6	-0.6444155697167704
19027.3	-0.5077615123167708
19029.0	0.01882128962322982
19030.6	0.47189786327123007
19032.3	0.5769259012432298
19034.0	0.49959781869322994
19035.6	0.37048628865322997
19037.3	0.3753238136932294
19039.0	-0.038794745376770134
19040.6	-0.39026683991877054
19042.3	-0.7330684377667703
19044.0	-0.9842880058767702
19045.6	-1.99479289676377
19047.3	-2.3470745630467698
19049.0	-3.09666912979677
19050.6	-3.227075248056771
19052.3	-2.8027452539127697
19054.0	-1.6528255681467705
19055.6	-0.3568161561117701
19057.3	0.8469640572612298
19059.0	1.4956541734532296
19060.6	1.5081055329662294
19062.3	1.0464520662432295
19064.0	0.1885503379600399
19065.6	-1.34174662104277
19067.3	-2.10439307559677
19069.0	-3.10847598777677
19070.7	-3.6355306073567704
19072.3	-3.6091477895467703
19074.0	-3.61383241995677
19075.7	-3.4852861331967704
19077.3	-2.9270907310167704
19079.0	-2.7190134274367703
19080.7	-1.4074883023067701
19082.3	-0.40295727268777015
19084.0	0.7499558146432299
19085.7	1.1962172531832298
19087.3	1.1337026887232295
19089.0	0.09147093530723
19090.7	-1.6638182706267701
19092.3	-3.2337201327067695
19094.0	-4.34271701975677
19095.7	-4.4145499967267705
19097.3	-4.02657157531877
19099.0	-3.17879878796677
19100.7	-2.57296268100677
19102.3	-2.48081860382677
19104.0	-2.74242215167677
19105.7	-2.9452766855467702
19107.3	-3.08909662671677
19109.0	-2.85092221009677
19110.7	-2.9560979556167704
19112.3	-3.08508199424677
19114.0	-3.41168396835677
19115.7	-3.84527165518677
19117.4	-3.85539068138677
19119.0	-4.154394562938771
19120.7	-3.7275644377167696
19122.4	-2.6802132801367695
19124.0	-1.6766344643467699
19125.7	0.2520729603332297
19127.4	1.18756105964323
19129.0	2.198259969443229
19130.7	2.8307709110772303
19132.4	2.4223228541832302
19134.0	1.9380437280832306
19135.7	1.3709496157032306
19137.4	-0.20217994072677026
19139.0	-0.99614017540677
19140.7	-2.12245853067087
19142.4	-2.1738438768567696
19144.0	-1.59944607187677
19145.7	-0.9385472434567701
19147.4	-0.1775247290477704
19149.0	0.3514333845832296
19150.7	0.6101838510232296
19152.4	1.15088691792623
19154.0	1.06451900985323
19155.7	1.19196088813323
19157.4	0.22931615623422963
19159.0	-0.99317954134677
19160.7	-1.9605551749667696
19162.4	-1.89394991641977
19164.1	-1.4548974574417701
19165.7	0.20559301742322966
19167.4	0.9359243296932298
19169.1	0.86361131503323
19170.7	0.016752105793229943
19172.4	-0.9754199257267703
19174.1	-2.1760955859567703
19175.7	-2.57543126789977
19177.4	-3.21275482878677
19179.1	-2.92037120677377
19180.7	-2.364640078956769
19182.4	-1.9704934491567703
19184.1	-1.6002557186767703
19185.7	-1.39966259790677
19187.4	-0.8495940955467707
19189.1	-0.99875348465677
19190.7	-1.5122896881567698
19192.4	-1.6079310320197702
19194.1	-1.5227439466667705
19195.7	-1.14899999241677
19197.4	-0.3893366174567703
19199.1	-0.6692551402567701
19200.7	0.29036707281322993
19202.4	0.08731065907322955
19204.1	-0.6348402909967702
19205.8	-1.2162950269817703
19207.4	-1.5805259536467706
19209.1	-1.789275714566771
19210.8	-1.3809636945467703
19212.4	-1.8302400350067698
19214.1	-0.47659602553677016
19215.8	0.009074619443229404
19217.4	0.39458197378423
19219.1	0.27023954486323
19220.8	-0.060275861836770916
19222.4	-0.72721081080677
19224.1	-1.3255967341467703
19225.8	-2.07004696358277
19227.4	-1.3889322142867702
19229.1	-0.9938960182567701
19230.8	-0.3353567402667702
19232.4	0.023326578703229628
19234.1	-0.03882473541677012
19235.8	-0.8605443325067701
19237.4	-2.2427297264587702
19239.1	-4.3866658925867705
19240.8	-5.69275609297677
19242.4	-6.40449919635677
19244.1	-6.601505113376771
19245.8	-5.44386027002677
19247.4	-4.0522100895067705
19249.1	-2.6115484617967706
19250.8	-0.9852751894767697
19252.5	-0.4445526605367699
19254.1	0.08711354079322975
19255.8	0.3853447224332297
19257.5	0.5802839739605299
19259.1	0.5112566589832295
19260.8	0.7256948217522301
19262.5	0.5364075902032294
19264.1	0.6908576689332293
19265.8	0.26093472545122964
19267.5	0.7130629291712296
19269.1	0.7092689695332299
19270.8	1.2437807408132295
19272.5	0.9211420220032295
19274.1	0.7879905558432292
19275.8	0.86635239074323
19277.5	1.2834991736482295
19279.1	1.4572158767432293
19280.8	1.894820301943229
19282.5	1.2175140969032296
19284.1	-0.05870212640677064
19285.8	-2.0704286269567707
19287.5	-3.8816453029567697
19289.1	-4.35970053845677
19290.8	-4.138945771893771
19292.5	-3.15829004176677
19294.1	-2.24312721610677
19295.8	-1.68011719237677
19297.5	-0.6198911686467704
19299.2	-0.2757697267667702
19300.8	-0.004953972876770574
19302.5	0.12573146364322974
19304.2	-0.3475197285567705
19305.8	-0.70816739822377
19307.5	-1.77388024594677
19309.2	-2.9048881322067697
19310.8	-3.4347894642567702
19312.5	-3.79335584223677
19314.2	-4.12020618341777
19315.8	-3.97942030199677
19317.5	-3.6264809357967707
19319.2	-2.0873284678667705
19320.8	-0.8781094044567705
19322.5	-0.051250837276771044
19324.2	0.3278305583172295
19325.8	0.48739662129322986
19327.5	0.3055387342032298
19329.2	-0.028364885136770324
19330.8	-0.9634859754467701
19332.5	-1.4814442620567703
19334.2	-2.180230842626771
19335.8	-3.4057889599267694
19337.5	-4.05048133985677
19339.2	-4.13343413343677
19340.8	-4.03693222305677
19342.5	-3.3558197789267705
19344.2	-3.1090781919367703
19345.9	-2.56036062043677
19347.5	-1.7916027803977699
19349.2	-1.3641234820667703
19350.9	-0.6888372294267707
19352.5	0.02133530529322958
19354.2	0.04556454125022957
19355.9	0.41317408955323004
19357.5	0.2202486471032299
19359.2	0.3488953579432299
19360.9	0.09103292134322916
19362.5	-0.05426997899677055
19364.2	-0.4957630201467703
19365.9	-1.0353761544367701
19367.5	-1.89211917544677
19369.2	-2.4930172631967706
19370.9	-2.5607771376567703
19372.5	-2.0823476935067706
19374.2	-1.8213747595867704
19375.9	-1.3699197646467702
19377.5	-1.16824740889677
19379.2	-0.9949990568467704
19380.9	-0.6087397408167703
19382.5	-0.30887240559677004
19384.2	-0.06239174111577106
19385.9	-0.06270798055677096
19387.6	-0.18967015265677045
19389.2	-0.005826411238770812
19390.9	0.5609397415632299
19392.6	1.2845714306132299
19394.2	1.8982498690932301
19395.9	2.6048025248432305
19397.6	2.4882642066432297
19399.2	2.03472521262323
19400.9	1.4004926036432304
19402.6	1.1345736467432297
19404.2	0.7591587881432296
19405.9	0.6488695851432299
19407.6	-0.0692510646567704
19409.2	-0.3640554881567704
19410.9	-1.2232918228567704
19412.6	-2.52303916096777
19414.2	-3.43179720701677
19415.9	-3.631816723526771
19417.6	-3.4806440722167697
19419.2	-2.5999226658567705
19420.9	-1.59117882785677
19422.6	0.10609471757322952
19424.2	2.2405688115592297
19425.9	3.2947233652522288
19427.6	4.11510291166323
19429.2	3.7281184358432298
19430.9	2.82244980024323
19432.6	1.2881193539932292
19434.3	0.046849333913229374
19435.9	-0.9391733872487702
19437.6	-1.0898368457967702
19439.3	-1.1083783255067703
19440.9	-1.1491177072567698
19442.6	-0.6354074911867702
19444.3	-0.8835308018867696
19445.9	-1.1160744871167696
19447.6	-1.34347216497677
19449.3	-2.4717933921367705
19450.9	-3.6575913236367703
19452.6	-3.8381662717567697
19454.3	-4.31324471945677
19455.9	-3.4223584414567703
19457.6	-3.4086376164167707
19459.3	-2.8964436164267697
19460.9	-2.0308306839667702
19462.6	-1.6535231927467702
19464.3	-1.381600885536771
19465.9	-1.13139937275677
19467.6	-1.3364128357167708
19469.3	-1.4864260010967703
19470.9	-1.6609917893667705
19472.6	-1.3694679541167702
19474.3	-0.5075081655367703
19475.9	-0.2780131917467702
19477.6	-0.50291363783677
19479.3	-1.4001425247097703
19481.0	-2.3517554506817704
19482.6	-2.66212536957677
19484.3	-2.37562865314677
19486.0	-2.1944176709067698
19487.6	-1.7178694332967706
19489.3	-1.9405338122667701
19491.0	-1.86185299582677
19492.6	-1.81859930175677
19494.3	-1.5056036049367703
19496.0	-0.9611409072867704
19497.6	-0.7945435827567701
19499.3	-1.2405082808267702
19501.0	-1.0588826142367702
19502.6	-1.7560501063267697
19504.3	-1.8965807343567698
19506.0	-1.9052228083567704
19507.6	-1.7677804863067703
19509.3	-1.5768650671267703
19511.0	-1.69670007292777
19512.6	-1.5082671720567702
19514.3	-0.9580174347367701
19516.0	-0.8485007311267703
19517.6	-0.1754381595767704
19519.3	0.0743582471132298
19521.0	-0.6769448795067703
19522.6	-1.4969868831667703
19524.3	-3.79818609023677
19526.0	-5.221831321556771
19527.7	-5.861483962636771
19529.3	-5.63421232946677
19531.0	-4.55141744101677
19532.7	-2.89823612301677
19534.3	-2.33444912743677
19536.0	-1.5425801702767705
19537.7	-1.3945482385267707
19539.3	-1.2724634136167703
19541.0	-1.0978826563167705
19542.7	-0.5781941598647697
19544.3	-1.03665446923077
19546.0	-1.1776529562267704
19547.7	-2.0254195320067705
19549.3	-2.3880167689967697
19551.0	-2.36832178961677
19552.7	-1.6822305528527706
19554.3	-1.1959949856967702
19556.0	-0.6362172733727703
19557.7	-0.8664013254267702
19559.3	-1.6196197510167698
19561.0	-2.74120280260677
19562.7	-3.6297481484367697
19564.3	-3.99593564624677
19566.0	-3.98058635018677
19567.7	-3.42499186013777
19569.4	-3.01246861038677
19571.0	-2.46195006169677
19572.7	-2.14698449480677
19574.4	-1.87816157514677
19576.0	-2.1663713961767708
19577.7	-2.276091951316771
19579.4	-3.29815013621677
19581.0	-3.6817959712567703
19582.7	-4.004738888406771
19584.4	-3.7048015951367703
19586.0	-2.89287965877677
19587.7	-2.37973185499677
19589.4	-2.5512514608667702
19591.0	-3.1216533255167698
19592.7	-4.30886767922677
19594.4	-4.879263113076769
19596.0	-4.836972028686771
19597.7	-3.73369934610677
19599.4	-2.15476520068677
19601.0	-1.6062753798967697
19602.7	-1.2557687957567696
19604.4	-1.0150091593567705
19606.0	-1.2230108083167703
19607.7	-0.7080013712267701
19609.4	-0.38654203155677
19611.0	-0.28666920946677027
19612.7	-0.21473810029677098
19614.4	-0.9519791865567699
19616.1	-1.1338961492467698
19617.7	-1.18445283065077
19619.4	-1.4117334423567702
19621.1	-1.87118829387677
19622.7	-2.47985402543377
19624.4	-2.9092089812167705
19626.1	-3.93413505807677
19627.7	-4.2819029572267695
19629.4	-4.03028937351677
19631.1	-3.6947047184667703
19632.7	-2.96325328469677
19634.4	-2.3377515773267707
19636.1	-2.3106122021631705
19637.7	-2.6352147228567704
19639.4	-4.594489630596771
19641.1	-5.963670488856771
19642.7	-5.90848634428847
19644.4	-4.8143362342567695
19646.1	-2.8685692388267707
19647.7	-0.5946319445367703
19649.4	1.1599607153832299
19651.1	1.5376300711232296
19652.7	0.6637385265172298
19654.4	-0.4793426470827701
19656.1	-1.2142166890867703
19657.7	-2.13420848532677
19659.4	-2.9715502301967707
19661.1	-3.25347831638677
19662.8	-3.2408484866767706
19664.4	-2.82733105722677
19666.1	-3.1601093187567706
19667.8	-3.37771141295677
19669.4	-3.58196176716677
19671.1	-3.4202072180767704
19672.8	-2.85736937646677
19674.4	-1.4187504721567703
19676.1	-0.5555462239567703
19677.8	0.18695308635922991
19679.4	-0.5338218471367701
19681.1	-1.3611890898257706
19682.8	-2.2179696197067704
19684.4	-2.5554411472667704
19686.1	-2.1584043513367703
19687.8	-1.44640047208677
19689.4	-1.5628038818167704
19691.1	-1.3342798604767705
19692.8	-1.6536533253167702
19694.4	-1.34914836984577
19696.1	-1.16671903482677
19697.8	-0.7131824520917702
19699.4	0.19322214718322928
19701.1	0.8606753268932303
19702.8	0.5558282351892296
19704.4	0.043256737063229744
19706.1	-0.9862348258767704
19707.8	-1.5353823136467701
19709.5	-1.6754255203867703
19711.1	-1.1169288740667698
19712.8	-0.39831302944677066
19714.5	-0.6875263899167702
19716.1	-1.8386939378567704
19717.8	-3.29886780303677
19719.5	-4.48843298365677
19721.1	-5.31621936201677
19722.8	-5.07948846172677
19724.5	-5.02327350683677
19726.1	-4.430844537066769
19727.8	-4.39867349562277
19729.5	-4.35048095504677
19731.1	-4.251120283346769
19732.8	-3.3279552879567706
19734.5	-2.7337808178267697
19736.1	-1.0957828456057697
19737.8	0.2427624847492298
19739.5	1.526888335043229
19741.1	2.2460776046512296
19742.8	2.1755783564532294
19744.5	1.1895652984732301
19746.1	0.48086676119323
19747.8	-0.9515571341567705
19749.5	-2.2276198051567704
19751.2	-2.6803827723567695
19752.8	-3.34300756332677
19754.5	-3.2920429723467706
19756.2	-3.46904558719677
19757.8	-3.1726179548377704
19759.5	-2.43909505812677
19761.2	-1.98978226204677
19762.8	-2.55905021855677
19764.5	-2.45174341952677
19766.2	-3.1415838658567705
19767.8	-3.1730811162567703
19769.5	-3.5932587109567704
19771.2	-3.57856181455677
19772.8	-3.3094717486967697
19774.5	-2.7996999978567696
19776.2	-2.94860470545677
19777.8	-2.51742815838677
19779.5	-2.1612445876567703
19781.2	-1.55889841950677
19782.8	-0.9318137493967696
19784.5	-0.5539812969377702
19786.2	0.03113216245122974
19787.8	0.1372748668372299
19789.5	0.048482164793229865
19791.2	-0.6760614569087708
19792.8	-1.5398055629867702
19794.5	-2.0455725713667703
19796.2	-2.0367838990567697
19797.9	-1.9421654236167702
19799.5	-1.7359104367567704
19801.2	-2.2201307893767703
19802.9	-3.0389219709567694
19804.5	-3.6690829348767693
19806.2	-3.8281411839567694
19807.9	-3.1205589094767703
19809.5	-1.88375432870677
19811.2	-0.78539186726677
19812.9	0.16262242828322948
19814.5	0.6321581240632292
19816.2	0.6415238550872295
19817.9	0.8951865961532299
19819.5	1.1463661119432298
19821.2	1.30971344250323
19822.9	0.9609527634432299
19824.5	0.1897453145032295
19826.2	-0.7449342386967703
19827.9	-2.01772017917677
19829.5	-3.1455897648567706
19831.2	-3.8045636749767695
19832.9	-3.8332688183367702
19834.5	-3.33094035611677
19836.2	-3.23012659995677
19837.9	-2.90537053625677
19839.5	-2.83260376849677
19841.2	-2.70741742596677
19842.9	-2.2920290462567703
19844.6	-1.7132586911967698
19846.2	-1.27261353325677
19847.9	-2.08408564728677
19849.6	-4.05595925186677
19851.2	-6.042032309466769
19852.9	-7.42718585839377
19854.6	-7.93370755744677
19856.2	-7.878538751906769
19857.9	-6.54614328610477
19859.6	-5.17259081290677
19861.2	-3.55739448905677
19862.9	-2.31383822338277
19864.6	-1.6101884580667702
19866.2	-1.0427134130067701
19867.9	-1.3204236675967698
19869.6	-2.6143331444467695
19871.2	-2.67885954243677
19872.9	-2.9703059319167706
19874.6	-2.6386840154167697
19876.2	-1.8417968214577705
19877.9	-0.8089078037567701
19879.6	0.0580943031432295
19881.2	-0.21314053496676943
19882.9	-1.0110352014167705
19884.6	-2.04137277142677
19886.2	-3.1205633057667703
19887.9	-3.3334476055367706
19889.6	-3.261252244943771
19891.3	-2.13571771712677
19892.9	-1.0406807783567702
19894.6	-1.1658187872567702
19896.3	-0.7403627402567706
19897.9	-0.3701346559567703
19899.6	-0.23895322497677007
19901.3	-0.22760512757677054
19902.9	-0.7397010658167702
19904.6	-1.92967533062677
19906.3	-3.2558857776567702
19907.9	-5.05843549255677
19909.6	-5.883520559256769
19911.3	-5.903652944756769
19912.9	-4.58742998646677
19914.6	-3.49329792879677
19916.3	-2.04904683586477
19917.9	-1.7332957089147705
19919.6	-1.9814347553167702
19921.3	-2.5640780371567695
19922.9	-3.04830911046677
19924.6	-2.8847285849567705
19926.3	-2.24317675585677
19927.9	-1.6834364434367706
19929.6	-1.40073863875377
19931.3	-1.7041160355067697
19933.0	-2.25429682845677
19934.6	-3.24666069574677
19936.3	-4.21404641805677
19938.0	-5.24557507934677
19939.6	-6.02182093590377
19941.3	-5.953547684956771
19943.0	-5.27217046730677
19944.6	-4.38629916252677
19946.3	-3.069752761456771
19948.0	-2.2954957555367703
19949.6	-1.5140645024667705
19951.3	-0.9985774071367706
19953.0	-0.7931764260267702
19954.6	-0.5608760154667705
19956.3	-0.4229549426367706
19958.0	-0.8275939630567704
19959.6	-1.2985505640067707
19961.3	-1.9187005775567703
19963.0	-2.2434444295567704
19964.6	-2.54520761878677
19966.3	-2.69237297175677
19968.0	-2.238563388556771
19969.6	-0.9694252403967701
19971.3	0.5019816562032295
19973.0	2.11752012177323
19974.6	3.0990918173942297
19976.3	3.299526970253229
19978.0	2.4517318042359295
19979.7	1.1903747645432294
19981.3	-0.18833044299677043
19983.0	-1.3589526324567704
19984.7	-1.6328811131567704
19986.3	-2.651955694426771
19988.0	-2.9738372624567697
19989.7	-3.2829782546467703
19991.3	-3.44104384917977
19993.0	-2.7996801391797703
19994.7	-1.8328999292967705
19996.3	-1.6758393206567699
19998.0	-1.7022569302567703
19999.7	-3.54027418435677
20001.3	-5.738572565616769
20003.0	-7.4047590898567694
20004.7	-8.09669842657677
20006.3	-7.24617274935677
20008.0	-5.70214000667677
20009.7	-3.8734684129467705
20011.3	-2.49680416431077
20013.0	-2.5145397570067702
20014.7	-3.1854626864847706
20016.3	-4.163158268666771
20018.0	-4.198213265030669
20019.7	-3.73829256192477
20021.3	-2.7732926471267705
20023.0	-1.9844942074567702
20024.7	-1.20271267750677
20026.4	-1.82043572717677
20028.0	-2.8990086177837697
20029.7	-4.329046627776769
20031.4	-4.773273057806771
20033.0	-5.418484739956771
20034.7	-5.46811507177677
20036.4	-5.065679816706771
20038.0	-3.96636943243677
20039.7	-2.28285141053677
20041.4	-0.7316848880067703
20043.0	0.5977368748432291
20044.7	1.4225806249032293
20046.4	1.3237335763332299
20048.0	0.6966239639432299
20049.7	-0.24321603664677033
20051.4	-1.01926477455677
20053.0	-1.0849893088567701
20054.7	-1.4553019379667702
20056.4	-1.8564649427567699
20058.0	-2.1887897557567704
20059.7	-2.6677170412267706
20061.4	-2.273641955056771
20063.0	-1.9338171311467698
20064.7	-1.4717081631367703
20066.4	-0.2962982420467699
20068.0	0.12211011304323005
20069.7	0.3946030206822304
20071.4	0.19107454112322908
20073.1	-0.4370616677567707
20074.7	-1.2060321532217704
20076.4	-1.81806266912677
20078.1	-2.1659675661067705
20079.7	-1.9194947807467702
20081.4	-1.4604310547367705
20083.1	-0.6739262271767702
20084.7	-0.5812947373767703
20086.4	-0.4903886868618703
20088.1	-0.5278239869067707
20089.7	-0.2916224798167706
20091.4	0.5402385249132295
20093.1	1.15967133786623
20094.7	1.6324480634432301
20096.4	1.0391545460232297
20098.1	0.5443258239552302
20099.7	-0.32969509478677017
20101.4	-1.1933456798667705
20103.1	-1.7092770275967704
20104.7	-1.95623286355677
20106.4	-1.8942870767667703
20108.1	-1.58289186435977
20109.7	-2.2743967035067705
20111.4	-2.3126539989567703
20113.1	-2.24812116942677
20114.8	-2.4107069825567695
20116.4	-2.3892040812867705
20118.1	-2.7066130196667704
20119.8	-2.5341662233267703
20121.4	-2.2901517149947703
20123.1	-1.5522169095067702
20124.8	-1.1913492091267703
20126.4	-0.039853162988770396
20128.1	0.7244888706392296
20129.8	0.5237361321732295
20131.4	-0.3967501516767704
20133.1	-1.3144448568567701
20134.8	-2.1469637530567702
20136.4	-2.220275159096771
20138.1	-2.81093839260677
20139.8	-2.7826608435567706
20141.4	-2.0785024268827703
20143.1	-1.8832711763567698
20144.8	-1.5720258048307705
20146.4	-1.2960229647167705
20148.1	-0.7367626089567704
20149.8	-0.56607581082677
20151.4	-0.8655563029447704
20153.1	-0.77583610091677
20154.8	-0.7045220773667702
20156.4	-0.46343965688577055
20158.1	-0.3038768708642603
20159.8	-0.3076168758167699
20161.5	-0.31686279863677025
20163.1	-0.6138459330967705
20164.8	-1.2887506123367705
20166.5	-1.7920145845267705
20168.1	-2.2454614021567707
20169.8	-2.07720435781677
20171.5	-2.11987381896677
20173.1	-1.99844799778677
20174.8	-2.0915894273967703
20176.5	-2.80327661698377
20178.1	-3.02439525593677
20179.8	-3.26318871317677
20181.5	-2.8319764046567704
20183.1	-1.5295802001667704
20184.8	0.13489485454322958
20186.5	1.1377413788432302
20188.1	2.2680637973732294
20189.8	1.8418102955032303
20191.5	1.2708553146432298
20193.1	-0.18419665705148042
20194.8	-1.6562772904767704
20196.5	-2.59628005668677
20198.1	-2.8105150860947705
20199.8	-3.2625349146667704
20201.5	-3.29173574589577
20203.1	-3.31804654875677
20204.8	-2.73333490739677
20206.5	-1.9025868280467702
20208.2	-1.0367168712467707
20209.8	-0.8968383552667699
20211.5	-1.07749244639677
20213.2	-1.5337200923567706
20214.8	-2.68122437345677
20216.5	-2.8683288143567696
20218.2	-2.8683311344367697
20219.8	-2.5601155302767706
20221.5	-1.87345035678677
20223.2	-1.2951949873413402
20224.8	-0.9434095320667705
20226.5	-0.4747351666557702
20228.2	-0.7793517614467704
20229.8	-1.1885341250567705
20231.5	-1.6992335953567705
20233.2	-1.2551078694267703
20234.8	-0.6502801671467703
20236.5	0.9412201875432287
20238.2	1.6886658667332295
20239.8	1.4243884742432291
20241.5	0.27269218454322997
20243.2	-1.7651064466467705
20244.8	-3.5355036121867705
20246.5	-4.69931835213677
20248.2	-4.51745244900677
20249.8	-3.2659353960567694
20251.5	-1.9975305066167703
20253.2	-1.0211133028467703
20254.9	-0.5124892732567703
20256.5	-0.1923268223667703
20258.2	0.4037976995962298
20259.9	0.6024762028532293
20261.5	1.1296448515632298
20263.2	1.5623914802132304
20264.9	0.8746762690232293
20266.5	-0.12139653179677035
20268.2	-1.1746607379567706
20269.9	-1.54829652483677
20271.5	-1.8310398350567703
20273.2	-1.80770429384477
20274.9	-2.0444683282967695
20276.5	-1.94653834792677
20278.2	-2.5611825931067704
20279.9	-2.7124193975367703
20281.5	-2.26503800434377
20283.2	-1.7352694279767702
20284.9	-1.4617871977667705
20286.5	-1.4024020627967702
20288.2	-1.4819753928867705
20289.9	-2.3670735693567706
20291.5	-3.35486398402677
20293.2	-4.424380225556771
20294.9	-5.06148485018677
20296.6	-5.508326399656769
20298.2	-5.01279716655677
20299.9	-4.423236802756771
20301.6	-3.5590273939167707
20303.2	-3.6308112484852697
20304.9	-3.6183787167067707
20306.6	-3.4797142319767698
20308.2	-3.14275074844677
20309.9	-2.2148728024567697
20311.6	-0.9029325692267702
20313.2	-0.11442434046677064
20314.9	-0.13400180551677043
20316.6	-0.8735817095867713
20318.2	-2.30389013266677
20319.9	-4.18663313545677
20321.6	-6.11287618283177
20323.2	-7.1773510435567704
20324.9	-6.72049992975677
20326.6	-5.2323570021067685
20328.2	-3.47527881385677
20329.9	-2.00747033685677
20331.6	-1.97119695795677
20333.2	-2.6606282373667707
20334.9	-4.64492630599777
20336.6	-5.991448667753769
20338.2	-6.28672048338677
20339.9	-5.38784774306677
20341.6	-3.94789741081677
20343.3	-2.3897381469767707
20344.9	-1.5361660949667706
20346.6	-0.8125562412767701
20348.3	-0.8225062209567705
20349.9	-0.8674345510567704
20351.6	-0.8883180011067701
20353.3	-0.8431868796567703
20354.9	-1.0872875968567706
20356.6	-1.4321702416867705
20358.3	-1.2346343729567706
20359.9	-1.26413428963677
20361.6	-1.44144119800477
20363.3	-1.9500276743067708
20364.9	-3.1923697181367707
20366.6	-3.5752338610627703
20368.3	-3.4213944705367703
20369.9	-2.70686090585677
20371.6	-2.1995491508967704
20373.3	-2.03973015915677
20374.9	-2.7951481586567706
20376.6	-3.496635792476771
20378.3	-3.77890558344677
20379.9	-4.04716727397677
20381.6	-3.3187175445567694
20383.3	-3.26390114703677
20384.9	-3.8608571969967698
20386.6	-4.512873601219771
20388.3	-4.966672242666769
20390.0	-5.35704174945677
20391.6	-4.77633964727677
20393.3	-5.13056171805677
20395.0	-4.693428769146769
20396.6	-3.93953700808677
20398.3	-2.96943013994677
20400.0	-2.5336754444467706
20401.6	-2.1058829722267705
20403.3	-2.5755401165267706
20405.0	-3.30759355609677
20406.6	-4.12911941752677
20408.3	-4.94074248475677
20410.0	-5.360981187726771
20411.6	-5.194798283556769
20413.3	-4.612539401506769
20415.0	-3.4606688430467707
20416.6	-2.20705896503677
20418.3	-0.9262654625767702
20420.0	-0.2721444100254654
20421.6	-0.36861347440676995
20423.3	-0.8980303059167701
20425.0	-1.8153829255467708
20426.6	-1.6576058558567697
20428.3	-1.7386903247067698
20430.0	-1.9503030978337696
20431.6	-1.7406569004467702
20433.3	-1.8145337356967701
20435.0	-1.9182449635257703
20436.7	-1.3757270069227698
20438.3	-1.3551094431867703
20440.0	-0.5976406021767701
20441.7	-0.3616672945967705
20443.3	-0.6916987650365702
20445.0	-0.8431379901567703
20446.7	-1.3085544796467703
20448.3	-1.4506482041567703
20450.0	-1.1820268813467705
20451.7	-1.0531272012677702
20453.3	-1.08560949445677
20455.0	-1.55163130448677
20456.7	-1.9630090652767702
20458.3	-2.32274043109477
20460.0	-2.37718703346677
20461.7	-1.6406551943367702
20463.3	-1.1581998712467703
20465.0	-0.44898593118677055
20466.7	-0.37899090627677046
20468.3	-0.53303222280377
20470.0	-1.13743810249677
20471.7	-2.2012603582917705
20473.3	-3.29253342394977
20475.0	-3.930967037905771
20476.7	-3.8295394747967704
20478.4	-2.09647909436677
20480.0	0.08105167686322967
20481.7	2.0722306297232302
20483.4	3.429129796113229
20485.0	3.00918463784323
20486.7	1.2034220315532296
20488.4	-1.3627415423567708
20490.0	-4.3772361364397705
20491.7	-5.75343262331177
20493.4	-6.10143568976677
20495.0	-5.32724779043377
20496.7	-3.5375869291567703
20498.4	-2.2348199613967705
20500.0	-1.451690340056771
20501.7	-0.8269017529567704
20503.4	-1.4477018245667705
20505.0	-1.56214955449677
20506.7	-2.0597955623767703
20508.4	-1.53364964601677
20510.0	-1.4275196472967704
20511.7	-1.6564176542567706
20513.4	-1.8235854792567705
20515.0	-2.15030739605677
20516.7	-2.67469445206477
20518.4	-3.14335498347677
20520.0	-2.84895080880677
20521.7	-1.98708639845677
20523.4	-1.1427086574567706
20525.1	-1.1478305712567702
20526.7	-1.1432541956467699
20528.4	-1.7997849587667702
20530.1	-2.4702556584267703
20531.7	-3.9988591936607696
20533.4	-4.00701391698677
20535.1	-4.53627988649677
20536.7	-3.5352431631867702
20538.4	-2.58382975498677
20540.1	-1.19859780550677
20541.7	0.19153991845322976
20543.4	1.6048695374437296
20545.1	1.58316619359323
20546.7	1.6004691888432299
20548.4	0.3826024219532296
20550.1	-0.377275563006771
20551.7	-1.1942586012667697
20553.4	-1.57704876627977
20555.1	-1.5336391395567703
20556.7	-1.6035532413167701
20558.4	-2.15346929265677
20560.1	-3.0794133727167705
20561.7	-3.97494887746877
20563.4	-4.759966612206769
20565.1	-5.13814686115677
20566.7	-4.61005089955677
20568.4	-4.12394574783677
20570.1	-3.29104121909677
20571.8	-2.7640590336167703
20573.4	-3.0337443331797704
20575.1	-3.05037741032677
20576.8	-3.12322292295677
20578.4	-2.81818787582677
20580.1	-1.9283265689967704
20581.8	-1.7174740706167706
20583.4	-1.75480428827677
20585.1	-2.91147252534477
20586.8	-3.9804469361367705
20588.4	-4.925473863236769
20590.1	-5.160951038356769
20591.8	-3.79682496945677
20593.4	-2.5053436808767704
20595.1	-1.5875814201867706
20596.8	-0.8087632751567699
20598.4	-1.1445425262567697
20600.1	-1.9970502561567705
20601.8	-3.05310884495677
20603.4	-4.687928095256769
20605.1	-5.09680192738677
20606.8	-4.67805912953677
20608.4	-3.8497382902567705
20610.1	-2.1693208202167704
20611.8	-0.6561743776267701
20613.4	0.11702209785322859
20615.1	0.3708365467232302
20616.8	0.06351177647322892
20618.5	-0.3846349418767705
20620.1	-1.1848815615337704
20621.8	-2.3971358642767697
20623.5	-3.01042798005677
20625.1	-4.04091751751677
20626.8	-4.08682409785677
20628.5	-3.519716876316771
20630.1	-2.2998204352467706
20631.8	-1.3059993547767703
20633.5	-0.6981476769967703
20635.1	-0.9363893997867699
20636.8	-1.13475076084677
20638.5	-1.71501584887677
20640.1	-1.7450461972967704
20641.8	-0.9472444354467703
20643.5	0.398620183870229
20645.1	1.7100249910032295
20646.8	2.3505921619232293
20648.5	1.992135253983229
20650.1	0.5249812272432297
20651.8	-1.2854032958567698
20653.5	-2.32229763734977
20655.1	-1.73641101090677
20656.8	-0.9787318462567712
20658.5	0.646485122325229
20660.2	0.9995951967732294
20661.8	1.0831667912632303
20663.5	0.2571754849232306
20665.2	-0.4005962033717705
20666.8	-0.36232783529677043
20668.5	0.10517984293322985
20670.2	-0.003069924856770323
20671.8	-0.014533485826770415
20673.5	-1.0172883290467702
20675.2	-1.6303891954167704
20676.8	-2.36956627328677
20678.5	-2.8539986687467707
20680.2	-2.91143364105677
20681.8	-2.37487683048677
20683.5	-1.9641629677667702
20685.2	-1.02327216651677
20686.8	-0.6362284955567697
20688.5	0.01082901528322977
20690.2	0.08378990513322959
20691.8	0.21503117118322945
20693.5	-0.4015509652847704
20695.2	-0.8875369303667703
20696.8	-1.3745388176667703
20698.5	-1.6431018115567702
20700.2	-1.9676717448467698
20701.8	-1.9189726211667701
20703.5	-2.29361217141677
20705.2	-2.8636967001067704
20706.9	-3.93359442796207
20708.5	-4.88078698492677
20710.2	-4.6292507306867705
20711.9	-3.9204484855267703
20713.5	-2.4095732480767706
20715.2	-1.2488011451467702
20716.9	-0.9291632889367701
20718.5	-0.8223609237967703
20720.2	-2.1968130889567705
20721.9	-2.546892692856771
20723.5	-2.89205634355677
20725.2	-3.5440092838567705
20726.9	-3.77179901779677
20728.5	-3.4605363045667703
20730.2	-3.55901992357677
20731.9	-1.9601638349667703
20733.5	-1.7515628660567697
20735.2	-1.5335588233567705
20736.9	-2.36493179659677
20738.5	-4.012249475356771
20740.2	-5.4014878638567705
20741.9	-5.34790257325677
20743.5	-5.08946309825677
20745.2	-4.2238058943567705
20746.9	-3.3083295625437703
20748.5	-3.006288533206771
20750.2	-2.4494225783567702
20751.9	-1.9665788673507705
20753.6	-1.72585611209677
20755.2	-1.2038394946567703
20756.9	-1.3714938543267705
20758.6	-1.4286014723507703
20760.2	-1.5320588108857702
20761.9	-2.35561494717677
20763.6	-2.628191497695771
20765.2	-2.80850557754677
20766.9	-3.59659450075677
20768.6	-2.9976160351067698
20770.2	-2.6727159319967697
20771.9	-1.8365428214367698
20773.6	-1.29398602435677
20775.2	-1.7483846193567698
20776.9	-2.1595611182567698
20778.6	-2.25074625626677
20780.2	-2.52376982657677
20781.9	-1.8823065979167701
20783.6	-1.1323543867567705
20785.2	-0.2544633648567703
20786.9	0.30293910794322976
20788.6	-0.3647988514567706
20790.2	-1.32182614485677
20791.9	-1.85860849319677
20793.6	-1.9879158208567704
20795.2	-1.2065263245108704
20796.9	-0.5392206399857706
20798.6	-0.07868001206677011
20800.3	0.27720326325322964
20801.9	-0.48468051155777
20803.6	-1.5086948334567707
20805.3	-1.40542210977677
20806.9	-0.92644280743677
20808.6	0.009631443893229674
20810.3	0.35086923687323024
20811.9	-0.30960761045676954
20813.6	-1.35661014829677
20815.3	-2.8653892405567705
20816.9	-3.94811139126677
20818.6	-3.74939558725677
20820.3	-3.36635106913677
20821.9	-2.4783725556567706
20823.6	-1.5170911376167706
20825.3	-0.7013283760267702
20826.9	0.13824129537222984
20828.6	0.7849001762532298
20830.3	0.5442629382932297
20831.9	0.13542773603322944
20833.6	-1.41270052781477
20835.3	-2.1786666716017704
20836.9	-3.0687078782567703
20838.6	-3.2945838452867706
20840.3	-3.73407491314677
20842.0	-3.7406014486567707
20843.6	-3.8948521771167695
20845.3	-4.11390861510977
20847.0	-3.937910018466771
