0.0	-1.4345886589297665
1.66789	-0.909846778929766
3.33578	-0.870242778929766
5.00367	-0.1384617789297661
6.67156	-0.0431017789297658
8.33945	0.2652608210702342
10.0073	-0.1171627789297659
11.6752	0.2238447210702339
13.3431	-0.0999241789297659
15.011	0.227079621070234
16.6789	-0.1225587789297659
18.3468	0.1901950210702341
20.0147	-0.1324557789297659
21.6826	0.2243894210702341
23.3505	-0.0553897789297659
25.0183	0.290088221070234
26.6862	-0.0246407789297658
28.3541	0.2945455210702341
30.022	-0.0660707789297658
31.6899	0.4425563540702342
33.3578	0.2774082210702339
35.0257	0.7957122210702341
36.6936	0.4925602210702341
38.3615	0.7667502210702342
40.0294	0.2329141210702339
41.6972	0.4941270610702341
43.3651	0.057774321070234
45.033	0.559404721070234
46.7009	0.265934031070234
48.3688	0.8296073210702343
50.0367	0.757122221070234
51.7046	1.497901621070234
53.3725	1.6425076210702336
55.0404	2.2331632210702343
56.7083	1.8544762210702344
58.3761	2.025707221070234
60.044	0.8973614210702341
61.7119	0.501739021070234
63.3798	-0.2858547789297659
65.0477	-0.2833288789297659
66.7156	-0.4227967789297661
68.3835	0.2486106210702339
70.0514	0.3101239210702341
71.7193	1.0733845210702335
73.3871	0.8136326210702339
75.055	1.018685421070234
76.7229	0.580152021070234
78.3908	0.8092139210702343
80.0587	0.384883921070234
81.7266	0.6455112210702342
83.3945	0.3470160210702341
85.0624	0.670102821070234
86.7303	0.398490121070234
88.3982	0.7488090210702341
90.066	0.6708931810702341
91.7339	1.662304221070234
93.4018	1.7093798210702338
95.0697	2.274050521070234
96.7376	1.7912747210702342
98.4055	1.6838701210702345
100.073	0.8644237210702341
101.741	0.6514888210702339
103.409	0.006473421070234
105.077	0.5134271210702341
106.745	0.2428122210702339
108.413	0.5808472210702339
110.081	0.3328753210702339
111.749	0.7622149210702339
113.417	0.456256521070234
115.084	0.755709821070234
116.752	0.213382721070234
118.42	0.452916721070234
120.088	-0.0239283789297659
121.756	0.191391921070234
123.424	-0.0913653789297659
125.092	0.4351677210702339
126.76	0.259539221070234
128.428	0.684224921070234
130.095	0.2864359210702341
131.763	0.6308832210702341
133.431	0.193631421070234
135.099	0.4014873210702341
136.767	0.086266221070234
138.435	0.5112395210702342
140.103	0.264593221070234
141.771	0.5356232210702341
143.439	0.1374137210702339
145.106	0.480058121070234
146.774	0.128222321070234
148.442	0.4561348210702339
150.11	0.1468329210702341
151.778	0.5663840210702341
153.446	0.1985440210702339
155.114	0.4805234510702341
156.782	0.023790621070234
158.45	0.374856851070234
160.117	0.035409821070234
161.785	0.5411668010702342
163.453	0.275883721070234
165.121	0.7166879210702342
166.789	0.352475021070234
168.457	0.7665000210702341
170.125	0.4151267210702339
171.793	0.8893955210702341
173.461	0.5237978210702339
175.128	1.1113624910702342
176.796	1.488059421070234
178.464	2.868989821070234
180.132	3.4928955920702336
181.8	4.5881922210702335
183.468	4.126157221070235
185.136	3.8720862210702336
186.804	2.480678121070234
188.472	1.743205721070234
190.139	0.8141292210702339
191.807	0.933511221070234
193.475	0.385718221070234
195.143	0.792677921070234
196.811	0.511203521070234
198.479	1.245738121070234
200.147	1.658384021070234
201.815	3.4401335210702344
203.483	5.020797221070235
205.15	7.771330621070234
206.818	10.506791221070234
208.486	12.495854221070235
210.154	12.462056221070236
211.822	11.330125221070231
213.49	7.835430221070233
215.158	5.205789591070234
216.826	2.2883174510702338
218.494	1.0816695210702338
220.161	0.9524364210702336
221.829	2.5477773210702344
223.497	3.6481134210702337
225.165	7.7861272210702355
226.833	12.236839221070232
228.501	15.921312221070234
230.169	17.198343221070235
231.837	16.04247522107023
233.505	11.786169221070232
235.172	7.984715221070234
236.84	3.674366221070234
238.508	1.7890282210702335
240.176	1.667383181070234
241.844	1.3061407210702338
243.512	0.9469280910702338
245.18	0.6666644710702341
246.848	0.4987641210702341
248.516	0.6814485210702339
250.183	0.805793421070234
251.851	1.368260921070234
253.519	1.168549921070234
255.187	1.5530936210702344
256.855	1.624522241070234
258.523	2.363515021070234
260.191	2.869075221070234
261.859	3.904583721070234
263.527	4.162768721070234
265.194	4.851639061070234
266.862	4.079851921070234
268.53	4.098668521070233
270.198	3.4625629210702344
271.866	3.318750421070233
273.534	2.6862916210702346
275.202	2.516690021070234
276.87	1.507982721070234
278.538	1.3252080210702342
280.205	0.5425972210702341
281.873	0.6639852210702339
283.541	0.5424922210702341
285.209	0.944520421070234
286.877	0.791098621070234
288.545	1.110744721070234
290.213	0.675039921070234
291.881	0.967240619070234
293.549	0.813107721070234
295.216	1.215628136070234
296.884	1.190703921070234
298.552	1.8362270210702336
300.22	2.4291510210702336
301.888	4.706100221070234
303.556	6.790792221070234
305.224	8.822170221070234
306.892	9.821510221070234
308.56	11.113274221070236
310.227	11.406621221070235
311.895	13.532559221070237
313.563	16.256062421070233
315.231	22.365643521070236
316.899	28.561025721070237
318.567	31.101067221070235
320.235	29.510729221070232
321.903	24.449189221070235
323.571	15.954527221070231
325.238	8.788226221070234
326.906	2.798398221070234
328.574	0.896773421070234
330.242	1.229965221070234
331.91	1.1165816210702342
333.578	0.889337321070234
335.246	0.821971721070234
336.914	0.4800352210702338
338.582	0.8554152210702342
340.25	0.4654555210702341
341.917	0.811023421070234
343.585	0.962294221070234
345.253	1.8134684210702336
346.921	3.5464415210702342
348.589	6.107108521070234
350.257	8.658004421070235
351.925	10.649736221070231
353.593	10.878835221070236
355.261	9.785734221070236
356.928	7.337401221070235
358.596	4.8499982110702335
360.264	2.913714221070234
361.932	1.777328221070234
363.6	1.530323321070234
365.268	1.9813391210702345
366.936	2.557841521070234
368.604	3.850577221070234
370.272	7.863072221070233
371.939	16.389548221070235
373.607	23.054707221070235
375.275	27.770707221070232
376.943	27.29682722107024
378.611	22.583027221070232
380.279	15.187666221070234
381.947	8.182448221070235
383.615	2.466882521070234
385.283	1.8163827710702345
386.95	0.092045221070234
388.618	-0.962208778929766
390.286	-1.790550978929766
391.954	-1.355513478929766
393.622	-1.303351118929766
395.29	-0.3665178449297658
396.958	-0.4848150789297659
398.626	-0.0582957789297659
400.294	-0.069980778929766
401.961	0.4212068910702341
403.629	0.3627708210702341
405.297	1.2082019210702342
406.965	1.198635021070234
408.633	2.417492621070234
410.301	4.413280421070234
411.969	6.9771022210702345
413.637	8.502882221070234
415.305	9.339194221070237
416.972	7.864236221070233
418.64	6.097941021070232
420.308	3.1963990210702344
421.976	1.209744321070234
423.644	0.1255603300702339
425.312	0.1616213210702342
426.98	-0.247917078929766
428.648	-0.1180410189297658
430.316	-0.3509038789297659
431.983	-0.0565099789297659
433.651	-0.3004824789297659
435.319	0.1283365210702341
436.987	-0.0389626789297659
438.655	0.3715519210702341
440.323	0.1445410210702341
441.991	0.259805321070234
443.659	-0.0885294789297659
445.327	0.1229487210702339
446.994	-0.1588209789297659
448.662	0.2559055210702339
450.33	0.053065521070234
451.998	0.3401754210702341
453.666	0.038278321070234
455.334	0.2800254210702341
457.002	0.0247953210702341
458.67	0.325297840770234
460.338	-0.0221257789297659
462.005	0.206767121070234
463.673	-0.2228557789297659
465.341	-0.0577089789297658
467.009	-0.410952778929766
468.677	-0.1504953789297659
470.345	-0.4729886789297658
472.013	-0.1435594789297659
473.681	-0.4100117789297659
475.349	-0.032032678929766
477.016	-0.2221487789297658
478.684	0.1494879210702341
480.352	-0.0539302789297659
482.02	0.3514900210702341
483.688	0.055349521070234
485.356	0.3878082010702339
487.024	0.079994721070234
488.692	0.3035496210702341
490.36	-0.0500627789297658
492.027	0.184965321070234
493.695	-0.1243817789297659
495.363	0.348608121070234
497.031	0.153782921070234
498.699	0.5784800510702341
500.367	0.355795621070234
502.035	0.6394101210702341
503.703	0.2849660210702341
505.371	0.502206021070234
507.038	0.082278621070234
508.706	0.354807221070234
510.374	0.015086821070234
512.042	0.2618721210702341
513.71	-0.113022278929766
515.378	0.120898331070234
517.046	-0.1956883789297658
518.714	0.1575523210702341
520.382	-0.1221110789297659
522.049	0.204222421070234
523.717	-0.1288401789297658
525.385	0.068166721070234
527.053	-0.2672886789297659
528.721	0.0282911210702339
530.389	-0.050309578929766
532.057	0.8515616210702339
533.725	1.4724712210702342
535.393	2.716975221070234
537.06	3.1259802210702343
538.728	3.6104012210702345
540.396	2.986106421070234
542.064	2.507222021070234
543.732	1.322345221070234
545.4	0.938521121070234
547.068	0.291730621070234
548.736	0.380260921070234
550.404	-0.077225078929766
552.072	0.119163421070234
553.739	-0.2131881789297659
555.407	0.092848121070234
557.075	-0.162671178929766
558.743	0.165644321070234
560.411	-0.0996333789297659
562.079	0.1903812210702341
563.747	-0.0921424789297659
565.415	0.163402221070234
567.083	-0.157557778929766
568.75	-0.019458978929766
570.418	-0.3208957789297659
572.086	0.0174952210702339
573.754	-0.1675187789297659
575.422	0.3575853210702341
577.09	0.1875680210702341
578.758	0.439465221070234
580.426	0.032493921070234
582.094	0.096320021070234
583.761	-0.281399978929766
585.429	0.068452421070234
587.097	-0.2123798789297659
588.765	0.158936121070234
590.433	-0.1551314789297659
592.101	0.134017821070234
593.769	-0.2159587789297659
595.437	0.051171821070234
597.105	-0.2836317789297659
598.772	-0.022084578929766
600.44	-0.359444778929766
602.108	-0.111798778929766
603.776	-0.4530577789297658
605.444	-0.1290557789297659
607.112	-0.3930627789297659
608.78	-0.0196099789297659
610.448	-0.2450187789297658
612.116	0.1177909210702339
613.783	-0.1238877789297659
615.451	0.155022421070234
617.119	-0.199014778929766
618.787	0.095706021070234
620.455	-0.2151377789297658
622.123	0.0657976210702341
623.791	-0.2126607789297659
625.459	0.087017521070234
627.127	-0.1648557789297659
628.794	0.176150421070234
630.462	-0.0886867789297659
632.13	0.255884921070234
633.798	-0.046671778929766
635.466	0.194760521070234
637.134	-0.151369778929766
638.802	0.1131472210702339
640.47	-0.1889137789297659
642.138	0.121084221070234
643.805	-0.1493327789297658
645.473	0.2069732210702341
647.141	-0.0547627789297659
648.809	0.285747221070234
650.477	0.371404221070234
652.145	0.8592342210702342
653.813	0.8704020210702341
655.481	1.308288721070234
657.149	0.922968421070234
658.816	1.025491621070234
660.484	0.491627721070234
662.152	0.390996721070234
663.82	0.079871621070234
665.488	0.2187659210702341
667.156	-0.1117984789297659
668.824	0.212842361070234
670.492	-0.0988616789297659
672.16	0.1951303310702339
673.827	-0.0906447789297658
675.495	0.172379621070234
677.163	-0.1565769789297659
678.831	0.144348221070234
680.499	-0.1514220789297658
682.167	0.164864221070234
683.835	-0.1042985789297659
685.503	0.251695821070234
687.171	-0.023310878929766
688.838	0.2691017210702339
690.506	-0.1063797789297659
692.174	0.126122221070234
693.842	-0.1968737789297659
695.51	0.1071753210702341
697.178	-0.1445567789297659
698.846	0.2367971210702339
700.514	-0.0214557789297659
702.182	0.311459021070234
703.849	-0.0172898789297658
705.517	0.260940321070234
707.185	-0.0518363789297659
708.853	0.223468621070234
710.521	-0.0914067789297659
712.189	0.2035879210702339
713.857	-0.109247778929766
715.525	0.1920292210702339
717.193	-0.1525217789297658
718.86	0.112609921070234
720.528	-0.2171257789297661
722.196	0.0843805210702341
723.864	-0.1923827789297659
725.532	0.133583921070234
727.2	-0.152919078929766
728.868	0.158690921070234
730.536	-0.1495726789297659
732.204	0.142903021070234
733.871	-0.1585567789297658
735.539	0.1466254210702341
737.207	-0.1442977789297659
738.875	0.1484552210702339
740.543	-0.1486957789297659
742.211	0.157689821070234
743.879	-0.1206717789297659
745.547	0.1812116210702339
747.215	-0.1167757789297659
748.882	0.163097621070234
750.55	-0.1469017789297659
752.218	0.139278321070234
753.886	-0.1595097789297659
755.554	0.136760021070234
757.222	-0.1598446789297659
758.89	0.1342501210702339
760.558	-0.1550307789297659
762.226	0.165008221070234
763.894	-0.1173477789297659
765.561	0.187616921070234
767.229	-0.101532678929766
768.897	0.2080981210702339
770.565	-0.0598168789297659
772.233	0.274820021070234
773.901	0.019193121070234
775.569	0.325836221070234
777.237	-0.0022514789297659
778.905	0.231759421070234
780.572	-0.1314277789297659
782.24	0.121716721070234
783.908	-0.1775297789297659
785.576	0.1173760210702341
787.244	-0.159924778929766
788.912	0.140897921070234
790.58	-0.1450847789297659
792.248	0.1644242210702339
793.916	-0.1124719789297659
795.583	0.188618221070234
797.251	-0.098621378929766
798.919	0.1768055210702339
800.587	-0.1285255789297659
802.255	0.145387121070234
803.923	-0.1366127789297659
805.591	0.154373521070234
807.259	-0.1188157789297659
808.927	0.200320421070234
810.594	-0.071837878929766
812.262	0.2307800210702341
813.93	-0.0436259789297658
815.598	0.215985821070234
817.266	-0.0971829789297659
818.934	0.1414818210702339
820.602	-0.1874717789297659
822.27	0.100881221070234
823.938	-0.197379578929766
825.605	0.1016267210702341
827.273	-0.1767878789297659
828.941	0.119106221070234
830.609	-0.1563830789297659
832.277	0.144521521070234
833.945	-0.1160940789297658
835.613	0.211996821070234
837.281	-0.059251578929766
838.949	0.2465965210702339
840.616	-0.0604739789297659
842.284	0.213505021070234
843.952	-0.0917688789297659
845.62	0.162566421070234
847.288	-0.1442263789297659
848.956	0.123132021070234
850.624	-0.177347478929766
852.292	0.1162424210702339
853.96	-0.157601078929766
855.627	0.158895521070234
857.295	-0.0939702789297659
858.963	0.2042333210702339
860.631	-0.090409178929766
862.299	0.201204021070234
863.967	-0.0775207789297659
865.635	0.224955021070234
867.303	-0.0525916789297659
868.971	0.235679221070234
870.638	-0.0539968789297659
872.306	0.2978367210702339
873.974	0.053859621070234
875.642	0.5052385610702339
877.31	0.341647691070234
878.978	0.5378332210702341
880.646	-0.5616815789297659
882.314	-1.329873308929766
883.982	-2.533501478929766
885.649	-2.755700218929765
887.317	-2.900072778929766
888.985	-1.970174278929766
890.653	-1.436944778929766
892.321	-0.446690778929766
893.989	-0.5174497789297661
895.657	-0.2945847789297659
897.325	-0.4601537789297659
898.993	-0.2124801789297659
900.66	-0.4381467789297659
902.328	-0.229615178929766
903.996	-0.478333778929766
905.664	-0.250731378929766
907.332	-0.4869457789297658
909.0	-0.245691878929766
910.668	-0.478770778929766
912.336	-0.307937978929766
914.004	-0.5490247789297659
915.671	-0.294036278929766
917.339	-0.4499168789297659
919.007	-0.1265949789297659
920.675	-0.241654978929766
922.343	0.0671391950702339
924.011	-0.127174378929766
925.679	0.0525380510702339
927.347	-0.208989378929766
929.015	-0.0542460789297659
930.682	-0.2534408789297661
932.35	-0.083313038929766
934.018	-0.267747578929766
935.686	-0.1643168789297659
937.354	-0.3796092389297659
939.022	-0.3247875789297659
940.69	-0.4201210789297659
942.358	-0.327029578929766
944.026	-0.3702983789297658
945.693	-0.3078800189297659
947.361	-0.2409890789297659
949.029	-0.543240878929766
950.697	-0.3650355389297659
952.365	-1.9437020789297652
954.033	5.4659217210702336
955.701	22.070447221070232
957.369	36.22735722107023
959.037	48.20027722107024
960.704	48.97608722107024
962.372	39.22073722107024
964.04	24.78571722107024
965.708	8.520362221070233
967.376	-1.2210090789297658
969.044	0.3761726210702341
970.712	-0.4370306789297659
972.38	0.544068321070234
974.048	-0.1476252789297659
975.715	0.603845921070234
977.383	-0.1406367789297659
979.051	0.365496921070234
980.719	-0.2447617789297659
982.387	0.4280602210702339
984.055	-0.1714417789297659
985.723	0.3065232210702341
987.391	-0.376027778929766
989.059	0.5648497210702341
990.727	0.8115532210702341
992.394	3.073390221070234
994.062	5.140869621070234
995.73	9.110423221070231
997.398	11.330524221070236
999.066	13.022903221070232
1000.73	11.850810221070237
1002.4	9.961503221070236
1004.07	6.382454221070234
1005.74	3.9017742210702338
1007.41	1.4248382210702344
1009.07	1.0318372210702342
1010.74	0.386245421070234
1012.41	0.5519511210702339
1014.08	0.1966171510702339
1015.74	0.4351516210702341
1017.41	0.115304051070234
1019.08	0.4596614210702341
1020.75	0.157878881070234
1022.42	0.4574864210702342
1024.08	0.0165139210702339
1025.75	0.323831921070234
1027.42	-0.0923542789297659
1029.09	0.237313821070234
1030.76	-0.1017117789297658
1032.42	0.223379421070234
1034.09	-0.0848877789297659
1035.76	0.268019821070234
1037.43	-0.0991311789297659
1039.1	0.2865525210702341
1040.76	-0.0311371789297659
1042.43	0.3666869210702341
1044.1	0.0223480210702339
1045.77	0.3450519210702341
1047.43	-0.0080020789297658
1049.1	0.331798701070234
1050.77	-0.0310959789297659
1052.44	0.3468119510702339
1054.11	0.055180821070234
1055.77	0.4371632210702339
1057.44	0.1214222210702339
1059.11	0.457957121070234
1060.78	0.187721024070234
1062.45	0.6691716610702342
1064.11	0.481365821070234
1065.78	0.8375391210702341
1067.45	0.098611591070234
1069.12	-0.2836742789297659
1070.79	-1.3033776789297662
1072.45	-1.567243778929766
1074.12	-1.9317168789297656
1075.79	-1.287900478929766
1077.46	-1.063276778929766
1079.12	-0.2146909789297658
1080.79	-0.309510778929766
1082.46	0.030507221070234
1084.13	-0.2197597789297659
1085.8	0.091257221070234
1087.46	-0.2067727789297659
1089.13	0.074587221070234
1090.8	-0.223594778929766
1092.47	0.050554221070234
1094.14	-0.256892778929766
1095.8	0.079745221070234
1097.47	-0.2266657789297659
1099.14	0.1057773210702339
1100.81	-0.228290778929766
1102.48	0.076121121070234
1104.14	-0.187850778929766
1105.81	0.169669221070234
1107.48	-0.0802137789297659
1109.15	0.273030221070234
1110.81	-0.0390197789297658
1112.48	0.2606028210702341
1114.15	-0.0791947789297659
1115.82	0.222665221070234
1117.49	-0.0755927789297659
1119.15	0.248854221070234
1120.82	-0.0363387789297659
1122.49	0.273103221070234
1124.16	-0.0306347789297659
1125.83	0.293426221070234
1127.49	-0.0070247789297659
1129.16	0.330589221070234
1130.83	0.017246221070234
1132.5	0.304086221070234
1134.17	0.021389221070234
1135.83	0.348438221070234
1137.5	0.077274221070234
1139.17	0.417275221070234
1140.84	0.1373262210702341
1142.5	0.4729026210702339
1144.17	0.370764221070234
1145.84	0.371966121070234
1147.51	-0.1093907789297658
1149.18	0.275399221070234
1150.84	0.170272621070234
1152.51	1.128835321070234
1154.18	2.233068321070234
1155.85	5.002599421070234
1157.52	6.962109221070233
1159.18	8.457053221070236
1160.85	7.850902221070234
1162.52	6.473490221070236
1164.19	3.515616221070234
1165.85	1.253381351070234
1167.52	-0.945941778929766
1169.19	-0.8009861789297663
1170.86	-0.933703778929766
1172.53	-0.284013178929766
1174.19	-0.266448478929766
1175.86	0.1576541210702338
1177.53	-0.2091561789297659
1179.2	0.0743637210702339
1180.87	-0.2567237789297659
1182.53	0.0199798210702339
1184.2	-0.386185978929766
1185.87	-0.1342971789297659
1187.54	-0.4731767789297659
1189.21	-0.1536055789297659
1190.87	-0.4312747789297659
1192.54	-0.0172419789297659
1194.21	-0.253525778929766
1195.88	0.114648421070234
1197.54	-0.2261237789297659
1199.21	0.0633448210702339
1200.88	-0.3337607789297659
1202.55	-0.0403906789297659
1204.22	-0.385336778929766
1205.88	-0.0730079789297659
1207.55	-0.3644597789297659
1209.22	-0.0351778789297659
1210.89	-0.3422467789297659
1212.56	-0.0162727789297659
1214.22	-0.3646277789297659
1215.89	-0.005945878929766
1217.56	-0.2858447789297659
1219.23	0.025845521070234
1220.9	-0.281492778929766
1222.56	0.0305778210702339
1224.23	-0.279336778929766
1225.9	0.041550921070234
1227.57	-0.256827778929766
1229.23	0.090435321070234
1230.9	-0.2078217789297659
1232.57	0.103568221070234
1234.24	-0.1980437789297659
1235.91	0.137990821070234
1237.57	-0.1580067789297659
1239.24	0.153995621070234
1240.91	-0.175760778929766
1242.58	0.1270649210702339
1244.25	-0.173931778929766
1245.91	0.1386895210702339
1247.58	-0.169037478929766
1249.25	0.142088021070234
1250.92	-0.1355381789297659
1252.59	0.249721921070234
1254.25	-0.0175137789297659
1255.92	0.3744425210702341
1257.59	0.696474521070234
1259.26	1.9913981210702345
1260.92	2.502558321070234
1262.59	3.3950902210702347
1264.26	2.962976221070234
1265.93	2.588800221070233
1267.6	1.312099421070234
1269.26	0.6519762210702341
1270.93	-0.1201029789297661
1272.6	0.2747687210702341
1274.27	-0.038397278929766
1275.94	0.338962981070234
1277.6	0.011162021070234
1279.27	0.283827921070234
1280.94	-0.0913136789297659
1282.61	0.196967721070234
1284.28	-0.1641085789297659
1285.94	0.137807921070234
1287.61	-0.1866007789297658
1289.28	0.136130821070234
1290.95	-0.1994457789297659
1292.61	0.106046721070234
1294.28	-0.2052447789297659
1295.95	0.1073814210702341
1297.62	-0.1700397789297659
1299.29	0.165561821070234
1300.95	-0.1745417789297659
1302.62	0.120686721070234
1304.29	-0.2710677789297659
1305.96	0.0003745210702341
1307.63	-0.3201027789297659
1309.29	-0.0093568789297659
1310.96	-0.3065427789297659
1312.63	0.0383852210702341
1314.3	-0.250536778929766
1315.97	0.086948021070234
1317.63	-0.222288578929766
1319.3	0.094238021070234
1320.97	-0.257559778929766
1322.64	0.040444221070234
1324.3	-0.3062127789297659
1325.97	-0.010559778929766
1327.64	-0.312328778929766
1329.31	-0.008441778929766
1330.98	-0.3003437789297659
1332.64	0.096722321070234
1334.31	-0.1634807789297659
1335.98	0.231312321070234
1337.65	-0.0230361789297659
1339.32	0.268646421070234
1340.98	-0.0405977789297659
1342.65	0.1924462210702339
1344.32	-0.1422507789297659
1345.99	0.133102421070234
1347.65	-0.1545447789297659
1349.32	0.111119221070234
1350.99	-0.1663997789297659
1352.66	0.028257521070234
1354.33	0.162967021070234
1355.99	1.911941421070234
1357.66	2.7076002210702343
1359.33	3.888958221070234
1361.0	3.593870221070234
1362.67	2.907229221070234
1364.33	1.227371621070234
1366.0	0.1446402210702339
1367.67	-1.117189778929766
1369.34	-0.4662717789297659
1371.01	-0.6018347789297659
1372.67	-0.1701963789297659
1374.34	0.1520292210702341
1376.01	3.619372221070234
1377.68	5.479621321070233
1379.34	7.822801021070234
1381.01	7.826598221070235
1382.68	6.584870221070235
1384.35	3.835606221070235
1386.02	1.7039652210702343
1387.68	-0.7734943789297659
1389.35	0.126218821070234
1391.02	-0.2258351089297659
1392.69	0.255092821070234
1394.36	-0.0193668789297659
1396.02	0.3978327210702339
1397.69	0.142123221070234
1399.36	0.471923721070234
1401.03	0.1294872210702339
1402.7	0.425578321070234
1404.36	-0.0351207789297659
1406.03	0.306583321070234
1407.7	-0.0570479789297659
1409.37	0.3338609210702339
1411.03	-0.0721453789297659
1412.7	0.2564222010702339
1414.37	-0.2005997789297658
1416.04	0.060026221070234
1417.71	-0.3714137789297659
1419.37	-0.0569207789297659
1421.04	-0.3848417789297659
1422.71	0.1005500210702341
1424.38	-0.2171047789297659
1426.05	0.213580021070234
1427.71	-0.0864723789297659
1429.38	0.282840811070234
1431.05	-0.078703878929766
1432.72	0.1841704210702339
1434.39	-0.2759477789297659
1436.05	-0.0998967789297658
1437.72	-0.590733778929766
1439.39	-0.334458778929766
1441.06	-0.7291367789297659
1442.72	-0.424992978929766
1444.39	-0.6071047789297659
1446.06	0.0701163210702341
1447.73	0.3269116210702339
1449.4	1.224282021070234
1451.06	1.304768221070234
1452.73	1.834445591070234
1454.4	1.3253606210702338
1456.07	1.274803521070234
1457.74	0.5627144210702341
1459.4	0.671764731070234
1461.07	0.210847921070234
1462.74	0.494878021070234
1464.41	0.066140221070234
1466.08	0.386707721070234
1467.74	-0.0121927789297659
1469.41	0.325143221070234
1471.08	-0.1241607789297659
1472.75	0.214916821070234
1474.41	-0.272385778929766
1476.08	0.1425739210702341
1477.75	-0.1817634789297659
1479.42	2.7751697210702337
1481.09	6.424531421070233
1482.75	10.424294721070234
1484.42	12.470033221070237
1486.09	12.607334221070234
1487.76	9.635500021070234
1489.43	6.467382221070233
1491.09	2.291647121070234
1492.76	0.8990551570702341
1494.43	0.5399697210702341
1496.1	0.6828869210702342
1497.76	0.2806818210702341
1499.43	0.490108421070234
1501.1	0.226593821070234
1502.77	0.482406321070234
1504.44	0.2011722210702339
1506.1	0.4846467210702341
1507.77	0.1815352210702339
1509.44	0.4250068210702339
1511.11	0.0797492210702341
1512.78	0.3223566210702341
1514.44	-0.0394757789297659
1516.11	0.207491221070234
1517.78	-0.0958857789297658
1519.45	0.1905582210702341
1521.12	-0.0673367789297659
1522.78	0.2634602210702341
1524.45	0.018173221070234
1526.12	0.4137952210702341
1527.79	0.195355221070234
1529.45	0.6340842210702342
1531.12	0.4970492210702341
1532.79	0.8865072210702343
1534.46	0.7380482210702342
1536.13	1.421979221070234
1537.79	1.6138112210702338
1539.46	2.649095021070234
1541.13	4.870910021070235
1542.8	8.511455221070234
1544.47	10.447999221070232
1546.13	11.610225221070234
1547.8	9.535464221070232
1549.47	6.521351221070235
1551.14	2.577573221070234
1552.81	-0.351098478929766
1554.47	-1.782977878929766
1556.14	-0.8513780789297659
1557.81	-0.9631768689297662
1559.48	-0.3791863789297659
1561.14	-0.5969018789297659
1562.81	-0.2046672789297659
1564.48	-0.315513678929766
1566.15	0.286869721070234
1567.82	0.0731803210702341
1569.48	0.4364233210702339
1571.15	-0.0740035389297659
1572.82	-0.0792791589297659
1574.49	-0.6212414789297659
1576.16	-0.511999578929766
1577.82	-0.910009778929766
1579.49	-0.6026337789297658
1581.16	-0.967077778929766
1582.83	-0.612934778929766
1584.5	-0.869877778929766
1586.16	-0.4370777789297659
1587.83	-0.6672617789297659
1589.5	-0.272278778929766
1591.17	-0.5980497789297657
1592.83	-0.3773767789297661
1594.5	-0.8981131889297658
1596.17	-0.7592514789297657
1597.84	-0.666615778929766
1599.51	6.034770921070234
1601.17	21.779080221070235
1602.84	41.96180722107023
1604.51	57.04337722107024
1606.18	63.29426722107023
1607.85	55.64626722107023
1609.51	39.81388722107024
1611.18	20.27039622107024
1612.85	5.986123721070234
1614.52	0.339476221070234
1616.19	1.7662513410702334
1617.85	2.7100959210702347
1619.52	4.519177321070235
1621.19	5.1720923210702345
1622.86	5.632738621070234
1624.52	4.335312221070234
1626.19	3.366792721070234
1627.86	1.325869221070234
1629.53	0.818572821070234
1631.2	0.3619401210702341
1632.86	0.5600110210702341
1634.53	0.1602009210702339
1636.2	0.423273821070234
1637.87	0.066928721070234
1639.54	0.408266221070234
1641.2	0.1135961210702341
1642.87	0.4450352210702342
1644.54	0.099480921070234
1646.21	0.3847172210702341
1647.88	-0.0041248789297658
1649.54	0.2899126210702341
1651.21	-0.049098478929766
1652.88	0.303637121070234
1654.55	-0.008413388929766
1656.21	0.344012821070234
1657.88	0.021155721070234
1659.55	0.3512134210702339
1661.22	0.048736321070234
1662.89	0.3585864210702341
1664.55	0.0107134210702341
1666.22	0.3188696210702341
1667.89	-0.0522339789297659
1669.56	0.248849661070234
1671.23	-0.0825357789297659
1672.89	0.2904113810702341
1674.56	0.059988521070234
1676.23	0.376369651070234
1677.9	0.0082109210702341
1679.56	0.311472721070234
1681.23	0.1786882210702339
1682.9	0.676934221070234
1684.57	0.492734221070234
1686.24	1.439497221070234
1687.9	2.1851101210702337
1689.57	3.472822631070234
1691.24	3.763753721070235
1692.91	4.012118521070233
1694.58	3.0085255210702337
1696.24	2.222061221070234
1697.91	0.6185156210702341
1699.58	0.1799103210702339
1701.25	-0.2214581789297659
1702.92	0.1482219210702341
1704.58	-0.140843078929766
1706.25	0.201358921070234
1707.92	-0.0916090789297659
1709.59	0.264610221070234
1711.25	-0.018603778929766
1712.92	0.3017587210702341
1714.59	-0.0093309789297658
1716.26	0.275031161070234
1717.93	-0.079507178929766
1719.59	0.198115721070234
1721.26	-0.1280496789297661
1722.93	0.1824261210702341
1724.6	-0.1599290789297659
1726.27	0.137634321070234
1727.93	-0.1946726789297659
1729.6	0.142570421070234
1731.27	-0.1439753789297659
1732.94	0.229986611070234
1734.61	-0.0348315789297659
1736.27	0.319019531070234
1737.94	0.009352221070234
1739.61	0.3337066210702339
1741.28	0.010994921070234
1742.94	0.330491511070234
1744.61	0.005447221070234
1746.28	0.3195430210702341
1747.95	0.0112396210702339
1749.62	0.317565521070234
1751.28	0.011957221070234
1752.95	0.3333910210702341
1754.62	0.0200661210702341
1756.29	0.337554761070234
1757.96	0.034855921070234
1759.62	0.344519271070234
1761.29	0.034656721070234
1762.96	0.297988201070234
1764.63	-0.033246378929766
1766.3	0.281929041070234
1767.96	-0.010309878929766
1769.63	0.337047321070234
1771.3	0.0649881210702339
1772.97	0.379996721070234
1774.63	0.0627658210702341
1776.3	0.3396025210702341
1777.97	0.0028697210702339
1779.64	0.3117993210702341
1781.31	0.031123121070234
1782.97	0.3492148110702341
1784.64	0.068739821070234
1786.31	0.3937420210702341
1787.98	0.097380321070234
1789.65	0.416706931070234
1791.31	0.1910205210702339
1792.98	0.549318321070234
1794.65	0.644313021070234
1796.32	1.6433601210702338
1797.99	1.727496701070234
1799.65	2.247316821070234
1801.32	1.6821943210702344
1802.99	1.3706817610702342
1804.66	0.397935221070234
1806.32	0.090079021070234
1807.99	-0.5629417789297658
1809.66	-0.1095131789297658
1811.33	-0.4462307789297659
1813.0	-0.101342078929766
1814.66	-0.4041137789297661
1816.33	-0.0509653789297659
1818.0	-0.340444978929766
1819.67	0.051649221070234
1821.34	-0.218460878929766
1823.0	0.1824428410702339
1824.67	-0.080627278929766
1826.34	0.240732621070234
1828.01	-0.1056664789297659
1829.68	0.1610017210702341
1831.34	-0.2156059789297659
1833.01	0.093338821070234
1834.68	-0.2478447789297659
1836.35	0.058439121070234
1838.01	-0.2924717789297659
1839.68	0.0061497210702341
1841.35	-0.3035447789297659
1843.02	0.050310521070234
1844.69	-0.2275317789297659
1846.35	0.1427507210702341
1848.02	-0.1594246789297659
1849.69	0.160529121070234
1851.36	-0.1566047789297659
1853.03	0.165685521070234
1854.69	-0.1221152789297659
1856.36	0.2201763210702341
1858.03	-0.0901517789297659
1859.7	0.2286966210702342
1861.36	-0.086353778929766
1863.03	0.2153896210702341
1864.7	-0.123703778929766
1866.37	0.169528421070234
1868.04	-0.177319778929766
1869.7	0.1334012210702339
1871.37	-0.157946778929766
1873.04	0.1833337210702341
1874.71	-0.1237487789297659
1876.38	0.184861621070234
1878.04	-0.1733439789297658
1879.71	0.1195693210702341
1881.38	-0.2071090789297659
1883.05	0.113506921070234
1884.72	-0.1867037789297659
1886.38	0.1534294210702341
1888.05	-0.1541967789297659
1889.72	0.165459021070234
1891.39	-0.158190778929766
1893.05	0.1390277210702339
1894.72	-0.200609778929766
1896.39	0.0992681210702339
1898.06	-0.2360967789297659
1899.73	0.0931986210702341
1901.39	-0.2091067789297658
1903.06	0.121832421070234
1904.73	-0.1884867789297659
1906.4	0.138270121070234
1908.07	-0.1537467789297659
1909.73	0.2060605210702339
1911.4	-0.0698545789297659
1913.07	0.297707921070234
1914.74	0.011819121070234
1916.41	0.3549415210702341
1918.07	0.032750121070234
1919.74	0.3380712210702341
1921.41	0.0078502210702341
1923.08	0.2889811210702341
1924.74	-0.075482778929766
1926.41	0.1829335210702339
1928.08	-0.1738907789297659
1929.75	0.148528821070234
1931.42	-0.1548767789297659
1933.08	0.2069156210702341
1934.75	-0.0660561789297658
1936.42	0.2668963210702341
1938.09	-0.0543639789297658
1939.76	0.2232469210702339
1941.42	-0.1366187789297659
1943.09	0.145589221070234
1944.76	-0.2175367789297659
1946.43	0.0732997210702339
1948.1	-0.2639987789297659
1949.76	0.065411121070234
1951.43	-0.2257837789297659
1953.1	0.1309121210702341
1954.77	-0.1475437789297659
1956.43	0.197902621070234
1958.1	-0.1101477789297658
1959.77	0.1954717210702339
1961.44	-0.132991778929766
1963.11	0.1727053210702339
1964.77	-0.1535128789297659
1966.44	0.175075621070234
1968.11	-0.1130027789297659
1969.78	0.2311224210702341
1971.45	-0.0491197789297659
1973.11	0.2896383210702341
1974.78	-0.0053797789297657
1976.45	0.332586421070234
1978.12	0.0333232210702339
1979.79	0.3598126210702339
1981.45	0.052737221070234
1983.12	0.361286021070234
1984.79	0.040030221070234
1986.46	0.378287221070234
1988.12	0.081866221070234
1989.79	0.410296521070234
1991.46	0.004615221070234
1993.13	0.221358421070234
1994.8	-0.2105537789297659
1996.46	0.019702821070234
1998.13	-0.2964034789297661
1999.8	0.073635921070234
2001.47	-0.1832360789297659
2003.14	0.1924944210702339
2004.8	-0.147929478929766
2006.47	0.145588321070234
2008.14	-0.193468778929766
2009.81	0.087023321070234
2011.48	-0.2534087789297659
2013.14	0.061552321070234
2014.81	-0.242878778929766
2016.48	0.088350921070234
2018.15	-0.202077378929766
2019.81	0.132168621070234
2021.48	-0.1741336789297659
2023.15	0.1496131210702339
2024.82	-0.1710117789297659
2026.49	0.124983921070234
2028.15	-0.1994247789297659
2029.82	0.077642221070234
2031.49	-0.285623778929766
2033.16	-0.0131319789297659
2034.83	-0.351226378929766
2036.49	-0.0436123789297659
2038.16	-0.339692778929766
2039.83	-0.0021826789297659
2041.5	-0.2581717789297659
2043.16	0.0888636210702339
2044.83	-0.2032527789297659
2046.5	0.1304664210702339
2048.17	-0.153075278929766
2049.84	0.186194921070234
2051.5	-0.1052738789297659
2053.17	0.2170619210702339
2054.84	-0.1003075789297659
2056.51	0.183766921070234
2058.18	-0.1717757789297659
2059.84	0.109887021070234
2061.51	-0.206840778929766
2063.18	0.1082886210702339
2064.85	-0.1941357789297659
2066.52	0.1305990210702339
2068.18	-0.1815967789297659
2069.85	0.1422609210702339
2071.52	-0.1668413789297659
2073.19	0.153005621070234
2074.85	-0.167352778929766
2076.52	0.1341495210702339
2078.19	-0.1957417789297659
2079.86	0.1108911210702341
2081.53	-0.202988778929766
2083.19	0.119673421070234
2084.86	-0.1847207789297659
2086.53	0.147388821070234
2088.2	-0.1631917789297659
2089.87	0.1600296210702341
2091.53	-0.1601797789297659
2093.2	0.156655821070234
2094.87	-0.1678347789297659
2096.54	0.132830421070234
2098.21	-0.1885957789297658
2099.87	0.130638521070234
2101.54	-0.192300778929766
2103.21	0.115654721070234
2104.88	-0.256481778929766
2106.54	0.051989421070234
2108.21	-0.2455767789297659
2109.88	0.125117121070234
2111.55	-0.1216637789297659
2113.22	0.253094721070234
2114.88	-0.0550057789297658
2116.55	0.2380480210702341
2118.22	-0.1611297789297659
2119.89	0.110063021070234
2121.56	-0.2271977789297659
2123.22	0.099704621070234
2124.89	-0.2076587789297659
2126.56	0.133104621070234
2128.23	-0.1656097789297659
2129.9	0.1589778210702339
2131.56	-0.1711587789297658
2133.23	0.135893321070234
2134.9	-0.2020307789297659
2136.57	0.1093085210702339
2138.23	-0.2157907789297659
2139.9	0.1013893210702339
2141.57	-0.1994077789297658
2143.24	0.132331821070234
2144.91	-0.185296778929766
2146.57	0.1337363210702341
2148.24	-0.1849077789297659
2149.91	0.1387376210702341
2151.58	-0.1695694789297658
2153.25	0.1580634210702341
2154.91	-0.145899078929766
2156.58	0.178301021070234
2158.25	-0.1396148789297659
2159.92	0.185672321070234
2161.59	-0.1218727789297661
2163.25	0.2186812210702339
2164.92	-0.0805468789297658
2166.59	0.239570521070234
2168.26	-0.074718578929766
2169.92	0.226639821070234
2171.59	-0.1122037789297659
2173.26	0.187319821070234
2174.93	-0.1403427789297659
2176.6	0.1761085210702339
2178.26	-0.1344847789297659
2179.93	0.176460021070234
2181.6	-0.1448177789297659
2183.27	0.1664315210702341
2184.94	-0.153528778929766
2186.6	0.166438021070234
2188.27	-0.139043778929766
2189.94	0.1795730210702339
2191.61	-0.1551767789297659
2193.28	0.138816421070234
2194.94	-0.2033557789297659
2196.61	0.106861221070234
2198.28	-0.2068747789297658
2199.95	0.126254121070234
2201.61	-0.164201778929766
2203.28	0.173305421070234
2204.95	-0.1292977789297659
2206.62	0.205221821070234
2208.29	-0.1049547789297659
2209.95	0.219013721070234
2211.62	-0.1067587789297658
2213.29	0.1991382210702341
2214.96	-0.1241907789297659
2216.63	0.195312021070234
2218.29	-0.1323007789297659
2219.96	0.181773421070234
2221.63	-0.1482002789297659
2223.3	0.149568121070234
2224.96	-0.1860717789297659
2226.63	0.112293221070234
2228.3	-0.2005176789297658
2229.97	0.138734421070234
2231.64	-0.160849778929766
2233.3	0.1696357210702341
2234.97	-0.130790778929766
2236.64	0.189498321070234
2238.31	-0.1251627789297659
2239.98	0.1883371210702341
2241.64	-0.1109060789297659
2243.31	0.204346621070234
2244.98	-0.1061483789297658
2246.65	0.199425821070234
2248.32	-0.1288924789297658
2249.98	0.189160821070234
2251.65	-0.1202937789297659
2253.32	0.205027021070234
2254.99	-0.091134278929766
2256.65	0.242857921070234
2258.32	-0.0555105789297659
2259.99	0.265041221070234
2261.66	-0.0676977789297657
2263.33	0.2086000210702339
2264.99	-0.1672807789297659
2266.66	0.062329921070234
2268.33	-0.319937778929766
2270.0	-0.0307023789297659
2271.67	-0.336349778929766
2273.33	0.013123921070234
2275.0	-0.2728687789297659
2276.67	0.055048421070234
2278.34	-0.2492597789297659
2280.01	0.057454921070234
2281.67	-0.2483887789297659
2283.34	0.0880535210702339
2285.01	-0.2004367789297658
2286.68	0.146079721070234
2288.34	-0.139902778929766
2290.01	0.193245821070234
2291.68	-0.1076237789297658
2293.35	0.212505521070234
2295.02	-0.1168349789297659
2296.68	0.1882522210702339
2298.35	-0.1464157789297659
2300.02	0.1491980210702341
2301.69	-0.181609778929766
2303.36	0.1163754210702339
2305.02	-0.2003597789297659
2306.69	0.138089621070234
2308.36	-0.1612637789297658
2310.03	0.182590521070234
2311.7	-0.109209778929766
2313.36	0.235455721070234
2315.03	-0.0460947789297661
2316.7	0.2708861210702341
2318.37	-0.0678167789297659
2320.03	0.197625921070234
2321.7	-0.182189778929766
2323.37	0.077447421070234
2325.04	-0.264747778929766
2326.71	0.052122121070234
2328.37	-0.2381487789297659
2330.04	0.1119979210702339
2331.71	-0.1710557789297659
2333.38	0.167221521070234
2335.05	-0.1470457789297659
2336.71	0.150795921070234
2338.38	-0.184300778929766
2340.05	0.132622121070234
2341.72	-0.160750778929766
2343.39	0.201435221070234
2345.05	-0.0940107789297659
2346.72	0.184687221070234
2348.39	-0.1937377789297659
2350.06	0.068617921070234
2351.72	-0.2451607789297659
2353.39	0.141838421070234
2355.06	-0.102297778929766
2356.73	0.242884921070234
2358.4	-0.0922347789297659
2360.06	0.1283937210702341
2361.73	-0.2837327789297659
2363.4	-0.039105778929766
2365.07	-0.363233778929766
2366.74	0.003106921070234
2368.4	-0.2515317789297659
2370.07	0.103923921070234
2371.74	-0.1649007789297659
2373.41	0.155137121070234
2375.07	-0.1564132789297659
2376.74	0.138721021070234
2378.41	-0.1889847789297659
2380.08	0.121164921070234
2381.75	-0.1900927789297659
2383.41	0.1255395210702339
2385.08	-0.1646777789297659
2386.75	0.172469121070234
2388.42	-0.137106778929766
2390.09	0.1732226210702341
2391.75	-0.149493278929766
2393.42	0.159791421070234
2395.09	-0.1519342789297659
2396.76	0.165084421070234
2398.43	-0.154942778929766
2400.09	0.163179121070234
2401.76	-0.170708778929766
2403.43	0.1355846210702341
2405.1	-0.1722457789297659
2406.76	0.157830121070234
2408.43	-0.140672678929766
2410.1	0.174126821070234
2411.77	-0.154592778929766
2413.44	0.135565521070234
2415.1	-0.2099487789297659
2416.77	0.103321121070234
2418.44	-0.186703778929766
2420.11	0.1472907210702341
2421.78	-0.158783778929766
2423.44	0.135736821070234
2425.11	-0.2219047789297658
2426.78	0.073763421070234
2428.45	-0.2314217789297659
2430.12	0.124758721070234
2431.78	-0.1255362789297659
2433.45	0.222773021070234
2435.12	-0.0868609789297659
2436.79	0.216822921070234
2438.45	-0.1470224789297659
2440.12	0.134982121070234
2441.79	-0.195318778929766
2443.46	0.0973267210702339
2445.13	-0.2179547789297659
2446.79	0.087689421070234
2448.46	-0.2389397789297659
2450.13	0.084500821070234
2451.8	-0.231033778929766
2453.47	0.1049369210702339
2455.13	-0.1779477789297658
2456.8	0.160711121070234
2458.47	-0.1333187789297659
2460.14	0.192875421070234
2461.81	-0.1204917789297658
2463.47	0.197612821070234
2465.14	-0.1108227789297659
2466.81	0.207299821070234
2468.48	-0.1178347789297659
2470.14	0.193003421070234
2471.81	-0.126577778929766
2473.48	0.1983107210702341
2475.15	-0.087551778929766
2476.82	0.232434221070234
2478.48	-0.092940778929766
2480.15	0.179567221070234
2481.82	-0.1906667789297659
2483.49	0.083924721070234
2485.16	-0.2351787789297659
2486.82	0.105077321070234
2488.49	-0.1618767789297659
2490.16	0.201373121070234
2491.83	-0.0862197789297659
2493.5	0.233604821070234
2495.16	-0.0866384789297659
2496.83	0.197057721070234
2498.5	-0.1554757789297659
2500.17	0.103836121070234
2501.83	-0.2955907789297659
2503.5	-0.034969778929766
2505.17	-0.4087847789297659
2506.84	-0.0890842789297658
2508.51	-0.334865778929766
2510.17	0.073815921070234
2511.84	-0.122425978929766
2513.51	0.2785377210702339
2515.18	0.0016662210702339
2516.85	0.333800821070234
2518.51	-0.0124107789297659
2520.18	0.272349021070234
2521.85	-0.063777878929766
2523.52	0.240426421070234
2525.19	-0.0777337789297659
2526.85	0.2315602210702341
2528.52	-0.057172678929766
2530.19	0.275891321070234
2531.86	-0.0304140789297659
2533.52	0.2794838210702342
2535.19	-0.062613278929766
2536.86	0.210569921070234
2538.53	-0.1463963789297659
2540.2	0.141800821070234
2541.86	-0.1537817789297659
2543.53	0.195284021070234
2545.2	-0.0829247789297659
2546.87	0.249591321070234
2548.54	-0.0577457789297659
2550.2	0.2215913210702341
2551.87	-0.1011827789297659
2553.54	0.202387921070234
2555.21	-0.1196687789297659
2556.87	0.185756521070234
2558.54	-0.150897778929766
2560.21	0.1201183210702341
2561.88	-0.2232777789297659
2563.55	0.064073921070234
2565.21	-0.2269457789297659
2566.88	0.127595521070234
2568.55	-0.1480647789297659
2570.22	0.183394921070234
2571.89	-0.1052457789297658
2573.55	0.2321819210702341
2575.22	-0.0489019789297659
2576.89	0.3148288210702341
2578.56	0.033944321070234
2580.23	0.3416777210702339
2581.89	-0.0122818789297659
2583.56	0.2280059210702339
2585.23	-0.1493905789297659
2586.9	0.1355001210702341
2588.56	-0.1767656789297658
2590.23	0.1503421210702341
2591.9	-0.1545047789297659
2593.57	0.1568077210702339
2595.24	-0.1616467789297659
2596.9	0.1514356210702339
2598.57	-0.1589457789297659
2600.24	0.176342821070234
2601.91	-0.1228837789297659
2603.58	0.2009210210702341
2605.24	-0.1144217789297659
2606.91	0.173811921070234
2608.58	-0.158219778929766
2610.25	0.1080481210702339
2611.92	-0.2215887789297659
2613.58	0.086182221070234
2615.25	-0.226408778929766
2616.92	0.133904121070234
2618.59	-0.128853778929766
2620.25	0.2134634210702341
2621.92	-0.050975678929766
2623.59	0.2494836210702342
2625.26	-0.0622657789297659
2626.93	0.238721421070234
2628.59	-0.1103117789297659
2630.26	0.1991448210702341
2631.93	-0.0708647789297659
2633.6	0.286417521070234
2635.27	0.021408221070234
2636.93	0.333298221070234
2638.6	-0.056659778929766
2640.27	0.170765821070234
2641.94	-0.219985778929766
2643.61	0.0336652210702341
2645.27	-0.284615778929766
2646.94	0.028569221070234
2648.61	-0.289239778929766
2650.28	0.037383521070234
2651.94	-0.2685637789297659
2653.61	0.098128621070234
2655.28	-0.1447466789297659
2656.95	0.240224421070234
2658.62	-0.0306778789297659
2660.28	0.310252121070234
2661.95	0.011967621070234
2663.62	0.339427221070234
2665.29	0.019082521070234
2666.96	0.312549921070234
2668.62	-0.0597594789297659
2670.29	0.2216872210702341
2671.96	-0.1158360789297659
2673.63	0.2058240210702341
2675.3	-0.083061778929766
2676.96	0.2600691210702339
2678.63	-0.047599778929766
2680.3	0.253793421070234
2681.97	-0.114995778929766
2683.63	0.143852321070234
2685.3	-0.224256778929766
2686.97	0.058017021070234
2688.64	-0.2649807789297659
2690.31	0.0798962210702341
2691.97	-0.1736576789297659
2693.64	0.2758978210702341
2695.31	0.0632600210702341
2696.98	0.4514251310702339
2698.65	0.1330380210702341
2700.31	0.397790521070234
2701.98	-0.001089778929766
2703.65	0.246002621070234
2705.32	-0.0965347789297659
2706.99	0.270590501070234
2708.65	-0.013498278929766
2710.32	0.331575121070234
2711.99	0.021076821070234
2713.66	0.291095301070234
2715.32	-0.052070078929766
2716.99	0.2206893210702341
2718.66	-0.1136517789297659
2720.33	0.205707421070234
2722.0	-0.0969047789297659
2723.66	0.2237379210702341
2725.33	-0.0641207789297659
2727.0	0.253602721070234
2728.67	-0.057191778929766
2730.34	0.2642143210702339
2732.0	-0.0547258789297659
2733.67	0.246548921070234
2735.34	-0.051523178929766
2737.01	0.2626279210702341
2738.67	-0.0304937789297659
2740.34	0.3132810210702342
2742.01	0.031884221070234
2743.68	0.351207321070234
2745.35	0.0210605210702341
2747.01	0.324768321070234
2748.68	0.019374321070234
2750.35	0.3364034210702341
2752.02	0.0990674210702341
2753.69	0.469530131070234
2755.35	0.191058321070234
2757.02	0.4712297210702342
2758.69	-0.0225871789297659
2760.36	0.0712936210702339
2762.03	-0.4572619789297659
2763.69	-0.3013151789297659
2765.36	-0.6224847789297661
2767.03	-0.2409777789297658
2768.7	-0.4585747789297659
2770.36	-0.0008736789297659
2772.03	-0.245870778929766
2773.7	0.149037621070234
2775.37	-0.0721547789297659
2777.04	0.287920121070234
2778.7	-0.0258387789297658
2780.37	0.2484135210702341
2782.04	-0.1337867789297659
2783.71	0.1513653210702341
2785.38	-0.190866878929766
2787.04	0.1621789410702339
2788.71	-0.0720887789297659
2790.38	0.276867421070234
2792.05	-0.0337542789297659
2793.72	0.259530221070234
2795.38	-0.0953254789297659
2797.05	0.1925220610702342
2798.72	-0.1158046789297659
2800.39	0.255733621070234
2802.05	0.0318011310702341
2803.72	0.376287921070234
2805.39	0.0202081210702341
2807.06	0.277927521070234
2808.73	-0.1029064089297659
2810.39	0.1474376210702339
2812.06	-0.2352238789297659
2813.73	0.058928221070234
2815.4	-0.3183924989297659
2817.07	0.075375321070234
2818.73	-0.0731855789297661
2820.4	0.785008121070234
2822.07	1.0842414210702338
2823.74	2.4305941210702344
2825.41	3.2623868210702343
2827.07	4.978147521070234
2828.74	5.638612821070234
2830.41	6.320061221070234
2832.08	5.662981221070234
2833.74	5.020778221070235
2835.41	3.275550421070234
2837.08	2.293642821070234
2838.75	0.964895321070234
2840.42	0.7835214210702339
2842.08	0.233016221070234
2843.75	0.242831221070234
2845.42	-0.132072778929766
2847.09	0.089047221070234
2848.76	-0.1332717789297658
2850.42	0.308414221070234
2852.09	0.2069102210702341
2853.76	0.637809421070234
2855.43	0.354747221070234
2857.1	0.4924079210702342
2858.76	-0.0007967789297658
2860.43	0.0925912210702339
2862.1	-0.248106778929766
2863.77	0.088754221070234
2865.43	-0.1304908789297659
2867.1	0.310868421070234
2868.77	0.1195262210702341
2870.44	0.523745561070234
2872.11	0.327798821070234
2873.77	0.7157740210702341
2875.44	0.5174840210702341
2877.11	0.900984601070234
2878.78	0.567923121070234
2880.45	0.8361629210702339
2882.11	0.4805263210702342
2883.78	0.8139294210702342
2885.45	0.4656654210702339
2887.12	0.7867370210702342
2888.79	0.3124921210702339
2890.45	0.5673493210702343
2892.12	0.0881390210702341
2893.79	0.1451451210702342
2895.46	-0.219097178929766
2897.12	0.0895524210702338
2898.79	-0.1945229789297659
2900.46	0.406308671070234
2902.13	0.609974621070234
2903.8	1.6737338210702344
2905.46	1.888056421070234
2907.13	2.267341181070233
2908.8	1.7847469210702336
2910.47	1.6541818210702346
2912.14	0.860123021070234
2913.8	0.611460621070234
2915.47	0.1524805810702341
2917.14	0.4857917210702339
2918.81	0.5618019210702341
2920.47	1.755922621070234
2922.14	3.183745721070234
2923.81	8.271993821070234
2925.48	15.564608221070234
2927.15	23.504705221070235
2928.81	28.241438221070236
2930.48	28.95892822107023
2932.15	24.420202221070237
2933.82	17.532166221070234
2935.49	9.367368221070231
2937.15	4.322550221070234
2938.82	2.024152498070234
2940.49	1.932685421070234
2942.16	1.266197521070234
2943.83	1.130526911070234
2945.49	0.5986868210702341
2947.16	0.490537321070234
2948.83	-0.142723178929766
2950.5	0.050916921070234
2952.16	-0.1644773789297659
2953.83	0.347390021070234
2955.5	0.261398221070234
2957.17	0.7329059210702338
2958.84	0.244550221070234
2960.5	0.4988192210702341
2962.17	0.241278521070234
2963.84	0.844504821070234
2965.51	0.795801121070234
2967.18	1.1588672210702338
2968.84	0.612593221070234
2970.51	0.5458287210702342
2972.18	-0.4383957789297659
2973.85	-0.5190217789297658
2975.52	-0.970528878929766
2977.18	-0.575541778929766
2978.85	-0.7673382789297659
2980.52	-0.3360336989297661
2982.19	-0.4033870689297659
2983.85	0.223753621070234
2985.52	0.1099214210702339
2987.19	0.497798756070234
2988.86	-0.1241278789297659
2990.53	0.2549879210702341
2992.19	-0.171001178929766
2993.86	0.3110267610702338
2995.53	-0.1051432789297662
2997.2	3.526812511070234
2998.87	14.086239721070234
3000.53	29.083644421070236
3002.2	41.73411522107024
3003.87	48.78740022107024
3005.54	45.42461822107023
3007.21	34.72302422107023
3008.87	19.809333221070236
3010.54	7.327468221070232
3012.21	1.803624321070234
3013.88	1.1589269010702337
3015.54	0.751845321070234
3017.21	0.474180121070234
3018.88	-0.0391355789297661
3020.55	-0.0787707789297658
3022.22	-0.3706922789297658
3023.88	-0.2787957789297658
3025.55	-0.341628378929766
3027.22	0.2336432210702337
3028.89	0.825105021070234
3030.56	1.882595221070234
3032.22	2.948326921070234
3033.89	5.181096221070233
3035.56	6.616788691070234
3037.23	7.453638221070233
3038.9	6.488529621070233
3040.56	4.7990908210702345
3042.23	2.2386523210702345
3043.9	0.328932621070234
3045.57	-1.304421678929766
3047.23	-0.909876778929766
3048.9	-0.5695001789297656
3050.57	0.0667143710702341
3052.24	-0.0773492789297659
3053.91	0.266007221070234
3055.57	0.035070321070234
3057.24	0.3496584210702338
3058.91	0.1305871210702339
3060.58	0.3375659210702341
3062.25	-0.0444547389297659
3063.91	0.0427854210702339
3065.58	-0.3476177789297658
3067.25	-0.1495250789297658
3068.92	-0.1671760789297659
3070.59	0.3866442210702338
3072.25	0.920078221070234
3073.92	2.0990746910702347
3075.59	4.186868221070234
3077.26	8.829761221070234
3078.92	15.242159221070231
3080.59	24.04998632107024
3082.26	30.89129222107024
3083.93	34.41779422107023
3085.6	33.009719221070235
3087.26	27.19771222107023
3088.93	18.910281221070235
3090.6	11.715076221070234
3092.27	5.653611221070234
3093.94	3.1840698210702336
3095.6	1.3431442210702342
3097.27	0.7652280210702341
3098.94	0.1809044210702339
3100.61	0.383580221070234
3102.27	0.1033159210702339
3103.94	0.5376875210702339
3105.61	0.1877732210702341
3107.28	0.5030142210702341
3108.95	0.0087939210702339
3110.61	0.2525282210702341
3112.28	-0.1979232789297659
3113.95	0.116985221070234
3115.62	-0.2193227789297661
3117.29	0.215015221070234
3118.95	-0.033109778929766
3120.62	0.4141878210702339
3122.29	0.219512721070234
3123.96	0.974662021070234
3125.63	1.484579821070234
3127.29	2.5250367210702342
3128.96	2.649464221070234
3130.63	2.868194981070234
3132.3	1.862675221070234
3133.96	1.196836221070234
3135.63	-0.1563507789297659
3137.3	-0.5152737789297659
3138.97	-0.856321778929766
3140.64	-0.4047850789297659
3142.3	-0.5230457789297658
3143.97	-0.0831799789297659
3145.64	-0.3159794789297659
3147.31	-0.016136978929766
3148.98	-0.3938162789297659
3150.64	-0.1394497789297658
3152.31	-0.4243397789297659
3153.98	0.004556521070234
3155.65	-0.1494952789297659
3157.32	0.315454921070234
3158.98	0.0892784210702339
3160.65	0.472072961070234
3162.32	0.169414621070234
3163.99	0.458852721070234
3165.65	0.0717303210702341
3167.32	0.359565621070234
3168.99	-0.0367774789297658
3170.66	0.2222043210702339
3172.33	-0.134781778929766
3173.99	0.2069725210702341
3175.66	-0.0502597789297659
3177.33	0.362017221070234
3179.0	0.065795221070234
3180.67	0.3896565210702341
3182.33	0.023201721070234
3184.0	0.300767021070234
3185.67	-0.073332678929766
3187.34	0.2569483210702341
3189.01	-0.069806778929766
3190.67	0.2333288210702339
3192.34	-0.113097278929766
3194.01	0.183020721070234
3195.68	-0.1815151789297659
3197.34	0.150649321070234
3199.01	-0.1770278789297659
3200.68	0.132133221070234
3202.35	-0.1700668789297659
3204.02	0.096221721070234
3205.68	-0.277187578929766
3207.35	0.0077718210702341
3209.02	-0.3078397789297659
3210.69	-0.0044227789297658
3212.36	-0.2895797789297659
3214.02	0.0062728210702339
3215.69	-0.293838878929766
3217.36	0.0100559110702341
3219.03	-0.326116678929766
3220.7	-0.0021477789297658
3222.36	-0.249279978929766
3224.03	0.1440597210702339
3225.7	-0.0688116789297659
3227.37	0.350589021070234
3229.03	0.1115862210702341
3230.7	0.428088921070234
3232.37	0.0613445210702339
3234.04	0.287395821070234
3235.71	-0.1254125789297659
3237.37	0.1236711210702341
3239.04	-0.2373039789297659
3240.71	0.052894021070234
3242.38	-0.249882578929766
3244.05	0.036195521070234
3245.71	-0.2708487789297659
3247.38	0.056901021070234
3249.05	-0.192557378929766
3250.72	0.1979579210702339
3252.38	-0.0010851789297659
3254.05	0.3806821210702341
3255.72	0.109197221070234
3257.39	0.3751620210702341
3259.06	-0.0143235789297659
3260.72	0.299162721070234
3262.39	0.093906921070234
3264.06	0.466178221070234
3265.73	0.143090121070234
3267.4	0.411052721070234
3269.06	-0.0565417789297659
3270.73	0.118126821070234
3272.4	-0.3009256789297659
3274.07	0.026088021070234
3275.74	-0.211417578929766
3277.4	0.151350721070234
3279.07	-0.219078778929766
3280.74	0.075567321070234
3282.41	-0.2692837789297659
3284.07	0.086831421070234
3285.74	-0.1488747789297659
3287.41	0.271937421070234
3289.08	0.020307321070234
3290.75	0.3406578310702339
3292.41	-0.021311778929766
3294.08	0.2166301910702339
3295.75	-0.184214678929766
3297.42	0.095092121070234
3299.09	-0.2714327789297659
3300.75	-0.012000278929766
3302.42	-0.3643557789297659
3304.09	-0.0444585789297659
3305.76	-0.2877367789297659
3307.43	0.0781521210702341
3309.09	-0.1996887789297659
3310.76	0.123651821070234
3312.43	-0.224660778929766
3314.1	0.037819321070234
3315.76	-0.3020527789297659
3317.43	-0.0147197789297659
3319.1	-0.291756778929766
3320.77	0.036961221070234
3322.44	-0.2508857789297659
3324.1	0.091329221070234
3325.77	-0.178752778929766
3327.44	0.138905221070234
3329.11	-0.1615517789297659
3330.78	0.167824221070234
3332.44	-0.0961817789297659
3334.11	0.265870421070234
3335.78	-0.0224364789297659
3337.45	0.2457644210702339
3339.12	-0.1346976789297659
3340.78	0.0783097210702339
3342.45	-0.284450778929766
3344.12	0.009637621070234
3345.79	-0.260342978929766
3347.45	0.1166734810702341
3349.12	-0.1459215789297658
3350.79	0.221322861070234
3352.46	-0.0897289789297659
3354.13	0.188956821070234
3355.79	-0.163043778929766
3357.46	0.062828821070234
3359.13	-0.3342467789297659
3360.8	-0.0514477789297659
3362.47	-0.397299778929766
3364.13	-0.049016778929766
3365.8	-0.3374017789297659
3367.47	0.0087613210702341
3369.14	-0.285292778929766
3370.81	0.0265034210702339
3372.47	-0.2906422789297659
3374.14	0.011287921070234
3375.81	-0.307945778929766
3377.48	0.005850321070234
3379.14	-0.311190778929766
3380.81	0.026439221070234
3382.48	-0.263784778929766
3384.15	0.075668221070234
3385.82	-0.203001778929766
3387.48	0.123804421070234
3389.15	-0.1994427789297659
3390.82	0.106565521070234
3392.49	-0.2401377789297659
3394.16	0.068885521070234
3395.82	-0.2552937789297659
3397.49	0.0689570210702339
3399.16	-0.2691997789297659
3400.83	0.015573021070234
3402.5	-0.3206257789297659
3404.16	0.0054563210702339
3405.83	-0.261512778929766
3407.5	0.1244217210702339
3409.17	-0.148755778929766
3410.83	0.225855121070234
3412.5	-0.079294478929766
3414.17	0.2754436210702339
3415.84	0.001115921070234
3417.51	0.352552921070234
3419.17	0.092986221070234
3420.84	0.385092521070234
3422.51	0.0202049210702341
3424.18	0.3068909210702341
3425.85	-0.0736047789297659
3427.51	0.2194932210702341
3429.18	-0.1018647789297659
3430.85	0.1967655210702341
3432.52	-0.0924047789297659
3434.18	0.231177921070234
3435.85	-0.0665694789297659
3437.52	0.246332021070234
3439.19	-0.0947137789297659
3440.86	0.192849921070234
3442.52	-0.153916778929766
3444.19	0.155202021070234
3445.86	-0.162490778929766
3447.53	0.163170721070234
3449.2	-0.106300778929766
3450.86	0.225436821070234
3452.53	-0.1155027789297659
3454.2	0.1745081210702339
3455.87	-0.1891277789297659
3457.54	0.0772881210702341
3459.2	-0.2629417789297659
3460.87	0.046869521070234
3462.54	-0.2424547789297659
3464.21	0.114594821070234
3465.87	-0.1963997789297659
3467.54	0.117085321070234
3469.21	-0.2087827789297659
3470.88	0.1131389210702341
3472.55	-0.218715778929766
3474.21	0.1094977210702339
3475.88	-0.2050947789297659
3477.55	0.1135467210702339
3479.22	-0.213064778929766
3480.89	0.0973015210702338
3482.55	-0.257253778929766
3484.22	0.063547621070234
3485.89	-0.2686557789297659
3487.56	0.0636295210702341
3489.23	-0.2349877789297659
3490.89	0.102679321070234
3492.56	-0.2333477789297659
3494.23	0.0698798210702339
3495.9	-0.294552778929766
3497.56	0.0345752210702341
3499.23	-0.259027778929766
3500.9	0.0898547210702341
3502.57	-0.1724157789297658
3504.24	0.202187521070234
3505.9	-0.0905227789297658
3507.57	0.2272328210702341
3509.24	-0.1292097789297658
3510.91	0.1664111210702341
3512.58	-0.1946097789297659
3514.24	0.133007821070234
3515.91	-0.1092977789297659
3517.58	0.320640421070234
3519.25	0.094639521070234
3520.92	0.4270905210702341
3522.58	0.0615312210702341
3524.25	0.3191358210702341
3525.92	-0.0850577789297659
3527.59	0.182265421070234
3529.25	-0.149374778929766
3530.92	0.1616162210702339
3532.59	-0.1574607789297659
3534.26	0.1458986210702342
3535.93	-0.1664477789297659
3537.59	0.1392856210702339
3539.26	-0.1586617789297659
3540.93	0.195247521070234
3542.6	-0.0963077789297659
3544.27	0.2630137210702339
3545.93	-0.0271485789297658
3547.6	0.287826921070234
3549.27	-0.0177261789297659
3550.94	0.309231521070234
3552.61	-0.0138737789297659
3554.27	0.321081021070234
3555.94	-0.0377447789297659
3557.61	0.222938721070234
3559.28	-0.1697897789297658
3560.94	0.085426521070234
3562.61	-0.265252778929766
3564.28	0.0598614210702339
3565.95	-0.255072778929766
3567.62	0.055644221070234
3569.28	-0.2906967789297658
3570.95	0.020897121070234
3572.62	-0.3139000789297659
3574.29	0.0405832910702339
3575.96	-0.222036378929766
3577.62	0.1408787210702339
3579.29	-0.197655778929766
3580.96	0.0809101710702339
3582.63	-0.3222205789297659
3584.3	-0.015819478929766
3585.96	-0.333725678929766
3587.63	0.0445731210702341
3589.3	-0.214375278929766
3590.97	0.215664621070234
3592.63	-0.0755293789297659
3594.3	0.3133942210702339
3595.97	-0.0238194789297659
3597.64	0.283682221070234
3599.31	-0.0173467789297659
3600.97	0.935049221070234
3602.64	1.501603221070234
3604.31	2.7219074210702336
3605.98	2.905523891070234
3607.65	3.1164922210702337
3609.31	2.052554221070234
3610.98	1.4383952210702342
3612.65	0.1340209910702341
3614.32	0.089183221070234
3615.98	-0.3121455789297659
3617.65	0.0356346110702341
3619.32	-0.3130681789297659
3620.99	0.0991545210702341
3622.66	-0.2335857789297659
3624.32	0.2792303210702339
3625.99	-0.0407775789297659
3627.66	0.5016333210702341
3629.33	0.0222005210702339
3631.0	1.339548321070234
3632.66	3.1884747210702336
3634.33	5.238989221070234
3636.0	6.217676721070235
3637.67	6.5679054210702335
3639.34	4.7303454210702345
3641.0	3.1740752210702343
3642.67	0.7033704510702339
3644.34	-0.1440899789297659
3646.01	-0.2820865789297659
3647.67	0.9461475210702336
3649.34	4.774614221070234
3651.01	11.039673221070236
3652.68	15.981037221070236
3654.35	19.08630722107024
3656.01	17.653052221070233
3657.68	13.460655221070231
3659.35	7.321475221070234
3661.02	2.290882021070234
3662.69	-0.2287147789297661
3664.35	0.0025873210702339
3666.02	-0.1753912389297659
3667.69	0.0757281210702341
3669.36	0.042846471070234
3671.03	0.368867221070234
3672.69	0.5011058210702342
3674.36	0.960414221070234
3676.03	0.723146921070234
3677.7	0.6693214210702341
3679.36	0.0184042210702338
3681.03	-0.1317587789297659
3682.7	-0.5027227789297661
3684.37	-0.2850677789297658
3686.04	-0.2831487789297659
3687.7	0.1507747210702341
3689.37	-0.0362073789297658
3691.04	0.120885191070234
3692.71	-0.2326792789297659
3694.38	-0.0808644789297659
3696.04	-0.4083795789297659
3697.71	-0.2327612789297659
3699.38	-0.5682833789297661
3701.05	-0.4542515789297662
3702.72	-0.8781243789297658
3704.38	-0.7557949789297659
3706.05	-1.127155278929766
3707.72	-0.820230178929766
3709.39	-1.2388958789297662
3711.05	-0.8272315789297661
3712.72	-1.1466579789297662
3714.39	4.019597221070234
3716.06	13.905673471070234
3717.73	23.131738621070237
3719.39	29.545884221070235
3721.06	35.630861221070234
3722.73	47.64225722107024
3724.4	58.84456722107024
3726.07	73.63795722107022
3727.73	90.18707722107024
3729.4	94.78359722107022
3731.07	87.32412722107023
3732.74	65.97578722107022
3734.41	39.49012022107024
3736.07	21.944962121070237
3737.74	7.655716221070233
3739.41	-0.5644597789297657
3741.08	1.344456821070234
3742.74	0.3980742210702341
3744.41	1.172133121070234
3746.08	0.506375921070234
3747.75	1.0543269110702342
3749.42	0.558073131070234
3751.08	1.0224571210702345
3752.75	0.500749621070234
3754.42	0.893875221070234
3756.09	0.4126937310702341
3757.76	0.8344312210702342
3759.42	0.4311891210702339
3761.09	0.769126437070234
3762.76	0.3306547210702341
3764.43	0.7208955610702342
3766.1	0.2894279310702341
3767.76	0.6384217210702341
3769.43	0.319861721070234
3771.1	0.685611311070234
3772.77	0.387726421070234
3774.43	0.7652682210702342
3776.1	0.4286053210702339
3777.77	0.8226236210702342
3779.44	0.359365421070234
3781.11	0.5818742210702341
3782.77	0.260695621070234
3784.44	0.669557721070234
3786.11	0.480323721070234
3787.78	0.915115021070234
3789.45	0.689848721070234
3791.11	1.072155121070234
3792.78	0.6543150210702339
3794.45	0.915959421070234
3796.12	0.515949821070234
3797.78	0.7541852210702341
3799.45	0.3181390810702341
3801.12	0.5214350310702341
3802.79	0.1272963210702339
3804.46	0.4710954710702341
3806.12	0.112694721070234
3807.79	0.4321368210702342
3809.46	0.062617821070234
3811.13	0.351018621070234
3812.8	-0.0016131789297659
3814.46	0.357448121070234
3816.13	0.091645421070234
3817.8	0.5522562210702341
3819.47	0.302447821070234
3821.14	0.715376521070234
3822.8	0.3849616210702341
3824.47	0.666097421070234
3826.14	0.2214929210702339
3827.81	0.407074971070234
3829.47	-0.0374311789297658
3831.14	0.206273121070234
3832.81	-0.1236030789297659
3834.48	0.2586705210702341
3836.15	-0.010918778929766
3837.81	0.3639633210702341
3839.48	0.0607536210702339
3841.15	0.391643321070234
3842.82	0.079895721070234
3844.49	0.4050892910702339
3846.15	0.0887010210702339
3847.82	0.3841493210702341
3849.49	0.001629521070234
3851.16	0.2597510210702341
3852.83	-0.0980577789297659
3854.49	0.213980721070234
3856.16	-0.032984178929766
3857.83	0.371013401070234
3859.5	0.1475633210702341
3861.16	0.515112601070234
3862.83	0.195322021070234
3864.5	0.4716810210702341
3866.17	0.112407121070234
3867.84	0.366910121070234
3869.5	0.0293423210702339
3871.17	0.296126421070234
3872.84	-0.0363861789297659
3874.51	0.279468421070234
3876.18	-0.0070746789297658
3877.84	0.3224585210702341
3879.51	0.028135021070234
3881.18	0.3226623210702339
3882.85	0.007406621070234
3884.52	0.322217121070234
3886.18	0.027956821070234
3887.85	0.385602121070234
3889.52	0.118987021070234
3891.19	0.453310521070234
3892.85	0.153594721070234
3894.52	0.4572992210702339
3896.19	0.1027687210702341
3897.86	0.369068521070234
3899.53	-0.0192128789297658
3901.19	0.2314764110702341
3902.86	-0.1258977789297659
3904.53	0.185866221070234
3906.2	-0.106526778929766
3907.87	0.2577283210702341
3909.53	-0.019662178929766
3911.2	0.338062721070234
3912.87	0.040373921070234
3914.54	0.350846421070234
3916.21	0.012012421070234
3917.87	0.2490915210702338
3919.54	-0.1145027789297659
3921.21	0.1821963210702339
3922.88	-0.0787712789297659
3924.54	0.308630301070234
3926.21	0.124413521070234
3927.88	0.5532753910702342
3929.55	0.3316159210702339
3931.22	0.687044621070234
3932.88	0.3450729210702341
3934.55	0.573381621070234
3936.22	0.142811121070234
3937.89	0.291518621070234
3939.56	-0.1768987789297659
3941.22	0.0537832210702341
3942.89	-0.283446778929766
3944.56	0.066375321070234
3946.23	-0.213235778929766
3947.9	0.122633521070234
3949.56	-0.184141778929766
3951.23	0.167419621070234
3952.9	-0.1000247789297659
3954.57	0.274436021070234
3956.23	0.018503221070234
3957.9	0.3745202210702341
3959.57	0.062973221070234
3961.24	0.380414321070234
3962.91	0.0583412210702341
3964.57	0.353512121070234
3966.24	0.0407884210702341
3967.91	0.3044213210702341
3969.58	-0.069745378929766
3971.25	0.221389421070234
3972.91	-0.1105534789297659
3974.58	0.2461719210702339
3976.25	-0.0148317789297659
3977.92	0.331855021070234
3979.58	0.038788021070234
3981.25	0.360899021070234
3982.92	0.051802221070234
3984.59	0.3712887210702341
3986.26	0.0304792210702339
3987.92	0.303214021070234
3989.59	-0.065317778929766
3991.26	0.2069766210702341
3992.93	-0.1122066789297659
3994.6	0.2372619210702339
3996.26	0.0168988210702339
3997.93	0.409886921070234
3999.6	0.113536521070234
4001.27	0.402276721070234
4002.94	0.0390836210702339
4004.6	0.258786921070234
4006.27	-0.1078266789297658
4007.94	0.1463073210702341
4009.61	-0.186403778929766
4011.27	0.1382418210702339
4012.94	-0.162797978929766
4014.61	0.1850191210702341
4016.28	-0.0831097789297658
4017.95	0.230024121070234
4019.61	-0.058604078929766
4021.28	0.258959121070234
4022.95	-0.0551074789297659
4024.62	0.251571421070234
4026.29	-0.057746778929766
4027.95	0.256485321070234
4029.62	-0.0361063789297659
4031.29	0.3183665210702341
4032.96	0.0802796210702341
4034.63	0.4476166210702341
4036.29	0.158120021070234
4037.96	0.448008821070234
4039.63	0.0833658210702339
4041.3	0.327745721070234
4042.96	-0.0350291789297659
4044.63	0.2580877210702341
4046.3	-0.0761307789297659
4047.97	0.1846140210702339
4049.64	-0.1828247789297659
4051.3	0.082766021070234
4052.97	-0.2461757789297659
4054.64	0.091112321070234
4056.31	-0.1295777789297658
4057.98	0.2809695210702342
4059.64	0.018813221070234
4061.31	0.3232323210702341
4062.98	-0.0311047789297659
4064.65	0.229066321070234
4066.32	-0.1229447789297659
4067.98	0.2046466210702341
4069.65	-0.0673117789297659
4071.32	0.3152397210702339
4072.99	0.007843521070234
4074.65	0.313019421070234
4076.32	-0.024011678929766
4077.99	0.290869271070234
4079.66	-0.0460695789297659
4081.33	0.264005531070234
4082.99	-0.0844282789297659
4084.66	0.209393121070234
4086.33	-0.1408997789297659
4088.0	0.1395547210702341
4089.67	-0.2311477789297658
4091.33	0.094568321070234
4093.0	-0.2140397789297659
4094.67	0.120817621070234
4096.34	-0.1315294789297659
4098.01	0.244157921070234
4099.67	-0.013457178929766
4101.34	0.2858810210702341
4103.01	-0.1130395789297659
4104.68	0.147106221070234
4106.34	-0.148033778929766
4108.01	0.211975221070234
4109.68	-0.0079167789297659
4111.35	0.4221306210702339
4113.02	0.198394221070234
4114.68	0.517742261070234
4116.35	0.174259921070234
4118.02	0.4417275210702341
4119.69	0.1086982210702338
4121.36	0.379256921070234
4123.02	-0.002511678929766
4124.69	0.292809521070234
4126.36	-0.043371678929766
4128.03	0.2427939210702341
4129.69	-0.0746692789297659
4131.36	0.227047121070234
4133.03	-0.0992211789297659
4134.7	0.156131121070234
4136.37	-0.261024778929766
4138.03	0.003246921070234
4139.7	-0.3322747789297661
4141.37	-0.0008477789297659
4143.04	-0.2129337789297659
4144.71	0.166543721070234
4146.37	-0.1205975789297659
4148.04	0.203673521070234
4149.71	-0.1371022789297659
4151.38	0.1877272210702341
4153.05	-0.101524378929766
4154.71	0.234317121070234
4156.38	-0.0391537789297659
4158.05	0.277199821070234
4159.72	-0.067221778929766
4161.38	0.2313446210702339
4163.05	-0.0779287789297659
4164.72	0.2417474210702341
4166.39	-0.0628667789297659
4168.06	0.2624036210702339
4169.72	-0.064623778929766
4171.39	0.2473100210702341
4173.06	-0.083334778929766
4174.73	0.220085421070234
4176.4	-0.0635524789297659
4178.06	0.2584370210702341
4179.73	-0.0428064789297659
4181.4	0.2899729210702341
4183.07	-0.0469785789297659
4184.74	0.246106421070234
4186.4	-0.131197778929766
4188.07	0.0961714210702339
4189.74	-0.256122778929766
4191.41	0.033559821070234
4193.07	-0.2358297789297659
4194.74	0.1717947210702341
4196.41	-0.0614250789297659
4198.08	0.2813801210702339
4199.75	-0.042395778929766
4201.41	0.225719421070234
4203.08	-0.0868363789297659
4204.75	0.2452669210702339
4206.42	0.015310221070234
4208.09	0.362974731070234
4209.75	0.0752564210702341
4211.42	0.309709521070234
4213.09	-0.1026281789297659
4214.76	0.1102125210702339
4216.43	-0.276079778929766
4218.09	0.0139553210702341
4219.76	-0.254546778929766
4221.43	0.0736231210702341
4223.1	-0.1911893789297659
4224.76	0.1488503210702339
4226.43	-0.131789678929766
4228.1	0.2126314210702341
4229.77	-0.1142431789297659
4231.44	0.1816139210702339
4233.1	-0.1482672789297661
4234.77	0.156848858070234
4236.44	-0.1090737789297659
4238.11	0.2554795210702341
4239.78	0.0002061210702339
4241.44	0.3404930780702341
4243.11	0.0333629210702341
4244.78	0.3261107710702341
4246.45	-0.0081230789297659
4248.12	0.265802821070234
4249.78	-0.087548478929766
4251.45	0.182020321070234
4253.12	-0.157591878929766
4254.79	0.121452921070234
4256.45	-0.1656350789297659
4258.12	0.151444021070234
4259.79	-0.1523969789297659
4261.46	0.214760521070234
4263.13	-0.0806653789297658
4264.79	0.288591021070234
4266.46	-0.0220577789297659
4268.13	0.219293121070234
4269.8	-0.1148637789297659
4271.47	0.160043121070234
4273.13	-0.1769490789297659
4274.8	0.1301937210702341
4276.47	-0.237045578929766
4278.14	0.047787021070234
4279.81	-0.2921357789297659
4281.47	0.010915721070234
4283.14	-0.2481282789297659
4284.81	0.1354151210702339
4286.48	-0.1184911789297659
4288.14	0.203981221070234
4289.81	-0.1046992789297659
4291.48	0.225459621070234
4293.15	-0.0920151789297659
4294.82	0.241049321070234
4296.48	-0.084932978929766
4298.15	0.215749021070234
4299.82	-0.134436178929766
4301.49	0.120478021070234
4303.16	-0.230159578929766
4304.82	0.063911221070234
4306.49	-0.227766778929766
4308.16	0.174244221070234
4309.83	-0.0497847789297659
4311.49	0.329824021070234
4313.16	0.056547221070234
4314.83	0.361796221070234
4316.5	0.0292672210702339
4318.17	0.3309217210702341
4319.83	0.0088379210702339
4321.5	0.276774421070234
4323.17	-0.1041859789297658
4324.84	0.114635721070234
4326.51	-0.255047778929766
4328.17	0.073335221070234
4329.84	-0.1927067789297659
4331.51	0.2191382210702341
4333.18	0.0102582210702339
4334.85	0.381738721070234
4336.51	0.0797236210702339
4338.18	0.326791221070234
4339.85	-0.0799092789297658
4341.52	0.1152704210702341
4343.18	-0.294366778929766
4344.85	-0.0350038789297659
4346.52	-0.336591778929766
4348.19	-0.0047085789297659
4349.86	-0.242482478929766
4351.52	0.079165921070234
4353.19	-0.215198678929766
4354.86	0.159929221070234
4356.53	-0.130375778929766
4358.2	0.194839821070234
4359.86	-0.081164778929766
4361.53	0.231848521070234
4363.2	-0.0459797789297659
4364.87	0.298197421070234
4366.54	-0.0158667789297659
4368.2	0.3328728210702341
4369.87	-0.0045857789297659
4371.54	0.2750347210702341
4373.21	-0.071864678929766
4374.87	0.208026221070234
4376.54	-0.1454463789297659
4378.21	0.1269434210702341
4379.88	-0.2495327789297659
4381.55	0.021615621070234
4383.21	-0.290693778929766
4384.88	0.028791521070234
4386.55	-0.2128843789297659
4388.22	0.156670121070234
4389.89	-0.088796778929766
4391.55	0.256958721070234
4393.22	-0.046299778929766
4394.89	0.2840589210702341
4396.56	0.023019221070234
4398.23	0.332304921070234
4399.89	0.0511437210702339
4401.56	0.340373731070234
4403.23	0.022369421070234
4404.9	0.257981021070234
4406.56	-0.1361057789297659
4408.23	0.108091021070234
4409.9	-0.2249407789297659
4411.57	0.044938121070234
4413.24	-0.2555037789297659
4414.9	0.0576368210702339
4416.57	-0.2576357789297659
4418.24	0.0471021210702341
4419.91	-0.280216778929766
4421.58	0.0068225210702341
4423.24	-0.2654687789297659
4424.91	0.093119721070234
4426.58	-0.1238427789297659
4428.25	0.284364621070234
4429.92	0.016247321070234
4431.58	0.361380621070234
4433.25	0.030842721070234
4434.92	0.3054022210702341
4436.59	-0.0343696789297659
4438.25	0.2677706210702339
4439.92	-0.015205778929766
4441.59	0.248927121070234
4443.26	-0.1085097789297659
4444.93	0.112134121070234
4446.59	-0.2904717789297659
4448.26	-0.0370981789297659
4449.93	-0.351567778929766
4451.6	0.010600221070234
4453.27	-0.197673778929766
4454.93	0.217284821070234
4456.6	-0.0216207789297659
4458.27	0.328540421070234
4459.94	0.0258252210702341
4461.61	0.3068860210702339
4463.27	-0.001438078929766
4464.94	0.3456023210702341
4466.61	0.0362674210702339
4468.28	0.375726291070234
4469.94	0.0405392210702341
4471.61	0.3138748910702341
4473.28	-0.0293300789297659
4474.95	0.260399321070234
4476.62	-0.0402207789297659
4478.28	0.346747821070234
4479.95	0.1198532210702341
4481.62	0.5196039210702341
4483.29	0.3074892210702341
4484.96	0.638672421070234
4486.62	0.278892221070234
4488.29	0.4513746210702341
4489.96	-0.0565557789297659
4491.63	0.0919110210702341
4493.29	-0.313423778929766
4494.96	-0.0396707789297659
4496.63	-0.2680097789297658
4498.3	0.162511021070234
4499.97	-0.021653778929766
4501.63	0.3896690210702339
4503.3	0.1619412210702339
4504.97	0.488568121070234
4506.64	0.163528221070234
4508.31	0.3891802210702339
4509.97	-0.0582957789297659
4511.64	0.149855821070234
4513.31	-0.2145297789297659
4514.98	0.085783221070234
4516.65	-0.1761317789297659
4518.31	0.164312021070234
4519.98	-0.131443778929766
4521.65	0.1707552210702341
4523.32	-0.1604547789297659
4524.98	0.116034721070234
4526.65	-0.1382932789297659
4528.32	0.2580031210702339
4529.99	-0.0045836789297659
4531.66	0.3432878210702341
4533.32	0.009698721070234
4534.99	0.300755621070234
4536.66	0.0064172210702341
4538.33	0.330921821070234
4540.0	0.037679221070234
4541.66	0.3879988210702341
4543.33	0.041086921070234
4545.0	0.317150021070234
4546.67	-0.0394267789297658
4548.34	0.261030221070234
4550.0	-0.0243367789297659
4551.67	0.336294821070234
4553.34	0.021508821070234
4555.01	0.314711921070234
4556.67	-0.0300619789297659
4558.34	0.260640021070234
4560.01	-0.0629797789297659
4561.68	0.254906121070234
4563.35	-0.0630470789297659
4565.01	0.2417226210702341
4566.68	-0.1216180789297659
4568.35	0.133346321070234
4570.02	-0.2274957789297659
4571.69	0.084881721070234
4573.35	-0.1846897789297659
4575.02	0.158732521070234
4576.69	-0.1165617789297659
4578.36	0.226061221070234
4580.03	-0.087445778929766
4581.69	0.2013272210702341
4583.36	-0.122836778929766
4585.03	0.140742221070234
4586.7	-0.1784387789297659
4588.36	0.1272910210702339
4590.03	-0.1486077789297659
4591.7	0.2361843210702339
4593.37	-0.0325267789297659
4595.04	0.272061021070234
4596.7	-0.0602817789297659
4598.37	0.184521421070234
4600.04	-0.179664778929766
4601.71	0.133958021070234
4603.38	-0.1557347789297659
4605.04	0.226848421070234
4606.71	-0.0313967789297658
4608.38	0.3274415210702341
4610.05	0.044682221070234
4611.72	0.354431821070234
4613.38	0.0337532210702339
4615.05	0.335714321070234
4616.72	0.0288742210702341
4618.39	0.323829721070234
4620.05	0.0329082210702341
4621.72	0.3551888210702341
4623.39	0.037010221070234
4625.06	0.3305504210702339
4626.73	0.008822221070234
4628.39	0.328083021070234
4630.06	0.0314072210702339
4631.73	0.3060422210702341
4633.4	-0.0089007789297659
4635.07	0.258327921070234
4636.73	-0.094982778929766
4638.4	0.187563921070234
4640.07	-0.1290637789297659
4641.74	0.2344331210702341
4643.41	-0.0295457789297658
4645.07	0.334796421070234
4646.74	0.056512221070234
4648.41	0.3988918210702339
4650.08	0.126137221070234
4651.74	0.471853121070234
4653.41	0.1320832210702341
4655.08	0.489017721070234
4656.75	0.185910221070234
4658.42	0.5077507210702341
4660.08	0.2019741210702341
4661.75	0.470435021070234
4663.42	0.100654721070234
4665.09	0.349123821070234
4666.76	-0.107930778929766
4668.42	0.136604421070234
4670.09	-0.1986327789297658
4671.76	0.098748321070234
4673.43	-0.1602027789297659
4675.09	0.1770992210702339
4676.76	-0.0976747789297659
4678.43	0.221117221070234
4680.1	-0.131146778929766
4681.77	0.0977502210702341
4683.43	-0.292162778929766
4685.1	-0.050242078929766
4686.77	-0.3517737789297659
4688.44	0.0265933210702341
4690.11	-0.2112293789297659
4691.77	0.203983321070234
4693.44	-0.0355243489297659
4695.11	0.3012341210702342
4696.78	0.027813821070234
4698.45	0.364352621070234
4700.11	0.053884621070234
4701.78	0.3775806710702341
4703.45	-0.0089893789297659
4705.12	0.2369773210702341
4706.78	-0.138593778929766
4708.45	0.159755121070234
4710.12	-0.1070367789297659
4711.79	0.2740015210702341
4713.46	0.017117221070234
4715.12	0.3559760210702339
4716.79	0.022579221070234
4718.46	0.3060578210702339
4720.13	-0.064171778929766
4721.8	0.209386421070234
4723.46	-0.132665778929766
4725.13	0.161860521070234
4726.8	-0.1531877789297659
4728.47	0.1694269210702338
4730.14	-0.1165857789297659
4731.8	0.2462038210702339
4733.47	-0.002417578929766
4735.14	0.3760803210702341
4736.81	0.0596492210702341
4738.47	0.352911621070234
4740.14	0.0070326210702341
4741.81	0.243658421070234
4743.48	-0.088133078929766
4745.15	0.2057614210702339
4746.81	-0.1219558789297658
4748.48	0.210539021070234
4750.15	-0.150749778929766
4751.82	0.164433321070234
4753.49	-0.135669778929766
4755.15	0.1975102210702341
4756.82	-0.0740187789297659
4758.49	0.2842422210702339
4760.16	-0.0370287789297659
4761.83	0.2485217210702338
4763.49	-0.151277778929766
4765.16	0.127889721070234
4766.83	-0.2051937789297659
4768.5	0.140755221070234
4770.16	-0.0929337789297659
4771.83	0.299014021070234
4773.5	0.024067221070234
4775.17	0.333601221070234
4776.84	-0.025038778929766
4778.5	0.238453921070234
4780.17	-0.0842927789297658
4781.84	0.231254221070234
4783.51	-0.0576197789297658
4785.18	0.2801619210702341
4786.84	-0.0167227789297659
4788.51	0.2815274210702341
4790.18	-0.054549778929766
4791.85	0.260892521070234
4793.52	-0.0726377789297658
4795.18	0.250177021070234
4796.85	-0.0723717789297659
4798.52	0.179432721070234
4800.19	-0.1831967789297658
4801.85	0.050445721070234
4803.52	-0.305538778929766
4805.19	0.0415833210702339
4806.86	-0.2023058789297659
4808.53	0.1899207210702341
4810.19	-0.0655261789297658
4811.86	0.2448176210702341
4813.53	-0.1059518789297659
4815.2	0.1140258210702341
4816.87	-0.228490778929766
4818.53	0.080029221070234
4820.2	-0.1760337789297659
4821.87	0.2675419210702341
4823.54	0.053899221070234
4825.21	0.4800875210702341
4826.87	0.2322802210702341
4828.54	0.551703321070234
4830.21	0.1690442210702341
4831.88	0.3738541210702341
4833.54	-0.0615927789297658
4835.21	0.162941521070234
4836.88	-0.2055247789297659
4838.55	0.062769621070234
4840.22	-0.2764187789297659
4841.88	0.103150921070234
4843.55	-0.1462520789297658
4845.22	0.225312221070234
4846.89	0.007535321070234
4848.56	0.3675357210702339
4850.22	0.1064485210702339
4851.89	0.434016621070234
4853.56	0.144305421070234
4855.23	0.4731106210702341
4856.89	0.1309333210702339
4858.56	0.393894221070234
4860.23	-0.0071317789297659
4861.9	0.286599221070234
4863.57	-0.012161778929766
4865.23	0.2816360210702341
4866.9	-0.0413157789297658
4868.57	0.229471321070234
4870.24	-0.1637367789297659
4871.91	0.109125221070234
4873.57	-0.2899027789297659
4875.24	0.003748421070234
4876.91	-0.3054677789297659
4878.58	0.0316111210702341
4880.25	-0.249605178929766
4881.91	0.1202816810702341
4883.58	-0.121783378929766
4885.25	0.2758188210702341
4886.92	-0.002403379929766
4888.58	0.395259221070234
4890.25	0.124098121070234
4891.92	0.4640294210702341
4893.59	0.1143655210702339
4895.26	0.3459419210702339
4896.92	-0.041287778929766
4898.59	0.254240221070234
4900.26	-0.0463562789297659
4901.93	0.3243964210702341
4903.6	0.086109321070234
4905.26	0.4176867210702341
4906.93	0.0881973210702339
4908.6	0.392049501070234
4910.27	0.056064021070234
4911.94	0.379031021070234
4913.6	0.100130421070234
4915.27	0.402431851070234
4916.94	0.1335673210702341
4918.61	0.444933901070234
4920.27	0.066930221070234
4921.94	0.357588021070234
4923.61	-0.0147349789297659
4925.28	0.2343687210702341
4926.95	-0.0939947789297659
4928.61	0.208356221070234
4930.28	-0.0780627789297659
4931.95	0.302870421070234
4933.62	0.040783221070234
4935.29	0.361774921070234
4936.95	0.032233821070234
4938.62	0.2936169210702341
4940.29	-0.0656344789297659
4941.96	0.212646821070234
4943.63	-0.132314878929766
4945.29	0.217999571070234
4946.96	-0.0033985789297659
4948.63	0.3326488210702339
4950.3	0.0347966210702339
4951.96	0.323025421070234
4953.63	-0.0068977789297659
4955.3	0.248649221070234
4956.97	-0.130160778929766
4958.64	0.167568221070234
4960.3	-0.1184407789297658
4961.97	0.2414833210702339
4963.64	-0.0012417789297658
4965.31	0.3531518210702341
4966.98	0.0632985210702341
4968.64	0.3686843210702342
4970.31	0.025333221070234
4971.98	0.3273237210702339
4973.65	0.0212872210702339
4975.32	0.3351762210702341
4976.98	0.0577132210702341
4978.65	0.356629321070234
4980.32	0.0188452210702339
4981.99	0.2981612210702339
4983.65	0.0010492210702339
4985.32	0.297260321070234
4986.99	0.0354131210702339
4988.66	0.3516505210702341
4990.33	0.0415512210702339
4991.99	0.331700421070234
4993.66	-0.0421877789297659
4995.33	0.189056321070234
4997.0	-0.1640074789297659
4998.67	0.090245421070234
5000.33	-0.2240893789297659
5002.0	0.086353221070234
5003.67	-0.2394261789297659
5005.34	0.0943912210702341
5007.0	-0.1780997789297659
5008.67	0.1906879210702341
5010.34	-0.0842197789297659
5012.01	0.2655950210702339
5013.68	-0.0049897789297659
5015.34	0.3058259210702341
5017.01	-0.0560836789297659
5018.68	0.1971625210702339
5020.35	-0.1548407789297659
5022.02	0.1618022210702341
5023.68	-0.083486778929766
5025.35	0.320056321070234
5027.02	0.1093952210702339
5028.69	0.4407066210702339
5030.36	0.043416221070234
5032.02	0.276201221070234
5033.69	-0.0890007789297659
5035.36	0.2080640210702339
5037.03	-0.0394217789297659
5038.69	0.3289736210702341
5040.36	0.0574292210702341
5042.03	0.3840502210702339
5043.7	0.067173121070234
5045.37	0.3513785210702341
5047.03	-0.0155354789297659
5048.7	0.192421221070234
5050.37	-0.2035337789297659
5052.04	0.033756221070234
5053.71	-0.298328778929766
5055.37	0.0023852210702338
5057.04	-0.2743597789297659
5058.71	0.083225021070234
5060.38	-0.1167126789297659
5062.05	0.330112721070234
5063.71	0.193422921070234
5065.38	0.5803567590702339
5067.05	0.232783321070234
5068.72	0.424665521070234
5070.38	-0.0253827789297659
5072.05	0.1878253210702341
5073.72	-0.135364778929766
5075.39	0.1952562210702339
5077.06	-0.101329778929766
5078.72	0.2121692210702341
5080.39	-0.1030637789297658
5082.06	0.185233621070234
5083.73	-0.1058797789297659
5085.4	0.216345821070234
5087.06	-0.086163778929766
5088.73	0.288188221070234
5090.4	0.0623162210702339
5092.07	0.410037721070234
5093.74	0.144208221070234
5095.4	0.359825121070234
5097.07	-0.0529244789297659
5098.74	0.1480524210702339
5100.41	-0.2231960789297659
5102.07	0.1311479210702341
5103.74	-0.0962800789297659
5105.41	0.231911921070234
5107.08	-0.041377778929766
5108.75	0.300442821070234
5110.41	0.024169921070234
5112.08	0.3717115210702341
5113.75	0.0183874210702339
5115.42	0.247489821070234
5117.09	-0.192635778929766
5118.75	-0.0315569789297659
5120.42	-0.423813778929766
5122.09	-0.0193614789297659
5123.76	-0.1916147789297659
5125.43	0.3124024210702339
5127.09	0.1520381210702341
5128.76	0.526779221070234
5130.43	0.147301021070234
5132.1	0.3710633210702341
5133.76	-0.069685478929766
5135.43	0.2200409210702341
5137.1	-0.081374778929766
5138.77	0.242356821070234
5140.44	-0.110177778929766
5142.1	0.143879521070234
5143.77	-0.2633917789297659
5145.44	0.0018458210702339
5147.11	-0.3140477789297659
5148.78	0.061761721070234
5150.44	-0.174810778929766
5152.11	0.2131258210702339
5153.78	-0.0581071789297658
5155.45	0.318518021070234
5157.12	0.038603221070234
5158.78	0.407441121070234
5160.45	0.097670221070234
5162.12	0.3786348210702341
5163.79	0.0163622210702339
5165.45	0.3077759210702339
5167.12	-0.0009934789297659
5168.79	0.398854621070234
5170.46	0.177328621070234
5172.13	0.578963621070234
5173.79	0.3035272210702341
5175.46	0.5637374210702342
5177.13	0.1926403210702341
5178.8	0.450436621070234
5180.47	0.1231253210702341
5182.13	0.449899421070234
5183.8	0.225011821070234
5185.47	0.5595265310702341
5187.14	0.212002221070234
5188.8	0.4276790010702339
5190.47	-0.035303078929766
5192.14	0.138552421070234
5193.81	-0.2210717789297659
5195.48	0.101968221070234
5197.14	-0.1394347789297659
5198.81	0.2532502210702342
5200.48	-0.045785778929766
5202.15	0.280454221070234
5203.82	0.001836221070234
5205.48	0.343698421070234
5207.15	0.1009632210702339
5208.82	0.449841021070234
5210.49	0.094010221070234
5212.16	0.397746321070234
5213.82	0.0607202210702341
5215.49	0.3040104210702339
5217.16	-0.0153127789297658
5218.83	0.2929917210702341
5220.49	-0.0431047789297659
5222.16	0.2388562210702341
5223.83	-0.085633778929766
5225.5	0.257190021070234
5227.17	0.014743121070234
5228.83	0.3888869210702341
5230.5	0.170111521070234
5232.17	0.5563686210702341
5233.84	0.186571221070234
5235.51	0.407664221070234
5237.17	0.030150221070234
5238.84	0.3033232210702341
5240.51	0.027797221070234
5242.18	0.396955921070234
5243.85	0.1822472210702341
5245.51	0.5289568210702341
5247.18	0.2374035210702341
5248.85	0.536209421070234
5250.52	0.194437421070234
5252.18	0.4224217210702339
5253.85	0.0052922210702341
5255.52	0.210718221070234
5257.19	-0.165661778929766
5258.86	0.080926221070234
5260.52	-0.1816927789297659
5262.19	0.1657152210702341
5263.86	-0.0775147789297659
5265.53	0.250560221070234
5267.2	-0.0299627789297659
5268.86	0.3381702210702341
5270.53	0.0733462210702341
5272.2	0.425188221070234
5273.87	0.184275221070234
5275.54	0.476257721070234
5277.2	0.174400821070234
5278.87	0.407559581070234
5280.54	0.0517577210702339
5282.21	0.330032411070234
5283.87	0.0229240210702339
5285.54	0.331689721070234
5287.21	0.0549932210702341
5288.88	0.345227821070234
5290.55	0.002959521070234
5292.21	0.211304921070234
5293.88	-0.1921477789297658
5295.55	0.043196221070234
5297.22	-0.2897097789297659
5298.89	0.034216221070234
5300.55	-0.1947937789297658
5302.22	0.161465121070234
5303.89	-0.132498778929766
5305.56	0.211703621070234
5307.23	-0.006567078929766
5308.89	0.454398121070234
5310.56	0.2631599210702341
5312.23	0.6039175210702339
5313.9	0.263603671070234
5315.56	0.4203080210702341
5317.23	-0.0617757789297659
5318.9	0.229548921070234
5320.57	0.0337262210702341
5322.24	0.539320321070234
5323.9	0.3519312210702341
5325.57	0.740099121070234
5327.24	0.4256632210702341
5328.91	0.5958818340702341
5330.58	0.1633032210702341
5332.24	0.369084321070234
5333.91	-0.0249503789297658
5335.58	0.1949760210702341
5337.25	-0.2176304789297659
5338.92	0.053864821070234
5340.58	-0.1598883789297659
5342.25	0.215160621070234
5343.92	0.0786392210702341
5345.59	0.483215121070234
5347.25	0.224684221070234
5348.92	0.5116445210702338
5350.59	0.1798492210702339
5352.26	0.4771366210702339
5353.93	0.158585421070234
5355.59	0.4264675810702339
5357.26	0.1332498210702341
5358.93	0.4216709210702341
5360.6	0.1502583210702339
5362.27	0.468217221070234
5363.93	0.1498482210702341
5365.6	0.427142221070234
5367.27	0.000697221070234
5368.94	0.188828021070234
5370.6	-0.236265778929766
5372.27	-0.052974878929766
5373.94	-0.3987657789297659
5375.61	-0.1349559789297659
5377.28	-0.3625687789297659
5378.94	0.0958846210702341
5380.61	-0.0637697789297658
5382.28	0.384080221070234
5383.95	0.149377921070234
5385.62	0.4968431210702341
5387.28	0.232661421070234
5388.95	0.6218662210702341
5390.62	0.399464221070234
5392.29	0.704949321070234
5393.96	0.3307635210702341
5395.62	0.4801721210702341
5397.29	-0.0185694789297659
5398.96	0.213471721070234
5400.63	-0.126553078929766
5402.29	0.230517821070234
5403.96	0.010039921070234
5405.63	0.367956221070234
5407.3	0.1284066210702339
5408.97	0.4775536210702341
5410.63	0.1866405210702341
5412.3	0.5125187210702341
5413.97	0.1692592210702339
5415.64	0.4401033210702342
5417.31	0.051433721070234
5418.97	0.379672221070234
5420.64	0.098803221070234
5422.31	0.3997223210702342
5423.98	0.0585602210702341
5425.65	0.246877321070234
5427.31	-0.2200977789297659
5428.98	-0.0351438789297659
5430.65	-0.4867117789297658
5432.32	-0.1779519789297659
5433.98	-0.4002397789297658
5435.65	-0.0372815789297659
5437.32	-0.2801107789297659
5438.99	0.0414452210702342
5440.66	-0.263867778929766
5442.32	0.018741221070234
5443.99	-0.2220377789297659
5445.66	0.182434221070234
5447.33	0.0230902210702339
5449.0	0.4465256210702341
5450.66	0.204346221070234
5452.33	0.523266221070234
5454.0	0.2301472210702342
5455.67	0.4747969210702341
5457.34	0.140051721070234
5459.0	0.4046828210702341
5460.67	0.052652921070234
5462.34	0.3350079210702339
5464.01	0.068549421070234
5465.67	0.3607391210702341
5467.34	-0.014990878929766
5469.01	0.220939021070234
5470.68	-0.1761483789297659
5472.35	0.083058421070234
5474.01	-0.290203578929766
5475.68	0.031164021070234
5477.35	-0.2047017789297659
5479.02	0.1751190210702339
5480.69	-0.083416678929766
5482.35	0.309475021070234
5484.02	0.0216704210702339
5485.69	0.3571407510702341
5487.36	-0.0250280789297658
5489.03	0.2646029510702339
5490.69	0.011733821070234
5492.36	0.3861549210702339
5494.03	0.169935521070234
5495.7	0.5643855310702339
5497.36	0.288216521070234
5499.03	0.5387451210702341
5500.7	0.0944512210702339
5502.37	0.2564376210702339
5504.04	-0.1428377789297659
5505.7	0.072704221070234
5507.37	-0.2092857789297659
5509.04	0.153535221070234
5510.71	-0.061144778929766
5512.38	0.3121372210702341
5514.04	0.0179782210702341
5515.71	0.3454272210702341
5517.38	0.0793992210702339
5519.05	0.3905829210702339
5520.72	0.080669321070234
5522.38	0.377737421070234
5524.05	0.0790068210702339
5525.72	0.395979521070234
5527.39	0.066725221070234
5529.05	0.361622521070234
5530.72	0.070711221070234
5532.39	0.418540321070234
5534.06	0.083701321070234
5535.73	0.359018121070234
5537.39	0.010843221070234
5539.06	0.301695821070234
5540.73	0.046829221070234
5542.4	0.4548310210702341
5544.07	0.3250252210702341
5545.73	0.7923894210702341
5547.4	0.4840132210702341
5549.07	0.7304030210702341
5550.74	0.287598221070234
5552.4	0.461772921070234
5554.07	0.035725221070234
5555.74	0.264966221070234
5557.41	-0.064557778929766
5559.08	0.224588221070234
5560.74	-0.136083778929766
5562.41	0.0920452210702339
5564.08	-0.2623687789297659
5565.75	0.013899121070234
5567.42	-0.290169778929766
5569.08	0.0233826210702339
5570.75	-0.2010543789297659
5572.42	0.203256321070234
5574.09	0.0241032210702341
5575.76	0.460078221070234
5577.42	0.271632221070234
5579.09	0.574202221070234
5580.76	0.200525321070234
5582.43	0.3283566210702341
5584.09	-0.1712852789297659
5585.76	0.048664721070234
5587.43	-0.2425967789297659
5589.1	0.134569321070234
5590.77	-0.0694907789297659
5592.43	0.279104621070234
5594.1	-0.0091717789297659
5595.77	0.288960021070234
5597.44	-0.052599778929766
5599.11	0.275885821070234
5600.77	0.013632221070234
5602.44	0.3633401210702339
5604.11	0.085132821070234
5605.78	0.371621021070234
5607.45	0.062414221070234
5609.11	0.3209646210702341
5610.78	-0.0417417789297659
5612.45	0.194424221070234
5614.12	-0.2061397789297659
5615.78	0.0210612210702341
5617.45	-0.3376087789297659
5619.12	0.000357221070234
5620.79	-0.222970778929766
5622.46	0.191404221070234
5624.12	0.006226221070234
5625.79	0.383772221070234
5627.46	0.164482221070234
5629.13	0.509903221070234
5630.8	0.2024242210702341
5632.46	0.483566721070234
5634.13	0.102020221070234
5635.8	0.3350967210702341
5637.47	0.010864221070234
5639.14	0.3179774210702339
5640.8	0.1008819410702341
5642.47	0.448934021070234
5644.14	0.0741891210702341
5645.81	0.2951112210702341
5647.47	-0.1671359789297659
5649.14	0.036825921070234
5650.81	-0.335313068929766
5652.48	-0.029474678929766
5654.15	-0.2594767789297659
5655.81	0.1860383540702339
5657.48	-0.0435993789297659
5659.15	0.3529283210702341
5660.82	0.0827220210702339
5662.49	0.409233521070234
5664.15	0.076287521070234
5665.82	0.3407179210702339
5667.49	-0.0014749789297658
5669.16	0.295391821070234
5670.83	0.002193421070234
5672.49	0.307526071070234
5674.16	0.071585521070234
5675.83	0.424111421070234
5677.5	0.1567009210702341
5679.16	0.409798821070234
5680.83	-0.005530578929766
5682.5	0.2448420510702341
5684.17	-0.1236853789297659
5685.84	0.103889741070234
5687.5	-0.220579578929766
5689.17	0.0855672210702341
5690.84	-0.1932449789297659
5692.51	0.1364821910702341
5694.18	-0.172571178929766
5695.84	0.170714621070234
5697.51	-0.0382918789297659
5699.18	0.286511721070234
5700.85	0.0293777210702339
5702.52	0.3577638210702339
5704.18	0.0210532210702341
5705.85	0.3061744210702341
5707.52	-0.066770778929766
5709.19	0.250625921070234
5710.85	0.066762421070234
5712.52	0.463782221070234
5714.19	0.273848821070234
5715.86	0.5978021210702339
5717.53	0.281317221070234
5719.19	0.5925142210702341
5720.86	0.1463752210702339
5722.53	0.332535521070234
5724.2	-0.0873087789297659
5725.87	0.0849897210702339
5727.53	-0.218392778929766
5729.2	0.138313221070234
5730.87	-0.049465778929766
5732.54	0.436735921070234
5734.2	0.187463221070234
5735.87	0.470135221070234
5737.54	0.0833222210702341
5739.21	0.284004221070234
5740.88	-0.0899819789297658
5742.54	0.225409621070234
5744.21	0.0016915210702341
5745.88	0.4108373210702339
5747.55	0.230549221070234
5749.22	0.565948421070234
5750.88	0.2378572210702341
5752.55	0.4357217210702341
5754.22	0.0297842210702339
5755.89	0.243105221070234
5757.56	-0.0768247789297659
5759.22	0.2280242210702341
5760.89	-0.008111778929766
5762.56	0.339690521070234
5764.23	0.0773402210702339
5765.89	0.3585909210702341
5767.56	0.086702221070234
5769.23	0.383222821070234
5770.9	0.069656421070234
5772.57	0.3608618210702341
5774.23	0.024335321070234
5775.9	0.3836724110702341
5777.57	0.122589021070234
5779.24	0.399819221070234
5780.91	0.1508578760702341
5782.57	0.447934011070234
5784.24	0.176089021070234
5785.91	0.5397062210702341
5787.58	0.233251421070234
5789.25	0.516763521070234
5790.91	0.129848171070234
5792.58	0.211018921070234
5794.25	-0.261367978929766
5795.92	-0.1283585789297659
5797.58	-0.4641557789297659
5799.25	-0.0393747789297659
5800.92	-0.192532778929766
5802.59	0.2648488210702339
5804.26	0.113226721070234
5805.92	0.456259821070234
5807.59	0.131863221070234
5809.26	0.3655982210702339
5810.93	0.048050221070234
5812.6	0.3773928210702341
5814.26	0.0885609210702341
5815.93	0.381868921070234
5817.6	0.013061521070234
5819.27	0.275935721070234
5820.94	-0.0841757789297659
5822.6	0.160301421070234
5824.27	-0.1006157789297659
5825.94	0.2829075210702341
5827.61	0.0380229210702339
5829.27	0.4011658210702339
5830.94	0.112489721070234
5832.61	0.357296521070234
5834.28	0.096269121070234
5835.95	0.425121891070234
5837.61	0.1587635210702341
5839.28	0.5273902210702341
5840.95	0.2566212210702339
5842.62	0.5430572210702341
5844.29	0.3105532210702341
5845.95	0.5805842210702339
5847.62	0.3276412210702341
5849.29	0.5537462210702342
5850.96	0.0723342210702342
5852.63	0.1977666210702339
5854.29	-0.1407677789297659
5855.96	0.2583881210702339
5857.63	0.124299221070234
5859.3	0.5364810210702339
5860.96	0.368981221070234
5862.63	0.632708831070234
5864.3	0.2277775210702341
5865.97	0.431840121070234
5867.64	0.1357412210702341
5869.3	0.473437621070234
5870.97	0.151857221070234
5872.64	0.306237221070234
5874.31	-0.110832778929766
5875.98	0.151348121070234
5877.64	-0.1204096789297659
5879.31	0.3217328210702341
5880.98	0.193848721070234
5882.65	0.5855055210702341
5884.32	0.249929221070234
5885.98	0.469095921070234
5887.65	0.004083221070234
5889.32	0.307720321070234
5890.99	-0.0485977789297659
5892.65	0.209289421070234
5894.32	-0.2078387789297659
5895.99	0.0299275210702341
5897.66	-0.327371778929766
5899.33	-0.0108969789297659
5900.99	-0.369988778929766
5902.66	-0.0413646789297659
5904.33	-0.3172377789297659
5906.0	0.0458896210702342
5907.67	-0.051022778929766
5909.33	0.4570553210702341
5911.0	0.335609821070234
5912.67	0.7096853210702342
5914.34	0.3438203210702341
5916.0	0.5348162210702341
5917.67	0.1703414210702341
5919.34	0.382161321070234
5921.01	0.123443621070234
5922.68	0.470531071070234
5924.34	0.190869821070234
5926.01	0.498778421070234
5927.68	0.168041392070234
5929.35	0.4558103210702341
5931.02	0.2144812620702339
5932.68	0.6534212210702341
5934.35	0.492684021070234
5936.02	0.9079890710702344
5937.69	0.566626621070234
5939.36	0.724010621070234
5941.02	0.196964821070234
5942.69	0.314600121070234
5944.36	-0.105685378929766
5946.03	0.1916874210702339
5947.69	-0.0563957789297659
5949.36	0.3530822210702341
5951.03	0.1224421210702339
5952.7	0.483947921070234
5954.37	0.2378282210702341
5956.03	0.5145064210702341
5957.7	0.150328221070234
5959.37	0.3500673210702339
5961.04	0.001485321070234
5962.71	0.357870821070234
5964.37	0.1586488210702339
5966.04	0.520722821070234
5967.71	0.2979108210702339
5969.38	0.6138781210702341
5971.05	0.2689403910702341
5972.71	0.541043221070234
5974.38	0.236202011070234
5976.05	0.557484451070234
5977.72	0.336688521070234
5979.38	0.6993483210702343
5981.05	0.427156421070234
5982.72	0.7685717910702341
5984.39	0.3748855210702341
5986.06	0.480449921070234
5987.72	0.001370221070234
5989.39	0.146974221070234
5991.06	-0.2203867789297658
5992.73	0.156535221070234
5994.4	-0.035116778929766
5996.06	0.4279962210702342
5997.73	0.2063432210702339
5999.4	0.5341022210702341
6001.07	0.2391444210702339
6002.74	0.6147266210702341
6004.4	0.4387917210702339
6006.07	0.922159221070234
6007.74	0.7049946210702339
6009.41	0.9656425210702336
6011.07	0.4237050210702341
6012.74	0.4869326210702341
6014.41	-0.0193407789297658
6016.08	0.2286932210702341
6017.75	0.0195012210702341
6019.41	0.523238221070234
6021.08	0.3441582210702341
6022.75	0.6958174210702343
6024.42	0.349124221070234
6026.09	0.5642892210702339
6027.75	0.181171221070234
6029.42	0.4108943210702341
6031.09	0.1264546210702341
6032.76	0.5079549210702341
6034.43	0.271408321070234
6036.09	0.5551355210702342
6037.76	0.164010221070234
6039.43	0.2834844210702339
6041.1	-0.187911778929766
6042.76	-0.0196297789297659
6044.43	-0.302764778929766
6046.1	0.0961885210702341
6047.77	-0.084786478929766
6049.44	0.2231200080702339
6051.1	-0.1432254789297659
6052.77	0.0320424210702341
6054.44	-0.3477397789297659
6056.11	-0.0128157789297659
6057.78	-0.2028797789297659
6059.44	0.2838901210702342
6061.11	0.138053421070234
6062.78	0.494918221070234
6064.45	0.199376021070234
6066.11	0.432500421070234
6067.78	0.102403321070234
6069.45	0.401359221070234
6071.12	0.057192821070234
6072.79	0.369656321070234
6074.45	0.0663360210702341
6076.12	0.3354633210702341
6077.79	0.0582060210702341
6079.46	0.405982821070234
6081.13	0.158075521070234
6082.79	0.558833521070234
6084.46	0.185656021070234
6086.13	0.368742631070234
6087.8	-0.0601223789297659
6089.47	0.1076452210702341
6091.13	-0.236217778929766
6092.8	0.081567121070234
6094.47	-0.2249687789297659
6096.14	0.1662412210702339
6097.8	-0.058592778929766
6099.47	0.3057917210702341
6101.14	0.0310365210702339
6102.81	0.3091998710702342
6104.48	-0.0352910789297659
6106.14	0.1590599210702339
6107.81	-0.2024557789297659
6109.48	0.1390743210702341
6111.15	-0.1197257789297659
6112.82	0.2408980210702339
6114.48	-0.0261545789297659
6116.15	0.2581474210702341
6117.82	-0.0247687789297659
6119.49	0.2411395210702341
6121.16	-0.0976057789297661
6122.82	0.199999221070234
6124.49	-0.1191707789297658
6126.16	0.105547421070234
6127.83	-0.274502778929766
6129.49	-0.0677180789297659
6131.16	-0.408372778929766
6132.83	-0.0304356789297659
6134.5	-0.195720778929766
6136.17	0.229677321070234
6137.83	-0.0594626789297658
6139.5	0.1392700210702342
6141.17	-0.3298953789297659
6142.84	-0.099566778929766
6144.51	-0.373692778929766
6146.17	0.0956986210702341
6147.84	-0.056261778929766
6149.51	0.4300495210702341
6151.18	0.202754221070234
6152.85	0.535360221070234
6154.51	0.2861532210702341
6156.18	0.577343921070234
6157.85	0.231740221070234
6159.52	0.495185621070234
6161.18	0.052444421070234
6162.85	0.2811553310702341
6164.52	-0.0452115789297659
6166.19	0.164026121070234
6167.86	-0.047850778929766
6169.52	0.3536172210702341
6171.19	0.1066792210702341
6172.86	0.444608221070234
6174.53	0.0529232210702341
6176.2	0.247369221070234
6177.86	-0.087841778929766
6179.53	0.074312221070234
6181.2	-0.226782778929766
6182.87	0.1582062210702339
6184.54	-0.0471367789297659
6186.2	0.2901920210702339
6187.87	0.0147987210702339
6189.54	0.2753953210702341
6191.21	-0.069504678929766
6192.87	0.173126821070234
6194.54	-0.088452978929766
6196.21	0.2779982210702341
6197.88	0.019642621070234
6199.55	0.1931871210702339
6201.21	-0.2866707789297661
6202.88	-0.171935778929766
6204.55	-0.5784777789297658
6206.22	-0.2358057789297659
6207.89	-0.350441778929766
6209.55	0.0440884210702341
6211.22	-0.1913307789297659
6212.89	0.1677955210702339
6214.56	-0.0973274789297659
6216.23	0.2886742210702341
6217.89	0.0546521210702339
6219.56	0.376975821070234
6221.23	0.1284982210702339
6222.9	0.3220962210702341
6224.56	-0.0662667789297659
6226.23	0.225259221070234
6227.9	-0.0636777789297659
6229.57	0.238651721070234
6231.24	-0.166321778929766
6232.9	0.046014621070234
6234.57	-0.3212207789297658
6236.24	-0.0706614789297659
6237.91	-0.302952778929766
6239.58	0.180827821070234
6241.24	0.1263277210702341
6242.91	0.5901958210702339
6244.58	0.278249321070234
6246.25	0.4965648410702341
6247.91	0.030566521070234
6249.58	0.1757084210702339
6251.25	-0.2113777789297658
6252.92	0.056060221070234
6254.59	-0.1282307789297659
6256.25	0.236979321070234
6257.92	-0.0106667789297659
6259.59	0.298965021070234
6261.26	0.010928221070234
6262.93	0.284896021070234
6264.59	-0.0075690789297659
6266.26	0.2526474210702341
6267.93	-0.028936778929766
6269.6	0.2825789210702341
6271.27	0.021969221070234
6272.93	0.2868346210702341
6274.6	0.0232422210702341
6276.27	0.3714325210702339
6277.94	0.145991221070234
6279.6	0.5039488210702341
6281.27	0.2365549210702339
6282.94	0.5685961710702341
6284.61	0.3087384210702339
6286.28	0.5393039210702341
6287.94	0.1425402210702339
6289.61	0.351533421070234
6291.28	-0.1563707789297659
6292.95	0.0679622210702341
6294.62	-0.2571857789297659
6296.28	0.1657962210702339
6297.95	0.063725221070234
6299.62	0.5039977210702341
6301.29	0.1839989210702341
6302.96	0.409283221070234
6304.62	-0.087150678929766
6306.29	0.171949221070234
6307.96	-0.1031308789297659
6309.63	0.315266621070234
6311.29	0.1897310310702341
6312.96	0.6388317210702341
6314.63	0.4735035210702341
6316.3	0.7297298210702341
6317.97	0.4208967210702339
6319.63	0.7079215210702341
6321.3	0.3440327210702339
6322.97	0.5804487210702339
6324.64	0.3060735210702339
6326.31	0.573238921070234
6327.97	0.3146582210702341
6329.64	0.581036221070234
6331.31	0.297776221070234
6332.98	0.6185366210702341
6334.65	0.2741926210702341
6336.31	0.512615141070234
6337.98	0.173839721070234
6339.65	0.3977725210702341
6341.32	-0.0016328989297659
6342.98	0.1906353210702341
6344.65	-0.183544478929766
6346.32	0.032724421070234
6347.99	-0.2734377789297658
6349.66	0.067256021070234
6351.32	-0.1441657789297659
6352.99	0.2811424210702339
6354.66	0.092122321070234
6356.33	0.472395021070234
6358.0	0.229371121070234
6359.66	0.4637145610702339
6361.33	0.096602021070234
6363.0	0.2777046210702341
6364.67	-0.100525778929766
6366.34	0.1556082210702341
6368.0	-0.142117778929766
6369.67	0.153850221070234
6371.34	-0.1589797789297659
6373.01	0.170776221070234
6374.67	-0.0836577789297659
6376.34	0.2945205210702339
6378.01	-0.0128305789297659
6379.68	0.319876921070234
6381.35	0.002084841070234
6383.01	0.3527816710702341
6384.68	0.104723821070234
6386.35	0.401906721070234
6388.02	0.0663268210702339
6389.69	0.3525386010702341
6391.35	-0.091909578929766
6393.02	0.2274083210702341
6394.69	-0.0274367789297659
6396.36	0.3399544610702339
6398.03	0.054377521070234
6399.69	0.302201021070234
6401.36	-0.092425778929766
6403.03	0.2014842210702339
6404.7	-0.039259778929766
6406.36	0.287244721070234
6408.03	0.035818521070234
6409.7	0.3150721210702342
6411.37	-0.075047778929766
6413.04	0.2049112210702341
6414.7	-0.1376667789297659
6416.37	0.1967832210702341
6418.04	-0.0462077789297658
6419.71	0.2570302210702341
6421.38	-0.0016737789297659
6423.04	0.2923922210702342
6424.71	0.035287221070234
6426.38	0.4115463210702341
6428.05	0.1090739210702339
6429.71	0.4259671310702339
6431.38	0.0758001210702341
6433.05	0.2369644210702341
6434.72	-0.1984588789297659
6436.39	0.0204349210702339
6438.05	-0.263486778929766
6439.72	0.108733221070234
6441.39	-0.0721287789297659
6443.06	0.3592841210702339
6444.73	0.148723321070234
6446.39	0.5195803210702341
6448.06	0.159050221070234
6449.73	0.4575735210702339
6451.4	0.120214821070234
6453.07	0.4354549210702341
6454.73	0.0960164210702339
6456.4	0.3988945210702341
6458.07	0.0898480210702341
6459.74	0.389933721070234
6461.4	-0.029767778929766
6463.07	0.216222221070234
6464.74	-0.2144807789297659
6466.41	0.128463221070234
6468.08	-0.1258357789297658
6469.74	0.160475221070234
6471.41	-0.1616497789297659
6473.08	0.027853821070234
6474.75	-0.4435240789297658
6476.42	-0.2027131789297659
6478.08	-0.4944516789297659
6479.75	-0.0321502789297659
6481.42	-0.075873898929766
6483.09	0.292574921070234
6484.76	0.016785031070234
6486.42	0.3015541210702341
6488.09	-0.0346135789297659
6489.76	0.3464246210702341
6491.43	0.175843821070234
6493.09	0.547171421070234
6494.76	0.316139721070234
6496.43	0.4890004210702341
6498.1	0.0809621210702339
6499.77	0.322493201070234
6501.43	-0.0982720789297659
6503.1	0.1704448210702341
6504.77	-0.1870657789297659
6506.44	0.056969221070234
6508.11	-0.2357117789297659
6509.77	0.0974924210702339
6511.44	-0.1721547789297659
6513.11	0.209875621070234
6514.78	-0.0767957789297659
6516.45	0.2504162210702341
6518.11	-0.0279250789297659
6519.78	0.2671527210702339
6521.45	-0.0834807789297658
6523.12	0.1444412210702341
6524.78	-0.3107977789297659
6526.45	-0.0757057789297659
6528.12	-0.326925778929766
6529.79	0.029399221070234
6531.46	-0.112593778929766
6533.12	0.288322421070234
6534.79	0.0150742210702341
6536.46	0.287617321070234
6538.13	-0.0993837789297659
6539.8	0.103770921070234
6541.46	-0.1979207789297659
6543.13	0.119639481070234
6544.8	-0.0700704789297659
6546.47	0.3344670810702341
6548.14	0.1113909210702341
6549.8	0.413629221070234
6551.47	0.1589042210702341
6553.14	0.445007221070234
6554.81	0.1947122210702339
6556.47	0.6247592210702342
6558.14	0.405162221070234
6559.81	0.7315562210702341
6561.48	0.409025221070234
6563.15	0.6137182210702341
6564.81	0.1734142210702341
6566.48	0.318278221070234
6568.15	-0.0838587789297659
6569.82	0.2019972210702339
6571.49	-0.1264287789297658
6573.15	0.168917821070234
6574.82	-0.1568377789297659
6576.49	0.128506221070234
6578.16	-0.1974427789297658
6579.83	0.0333752210702339
6581.49	-0.2595767789297659
6583.16	0.017034821070234
6584.83	-0.2176157789297659
6586.5	0.1733043210702341
6588.16	-0.0935793789297659
6589.83	0.260775921070234
6591.5	-0.0814332789297659
6593.17	0.094596321070234
6594.84	-0.3147257789297659
6596.5	-0.046705778929766
6598.17	-0.292498678929766
6599.84	0.137461161070234
6601.51	-0.0551287589297658
6603.18	0.4357310210702341
6604.84	0.264183741070234
6606.51	0.747485521070234
6608.18	0.5586759210702341
6609.85	0.932206121070234
6611.51	0.6138042210702338
6613.18	0.7234784210702341
6614.85	0.2367547310702341
6616.52	0.441740821070234
6618.19	0.135950921070234
6619.85	0.5087214210702339
6621.52	0.3006033310702339
6623.19	0.598921421070234
6624.86	0.2112992210702341
6626.53	0.350231121070234
6628.19	0.007195221070234
6629.86	0.3756161210702341
6631.53	0.214584721070234
6633.2	0.6015790210702341
6634.87	0.275283021070234
6636.53	0.477766821070234
6638.2	0.126097121070234
6639.87	0.2931633210702341
6641.54	-0.0464307789297659
6643.2	0.2733142210702341
6644.87	0.019735221070234
6646.54	0.3024418210702341
6648.21	0.0074903210702339
6649.88	0.1886173210702341
6651.54	-0.157023778929766
6653.21	0.062061221070234
6654.88	-0.2983857789297658
6656.55	0.134111521070234
6658.22	0.039297321070234
6659.88	0.439460401070234
6661.55	0.145227421070234
6663.22	0.2973569210702341
6664.89	-0.2186492789297658
6666.56	-0.0458664789297659
6668.22	-0.4523799789297659
6669.89	-0.0454894589297659
6671.56	-0.2196964789297659
6673.23	0.2579837210702339
6674.89	0.1502385210702341
6676.56	0.617915721070234
6678.23	0.329446921070234
6679.9	0.5234869210702341
6681.57	-0.0875307789297659
6683.23	-0.0809057789297659
6684.9	-0.669538778929766
6686.57	-0.4922567789297659
6688.24	-0.7264387789297658
6689.91	-0.146742178929766
6691.57	-0.233957778929766
6693.24	0.240310221070234
6694.91	0.0248922210702339
6696.58	0.366046421070234
6698.25	0.1186003210702341
6699.91	0.5679359210702339
6701.58	0.3810094210702339
6703.25	0.7759617210702341
6704.92	0.433963121070234
6706.58	0.5051737210702341
6708.25	0.078077521070234
6709.92	0.247173421070234
6711.59	-0.0211130789297659
6713.26	0.406267721070234
6714.92	0.1851663210702339
6716.59	0.4862762210702339
6718.26	0.1121665210702339
6719.93	0.289726721070234
6721.6	-0.052428278929766
6723.26	0.145700421070234
6724.93	-0.1399920789297659
6726.6	0.243740321070234
6728.27	0.0130536210702341
6729.94	0.4550256210702341
6731.6	0.2219121210702341
6733.27	0.6103427210702339
6734.94	0.3405094210702341
6736.61	0.562720921070234
6738.27	0.1858712210702339
6739.94	0.4605759210702339
6741.61	0.042053021070234
6743.28	0.3300331210702341
6744.95	-0.012113978929766
6746.61	0.276556421070234
6748.28	0.013267221070234
6749.95	0.3636412210702339
6751.62	0.046874221070234
6753.29	0.329024221070234
6754.95	-0.0666327789297659
6756.62	0.193631221070234
6758.29	-0.0510247789297659
6759.96	0.3709006210702341
6761.63	0.2752799210702339
6763.29	0.762110021070234
6764.96	0.546642021070234
6766.63	0.8300797210702342
6768.3	0.506803421070234
6769.96	0.7382414210702339
6771.63	0.420559621070234
6773.3	0.613037171070234
6774.97	0.248764921070234
6776.64	0.346748021070234
6778.3	-0.157551878929766
6779.97	0.0358290210702339
6781.64	-0.319607778929766
6783.31	-0.046303778929766
6784.98	-0.2431557789297659
6786.64	0.153776121070234
6788.31	-0.038934478929766
6789.98	0.2878851210702339
6791.65	-0.0516057789297658
6793.31	0.1724182210702342
6794.98	-0.2461797789297659
6796.65	-0.115752778929766
6798.32	-0.580482778929766
6799.99	-0.2174987789297659
6801.65	-0.444530778929766
6803.32	0.007706921070234
6804.99	-0.2559667789297659
6806.66	0.0351233210702338
6808.33	-0.3251776789297659
6809.99	-0.0497861789297658
6811.66	-0.323995078929766
6813.33	0.251519621070234
6815.0	0.169802321070234
6816.67	0.7623880210702341
6818.33	0.5739888210702342
6820.0	0.903369521070234
6821.67	0.5445233910702341
6823.34	0.8423887210702341
6825.0	0.4767199210702341
6826.67	0.8378141210702342
6828.34	0.463921221070234
6830.01	0.682420521070234
6831.68	0.281338521070234
6833.34	0.5834459210702341
6835.01	0.194799221070234
6836.68	0.5357252210702339
6838.35	0.157736221070234
6840.02	0.3789122210702341
6841.68	-0.1218217789297658
6843.35	0.047592221070234
6845.02	-0.383123778929766
6846.69	-0.0944577789297659
6848.36	-0.329483778929766
6850.02	0.055123221070234
6851.69	-0.1532857789297658
6853.36	0.257130221070234
6855.03	-0.121582778929766
6856.69	0.176336221070234
6858.36	-0.1320387789297659
6860.03	0.1471842210702341
6861.7	-0.0228367789297659
6863.37	0.347477321070234
6865.03	0.0836762210702341
6866.7	0.4503682210702339
6868.37	0.1498692210702339
6870.04	0.556990021070234
6871.71	0.334681421070234
6873.37	0.6207672210702342
6875.04	0.224870821070234
6876.71	0.323530521070234
6878.38	-0.118702778929766
6880.05	0.1381521210702339
6881.71	-0.1567491789297659
6883.38	0.171665221070234
6885.05	-0.1333391689297659
6886.72	0.1992639210702341
6888.38	0.009339621070234
6890.05	0.367433321070234
6891.72	0.164394221070234
6893.39	0.5088466210702339
6895.06	0.168693221070234
6896.72	0.359948321070234
6898.39	-0.0545947789297659
6900.06	0.1823512210702339
6901.73	-0.0375227789297658
6903.4	0.2571662210702341
6905.06	-0.0309727789297658
6906.73	0.2039522210702341
6908.4	-0.1138737789297658
6910.07	0.2166556210702341
6911.74	-0.0093353789297659
6913.4	0.3469393010702341
6915.07	0.090617821070234
6916.74	0.3836540410702341
6918.41	-0.0090002789297658
6920.07	0.1721173210702341
6921.74	-0.1114367789297658
6923.41	0.227270221070234
6925.08	0.0607722210702341
6926.75	0.5243002210702341
6928.41	0.296171221070234
6930.08	0.711656221070234
6931.75	0.351993221070234
6933.42	0.548111821070234
6935.09	0.0845511210702339
6936.75	0.246944421070234
6938.42	-0.160692178929766
6940.09	0.169558321070234
6941.76	-0.071278578929766
6943.42	0.345118321070234
6945.09	0.029422221070234
6946.76	0.4242188210702339
6948.43	0.1408194210702339
6950.1	0.5262807710702341
6951.76	0.227377521070234
6953.43	0.5813653210702341
6955.1	0.3248283210702342
6956.77	0.534047521070234
6958.44	0.122699521070234
6960.1	0.319924021070234
6961.77	-0.0426105789297659
6963.44	0.2237266210702339
6965.11	-0.0868287789297658
6966.78	0.3230571210702341
6968.44	0.320473221070234
6970.11	0.6509716210702339
6971.78	0.3923146210702342
6973.45	0.5983065210702342
6975.11	0.124423421070234
6976.78	0.250911821070234
6978.45	-0.1808787789297659
6980.12	0.0845242210702341
6981.79	-0.0713217789297658
6983.45	0.329099221070234
6985.12	0.230123521070234
6986.79	0.722675721070234
6988.46	0.493213821070234
6990.13	0.8514882210702341
6991.79	0.5049446210702341
6993.46	0.7704607210702339
6995.13	0.410598621070234
6996.8	0.647015821070234
6998.47	0.263315221070234
7000.13	0.4594552210702341
7001.8	0.039025221070234
7003.47	0.3675772210702341
7005.14	0.100714221070234
7006.8	0.4904911210702339
7008.47	0.143129221070234
7010.14	0.4234524210702341
7011.81	0.013374221070234
7013.48	0.269399311070234
7015.14	-0.116263578929766
7016.81	0.278076121070234
7018.48	0.0676867210702341
7020.15	0.516856321070234
7021.82	0.267371821070234
7023.48	0.7093126210702341
7025.15	0.4589424110702341
7026.82	0.8463526210702341
7028.49	0.449196821070234
7030.16	0.667132821070234
7031.82	0.218570221070234
7033.49	0.367697221070234
7035.16	-0.0679147789297659
7036.83	0.1829502210702339
7038.49	-0.1776357789297659
7040.16	0.1116892210702339
7041.83	-0.250703778929766
7043.5	0.0267252210702341
7045.17	-0.2774037789297659
7046.83	0.066033021070234
7048.5	-0.1125311789297659
7050.17	0.3405611510702339
7051.84	0.153306121070234
7053.51	0.5350082210702342
7055.17	0.278866321070234
7056.84	0.5992610210702342
7058.51	0.206330521070234
7060.18	0.445414721070234
7061.85	0.012844621070234
7063.51	0.153236321070234
7065.18	-0.310019278929766
7066.85	-0.1249303789297659
7068.52	-0.5047664789297659
7070.18	-0.0734986789297659
7071.85	-0.2545756789297659
7073.52	0.302817121070234
7075.19	0.172089321070234
7076.86	0.5216150210702339
7078.52	0.251782221070234
7080.19	0.519653621070234
7081.86	0.144610721070234
7083.53	0.428893621070234
7085.2	0.087354021070234
7086.86	0.403506021070234
7088.53	0.0921172210702341
7090.2	0.260765421070234
7091.87	-0.055905578929766
7093.54	0.1830882210702339
7095.2	-0.2119078789297659
7096.87	0.091541321070234
7098.54	-0.244465578929766
7100.21	0.097697321070234
7101.87	-0.188527778929766
7103.54	0.117970821070234
7105.21	-0.2458837789297661
7106.88	0.0139321210702341
7108.55	-0.353594778929766
7110.21	0.0280103210702341
7111.88	-0.1735777789297659
7113.55	0.3220532210702339
7115.22	0.1184962210702339
7116.89	0.5167902210702341
7118.55	0.1848152210702339
7120.22	0.4376385210702341
7121.89	0.051957721070234
7123.56	0.320317621070234
7125.22	-0.0421002789297659
7126.89	0.164118521070234
7128.56	-0.127113778929766
7130.23	0.135805221070234
7131.9	-0.176708778929766
7133.56	0.1236982210702339
7135.23	-0.2117767789297659
7136.9	0.086817221070234
7138.57	-0.160253878929766
7140.24	-0.0197162789297659
7141.9	-0.4150921789297659
7143.57	-0.216322778929766
7145.24	-0.5313137789297658
7146.91	-0.0760337789297659
7148.58	-0.163100778929766
7150.24	0.4025741210702339
7151.91	0.439821031070234
7153.58	0.862287621070234
7155.25	0.6554382210702341
7156.91	0.974276891070234
7158.58	0.6196442210702341
7160.25	0.8082173210702341
7161.92	0.3349917210702341
7163.59	0.550581521070234
7165.25	0.354587621070234
7166.92	0.8330761210702342
7168.59	0.799802321070234
7170.26	1.3121261210702344
7171.93	1.105516721070234
7173.59	1.2716587210702344
7175.26	0.791618221070234
7176.93	0.7824639210702341
7178.6	0.261301821070234
7180.27	0.324704021070234
7181.93	-0.1604730789297659
7183.6	0.0699162210702341
7185.27	-0.3230647789297661
7186.94	-0.0520557789297658
7188.6	-0.1832927789297659
7190.27	0.3263291210702342
7191.94	0.466389421070234
7193.61	1.172470621070234
7195.28	1.103908021070234
7196.94	1.525217921070234
7198.61	0.909986721070234
7200.28	0.8383767610702341
7201.95	0.2027816210702341
7203.62	0.263906921070234
7205.28	-0.0990609789297659
7206.95	0.295163221070234
7208.62	0.061169021070234
7210.29	0.4528626210702343
7211.96	0.1763166210702341
7213.62	0.5230538210702339
7215.29	0.3252048210702339
7216.96	0.6544332210702339
7218.63	0.202423021070234
7220.29	0.335507521070234
7221.96	-0.0552789789297659
7223.63	0.215070221070234
7225.3	0.0066082210702339
7226.97	0.4166962210702339
7228.63	0.3097625210702341
7230.3	0.7023749210702339
7231.97	0.401425221070234
7233.64	0.7183639210702338
7235.31	0.446333221070234
7236.97	0.8187196210702341
7238.64	0.5079168210702341
7240.31	0.8110083210702342
7241.98	0.468436821070234
7243.65	0.653450521070234
7245.31	0.161957221070234
7246.98	0.383541121070234
7248.65	0.011987221070234
7250.32	0.3224993210702341
7251.98	0.060261121070234
7253.65	0.5168978510702341
7255.32	0.2279278210702339
7256.99	0.5295526210702339
7258.66	0.1263965210702339
7260.32	0.390350291070234
7261.99	0.054015121070234
7263.66	0.258114561070234
7265.33	-0.083265978929766
7267.0	0.259688651070234
7268.66	-0.0221424789297659
7270.33	0.339265921070234
7272.0	0.0562792210702339
7273.67	0.4760932210702341
7275.34	0.265733221070234
7277.0	0.569131721070234
7278.67	0.2840298210702341
7280.34	0.560481521070234
7282.01	0.2385454210702339
7283.67	0.597789221070234
7285.34	0.301872221070234
7287.01	0.638338421070234
7288.68	0.394345621070234
7290.35	0.627011021070234
7292.01	0.3031267210702341
7293.68	0.538764721070234
7295.35	0.299044021070234
7297.02	0.6759949210702341
7298.69	0.452590521070234
7300.35	0.7266531210702342
7302.02	0.3686924210702341
7303.69	0.6071782210702341
7305.36	0.3160003210702342
7307.02	0.612212721070234
7308.69	0.3951323210702341
7310.36	0.8265666210702338
7312.03	0.6207519210702339
7313.7	0.9078459210702338
7315.36	0.4973512210702341
7317.03	0.800062221070234
7318.7	0.5084412210702342
7320.37	0.917457121070234
7322.04	0.5807798210702341
7323.7	0.8296362210702342
7325.37	0.368471521070234
7327.04	0.524053621070234
7328.71	0.0075432210702342
7330.38	0.2819554210702338
7332.04	0.029919421070234
7333.71	0.4679880210702339
7335.38	0.2431877210702341
7337.05	0.5732138210702341
7338.71	0.3502028210702341
7340.38	0.8072362210702341
7342.05	0.6009059210702341
7343.72	0.9837482010702342
7345.39	0.6002240210702341
7347.05	0.6879026210702341
7348.72	0.105420221070234
7350.39	0.0999352210702339
7352.06	-0.2270467789297659
7353.73	0.1788052210702339
7355.39	0.1153462210702339
7357.06	0.5749924210702337
7358.73	0.3512722210702341
7360.4	0.6241522210702342
7362.07	0.419124221070234
7363.73	0.872966621070234
7365.4	0.8202099710702342
7367.07	1.202914421070234
7368.74	0.8343537210702341
7370.4	0.9133342210702338
7372.07	0.3886912210702341
7373.74	0.612872221070234
7375.41	0.4763322210702341
7377.08	0.9696362210702342
7378.74	0.701551221070234
7380.41	0.981409221070234
7382.08	0.445086221070234
7383.75	0.451915521070234
7385.42	-0.0974795789297659
7387.08	0.121526521070234
7388.75	-0.1372867789297659
7390.42	0.2865194210702341
7392.09	0.051075221070234
7393.76	0.439123221070234
7395.42	0.0310909210702341
7397.09	0.1955922210702341
7398.76	-0.1960767789297658
7400.43	0.201048221070234
7402.09	0.113486521070234
7403.76	0.577455221070234
7405.43	0.353163221070234
7407.1	0.6063616210702341
7408.77	-0.001151778929766
7410.43	0.1186526210702341
7412.1	-0.2362168789297659
7413.77	0.152845621070234
7415.44	0.045179221070234
7417.11	0.5241227210702342
7418.77	0.345072221070234
7420.44	0.7367192210702342
7422.11	0.487527221070234
7423.78	0.766950221070234
7425.45	0.4109422210702341
7427.11	0.4500002210702341
7428.78	-0.181649778929766
7430.45	-0.1588027789297658
7432.12	-0.6113877789297656
7433.78	-0.2603917789297661
7435.45	-0.287542178929766
7437.12	0.1658969210702341
7438.79	0.0320670210702341
7440.46	0.3381531210702341
7442.12	-0.0122324089297659
7443.79	0.1598533210702341
7445.46	-0.224677758929766
7447.13	0.031798121070234
7448.8	-0.1046801789297659
7450.46	0.418775721070234
7452.13	0.384316631070234
7453.8	1.096061121070234
7455.47	1.083525521070234
7457.14	1.3971436210702344
7458.8	1.016561221070234
7460.47	1.1404709210702342
7462.14	0.6315911210702339
7463.81	0.8001873210702343
7465.47	0.338898821070234
7467.14	0.599511521070234
7468.81	0.246966321070234
7470.48	0.4742963210702341
7472.15	0.117297221070234
7473.81	0.3868532210702342
7475.48	0.0367712210702339
7477.15	0.2362832210702339
7478.82	-0.1400747789297659
7480.49	0.156603021070234
7482.15	-0.2410741789297658
7483.82	0.063247551070234
7485.49	-0.314705578929766
7487.16	-0.031960878929766
7488.82	-0.2799377789297659
7490.49	0.1534188210702339
7492.16	-0.0644657789297658
7493.83	0.283842321070234
7495.5	-0.0287037789297659
7497.16	0.2777532210702341
7498.83	-0.1066197789297659
7500.5	0.2297662210702341
7502.17	-0.0307267789297659
7503.84	0.3017029210702341
7505.5	0.0417930210702341
7507.17	0.3249572210702339
7508.84	0.0776763210702339
7510.51	0.4393773210702338
7512.18	0.0766186210702339
7513.84	0.335688721070234
7515.51	-0.067569778929766
7517.18	0.1284263210702339
7518.85	-0.269653378929766
7520.51	-0.0049188789297659
7522.18	-0.370272578929766
7523.85	-0.0825432789297659
7525.52	-0.3493382789297659
7527.19	0.0532691210702339
7528.85	-0.1826087789297659
7530.52	0.1500842210702341
7532.19	-0.158060778929766
7533.86	0.124254321070234
7535.53	-0.278023778929766
7537.19	-0.1065987789297661
7538.86	-0.4604147789297658
7540.53	-0.1879317789297659
7542.2	-0.3971697789297657
7543.87	0.015855221070234
7545.53	0.039285221070234
7547.2	0.524076021070234
7548.87	0.382574921070234
7550.54	0.7209876610702339
7552.2	0.399439921070234
7553.87	0.512001821070234
7555.54	0.128996221070234
7557.21	0.3406372210702341
7558.88	0.159671221070234
7560.54	0.5715099210702341
7562.21	0.4152772210702339
7563.88	0.7428522210702341
7565.55	0.4847582210702341
7567.22	0.692219221070234
7568.88	0.3239812210702341
7570.55	0.558115221070234
7572.22	0.2043492210702339
7573.89	0.364088221070234
7575.56	-0.1129157789297659
7577.22	-0.0379737789297659
7578.89	-0.4899067789297658
7580.56	-0.2027287789297661
7582.23	-0.3169207789297659
7583.89	0.1402401210702339
7585.56	0.0519732210702339
7587.23	0.4810168210702342
7588.9	0.260552221070234
7590.57	0.6431922210702341
7592.23	0.425135221070234
7593.9	0.681928221070234
7595.57	0.432307221070234
7597.24	0.7234318210702342
7598.91	0.338829921070234
7600.57	0.574827721070234
7602.24	0.1414172210702339
7603.91	0.238807921070234
7605.58	-0.228834778929766
7607.25	-0.129727778929766
7608.91	-0.4642607789297659
7610.58	-0.0231867789297659
7612.25	-0.1857357789297659
7613.92	0.290780321070234
7615.58	0.124666921070234
7617.25	0.4835001210702341
7618.92	0.203012821070234
7620.59	0.432031021070234
7622.26	0.070237221070234
7623.92	0.310546221070234
7625.59	-0.072598778929766
7627.26	0.1897852210702339
7628.93	-0.082366778929766
7630.6	0.2565003210702339
7632.26	0.0704792210702339
7633.93	0.5069430910702342
7635.6	0.3565801210702342
7637.27	0.8033712210702341
7638.94	0.603725851070234
7640.6	0.8447811210702341
7642.27	0.5296771810702341
7643.94	0.6705125210702338
7645.61	0.138634821070234
7647.27	0.2177652210702341
7648.94	-0.195019778929766
7650.61	0.0401498210702339
7652.28	-0.154179878929766
7653.95	0.2195326210702341
7655.61	0.0821335210702341
7657.28	0.4620028210702339
7658.95	0.203024721070234
7660.62	0.3718956210702341
7662.29	-0.0586167789297659
7663.95	0.1312087210702341
7665.62	-0.2778287789297659
7667.29	0.0613882210702339
7668.96	-0.0414867789297658
7670.62	0.4601902210702341
7672.29	0.2968992210702341
7673.96	0.5528159210702339
7675.63	0.047271321070234
7677.3	0.225991221070234
7678.96	-0.198508078929766
7680.63	0.1024598210702341
7682.3	-0.2368503789297659
7683.97	-0.041890478929766
7685.64	-0.494432678929766
7687.3	-0.2339334789297659
7688.97	-0.477093778929766
7690.64	0.015772221070234
7692.31	-0.0109357789297659
7693.98	0.5472412210702341
7695.64	0.3685702210702339
7697.31	0.5416898210702341
7698.98	0.0079538210702339
7700.65	0.185914721070234
7702.31	-0.1585492789297659
7703.98	0.2628721210702339
7705.65	0.3066197210702341
7707.32	1.027374021070234
7708.99	1.103383221070234
7710.65	1.426194921070234
7712.32	0.973683721070234
7713.99	1.055319511070234
7715.66	0.488956721070234
7717.33	0.6418497210702341
7718.99	0.411131431070234
7720.66	0.784184621070234
7722.33	0.687719748070234
7724.0	1.0491849210702338
7725.67	0.8253537910702342
7727.33	1.1653529210702342
7729.0	0.864865921070234
7730.67	1.172242421070234
7732.34	1.0183901210702342
7734.0	1.301706421070234
7735.67	0.998463621070234
7737.34	1.1400389210702342
7739.01	0.570847221070234
7740.68	0.5245192210702341
7742.34	0.019541221070234
7744.01	0.2906282210702341
7745.68	0.234772221070234
7747.35	0.762623221070234
7749.02	0.6223075210702341
7750.68	1.0257479210702345
7752.35	0.6721931210702341
7754.02	0.8739638010702342
7755.69	0.5326091210702342
7757.36	0.7122688210702341
7759.02	0.3597024210702339
7760.69	0.5839570210702341
7762.36	0.156869221070234
7764.03	0.3915374210702341
7765.69	0.030422121070234
7767.36	0.449783321070234
7769.03	0.2205274210702341
7770.7	0.6581578210702339
7772.37	0.481899721070234
7774.03	0.7785005210702343
7775.7	0.3311494210702341
7777.37	0.4469402210702341
7779.04	0.0367232210702341
7780.71	0.3377052210702341
7782.37	-0.0006229789297659
7784.04	0.2817142210702341
7785.71	0.0628875210702341
7787.38	0.480802121070234
7789.05	0.351998921070234
7790.71	0.8314112610702342
7792.38	0.669081961070234
7794.05	0.839027111070234
7795.72	0.3846941210702341
7797.38	0.5250702210702339
7799.05	0.205282221070234
7800.72	0.5348652210702339
7802.39	0.1507152210702341
7804.06	0.2848822210702341
7805.72	-0.2844137789297661
7807.39	-0.1896887789297659
7809.06	-0.4950397789297659
7810.73	-0.0467037789297659
7812.4	-0.224976778929766
7814.06	0.265182221070234
7815.73	0.0271082210702339
7817.4	0.374800221070234
7819.07	-0.0216145789297658
7820.73	0.2031375210702339
7822.4	-0.208949778929766
7824.07	-0.0100987789297659
7825.74	-0.3926617789297658
7827.41	-0.0122377789297659
7829.07	-0.186769078929766
7830.74	0.2180302210702341
7832.41	-0.0760715789297658
7834.08	0.2275532210702339
7835.75	-0.090316778929766
7837.41	0.1998192210702339
7839.08	0.029133021070234
7840.75	0.3811530210702339
7842.42	0.0740806210702341
7844.09	0.2683404210702341
7845.75	-0.2367052789297659
7847.42	0.019244651070234
7849.09	-0.251132778929766
7850.76	0.029314021070234
7852.42	-0.195411878929766
7854.09	-0.0290706889297659
7855.76	-0.4471395789297659
7857.43	0.019737021070234
7859.1	-0.105725278929766
7860.76	0.499946021070234
7862.43	0.4305919210702342
7864.1	0.6843760510702341
7865.77	0.2187822210702341
7867.44	0.1883072210702341
7869.1	-0.330341778929766
7870.77	-0.0129689789297659
7872.44	-0.1748529789297658
7874.11	0.228279821070234
7875.78	0.1037451210702339
7877.44	0.422863921070234
7879.11	0.120333941070234
7880.78	0.3417453210702341
7882.45	0.0654435210702339
7884.11	0.4383672210702339
7885.78	0.342672421070234
7887.45	0.794147221070234
7889.12	0.6336407210702341
7890.79	0.8922123710702341
7892.45	0.4680059210702341
7894.12	0.5668057210702342
7895.79	0.0889543210702341
7897.46	0.243047521070234
7899.13	-0.134683878929766
7900.79	0.2215968210702339
7902.46	-0.0009358789297658
7904.13	0.316348521070234
7905.8	0.0396022210702341
7907.47	0.340524221070234
7909.13	0.0837792210702339
7910.8	0.4504712210702338
7912.47	0.2045152210702341
7914.14	0.6655954210702338
7915.8	0.448863921070234
7917.47	0.772251031070234
7919.14	0.572407611070234
7920.81	0.9102497210702344
7922.48	0.6702011210702341
7924.14	1.010258221070234
7925.81	0.659270221070234
7927.48	0.8379975210702341
7929.15	0.512091221070234
7930.82	0.6522302210702341
7932.48	0.3544242210702338
7934.15	0.5974432210702341
7935.82	0.157820221070234
7937.49	0.312349221070234
7939.16	-0.1000537789297659
7940.82	0.1741542210702341
7942.49	0.007777221070234
7944.16	0.373787021070234
7945.83	0.2444994210702341
7947.49	0.586369421070234
7949.16	0.2140045210702341
7950.83	0.3263637210702341
7952.5	-0.2489557789297659
7954.17	0.008252221070234
7955.83	-0.228774778929766
7957.5	0.205554221070234
7959.17	0.240630221070234
7960.84	0.7153082210702341
7962.51	0.7020132210702341
7964.17	1.135913221070234
7965.84	0.892627221070234
7967.51	1.143464521070234
7969.18	0.660482721070234
7970.85	0.6275262410702341
7972.51	0.0424312210702341
7974.18	-0.018995978929766
7975.85	-0.3585509789297661
7977.52	0.007223121070234
7979.18	-0.1627547789297659
7980.85	0.3164007210702341
7982.52	0.133735021070234
7984.19	0.5727292210702342
7985.86	0.421829821070234
7987.52	0.847169221070234
7989.19	0.790912221070234
7990.86	1.319669221070234
7992.53	1.096274321070234
7994.2	1.5234797210702342
7995.86	1.152557921070234
7997.53	1.323349521070234
7999.2	0.9200147680702342
8000.87	1.073851321070234
8002.53	0.753666421070234
8004.2	0.9955122210702338
8005.87	0.554514421070234
8007.54	0.859859821070234
8009.21	0.530558007070234
8010.87	0.9022872210702338
8012.54	0.7465665210702341
8014.21	1.0627720640702338
8015.88	0.738034621070234
8017.55	0.9059397210702343
8019.21	0.3090141210702341
8020.88	0.309809421070234
8022.55	-0.3480349689297658
8024.22	-0.306997978929766
8025.89	-0.670507948929766
8027.55	-0.2792377289297659
8029.22	-0.3774310789297659
8030.89	0.1399592210702339
8032.56	0.020544221070234
8034.22	0.2655892210702341
8035.89	-0.0847005789297659
8037.56	0.1945306210702341
8039.23	-0.025655778929766
8040.9	0.4555180210702341
8042.56	0.390328921070234
8044.23	0.7702886210702342
8045.9	0.5635252210702342
8047.57	0.825735221070234
8049.24	0.4503122210702341
8050.9	0.7406932210702342
8052.57	0.333501221070234
8054.24	0.5518503210702341
8055.91	0.2209392210702341
8057.58	0.351878121070234
8059.24	-0.0892967789297659
8060.91	0.099335221070234
8062.58	-0.2808137789297657
8064.25	0.1318779210702341
8065.91	0.0324736210702341
8067.58	0.578694221070234
8069.25	0.557494221070234
8070.92	0.863311221070234
8072.59	0.490420821070234
8074.25	0.6392068210702341
8075.92	0.241849221070234
8077.59	0.503379221070234
8079.26	0.3658692210702339
8080.93	0.8168830210702339
8082.59	0.7122142210702341
8084.26	1.019114521070234
8085.93	0.614443221070234
8087.6	0.700006121070234
8089.27	0.2774404210702338
8090.93	0.507053921070234
8092.6	0.323277121070234
8094.27	0.7975889210702343
8095.94	0.675280221070234
8097.6	1.056424721070234
8099.27	0.6243115210702339
8100.94	0.734040821070234
8102.61	0.4067825910702341
8104.28	0.6988228210702341
8105.94	0.316839221070234
8107.61	0.577436521070234
8109.28	0.1449066210702341
8110.95	0.282301821070234
8112.62	-0.189129078929766
8114.28	0.0885931510702342
8115.95	-0.1117246789297658
8117.62	0.3320171210702341
8119.29	0.0110422210702341
8120.96	0.401022221070234
8122.62	0.2423792210702341
8124.29	0.7042750210702342
8125.96	0.4615643210702341
8127.63	0.8926779210702339
8129.29	0.4831197210702339
8130.96	0.743418421070234
8132.63	0.3443475210702341
8134.3	0.640529221070234
8135.97	0.4519642210702342
8137.63	0.812760621070234
8139.3	0.418335321070234
8140.97	0.527527121070234
8142.64	-0.0474506789297659
8144.31	0.078856821070234
8145.97	-0.1465527789297659
8147.64	0.3470982210702341
8149.31	0.245319021070234
8150.98	0.760860221070234
8152.65	0.4249301210702341
8154.31	0.5227274210702341
8155.98	-0.0007264289297659
8157.65	0.149086121070234
8159.32	-0.108534778929766
8160.98	0.258079221070234
8162.65	-0.2816067789297661
8164.32	-0.185560778929766
8165.99	-0.682434778929766
8167.66	-0.3889547789297659
8169.32	-0.458815778929766
8170.99	0.2763377210702339
8172.66	0.380127421070234
8174.33	1.0099876210702337
8176.0	0.8211102210702341
8177.66	0.9997089210702338
8179.33	0.6659707210702341
8181.0	0.903305821070234
8182.67	0.464825591070234
8184.33	0.6538489210702341
8186.0	0.218494221070234
8187.67	0.377197221070234
8189.34	0.045322221070234
8191.01	0.2699104210702341
8192.67	-0.1549918789297659
8194.34	0.034102621070234
8196.01	-0.2789387789297658
8197.68	0.014173921070234
8199.35	-0.0890257789297659
8201.01	0.5770525210702342
8202.68	0.5263022210702342
8204.35	0.935856221070234
8206.02	0.5233942210702341
8207.69	0.5510792210702341
8209.35	0.120691221070234
8211.02	0.2443602210702339
8212.69	-0.1995417789297658
8214.36	-0.0279387789297659
8216.02	-0.339349778929766
8217.69	0.079359421070234
8219.36	-0.0222275789297659
8221.03	0.734012521070234
8222.7	0.920045521070234
8224.36	1.3910292210702335
8226.03	1.2716817210702338
8227.7	1.478470021070234
8229.37	1.066914221070234
8231.04	1.285712221070234
8232.7	0.7045632210702338
8234.37	0.9052122210702338
8236.04	0.594591521070234
8237.71	0.6922322210702341
8239.38	0.316055521070234
8241.04	0.6461486210702343
8242.71	0.2867320210702341
8244.38	0.6689232210702339
8246.05	0.306115221070234
8247.71	0.5942222210702341
8249.38	0.2711912210702341
8251.05	0.4248832210702339
8252.72	-0.0681657789297658
8254.39	0.232778221070234
8256.05	-0.1697648789297659
8257.72	0.1549089210702339
8259.39	-0.3282435789297658
8261.06	-0.0595239789297659
8262.73	-0.2780271789297658
8264.39	0.1926744210702339
8266.06	0.105411221070234
8267.73	0.6792723210702342
8269.4	0.6178392210702343
8271.07	1.273378521070234
8272.73	1.165158621070234
8274.4	1.453375551070234
8276.07	1.222443321070234
8277.74	1.426029321070234
8279.4	1.0529882210702344
8281.07	1.3376170210702338
8282.74	1.0832515210702345
8284.41	1.4151025210702342
8286.08	1.1855449210702342
8287.74	1.284905221070234
8289.41	0.8730365210702342
8291.08	0.9724596910702342
8292.75	0.4287502210702339
8294.42	0.5974642210702339
8296.08	0.281457821070234
8297.75	0.6433694210702339
8299.42	0.4844534310702341
8301.09	0.895158921070234
8302.76	0.648941321070234
8304.42	1.0148639210702342
8306.09	0.5689801210702341
8307.76	0.7034997210702338
8309.43	0.180074021070234
8311.09	0.180505521070234
8312.76	-0.3061557789297658
8314.43	-0.1586860789297658
8316.1	-0.298979678929766
8317.77	0.281325221070234
8319.43	0.2797603210702341
8321.1	0.7845395610702339
8322.77	0.6618483210702342
8324.44	0.9278352210702338
8326.11	0.6752325210702341
8327.77	1.025578721070234
8329.44	0.887957951070234
8331.11	1.3213278210702335
8332.78	1.0316219210702342
8334.45	1.1614962210702342
8336.11	0.691299721070234
8337.78	0.666775421070234
8339.45	-0.0521854789297659
8341.12	0.0113700610702339
8342.78	-0.400741978929766
8344.45	-0.0848687789297658
8346.12	-0.1527603789297659
8347.79	0.4789070210702341
8349.46	0.5443124210702341
8351.12	1.115876921070234
8352.79	0.8637079210702339
8354.46	1.0803897210702342
8356.13	0.7900531210702341
8357.8	0.955817421070234
8359.46	0.6120143210702341
8361.13	0.808062821070234
8362.8	0.314353321070234
8364.47	0.4865851210702341
8366.13	0.016716221070234
8367.8	0.232870221070234
8369.47	0.015919221070234
8371.14	0.2419672210702341
8372.81	-0.0301737789297658
8374.47	0.2142202210702339
8376.14	-0.138853778929766
8377.81	0.1830461210702341
8379.48	-0.109373778929766
8381.15	0.188324721070234
8382.81	0.0091022210702341
8384.48	0.279011021070234
8386.15	0.098862921070234
8387.82	0.5096895210702341
8389.49	0.3466819710702339
8391.15	0.864417221070234
8392.82	0.7612316210702341
8394.49	0.994595521070234
8396.16	0.6307550210702342
8397.82	0.6329062210702341
8399.49	0.2510512210702341
8401.16	0.586423221070234
8402.83	0.4368932210702339
8404.5	1.000772221070234
8406.16	0.8860082210702339
8407.83	1.015023221070234
8409.5	0.530587221070234
8411.17	0.7125132210702342
8412.84	0.4473971210702341
8414.5	0.8253135210702336
8416.17	0.665867521070234
8417.84	0.932113641070234
8419.51	0.5151210210702339
8421.18	0.6722110210702341
8422.84	0.262547421070234
8424.51	0.5553656210702339
8426.18	0.418078621070234
8427.85	0.7011917241702339
8429.51	0.5084455210702339
8431.18	0.8745212210702341
8432.85	0.4991832210702341
8434.52	0.6481312210702338
8436.19	0.165685821070234
8437.85	0.097456921070234
8439.52	-0.4568028789297659
8441.19	-0.3919274789297659
8442.86	-0.638627978929766
8444.53	-0.1606820789297659
8446.19	-0.1929309789297659
8447.86	0.410480281070234
8449.53	0.504153821070234
8451.2	1.058038221070234
8452.87	0.903733021070234
8454.53	1.1319438210702342
8456.2	0.7903093210702339
8457.87	0.971471221070234
8459.54	0.5364488210702342
8461.2	0.6750942210702341
8462.87	0.3412632210702341
8464.54	0.5363632210702339
8466.21	0.1587662210702341
8467.88	0.451121221070234
8469.54	0.203335221070234
8471.21	0.657628921070234
8472.88	0.4415509210702339
8474.55	0.5884950210702341
8476.22	0.098148759820234
8477.88	0.1524755210702339
8479.55	-0.334166778929766
8481.22	-0.0744647789297658
8482.89	-0.2203717789297659
8484.56	0.2423442210702339
8486.22	0.222084221070234
8487.89	0.705606121070234
8489.56	0.5257105210702341
8491.23	0.921081121070234
8492.89	0.6160631510702341
8494.56	0.8258449210702341
8496.23	0.4820812210702341
8497.9	0.576383221070234
8499.57	0.0997302210702339
8501.23	0.2865462210702341
8502.9	-0.0151069789297659
8504.57	0.3425832210702341
8506.24	0.133642221070234
8507.91	0.5196492210702341
8509.57	0.2477447210702341
8511.24	0.4442895210702341
8512.91	0.0828734210702339
8514.58	0.2744536210702339
8516.25	0.095871221070234
8517.91	0.5593605210702338
8519.58	0.475702321070234
8521.25	0.800802771070234
8522.92	0.5646396910702339
8524.58	0.7511281210702341
8526.25	0.3908032210702341
8527.92	0.5444162210702341
8529.59	0.2527382210702342
8531.26	0.539200221070234
8532.92	0.3307548210702341
8534.59	0.582586621070234
8536.26	0.306000121070234
8537.93	0.4895302210702341
8539.6	0.1453195210702341
8541.26	0.308107721070234
8542.93	-0.0129158789297659
8544.6	0.1945394210702341
8546.27	-0.2368267789297658
8547.93	0.010576621070234
8549.6	-0.267029778929766
8551.27	0.206505021070234
8552.94	0.1873322210702342
8554.61	0.7860158210702339
8556.27	0.6273512210702342
8557.94	0.7400802210702341
8559.61	0.074367221070234
8561.28	0.1798102210702342
8562.95	-0.2076837789297657
8564.61	0.3147352210702338
8566.28	0.2619148210702341
8567.95	0.7843128210702339
8569.62	0.4987552210702342
8571.29	0.623290021070234
8572.95	0.1774198710702341
8574.62	0.338015921070234
8576.29	-0.1012138789297659
8577.96	0.055668321070234
8579.62	-0.4914717789297661
8581.29	-0.5249797789297659
8582.96	-1.0885067789297662
8584.63	-0.840228778929766
8586.3	-0.8897937789297659
8587.96	-0.2559212789297659
8589.63	-0.144428778929766
8591.3	0.4465331210702339
8592.97	0.3379074210702341
8594.64	0.6966822010702339
8596.3	0.3651483210702339
8597.97	0.605568621070234
8599.64	0.2007347210702341
8601.31	0.244647921070234
8602.98	-0.153638878929766
8604.64	-0.0120818789297659
8606.31	-0.377949658929766
8607.98	-0.044017078929766
8609.65	-0.125838778929766
8611.31	0.3444208210702341
8612.98	0.3854281210702339
8614.65	0.8535946210702339
8616.32	0.7091332210702341
8617.99	0.931909221070234
8619.65	0.452716221070234
8621.32	0.585557221070234
8622.99	0.2664382210702342
8624.66	0.494973221070234
8626.33	0.490778621070234
8627.99	0.8800110210702341
8629.66	0.6273376210702339
8631.33	0.8581591210702338
8633.0	0.5157586210702341
8634.67	0.7781983210702341
8636.33	0.4680412210702341
8638.0	0.6136113210702339
8639.67	0.3675224210702341
8641.34	0.4458446210702341
8643.0	0.0468047210702339
8644.67	0.2051925210702341
8646.34	0.015893221070234
8648.01	0.508745621070234
8649.68	0.308133221070234
8651.34	0.6675418210702341
8653.01	0.359932641070234
8654.68	0.3818475210702342
8656.35	-0.1229771789297658
8658.02	-0.0214558789297659
8659.68	-0.394192878929766
8661.35	-0.0043892789297659
8663.02	-0.215919778929766
8664.69	0.186036021070234
8666.36	-0.1021837789297658
8668.02	0.053596221070234
8669.69	-0.273105778929766
8671.36	0.002445221070234
8673.03	-0.0658497789297659
8674.69	0.391764221070234
8676.36	0.307916421070234
8678.03	0.760620481070234
8679.7	0.4642832210702339
8681.37	0.5733741210702342
8683.03	0.152212521070234
8684.7	0.254983321070234
8686.37	0.047400221070234
8688.04	0.4261462210702341
8689.71	0.362318021070234
8691.37	0.8342751210702339
8693.04	0.5125422210702342
8694.71	0.622054221070234
8696.38	0.1087168210702341
8698.04	0.1368202210702339
8699.71	-0.2884296789297659
8701.38	-0.1727685789297661
8703.05	-0.4925521789297661
8704.72	-0.1592237789297658
8706.38	-0.3282197789297659
8708.05	0.140615021070234
8709.72	0.130797421070234
8711.39	0.5990764210702342
8713.06	0.493544791070234
8714.72	0.7181679210702341
8716.39	0.3384846210702341
8718.06	0.5561871210702339
8719.73	0.211376021070234
8721.4	0.5241312910702339
8723.06	0.3858529210702341
8724.73	0.918099321070234
8726.4	0.7081474210702341
8728.07	0.909237521070234
8729.73	0.308049921070234
8731.4	0.286740621070234
8733.07	-0.2639081789297659
8734.74	-0.0980451789297658
8736.41	-0.3877477789297659
8738.07	0.1295742210702341
8739.74	-0.1269587789297659
8741.41	0.2573372210702341
8743.08	-0.1383287789297659
8744.75	0.088320221070234
8746.41	-0.253540778929766
8748.08	0.1566622210702341
8749.75	0.013153221070234
8751.42	0.5410612210702339
8753.09	0.3158622210702339
8754.75	0.6765002210702339
8756.42	0.2175182210702341
8758.09	0.3111604210702341
8759.76	-0.211419278929766
8761.42	-0.0686944789297658
8763.09	-0.4177852789297659
8764.76	-0.2260145789297659
8766.43	-0.6540469789297658
8768.1	-0.3781453789297659
8769.76	-0.754539278929766
8771.43	-0.4978231789297659
8773.1	-0.7411167789297659
8774.77	-0.5035247789297659
8776.44	-0.7415777789297662
8778.1	-0.5198507789297659
8779.77	-0.801394778929766
8781.44	-0.3251447789297659
8783.11	-0.3796087789297659
8784.78	0.118670221070234
8786.44	0.1051272210702339
8788.11	0.6413822210702341
8789.78	0.7617645210702341
8791.45	1.4254361210702342
8793.11	1.4226895210702342
8794.78	1.6965581210702338
8796.45	1.2285527410702342
8798.12	1.0980942210702338
8799.79	0.4061481210702339
8801.45	0.438425121070234
8803.12	0.0286103710702341
8804.79	0.344723221070234
8806.46	0.113113021070234
8808.13	0.453915021070234
8809.79	0.227026221070234
8811.46	0.5018252210702342
8813.13	0.080650221070234
8814.8	0.2826932210702342
8816.47	-0.1308137789297659
8818.13	0.3298372210702341
8819.8	0.2862772210702339
8821.47	0.726043221070234
8823.14	0.553708221070234
8824.8	0.7474178510702341
8826.47	0.3582716210702339
8828.14	0.578544921070234
8829.81	0.2910611210702339
8831.48	0.571478221070234
8833.14	0.2616281210702341
8834.81	0.441732607070234
8836.48	0.259175021070234
8838.15	0.5770792210702341
8839.82	0.396199221070234
8841.48	0.6836312210702339
8843.15	0.293272821070234
8844.82	0.329752221070234
8846.49	-0.0376377789297659
8848.16	0.2511582210702341
8849.82	0.1841979210702339
8851.49	0.6534964610702342
8853.16	0.3027341210702341
8854.83	0.4670634210702339
8856.49	-0.032415978929766
8858.16	-0.042603678929766
8859.83	-0.3693533789297659
8861.5	-0.009855878929766
8863.17	-0.3513955789297659
8864.83	0.0359146210702341
8866.5	-0.511468278929766
8868.17	-0.423413406929766
8869.84	-0.704903078929766
8871.51	-0.4488264789297659
8873.17	-0.5701247789297659
8874.84	0.1015282210702339
8876.51	0.0084402210702339
8878.18	0.6038702210702339
8879.84	0.4005082210702341
8881.51	0.7349899210702341
8883.18	0.560833621070234
8884.85	0.844301721070234
8886.52	0.504234711070234
8888.18	0.8797395210702341
8889.85	0.3672538210702339
8891.52	0.402269221070234
8893.19	-0.0745704789297659
8894.86	0.088018121070234
8896.52	0.053982121070234
8898.19	0.7750544210702339
8899.86	0.964423421070234
8901.53	1.751945521070234
8903.2	1.404003081070234
8904.86	1.5967540210702338
8906.53	1.215644221070234
8908.2	1.261964321070234
8909.87	0.947465221070234
8911.53	1.186189821070234
8913.2	0.8608466210702339
8914.87	1.1150247210702342
8916.54	0.6345112210702342
8918.21	0.702064861070234
8919.87	0.1487321210702339
8921.54	0.133951721070234
8923.21	-0.3713879789297659
8924.88	-0.0916465789297658
8926.55	-0.050136278929766
8928.21	0.6334816210702342
8929.88	0.527000881070234
8931.55	0.6087944210702341
8933.22	-0.0183567789297658
8934.89	-0.1457927789297658
8936.55	-0.6929317789297661
8938.22	-0.386251778929766
8939.89	-0.2171047789297659
8941.56	0.759324821070234
8943.22	1.0610088210702338
8944.89	1.8695966210702344
8946.56	2.000394621070234
8948.23	2.584947321070234
8949.9	2.3013930210702336
8951.56	2.298033221070234
8953.23	1.6903130210702344
8954.9	1.712551321070234
8956.57	1.233188621070234
8958.24	1.508052821070234
8959.9	1.227924121070234
8961.57	1.440746121070234
8963.24	0.932366221070234
8964.91	0.837653221070234
8966.58	0.177105221070234
8968.24	0.2592579210702341
8969.91	0.1236121210702339
8971.58	0.5156170210702341
8973.25	0.4461162210702342
8974.91	0.7554522210702339
8976.58	0.430947221070234
8978.25	0.613319221070234
8979.92	0.2649432210702339
8981.59	0.5314290210702339
8983.25	0.387633221070234
8984.92	0.6161522210702342
8986.59	0.0876952210702341
8988.26	0.0107292210702339
8989.93	-0.4453057789297658
8991.59	-0.2702717789297658
8993.26	-0.4996128789297659
8994.93	-0.0562355789297659
8996.6	-0.2915921789297658
8998.27	0.0701771210702339
8999.93	-0.1724205789297658
9001.6	0.2814379210702339
9003.27	0.283814021070234
9004.94	0.8088344210702341
9006.6	0.6303851210702339
9008.27	0.952078921070234
9009.94	0.642963421070234
9011.61	0.954417221070234
9013.28	0.7560915210702339
9014.94	1.0944621210702343
9016.61	0.650947221070234
9018.28	0.7493722210702339
9019.95	0.302662821070234
9021.62	0.3427569610702339
9023.28	0.008003221070234
9024.95	0.2769942210702341
9026.62	0.0398492210702341
9028.29	0.5244892210702341
9029.96	0.2553842210702339
9031.62	0.6527091210702342
9033.29	0.1777692210702341
9034.96	0.1633942210702341
9036.63	-0.279513778929766
9038.29	-0.0226937789297658
9039.96	-0.1766292789297659
9041.63	0.383688421070234
9043.3	0.287425921070234
9044.97	0.879011421070234
9046.63	0.553594421070234
9048.3	0.7357153210702341
9049.97	0.4675644210702341
9051.64	0.610649221070234
9053.31	0.2528503210702341
9054.97	0.4367953210702341
9056.64	0.1618809210702341
9058.31	0.634730821070234
9059.98	0.6552952210702341
9061.64	1.1506006210702338
9063.31	1.088861881070234
9064.98	1.402287021070234
9066.65	0.869394021070234
9068.32	0.8175032210702341
9069.98	0.093257221070234
9071.65	0.1731099210702339
9073.32	-0.328156778929766
9074.99	-0.0827269789297659
9076.66	-0.4168363789297659
9078.32	-0.1208437089297658
9079.99	-0.2966257789297659
9081.66	0.269504721070234
9083.33	0.2084172210702341
9085.0	0.7599187210702342
9086.66	0.4103064210702341
9088.33	0.5733009210702341
9090.0	0.1290352210702341
9091.67	0.353960221070234
9093.33	0.051823221070234
9095.0	0.3721215210702339
9096.67	0.2588062210702341
9098.34	0.570666521070234
9100.01	0.3190574210702339
9101.67	0.7463274210702341
9103.34	0.5950230210702341
9105.01	1.314524321070234
9106.68	1.383085381070234
9108.35	1.7926765210702342
9110.01	1.511399021070234
9111.68	1.414938321070234
9113.35	0.575832221070234
9115.02	0.388907421070234
9116.69	-0.2922838789297659
9118.35	0.041293121070234
9120.02	-0.0008537789297661
9121.69	0.655551221070234
9123.36	0.8339292210702339
9125.02	1.6216544210702335
9126.69	1.407045221070234
9128.36	1.6661412210702342
9130.03	0.9642602210702342
9131.7	0.8309042210702341
9133.36	0.1332922210702341
9135.03	0.2513582210702341
9136.7	-0.175497778929766
9138.37	0.253924421070234
9140.04	-0.0827086789297659
9141.7	0.4113884210702341
9143.37	0.2989372210702338
9145.04	0.692190221070234
9146.71	0.5101763210702341
9148.38	0.898383021070234
9150.04	0.759552181070234
9151.71	1.1077849210702344
9153.38	0.7762799210702339
9155.05	1.081102021070234
9156.71	0.7840785210702341
9158.38	0.920939221070234
9160.05	0.748971121070234
9161.72	1.171090521070234
9163.39	0.950737021070234
9165.05	1.122266521070234
9166.72	0.6133992210702341
9168.39	0.7213552210702341
9170.06	0.2669442210702341
9171.73	0.5437341210702342
9173.39	0.2658408210702339
9175.06	0.6715112210702341
9176.73	0.4004672210702341
9178.4	0.6662202210702342
9180.07	0.3603549210702341
9181.73	0.7277844210702341
9183.4	0.2343204210702339
9185.07	0.470319921070234
9186.74	0.018927121070234
9188.4	0.2660521910702341
9190.07	0.016638821070234
9191.74	0.566295821070234
9193.41	0.5460373210702341
9195.08	1.0869822210702338
9196.74	0.8175862210702339
9198.41	1.0435142210702342
9200.08	0.5488252210702341
9201.75	0.7110173210702342
9203.42	0.244356721070234
9205.08	0.4286671210702342
9206.75	-0.022240478929766
9208.42	0.099465121070234
9210.09	-0.2579480789297659
9211.76	0.014619221070234
9213.42	-0.131262278929766
9215.09	0.345973521070234
9216.76	0.107015934070234
9218.43	0.4801449610702341
9220.09	0.2699729210702339
9221.76	0.670422621070234
9223.43	0.499054221070234
9225.1	0.6929172210702338
9226.77	0.3259982210702341
9228.43	0.4527892210702339
9230.1	-0.0384157789297658
9231.77	0.4212092210702343
9233.44	0.3173722210702341
9235.11	0.8558532210702342
9236.77	0.789845221070234
9238.44	0.962458221070234
9240.11	0.5044722210702339
9241.78	0.663930921070234
9243.44	0.1877301210702341
9245.11	0.6905896210702339
9246.78	0.6081225210702342
9248.45	1.032320211070234
9250.12	0.778293921070234
9251.78	0.982777221070234
9253.45	0.2923022210702342
9255.12	0.3669822210702341
9256.79	0.0246123210702341
9258.46	0.385675721070234
9260.12	0.229497421070234
9261.79	0.545339221070234
9263.46	0.1030939210702341
9265.13	0.3001831210702338
9266.8	-0.1555347789297659
9268.46	0.102229821070234
9270.13	-0.0107686789297658
9271.8	0.458708921070234
9273.47	0.5015332210702341
9275.13	1.121925521070234
9276.8	0.967445221070234
9278.47	1.1803590210702342
9280.14	0.663267221070234
9281.81	0.644313221070234
9283.47	0.2916614210702341
9285.14	0.648047421070234
9286.81	0.540026521070234
9288.48	1.024204121070234
9290.15	0.6138202210702339
9291.81	0.6025542210702339
9293.48	0.127009221070234
9295.15	0.366156221070234
9296.82	0.2569072210702339
9298.49	0.771637221070234
9300.15	0.407159221070234
9301.82	0.588514121070234
9303.49	0.266960221070234
9305.16	0.586201121070234
9306.82	0.511154221070234
9308.49	1.042104321070234
9310.16	0.773925021070234
9311.83	0.9238727210702342
9313.5	0.2656712210702341
9315.16	0.169872321070234
9316.83	-0.153261578929766
9318.5	0.171412321070234
9320.17	-0.0954202789297657
9321.84	0.214959521070234
9323.5	-0.1862074789297659
9325.17	-0.2028200789297659
9326.84	-0.5108157789297658
9328.51	-0.2431964789297659
9330.18	-0.4504455789297659
9331.84	0.072482221070234
9333.51	0.030595221070234
9335.18	0.4649682210702341
9336.85	0.3596284210702342
9338.51	0.601942521070234
9340.18	0.201220121070234
9341.85	0.3790145210702341
9343.52	-0.0271967789297659
9345.19	0.338464221070234
9346.85	0.4994053210702338
9348.52	1.026309221070234
9350.19	0.990047221070234
9351.86	1.188231421070234
9353.53	0.6420839510702341
9355.19	0.658429121070234
9356.86	0.2899326210702341
9358.53	0.654427421070234
9360.2	0.7543542010702341
9361.87	1.118160101070234
9363.53	0.9981074210702342
9365.2	1.111718321070234
9366.87	0.4384942210702341
9368.54	0.2884052210702341
9370.2	-0.4916607789297659
9371.87	-0.5653507789297659
9373.54	-0.8935937789297658
9375.21	-0.8019118789297659
9376.88	-1.096956478929766
9378.54	-0.7844351789297659
9380.21	-0.933482278929766
9381.88	-0.4580562789297658
9383.55	-0.4854922789297659
9385.22	-0.091700238929766
9386.88	-0.1273269789297661
9388.55	0.146438821070234
9390.22	-0.0890714789297659
9391.89	0.1652554210702341
9393.56	0.106879921070234
9395.22	0.4118862210702341
9396.89	0.080681111070234
9398.56	0.067495421070234
9400.23	-0.527625678929766
9401.89	-0.388630478929766
9403.56	-0.7921310789297661
9405.23	-0.4681037789297659
9406.9	-0.499475778929766
9408.57	0.068164721070234
9410.23	0.0664802210702341
9411.9	0.7279793210702339
9413.57	0.673042221070234
9415.24	1.275277921070234
9416.91	1.159117221070234
9418.57	1.379407221070234
9420.24	0.8486172210702343
9421.91	0.8074112210702339
9423.58	0.0645240210702339
9425.24	0.1691919210702341
9426.91	-0.0714848789297659
9428.58	0.3474849210702341
9430.25	0.408579221070234
9431.92	0.8802655510702341
9433.58	0.5924687210702339
9435.25	0.7587649210702342
9436.92	0.1601597210702339
9438.59	0.2063417210702339
9440.26	-0.1751264789297658
9441.92	0.0538415210702339
9443.59	-0.2227267789297658
9445.26	0.2347792210702338
9446.93	0.105468221070234
9448.6	0.5993257210702341
9450.26	0.4717086210702339
9451.93	0.844407921070234
9453.6	0.459757221070234
9455.27	0.5813394010702341
9456.93	0.1239341210702338
9458.6	0.313480621070234
9460.27	-0.002310278929766
9461.94	0.2762702210702339
9463.61	-0.2234249789297659
9465.27	-0.023283778929766
9466.94	-0.631786778929766
9468.61	-0.676207778929766
9470.28	-0.949647178929766
9471.95	-0.6022585789297661
9473.61	-0.6336129789297658
9475.28	0.0529348210702341
9476.95	-0.0319737789297658
9478.62	0.5261454210702341
9480.29	0.290192121070234
9481.95	0.5010250210702341
9483.62	0.1403191210702339
9485.29	0.5406423210702342
9486.96	0.252554921070234
9488.62	0.5323403210702341
9490.29	0.1060942210702339
9491.96	0.3357282210702339
9493.63	-0.038721778929766
9495.3	0.3041092210702341
9496.96	0.1452932210702339
9498.63	0.785339241070234
9500.3	0.773214221070234
9501.97	1.343227821070234
9503.64	1.123636621070234
9505.3	1.536025921070234
9506.97	1.416187901070234
9508.64	1.721990821070234
9510.31	1.101053721070234
9511.98	1.0454242210702342
9513.64	0.3149492210702341
9515.31	0.2666996210702341
9516.98	-0.191692278929766
9518.65	0.0953451810702339
9520.31	0.126736421070234
9521.98	0.886143421070234
9523.65	0.8364450210702341
9525.32	1.260701021070234
9526.99	1.097658221070234
9528.65	1.2952712210702342
9530.32	0.7227352210702342
9531.99	0.824968901070234
9533.66	0.5100125710702341
9535.33	0.889726321070234
9536.99	0.754674821070234
9538.66	1.2030326210702342
9540.33	0.8203443210702337
9542.0	1.0013655510702342
9543.67	0.369966221070234
9545.33	0.596024621070234
9547.0	0.2883916210702341
9548.67	0.560971501070234
9550.34	0.2297616210702341
9552.0	0.6903582210702341
9553.67	0.391358121070234
9555.34	0.614301421070234
9557.01	0.1795308210702339
9558.68	0.392505221070234
9560.34	0.038982721070234
9562.01	0.1833509210702339
9563.68	-0.364597778929766
9565.35	-0.1055707789297658
9567.02	-0.444700778929766
9568.68	-0.1032307789297659
9570.35	-0.234009978929766
9572.02	0.1924542210702341
9573.69	0.197940721070234
9575.35	0.8604107210702339
9577.02	0.7630271210702341
9578.69	1.373004221070234
9580.36	1.186432221070234
9582.03	1.489935221070234
9583.69	1.058402521070234
9585.36	1.1398750210702342
9587.03	0.768630821070234
9588.7	1.117725921070234
9590.37	0.873400021070234
9592.03	1.026436021070234
9593.7	0.7042928210702339
9595.37	0.900959821070234
9597.04	0.582558721070234
9598.71	1.2738801210702342
9600.37	1.194929131070234
9602.04	1.550577821070234
9603.71	1.0267139210702338
9605.38	0.6245489210702342
9607.04	-0.281688778929766
9608.71	-0.4654191989297661
9610.38	-0.8681219789297661
9612.05	-0.2582794789297659
9613.72	-0.1126797789297657
9615.38	0.262074521070234
9617.05	-0.1245094789297659
9618.72	-0.0797880789297659
9620.39	-0.5940079789297659
9622.06	-0.530601578929766
9623.72	-0.7121628889297659
9625.39	-0.5692910789297659
9627.06	-0.6538245789297659
9628.73	-0.3394797789297659
9630.4	-0.3367857789297659
9632.06	0.435070521070234
9633.73	0.583439321070234
9635.4	0.979420121070234
9637.07	0.7680506210702341
9638.73	0.990177331070234
9640.4	0.8703801210702341
9642.07	1.272405121070234
9643.74	1.249320221070234
9645.41	1.569381021070234
9647.07	1.153534221070234
9648.74	1.092164421070234
9650.41	0.200185191070234
9652.08	0.1999033510702339
9653.75	-0.143959678929766
9655.41	0.179126321070234
9657.08	0.2148699210702339
9658.75	1.036393521070234
9660.42	1.251530421070234
9662.09	1.9777800210702337
9663.75	1.8583231210702345
9665.42	1.8513485310702344
9667.09	1.229258221070234
9668.76	1.1505086210702342
9670.42	0.350734221070234
9672.09	0.385064921070234
9673.76	-0.0419834789297659
9675.43	0.148261411070234
9677.1	0.009858721070234
9678.76	0.258548121070234
9680.43	0.022399821070234
9682.1	0.3931130210702339
9683.77	0.313315821070234
9685.44	0.728949521070234
9687.1	0.5876730210702339
9688.77	1.078975621070234
9690.44	0.8393680210702342
9692.11	1.1993467210702338
9693.78	0.8388439210702338
9695.44	0.945536921070234
9697.11	0.5626046610702339
9698.78	0.598180241070234
9700.45	0.1714167210702342
9702.11	0.422279821070234
9703.78	0.070504721070234
9705.45	0.5964099210702342
9707.12	0.3509467210702339
9708.79	0.6708243910702341
9710.45	0.271894021070234
9712.12	0.4312323210702339
9713.79	-0.013502678929766
9715.46	0.2392920210702341
9717.13	-0.1617583789297659
9718.79	0.239194221070234
9720.46	-0.031116778929766
9722.13	0.285059221070234
9723.8	-0.119267778929766
9725.47	0.1822712210702342
9727.13	-0.1540907789297658
9728.8	0.2621272210702339
9730.47	0.0760972210702339
9732.14	0.4346418210702342
9733.8	0.061314421070234
9735.47	0.1811888210702338
9737.14	-0.279971678929766
9738.81	-0.0317038789297658
9740.48	-0.150696678929766
9742.14	0.5045268810702341
9743.81	0.5239870210702341
9745.48	1.171483821070234
9747.15	1.185175806070234
9748.82	1.522215421070234
9750.48	1.248267621070234
9752.15	1.3429415210702342
9753.82	0.582176221070234
9755.49	0.4892431210702341
9757.15	-0.381116878929766
9758.82	-0.329797878929766
9760.49	-0.538282778929766
9762.16	0.051892021070234
9763.83	0.3584166210702341
9765.49	1.221207721070234
9767.16	1.3343831210702342
9768.83	1.8686289010702344
9770.5	1.5016285210702338
9772.17	1.559920821070234
9773.83	0.822304421070234
9775.5	0.675935321070234
9777.17	0.185602221070234
9778.84	0.4182554210702341
9780.51	0.312931221070234
9782.17	0.9963850210702344
9783.84	1.0566433210702335
9785.51	1.436696221070234
9787.18	1.002257221070234
9788.84	0.9307962210702344
9790.51	0.335458521070234
9792.18	0.4738559210702341
9793.85	0.1923022210702341
9795.52	0.7034732210702341
9797.18	0.5850062210702341
9798.85	1.004143221070234
9800.52	0.7555562210702341
9802.19	1.0199942210702342
9803.86	0.6976192210702341
9805.52	0.916627721070234
9807.19	0.6166599210702339
9808.86	0.709432821070234
9810.53	0.2740893210702338
9812.2	0.391315221070234
9813.86	-0.2051098789297659
9815.53	-0.014575558929766
9817.2	-0.2337199789297658
9818.87	0.112974321070234
9820.53	0.132249221070234
9822.2	0.4993796210702338
9823.87	0.3129925210702339
9825.54	0.7495773210702339
9827.21	0.719373611070234
9828.87	1.2632151210702345
9830.54	1.2477730210702345
9832.21	1.3522509210702345
9833.88	0.7537492210702342
9835.55	0.7014132210702344
9837.21	0.204602221070234
9838.88	0.424467221070234
9840.55	0.2619672210702339
9842.22	0.589222021070234
9843.89	0.2989087210702341
9845.55	0.5397095210702341
9847.22	0.253055921070234
9848.89	0.6406774210702341
9850.56	0.5585198210702341
9852.22	1.002524421070234
9853.89	0.906875821070234
9855.56	1.351253121070234
9857.23	1.118006571070234
9858.9	1.365203221070234
9860.56	0.820510221070234
9862.23	0.757869221070234
9863.9	0.120249221070234
9865.57	0.011282221070234
9867.24	-0.521608778929766
9868.9	-0.508173778929766
9870.57	-0.922888778929766
9872.24	-0.5126337789297659
9873.91	-0.4981857789297659
9875.58	0.3466662210702341
9877.24	0.7837482210702341
9878.91	1.583472221070234
9880.58	1.611416221070234
9882.25	1.910107221070234
9883.91	1.347589221070234
9885.58	1.483667821070234
9887.25	1.098541221070234
9888.92	1.457918921070234
9890.59	1.2508590010702345
9892.25	1.676915021070234
9893.92	1.270049221070234
9895.59	1.4138631210702342
9897.26	0.8912623210702341
9898.93	1.0858302210702342
9900.59	0.718711221070234
9902.26	1.115565021070234
9903.93	0.7222066210702341
9905.6	0.984523391070234
9907.27	0.5710109210702341
9908.93	0.7502402210702341
9910.6	0.3948882210702339
9912.27	0.6357613210702343
9913.94	0.3449042210702341
9915.6	0.476785221070234
9917.27	0.0416786210702341
9918.94	0.307589421070234
9920.61	0.0636825210702339
9922.28	0.6207048210702341
9923.94	0.6165529210702341
9925.61	1.075626021070234
9927.28	0.7694398210702341
9928.95	0.6190328610702339
9930.62	-0.161692078929766
9932.28	-0.1671264789297661
9933.95	-0.5891244789297659
9935.62	-0.0598112789297659
9937.29	0.1117821210702339
9938.95	0.909790421070234
9940.62	0.935161011070234
9942.29	1.2118692210702338
9943.96	0.8866092210702341
9945.63	1.145802221070234
9947.29	0.8680009210702341
9948.96	1.138319721070234
9950.63	0.8652302210702342
9952.3	1.131421221070234
9953.97	0.937616221070234
9955.63	1.238665221070234
9957.3	1.089324621070234
9958.97	1.570042161070234
9960.64	1.330759621070234
9962.31	1.6332401210702336
9963.97	1.363712521070234
9965.64	1.533697751070234
9967.31	1.280151621070234
9968.98	1.547172321070234
9970.64	1.211492421070234
9972.31	1.332359221070234
9973.98	0.6297582210702338
9975.65	0.5942267210702342
9977.32	-0.0545256789297659
9978.98	0.0367607110702341
9980.65	-0.1647349789297659
9982.32	0.1549670210702341
9983.99	-0.001174938929766
9985.66	0.1346359210702339
9987.32	-0.4484102289297661
9988.99	-0.062117478929766
9990.66	-0.375623878929766
9992.33	0.1393023210702341
9994.0	0.0029872210702339
9995.66	0.2956932210702341
9997.33	0.084291121070234
9999.0	0.490827021070234
10000.7	0.3759604210702341
10002.3	0.970479621070234
10004.0	0.605982861070234
10005.7	0.5792760210702339
10007.3	-0.2969719789297659
10009.0	-0.3389904789297659
10010.7	-0.6704508789297658
10012.3	-0.2381257789297658
10014.0	-0.1591947789297659
10015.7	0.195515221070234
10017.3	0.0053882210702339
10019.0	0.3438032210702341
10020.7	-0.103717778929766
10022.3	0.4124102210702342
10024.0	0.3442832210702343
10025.7	0.6195242210702343
10027.4	0.447020221070234
10029.0	0.6382192210702342
10030.7	0.4233332210702339
10032.4	0.805492221070234
10034.0	0.528648121070234
10035.7	0.8702930210702341
10037.4	0.6841797210702338
10039.0	1.0968631210702342
10040.7	0.8689492210702341
10042.4	1.117271221070234
10044.0	0.8779994210702341
10045.7	1.1571597210702342
10047.4	0.6051962210702341
10049.0	0.6252612210702339
10050.7	0.1431702210702339
10052.4	0.267487521070234
10054.0	0.016598221070234
10055.7	0.4976711210702341
10057.4	0.494633221070234
10059.0	1.136732221070234
10060.7	0.7243962210702339
10062.4	0.808290221070234
10064.0	0.4263042210702341
10065.7	0.6945262210702341
10067.4	0.428865921070234
10069.1	0.9495889210702344
10070.7	0.677753831070234
10072.4	0.7326989610702341
10074.1	0.2058152210702341
10075.7	0.332379221070234
10077.4	0.268839221070234
10079.1	0.927051221070234
10080.7	0.903910921070234
10082.4	1.462678121070234
10084.1	1.207691221070234
10085.7	1.2822722210702338
10087.4	0.894582821070234
10089.1	0.8718794210702342
10090.7	0.518394321070234
10092.4	0.6932560210702341
10094.1	0.148888421070234
10095.7	0.318051621070234
10097.4	-0.2778707789297658
10099.1	-0.125832778929766
10100.7	-0.521794778929766
10102.4	-0.2443527789297657
10104.1	-0.2119486789297658
10105.7	0.6851122210702342
10107.4	0.7958445210702342
10109.1	1.520270221070234
10110.7	1.297269661070234
10112.4	1.658015921070234
10114.1	1.067929021070234
10115.8	0.908778221070234
10117.4	0.1985832210702342
10119.1	0.3027932210702341
10120.8	-0.1128557789297658
10122.4	0.0781377210702339
10124.1	-0.2206544789297659
10125.8	0.240286451070234
10127.4	0.155144221070234
10129.1	0.8301882210702342
10130.8	0.8910912210702339
10132.4	1.4939829210702342
10134.1	1.237828481070234
10135.8	1.161042621070234
10137.4	0.370948121070234
10139.1	0.0184014210702339
10140.8	-1.032975778929766
10142.4	-1.114964178929766
10144.1	-1.600795778929766
10145.8	-1.0717097789297658
10147.4	-0.701172678929766
10149.1	0.1840197210702341
10150.8	0.417966221070234
10152.4	1.076048721070234
10154.1	0.628459721070234
10155.8	0.6993801210702341
10157.4	0.225845521070234
10159.1	0.483691821070234
10160.8	0.318220721070234
10162.5	0.6584620210702339
10164.1	0.367730221070234
10165.8	0.595700221070234
10167.5	0.2858970210702341
10169.1	0.300428821070234
10170.8	-0.2208747789297659
10172.5	0.071388221070234
10174.1	-0.3397807789297659
10175.8	-0.1827167789297659
10177.5	-0.446794678929766
10179.1	-0.1073746789297659
10180.8	-0.0692870789297659
10182.5	0.5421125210702341
10184.1	0.4302687210702339
10185.8	0.8413952210702341
10187.5	0.400523021070234
10189.1	0.4830742210702342
10190.8	-0.1343957789297659
10192.5	0.0431522210702341
10194.1	-0.0844611789297658
10195.8	0.399435021070234
10197.5	0.2967176210702341
10199.1	0.6162301910702339
10200.8	0.169591321070234
10202.5	0.3309953210702339
10204.1	-0.106596978929766
10205.8	0.260527221070234
10207.5	0.425642221070234
10209.2	1.3328699210702344
10210.8	1.6444725210702338
10212.5	2.253402221070234
10214.2	2.1567395210702345
10215.8	2.214527421070234
10217.5	1.6183439110702338
10219.2	1.379749911070234
10220.8	0.764128721070234
10222.5	1.025479721070234
10224.2	0.7451889210702343
10225.8	0.910676421070234
10227.5	0.502166321070234
10229.2	0.491056421070234
10230.8	0.074208221070234
10232.5	0.118407221070234
10234.2	-0.293811178929766
10235.8	0.203857521070234
10237.5	0.0442790210702339
10239.2	0.5153026210702341
10240.8	0.304430100070234
10242.5	0.8126572210702342
10244.2	0.4843992210702341
10245.8	0.6117851210702342
10247.5	0.052893721070234
10249.2	0.086179921070234
10250.9	-0.196602778929766
10252.5	0.331031721070234
10254.2	0.3157453210702341
10255.9	0.934532021070234
10257.5	0.731501621070234
10259.2	0.881057921070234
10260.9	0.539490221070234
10262.5	0.7222962210702342
10264.2	0.6804662210702339
10265.9	1.459832121070234
10267.5	1.652246721070234
10269.2	2.2905218210702336
10270.9	1.884915021070234
10272.5	1.8948522210702343
10274.2	1.272475221070234
10275.9	1.338757221070234
10277.5	0.8938642210702341
10279.2	1.229425221070234
10280.9	0.7198345210702339
10282.5	0.8787713210702339
10284.2	0.1425672210702339
10285.9	0.244993221070234
10287.5	0.0410762210702341
10289.2	0.749897221070234
10290.9	0.8310191210702342
10292.5	1.383157421070234
10294.2	1.108178021070234
10295.9	1.1700742210702344
10297.6	0.4285832210702339
10299.2	0.3553815210702339
10300.9	-0.0277466789297661
10302.6	0.4932540210702343
10304.2	0.330379021070234
10305.9	0.8500466210702342
10307.6	0.7190672210702339
10309.2	1.2093559210702345
10310.9	1.100914221070234
10312.6	1.681385221070234
10314.2	1.642891621070234
10315.9	2.084086271070234
10317.6	1.5146142010702337
10319.2	1.360038721070234
10320.9	0.431817221070234
10322.6	0.170654221070234
10324.2	-0.4831187789297658
10325.9	-0.2281407789297659
10327.6	-0.184948778929766
10329.2	0.5492382210702342
10330.9	0.6254485210702342
10332.6	1.0301242210702342
10334.2	0.5575478210702339
10335.9	0.599147321070234
10337.6	0.189727621070234
10339.2	0.5031786210702341
10340.9	0.5384392210702341
10342.6	1.264295221070234
10344.3	1.133043621070234
10345.9	1.475159921070234
10347.6	1.089829221070234
10349.3	1.2573242210702338
10350.9	0.7985115910702341
10352.6	0.7610565210702338
10354.3	0.2079862210702339
10355.9	0.3411483210702339
10357.6	-0.059432078929766
10359.3	0.0604299210702339
10360.9	-0.1411112789297658
10362.6	0.422188421070234
10364.3	0.4618397210702341
10365.9	1.068215421070234
10367.6	1.222047321070234
10369.3	1.762702621070234
10370.9	1.736122721070234
10372.6	1.799310921070234
10374.3	1.2235018210702342
10375.9	1.202816021070234
10377.6	0.471519691070234
10379.3	0.4718087910702341
10380.9	-0.0101004789297658
10382.6	0.2973619210702341
10384.3	0.087480221070234
10385.9	0.4010978910702339
10387.6	0.0741276210702341
10389.3	0.301067221070234
10391.0	-0.3840195789297659
10392.6	-0.1390367789297659
10394.3	-0.3276751789297659
10396.0	0.1332865210702341
10397.6	0.227880621070234
10399.3	0.8860412210702343
10401.0	0.8241052210702339
10402.6	1.2680958210702342
10404.3	0.7141292210702339
10406.0	0.582006121070234
10407.6	0.135169221070234
10409.3	0.118943821070234
10411.0	0.064265021070234
10412.6	0.8059852210702342
10414.3	1.0312492210702338
10416.0	1.686013221070234
10417.6	1.432627221070234
10419.3	1.304616721070234
10421.0	0.5698388210702341
10422.6	0.4413449210702338
10424.3	-0.046275778929766
10426.0	0.474861521070234
10427.6	0.627174521070234
10429.3	1.270544221070234
10431.0	1.3106522210702338
10432.7	1.753161721070234
10434.3	1.5098147210702342
10436.0	1.788796821070234
10437.7	1.4896102210702342
10439.3	1.9149002210702344
10441.0	1.6231882210702342
10442.7	1.8238114210702332
10444.3	1.4110103210702338
10446.0	1.6148352210702337
10447.7	1.2827160210702342
10449.3	1.0333972210702342
10451.0	0.2366062210702339
10452.7	0.0970677210702339
10454.3	-0.7939369789297659
10456.0	-0.827634678929766
10457.7	-1.078245978929766
10459.3	-0.6311507789297659
10461.0	-0.2947207789297659
10462.7	0.2849842210702342
10464.3	0.2232592210702341
10466.0	0.7117365210702342
10467.7	0.323207121070234
10469.3	0.3371699210702339
10471.0	-0.0972982789297659
10472.7	-0.056195378929766
10474.3	-0.3517215789297657
10476.0	0.1015083410702339
10477.7	-0.1785732789297659
10479.4	0.2603705210702342
10481.0	-0.0221672789297659
10482.7	0.228903921070234
10484.4	-0.0631922489297658
10486.0	0.2840868210702341
10487.7	0.0403446210702341
10489.4	0.6312739210702342
10491.0	0.4262143210702341
10492.7	0.7541652210702341
10494.4	0.355551621070234
10496.0	0.2953584210702341
10497.7	-0.3887545789297659
10499.4	-0.2076732289297657
10501.0	-0.366394478929766
10502.7	0.328056321070234
10504.4	0.4173845210702341
10506.0	0.8962018210702342
10507.7	0.5500122210702341
10509.4	0.6672642210702339
10511.0	0.0639912210702339
10512.7	0.3155716210702341
10514.4	0.131488121070234
10516.0	0.6282975510702339
10517.7	0.4514353210702341
10519.4	0.7789445210702342
10521.0	0.390331921070234
10522.7	0.6166860210702341
10524.4	0.3842380210702339
10526.1	0.6735558210702343
10527.7	0.3779591210702341
10529.4	0.540273221070234
10531.1	-0.0315541789297657
10532.7	-0.040731078929766
10534.4	-0.4307483789297658
10536.1	-0.295856778929766
10537.7	-0.2761117789297658
10539.4	0.2435352210702341
10541.1	0.1170182210702337
10542.7	0.483167221070234
10544.4	0.190841221070234
10546.1	0.5042242210702341
10547.7	0.5330004210702342
10549.4	1.023555021070234
10551.1	1.095154221070234
10552.7	1.451621221070234
10554.4	1.0827584210702337
10556.1	1.242187721070234
10557.7	0.945561221070234
10559.4	1.445417021070234
10561.1	1.4387534210702342
10562.7	1.838856921070234
10564.4	1.617254221070234
10566.1	1.795572221070234
10567.7	1.414270221070234
10569.4	1.6634862210702337
10571.1	1.0762463210702342
10572.8	0.8403312210702341
10574.4	-0.3865387789297659
10576.1	-1.162499478929766
10577.8	-2.3483507789297664
10579.4	-2.3231587789297663
10581.1	-2.385904778929766
10582.8	-1.444217678929766
10584.4	-0.6964857789297659
10586.1	0.548169221070234
10587.8	0.910484221070234
10589.4	1.218838521070234
10591.1	0.6419098210702341
10592.8	0.6787973210702342
10594.4	0.000610221070234
10596.1	0.2304898210702338
10597.8	0.2071507610702339
10599.4	0.6995565210702341
10601.1	0.7601241210702341
10602.8	1.009863221070234
10604.4	0.769329221070234
10606.1	1.1699447210702338
10607.8	0.8287465410702339
10609.4	1.1388061210702345
10611.1	0.964613821070234
10612.8	1.3335398210702345
10614.5	1.2677832210702338
10616.1	1.516758221070234
10617.8	1.268001221070234
10619.5	1.475121421070234
10621.1	1.228887481070234
10622.8	1.6860287210702338
10624.5	1.539818021070234
10626.1	1.7002752210702337
10627.8	1.215980821070234
10629.5	1.143005221070234
10631.1	0.5201324610702341
10632.8	0.6793498010702341
10634.5	0.301711521070234
10636.1	0.607828221070234
10637.8	0.275336221070234
10639.5	0.2627427210702339
10641.1	-0.433457978929766
10642.8	-0.4069690789297659
10644.5	-0.8742449789297659
10646.1	-0.572417178929766
10647.8	-0.3657624789297659
10649.5	0.584144821070234
10651.1	0.812129221070234
10652.8	1.5336144210702345
10654.5	1.364676531070234
10656.1	1.4013588510702342
10657.8	1.068683221070234
10659.5	1.1872908210702342
10661.2	0.7632403210702341
10662.8	0.8855062210702339
10664.5	0.0234293210702338
10666.2	-0.1072194789297659
10667.8	-0.2775029789297659
10669.5	0.0740230210702339
10671.2	0.277457921070234
10672.8	0.956715221070234
10674.5	1.128788673070234
10676.2	1.664795421070234
10677.8	1.605896221070234
10679.5	2.0838839710702337
10681.2	2.0941582210702334
10682.8	2.231113221070234
10684.5	2.038721921070234
10686.2	1.8783102210702336
10687.8	1.4508351210702344
10689.5	1.428489731070234
10691.2	0.7823471510702342
10692.8	1.016535221070234
10694.5	0.758645401070234
10696.2	0.914257861070234
10697.8	0.8473601210702342
10699.5	1.0845152210702342
10701.2	0.6317194210702339
10702.8	0.612165221070234
10704.5	-0.0082035789297658
10706.2	0.2623241210702339
10707.9	0.079039421070234
10709.5	0.588444421070234
10711.2	0.4505834210702341
10712.9	0.941541221070234
10714.5	0.5162592210702343
10716.2	0.673651221070234
10717.9	0.215764221070234
10719.5	0.4630122210702342
10721.2	0.0071512210702341
10722.9	-0.0893617789297659
10724.5	-0.799624778929766
10726.2	-0.6401597789297659
10727.9	-0.7839128789297661
10729.5	0.2806289210702341
10731.2	0.683064221070234
10732.9	1.510484021070234
10734.5	1.4164542210702344
10736.2	1.311720221070234
10737.9	0.701015121070234
10739.5	0.6502862210702343
10741.2	0.4213402210702341
10742.9	0.9985616110702342
10744.5	1.0564900210702342
10746.2	1.6297452210702343
10747.9	1.632076421070234
10749.5	2.057774721070234
10751.2	1.931583421070234
10752.9	2.032488421070234
10754.6	1.3877295210702345
10756.2	1.208737911070234
10757.9	0.5254148210702342
10759.6	0.4409954210702341
10761.2	-0.0319517789297659
10762.9	0.346630481070234
10764.6	0.2292820210702341
10766.2	0.7653692210702342
10767.9	0.810149421070234
10769.6	1.218920221070234
10771.2	1.1151632210702338
10772.9	1.4212863210702342
10774.6	1.0117972210702342
10776.2	1.2709562210702343
10777.9	0.9156123210702344
10779.6	0.8202919210702341
10781.2	0.2405172210702341
10782.9	0.077451221070234
10784.6	-0.412241778929766
10786.2	-0.124826778929766
10787.9	-0.1945211789297659
10789.6	0.349549961070234
10791.2	0.559339821070234
10792.9	1.069034421070234
10794.6	0.783605721070234
10796.3	0.9645225210702344
10797.9	0.5632323210702341
10799.6	0.7990121210702343
10801.3	0.6860291210702341
10802.9	0.978539421070234
10804.6	0.984634421070234
10806.3	1.519954221070234
10807.9	1.220885621070234
10809.6	1.508765221070234
10811.3	1.176490021070234
10812.9	1.270660121070234
10814.6	0.973801221070234
10816.3	1.0024822210702342
10817.9	0.569596821070234
10819.6	0.8818316510702339
10821.3	0.617729221070234
10822.9	0.796681221070234
10824.6	0.6614702210702341
10826.3	1.0901152210702338
10827.9	0.950610221070234
10829.6	1.222499221070234
10831.3	0.936961221070234
10832.9	1.2204772210702342
10834.6	0.933883221070234
10836.3	1.142718111070234
10837.9	0.6612180210702339
10839.6	0.8180752210702341
10841.3	0.3770059210702339
10843.0	0.5979230210702341
10844.6	0.343086021070234
10846.3	0.801777021070234
10848.0	0.1788183210702341
10849.6	0.105218021070234
10851.3	-0.594845078929766
10853.0	-0.6097325089297657
10854.6	-0.6570143789297659
10856.3	0.0826564210702339
10858.0	0.4396373610702339
10859.6	1.4569732210702342
10861.3	1.510402021070234
10863.0	1.7850713210702338
10864.6	1.350213721070234
10866.3	1.1820916710702338
10868.0	0.8905848210702338
10869.6	0.958968221070234
10871.3	0.7006503210702342
10873.0	1.092924621070234
10874.6	0.8868552210702341
10876.3	1.2432392210702343
10878.0	1.168992221070234
10879.6	1.480249321070234
10881.3	1.537082421070234
10883.0	1.6582542210702342
10884.6	1.250183321070234
10886.3	1.2913566210702343
10888.0	0.793145121070234
10889.7	0.998192221070234
10891.3	0.7009272210702341
10893.0	1.005733221070234
10894.7	0.9486435210702344
10896.3	1.4319378210702345
10898.0	1.541871121070234
10899.7	1.9346811210702344
10901.3	1.5489013190702337
10903.0	1.548959621070234
10904.7	0.8445084210702344
10906.3	0.6274761210702342
10908.0	0.169148421070234
10909.7	0.2864656210702339
10911.3	0.1518980210702339
10913.0	0.6278841210702342
10914.7	0.6248845210702341
10916.3	1.1887837210702343
10918.0	1.2055780210702338
10919.7	1.4000708210702342
10921.3	1.248660621070234
10923.0	1.584862921070234
10924.7	1.2569412210702342
10926.3	1.7397642210702344
10928.0	1.6297621210702338
10929.7	2.144344121070234
10931.3	1.9560907210702343
10933.0	2.0569996210702337
10934.7	1.454697521070234
10936.4	1.3575502210702342
10938.0	0.363156921070234
10939.7	0.113121821070234
10941.4	-0.3998619789297658
10943.0	-0.0899267789297659
10944.7	0.0171012210702341
10946.4	0.820490221070234
10948.0	0.971219221070234
10949.7	1.4824472210702342
10951.4	1.1947830210702342
10953.0	1.241160521070234
10954.7	0.741258921070234
10956.4	0.660982221070234
10958.0	0.3276792210702341
10959.7	0.8010153210702342
10961.4	0.683608221070234
10963.0	1.0074067210702342
10964.7	0.645096621070234
10966.4	0.8245408210702341
10968.0	0.4114012210702339
10969.7	0.5290098210702341
10971.4	0.311476221070234
10973.0	0.8734598210702341
10974.7	0.7098912210702341
10976.4	1.021273221070234
10978.1	0.546127221070234
10979.7	0.678805221070234
10981.4	0.248266021070234
10983.1	0.241602671070234
10984.7	-0.2410492789297658
10986.4	-0.0584947789297659
10988.1	-0.313876878929766
10989.7	0.150180721070234
10991.4	-0.022581878929766
10993.1	0.325223321070234
10994.7	0.0960730210702341
10996.4	0.3086175210702339
10998.1	0.0588373210702341
10999.7	0.3639732210702341
11001.4	-0.0395106789297658
11003.1	0.187865621070234
11004.7	-0.5187960789297659
11006.4	-0.405683478929766
11008.1	-0.8217861789297659
11009.7	-0.386376778929766
11011.4	-0.5602821789297658
11013.1	-0.0663091789297658
11014.7	-0.394858078929766
11016.4	-0.005380778929766
11018.1	-0.1935257789297662
11019.7	0.458515421070234
11021.4	0.4300096210702339
11023.1	0.9236358210702338
11024.8	0.7413279210702338
11026.4	1.101977221070234
11028.1	0.8121942210702342
11029.8	0.961267221070234
11031.4	0.6746392210702342
11033.1	1.081474221070234
11034.8	0.873061221070234
11036.4	0.962084721070234
11038.1	0.480498421070234
11039.8	0.3760929110702339
11041.4	-0.1680228189297659
11043.1	0.103370121070234
11044.8	0.2361282210702338
11046.4	1.0486562210702342
11048.1	1.310174221070234
11049.8	1.753676221070234
11051.4	1.410113281070234
11053.1	1.314516221070234
11054.8	0.6389532210702342
11056.4	0.4503292210702342
11058.1	-0.079538078929766
11059.8	-0.0562731789297659
11061.4	-0.0806791689297658
11063.1	0.584539221070234
11064.8	0.6532098210702341
11066.4	1.3513093210702338
11068.1	1.3191171210702342
11069.8	1.643303221070234
11071.5	1.374212221070234
11073.1	1.6044242210702344
11074.8	1.3613915210702343
11076.5	1.6341049210702336
11078.1	1.335814921070234
11079.8	1.7347981210702343
11081.5	1.448159721070234
11083.1	1.3681244490702338
11084.8	0.5924390210702339
11086.5	0.4895841210702339
11088.1	-0.1128581889297657
11089.8	0.1974714210702342
11091.5	0.1869082210702339
11093.1	0.7646968210702341
11094.8	0.8185803210702343
11096.5	1.090008256070234
11098.1	0.8501932210702341
11099.8	1.0429066210702342
11101.5	0.4859325210702341
11103.1	0.5172499210702342
11104.8	-0.238210138929766
11106.5	-0.3827823789297659
11108.1	-0.770694678929766
11109.8	-0.2377422119297659
11111.5	0.042365221070234
11113.1	0.912304621070234
11114.8	1.195415421070234
11116.5	1.790017221070234
11118.2	1.560819221070234
11119.8	1.5023692210702342
11121.5	0.926156221070234
11123.2	0.945031221070234
11124.8	0.403872221070234
11126.5	0.5289082210702338
11128.2	0.338493221070234
11129.8	0.431722221070234
11131.5	0.152685821070234
11133.2	0.310998421070234
11134.8	-0.0394512789297658
11136.5	0.380561721070234
11138.2	0.2798581210702339
11139.8	0.7047958210702342
11141.5	0.640356921070234
11143.2	1.088501791070234
11144.8	0.6126960210702341
11146.5	0.976791221070234
11148.2	0.582179321070234
11149.8	0.920932591070234
11151.5	0.5617451310702342
11153.2	0.5743428210702339
11154.8	-0.0347326789297658
11156.5	0.1857670210702339
11158.2	-0.2501727789297659
11159.9	0.0333298210702341
11161.5	-0.271208178929766
11163.2	-0.1548524789297659
11164.9	-0.4983153789297659
11166.5	-0.4230585789297659
11168.2	-0.5807183489297661
11169.9	-0.0382793789297659
11171.5	-0.0437330789297658
11173.2	0.5098043610702341
11174.9	0.3111725210702341
11176.5	0.577867521070234
11178.2	0.6407392210702338
11179.9	1.0981202210702343
11181.5	1.2713295210702342
11183.2	1.884930221070234
11184.9	1.883880221070234
11186.5	2.4535672210702346
11188.2	2.235368221070234
11189.9	2.275869221070234
11191.5	1.672274621070234
11193.2	1.5720622210702342
11194.9	0.9485212210702342
11196.5	0.979623321070234
11198.2	0.5447886210702342
11199.9	0.8015484210702338
11201.5	0.4763462210702342
11203.2	0.8444162210702342
11204.9	0.3689822210702339
11206.6	0.772921521070234
11208.2	0.646237521070234
11209.9	1.050873521070234
11211.6	0.9069449210702338
11213.2	1.472920221070234
11214.9	1.079040221070234
11216.6	1.364828221070234
11218.2	0.6687272210702341
11219.9	0.3728032210702341
11221.6	-0.3327133889297661
11223.2	-0.6762376789297659
11224.9	-1.2023846789297656
11226.6	-0.8591821789297658
11228.2	-1.1444921789297655
11229.9	-0.441491778929766
11231.6	-0.242469778929766
11233.2	0.4684583210702343
11234.9	0.8301958210702342
11236.6	1.421931921070234
11238.2	1.5813887210702342
11239.9	2.234548721070234
11241.6	2.058350221070234
11243.2	2.3609545210702336
11244.9	2.051958621070234
11246.6	2.124102521070234
11248.2	1.468368221070234
11249.9	1.679914721070234
11251.6	1.336394421070234
11253.3	1.718941221070234
11254.9	1.405486221070234
11256.6	1.449863221070234
11258.3	0.8306812210702343
11259.9	1.2368839210702345
11261.6	1.092896721070234
11263.3	2.1667230210702337
11264.9	2.6577735210702342
11266.6	3.339150221070234
11268.3	2.9231882210702342
11269.9	2.484240121070234
11271.6	1.0943009110702342
11273.3	0.472901821070234
11274.9	-0.424259978929766
11276.6	-0.3324074789297659
11278.3	-0.3920521789297659
11279.9	0.3080932210702341
11281.6	0.529614221070234
11283.3	1.014798221070234
11284.9	0.7263512210702339
11286.6	1.049406221070234
11288.3	0.840788221070234
11289.9	1.2650082210702338
11291.6	1.278433021070234
11293.3	1.7963562210702342
11294.9	1.6656882210702335
11296.6	2.0271250210702343
11298.3	1.6273077210702342
11300.0	2.091946261070234
11301.6	2.1586199210702337
11303.3	2.586848721070234
11305.0	2.293481821070234
11306.6	2.1476939710702343
11308.3	1.2174168210702343
11310.0	0.9507173210702342
11311.6	0.1069846210702342
11313.3	0.3190103210702342
11315.0	0.3000972210702342
11316.6	0.6428092210702341
11318.3	0.3124802210702342
11320.0	0.5086902210702343
11321.6	0.2188962210702339
11323.3	0.4703752210702339
11325.0	0.496229921070234
11326.6	1.100590831070234
11328.3	1.4702053410702338
11330.0	2.241723821070234
11331.6	2.0463669210702333
11333.3	2.041096321070234
11335.0	1.453063821070234
11336.6	0.8594078210702338
11338.3	0.178636221070234
11340.0	0.1483282210702339
11341.7	-0.030909778929766
11343.3	0.5307801210702341
11345.0	0.578338321070234
11346.7	0.7421479210702343
11348.3	0.6365656210702341
11350.0	0.8670326210702342
11351.7	0.766692221070234
11353.3	1.198183221070234
11355.0	0.991548621070234
11356.7	1.139660921070234
11358.3	0.711882321070234
11360.0	0.7502838210702338
11361.7	0.313587821070234
11363.3	0.3390222210702341
11365.0	-0.1629597789297661
11366.7	-0.0834869789297659
11368.3	-0.6071356789297659
11370.0	-0.638496518929766
11371.7	-0.8507516789297658
11373.3	-0.451801248929766
11375.0	-0.472924018929766
11376.7	0.0416727210702339
11378.3	0.129923121070234
11380.0	0.6642842210702342
11381.7	0.854559021070234
11383.3	1.252037921070234
11385.0	1.1889421210702342
11386.7	1.6234883210702342
11388.4	1.4023593210702343
11390.0	1.4339206210702344
11391.7	0.986152221070234
11393.4	0.888746221070234
11395.0	0.5356592210702342
11396.7	0.950608321070234
11398.4	0.738760221070234
11400.0	1.257740221070234
11401.7	1.312475221070234
11403.4	1.496655221070234
11405.0	1.112292621070234
11406.7	1.053732761070234
11408.4	0.364977221070234
11410.0	0.3437562210702342
11411.7	-0.0418255189297661
11413.4	0.137360011070234
11415.0	0.2675119210702338
11416.7	0.8152963210702339
11418.4	0.8977422210702344
11420.0	1.447648121070234
11421.7	1.337935021070234
11423.4	1.6849482210702345
11425.0	1.1768229210702343
11426.7	0.7868892210702342
11428.4	0.0365633210702341
11430.0	-0.1743077689297659
11431.7	-0.4975320789297658
11433.4	0.057031021070234
11435.1	-0.034939878929766
11436.7	0.307883221070234
11438.4	-0.363087778929766
11440.1	-0.586841778929766
11441.7	-1.040717678929766
11443.4	-0.5547099789297661
11445.1	-0.316966178929766
11446.7	0.5336726210702342
11448.4	0.7611461010702342
11450.1	1.208385291070234
11451.7	0.973972921070234
11453.4	1.332916221070234
11455.1	0.9162132210702338
11456.7	0.947951221070234
11458.4	0.3841864210702338
11460.1	0.4329185210702341
11461.7	0.3170775210702338
11463.4	0.9112026210702338
11465.1	0.8510622210702341
11466.7	1.243665521070234
11468.4	0.7241489210702341
11470.1	0.7047102210702338
11471.7	0.3182072210702341
11473.4	0.820866221070234
11475.1	0.6124002210702342
11476.7	0.967677221070234
11478.4	0.4482087210702341
11480.1	0.470535921070234
11481.8	-0.008669378929766
11483.4	0.3538306410702341
11485.1	0.2303172210702343
11486.8	0.7242722210702339
11488.4	0.2544495110702339
11490.1	0.2817329210702341
11491.8	-0.0304727789297659
11493.4	0.3174962210702343
11495.1	0.3883348410702338
11496.8	1.397758521070234
11498.4	1.881854721070234
11500.1	2.4874972210702344
11501.8	2.3380322210702342
11503.4	2.491250221070234
11505.1	2.092118221070234
11506.8	2.114918321070234
11508.4	1.5830998210702345
11510.1	1.5826522410702342
11511.8	0.997882021070234
11513.4	0.965924021070234
11515.1	0.360367321070234
11516.8	0.4111162210702341
11518.4	0.415196221070234
11520.1	0.926397221070234
11521.8	0.801622021070234
11523.5	1.0997531910702338
11525.1	0.711882621070234
11526.8	0.906133821070234
11528.5	0.535710221070234
11530.1	0.5848632210702341
11531.8	0.390666621070234
11533.5	0.8739922210702339
11535.1	0.452778221070234
11536.8	0.5510332210702342
11538.5	0.053681321070234
11540.1	0.312286621070234
11541.8	0.0804237210702341
11543.5	0.4789268210702341
11545.1	0.3184705210702342
11546.8	0.9937864010702342
11548.5	0.6511552210702344
11550.1	1.043828521070234
11551.8	0.6475736210702341
11553.5	1.1724842210702342
11555.1	1.1940502210702335
11556.8	1.7988052210702343
11558.5	1.7720792210702343
11560.1	2.0836382210702338
11561.8	1.6544842210702335
11563.5	1.493038221070234
11565.1	0.8736984910702341
11566.8	1.2255730210702338
11568.5	1.235773221070234
11570.2	1.909903571070234
11571.8	1.9739585210702335
11573.5	2.1290851210702337
11575.2	1.567885581070234
11576.8	1.259329921070234
11578.5	0.533829921070234
11580.2	0.548296521070234
11581.8	-0.1474681789297661
11583.5	-0.1548581789297661
11585.2	-0.756758378929766
11586.8	-0.5670655389297661
11588.5	-0.4412349789297659
11590.2	0.5891956210702339
11591.8	0.910588221070234
11593.5	1.470913221070234
11595.2	1.104235221070234
11596.8	1.1131182210702342
11598.5	0.783471321070234
11600.2	0.9456192210702342
11601.8	0.717108421070234
11603.5	1.066704121070234
11605.2	0.706421221070234
11606.8	0.938847221070234
11608.5	1.001776221070234
11610.2	1.509859121070234
11611.8	1.373461521070234
11613.5	1.2261553210702345
11615.2	0.3429422210702341
11616.9	0.228851721070234
11618.5	-0.1052331189297659
11620.2	0.5664048210702339
11621.9	0.8140954210702341
11623.5	1.446157761070234
11625.2	0.9615745210702344
11626.9	0.940728421070234
11628.5	0.492649221070234
11630.2	0.7566431210702341
11631.9	0.966935921070234
11633.5	1.568773221070234
11635.2	1.610966221070234
11636.9	2.159958121070233
11638.5	1.920089021070234
11640.2	2.036162021070234
11641.9	1.4239994210702345
11643.5	1.1611307210702342
11645.2	0.7407970210702339
11646.9	0.8226875210702342
11648.5	0.8468952210702341
11650.2	1.4277479210702342
11651.9	1.361922155070234
11653.5	1.4086512210702342
11655.2	0.660633021070234
11656.9	0.3738777510702339
11658.5	-0.0007827789297662
11660.2	0.2851222210702338
11661.9	0.3667712210702341
11663.6	0.893528121070234
11665.2	0.812127600070234
11666.9	1.0837125810702342
11668.6	0.867947185070234
11670.2	1.131478921070234
11671.9	1.055901221070234
11673.6	1.4808775210702338
11675.2	1.359163221070234
11676.9	1.502842221070234
11678.6	0.8812612210702344
11680.2	0.5994852210702339
11681.9	-0.233615778929766
11683.6	-0.2330267789297659
11685.2	-0.3174644789297659
11686.9	0.5498466210702341
11688.6	1.0105492210702338
11690.2	2.020856221070234
11691.9	2.1284332210702344
11693.6	2.2731612210702337
11695.2	1.524392221070234
11696.9	1.2917713210702335
11698.6	0.7987329210702342
11700.2	1.0322792210702345
11701.9	1.120916221070234
11703.6	1.9627268210702336
11705.3	2.199034221070234
11706.9	2.602168421070234
11708.6	2.1801454210702342
11710.3	1.8127865210702336
11711.9	1.139430211070234
11713.6	0.7753234210702339
11715.3	0.117624621070234
11716.9	0.1579567810702341
11718.6	0.0250752210702341
11720.3	0.3934682210702341
11721.9	0.671790221070234
11723.6	1.328502221070234
11725.3	1.717702221070234
11726.9	2.5610465910702342
11728.6	2.6138046210702344
11730.3	2.931558521070234
11731.9	2.687045421070234
11733.6	2.317350521070234
11735.3	1.460481182070234
11736.9	1.022590721070234
11738.6	0.3840459210702341
11740.3	0.4473252210702341
11741.9	0.1846292210702341
11743.6	0.4026782210702341
11745.3	0.2894079210702339
11746.9	0.601514221070234
11748.6	0.5264922210702341
11750.3	0.8314937210702343
11752.0	0.638125921070234
11753.6	0.8052432210702338
11755.3	0.648960221070234
11757.0	1.1528542210702342
11758.6	1.269014221070234
11760.3	1.882217221070234
11762.0	1.832703221070234
11763.6	1.722142001070234
11765.3	1.0886134210702338
11767.0	1.1326932210702338
11768.6	0.8057862210702342
11770.3	1.2000852210702342
11772.0	1.074689221070234
11773.6	1.391513221070234
11775.3	1.2789932210702344
11777.0	1.2649972210702338
11778.6	0.909410221070234
11780.3	0.812356921070234
11782.0	0.311583721070234
11783.6	0.462463121070234
11785.3	0.218545581070234
11787.0	0.949771621070234
11788.6	1.0898442210702342
11790.3	1.302239221070234
11792.0	1.0050872210702342
11793.6	0.991637021070234
11795.3	0.5252865210702341
11797.0	0.6784919210702341
11798.7	0.2827382210702341
11800.3	0.6352162210702339
11802.0	0.2474930310702338
11803.7	0.4346191210702342
11805.3	0.0573176210702338
11807.0	0.2343621210702339
11808.7	0.0210049910702339
11810.3	0.3887121110702342
11812.0	0.2081362210702341
11813.7	1.159393221070234
11815.3	1.423797221070234
11817.0	2.3804360210702344
11818.7	2.344881221070234
11820.3	2.390443821070234
11822.0	1.600507321070234
11823.7	1.567215021070234
11825.3	1.1072840210702342
11827.0	1.6982277210702343
11828.7	1.619356421070234
11830.3	2.5365292210702344
11832.0	2.518234721070234
11833.7	3.0001487210702336
11835.3	2.5859055210702344
11837.0	2.779679821070234
11838.7	2.251646221070234
11840.3	2.0190612210702343
11842.0	1.1293366210702342
11843.7	1.116576421070234
11845.4	0.7386451210702338
11847.0	1.0871212210702343
11848.7	1.0460182210702342
11850.4	1.5264612210702342
11852.0	1.2973062210702342
11853.7	1.232463421070234
11855.4	0.666698221070234
11857.0	0.9151392210702338
11858.7	1.167291221070234
11860.4	1.9456032210702336
11862.0	2.4602090210702343
11863.7	2.982824921070234
11865.4	2.522962421070234
11867.0	2.1248877210702344
11868.7	1.126365121070234
11870.4	0.9380466210702336
11872.0	0.472661071070234
11873.7	0.8496329210702338
11875.4	0.6080219210702339
11877.0	0.7648252210702339
11878.7	0.5495962210702339
11880.4	0.8276212210702341
11882.0	0.6860632210702339
11883.7	1.1862542210702345
11885.4	0.972026521070234
11887.1	1.2780732210702344
11888.7	1.0038052210702344
11890.4	1.396800921070234
11892.1	1.348961221070234
11893.7	1.7943608210702344
11895.4	1.395816121070234
11897.1	1.401364821070234
11898.7	0.6540252210702342
11900.4	0.4839252210702341
11902.1	-0.2983637789297658
11903.7	-0.1457077789297659
11905.4	-0.6281337789297659
11907.1	-0.308730878929766
11908.7	-0.296040778929766
11910.4	0.927092221070234
11912.1	1.471902121070234
11913.7	2.712915221070234
11915.4	2.6329652210702337
11917.1	2.818961221070233
11918.7	2.1749749210702336
11920.4	1.7640372210702338
11922.1	1.0034862210702342
11923.7	1.050280421070234
11925.4	0.5376682210702342
11927.1	0.7627162210702341
11928.7	0.4820792210702341
11930.4	0.8903452210702341
11932.1	0.659845221070234
11933.8	0.791382421070234
11935.4	-0.0268777319297658
11937.1	-0.387966368929766
11938.8	-1.2406700789297662
11940.4	-0.901823778929766
11942.1	-0.6237067789297661
11943.8	0.6737943210702344
11945.4	1.511620221070234
11947.1	2.791814221070234
11948.8	2.604781721070234
11950.4	2.4402789210702345
11952.1	1.2194007210702342
11953.8	0.792592121070234
11955.4	0.0091562210702342
11957.1	0.164585221070234
11958.8	0.179265121070234
11960.4	0.7435022510702342
11962.1	0.7562111210702344
11963.8	1.074489721070234
11965.4	1.0527607000702344
11967.1	1.6999457410702337
11968.8	1.6474531110702335
11970.4	1.986612751070234
11972.1	1.5954089210702338
11973.8	1.3085098210702342
11975.4	0.7137942210702339
11977.1	0.7130245210702341
11978.8	0.3434275123702339
11980.5	0.5026072210702338
11982.1	0.3660092210702342
11983.8	0.8074198910702339
11985.5	0.606801021070234
11987.1	0.777851221070234
11988.8	0.223008621070234
11990.5	0.3500110210702341
11992.1	-0.2651149789297659
11993.8	-0.316917778929766
11995.5	-0.4417837789297659
11997.1	0.1357139210702341
11998.8	-0.0532827789297658
12000.5	0.6245702210702341
12002.1	0.188420821070234
12003.8	0.4383736210702342
12005.5	0.0021920310702341
12007.1	-0.079672878929766
12008.8	-0.359978778929766
12010.5	-0.1759437789297658
12012.1	-0.5432607789297659
12013.8	0.0982632210702342
12015.5	0.037881921070234
12017.1	0.5644002210702339
12018.8	0.558166221070234
12020.5	0.8474532210702342
12022.1	0.886456721070234
12023.8	1.062538021070234
12025.5	1.018704921070234
12027.2	1.450449421070234
12028.8	1.182790221070234
12030.5	1.400934321070234
12032.2	1.2597967210702343
12033.8	1.6846770210702346
12035.5	1.782334221070234
12037.2	2.366883021070234
12038.8	2.374309121070234
12040.5	2.7231680210702343
12042.2	2.296049001070234
12043.8	2.037451221070234
12045.5	1.4034642210702342
12047.2	1.556347221070234
12048.8	1.1723078210702342
12050.5	1.4742892210702343
12052.2	1.191015221070234
12053.8	1.042283221070234
12055.5	0.2214612210702341
12057.2	-0.212852778929766
12058.8	-0.722599078929766
12060.5	-0.2230832789297658
12062.2	-0.2669520789297658
12063.8	0.112580721070234
12065.5	-0.0598497789297658
12067.2	0.510796221070234
12068.9	0.6526072210702341
12070.5	1.393036221070234
12072.2	1.592954621070234
12073.9	2.155487221070234
12075.5	1.541036721070234
12077.2	1.3348635210702338
12078.9	0.695796221070234
12080.5	0.926031721070234
12082.2	0.9364212210702336
12083.9	1.1857342210702335
12085.5	0.5889242210702342
12087.2	0.1746222210702339
12088.9	-0.8238227789297662
12090.5	-0.9917767789297658
12092.2	-0.938150878929766
12093.9	0.1168577210702338
12095.5	0.930843421070234
12097.2	1.862262501070234
12098.9	1.749504221070234
12100.5	1.671910221070234
12102.2	0.7795555210702341
12103.9	0.5783112210702339
12105.5	-0.0216749789297659
12107.2	0.2621262210702343
12108.9	0.2203341210702337
12110.5	0.694787221070234
12112.2	0.457200021070234
12113.9	0.4718702210702338
12115.6	-0.0354607789297659
12117.2	0.520525221070234
12118.9	0.6736222210702341
12120.6	1.613291221070234
12122.2	1.733925221070234
12123.9	1.9459473210702336
12125.6	1.5268344210702345
12127.2	1.179765721070234
12128.9	0.534142221070234
12130.6	0.7245182210702341
12132.2	0.241975821070234
12133.9	0.267570421070234
12135.6	-0.0953701789297659
12137.2	0.0246720210702339
12138.9	0.261436591070234
12140.6	1.349787221070234
12142.2	1.840944821070234
12143.9	2.5176222210702344
12145.6	2.288630221070234
12147.2	1.955005221070234
12148.9	1.045284121070234
12150.6	0.7866537210702342
12152.2	0.238331921070234
12153.9	0.3896552210702341
12155.6	-0.2508067789297661
12157.2	-0.4996137789297659
12158.9	-1.0909687789297662
12160.6	-0.737331778929766
12162.3	-0.3794967789297661
12163.9	0.5252900210702341
12165.6	0.7267302210702338
12167.3	0.963636221070234
12168.9	0.3197310410702341
12170.6	0.179879921070234
12172.3	-0.3380333789297659
12173.9	-0.3814367789297659
12175.6	-0.5840587789297659
12177.3	0.1388606210702339
12178.9	0.485924221070234
12180.6	1.498228421070234
12182.3	1.8482122210702343
12183.9	2.1612712210702343
12185.6	1.5588472210702342
12187.3	1.4428892210702342
12188.9	0.743791221070234
12190.6	0.7806252210702339
12192.3	0.5416826210702339
12193.9	0.8514622210702341
12195.6	0.5236252210702339
12197.3	0.7230392210702342
12198.9	0.4074763210702339
12200.6	0.655886721070234
12202.3	0.4823762210702339
12203.9	0.4054565210702342
12205.6	-0.085325778929766
12207.3	0.233635921070234
12209.0	0.1481110210702341
12210.6	0.667266521070234
12212.3	0.752544621070234
12214.0	0.913440221070234
12215.6	0.4641492210702342
12217.3	0.153912821070234
12219.0	-0.583053518929766
12220.6	-0.342822778929766
12222.3	-0.5217248989297659
12224.0	0.0165923210702342
12225.6	0.182228721070234
12227.3	0.7018111710702342
12229.0	0.8484831210702339
12230.6	1.133796321070234
12232.3	0.8495089810702341
12234.0	1.475981221070234
12235.6	1.1594534210702343
12237.3	1.5083726210702342
12239.0	1.6079564210702344
12240.6	2.156346241070234
12242.3	2.045233121070234
12244.0	1.9990386210702336
12245.6	1.342101221070234
12247.3	1.370648221070234
12249.0	0.861733221070234
12250.7	0.6475590210702341
12252.3	0.103257221070234
12254.0	0.3148532210702339
12255.7	-0.130924778929766
12257.3	0.0136182210702341
12259.0	-0.2827240789297659
12260.7	-0.0398370989297661
12262.3	-0.4526727789297659
12264.0	-0.2544217789297659
12265.7	-0.4906987789297656
12267.3	0.075965221070234
12269.0	-0.0774377789297661
12270.7	0.500406221070234
12272.3	0.2944382210702341
12274.0	0.826498531070234
12275.7	0.5234902210702341
12277.3	0.6323449210702341
12279.0	0.218260521070234
12280.7	0.3595022210702341
12282.3	-0.3341455789297662
12284.0	-0.0664652789297659
12285.7	-0.3438147789297659
12287.3	0.0011255610702341
12289.0	-0.3155323789297659
12290.7	-0.2938597789297659
12292.3	-0.529167478929766
12294.0	0.0693811170702337
12295.7	0.0941579210702339
12297.4	0.8782391210702339
12299.0	0.8532445210702342
12300.7	1.4543453210702342
12302.4	1.1507992210702338
12304.0	1.2942325210702343
12305.7	0.670521521070234
12307.4	0.7695074910702341
12309.0	0.5240983210702339
12310.7	0.982011021070234
12312.4	1.051747121070234
12314.0	1.679932321070234
12315.7	1.642481721070234
12317.4	1.9616877210702337
12319.0	1.390586321070234
12320.7	1.513772821070234
12322.4	1.323047321070234
12324.0	1.411843921070234
12325.7	1.148042621070234
12327.4	1.192482921070234
12329.0	1.110535521070234
12330.7	1.721935221070234
12332.4	1.547161221070234
12334.0	1.8739782210702345
12335.7	1.6930862210702338
12337.4	1.2145982210702342
12339.0	0.4314292210702342
12340.7	-0.108146778929766
12342.4	-0.651067778929766
12344.1	-0.2491397789297658
12345.7	0.0129047210702342
12347.4	1.1207802210702342
12349.1	1.9791306210702335
12350.7	2.937673621070234
12352.4	2.880237821070234
12354.1	2.926654521070234
12355.7	2.1673582210702333
12357.4	1.7431902210702337
12359.1	0.994092621070234
12360.7	0.952306721070234
12362.4	0.6259362210702341
12364.1	1.1379432210702338
12365.7	1.1632820210702342
12367.4	1.6903912210702337
12369.1	1.6266121210702338
12370.7	1.9649804210702344
12372.4	1.9042819210702344
12374.1	2.1774952210702336
12375.7	2.2166019210702337
12377.4	2.5365906210702343
12379.1	2.428198901070234
12380.7	2.443313221070234
12382.4	2.0049229210702344
12384.1	1.960526401070234
12385.7	1.0965639210702345
12387.4	0.414211461070234
12389.1	-0.7396773789297659
12390.8	-1.2468887689297656
12392.4	-1.656835678929766
12394.1	-1.0457735789297664
12395.8	-0.507762888929766
12397.4	0.780315221070234
12399.1	1.057770221070234
12400.8	1.248977221070234
12402.4	0.6539175210702342
12404.1	0.4603161210702341
12405.8	0.1574332210702339
12407.4	0.751591121070234
12409.1	0.8360674210702339
12410.8	1.6552940210702338
12412.4	1.4172660010702338
12414.1	1.394462321070234
12415.8	0.7272082210702341
12417.4	0.839878221070234
12419.1	0.7093907210702339
12420.8	1.3134362210702342
12422.4	1.176294121070234
12424.1	1.6560112210702342
12425.8	1.246366021070234
12427.4	1.4026912210702345
12429.1	1.031732221070234
12430.8	1.1355456210702342
12432.5	0.937802221070234
12434.1	1.2143502210702342
12435.8	0.8078492210702344
12437.5	1.109116221070234
12439.1	0.419776921070234
12440.8	0.0677772210702341
12442.5	-0.500824778929766
12444.1	-0.5277703189297659
12445.8	-0.2801875789297658
12447.5	0.5678198210702341
12449.1	0.775024821070234
12450.8	1.6965470210702345
12452.5	1.6133723210702342
12454.1	1.805727621070234
12455.8	1.5123161210702338
12457.5	1.266263021070234
12459.1	0.803074321070234
12460.8	0.8492122210702341
12462.5	0.4327751210702337
12464.1	1.0967218210702343
12465.8	1.392064321070234
12467.5	2.235896421070234
12469.1	2.3343068210702342
12470.8	2.482806821070235
12472.5	1.6932623210702338
12474.1	1.6041302210702342
12475.8	1.206336121070234
12477.5	1.392798321070234
12479.2	1.3656392210702342
12480.8	2.0069272210702342
12482.5	1.6777749210702342
12484.2	1.7065525210702337
12485.8	1.216283921070234
12487.5	1.2965610310702342
12489.2	1.116639221070234
12490.8	1.5291442210702342
12492.5	1.551819721070234
12494.2	2.000493351070234
12495.8	1.8900742210702344
12497.5	1.752294221070234
12499.2	1.160810921070234
12500.8	1.158556721070234
12502.5	0.6377252210702339
12504.2	0.9215682210702342
12505.8	1.0295088210702343
12507.5	1.507274121070234
12509.2	1.571218721070234
12510.8	1.550895321070234
12512.5	0.9076923910702336
12514.2	0.4799531410702341
12515.8	-0.141565578929766
12517.5	-0.0227071789297659
12519.2	-0.1593367789297659
12520.8	0.2805092210702342
12522.5	0.4053032210702339
12524.2	0.6798433210702339
12525.9	0.5343658210702339
12527.5	0.3509762210702339
12529.2	-0.1821729789297659
12530.9	0.1773812210702338
12532.5	0.2204259210702341
12534.2	0.995191221070234
12535.9	1.5139542210702337
12537.5	2.3186581210702344
12539.2	2.380427521070234
12540.9	2.554074421070234
12542.5	1.8514041210702337
12544.2	2.005855221070234
12545.9	2.032604221070234
12547.5	2.537962221070234
12549.2	2.2016221210702343
12550.9	2.301694221070234
12552.5	1.3865343810702342
12554.2	1.2022786810702342
12555.9	0.4883629210702338
12557.5	0.1013542210702341
12559.2	-0.3343977789297661
12560.9	-0.062072778929766
12562.5	-0.523041178929766
12564.2	0.033432221070234
12565.9	-0.0312182789297659
12567.5	0.5743635210702343
12569.2	0.5388731810702341
12570.9	0.6639623410702342
12572.6	0.225163221070234
12574.2	0.3988023210702341
12575.9	0.163734921070234
12577.6	0.6266422210702342
12579.2	0.877537221070234
12580.9	1.5650095210702344
12582.6	1.017895221070234
12584.2	0.924288821070234
12585.9	0.1697552210702342
12587.6	0.1614345210702341
12589.2	0.0728226210702342
12590.9	0.7876002210702341
12592.6	1.102889221070234
12594.2	1.6795082210702343
12595.9	1.545932121070234
12597.6	1.808168621070234
12599.2	1.8480038210702336
12600.9	2.199561221070234
12602.6	1.745086741070234
12604.2	1.423326521070234
12605.9	0.7715966910702339
12607.6	0.4328465810702339
12609.2	0.0209068010702341
12610.9	0.1249256210702341
12612.6	0.1992057210702341
12614.3	0.7605439410702342
12615.9	1.087664821070234
12617.6	1.4570793210702342
12619.3	1.481432421070234
12620.9	1.8714062210702336
12622.6	1.6796932210702344
12624.3	1.965435721070234
12625.9	1.680561621070234
12627.6	1.5929632210702338
12629.3	1.046433821070234
12630.9	0.904221521070234
12632.6	0.6593850210702341
12634.3	1.550223021070234
12635.9	1.8831122210702345
12637.6	2.728154221070234
12639.3	2.785191221070234
12640.9	2.8476652210702342
12642.6	2.522339481070234
12644.3	2.456575921070234
12645.9	1.488803221070234
12647.6	1.6046379210702342
12649.3	1.063992721070234
12650.9	1.219378721070234
12652.6	1.000013171070234
12654.3	1.0110464210702337
12655.9	0.5147142210702341
12657.6	0.5952312210702342
12659.3	0.3173479210702342
12661.0	1.150576221070234
12662.6	1.302520221070234
12664.3	1.703388121070234
12666.0	1.081774821070234
12667.6	0.913893921070234
12669.3	0.5277680210702341
12671.0	0.973742221070234
12672.6	1.2838799210702343
12674.3	1.895673221070234
12676.0	1.198878721070234
12677.6	0.985074621070234
12679.3	0.280193221070234
12681.0	0.413587221070234
12682.6	0.2216732210702341
12684.3	0.4839992210702341
12686.0	0.186222221070234
12687.6	0.512070221070234
12689.3	-0.0239955789297662
12691.0	0.275471111070234
12692.6	0.4082214210702339
12694.3	1.242908621070234
12696.0	1.048366221070234
12697.6	1.0315253210702338
12699.3	0.337179221070234
12701.0	0.1176375210702339
12702.6	-0.4539962789297659
12704.3	-0.7306734789297662
12706.0	-1.075785678929766
12707.7	-0.3542236789297658
12709.3	-0.1311181789297659
12711.0	0.5497337210702338
12712.7	0.7584692610702339
12714.3	1.2961509210702342
12716.0	1.0478075210702342
12717.7	1.2171251210702343
12719.3	1.0818527210702342
12721.0	1.435071221070234
12722.7	1.228564221070234
12724.3	1.251811221070234
12726.0	0.331113221070234
12727.7	0.1986782210702339
12729.3	-0.490692678929766
12731.0	0.1140429210702339
12732.7	0.6734438210702341
12734.3	1.399700221070234
12736.0	1.573856221070234
12737.7	1.812414821070234
12739.3	1.2511355210702335
12741.0	1.574666221070234
12742.7	1.2033631210702342
12744.3	1.6396841210702338
12746.0	1.5778360210702342
12747.7	1.4760382210702343
12749.3	0.9108939510702342
12751.0	0.7226992210702342
12752.7	-0.0395987789297659
12754.4	0.2082937210702339
12756.0	-0.1061217789297661
12757.7	0.3275652210702339
12759.4	0.4376612210702342
12761.0	0.9443686810702342
12762.7	0.682870221070234
12764.4	0.8864422210702336
12766.0	0.6356342610702341
12767.7	0.920638221070234
12769.4	0.4011000110702341
12771.0	0.569466721070234
12772.7	-0.0888634789297661
12774.4	-0.0989243789297659
12776.0	-0.647754578929766
12777.7	-0.3118213789297657
12779.4	-0.370689098929766
12781.0	0.0560967210702342
12782.7	-0.2700215789297658
12784.4	-0.3721970789297659
12786.0	-0.504262978929766
12787.7	0.0263522210702341
12789.4	0.1635022210702338
12791.0	1.1749337210702342
12792.7	1.234823321070234
12794.4	1.523702921070234
12796.1	1.3595362210702342
12797.7	1.0740575980702338
12799.4	0.3536182210702342
12801.1	0.2689073210702341
12802.7	-0.3367287789297661
12804.4	0.0793932210702341
12806.1	0.284863121070234
12807.7	1.017537731070234
12809.4	0.7996082210702342
12811.1	1.172808421070234
12812.7	0.8344445210702338
12814.4	1.3602831210702342
12816.1	1.591546341070234
12817.7	2.0748258210702337
12819.4	1.916843741070234
12821.1	1.924668021070234
12822.7	1.3269502210702335
12824.4	1.2476982210702343
12826.1	0.600881221070234
12827.7	0.4289512210702339
12829.4	-0.3141237789297657
12831.1	-0.6188807789297659
12832.7	-0.941634778929766
12834.4	-0.325127778929766
12836.1	0.265087421070234
12837.7	1.0128183210702342
12839.4	0.908429221070234
12841.1	1.0298610210702344
12842.8	0.7744581210702339
12844.4	1.042459521070234
12846.1	0.6223787210702338
12847.8	0.331129921070234
12849.4	-0.2539906189297661
12851.1	-0.8007517789297663
12852.8	-1.605193778929766
12854.4	-1.2263507789297663
12856.1	-0.8630707789297659
12857.8	0.497800221070234
12859.4	1.307315811070234
12861.1	1.6784996210702343
12862.8	0.917198221070234
12864.4	0.0897587210702339
12866.1	-1.486727778929766
12867.8	-1.8442039689297656
12869.4	-1.916499308929766
12871.1	-1.237200278929766
12872.8	-0.8801572789297658
12874.4	-0.255980938929766
12876.1	-0.7719839789297657
12877.8	-0.4755913789297659
12879.4	-0.420301678929766
12881.1	0.6522282210702341
12882.8	1.382908121070234
12884.4	2.184093221070234
12886.1	2.015803221070234
12887.8	2.1595332210702343
12889.5	1.558258161070234
12891.1	1.6043892210702342
12892.8	1.3154210210702342
12894.5	1.9117722110702335
12896.1	1.9053018210702344
12897.8	2.033921321070234
12899.5	1.4275197210702335
12901.1	1.283970921070234
12902.8	0.7204046210702341
12904.5	0.947904221070234
12906.1	1.0417315210702338
12907.8	1.734196521070234
12909.5	1.8795453210702335
12911.1	2.1274442210702342
12912.8	1.5506163210702344
12914.5	1.4022944110702344
12916.1	0.852366921070234
12917.8	0.8444867210702339
12919.5	0.6389201210702338
12921.1	0.966243421070234
12922.8	0.8874569210702337
12924.5	1.4349825210702334
12926.1	1.2156885210702335
12927.8	1.2800150210702343
12929.5	0.703595421070234
12931.1	0.451450221070234
12932.8	-0.3247877789297658
12934.5	-0.0865179789297659
12936.2	-0.033111378929766
12937.8	0.6687877210702338
12939.5	0.7494273210702341
12941.2	1.404802311070234
12942.8	1.2814212210702336
12944.5	1.835733221070234
12946.2	1.553314221070234
12947.8	1.7161533210702342
12949.5	1.470019221070234
12951.2	1.276933221070234
12952.8	0.615074221070234
12954.5	0.6559402210702341
12956.2	0.3742871210702339
12957.8	0.9815452210702338
12959.5	1.290535221070234
12961.2	1.804677221070234
12962.8	1.608452221070234
12964.5	1.3838762210702342
12966.2	0.7494302210702342
12967.8	0.4159568810702341
12969.5	-0.0529621789297659
12971.2	0.5298242210702341
12972.8	0.6792572210702341
12974.5	1.021614421070234
12976.2	1.050440321070234
12977.9	1.043752641070234
12979.5	0.912442021070234
12981.2	1.1821784210702342
12982.9	0.8118277210702342
12984.5	1.338287821070234
12986.2	1.3717141210702342
12987.9	1.6524342210702343
12989.5	1.6913403210702334
12991.2	2.0927422210702344
12992.9	1.5293612210702343
12994.5	1.473909721070234
12996.2	0.4896740080702338
12997.9	0.1831002210702341
12999.5	-0.394970278929766
13001.2	-0.0534277789297661
13002.9	-0.021951778929766
13004.5	1.117838241070234
13006.2	1.488208221070234
13007.9	2.450253221070234
13009.5	2.655227021070234
13011.2	3.034949559070234
13012.9	2.357702221070234
13014.5	2.041654221070234
13016.2	1.106842221070234
13017.9	1.161543921070234
13019.5	0.962053261070234
13021.2	1.5727083210702335
13022.9	1.680197121070234
13024.6	2.1327472210702343
13026.2	1.8616551210702337
13027.9	1.8251004210702344
13029.6	1.344586821070234
13031.2	1.8396752210702343
13032.9	1.6128632210702345
13034.6	1.7556092210702343
13036.2	1.383286221070234
13037.9	1.3462642210702342
13039.6	1.407335221070234
13041.2	2.297133121070234
13042.9	2.864306721070234
13044.6	4.017135221070234
13046.2	3.926392621070234
13047.9	3.3398701410702336
13049.6	1.953279921070234
13051.2	0.8609404210702337
13052.9	-0.2918410789297659
13054.6	-0.0868112399297659
13056.2	0.0844222210702339
13057.9	1.220027221070234
13059.6	1.8108822210702344
13061.2	2.326750221070234
13062.9	1.8726552210702336
13064.6	1.6209552210702338
13066.2	0.6443287210702342
13067.9	0.667130321070234
13069.6	0.5385412210702338
13071.3	1.418415221070234
13072.9	1.993628821070234
13074.6	3.0811522210702345
13076.3	3.0293982210702333
13077.9	3.3029622210702336
13079.6	2.645278221070234
13081.3	2.430309221070234
13082.9	1.498235921070234
13084.6	1.3481962210702343
13086.3	0.5771452210702339
13087.9	0.3285122210702339
13089.6	-0.5195961789297661
13091.3	-0.418591278929766
13092.9	-0.4461267789297661
13094.6	0.2013737210702337
13096.3	0.5602740210702338
13097.9	0.978023321070234
13099.6	0.7613982210702337
13101.3	0.8624552210702341
13102.9	0.5454372210702342
13104.6	1.005025221070234
13106.3	1.167509521070234
13107.9	1.2081592210702343
13109.6	1.007575821070234
13111.3	0.8239853210702339
13112.9	0.4454112210702339
13114.6	0.6431342210702339
13116.3	0.6078315210702339
13118.0	0.9922172210702342
13119.6	0.6573102210702337
13121.3	0.7031001210702339
13123.0	0.0484137210702337
13124.6	-0.2650757789297658
13126.3	-0.4594587789297659
13128.0	-0.0655541789297659
13129.6	0.1632163210702339
13131.3	0.977809421070234
13133.0	1.2245198210702342
13134.6	1.750157221070234
13136.3	1.566410221070234
13138.0	1.221755401070234
13139.6	0.637516721070234
13141.3	0.633978721070234
13143.0	0.322329191070234
13144.6	0.7644823210702341
13146.3	1.215791921070234
13148.0	1.706134121070234
13149.6	1.7389508210702338
13151.3	1.7091792210702337
13153.0	1.1765392210702337
13154.6	0.9596312210702336
13156.3	0.3209211210702341
13158.0	0.363116421070234
13159.7	0.396402221070234
13161.3	1.2213362210702337
13163.0	1.803433521070234
13164.7	2.8452022210702346
13166.3	3.242307221070233
13168.0	3.773222221070234
13169.7	3.189812221070234
13171.3	2.867126831070234
13173.0	1.649147221070234
13174.7	1.194803921070234
13176.3	0.2908699210702342
13178.0	-0.047022588929766
13179.7	-0.5413457789297655
13181.3	-0.3550861789297659
13183.0	-0.6359567789297659
13184.7	-0.2730917789297658
13186.3	-0.6693707789297659
13188.0	-0.2732647789297659
13189.7	0.1248140210702342
13191.3	1.1713654210702338
13193.0	2.156237521070234
13194.7	3.413128721070234
13196.3	4.010108221070235
13198.0	4.328405321070234
13199.7	3.2045840210702337
13201.3	2.0679452210702336
13203.0	0.854525521070234
13204.7	0.4636582210702339
13206.4	0.020589121070234
13208.0	0.2252973210702341
13209.7	0.3953567210702338
13211.4	0.9220139210702338
13213.0	1.050079221070234
13214.7	1.653673221070234
13216.4	2.026463121070234
13218.0	2.473677221070234
13219.7	2.1162756210702343
13221.4	1.773129021070234
13223.0	1.1826027210702343
13224.7	1.320506821070234
13226.4	1.269774921070234
13228.0	1.664499821070234
13229.7	1.630596721070234
13231.4	1.818901221070234
13233.0	1.713805221070234
13234.7	1.975540521070234
13236.4	1.989808521070234
13238.0	2.538712221070234
13239.7	2.449312921070234
13241.4	2.402440721070234
13243.0	1.8099816210702344
13244.7	1.9590652210702335
13246.4	1.444359471070234
13248.0	1.187031021070234
13249.7	0.2633237010702339
13251.4	-0.5001231789297661
13253.1	-1.439538378929766
13254.7	-1.5869758789297657
13256.4	-1.826369278929766
13258.1	-0.6957183789297658
13259.7	-0.0183385789297658
13261.4	0.7751733210702341
13263.1	0.8640022210702339
13264.7	0.960949531070234
13266.4	0.524844221070234
13268.1	0.5371353210702339
13269.7	-0.0445942789297661
13271.4	0.1111457210702339
13273.1	0.0810792210702344
13274.7	0.3731261210702341
13276.4	0.0733391210702339
13278.1	0.1543478210702342
13279.7	-0.4622637789297658
13281.4	-0.474273678929766
13283.1	-0.8146496789297659
13284.7	0.000894021070234
13286.4	0.815946721070234
13288.1	2.4862471210702344
13289.7	3.458440321070233
13291.4	4.6921843210702345
13293.1	4.644358921070234
13294.7	4.581777621070233
13296.4	3.458059221070234
13298.1	2.4809005210702337
13299.8	0.787800621070234
13301.4	-0.0290986789297661
13303.1	-0.8774047789297658
13304.8	-0.413546778929766
13306.4	-0.0828648789297658
13308.1	0.991836521070234
13309.8	1.589500221070234
13311.4	2.340821021070234
13313.1	2.4613642210702347
13314.8	2.7559479210702342
13316.4	2.0903273210702342
13318.1	1.678506421070234
13319.8	0.8017486210702337
13321.4	0.5331343210702342
13323.1	0.235364421070234
13324.8	0.980632021070234
13326.4	1.605079421070234
13328.1	2.7978255210702345
13329.8	3.2116302210702337
13331.4	3.303856221070234
13333.1	2.717329321070234
13334.8	2.227300621070234
13336.4	1.072951821070234
13338.1	1.0823703210702338
13339.8	0.8352792210702342
13341.5	1.190179221070234
13343.1	1.441486121070234
13344.8	1.7560125210702338
13346.5	1.6897234210702337
13348.1	1.9066801210702335
13349.8	1.193618821070234
13351.5	0.687634271070234
13353.1	-0.237818578929766
13354.8	-0.3863477789297658
13356.5	-0.4986797789297658
13358.1	0.0708142210702341
13359.8	0.6359666210702339
13361.5	1.3893652210702343
13363.1	1.1152302210702345
13364.8	1.280009721070234
13366.5	0.6454344210702339
13368.1	0.9024098210702342
13369.8	0.5683980210702337
13371.5	0.377934221070234
13373.1	0.144180921070234
13374.8	0.6717044210702342
13376.5	0.2853412210702341
13378.1	0.6862369210702339
13379.8	0.3021029210702339
13381.5	0.6967312210702342
13383.1	0.3619545210702341
13384.8	0.9195221750702338
13386.5	1.002232221070234
13388.2	1.6214972210702343
13389.8	1.6767604210702338
13391.5	1.8939657210702343
13393.2	1.560371421070234
13394.8	1.606686551070234
13396.5	1.090646921070234
13398.2	1.307677821070234
13399.8	0.947881721070234
13401.5	1.3109146210702345
13403.2	1.167235421070234
13404.8	1.618174221070234
13406.5	1.616786221070234
13408.2	1.483859021070234
13409.8	1.2126197210702336
13411.5	1.1842561210702338
13413.2	0.7367326210702341
13414.8	1.2290032210702342
13416.5	0.6035720210702337
13418.2	0.818606721070234
13419.8	0.623682021070234
13421.5	0.8218356210702341
13423.2	1.164959121070234
13424.8	1.5044327210702342
13426.5	1.294486121070234
13428.2	1.559927521070234
13429.8	1.125541421070234
13431.5	1.191415621070234
13433.2	0.899814951070234
13434.9	0.919928121070234
13436.5	0.5443482210702342
13438.2	0.637237421070234
13439.9	0.4781542210702342
13441.5	1.178732221070234
13443.2	1.3945722210702345
13444.9	1.933780241070234
13446.5	1.735928241070234
13448.2	1.840597421070234
13449.9	1.057672721070234
13451.5	1.126637421070234
13453.2	0.1960475210702342
13454.9	0.210113221070234
13456.5	-0.1520131789297659
13458.2	0.2184572210702338
13459.9	0.2810344210702339
13461.5	0.905157221070234
13463.2	0.4020192210702339
13464.9	0.2630814210702341
13466.5	-0.4833271789297658
13468.2	-0.8744358789297657
13469.9	-1.5559501789297665
13471.5	-1.591052178929766
13473.2	-1.5098129789297658
13474.9	-0.583081878929766
13476.5	0.242566221070234
13478.2	1.391842021070234
13479.9	2.200110821070234
13481.6	2.9583812210702343
13483.2	2.6957492210702343
13484.9	2.424890221070234
13486.6	1.7630363210702342
13488.2	1.658509221070234
13489.9	0.9912042210702342
13491.6	0.967164121070234
13493.2	0.998657221070234
13494.9	1.295225821070234
13496.6	1.3764842210702342
13498.2	1.630869821070234
13499.9	1.295918221070234
13501.6	1.829955430070234
13503.2	1.3560882210702343
13504.9	1.4774722210702336
13506.6	1.8441473210702344
13508.2	2.2301652210702336
13509.9	2.3187002210702343
13511.6	2.430100621070234
13513.2	1.525740321070234
13514.9	2.005469121070234
13516.6	1.7640443210702343
13518.2	2.182033721070234
13519.9	2.3166902610702342
13521.6	2.3388960210702336
13523.3	1.869583221070234
13524.9	1.8845212210702345
13526.6	1.5657922210702342
13528.3	2.4424799510702337
13529.9	2.776446221070234
13531.6	3.107702221070234
13533.3	2.6971802210702336
13534.9	2.332897221070234
13536.6	1.989483321070234
13538.3	2.4031432210702333
13539.9	2.627167221070234
13541.6	3.2381012210702345
13543.3	3.0920254210702334
13544.9	2.764401721070234
13546.6	1.6804972210702338
13548.3	0.9144644210702338
13549.9	0.0675062210702339
13551.6	0.177973221070234
13553.3	-0.0501527789297659
13554.9	0.536939221070234
13556.6	0.4119161210702341
13558.3	0.9205258210702336
13559.9	0.7762842210702342
13561.6	1.1677812210702343
13563.3	1.257729421070234
13564.9	1.996576221070234
13566.6	2.1301392210702343
13568.3	2.9100640210702347
13570.0	2.546987221070234
13571.6	2.469318301070234
13573.3	1.774944660070234
13575.0	1.485183721070234
13576.6	1.1311817210702342
13578.3	1.6046309810702344
13580.0	1.646413721070234
13581.6	2.2199876610702334
13583.3	2.072690021070234
13585.0	2.087856121070234
13586.6	1.699617021070234
13588.3	1.373805591070234
13590.0	0.9584674210702342
13591.6	0.8819711210702341
13593.3	0.092105781070234
13595.0	0.193942921070234
13596.6	-0.2962950589297658
13598.3	0.3905753210702339
13600.0	0.8088398210702341
13601.6	1.508466921070234
13603.3	1.9960132210702344
13605.0	2.488342221070234
13606.6	1.899795621070234
13608.3	2.005465521070234
13610.0	1.066995021070234
13611.6	0.959766421070234
13613.3	0.2481949210702339
13615.0	0.0801632210702341
13616.7	-0.2788937789297659
13618.3	0.271772821070234
13620.0	0.0678848810702339
13621.7	0.5995685210702342
13623.3	0.402483521070234
13625.0	0.5896682210702343
13626.7	-0.0766629789297661
13628.3	-0.272750778929766
13630.0	-1.153505778929766
13631.7	-1.1414922789297663
13633.3	-1.352557678929766
13635.0	-0.4948120789297658
13636.7	0.2303772210702338
13638.3	1.6475772210702342
13640.0	1.763537221070234
13641.7	1.757051221070234
13643.3	0.7122542210702337
13645.0	0.2827769210702339
13646.7	-0.0880587789297658
13648.3	0.7609429210702341
13650.0	1.3604388210702338
13651.7	2.6660252210702344
13653.3	2.955771221070234
13655.0	2.8769419210702343
13656.7	1.6145258210702338
13658.3	0.998424361070234
13660.0	-0.0653916789297659
13661.7	-0.1609530789297658
13663.4	-0.443706578929766
13665.0	-0.3545714789297659
13666.7	-0.648837278929766
13668.4	-0.4268088789297659
13670.0	-0.6931779789297661
13671.7	-0.0086189789297658
13673.4	0.0577762210702341
13675.0	0.459364521070234
13676.7	0.4104934210702341
13678.4	0.7846443210702339
13680.0	0.6293346210702341
13681.7	1.453247221070234
13683.4	1.559002221070234
13685.0	1.8930182210702344
13686.7	1.252061221070234
13688.4	1.382006921070234
13690.0	1.1886484210702342
13691.7	1.780709121070234
13693.4	1.9439600210702344
13695.0	2.2618913210702343
13696.7	1.9687316210702333
13698.4	1.926270321070234
13700.0	1.2776249210702342
13701.7	1.1343013210702335
13703.4	0.917329021070234
13705.0	1.049112221070234
13706.7	1.380104221070234
13708.4	1.568227221070234
13710.1	1.4876852210702338
13711.7	1.5487559110702338
13713.4	1.0365210210702342
13715.1	0.5448095210702341
13716.7	0.1630957310702341
13718.4	-0.0817112889297658
13720.1	-0.292128578929766
13721.7	-0.060921778929766
13723.4	-0.416375278929766
13725.1	0.2941173210702341
13726.7	0.420800921070234
13728.4	1.1775122210702342
13730.1	1.7551294050702342
13731.7	2.1145932210702343
13733.4	1.9690047810702336
13735.1	2.4385622210702342
13736.7	2.325188221070234
13738.4	2.9503032210702336
13740.1	3.1091832210702344
13741.7	3.485759221070233
13743.4	3.208438921070234
13745.1	2.7854668210702336
13746.7	2.298397921070234
13748.4	2.1592321210702337
13750.1	2.023847221070234
13751.8	2.1032759210702343
13753.4	1.9268565210702344
13755.1	2.0046218210702342
13756.8	1.648890421070234
13758.4	2.2100634210702337
13760.1	2.529422521070234
13761.8	3.055621621070234
13763.4	2.8253804210702342
13765.1	2.5080896210702344
13766.8	1.496887621070234
13768.4	1.073326621070234
13770.1	0.2894141210702338
13771.8	0.703404621070234
13773.4	1.0553733210702338
13775.1	1.7503677210702342
13776.8	1.8466731210702343
13778.4	1.629722221070234
13780.1	0.550199221070234
13781.8	0.1075582210702339
13783.4	-0.3277207789297659
13785.1	-0.1409587789297661
13786.8	-0.0258909789297657
13788.4	0.5420392210702341
13790.1	0.5701272210702341
13791.8	0.5267922210702339
13793.4	0.2087312210702342
13795.1	0.4444892210702338
13796.8	0.5995302210702338
13798.5	0.885513221070234
13800.1	0.6510308210702339
13801.8	0.8092007110702341
13803.5	0.557691821070234
13805.1	0.2505492210702341
13806.8	-0.319406778929766
13808.5	-0.443513378929766
13810.1	-0.6202761789297659
13811.8	-0.5253916789297659
13813.5	-0.4659556789297658
13815.1	0.0427340210702341
13816.8	0.4983532210702339
13818.5	0.9488456210702338
13820.1	1.148388021070234
13821.8	1.318924221070234
13823.5	0.582970121070234
13825.1	0.0860396210702341
13826.8	-1.1294591789297657
13828.5	-1.026166678929766
13830.1	-0.6779173789297658
13831.8	0.4732962210702339
13833.5	1.603342921070234
13835.1	2.698292221070234
13836.8	2.510933221070234
13838.5	2.254040221070234
13840.1	0.8716455210702339
13841.8	0.4367519210702341
13843.5	-0.332857778929766
13845.2	-0.105646578929766
13846.8	0.0433972210702338
13848.5	0.719957221070234
13850.2	0.810949221070234
13851.8	1.441860121070234
13853.5	1.6498523210702338
13855.2	2.706951821070234
13856.8	3.2661303210702344
13858.5	3.985302021070234
13860.2	4.160713221070234
13861.8	4.220559221070234
13863.5	3.391681221070234
13865.2	3.517733221070234
13866.8	2.6812841210702336
13868.5	2.580019221070234
13870.2	2.073031121070234
13871.8	1.722281821070234
13873.5	1.204775121070234
13875.2	1.453755321070234
13876.8	1.108224321070234
13878.5	1.843594321070234
13880.2	1.7969582210702342
13881.8	2.296875421070234
13883.5	2.1193630210702343
13885.2	2.526930121070234
13886.8	1.8532846210702336
13888.5	1.9585098210702336
13890.2	1.169970221070234
13891.9	1.0176372210702338
13893.5	0.7008682210702343
13895.2	1.269332221070234
13896.9	1.332374421070234
13898.5	2.006911721070234
13900.2	1.897107821070234
13901.9	2.0292148210702337
13903.5	1.264836021070234
13905.2	0.8062942210702339
13906.9	0.1911002210702339
13908.5	0.4251742210702343
13910.2	0.396158911070234
13911.9	0.5506316210702341
13913.5	0.0563622210702339
13915.2	0.2596242210702339
13916.9	-0.3433392789297659
13918.5	-0.418098478929766
13920.2	-0.4614983789297658
13921.9	0.322778411070234
13923.5	0.6469064710702338
13925.2	1.516905121070234
13926.9	1.423228221070234
13928.5	2.3515481210702345
13930.2	2.3973510210702345
13931.9	2.662531221070234
13933.6	2.277332521070234
13935.2	2.418241621070233
13936.9	1.674920321070234
13938.6	1.3640036210702342
13940.2	0.601332221070234
13941.9	0.604302221070234
13943.6	0.4761570210702341
13945.2	0.7691975210702342
13946.9	0.7656686210702339
13948.6	1.3531517210702342
13950.2	1.254900321070234
13951.9	1.326678221070234
13953.6	1.113502221070234
13955.2	1.4131342210702345
13956.9	1.5613132210702338
13958.6	2.170142221070234
13960.2	2.170177221070234
13961.9	2.3008302210702345
13963.6	1.1711356210702342
13965.2	0.4863112210702344
13966.9	-0.355071778929766
13968.6	0.0312642210702343
13970.2	0.170225221070234
13971.9	0.996446221070234
13973.6	0.954536221070234
13975.2	1.0123512210702343
13976.9	0.0159008210702341
13978.6	-0.418420478929766
13980.3	-0.791280678929766
13981.9	-0.168548278929766
13983.6	0.484366521070234
13985.3	1.546238521070234
13986.9	2.064891221070234
13988.6	2.2855727210702343
13990.3	1.6379579210702342
13991.9	1.396272221070234
13993.6	0.895244221070234
13995.3	1.0840922210702342
13996.9	1.1136955210702342
13998.6	1.059205821070234
14000.3	0.6097661210702341
14001.9	0.5640985210702341
14003.6	-0.0365315789297658
14005.3	0.1769412210702341
14006.9	-0.4986607189297661
14008.6	-0.503973478929766
14010.3	-0.795239318929766
14011.9	-0.1438301789297658
14013.6	0.169945321070234
14015.3	1.423103221070234
14016.9	1.8329393210702345
14018.6	2.5482187210702336
14020.3	1.9717492210702343
14021.9	2.081015221070234
14023.6	1.4867392210702342
14025.3	1.446083121070234
14027.0	0.6646224210702343
14028.6	0.6780745210702339
14030.3	0.428508021070234
14032.0	0.683810721070234
14033.6	0.4795771210702341
14035.3	1.152283321070234
14037.0	1.2709925010702343
14038.6	1.9667146210702344
14040.3	1.7511346210702343
14042.0	1.644782221070234
14043.6	0.962772821070234
14045.3	0.0295629210702339
14047.0	-0.8158937789297658
14048.6	-0.6295987789297659
14050.3	-0.493132778929766
14052.0	0.8007212210702341
14053.6	0.973266521070234
14055.3	1.3444312210702345
14057.0	1.159198321070234
14058.6	1.096035221070234
14060.3	0.8634427210702341
14062.0	0.983417221070234
14063.6	0.4746811210702341
14065.3	0.471544221070234
14067.0	-0.2264101789297661
14068.6	-0.0484997789297659
14070.3	-0.068760678929766
14072.0	0.4617326210702341
14073.7	0.828249221070234
14075.3	1.303762121070234
14077.0	1.3794431210702345
14078.7	1.713359541070234
14080.3	1.319311321070234
14082.0	1.3116778210702342
14083.7	0.718491421070234
14085.3	0.1623478210702338
14087.0	-0.0133037789297659
14088.7	0.4506792210702341
14090.3	0.7703229210702339
14092.0	1.7165910210702342
14093.7	1.8985406210702336
14095.3	1.9014781210702336
14097.0	1.1786948210702342
14098.7	0.5547034210702343
14100.3	-0.2984177789297659
14102.0	-0.6762367789297663
14103.7	-1.1443047789297658
14105.3	-0.4471876789297656
14107.0	-0.0046797789297661
14108.7	0.8432692210702338
14110.3	1.2523052210702343
14112.0	2.046652521070233
14113.7	2.2622054210702336
14115.4	2.011999991070234
14117.0	1.1300965210702345
14118.7	0.5438829110702341
14120.4	-0.4669291789297659
14122.0	-0.477835918929766
14123.7	-0.7727802789297658
14125.4	-0.0985147789297658
14127.0	0.1766482210702341
14128.7	0.3468402210702342
14130.4	0.0236289210702339
14132.0	0.345625601070234
14133.7	0.4498684210702338
14135.4	1.723785221070234
14137.0	1.9436462210702337
14138.7	2.2299524210702337
14140.4	1.2879188010702336
14142.0	0.655009121070234
14143.7	-0.223774778929766
14145.4	-0.115387778929766
14147.0	-0.0168077789297658
14148.7	0.661176221070234
14150.4	0.915609821070234
14152.0	0.866496221070234
14153.7	0.5164872210702341
14155.4	0.6234862210702341
14157.0	0.790325221070234
14158.7	1.437865121070234
14160.4	1.535178021070234
14162.1	1.9600082210702336
14163.7	1.9213312210702336
14165.4	2.0260502210702334
14167.1	1.536016121070234
14168.7	1.4554502210702345
14170.4	1.175255421070234
14172.1	1.0655910210702342
14173.7	0.4565147210702339
14175.4	0.7471732210702341
14177.1	0.5026521210702342
14178.7	1.2196772610702342
14180.4	1.433360521070234
14182.1	2.1580914910702345
14183.7	2.7750182210702348
14185.4	3.203254171070234
14187.1	2.5516872210702344
14188.7	2.4494836210702338
14190.4	1.697659021070234
14192.1	1.751432221070234
14193.7	1.2812172210702342
14195.4	1.7282172210702342
14197.1	1.893564221070234
14198.7	2.436280921070234
14200.4	2.095502221070234
14202.1	2.5656212210702334
14203.7	2.077353621070234
14205.4	1.7059644210702338
14207.1	0.0437761210702341
14208.8	-0.7225303789297661
14210.4	-1.6691408789297664
14212.1	-1.582492878929766
14213.8	-1.268381878929766
14215.4	-0.0219941789297659
14217.1	0.443744521070234
14218.8	0.8208493210702341
14220.4	0.506903221070234
14222.1	1.0455962210702343
14223.8	1.118544221070234
14225.4	1.3990112210702343
14227.1	1.537360621070234
14228.8	1.8326939210702344
14230.4	1.6228233210702343
14232.1	1.374634221070234
14233.8	1.0355706210702338
14235.4	1.131396821070234
14237.1	0.473487621070234
14238.8	0.3484869210702338
14240.4	0.465484221070234
14242.1	1.067311821070234
14243.8	1.563685221070234
14245.4	2.2178313210702343
14247.1	2.4332822210702343
14248.8	3.257454118070234
14250.4	3.192799421070234
14252.1	3.9783222210702336
14253.8	4.322289421070233
14255.5	4.9525901210702346
14257.1	4.9144391210702345
14258.8	5.177746221070235
14260.5	4.673388221070234
14262.1	4.628786821070235
14263.8	3.658564221070234
14265.5	3.331424121070234
14267.1	2.321936221070234
14268.8	1.497193221070234
14270.5	0.7196510210702338
14272.1	0.393376221070234
14273.8	-0.138500778929766
14275.5	0.3606662210702342
14277.1	0.5772732210702343
14278.8	1.674320221070234
14280.5	2.3191322210702348
14282.1	3.269826221070234
14283.8	3.8136562210702336
14285.5	4.017621221070234
14287.1	3.430625221070234
14288.8	3.028621221070234
14290.5	2.1727962210702345
14292.1	2.3141042210702336
14293.8	2.047141721070234
14295.5	2.4725259410702343
14297.2	2.1964627210702345
14298.8	1.561551221070234
14300.5	0.7654622210702339
14302.2	0.290034621070234
14303.8	-0.469474178929766
14305.5	-0.2011270789297659
14307.2	-0.2203387789297657
14308.8	0.3234892210702339
14310.5	0.4825601210702341
14312.2	1.0967257210702344
14313.8	1.214468321070234
14315.5	1.511615721070234
14317.2	0.7567374110702343
14318.8	0.6618926210702343
14320.5	0.3489888210702342
14322.2	0.648861521070234
14323.8	0.6870273210702338
14325.5	1.345094221070234
14327.2	1.388585621070234
14328.8	2.145905221070234
14330.5	1.8751192210702343
14332.2	2.2551802210702343
14333.8	2.126976221070234
14335.5	2.162713721070234
14337.2	1.568581221070234
14338.8	1.289906121070234
14340.5	0.7512484210702338
14342.2	1.131120221070234
14343.9	1.0863972210702342
14345.5	1.7850632210702344
14347.2	2.114351521070234
14348.9	2.2159544210702338
14350.5	1.563404221070234
14352.2	1.209999291070234
14353.9	0.8331372210702341
14355.5	1.1588652210702342
14357.2	1.2484662210702342
14358.9	1.648258221070234
14360.5	1.7049642210702338
14362.2	1.7287482210702343
14363.9	1.3309852210702338
14365.5	2.006732221070234
14367.2	2.273231221070234
14368.9	2.994243321070234
14370.5	3.161910221070234
14372.2	3.161214221070234
14373.9	2.5104552210702336
14375.5	1.887219321070234
14377.2	0.4811405210702338
14378.9	0.2686762210702341
14380.5	-0.0356367089297661
14382.2	0.5824716210702341
14383.9	0.734716821070234
14385.5	1.220497221070234
14387.2	1.332136621070234
14388.9	1.9775718210702344
14390.6	2.222426821070234
14392.2	2.900728221070234
14393.9	3.0004059210702345
14395.6	2.9410965210702344
14397.2	1.8046363210702336
14398.9	1.397449121070234
14400.6	0.7096484910702341
14402.2	0.5783837010702338
14403.9	0.244289421070234
14405.6	-0.041653778929766
14407.2	-0.2385509789297661
14408.9	0.2192697210702339
14410.6	0.576528221070234
14412.2	1.5722202210702343
14413.9	2.288124221070234
14415.6	2.692352221070234
14417.2	2.3666382210702337
14418.9	1.8300232210702336
14420.6	0.961861821070234
14422.2	0.589258521070234
14423.9	0.6124862210702341
14425.6	1.068483121070234
14427.2	1.297353321070234
14428.9	1.5671652210702345
14430.6	1.145531221070234
14432.2	0.694690221070234
14433.9	-0.1902597789297661
14435.6	-0.5765427789297662
14437.3	-0.7951641789297657
14438.9	-0.2756586789297661
14440.6	0.238551221070234
14442.3	1.206497221070234
14443.9	1.8872232210702344
14445.6	2.7269976210702342
14447.3	2.465843141070234
14448.9	2.060487221070234
14450.6	1.313602111070234
14452.3	0.948463221070234
14453.9	0.3359781910702342
14455.6	0.4686916210702342
14457.3	0.4841310210702339
14458.9	0.9159332210702342
14460.6	0.7423178210702341
14462.3	0.7942722210702338
14463.9	0.1597742210702342
14465.6	0.3686383210702342
14467.3	0.4582283710702339
14468.9	0.8839582210702339
14470.6	1.248741421070234
14472.3	2.033436221070234
14473.9	2.448201221070234
14475.6	3.1210642210702337
14477.3	2.948080921070234
14479.0	2.649860021070234
14480.6	2.0583650210702342
14482.3	1.5582765210702338
14484.0	1.3720322210702336
14485.6	1.785328221070234
14487.3	2.5396432210702344
14489.0	3.3111332210702344
14490.6	2.983581221070234
14492.3	2.4792008210702337
14494.0	1.530640221070234
14495.6	0.9106152210702338
14497.3	0.5086878210702338
14499.0	0.785203221070234
14500.6	1.015379321070234
14502.3	2.020563821070234
14504.0	2.456745321070234
14505.6	2.7925250210702344
14507.3	2.606088921070234
14509.0	2.518300221070234
14510.6	1.802881221070234
14512.3	1.9425983210702344
14514.0	1.5829392210702338
14515.6	1.484371221070234
14517.3	0.749495221070234
14519.0	0.199745721070234
14520.6	-0.7585063789297658
14522.3	-0.8206601789297661
14524.0	-0.7215820789297658
14525.7	0.0757466310702339
14527.3	0.490321521070234
14529.0	1.089636021070234
14530.7	0.7128585210702341
14532.3	0.6435567910702339
14534.0	0.1314430000702339
14535.7	0.2128654210702341
14537.3	0.4076267210702339
14539.0	1.0257827210702342
14540.7	0.990458521070234
14542.3	1.629157221070234
14544.0	1.0718738210702343
14545.7	0.882294921070234
14547.3	0.5347072210702342
14549.0	1.2660102210702342
14550.7	1.4262246210702345
14552.3	2.0988014210702337
14554.0	1.8867497210702344
14555.7	2.2305035210702338
14557.3	1.743536521070234
14559.0	1.758472021070234
14560.7	1.569804221070234
14562.3	2.3004410210702337
14564.0	2.527934521070234
14565.7	3.124319821070234
14567.3	3.1551083210702338
14569.0	3.1494132210702337
14570.7	2.414980621070234
14572.4	1.7401843430702342
14574.0	0.793348921070234
14575.7	0.5602152210702338
14577.4	0.2808173410702342
14579.0	0.628325221070234
14580.7	0.3167812210702342
14582.4	0.2384602210702338
14584.0	-0.4914047789297659
14585.7	-0.4247753789297659
14587.4	-0.6272522789297661
14589.0	0.1723541210702341
14590.7	0.5111902210702339
14592.4	0.805829221070234
14594.0	0.3748902210702338
14595.7	-0.0399124789297658
14597.4	-1.083624278929766
14599.0	-1.268685978929766
14600.7	-1.482836078929766
14602.4	-0.608472878929766
14604.0	0.3674472210702342
14605.7	1.036203221070234
14607.4	1.443513521070234
14609.0	1.8809476210702336
14610.7	1.747072221070234
14612.4	2.2262382210702336
14614.0	2.1157219210702345
14615.7	2.4205442210702337
14617.4	2.458261221070234
14619.1	2.243957221070234
14620.7	1.605766921070234
14622.4	1.5785533210702338
14624.1	1.059325221070234
14625.7	1.0724072210702342
14627.4	0.3154955210702341
14629.1	-0.0541277789297661
14630.7	-0.555152278929766
14632.4	-0.3873019789297659
14634.1	-0.4730958789297661
14635.7	0.067860921070234
14637.4	0.6337615210702339
14639.1	1.293973921070234
14640.7	1.5391729610702345
14642.4	2.451793421070234
14644.1	2.522743221070234
14645.7	3.1356846210702343
14647.4	3.390007381070234
14649.1	3.8961990210702337
14650.7	4.448301021070234
14652.4	4.699395221070233
14654.1	4.176280521070234
14655.7	3.5348352210702343
14657.4	2.0529492210702345
14659.1	1.169988121070234
14660.8	0.284963045070234
14662.4	0.4567516210702338
14664.1	0.737599821070234
14665.8	1.0137636210702343
14667.4	1.293279421070234
14669.1	1.854615721070234
14670.8	1.7011028210702337
14672.4	2.264900221070234
14674.1	2.0597972210702333
14675.8	2.1735952210702343
14677.4	2.050507221070234
14679.1	2.079907221070234
14680.8	2.0389063210702343
14682.4	2.650823821070233
14684.1	2.388420021070234
14685.8	2.438659901070234
14687.4	1.802696221070234
14689.1	1.406407221070234
14690.8	1.027568221070234
14692.4	1.139580321070234
14694.1	0.8303922210702339
14695.8	0.9315161210702344
14697.4	0.668679221070234
14699.1	0.509675221070234
14700.8	0.1933432210702341
14702.4	0.6853802210702338
14704.1	0.975816821070234
14705.8	2.1563532210702343
14707.5	2.325616221070234
14709.1	2.368273221070233
14710.8	1.977603221070234
14712.5	1.232821221070234
14714.1	0.3265164210702337
14715.8	0.3803630210702339
14717.5	0.091759221070234
14719.1	0.6492684210702337
14720.8	0.7351589210702342
14722.5	0.7478662210702343
14724.1	0.5661802210702342
14725.8	0.304456871070234
14727.5	0.1012042210702341
14729.1	0.648373521070234
14730.8	0.936107521070234
14732.5	1.5112572210702342
14734.1	2.031054321070234
14735.8	2.342479321070234
14737.5	1.995996221070234
14739.1	1.292708221070234
14740.8	0.1579677210702341
14742.5	-0.5710937789297654
14744.1	-1.3856098789297662
14745.8	-1.528933778929766
14747.5	-1.4425647789297655
14749.1	-1.146041778929766
14750.8	-0.9083919789297664
14752.5	-0.2752659789297659
14754.2	0.0137118210702339
14755.8	1.0959318210702338
14757.5	1.5987202210702345
14759.2	2.0640721210702337
14760.8	1.7779152210702345
14762.5	1.104090621070234
14764.2	-0.0085175789297657
14765.8	-0.1953407789297658
14767.5	-0.5887497789297658
14769.2	-0.0928297789297658
14770.8	0.149890221070234
14772.5	1.155221221070234
14774.2	1.745601721070234
14775.8	2.5347403210702337
14777.5	2.7797921210702343
14779.2	3.1921994210702342
14780.8	2.8588215110702344
14782.5	2.824989621070234
14784.2	1.799438221070234
14785.8	1.532739121070234
14787.5	0.7446426210702338
14789.2	0.6768041010702339
14790.8	0.5281036210702343
14792.5	1.139763221070234
14794.2	1.064795221070234
14795.8	1.3784572210702342
14797.5	1.2800083210702344
14799.2	1.8266982210702336
14800.9	1.6307681210702338
14802.5	1.622401921070234
14804.2	0.942629221070234
14805.9	0.4419142210702343
14807.5	-0.4431147789297666
14809.2	-0.6390157789297659
14810.9	-0.4150657789297655
14812.5	0.585338821070234
14814.2	0.992618821070234
14815.9	1.262933021070234
14817.5	1.0990062210702345
14819.2	1.2359902210702338
14820.9	1.110244221070234
14822.5	1.5557832210702336
14824.2	1.633261221070234
14825.9	1.564774221070234
14827.5	0.915723221070234
14829.2	0.680468221070234
14830.9	0.419760721070234
14832.5	0.778291221070234
14834.2	1.000917221070234
14835.9	1.3941942210702345
14837.5	1.2633862210702342
14839.2	1.039656221070234
14840.9	0.2316132210702339
14842.6	0.198925221070234
14844.2	0.145902221070234
14845.9	0.7390652210702339
14847.6	0.964791221070234
14849.2	1.852816721070234
14850.9	2.0548502210702337
14852.6	2.856046621070233
14854.2	2.3989332210702337
14855.9	2.475428221070234
14857.6	1.905004221070234
14859.2	2.3465277110702343
14860.9	2.161862621070234
14862.6	2.4780964710702342
14864.2	2.046781821070234
14865.9	2.8342222210702337
14867.6	2.570569321070234
14869.2	3.041385421070234
14870.9	2.9984773210702342
14872.6	3.4038517210702337
14874.2	2.5705302210702343
14875.9	2.0071299210702342
14877.6	1.0884904210702342
14879.2	1.3429592210702344
14880.9	1.5611872610702342
14882.6	2.619591321070234
14884.2	2.872992221070234
14885.9	3.5484609210702347
14887.6	2.991065521070234
14889.3	2.706907221070234
14890.9	2.1396963210702338
14892.6	2.072197221070234
14894.3	1.8350331210702344
14895.9	2.370834221070234
14897.6	2.2483304310702343
14899.3	2.146718021070234
14900.9	2.0054209210702343
14902.6	2.4790718210702343
14904.3	2.746855421070234
14905.9	3.234353121070234
14907.6	3.3143072210702345
14909.3	3.2266156210702333
14910.9	2.530456221070234
14912.6	1.723899021070234
14914.3	0.967567721070234
14915.9	0.977785721070234
14917.6	1.383772921070234
14919.3	1.5528796810702343
14920.9	1.5614037510702343
14922.6	1.7730005210702338
14924.3	1.687620821070234
14925.9	1.744907221070234
14927.6	1.129923421070234
14929.3	1.090447321070234
14930.9	1.0475882210702343
14932.6	1.3211352210702338
14934.3	1.312487221070234
14936.0	1.586370221070234
14937.6	1.466574621070234
14939.3	1.9690800210702344
14941.0	1.653550221070234
14942.6	2.0500559210702343
14944.3	2.2939742210702345
14946.0	2.491765521070234
14947.6	2.045125821070234
14949.3	1.7543785210702336
14951.0	0.9143529910702342
14952.6	1.283216721070234
14954.3	1.361067621070234
14956.0	1.425478021070234
14957.6	1.390671481070234
14959.3	1.5171488210702335
14961.0	1.131177221070234
14962.6	1.535854821070234
14964.3	1.471902421070234
14966.0	2.004874921070234
14967.6	1.7559655210702343
14969.3	1.7065772000702342
14971.0	1.350374221070234
14972.6	1.694192221070234
14974.3	1.779457521070234
14976.0	2.287099121070234
14977.6	2.033946621070234
14979.3	1.979530021070234
14981.0	1.480119221070234
14982.7	1.188801221070234
14984.3	0.9267445210702338
14986.0	1.100870621070234
14987.7	0.7892576210702341
14989.3	0.8688509210702339
14991.0	0.4914744210702341
14992.7	0.4707445210702342
14994.3	0.725409221070234
14996.0	1.224278221070234
14997.7	1.225920721070234
14999.3	1.6130836210702342
15001.0	1.168864021070234
15002.7	1.310657321070234
15004.3	0.980932921070234
15006.0	0.988650721070234
15007.7	1.073326021070234
15009.3	1.4628844010702342
15011.0	1.6308008710702342
15012.7	2.2890701210702344
15014.3	2.1940422210702337
15016.0	2.3895582210702337
15017.7	1.5208582210702335
15019.3	0.7254312210702336
15021.0	-0.3396997789297662
15022.7	-1.006350778929766
15024.4	-1.5527377789297665
15026.0	-1.262826778929766
15027.7	-1.277432878929766
15029.4	-0.3430678789297657
15031.0	0.294695021070234
15032.7	1.4837365210702338
15034.4	2.022692121070234
15036.0	2.5046997210702338
15037.7	2.6838995210702343
15039.4	2.772907021070234
15041.0	2.5628239210702333
15042.7	2.710535821070234
15044.4	2.263156321070234
15046.0	2.009723321070234
15047.7	1.260006621070234
15049.4	0.7444072210702342
15051.0	0.4602593610702339
15052.7	0.5568622210702341
15054.4	0.5236313310702339
15056.0	1.4682804210702345
15057.7	1.695636821070234
15059.4	2.437541431070234
15061.0	2.782313421070234
15062.7	3.333478121070234
15064.4	3.027099021070234
15066.0	2.9095450210702345
15067.7	1.749022421070234
15069.4	1.3220936210702336
15071.1	0.524509221070234
15072.7	0.5337042210702337
15074.4	0.562440721070234
15076.1	1.230065221070234
15077.7	1.192927221070234
15079.4	1.114298221070234
15081.1	0.7586122210702343
15082.7	0.8875043210702339
15084.4	1.179736221070234
15086.1	2.020356221070234
15087.7	2.149346721070234
15089.4	2.055695221070234
15091.1	0.9991695090702338
15092.7	-0.314049778929766
15094.4	-1.3642437789297657
15096.1	-1.505357778929766
15097.7	-1.035938078929766
15099.4	0.4651672210702342
15101.1	2.050480221070234
15102.7	3.556786221070234
15104.4	4.517707821070235
15106.1	5.0356758210702335
15107.7	4.789192221070233
15109.4	4.196130421070234
15111.1	3.020385511070234
15112.7	1.9236587210702336
15114.4	0.8096053210702341
15116.1	0.0321746210702339
15117.8	-0.5159370789297661
15119.4	-0.3264172789297657
15121.1	-0.1683145789297662
15122.8	0.1263795210702343
15124.4	0.1123982210702341
15126.1	0.3266810210702339
15127.8	0.2573212210702342
15129.4	0.4638454210702339
15131.1	0.8744187210702339
15132.8	1.6880250210702343
15134.4	2.232240221070234
15136.1	2.635375381070234
15137.8	2.046643921070234
15139.4	1.7888417210702343
15141.1	1.216449721070234
15142.8	1.202008121070234
15144.4	1.0498664210702342
15146.1	1.259282221070234
15147.8	1.177462221070234
15149.4	1.454631701070234
15151.1	1.116528221070234
15152.8	1.5946750210702338
15154.4	1.8843492210702335
15156.1	2.9130135210702344
15157.8	3.4025642210702345
15159.4	3.8386016210702336
15161.1	3.6910134210702337
15162.8	3.5294652210702337
15164.5	2.858891221070234
15166.1	2.6691278210702345
15167.8	2.0992875210702344
15169.5	2.031475221070234
15171.1	1.615104921070234
15172.8	1.383503221070234
15174.5	1.0349652210702345
15176.1	1.1856808210702336
15177.8	1.263248721070234
15179.5	1.7849172210702338
15181.1	1.395672521070234
15182.8	0.9131557210702343
15184.5	0.0817712210702338
15186.1	-0.2855941689297659
15187.8	-0.639678478929766
15189.5	-0.0938448789297657
15191.1	0.3349926210702341
15192.8	1.6288642210702338
15194.5	2.390626321070234
15196.1	2.948323221070234
15197.8	3.2684402210702346
15199.5	3.241141521070234
15201.1	2.136216421070234
15202.8	1.7098662210702344
15204.5	0.7247122210702341
15206.2	0.969243221070234
15207.8	1.193355541070234
15209.5	1.2250449310702345
15211.2	1.9505564210702344
15212.8	2.7355062210702337
15214.5	2.9947726210702337
15216.2	3.877289621070234
15217.8	3.738451221070233
15219.5	3.585492421070234
15221.2	2.9102480210702337
15222.8	1.8659699810702344
15224.5	1.6194642210702344
15226.2	2.127506721070234
15227.8	2.4851171210702345
15229.5	3.2972140510702346
15231.2	3.3429902210702336
15232.8	3.511504321070235
15234.5	3.058849721070234
15236.2	2.832984021070234
15237.8	2.2375916210702345
15239.5	1.5054094210702342
15241.2	0.4912832210702341
15242.8	-0.0338843789297658
15244.5	-0.4561729789297658
15246.2	0.2441287210702342
15247.8	0.4646362210702339
15249.5	1.550995521070234
15251.2	2.325646721070234
15252.9	2.907479221070234
15254.5	3.0114502210702345
15256.2	3.121721221070234
15257.9	2.5286742210702338
15259.5	2.324323221070234
15261.2	1.6260973210702343
15262.9	1.3112842210702342
15264.5	0.5709056210702339
15266.2	0.2720742210702339
15267.9	-0.3161137789297661
15269.5	0.091516321070234
15271.2	1.4177470210702343
15272.9	3.267141021070234
15274.5	4.816470221070235
15276.2	5.125154221070234
15277.9	4.0515092210702335
15279.5	2.554395221070234
15281.2	0.2816255210702339
15282.9	-0.972560578929766
15284.5	-1.393907778929766
15286.2	-0.7103327789297661
15287.9	0.0260762210702337
15289.5	0.7171422210702341
15291.2	1.4649262210702338
15292.9	2.265063221070234
15294.5	2.6288172210702334
15296.2	2.819627221070234
15297.9	2.2001823210702343
15299.6	1.964796021070234
15301.2	1.1013344710702342
15302.9	0.4966748210702341
15304.6	0.3005779510702341
15306.2	0.4687161210702341
15307.9	1.021724791070234
15309.6	1.8468203210702336
15311.2	2.166894421070234
15312.9	2.7810656210702343
15314.6	2.620449421070234
15316.2	2.401381521070234
15317.9	1.502896921070234
15319.6	1.460319921070234
15321.2	1.4138918210702345
15322.9	2.122787121070234
15324.6	2.361988221070234
15326.2	2.755830221070234
15327.9	2.2931652210702342
15329.6	2.052372221070234
15331.2	1.1293182210702342
15332.9	1.289836221070234
15334.6	1.561616221070234
15336.2	2.6985162210702343
15337.9	3.658654221070235
15339.6	4.346199121070233
15341.2	4.258232221070234
15342.9	4.124959021070234
15344.6	3.5108333210702343
15346.3	3.2036801210702337
15347.9	2.781953721070234
15349.6	2.6107712210702343
15351.3	2.1926142210702344
15352.9	1.620514221070234
15354.6	0.650170221070234
15356.3	0.177930321070234
15357.9	-0.4686535789297663
15359.6	-0.6542874389297658
15361.3	-0.5708962789297659
15362.9	0.483244921070234
15364.6	1.400949721070234
15366.3	2.7057380210702338
15367.9	3.085000021070233
15369.6	3.5234189210702347
15371.3	2.9616353080702345
15372.9	2.213199731070234
15374.6	1.265424491070234
15376.3	1.0538492210702342
15377.9	1.2625176210702342
15379.6	2.131294821070234
15381.3	2.8248393210702343
15382.9	2.8212869210702345
15384.6	2.037772721070234
15386.3	1.154670221070234
15388.0	0.0522854960702339
15389.6	-0.530711078929766
15391.3	-0.5571387789297659
15393.0	-0.4283292789297658
15394.6	-0.1284747089297659
15396.3	0.2439732210702341
15398.0	0.4102697210702338
15399.6	1.274059531070234
15401.3	1.7429140210702343
15403.0	2.037178821070234
15404.6	2.254389721070234
15406.3	2.548295321070234
15408.0	2.076162221070234
15409.6	1.817403221070234
15411.3	1.1158507210702342
15413.0	0.7583642210702342
15414.6	0.3887862210702339
15416.3	0.5403683210702341
15418.0	0.4525446910702339
15419.6	0.8424652210702339
15421.3	0.6521122210702339
15423.0	1.1050692210702344
15424.6	1.417219221070234
15426.3	2.0513232210702346
15428.0	2.169146621070234
15429.6	2.5624522210702336
15431.3	2.473299221070234
15433.0	2.729153221070234
15434.7	2.4508452210702343
15436.3	3.0045592210702337
15438.0	2.792017221070234
15439.7	2.534244721070235
15441.3	2.308198621070234
15443.0	2.598721421070234
15444.7	2.9811285210702345
15446.3	3.6435996210702335
15448.0	3.4322356210702347
15449.7	3.5116147810702345
15451.3	2.5663722210702344
15453.0	1.633653921070234
15454.7	0.904433221070234
15456.3	0.9449462210702344
15458.0	1.2528953210702338
15459.7	1.849616271070234
15461.3	2.131912521070234
15463.0	2.598285721070234
15464.7	2.6424815210702333
15466.3	2.8982478210702345
15468.0	3.019601609070234
15469.7	3.291071221070234
15471.3	3.159077421070234
15473.0	2.633521231070234
15474.7	1.8496212210702336
15476.3	1.1030138210702338
15478.0	0.3608527210702338
15479.7	0.3265713110702338
15481.4	0.3944342210702342
15483.0	0.6954077210702339
15484.7	0.4698923210702343
15486.4	0.5001613210702341
15488.0	-0.1086881789297659
15489.7	-0.3123984789297657
15491.4	-0.7961162789297658
15493.0	-1.0424683789297655
15494.7	-1.328750658929766
15496.4	-0.8356115789297665
15498.0	-0.8298553789297658
15499.7	0.431516221070234
15501.4	0.5426322210702343
15503.0	0.667672221070234
15504.7	-0.2121487789297658
15506.4	-0.8337087789297657
15508.0	-1.0882872789297655
15509.7	-0.4912897789297659
15511.4	-0.071329278929766
15513.0	1.7085748210702338
15514.7	2.502648491070234
15516.4	2.860170021070234
15518.0	2.100223721070234
15519.7	1.0988155210702335
15521.4	0.0260706210702341
15523.0	-0.5660013789297659
15524.7	-0.997678578929766
15526.4	-0.2067444789297658
15528.1	0.286087301070234
15529.7	0.7213269210702342
15531.4	0.0428294210702338
15533.1	-0.1673399789297659
15534.7	-0.504156778929766
15536.4	-0.7129248789297657
15538.1	-0.7793261789297657
15539.7	0.0175328210702341
15541.4	0.3738260210702341
15543.1	1.7235552210702338
15544.7	2.5101952210702336
15546.4	3.6323342210702334
15548.1	3.862586721070234
15549.7	3.592310221070234
15551.4	2.508022621070234
15553.1	2.4734808210702344
15554.7	2.462549821070234
15556.4	2.601736221070234
15558.1	2.451892221070234
15559.7	2.4025662210702348
15561.4	1.7743066210702334
15563.1	1.293541521070234
15564.7	0.8455893210702344
15566.4	0.7012128210702341
15568.1	0.7195490210702339
15569.8	1.173451121070234
15571.4	1.237840221070234
15573.1	1.554253221070234
15574.8	0.997948221070234
15576.4	-0.2838585789297658
15578.1	-1.1962697789297665
15579.8	-1.7684954789297656
15581.4	-2.036234346929766
15583.1	-0.8527003789297657
15584.8	0.0327710210702338
15586.4	0.8598599210702342
15588.1	1.2775561210702344
15589.8	1.4964932210702335
15591.4	1.7800050210702338
15593.1	2.606565221070234
15594.8	2.893051221070234
15596.4	3.374357621070234
15598.1	3.4330866010702343
15599.8	3.5549652210702347
15601.4	3.666169221070235
15603.1	4.527878221070234
15604.8	4.7415702210702335
15606.4	5.333382621070234
15608.1	4.994522221070234
15609.8	4.517461721070234
15611.4	3.2308752210702343
15613.1	2.578091221070234
15614.8	1.817401221070234
15616.5	2.116192221070233
15618.1	2.0292011210702343
15619.8	2.278792121070234
15621.5	1.780939821070234
15623.1	1.5915442210702342
15624.8	1.464625021070234
15626.5	2.044269521070233
15628.1	2.818237221070235
15629.8	3.968409921070235
15631.5	4.208451221070233
15633.1	4.181126221070234
15634.8	3.3650860210702342
15636.5	2.290880221070234
15638.1	1.253164921070234
15639.8	0.4733666310702341
15641.5	-0.0819137789297657
15643.1	0.1474852210702336
15644.8	0.7000936210702343
15646.5	2.284277521070234
15648.1	3.240681221070234
15649.8	4.334327521070234
15651.5	4.832197221070233
15653.1	4.881288221070234
15654.8	4.292775221070234
15656.5	3.614391221070234
15658.1	2.3137322210702336
15659.8	1.731270221070234
15661.5	0.492129221070234
15663.2	0.1445199210702336
15664.8	0.3489760210702338
15666.5	0.911117721070234
15668.2	1.415466421070234
15669.8	2.1035766210702342
15671.5	1.9007789210702333
15673.2	2.343216821070234
15674.8	1.998597281070234
15676.5	1.351890221070234
15678.2	0.4668172210702344
15679.8	-0.8111317789297658
15681.5	-1.7505166789297657
15683.2	-1.608601578929766
15684.8	-1.412926078929766
15686.5	0.2914619210702343
15688.2	1.441775221070234
15689.8	2.468210221070234
15691.5	2.634343321070234
15693.2	2.3165156210702342
15694.8	2.183704321070234
15696.5	2.405866221070234
15698.2	2.718192221070234
15699.8	3.6086842210702335
15701.5	3.129699021070234
15703.2	3.0872240210702344
15704.8	2.208959741070234
15706.5	1.713380321070234
15708.2	1.376943221070234
15709.9	1.518304421070234
15711.5	1.783074221070234
15713.2	2.825639221070234
15714.9	2.806064121070234
15716.5	3.5414454210702337
15718.2	3.2743866210702337
15719.9	3.2937248210702337
15721.5	2.7513642210702343
15723.2	2.469397221070234
15724.9	1.889039221070234
15726.5	1.7914508210702345
15728.2	1.105576221070234
15729.9	1.001451621070234
15731.5	0.1102454210702342
15733.2	-0.3663797789297659
15734.9	-1.0287937789297656
15736.5	-0.894211778929766
15738.2	-0.4307259789297656
15739.9	0.2558142210702337
15741.5	0.4946132210702334
15743.2	0.8978542210702347
15744.9	0.5069242210702339
15746.5	0.1096102210702341
15748.2	0.0576012210702341
15749.9	0.5187192210702343
15751.6	0.960944921070234
15753.2	1.7537152210702345
15754.9	1.791050221070234
15756.6	2.2973102210702345
15758.2	2.646338221070234
15759.9	2.679701221070234
15761.6	2.3084782210702337
15763.2	2.149825221070234
15764.9	1.3817126210702335
15766.6	1.265220221070234
15768.2	0.8529872210702338
15769.9	1.643508221070234
15771.6	2.3193478210702336
15773.2	3.8020711210702336
15774.9	3.688356521070234
15776.6	3.4077698210702336
15778.2	1.5832565210702338
15779.9	0.1159493210702338
15781.6	-1.386414678929766
15783.2	-1.274535178929766
15784.9	-0.527308678929766
15786.6	1.2146596210702338
15788.2	1.744746221070234
15789.9	1.9116242210702337
15791.6	0.7077792210702339
15793.2	-0.048970378929766
15794.9	-1.099769778929766
15796.6	-1.392697578929766
15798.3	-1.229084478929766
15799.9	-0.4171658789297662
15801.6	0.281273021070234
15803.3	0.942512221070234
15804.9	0.758798221070234
15806.6	1.1030872210702338
15808.3	0.649550821070234
15809.9	1.044140221070234
15811.6	1.200353221070234
15813.3	2.1261208210702343
15814.9	2.4678266210702344
15816.6	2.869266021070234
15818.3	2.1277562210702343
15819.9	1.7279939210702338
15821.6	0.7044752210702336
15823.3	1.338203221070234
15824.9	1.591138021070234
15826.6	3.106023221070234
15828.3	3.9365052210702345
15829.9	4.385695221070234
15831.6	3.828687221070234
15833.3	2.809012521070234
15834.9	0.661305021070234
15836.6	0.014237921070234
15838.3	-0.9271180789297656
15839.9	-0.4953072789297659
15841.6	0.754247221070234
15843.3	2.0499412210702337
15845.0	3.086384221070234
15846.6	4.001993521070235
15848.3	3.702754221070234
15850.0	4.173068221070233
15851.6	4.163625221070234
15853.3	4.181709221070234
15855.0	3.697715921070234
15856.6	2.537906221070234
15858.3	0.5284052210702338
15860.0	-0.3513277789297658
15861.6	-1.1903660789297663
15863.3	-0.975270378929766
15865.0	-0.854485028929766
15866.6	-0.5225192789297658
15868.3	-0.4564007789297661
15870.0	-0.2888598789297664
15871.6	-0.6977434789297658
15873.3	-0.1467507789297661
15875.0	-0.0243597789297658
15876.6	0.6303272210702341
15878.3	0.3178732210702339
15880.0	-0.015101778929766
15881.6	-1.0468390689297655
15883.3	-2.1186477789297657
15885.0	-3.652701778929765
15886.6	-4.104834778929765
15888.3	-4.051537308929767
15890.0	-2.206185718929766
15891.7	-0.6756017789297657
15893.3	1.3123638210702342
15895.0	1.9799763210702344
15896.7	2.414850021070234
15898.3	1.8155963210702344
15900.0	1.3951216710702343
15901.7	0.9290842210702344
15903.3	1.547096221070234
15905.0	1.7497692210702342
15906.7	2.5306496210702343
15908.3	2.012517221070234
15910.0	1.5230452210702343
15911.7	0.4826792210702342
15913.3	-0.0123025789297658
15915.0	-0.6541137789297657
15916.7	0.0557792210702338
15918.3	0.0524960210702338
15920.0	0.798609921070234
15921.7	1.0097652210702344
15923.3	1.464127221070234
15925.0	1.4912542210702342
15926.7	2.0237672210702344
15928.3	1.450836121070234
15930.0	1.7802712210702338
15931.7	0.1624212210702339
15933.4	-1.112095178929766
15935.0	-2.569223478929766
15936.7	-3.077832378929766
15938.4	-2.9480887789297663
15940.0	-1.3686863789297656
15941.7	-0.5598637789297662
15943.4	1.0199720810702342
15945.0	1.0600827210702342
15946.7	1.3813087210702342
15948.4	1.3485373210702345
15950.0	1.3986164210702343
15951.7	0.8748723210702337
15953.4	0.5672142210702343
15955.0	-0.1715447789297655
15956.7	-0.6389107789297659
15958.4	-0.7675800789297659
15960.0	0.2158553410702341
15961.7	1.021680421070234
15963.4	2.2924693210702345
15965.0	3.0869291210702343
15966.7	3.720432721070234
15968.4	3.159978851070234
15970.0	2.1989615210702342
15971.7	1.121521121070234
15973.4	0.5664472210702337
15975.0	-0.0811155789297659
15976.7	0.1669757210702341
15978.4	-0.1630387789297659
15980.1	0.207909221070234
15981.7	0.0378664210702338
15983.4	0.301457121070234
15985.1	1.0188112210702345
15986.7	1.9301052210702336
15988.4	2.3335992210702337
15990.1	3.0956472210702346
15991.7	3.579604221070234
15993.4	4.3404352210702335
15995.1	4.235884021070234
15996.7	4.533589221070234
15998.4	3.714355221070234
16000.1	3.0816256210702337
16001.7	2.305688221070234
16003.4	2.047914921070234
16005.1	1.557966221070234
16006.7	2.3862872210702344
16008.4	1.8433082210702336
16010.1	1.9758722210702335
16011.7	1.2511552210702344
16013.4	1.050385221070234
16015.1	0.8870101210702341
16016.7	2.183911221070234
16018.4	2.828361691070234
16020.1	4.320611921070234
16021.7	4.474641301070234
16023.4	4.859236521070233
16025.1	4.134873221070234
16026.8	4.012246721070234
16028.4	3.146789021070234
16030.1	2.9264869210702344
16031.8	1.9959532210702335
16033.4	1.6794722210702346
16035.1	0.4345652210702339
16036.8	0.9961612210702342
16038.4	1.495299921070235
16040.1	3.374486121070234
16041.8	4.927434521070235
16043.4	6.161430621070234
16045.1	5.945493821070234
16046.8	4.983856521070234
16048.4	2.5728569210702337
16050.1	1.1605030210702345
16051.8	0.3816545210702339
16053.4	0.7608801210702342
16055.1	1.7947564210702338
16056.8	2.931723221070234
16058.4	3.7725182210702335
16060.1	4.457213721070235
16061.8	3.873941221070234
16063.4	3.3133742210702346
16065.1	2.5109082210702347
16066.8	1.711418621070234
16068.4	0.5943338210702341
16070.1	0.0439588210702339
16071.8	-0.1718027789297659
16073.5	0.2409309210702341
16075.1	0.8355678210702342
16076.8	1.5649193210702343
16078.5	1.9730082210702335
16080.1	2.129216221070234
16081.8	0.8068900210702342
16083.5	-0.0370897789297661
16085.1	-0.4864807789297662
16086.8	-0.5211607789297659
16088.5	-0.0370399789297657
16090.1	0.9581411210702342
16091.8	1.263785221070234
16093.5	1.848544221070234
16095.1	1.784608221070234
16096.8	2.4412122210702343
16098.5	3.0117622210702337
16100.1	3.339396221070234
16101.8	2.7134662210702336
16103.5	2.688268221070234
16105.1	1.7673702210702338
16106.8	1.2056872210702338
16108.5	0.4033455210702341
16110.1	0.0146532210702341
16111.8	-0.717687778929766
16113.5	-1.5285373789297658
16115.2	-2.639936778929766
16116.8	-2.4038127789297663
16118.5	-1.9569817789297652
16120.2	-0.7802181789297661
16121.8	-0.1475432789297661
16123.5	0.7356306210702338
16125.2	0.790478721070234
16126.8	0.5500913210702341
16128.5	-0.2049698789297659
16130.2	-0.1722358789297659
16131.8	-0.2717150789297661
16133.5	0.1126513310702341
16135.2	0.1665727210702341
16136.8	0.6408312210702342
16138.5	0.5455432210702339
16140.2	0.3839131210702342
16141.8	0.0949585210702338
16143.5	0.3592652210702341
16145.2	0.2320397210702339
16146.8	0.749597821070234
16148.5	1.664335621070234
16150.2	2.9759916210702344
16151.8	3.7625908210702335
16153.5	3.871047521070234
16155.2	3.261688021070234
16156.8	2.2269343210702344
16158.5	0.5373332210702342
16160.2	-0.295350078929766
16161.9	-0.5166955789297658
16163.5	0.1157424210702338
16165.2	0.4032962210702336
16166.9	0.819500621070234
16168.5	0.8361758210702339
16170.2	0.4913872210702342
16171.9	0.0463242210702338
16173.5	0.0031692210702338
16175.2	-0.3639527789297661
16176.9	-0.0451937789297662
16178.5	0.1450802210702342
16180.2	0.9086692210702338
16181.9	1.1959352210702343
16183.5	1.514057221070234
16185.2	1.736076221070234
16186.9	2.863760221070234
16188.5	3.5938666710702343
16190.2	4.586013221070234
16191.9	4.854761221070234
16193.5	5.185187221070234
16195.2	3.805135221070233
16196.9	2.678378331070234
16198.5	0.909484221070234
16200.2	0.5662882210702344
16201.9	0.1470819210702339
16203.5	0.6592412210702342
16205.2	0.7682185210702344
16206.9	1.0609112210702345
16208.6	0.4315762210702344
16210.2	0.0245883210702338
16211.9	-0.4271083789297661
16213.6	0.516557951070234
16215.2	1.4198597210702346
16216.9	2.394083921070234
16218.6	2.9353587210702345
16220.2	3.221911711070234
16221.9	2.860076221070233
16223.6	2.8891559210702336
16225.2	2.8351667687702347
16226.9	3.049045621070234
16228.6	3.1723275210702333
16230.2	2.708722221070234
16231.9	2.0376372210702334
16233.6	2.2719992210702338
16235.2	2.455368521070234
16236.9	3.395998021070234
16238.6	4.368882221070234
16240.2	4.952835021070234
16241.9	4.913901321070234
16243.6	4.155443221070234
16245.2	2.584442221070234
16246.9	2.055256221070234
16248.6	2.1385072210702343
16250.2	2.9957882210702342
16251.9	3.363701171070234
16253.6	3.762287221070234
16255.3	2.918636221070234
16256.9	1.9099032210702345
16258.6	0.1028709210702342
16260.3	-0.9624537789297656
16261.9	-1.5423637789297655
16263.6	-1.343325778929766
16265.3	-1.493477578929766
16266.9	-1.026316778929766
16268.6	-1.0897837789297655
16270.3	-1.0886497789297658
16271.9	-1.1142398789297665
16273.6	-0.7731517789297659
16275.3	-0.2079697789297659
16276.9	0.337508221070234
16278.6	0.4488782210702343
16280.3	0.904706621070234
16281.9	0.4638962210702343
16283.6	0.0435679210702342
16285.3	-0.6377749489297656
16286.9	-1.367279778929766
16288.6	-1.791492678929766
16290.3	-1.863415778929766
16291.9	-1.8544087789297656
16293.6	-0.5646594389297659
16295.3	0.0364892210702342
16297.0	0.6469392210702342
16298.6	0.924851221070234
16300.3	0.9146098210702338
16302.0	0.8583637210702344
16303.6	1.547806221070234
16305.3	1.894505321070234
16307.0	2.9012947210702342
16308.6	2.771027021070234
16310.3	1.9656842210702343
16312.0	0.8253214210702338
16313.6	0.5275472210702346
16315.3	0.1839102210702339
16317.0	1.042451921070234
16318.6	1.1744482210702338
16320.3	1.7524932210702342
16322.0	1.7098882210702342
16323.6	1.398721221070234
16325.3	0.905211221070234
16327.0	0.8321932210702343
16328.6	0.583898321070234
16330.3	0.892590221070234
16332.0	0.7981242210702341
16333.6	1.865452221070234
16335.3	2.803774221070234
16337.0	3.172255321070234
16338.6	3.132103221070234
16340.3	2.9547092210702344
16342.0	2.262906921070233
16343.7	1.7178828210702342
16345.3	0.8231785210702341
16347.0	0.3202829210702342
16348.7	0.0303042210702337
16350.3	0.5232092210702339
16352.0	1.359406121070234
16353.7	2.586960431070234
16355.3	3.5968594210702336
16357.0	4.183461321070235
16358.7	3.8506902210702334
16360.3	3.1953072210702342
16362.0	2.159133821070234
16363.7	1.5159132210702342
16365.3	1.1188212210702342
16367.0	0.8340602210702339
16368.7	0.585230221070234
16370.3	0.810580221070234
16372.0	0.948624221070234
16373.7	1.169253221070234
16375.3	1.6375632210702342
16377.0	2.668453921070234
16378.7	2.9965323210702346
16380.3	3.073328221070234
16382.0	2.4573612210702342
16383.7	2.0783422210702343
16385.3	1.4574212210702338
16387.0	1.7704732210702343
16388.7	1.832688221070234
16390.4	2.525182221070234
16392.0	2.906774221070234
16393.7	3.2375102210702345
16395.4	2.5594626210702343
16397.0	2.7086235210702343
16398.7	1.9534762210702337
16400.4	1.8768852210702336
16402.0	1.5599070210702335
16403.7	2.0499782210702344
16405.4	1.9890262210702343
16407.0	2.769401221070234
16408.7	2.6999132210702337
16410.4	2.9581568210702343
16412.0	2.538136421070233
16413.7	2.512087521070234
16415.4	2.2300670210702345
16417.0	2.9053603210702343
16418.7	3.3610335210702345
16420.4	4.193394421070234
16422.0	4.283376521070234
16423.7	4.476158821070234
16425.4	3.9036012210702338
16427.0	3.228458221070235
16428.7	2.832447221070234
16430.4	2.630087621070234
16432.0	2.6762646210702337
16433.7	3.061396221070234
16435.4	2.6433040270702337
16437.1	2.682423421070234
16438.7	2.618786551070234
16440.4	2.5973124410702337
16442.1	2.339921221070234
16443.7	2.7965542210702337
16445.4	2.8821388210702343
16447.1	3.133396421070234
16448.7	2.476107221070234
16450.4	2.414168121070234
16452.1	1.8432386210702336
16453.7	2.1087732210702343
16455.4	1.5885703210702338
16457.1	1.3162172210702343
16458.7	0.893523221070234
16460.4	0.8575982210702339
16462.1	0.578634321070234
16463.7	1.0444528210702342
16465.4	0.728949221070234
16467.1	0.736320221070234
16468.7	0.009523221070234
16470.4	-0.164840078929766
16472.1	0.3278197910702339
16473.7	1.5184312210702344
16475.4	3.198124351070234
16477.1	4.314130221070235
16478.8	3.6287252210702334
16480.4	2.6388776210702343
16482.1	0.958845321070234
16483.8	0.285735221070234
16485.4	0.3104952210702342
16487.1	0.6439142210702341
16488.8	1.508069221070234
16490.4	2.291353221070234
16492.1	2.1780632210702344
16493.8	2.611883221070234
16495.4	2.4702992210702344
16497.1	2.645272221070234
16498.8	1.801232221070234
16500.4	1.5774682210702342
16502.1	1.720137221070234
16503.8	2.534555221070234
16505.4	2.9688992210702336
16507.1	3.7257175210702345
16508.8	3.431695221070233
16510.4	3.379250721070234
16512.1	2.3773772210702337
16513.8	2.187638021070234
16515.4	1.9137857710702335
16517.1	2.401489521070234
16518.8	1.9996498210702345
16520.4	2.0695214610702344
16522.1	1.171864521070234
16523.8	0.7613791210702339
16525.5	-0.4215897789297659
16527.1	-0.9679897789297662
16528.8	-0.9740907789297658
16530.5	0.0772072210702338
16532.1	0.6183558210702341
16533.8	1.8952949210702337
16535.5	2.087358021070234
16537.1	2.034659221070234
16538.8	1.5343822210702336
16540.5	0.7518992210702342
16542.1	0.5201232210702338
16543.8	0.6908272210702343
16545.5	0.6289072210702341
16547.1	1.343762221070234
16548.8	2.2348302210702338
16550.5	2.768108621070234
16552.1	3.4703762210702336
16553.8	3.864856221070234
16555.5	3.6459692210702337
16557.1	2.976421221070234
16558.8	2.360449221070234
16560.5	1.443087331070234
16562.1	1.064675821070234
16563.8	1.587060321070234
16565.5	2.139581021070234
16567.1	2.6529102210702336
16568.8	2.389676221070233
16570.5	1.740815921070234
16572.2	1.645749221070234
16573.8	1.7070302210702335
16575.5	1.685225221070234
16577.2	2.3118552210702346
16578.8	1.9635092210702336
16580.5	1.792678221070234
16582.2	1.065646221070234
16583.8	1.606197221070234
16585.5	2.4936392210702336
16587.2	3.585255221070234
16588.8	3.507116221070234
16590.5	3.160972121070234
16592.2	1.458354321070234
16593.8	0.1732102210702343
16595.5	-1.3488027789297663
16597.2	-1.674279778929766
16598.8	-1.1144787789297663
16600.5	-0.1460646789297661
16602.2	0.4288508210702339
16603.8	0.7665533210702341
16605.5	1.029704721070234
16607.2	1.100713921070234
16608.8	0.931408221070234
16610.5	1.030175521070234
16612.2	1.289193821070234
16613.8	1.5313052210702338
16615.5	1.3399476210702344
16617.2	0.630116221070234
16618.9	0.2662958210702341
16620.5	0.533958121070234
16622.2	0.3994765210702342
16623.9	0.501557321070234
16625.5	0.384103221070234
16627.2	0.851575221070234
16628.9	0.7388052210702339
16630.5	1.1618945210702345
16632.2	1.213156021070234
16633.9	1.5728901610702342
16635.5	1.4248801210702335
16637.2	1.4876137210702345
16638.9	1.4032648210702336
16640.5	1.7688632210702342
16642.2	1.696882521070234
16643.9	1.536620221070234
16645.5	0.8362742210702339
16647.2	-0.208848778929766
16648.9	-1.0441517789297663
16650.5	-0.6132007789297655
16652.2	0.5043788210702338
16653.9	1.896877221070234
16655.5	2.840636221070233
16657.2	3.1546112210702337
16658.9	2.709808221070234
16660.6	2.126005221070234
16662.2	1.3783282210702343
16663.9	1.8190012210702335
16665.6	2.280579621070234
16667.2	2.6380742210702337
16668.9	1.773269221070234
16670.6	0.6510301510702341
16672.2	-0.233438678929766
16673.9	-0.0149446789297657
16675.6	0.7189055210702339
16677.2	2.4689936210702337
16678.9	3.613174821070234
16680.6	4.330780821070235
16682.2	3.2225202210702344
16683.9	2.110741221070234
16685.6	1.3451172210702338
16687.2	1.4112452210702338
16688.9	1.086884221070234
16690.6	0.944608221070234
16692.2	0.6360830210702337
16693.9	0.4631482210702338
16695.6	-0.289237718929766
16697.2	0.1888499210702342
16698.9	0.716712221070234
16700.6	1.499941221070234
16702.2	1.9400132210702337
16703.9	1.429009221070234
16705.6	1.3768052210702342
16707.3	1.461485721070234
16708.9	0.8502556210702344
16710.6	0.7938099210702341
16712.3	1.3722089210702344
16713.9	1.9608292210702345
16715.6	3.068751221070234
16717.3	3.820410221070234
16718.9	4.212898221070233
16720.6	4.535129221070234
16722.3	3.8946892210702337
16723.9	3.320546021070234
16725.6	3.275014921070234
16727.3	3.6382952210702335
16728.9	3.826060121070234
16730.6	3.5866688210702344
16732.3	2.8761792210702337
16733.9	2.471929171070234
16735.6	1.8155262210702336
16737.3	1.926474121070234
16738.9	2.247907021070234
16740.6	2.8216520210702343
16742.3	3.1349242210702344
16743.9	3.033278321070234
16745.6	2.140954221070234
16747.3	1.9864725210702336
16748.9	1.260110421070234
16750.6	1.4051775210702335
16752.3	1.8823648210702344
16754.0	2.246580691070234
16755.6	2.650548621070234
16757.3	3.149810221070234
16759.0	2.853549221070234
16760.6	3.1540560210702338
16762.3	2.9298005210702343
16764.0	2.877483721070233
16765.6	2.219894221070234
16767.3	1.803116221070234
16769.0	0.5647782210702342
16770.6	-0.3506647789297658
16772.3	-0.7753837789297657
16774.0	-0.6409447789297656
16775.6	-0.0561747789297662
16777.3	1.384896421070234
16779.0	1.889568721070234
16780.6	3.018808221070234
16782.3	3.2937212210702342
16784.0	3.059369251070234
16785.6	2.5713082210702343
16787.3	2.303710221070234
16789.0	1.8962992210702343
16790.6	1.873943421070234
16792.3	1.7130430210702343
16794.0	2.085082121070234
16795.6	2.472992521070234
16797.3	2.384959121070234
16799.0	1.7125252210702342
16800.7	1.622994221070234
16802.3	1.091954221070234
16804.0	1.204950921070234
16805.7	1.3196289210702343
16807.3	2.0933402210702345
16809.0	2.7536342210702345
16810.7	2.6906002210702344
16812.3	1.8536801210702345
16814.0	1.175922221070234
16815.7	-0.1879563789297661
16817.3	-0.8739702789297661
16819.0	-1.247182778929766
16820.7	-0.6423430089297657
16822.3	-0.291627578929766
16824.0	0.019723581070234
16825.7	0.071281421070234
16827.3	0.591447221070234
16829.0	1.0761502210702338
16830.7	1.8668059210702344
16832.3	2.4005119210702337
16834.0	3.2100392210702338
16835.7	3.239093621070233
16837.3	3.304716221070234
16839.0	2.951862221070234
16840.7	3.116589221070234
16842.4	3.360391221070234
16844.0	3.7106176210702335
16845.7	3.6830312210702343
16847.4	4.424469221070234
16849.0	4.194914421070234
16850.7	3.812304221070234
16852.4	2.828180021070234
16854.0	2.295620621070234
16855.7	1.8057322210702336
16857.4	2.153960221070234
16859.0	1.9847062210702344
16860.7	2.9575602210702336
16862.4	3.072258221070234
16864.0	3.4931672210702347
16865.7	3.044637221070233
16867.4	2.503364221070234
16869.0	1.2331100210702342
16870.7	0.6905392210702346
16872.4	-0.726806778929766
16874.0	-1.3148897789297658
16875.7	-1.7719770789297662
16877.4	-1.195313878929766
16879.0	-0.6281777789297659
16880.7	0.5478943210702342
16882.4	1.1628033210702342
16884.0	2.1997732210702337
16885.7	2.324164221070234
16887.4	1.599842221070234
16889.1	0.8277194210702341
16890.7	0.4096647410702339
16892.4	0.0075958410702339
16894.1	0.049944021070234
16895.7	0.091248721070234
16897.4	0.671927021070234
16899.1	0.977994221070234
16900.7	0.7805377210702339
16902.4	0.1561226210702338
16904.1	-0.8550314789297658
16905.7	-2.2255697589297663
16907.4	-2.395176778929766
16909.1	-2.102163978929766
16910.7	-0.7714105789297658
16912.4	0.6034552210702342
16914.1	1.8887006210702344
16915.7	2.8431142210702345
16917.4	3.5132972210702342
16919.1	3.4104002210702347
16920.7	3.7805400210702342
16922.4	3.532181021070234
16924.1	3.539133121070234
16925.7	3.3231101210702336
16927.4	3.592569621070234
16929.1	4.180877221070235
16930.7	4.397849221070235
16932.4	3.9228702210702338
16934.1	2.877064221070234
16935.8	0.8969314210702339
16937.4	-0.2687597789297662
16939.1	-0.608285478929766
16940.8	-0.0160937789297659
16942.4	1.153942221070234
16944.1	2.4136169210702336
16945.8	2.819208221070234
16947.4	2.526370221070234
16949.1	1.450119321070234
16950.8	1.1381082210702338
16952.4	0.5445622210702341
16954.1	-0.1064577789297659
16955.8	-1.2017177789297655
16957.4	-1.694926078929766
16959.1	-1.449633278929766
16960.8	-0.0869477789297658
16962.4	0.7220092210702338
16964.1	2.0222089210702343
16965.8	2.070954621070234
16967.4	1.454354221070234
16969.1	0.3458162210702339
16970.8	-0.220921378929766
16972.4	0.1032212210702339
16974.1	1.1972462210702342
16975.8	2.0937887210702337
16977.4	3.340168221070234
16979.1	3.4785922210702345
16980.8	2.907125421070233
16982.5	1.2270961210702338
16984.1	-0.8355097789297659
16985.8	-1.700316778929766
16987.5	-1.828029778929766
16989.1	-1.4369913789297657
16990.8	-0.1432186789297662
16992.5	-0.2689947789297656
16994.1	-0.0898312789297655
16995.8	0.1647560210702345
16997.5	0.5379896210702343
16999.1	1.384795421070234
17000.8	2.2445977110702344
17002.5	2.1639752210702343
17004.1	2.2219212210702346
17005.8	1.410340221070234
17007.5	1.386284421070234
17009.1	1.8114712210702335
17010.8	2.9955502210702343
17012.5	3.278007221070234
17014.1	3.1721224210702337
17015.8	2.6287122210702343
17017.5	1.423413321070234
17019.1	-0.1719388789297661
17020.8	-1.1491723789297656
17022.5	-1.4493216789297665
17024.2	-0.7271119789297655
17025.8	-0.167967678929766
17027.5	-0.1276860789297663
17029.2	-0.3580114789297658
17030.8	-0.5188767789297661
17032.5	-1.279211078929766
17034.2	-0.938370190929766
17035.8	-0.0596766789297661
17037.5	1.2814142210702344
17039.2	2.2826503210702342
17040.8	3.482179221070234
17042.5	3.8067762210702334
17044.2	4.560449221070234
17045.8	4.139236321070234
17047.5	4.438955221070233
17049.2	4.326034221070234
17050.8	4.495789221070234
17052.5	4.367895221070234
17054.2	4.335160221070234
17055.8	3.704490221070234
17057.5	2.684435221070234
17059.2	1.277102221070234
17060.8	0.4697127210702342
17062.5	-0.4685807789297659
17064.2	-0.0419975789297657
17065.8	0.156030221070234
17067.5	0.8765082210702339
17069.2	2.088325221070234
17070.9	2.100404721070234
17072.5	1.807547221070234
17074.2	1.2447204210702345
17075.9	0.3699688210702341
17077.5	0.7269039210702338
17079.2	0.3012878210702341
17080.9	0.192854021070234
17082.5	0.5743202210702341
17084.2	0.204778621070234
17085.9	-0.292572478929766
17087.5	-1.056120578929766
17089.2	-1.5279741789297658
17090.9	-0.873574378929766
17092.5	-0.8125154789297658
17094.2	-0.6093219789297659
17095.9	0.6320926210702345
17097.5	1.7530332210702348
17099.2	2.857095821070234
17100.9	4.164388901070234
17102.5	4.641628921070234
17104.2	4.991029221070233
17105.9	3.792357721070234
17107.5	2.4490022110702343
17109.2	1.060846221070234
17110.9	0.502219121070234
17112.5	0.6318600210702338
17114.2	1.4750246210702336
17115.9	2.683998221070234
17117.6	4.262413221070235
17119.2	4.163371221070234
17120.9	4.190041221070234
17122.6	2.945373221070234
17124.2	1.817248421070234
17125.9	1.121294421070234
17127.6	1.6304332210702337
17129.2	2.2740418210702344
17130.9	3.543533221070234
17132.6	3.5584580210702343
17134.2	2.7407070210702345
17135.9	1.1717818210702342
17137.6	0.0352140210702338
17139.2	-0.952437078929766
17140.9	-0.6369957789297658
17142.6	0.2248602210702343
17144.2	1.933055321070234
17145.9	2.804674221070234
17147.6	3.567076521070234
17149.2	3.3610032210702343
17150.9	2.698567421070233
17152.6	2.1874062210702343
17154.2	1.462251641070234
17155.9	0.7839822210702339
17157.6	0.6366682210702338
17159.2	0.1583149210702339
17160.9	0.966428152070234
17162.6	1.9945806210702337
17164.3	3.6035669210702337
17165.9	4.539734121070234
17167.6	4.578965721070235
17169.3	3.510698221070234
17170.9	1.8682053210702336
17172.6	0.3684672210702339
17174.3	0.0153004210702341
17175.9	-0.207250778929766
17177.6	0.5844552210702341
17179.3	0.7321322210702341
17180.9	1.2738362210702343
17182.6	2.135460221070234
17184.3	2.940966921070234
17185.9	3.8321012210702334
17187.6	4.507394221070235
17189.3	3.954635221070233
17190.9	3.2632965210702336
17192.6	1.7727090210702336
17194.3	0.7829191210702342
17195.9	-0.1917897789297661
17197.6	-0.337827778929766
17199.3	0.176024221070234
17200.9	1.8307412210702336
17202.6	2.805536221070234
17204.3	3.726641221070234
17206.0	3.908480221070234
17207.6	3.9577532210702335
17209.3	2.998720221070234
17211.0	2.7328920210702337
17212.6	2.725412021070234
17214.3	3.227230621070234
17216.0	3.576619221070234
17217.6	3.1087462210702346
17219.3	2.899593581070234
17221.0	3.0341902210702343
17222.6	2.6492147210702344
17224.3	3.684341911070233
17226.0	4.866910521070234
17227.6	5.542206921070234
17229.3	5.834943141070235
17231.0	4.527848121070234
17232.6	3.124521121070233
17234.3	2.442081221070234
17236.0	1.5393151210702338
17237.6	1.7116975210702343
17239.3	2.412448221070234
17241.0	2.9389029210702344
17242.6	2.6734922210702345
17244.3	2.526529221070234
17246.0	2.315600361070234
17247.6	2.721222921070234
17249.3	2.710936221070234
17251.0	2.984051221070234
17252.7	2.5898272210702347
17254.3	1.957527221070234
17256.0	0.2009008210702339
17257.7	-0.5471855789297657
17259.3	-0.7956924789297662
17261.0	0.5440780210702338
17262.7	1.759155221070234
17264.3	3.243992521070234
17266.0	3.317917221070234
17267.7	2.400117221070234
17269.3	0.8285202210702337
17271.0	-0.2143993789297659
17272.7	-0.911258778929766
17274.3	-0.0563694789297659
17276.0	0.8584567710702341
17277.7	2.683894221070234
17279.3	3.668445721070234
17281.0	4.716552221070234
17282.7	5.248862421070234
17284.3	5.677093121070234
17286.0	4.774072221070234
17287.7	4.065624221070235
17289.3	2.652571951070234
17291.0	2.069217321070233
17292.7	1.327226221070234
17294.3	1.566071221070234
17296.0	1.8630102210702344
17297.7	2.9391999910702347
17299.4	3.2153048210702337
17301.0	3.5366262210702337
17302.7	3.4032641910702344
17304.4	3.6130402210702335
17306.0	3.036423221070234
17307.7	2.7385675210702343
17309.4	2.156121021070234
17311.0	2.078223821070234
17312.7	1.211821721070234
17314.4	1.0426462210702336
17316.0	0.6013552210702339
17317.7	1.560357221070234
17319.4	2.293760221070234
17321.0	3.246300321070234
17322.7	3.684324621070233
17324.4	3.726033921070234
17326.0	2.3180024210702337
17327.7	1.3631712210702345
17329.4	0.3274615210702339
17331.0	0.5914422210702339
17332.7	1.1034462210702345
17334.4	1.9353852210702345
17336.0	3.106003721070234
17337.7	4.631119221070234
17339.4	5.029436221070233
17341.0	4.962448221070234
17342.7	3.6399480210702335
17344.4	2.628067921070234
17346.1	1.396975821070234
17347.7	1.4012562210702342
17349.4	1.4418513210702335
17351.1	1.8372198210702335
17352.7	1.033585221070234
17354.4	0.0421132210702335
17356.1	-1.091832778929766
17357.7	-0.8099687789297662
17359.4	-0.3093707789297663
17361.1	1.010071621070234
17362.7	1.9098222210702336
17364.4	2.373336221070234
17366.1	2.5375604210702347
17367.7	3.486370821070233
17369.4	4.409319521070234
17371.1	4.957315021070235
17372.7	5.302613121070234
17374.4	4.975394221070234
17376.1	4.436461221070234
17377.7	4.3144038210702345
17379.4	4.691276321070234
17381.1	5.768715721070234
17382.7	6.571936101070234
17384.4	6.387984421070234
17386.1	5.489920291070234
17387.8	4.3438612210702345
17389.4	2.5517592210702347
17391.1	1.0338070210702337
17392.8	0.341896321070234
17394.4	0.533225421070234
17396.1	0.6803135210702339
17397.8	1.257146221070234
17399.4	1.3261520210702338
17401.1	1.526585221070234
17402.8	1.859901221070234
17404.4	2.4429882210702343
17406.1	2.5462556210702343
17407.8	2.843918221070234
17409.4	1.733434721070234
17411.1	1.4054694210702343
17412.8	0.9511072210702342
17414.4	1.040721221070234
17416.1	1.6719962210702342
17417.8	2.9617142210702343
17419.4	2.9557725210702346
17421.1	3.3016236210702337
17422.8	3.0660915210702337
17424.4	3.254495421070234
17426.1	3.763073221070234
17427.8	3.4991014210702347
17429.4	3.1061746210702337
17431.1	3.1163222210702344
17432.8	2.595372221070234
17434.5	2.5222912210702337
17436.1	2.8615816210702336
17437.8	4.2670252210702335
17439.5	5.390785021070235
17441.1	5.733563221070234
17442.8	4.657098221070234
17444.5	2.8843132210702347
17446.1	0.4411702210702337
17447.8	-0.7403408789297657
17449.5	-1.1531944789297663
17451.1	0.0637392210702338
17452.8	0.5135225810702339
17454.5	0.3780094210702341
17456.1	-1.269809778929766
17457.8	-2.9126727789297666
17459.5	-3.9895181789297673
17461.1	-3.276147878929766
17462.8	-1.7477196789297662
17464.5	0.851237721070234
17466.1	2.474091221070234
17467.8	3.793555221070236
17469.5	3.9336957210702352
17471.1	3.574975221070233
17472.8	2.907592221070234
17474.5	2.668344221070234
17476.1	1.8077512210702344
17477.8	2.0184420210702343
17479.5	1.305084221070234
17481.2	0.907109921070234
17482.8	0.679904321070234
17484.5	0.6479290210702339
17486.2	0.2432386210702338
17487.8	0.4773899210702342
17489.5	0.3861776210702342
17491.2	1.4611592210702335
17492.8	2.021861221070234
17494.5	2.205317221070234
17496.2	2.280326421070234
17497.8	3.036384121070234
17499.5	3.1131795210702338
17501.2	3.371467221070234
17502.8	3.407984221070234
17504.5	3.728504521070234
17506.2	2.895936421070234
17507.8	2.0578607210702344
17509.5	0.947774221070234
17511.2	0.739326221070234
17512.8	0.986753221070234
17514.5	0.994011221070234
17516.2	0.645999271070234
17517.8	0.8560092210702337
17519.5	0.3991962210702334
17521.2	0.6612792210702342
17522.8	1.3114092210702342
17524.5	2.224265221070234
17526.2	3.2524128210702345
17527.9	3.732012221070234
17529.5	3.2076312210702342
17531.2	2.5972569210702345
17532.9	1.2605551210702337
17534.5	0.8236168210702344
17536.2	0.6164180210702339
17537.9	1.169276221070234
17539.5	1.8044932210702345
17541.2	2.4083442210702346
17542.9	1.9667296210702347
17544.5	1.441581921070234
17546.2	-0.150665778929766
17547.9	-0.9688429789297656
17549.5	-1.8464621789297653
17551.2	-1.6628017889297655
17552.9	-1.2589227789297663
17554.5	-0.451600778929766
17556.2	-0.1255865789297655
17557.9	0.4023928210702335
17559.5	0.4343052210702341
17561.2	0.5936852210702335
17562.9	0.8243732210702344
17564.5	1.7677382210702342
17566.2	2.107149621070234
17567.9	2.520261021070234
17569.6	2.069433221070234
17571.2	1.553809321070234
17572.9	0.578727021070234
17574.6	0.2498205210702339
17576.2	-0.0948877789297658
17577.9	0.6587483210702338
17579.6	1.031956021070234
17581.2	1.6614245510702343
17582.9	1.8071496210702345
17584.6	2.207638221070234
17586.2	1.9619340010702335
17587.9	2.2267913210702344
17589.6	1.9269257210702344
17591.2	1.663128221070234
17592.9	1.7302612210702342
17594.6	2.264542221070234
17596.2	3.194133221070234
17597.9	4.521400221070235
17599.6	5.034873021070235
17601.2	5.762623591070233
17602.9	6.069098921070235
17604.6	5.781115221070235
17606.2	4.895057521070234
17607.9	4.081482221070234
17609.6	2.953556221070234
17611.2	3.251226221070234
17612.9	3.055708221070234
17614.6	4.145588421070235
17616.3	5.177530021070235
17617.9	6.137086221070233
17619.6	5.9847851880702345
17621.3	6.461067121070234
17622.9	6.137591861070234
17624.6	6.454635221070234
17626.3	5.528905921070234
17627.9	4.982081821070234
17629.6	4.104341521070235
17631.3	3.4453922210702337
17632.9	2.5848800210702345
17634.6	1.727674221070234
17636.3	0.308320821070234
17637.9	-0.7280717789297659
17639.6	-1.7959860789297664
17641.3	-1.702664478929766
17642.9	-0.8185010789297659
17644.6	-0.0607237789297663
17646.3	-0.0275207789297653
17647.9	-0.229381578929766
17649.6	-1.4094109789297655
17651.3	-1.7373418789297657
17652.9	-2.1080264789297662
17654.6	-0.7942877789297663
17656.3	0.8055382210702344
17657.9	3.3555522210702344
17659.6	4.241517221070234
17661.3	5.072662421070234
17663.0	3.701323521070235
17664.6	2.049825221070234
17666.3	0.3527262210702341
17668.0	-0.3945397789297658
17669.6	-0.946210778929766
17671.3	0.404539321070234
17673.0	1.1975532210702342
17674.6	1.6852535710702343
17676.3	1.4415728210702337
17678.0	0.9667982210702336
17679.6	1.222194221070234
17681.3	1.6111582210702342
17683.0	1.791303221070234
17684.6	2.6191452210702337
17686.3	3.1651377210702334
17688.0	3.1736151210702346
17689.6	2.648589221070234
17691.3	2.612418221070234
17693.0	1.6912412210702343
17694.6	1.002461221070234
17696.3	-0.1569469789297659
17698.0	-0.4385787789297663
17699.6	-0.5524787789297662
17701.3	0.0297322210702343
17703.0	0.892228921070234
17704.6	2.4406322210702336
17706.3	3.3935382210702345
17708.0	4.231298221070234
17709.7	4.2392762210702335
17711.3	4.124959321070234
17713.0	3.2255663210702337
17714.7	1.6193932210702342
17716.3	0.0398042210702336
17718.0	-1.501262178929765
17719.7	-2.4972227789297663
17721.3	-2.252423778929766
17723.0	-1.4774737789297654
17724.7	0.2970662210702336
17726.3	1.475709021070234
17728.0	2.294032621070234
17729.7	2.623915401870234
17731.3	3.546765221070234
17733.0	4.087112921070234
17734.7	5.229147221070233
17736.3	5.802348421070234
17738.0	6.248534421070234
17739.7	5.089503621070234
17741.3	3.944496221070234
17743.0	1.847165521070234
17744.7	0.258219221070234
17746.3	-1.278826778929766
17748.0	-2.059548778929765
17749.7	-2.1634253589297665
17751.4	-1.315706778929766
17753.0	-1.0290237789297656
17754.7	-0.719512978929766
17756.4	-0.5414257789297665
17758.0	-0.107474178929766
17759.7	0.6528077210702341
17761.4	1.582441821070234
17763.0	2.3671369210702347
17764.7	3.133455261070233
17766.4	3.577040948070234
17768.0	3.7514070210702335
17769.7	3.697296221070234
17771.4	3.923044421070234
17773.0	3.8233942210702336
17774.7	3.271732121070234
17776.4	2.9325002210702342
17778.0	2.9482049210702344
17779.7	2.982534421070234
17781.4	3.2874242210702347
17783.0	2.593580221070233
17784.7	2.3931043210702336
17786.4	1.909849221070234
17788.0	1.5964843210702342
17789.7	1.799434221070234
17791.4	1.8338672210702345
17793.0	1.461607921070234
17794.7	1.704913221070234
17796.4	1.055737621070234
17798.1	0.8103772210702344
17799.7	0.4789872210702338
17801.4	0.1560192210702341
17803.1	0.5454417210702343
17804.7	0.661527221070234
17806.4	0.8061892210702337
17808.1	1.4251852210702345
17809.7	0.995962321070234
17811.4	0.1546042210702333
17813.1	-0.7661817789297659
17814.7	-1.5464179909297655
17816.4	-1.132221778929766
17818.1	0.0793089210702341
17819.7	1.3995162210702343
17821.4	3.2826102210702337
17823.1	4.003075221070234
17824.7	4.358079221070233
17826.4	3.570901121070233
17828.1	2.547506821070234
17829.7	1.154243221070234
17831.4	0.305950421070234
17833.1	-0.985775878929766
17834.7	-1.215020278929766
17836.4	-1.108380178929766
17838.1	0.3485800210702343
17839.7	1.2708182210702337
17841.4	2.860787021070234
17843.1	4.175614821070233
17844.8	5.179725221070234
17846.4	6.275272121070233
17848.1	7.510155221070235
17849.8	7.806347221070236
17851.4	7.344533221070233
17853.1	5.283504221070234
17854.8	2.5520422210702334
17856.4	0.999581221070234
17858.1	0.478886221070234
17859.8	1.6293522210702345
17861.4	3.484266221070233
17863.1	4.876009221070234
17864.8	5.417980221070233
17866.4	4.607606921070234
17868.1	3.6128240810702335
17869.8	2.3707429210702338
17871.4	2.188779421070234
17873.1	1.813608221070234
17874.8	1.8438442210702344
17876.4	1.457462221070234
17878.1	1.478046221070234
17879.8	0.4089514210702344
17881.4	0.2655138210702342
17883.1	0.2813312210702341
17884.8	0.992813221070234
17886.4	1.924346221070234
17888.1	3.200589821070234
17889.8	3.627319321070234
17891.5	3.9393886210702336
17893.1	3.736029221070234
17894.8	3.088414661070234
17896.5	3.452520221070234
17898.1	3.7899032210702335
17899.8	4.3358042210702346
17901.5	5.625124221070236
17903.1	6.011653621070233
17904.8	6.116681221070235
17906.5	5.627828721070234
17908.1	5.145955221070234
17909.8	4.035441021070234
17911.5	3.854513021070234
17913.1	3.718964121070234
17914.8	4.683442221070234
17916.5	5.818842721070235
17918.1	7.400234221070235
17919.8	6.977002221070234
17921.5	6.968277221070233
17923.1	4.875254221070234
17924.8	3.2999862210702338
17926.5	2.236702221070234
17928.1	1.819944921070234
17929.8	1.713314721070234
17931.5	2.260699221070234
17933.2	1.930851221070234
17934.8	1.7569993210702344
17936.5	0.840954921070234
17938.2	1.0879491210702343
17939.8	1.299534221070234
17941.5	1.9780442210702347
17943.2	2.402116221070234
17944.8	2.5804048210702346
17946.5	2.364128221070234
17948.2	2.5806079210702344
17949.8	2.007360221070234
17951.5	2.2578932210702334
17953.2	2.4870214210702337
17954.8	2.6755954210702337
17956.5	2.189665921070234
17958.2	2.120622221070234
17959.8	1.5527172210702336
17961.5	1.6963212210702343
17963.2	1.5824612210702345
17964.8	1.7043082210702338
17966.5	2.123477521070234
17968.2	2.907278221070234
17969.8	3.999169221070234
17971.5	4.639286221070234
17973.2	4.800688821070234
17974.8	4.117952221070234
17976.5	2.2910892210702345
17978.2	1.077259221070234
17979.9	-0.7260661789297661
17981.5	-1.745405978929766
17983.2	-1.9449718789297656
17984.9	-2.1422507789297662
17986.5	-1.306445778929766
17988.2	-0.2912007789297657
17989.9	0.4521369210702339
17991.5	1.6980932210702335
17993.2	1.292859221070234
17994.9	1.2004772210702344
17996.5	0.836720721070234
17998.2	0.8434528210702338
17999.9	1.313883221070234
18001.5	1.9949942210702336
18003.2	1.776487621070234
18004.9	1.584650221070234
18006.5	0.8542940210702344
18008.2	1.2548382210702338
18009.9	1.472250221070234
18011.5	2.7603382210702336
18013.2	3.077458221070234
18014.9	3.868709221070233
18016.5	3.0898769210702337
18018.2	2.9850803210702344
18019.9	1.8167052210702337
18021.5	1.792629221070234
18023.2	1.5953452210702344
18024.9	2.170409221070234
18026.6	1.3020672210702338
18028.2	1.2324023210702344
18029.9	0.2185348010702339
18031.6	0.525358921070234
18033.2	0.3421992210702342
18034.9	0.932957121070234
18036.6	1.0483662210702336
18038.2	1.5946763210702342
18039.9	0.7860391210702342
18041.6	-0.0144596789297659
18043.2	-0.3022432789297659
18044.9	-0.0994033789297661
18046.6	0.0201531210702341
18048.2	0.3871520210702341
18049.9	0.8440672210702342
18051.6	1.5955599210702338
18053.2	3.260255221070234
18054.9	3.554871221070234
18056.6	3.574648221070234
18058.2	2.2267454010702337
18059.9	-0.1758414789297657
18061.6	-2.3928912789297656
18063.2	-3.576835878929766
18064.9	-4.151774778929767
18066.6	-3.5048150789297656
18068.2	-2.568628778929765
18069.9	-1.5220832789297658
18071.6	-0.1267097789297659
18073.3	0.0987302210702338
18074.9	0.5499722210702345
18076.6	0.4777452210702343
18078.3	0.483474221070234
18079.9	0.371353121070234
18081.6	1.1019092210702337
18083.3	1.874345321070234
18084.9	3.1302179210702343
18086.6	3.122318021070234
18088.3	3.1574072210702337
18089.9	2.8440112210702337
18091.6	2.7323576210702343
18093.3	2.572411721070234
18094.9	3.279780021070235
18096.6	3.2485820110702344
18098.3	3.701585661070234
18099.9	3.055284221070234
18101.6	1.8688222210702343
18103.3	0.372432221070234
18104.9	-0.3827127789297659
18106.6	-1.1200115789297658
18108.3	-0.1106558789297658
18109.9	0.3038885210702341
18111.6	1.486893521070234
18113.3	2.417841141070234
18115.0	2.727323721070234
18116.6	2.260967221070234
18118.3	1.816608221070234
18120.0	1.016753221070234
18121.6	0.6269185210702339
18123.3	0.4630060210702338
18125.0	0.5017282210702341
18126.6	-0.1446057789297659
18128.3	-0.9101267789297658
18130.0	-2.422688048929765
18131.6	-3.1814262789297656
18133.3	-2.9497557789297657
18135.0	-2.056984378929766
18136.6	-1.022631338929766
18138.3	0.563532221070234
18140.0	1.273266521070234
18141.6	2.0644722210702344
18143.3	2.353776221070234
18145.0	2.867581221070234
18146.6	2.750007221070234
18148.3	2.949633621070234
18150.0	1.9907963210702344
18151.6	1.7218289210702338
18153.3	1.134395821070234
18155.0	1.165466421070234
18156.6	1.280755921070234
18158.3	2.0143708210702345
18160.0	1.810113721070234
18161.7	2.1855738210702342
18163.3	0.914566721070234
18165.0	0.5349422210702339
18166.7	0.1746872210702341
18168.3	0.6874608210702343
18170.0	1.6311491210702336
18171.7	3.138612566070234
18173.3	3.187729221070234
18175.0	4.023508221070235
18176.7	3.4975121210702342
18178.3	3.328914221070234
18180.0	2.800273621070234
18181.7	2.3778068210702346
18183.3	2.252637021070234
18185.0	2.007423821070234
18186.7	1.4455535210702344
18188.3	1.583566011070234
18190.0	1.503310721070234
18191.7	1.6024182210702342
18193.3	1.4343422210702343
18195.0	1.8016173210702335
18196.7	2.2724562210702337
18198.3	2.521306221070234
18200.0	2.9171412210702345
18201.7	3.3277337210702336
18203.3	3.6443642210702345
18205.0	3.9450670210702334
18206.7	3.3935092210702336
18208.4	3.493058621070234
18210.0	3.115040221070234
18211.7	3.1636472210702338
18213.4	3.092870221070234
18215.0	3.519587221070234
18216.7	3.301833121070234
18218.4	2.8127162210702337
18220.0	1.6867452210702338
18221.7	0.5106701210702344
18223.4	-0.635437778929766
18225.0	-0.6226437789297661
18226.7	-0.9108497789297662
18228.4	0.4024782210702343
18230.0	1.626894021070234
18231.7	1.8821432210702331
18233.4	2.117022821070234
18235.0	2.022807321070234
18236.7	1.7427131210702342
18238.4	2.290168221070234
18240.0	2.002995221070234
18241.7	2.178929221070234
18243.4	2.0316412210702337
18245.0	0.9858632210702336
18246.7	-0.2911997789297661
18248.4	-0.5771207789297665
18250.0	-1.335948608929766
18251.7	-1.2240837789297656
18253.4	-0.4478557789297659
18255.1	1.032349321070234
18256.7	2.432943221070234
18258.4	3.909348221070234
18260.1	3.5221332210702343
18261.7	3.124119221070233
18263.4	1.877452221070234
18265.1	0.8864146210702337
18266.7	0.7818902210702342
18268.4	1.6100112210702342
18270.1	2.157018721070234
18271.7	3.4574492210702337
18273.4	3.8776262210702335
18275.1	4.622755821070235
18276.7	5.112864521070234
18278.4	5.427382921070234
18280.1	4.692857221070234
18281.7	3.9587382210702335
18283.4	2.644974221070234
18285.1	2.375730971070234
18286.7	2.163160221070234
18288.4	2.189047221070234
18290.1	2.4536998110702344
18291.7	2.757223221070234
18293.4	2.3758976210702336
18295.1	2.335792221070234
18296.8	2.041439221070234
18298.4	1.9526047610702344
18300.1	2.0258602210702343
18301.8	3.143653221070234
18303.4	4.3502342210702345
18305.1	6.417899721070233
18306.8	7.542140221070234
18308.4	7.751238221070234
18310.1	6.4941052210702335
18311.8	4.543639221070234
18313.4	2.3592532210702344
18315.1	1.4512850210702335
18316.8	-0.3267928789297655
18318.4	-1.0125867789297658
18320.1	-1.218336778929766
18321.8	-0.8705133789297659
18323.4	-0.132275178929766
18325.1	0.786811821070234
18326.8	1.4890182210702336
18328.4	2.377653621070235
18330.1	2.3567991910702344
18331.8	1.8632412210702345
18333.4	2.0188911210702343
18335.1	1.845459221070234
18336.8	1.196122721070234
18338.4	1.487255221070234
18340.1	1.329028221070234
18341.8	1.1143413210702344
18343.5	0.8696375210702337
18345.1	0.3906872210702339
18346.8	0.2124317210702338
18348.5	0.834673321070234
18350.1	0.7615681210702341
18351.8	1.912467221070234
18353.5	2.2935382210702344
18355.1	3.3609642210702333
18356.8	4.748399221070234
18358.5	6.398086221070234
18360.1	7.412436221070235
18361.8	7.778980221070233
18363.5	6.777989221070234
18365.1	5.540837221070234
18366.8	2.815611221070234
18368.5	0.8261088410702342
18370.1	-0.5697387789297659
18371.8	-0.3695534789297658
18373.5	0.773820101070234
18375.1	2.789692021070234
18376.8	4.822408221070234
18378.5	5.716444421070234
18380.1	4.994524321070236
18381.8	4.221057361070235
18383.5	2.960089221070234
18385.1	2.662900221070234
18386.8	2.2160635910702338
18388.5	2.202222221070234
18390.2	1.5902929210702343
18391.8	1.657772221070234
18393.5	1.922725221070234
18395.2	2.7263412210702342
18396.8	3.739091221070234
18398.5	4.455164221070233
18400.2	4.468933221070235
18401.8	4.521434221070234
18403.5	3.7009215010702334
18405.2	3.276310221070234
18406.8	2.8916012210702347
18408.5	2.569590221070234
18410.2	1.9576196710702345
18411.8	1.503331221070234
18413.5	1.5020512210702337
18415.2	1.9634992310702335
18416.8	2.156328721070234
18418.5	2.953432221070234
18420.2	3.634349621070234
18421.8	3.714978221070234
18423.5	3.9082507210702335
18425.2	3.441207221070234
18426.8	2.9094242210702337
18428.5	2.408607221070234
18430.2	0.8468612210702343
18431.8	0.4732450210702342
18433.5	2.0063692210702344
18435.2	3.3331145610702344
18436.9	5.596459921070235
18438.5	7.641942221070235
18440.2	8.713143221070235
18441.9	9.349858221070232
18443.5	8.342027221070234
18445.2	6.685787221070234
18446.9	5.488869121070233
18448.5	4.044946421070234
18450.2	1.936827221070234
18451.9	1.1630362810702342
18453.5	0.2012298210702336
18455.2	-0.0310025789297657
18456.9	0.2203532210702342
18458.5	0.9550732210702344
18460.2	2.212878221070234
18461.9	4.025122621070234
18463.5	3.719570121070234
18465.2	2.695502121070234
18466.9	0.875463221070234
18468.5	-1.002088778929766
18470.2	-2.0519390789297662
18471.9	-2.065339778929766
18473.5	-1.794285778929766
18475.2	-0.9881700789297664
18476.9	-0.4380194789297659
18478.6	0.2232132210702339
18480.2	0.8478632210702338
18481.9	2.144901271070234
18483.6	3.4519792210702334
18485.2	4.6012822210702335
18486.9	4.870308221070234
18488.6	4.594138921070234
18490.2	3.934236221070234
18491.9	3.4930322210702345
18493.6	3.393416221070234
18495.2	4.270643221070235
18496.9	4.949348221070234
18498.6	5.5051692210702345
18500.2	4.436020951070233
18501.9	3.135234221070234
18503.6	2.344275421070234
18505.2	2.5766209410702343
18506.9	3.3493731210702338
18508.6	4.3367822210702345
18510.2	3.861012221070234
18511.9	2.517896221070234
18513.6	1.1302952210702335
18515.2	0.3793172210702343
18516.9	0.2769055210702335
18518.6	1.2327902210702342
18520.2	1.2599292210702342
18521.9	0.7390412210702337
18523.6	0.1542152210702338
18525.3	-0.1408448789297656
18526.9	0.481120221070234
18528.6	1.3751331210702342
18530.3	1.913666221070234
18531.9	2.8290122210702338
18533.6	3.2586302210702343
18535.3	4.226811221070234
18536.9	4.902976221070235
18538.6	5.482462221070234
18540.3	4.954569521070233
18541.9	3.794647021070234
18543.6	2.219664421070234
18545.3	1.4561670210702338
18546.9	0.9784408210702342
18548.6	1.6860472210702349
18550.3	2.447863521070233
18551.9	3.4326522210702337
18553.6	4.197320221070234
18555.3	5.164095221070234
18556.9	5.604424221070234
18558.6	5.625403121070233
18560.3	5.092251221070233
18561.9	4.777340221070234
18563.6	4.586396221070234
18565.3	4.287226221070233
18566.9	3.814667221070235
18568.6	3.575036521070234
18570.3	3.099285221070234
18572.0	2.5735124210702334
18573.6	2.698643221070234
18575.3	3.192582621070234
18577.0	3.815018521070234
18578.6	4.1370869210702335
18580.3	3.2032530210702346
18582.0	2.0930710210702337
18583.6	1.280859081070234
18585.3	0.6650792210702339
18587.0	1.382102121070234
18588.6	2.901864421070234
18590.3	4.064714321070234
18592.0	4.517091221070234
18593.6	3.663151221070234
18595.3	2.899439921070234
18597.0	2.6669257810702343
18598.6	3.080815721070234
18600.3	3.297700121070234
18602.0	4.018015221070234
18603.6	3.550522221070234
18605.3	2.799662421070234
18607.0	1.802390751070234
18608.6	1.7478547210702342
18610.3	2.213408721070234
18612.0	3.371335221070234
18613.6	4.646260221070233
18615.3	6.227384221070233
18617.0	6.958785221070234
18618.7	7.069260221070233
18620.3	5.977363221070234
18622.0	4.877027221070234
18623.7	3.944897521070234
18625.3	4.167874721070233
18627.0	5.262991121070233
18628.7	6.666396221070235
18630.3	6.5704572210702334
18632.0	6.019428221070233
18633.7	4.547395321070235
18635.3	3.655262421070234
18637.0	2.7092492210702344
18638.7	3.530090621070234
18640.3	4.636033271070234
18642.0	5.657571821070234
18643.7	5.551045221070234
18645.3	4.417908241070234
18647.0	2.1754482210702344
18648.7	0.2728451210702342
18650.3	-1.304398778929766
18652.0	-1.244394778929766
18653.7	-0.0116777789297658
18655.3	1.117236221070234
18657.0	2.0344852210702338
18658.7	2.8446332210702336
18660.4	3.0268272210702336
18662.0	3.393103821070234
18663.7	3.185618221070233
18665.4	2.581746221070234
18667.0	0.921038221070234
18668.7	-0.3533087789297662
18670.4	-1.717870078929766
18672.0	-1.651566078929766
18673.7	-1.292294878929766
18675.4	0.0069632210702341
18677.0	1.484743221070234
18678.7	2.8559801210702345
18680.4	3.652420821070234
18682.0	4.1903492210702336
18683.7	3.574426221070233
18685.4	3.515562221070234
18687.0	2.6771911210702344
18688.7	3.0375826210702344
18690.4	4.352495621070235
18692.0	5.630209521070234
18693.7	6.884328221070234
18695.4	7.201309667070234
18697.0	5.932800021070234
18698.7	4.737252021070234
18700.4	3.3632800210702336
18702.0	2.754522721070234
18703.7	2.796958721070234
18705.4	3.338962921070234
18707.1	4.038247121070233
18708.7	4.049533221070234
18710.4	4.105091921070234
18712.1	3.8709022210702337
18713.7	3.910707221070234
18715.4	4.129428221070234
18717.1	4.314189221070235
18718.7	4.224278221070234
18720.4	4.470643121070234
18722.1	4.252329221070234
18723.7	4.0290786210702345
18725.4	3.2457997210702336
18727.1	2.7855924210702336
18728.7	2.8912056210702333
18730.4	2.940296221070234
18732.1	3.0203962210702344
18733.7	3.068698721070234
18735.4	2.950059621070234
18737.1	2.9170292210702344
18738.7	2.6573694210702343
18740.4	2.4354882210702344
18742.1	2.587452221070234
18743.7	1.7443752210702343
18745.4	1.0861292210702342
18747.1	1.229913381070234
18748.7	2.050528921070234
18750.4	2.843370721070234
18752.1	3.6689582610702343
18753.8	3.3255872210702337
18755.4	2.2600502210702342
18757.1	0.9726283210702338
18758.8	0.1182862210702339
18760.4	-0.326330778929766
18762.1	0.442855121070234
18763.8	0.8126884210702341
18765.4	1.400871221070234
18767.1	2.247927221070234
18768.8	2.4037128310702345
18770.4	2.8108391210702344
18772.1	3.912815221070234
18773.8	3.5958645210702342
18775.4	4.632088121070234
18777.1	4.887504221070235
18778.8	5.3479902210702335
18780.4	6.156256221070235
18782.1	5.903776121070235
18783.8	4.859073821070234
18785.4	4.251917921070235
18787.1	2.193458921070233
18788.8	1.3734936210702344
18790.4	0.8038752210702338
18792.1	1.330738221070234
18793.8	1.636229921070234
18795.4	1.0547542210702343
18797.1	0.2474452210702339
18798.8	-0.1233151289297658
18800.5	-0.6067147789297657
18802.1	0.3793212210702339
18803.8	1.230243221070234
18805.5	1.7537182210702345
18807.1	0.978835521070234
18808.8	-0.5618627789297659
18810.5	-1.203623778929766
18812.1	-0.5638687789297661
18813.8	-0.0956704789297656
18815.5	1.8754129210702335
18817.1	4.321647221070235
18818.8	5.884621021070234
18820.5	6.645421221070235
18822.1	5.914947221070234
18823.8	4.382756311070233
18825.5	2.6644042210702343
18827.1	0.868806221070234
18828.8	-0.3800406789297662
18830.5	0.3174332210702335
18832.1	1.3638837210702337
18833.8	3.483237421070234
18835.5	4.727789321070235
18837.1	5.504223221070234
18838.8	6.444661121070235
18840.5	6.013918221070234
18842.2	5.020868821070233
18843.8	4.204316821070234
18845.5	3.418314821070234
18847.2	2.9264565210702345
18848.8	1.308406621070234
18850.5	-0.8130061789297658
18852.2	-1.4936923789297658
18853.8	-2.4391885589297657
18855.5	-2.217576978929768
18857.2	-1.0078786789297662
18858.8	1.9938372210702344
18860.5	4.376017221070233
18862.2	5.5838234210702336
18863.8	6.046344221070234
18865.5	6.447095721070234
18867.2	5.152405221070234
18868.8	3.914156221070234
18870.5	2.214952521070234
18872.2	1.3417522210702342
18873.8	-0.0348561789297659
18875.5	-0.9694807789297664
18877.2	-2.2638597789297656
18878.8	-2.4442938789297664
18880.5	-3.018261978929766
18882.2	-2.6535995789297657
18883.8	-2.132461678929766
18885.5	-1.3960390789297663
18887.2	-1.449124778929766
18888.9	-1.056341368929766
18890.5	-0.4418497789297658
18892.2	0.532785121070234
18893.9	1.8382402210702344
18895.5	3.490437221070235
18897.2	4.229401221070234
18898.9	4.1663372210702345
18900.5	3.6059472210702337
18902.2	2.462738221070234
18903.9	1.621139321070234
18905.5	1.474829121070234
18907.2	0.510912621070234
18908.9	0.3638632210702341
18910.5	0.8807932210702338
18912.2	1.760238421070234
18913.9	2.660375321070234
18915.5	3.6091162210702334
18917.2	2.863096221070234
18918.9	2.8155922410702336
18920.5	1.7968726210702344
18922.2	1.337341221070234
18923.9	0.8868057210702338
18925.5	0.8024652210702345
18927.2	0.4853792210702344
18928.9	0.6171094110702338
18930.5	0.5370257210702339
18932.2	1.510430921070234
18933.9	3.057452221070234
18935.6	5.3106282210702345
18937.2	6.867317221070235
18938.9	7.332010281070234
18940.6	7.291873961070235
18942.2	6.777903081070233
18943.9	6.1700342210702335
18945.6	5.716629221070233
18947.2	5.2744492510702345
18948.9	4.871209221070234
18950.6	3.563137221070234
18952.2	2.1983048210702347
18953.9	1.2482782210702337
18955.6	1.2718762210702343
18957.2	1.8820690210702335
18958.9	2.7600812210702346
18960.6	3.3989042210702336
18962.2	3.847341221070234
18963.9	3.363954221070233
18965.6	3.252524221070234
18967.2	2.790176921070234
18968.9	2.980339221070234
18970.6	2.4344282210702337
18972.2	1.8202358210702343
18973.9	1.7762152210702342
18975.6	1.998688721070233
18977.2	2.008235221070234
18978.9	2.805442221070234
18980.6	3.399500419070234
18982.3	4.417553221070234
18983.9	4.204717221070235
18985.6	3.2622069210702334
18987.3	1.9781349210702337
18988.9	1.162523921070234
18990.6	0.3983557210702338
18992.3	0.3985856210702343
18993.9	0.9372072210702342
18995.6	2.530922221070234
18997.3	3.6099992210702343
18998.9	3.7998171210702343
19000.6	3.8139382210702335
19002.3	3.6153152210702335
19003.9	2.232654181070234
19005.6	0.8861432210702341
19007.3	-0.1406857789297657
19008.9	-0.1421975789297662
19010.6	0.5787002210702338
19012.3	1.4378376210702342
19013.9	2.2643572210702345
19015.6	2.886975221070234
19017.3	1.983822321070234
19018.9	1.2782642210702342
19020.6	0.4997952210702339
19022.3	0.5690248210702344
19024.0	0.2477222210702339
19025.6	0.1608962210702343
19027.3	0.1113052210702341
19029.0	0.7080752210702345
19030.6	0.774915221070234
19032.3	2.2067882210702345
19034.0	2.762101121070234
19035.6	3.364567821070234
19037.3	3.180905221070234
19039.0	2.361951221070234
19040.6	1.512658121070234
19042.3	1.6426432210702335
19044.0	1.097134221070234
19045.6	1.4837152210702342
19047.3	1.0823238210702342
19049.0	1.120025621070234
19050.6	0.950089121070234
19052.3	1.1326595210702344
19054.0	1.3878422210702344
19055.6	2.0299502210702345
19057.3	2.247317221070234
19059.0	2.861808221070234
19060.6	3.158381221070234
19062.3	4.659487021070233
19064.0	5.295671121070235
19065.6	6.377960821070234
19067.3	7.207223991070234
19069.0	7.895991221070234
19070.7	7.872585221070234
19072.3	8.195386221070233
19074.0	7.363379121070234
19075.7	6.741391221070233
19077.3	5.426653221070234
19079.0	3.950260221070234
19080.7	2.670985221070234
19082.3	2.546813221070234
19084.0	1.7331272210702344
19085.7	1.547707221070234
19087.3	1.547558221070234
19089.0	1.9610741210702345
19090.7	3.0660092210702343
19092.3	4.172723221070234
19094.0	5.065548221070235
19095.7	5.7189242210702345
19097.3	5.151762221070234
19099.0	4.036626321070234
19100.7	3.097461821070234
19102.3	2.360628221070234
19104.0	2.206410821070234
19105.7	1.6707898210702343
19107.3	1.062798591070234
19109.0	1.0021506210702342
19110.7	1.148245221070234
19112.3	1.802029221070234
19114.0	3.5436825210702336
19115.7	5.429600221070234
19117.4	7.923321221070234
19119.0	9.699505221070236
19120.7	9.887337721070235
19122.4	10.235651221070231
19124.0	10.296471601070236
19125.7	9.834664221070234
19127.4	9.628106221070237
19129.0	9.345121221070237
19130.7	8.183504221070233
19132.4	7.160512221070233
19134.0	5.060814221070234
19135.7	3.648633621070233
19137.4	2.754331321070234
19139.0	2.243984111070234
19140.7	1.8824175210702343
19142.4	2.522462221070234
19144.0	3.032599221070234
19145.7	4.173664221070235
19147.4	5.303994221070234
19149.0	5.978486621070234
19150.7	5.424496981070234
19152.4	5.119968221070234
19154.0	3.6598322210702334
19155.7	2.048716221070234
19157.4	0.9129992210702343
19159.0	0.3131282210702336
19160.7	0.0577972210702341
19162.4	0.3672663210702335
19164.1	0.8499056210702344
19165.7	1.7350301210702337
19167.4	2.792513221070234
19169.1	3.748758221070234
19170.7	4.736777221070234
19172.4	6.074843221070234
19174.1	6.827999221070234
19175.7	6.5801802210702345
19177.4	6.385400421070234
19179.1	5.813473421070233
19180.7	5.341595821070234
19182.4	6.016255421070234
19184.1	6.324729921070235
19185.7	7.466238221070233
19187.4	8.179200621070235
19189.1	8.537883221070235
19190.7	8.172860021070234
19192.4	7.634608321070234
19194.1	5.6597013210702345
19195.7	4.076245521070234
19197.4	2.2711232210702343
19199.1	1.423053921070234
19200.7	1.2901320210702336
19202.4	2.424704221070234
19204.1	3.0430332210702336
19205.8	3.3619282210702344
19207.4	2.7839792210702345
19209.1	1.6058402210702345
19210.8	0.7449866210702343
19212.4	0.1940082210702341
19214.1	0.2730759210702339
19215.8	1.645736221070234
19217.4	3.003740221070234
19219.1	4.227706621070235
19220.8	5.324908921070234
19222.4	5.411010221070233
19224.1	4.7948002210702345
19225.8	3.946997221070234
19227.4	2.7725054210702345
19229.1	2.292081221070234
19230.8	2.2645112210702343
19232.4	2.5237832210702345
19234.1	3.5160762210702337
19235.8	4.187389221070234
19237.4	4.819503221070233
19239.1	5.218456221070234
19240.8	4.309345021070234
19242.4	3.9805902210702335
19244.1	3.5912636410702348
19245.8	4.136604221070233
19247.4	5.071445221070234
19249.1	6.431617421070234
19250.8	7.420626221070234
19252.5	7.950376221070234
19254.1	7.020972221070234
19255.8	5.556089521070234
19257.5	3.6884292210702334
19259.1	2.373868221070234
19260.8	0.956513221070234
19262.5	1.187746121070234
19264.1	1.6297659210702342
19265.8	2.526175221070234
19267.5	3.302106221070234
19269.1	3.945284221070234
19270.8	3.7071152210702345
19272.5	4.278161621070234
19274.1	3.818200221070234
19275.8	4.094199221070235
19277.5	3.788986221070234
19279.1	3.725354221070235
19280.8	3.133153221070234
19282.5	3.168376221070234
19284.1	2.673939421070234
19285.8	2.6480832210702343
19287.5	2.0502355210702343
19289.1	2.3503292210702336
19290.8	2.291120221070233
19292.5	3.621546221070235
19294.1	4.902136221070235
19295.8	5.681981221070234
19297.5	6.196704521070234
19299.2	5.918155021070234
19300.8	4.103586421070235
19302.5	3.029024421070233
19304.2	1.5663271210702336
19305.8	1.9908723210702337
19307.5	2.335555021070234
19309.2	3.462758421070234
19310.8	3.548855421070234
19312.5	3.2666911210702336
19314.2	1.8781572210702333
19315.8	0.907374521070234
19317.5	-0.093887378929766
19319.2	0.4552414210702341
19320.8	0.1419056210702339
19322.5	0.1601222210702336
19324.2	0.0541772210702341
19325.8	-0.1426377789297653
19327.5	0.2552812110702342
19329.2	1.241348321070234
19330.8	2.262778821070233
19332.5	2.556261721070234
19334.2	2.4075865210702343
19335.8	1.4170399210702345
19337.5	1.067023521070234
19339.2	1.695660321070234
19340.8	2.867547121070234
19342.5	3.5577695210702345
19344.2	4.065488221070234
19345.9	4.2733206210702335
19347.5	3.610800721070234
19349.2	4.032418221070235
19350.9	4.098844221070234
19352.5	4.634795221070234
19354.2	4.239790421070234
19355.9	3.077739721070234
19357.5	1.4368115410702338
19359.2	1.0560542210702335
19360.9	0.8404779210702342
19362.5	1.9752959210702343
19364.2	2.664026621070234
19365.9	3.5740832210702336
19367.5	3.892378221070234
19369.2	3.273211221070235
19370.9	2.8887012210702343
19372.5	2.1151252210702345
19374.2	1.5489625210702342
19375.9	0.4881352210702339
19377.5	-0.2788959789297656
19379.2	-1.0296237789297664
19380.9	-1.0621573789297658
19382.5	-1.3455157789297656
19384.2	-1.3540129789297657
19385.9	-1.4131457789297666
19387.6	-0.4701917789297661
19389.2	-0.0178067789297663
19390.9	1.039656818070234
19392.6	1.9508492210702344
19394.2	1.925491221070234
19395.9	2.061430521070234
19397.6	2.8853852210702344
19399.2	3.777783021070234
19400.9	5.587406221070234
19402.6	7.130045221070233
19404.2	7.703793221070233
19405.9	7.388140221070233
19407.6	5.394834221070235
19409.2	3.527994921070233
19410.9	2.330755821070233
19412.6	1.289306421070234
19414.2	0.1691572210702341
19415.9	-0.8387024789297659
19417.6	-1.547012478929766
19419.2	-2.196503778929766
19420.9	-2.074183578929765
19422.6	-0.9848487789297656
19424.2	-0.092243278929766
19425.9	1.3428482210702342
19427.6	1.5617382210702335
19429.2	1.5170182210702337
19430.9	2.0386982210702342
19432.6	2.843825221070234
19434.3	3.801445221070234
19435.9	5.515480221070233
19437.6	5.674785221070234
19439.3	6.011682221070234
19440.9	5.466141921070235
19442.6	4.357873921070235
19444.3	4.183207421070233
19445.9	5.602612221070233
19447.6	6.511033621070235
19449.3	7.984319221070234
19450.9	7.9164572210702335
19452.6	7.7350122210702335
19454.3	6.726091491070235
19455.9	5.506552221070235
19457.6	5.227325221070234
19459.3	5.514040721070233
19460.9	5.856127321070234
19462.6	5.821312821070235
19464.3	4.867801621070234
19465.9	4.020912321070234
19467.6	2.085739221070234
19469.3	0.1717232210702339
19470.9	-0.821434778929766
19472.6	-0.869010778929766
19474.3	0.1241277010702338
19475.9	1.4595584810702342
19477.6	2.117080221070234
19479.3	3.285258221070234
19481.0	2.865282221070234
19482.6	3.429279221070233
19484.3	3.017420121070234
19486.0	3.416980221070234
19487.6	3.113208421070234
19489.3	2.8643631910702343
19491.0	2.784955921070234
19492.6	3.573948021070234
19494.3	3.944970821070234
19496.0	5.051244621070234
19497.6	5.851950121070234
19499.3	6.539281321070234
19501.0	6.614791221070233
19502.6	5.132103221070234
19504.3	3.777984021070234
19506.0	2.7172312210702336
19507.6	2.007920221070234
19509.3	1.412690221070234
19511.0	1.207100821070234
19512.6	0.9911941210702344
19514.3	0.1241876210702341
19516.0	-0.3627677789297658
19517.6	-0.8073378789297656
19519.3	-0.034309778929766
19521.0	0.430847721070234
19522.6	0.5725415210702343
19524.3	-0.0604849789297655
19526.0	-0.0908009789297658
19527.7	-0.4876245789297656
19529.3	0.5424552210702343
19531.0	1.4615402210702346
19532.7	2.8137640110702336
19534.3	4.114646221070235
19536.0	4.908218821070234
19537.7	4.523376221070234
19539.3	3.3420072210702343
19541.0	1.7282963210702345
19542.7	0.8223052210702345
19544.3	-0.0260353789297659
19546.0	-0.668081478929766
19547.7	0.0754742210702337
19549.3	0.914964921070234
19551.0	2.2096822210702345
19552.7	2.4206252210702344
19554.3	2.798640221070234
19556.0	3.3580952210702337
19557.7	3.6173304210702346
19559.3	3.376691521070234
19561.0	3.6897992210702335
19562.7	3.561228221070235
19564.3	3.4271082210702337
19566.0	2.606854221070234
19567.7	2.544974921070234
19569.4	3.079878221070234
19571.0	3.341696221070234
19572.7	3.819159221070234
19574.4	3.706004221070233
19576.0	3.0596802210702343
19577.7	2.5069067210702345
19579.4	2.317768221070234
19581.0	2.112495221070234
19582.7	2.902346221070234
19584.4	2.870485221070234
19586.0	3.427371221070234
19587.7	4.142747021070234
19589.4	4.002526061070233
19591.0	3.5241251210702336
19592.7	3.6189665210702335
19594.4	3.189673221070234
19596.0	3.3294602210702338
19597.7	2.6683122210702344
19599.4	2.4593589210702342
19601.0	1.6659914740702335
19602.7	0.9667322210702342
19604.4	0.008421221070234
19606.0	-0.3513057789297661
19607.7	-0.1998338789297658
19609.4	1.253358773070234
19611.0	2.103421121070234
19612.7	3.250736221070234
19614.4	3.4693892210702346
19616.1	3.473749221070233
19617.7	3.182291811070234
19619.4	2.992423221070234
19621.1	2.9611614010702345
19622.7	3.044021221070234
19624.4	2.720828221070234
19626.1	2.025432221070234
19627.7	1.6768252210702337
19629.4	2.4897794210702338
19631.1	4.168755221070233
19632.7	4.980511221070233
19634.4	5.353384421070234
19636.1	4.154114021070233
19637.7	2.961528221070234
19639.4	2.3986788560702337
19641.1	2.618601221070234
19642.7	3.6314752210702337
19644.4	3.941126221070234
19646.1	3.6651542210702335
19647.7	4.237692221070235
19649.4	4.375904221070234
19651.1	4.926729221070234
19652.7	5.414750121070233
19654.4	4.944898691070233
19656.1	4.577027421070234
19657.7	3.8257101210702342
19659.4	3.568109221070234
19661.1	4.323931221070234
19662.8	4.801061221070233
19664.4	4.399299221070234
19666.1	4.199470421070234
19667.8	3.9268198210702336
19669.4	4.500432221070233
19671.1	5.535477221070235
19672.8	6.138945221070235
19674.4	6.155754221070234
19676.1	5.590142221070233
19677.8	4.682167621070233
19679.4	3.965249221070233
19681.1	3.6415532210702337
19682.8	4.432643221070234
19684.4	4.815833221070234
19686.1	4.706669221070234
19687.8	3.9983690210702334
19689.4	4.103881221070234
19691.1	4.726915121070233
19692.8	6.170084221070234
19694.4	7.662356221070233
19696.1	9.393555221070232
19697.8	9.305551221070235
19699.4	8.332210221070234
19701.1	5.361478321070234
19702.8	3.1615362210702345
19704.4	0.1229914210702338
19706.1	-2.462043778929766
19707.8	-4.435373778929765
19709.5	-5.813955778929766
19711.1	-6.887735478929767
19712.8	-6.164295678929766
19714.5	-5.152609778929767
19716.1	-3.1956728789297664
19717.8	-1.0625847789297658
19719.5	0.458871321070234
19721.1	1.007520221070234
19722.8	1.786028221070234
19724.5	1.990730221070234
19726.1	2.807918421070234
19727.8	3.7225142210702336
19729.5	4.349094221070234
19731.1	5.162972221070234
19732.8	5.290040221070234
19734.5	5.288757221070233
19736.1	5.777145921070234
19737.8	6.841449221070235
19739.5	7.1988886310702345
19741.1	7.540103421070233
19742.8	7.874680221070233
19744.5	7.264326121070235
19746.1	5.293928221070234
19747.8	3.7285163210702335
19749.5	1.1163812210702342
19751.2	-0.4921647789297659
19752.8	-2.190479478929766
19754.5	-3.069312778929766
19756.2	-2.038410908929765
19757.8	-0.6327106789297661
19759.5	0.533564621070234
19761.2	2.4399372210702337
19762.8	3.8072022210702334
19764.5	4.417783821070234
19766.2	4.702557221070235
19767.8	4.551069221070234
19769.5	4.247948121070235
19771.2	4.335469954070234
19772.8	4.869164221070234
19774.5	5.087947391070235
19776.2	5.6995562210702335
19777.8	5.209530221070234
19779.5	3.954166221070234
19781.2	3.104276221070234
19782.8	1.670569821070234
19784.5	0.8522679610702338
19786.2	1.0140738210702338
19787.8	0.567209221070234
19789.5	1.095831221070234
19791.2	1.652572221070234
19792.8	3.0007732210702343
19794.5	5.402779621070235
19796.2	6.401313221070234
19797.9	5.935518021070234
19799.5	4.866334221070234
19801.2	2.3209523210702345
19802.9	1.0420972210702335
19804.5	0.1778538210702339
19806.2	0.542735221070234
19807.9	1.710020321070234
19809.5	2.685403221070234
19811.2	2.549726921070234
19812.9	2.5730682210702343
19814.5	1.696165221070234
19816.2	1.4642222210702345
19817.9	1.3112030210702343
19819.5	1.7339690210702337
19821.2	1.7535557800702335
19822.9	1.508371221070234
19824.5	0.3834502210702339
19826.2	-0.7287232789297665
19827.9	-1.4063373789297655
19829.5	-1.1609467789297665
19831.2	-0.1966627789297662
19832.9	1.1615308210702342
19834.5	2.333621321070233
19836.2	3.1252422210702333
19837.9	3.600575221070234
19839.5	3.4313452210702358
19841.2	4.045716621070236
19842.9	3.675443642070234
19844.6	3.810293021070234
19846.2	3.5958036210702344
19847.9	2.7758902210702336
19849.6	2.758843021070234
19851.2	2.8268828210702344
19852.9	3.294092221070234
19854.6	4.098739421070235
19856.2	3.9029142210702346
19857.9	3.0022452210702344
19859.6	2.707682221070234
19861.2	2.097496221070234
19862.9	2.595116221070234
19864.6	3.3683469210702333
19866.2	4.330986321070235
19867.9	4.069252221070235
19869.6	3.678052221070234
19871.2	3.3129557210702343
19872.9	3.5096977510702336
19874.6	4.452673221070234
19876.2	5.3231316210702335
19877.9	5.936756221070234
19879.6	6.568256221070234
19881.2	5.775802221070235
19882.9	4.650227321070234
19884.6	3.8036616210702343
19886.2	3.438370221070234
19887.9	3.171945321070235
19889.6	3.4997784210702334
19891.3	2.972231821070234
19892.9	2.616428221070234
19894.6	1.3966916210702345
19896.3	1.0542242210702335
19897.9	2.058581221070233
19899.6	3.6391122210702336
19901.3	5.016196221070234
19902.9	6.436621221070235
19904.6	6.455144221070235
19906.3	6.173779221070234
19907.9	5.290398221070234
19909.6	3.8002712210702336
19911.3	3.398901221070234
19912.9	2.7126535210702345
19914.6	2.6242062210702333
19916.3	3.338252221070235
19917.9	3.6479802210702337
19919.6	3.6045742210702345
19921.3	3.931370021070234
19922.9	3.337212621070233
19924.6	3.384569521070234
19926.3	2.6876577210702344
19927.9	2.6830479210702345
19929.6	2.8546062210702337
19931.3	3.364712621070234
19933.0	4.366880721070235
19934.6	5.868002221070235
19936.3	6.1113162210702345
19938.0	7.329996221070234
19939.6	7.816489221070235
19941.3	8.166659221070233
19943.0	8.250186221070233
19944.6	7.754108221070235
19946.3	6.287412221070235
19948.0	5.067898221070235
19949.6	3.3927916210702342
19951.3	3.051595421070234
19953.0	3.830756221070234
19954.6	4.473132321070234
19956.3	4.953436521070235
19958.0	5.478438221070233
19959.6	5.424551221070233
19961.3	4.752509221070235
19963.0	4.187752121070234
19964.6	3.8799681210702346
19966.3	3.827958321070234
19968.0	4.1831404210702345
19969.6	4.194743221070234
19971.3	3.5503172210702347
19973.0	3.046875221070234
19974.6	2.4330999210702338
19976.3	2.036439021070234
19978.0	2.4669282210702344
19979.7	2.9222612210702343
19981.3	3.1563912210702343
19983.0	3.1378052210702343
19984.7	2.266400221070234
19986.3	2.372214221070234
19988.0	2.766874221070234
19989.7	4.530417221070233
19991.3	5.878140221070234
19993.0	7.305627221070234
19994.7	7.607121221070234
19996.3	6.993737121070234
19998.0	4.918738421070234
19999.7	3.824693821070235
20001.3	2.588387221070234
20003.0	3.342083621070234
20004.7	3.513072221070234
20006.3	3.786723121070234
20008.0	3.468122721070235
20009.7	3.2600752210702337
20011.3	3.2960442210702348
20013.0	4.183848221070234
20014.7	4.5323069210702345
20016.3	4.7401494210702335
20018.0	4.199018221070235
20019.7	3.270965021070233
20021.3	2.2920712210702336
20023.0	3.0404396210702345
20024.7	4.217951021070234
20026.4	5.501049221070234
20028.0	6.975091321070233
20029.7	7.606527221070235
20031.4	8.695061221070235
20033.0	8.977656221070232
20034.7	8.725686221070234
20036.4	9.176537221070234
20038.0	9.784436221070234
20039.7	9.931153371070234
20041.4	10.408231221070237
20043.0	10.111002221070231
20044.7	9.997437631070236
20046.4	8.041445221070234
20048.0	5.632991221070233
20049.7	3.799570821070234
20051.4	2.172192221070234
20053.0	1.4411512210702342
20054.7	0.954090321070234
20056.4	0.300206221070234
20058.0	0.2554253210702342
20059.7	0.120039221070234
20061.4	0.414873621070234
20063.0	1.5749552210702338
20064.7	2.9857151210702337
20066.4	3.603063921070235
20068.0	3.0038286210702343
20069.7	1.8595222210702345
20071.4	1.520157221070234
20073.1	2.3674912210702344
20074.7	4.810021221070234
20076.4	7.1242912210702345
20078.1	8.183105521070233
20079.7	7.684819221070235
20081.4	5.908374221070234
20083.1	4.030742221070234
20084.7	3.197737221070234
20086.4	1.9966209010702327
20088.1	0.9755922210702342
20089.7	0.4616062210702338
20091.4	-0.8280537789297657
20093.1	-1.5004071789297662
20094.7	-0.7834141089297655
20096.4	0.8796805210702339
20098.1	2.978740121070234
20099.7	4.1124909210702345
20101.4	3.992975221070234
20103.1	3.722971321070234
20104.7	2.7253838210702344
20106.4	1.4075040210702336
20108.1	1.028580521070234
20109.7	1.6331872210702345
20111.4	2.556241221070234
20113.1	3.8789222210702334
20114.8	5.044476791070235
20116.4	5.897703221070233
20118.1	6.201790121070235
20119.8	5.603567221070234
20121.4	5.1981332210702345
20123.1	4.900077821070235
20124.8	4.465516221070234
20126.4	3.963885821070234
20128.1	3.793270021070234
20129.8	3.3376692210702337
20131.4	3.932074221070234
20133.1	3.986184521070234
20134.8	4.489588731070233
20136.4	5.513247221070235
20138.1	6.182501221070234
20139.8	6.2970042210702335
20141.4	6.512129221070235
20143.1	5.957191121070235
20144.8	5.985765221070233
20146.4	5.726259221070235
20148.1	5.291583221070234
20149.8	6.071260221070235
20151.4	6.919211221070233
20153.1	6.520608221070233
20154.8	6.113062621070234
20156.4	4.068590221070234
20158.1	2.366923921070234
20159.8	0.524694221070234
20161.5	-0.6627857789297655
20163.1	-0.1191745789297653
20164.8	1.2475132210702342
20166.5	2.053689221070234
20168.1	2.719363221070234
20169.8	2.0410832210702337
20171.5	1.0152642210702338
20173.1	0.178906221070234
20174.8	0.4314232210702339
20176.5	1.9561221210702344
20178.1	3.998226321070234
20179.8	5.590207221070234
20181.5	6.648397121070235
20183.1	6.763702991070232
20184.8	5.748740621070234
20186.5	4.630831621070234
20188.1	4.728819941070234
20189.8	4.940202421070234
20191.5	5.827604821070234
20193.1	5.650997221070234
20194.8	4.721370521070234
20196.5	3.4731579210702344
20198.1	2.2667800210702342
20199.8	1.007373821070234
20201.5	0.1852925210702341
20203.1	0.1246446210702339
20204.8	0.1911305210702341
20206.5	0.4231832210702341
20208.2	0.0810012210702336
20209.8	0.3305772210702343
20211.5	0.6868572210702342
20213.2	0.5640082210702342
20214.8	-0.5882293789297659
20216.5	-0.5324951979297662
20218.2	-0.1654177789297656
20219.8	-0.1165187789297658
20221.5	-0.7911157789297661
20223.2	-0.8790977789297664
20224.8	-0.052763778929766
20226.5	1.4114086110702335
20228.2	2.5416872210702337
20229.8	3.484976221070234
20231.5	4.619301721070234
20233.2	3.649454821070234
20234.8	2.078285221070234
20236.5	0.2155682210702341
20238.2	-1.0680677789297657
20239.8	-0.7387499789297659
20241.5	1.328160221070234
20243.2	3.733260221070234
20244.8	6.782308011070233
20246.5	7.789996221070234
20248.2	7.584218221070235
20249.8	6.661173621070233
20251.5	5.464559221070234
20253.2	5.2563762210702345
20254.9	5.296073251070235
20256.5	4.8841380210702345
20258.2	3.5320362210702343
20259.9	3.367385221070234
20261.5	3.5842586210702336
20263.2	4.707837763070234
20264.9	4.912798221070235
20266.5	5.420203221070233
20268.2	4.833810221070235
20269.9	4.749431221070234
20271.5	4.321824221070234
20273.2	6.038491221070233
20274.9	7.633263221070233
20276.5	8.642777021070234
20278.2	7.258274221070233
20279.9	5.656948121070234
20281.5	3.2708809210702343
20283.2	1.3634519210702336
20284.9	0.1931440910702337
20286.5	0.4817308210702336
20288.2	1.3817113210702348
20289.9	2.607446221070234
20291.5	2.647660221070234
20293.2	2.959808221070233
20294.9	2.750683221070234
20296.6	2.036799221070233
20298.2	1.7011277010702344
20299.9	2.171779221070234
20301.6	2.552545221070235
20303.2	4.088488221070234
20304.9	5.683819421070234
20306.6	7.395305221070234
20308.2	8.682393221070235
20309.9	9.074630221070231
20311.6	8.370954021070235
20313.2	7.328556221070234
20314.9	4.496481221070233
20316.6	2.3914193210702344
20318.2	0.5713653810702343
20319.9	0.2462582210702343
20321.6	0.8167122210702338
20323.2	1.9866000210702333
20324.9	2.913318821070234
20326.6	3.326125021070234
20328.2	3.616493221070234
20329.9	4.366456221070234
20331.6	4.629792611070234
20333.2	4.951702121070234
20334.9	4.596350221070234
20336.6	4.014005221070234
20338.2	3.0320172210702343
20339.9	1.6433362210702334
20341.6	1.1323978010702338
20343.3	1.4855332210702348
20344.9	2.8958222210702345
20346.6	4.501436721070234
20348.3	6.265463321070234
20349.9	7.802854221070236
20351.6	7.675123221070234
20353.3	6.699240221070236
20354.9	5.297541221070235
20356.6	4.393105221070234
20358.3	4.261216421070234
20359.9	4.583353221070235
20361.6	4.492417221070235
20363.3	4.150914221070234
20364.9	3.0301748210702337
20366.6	1.858845021070234
20368.3	0.581312321070234
20369.9	-0.080063778929766
20371.6	-1.387763778929766
20373.3	-1.5429687789297664
20374.9	-1.8508677789297665
20376.6	-1.587983778929766
20378.3	-1.2966611789297653
20379.9	-0.0334169789297657
20381.6	0.5124382210702336
20383.3	1.1173139210702343
20384.9	1.781411421070234
20386.6	3.149961721070234
20388.3	3.7508422210702337
20390.0	4.9746619210702345
20391.6	4.928261621070234
20393.3	5.132563221070234
20395.0	5.099044721070234
20396.6	4.765231421070235
20398.3	4.550564521070234
20400.0	4.356204221070234
20401.6	3.021082221070235
20403.3	2.2024282210702344
20405.0	1.833982721070234
20406.6	2.1637449410702336
20408.3	3.169601221070234
20410.0	4.004625021070234
20411.6	4.432989221070233
20413.3	3.7003024210702335
20415.0	3.0114026210702347
20416.6	3.0672996210702346
20418.3	3.716785321070234
20420.0	4.912200221070234
20421.6	6.664072221070233
20423.3	7.0433452210702345
20425.0	7.1720992210702335
20426.6	5.942050221070234
20428.3	4.173193221070234
20430.0	4.059340221070234
20431.6	3.963370221070234
20433.3	3.816811221070233
20435.0	4.401449221070234
20436.7	3.844893221070234
20438.3	3.2947872210702336
20440.0	2.848529221070234
20441.7	2.2862022210702344
20443.3	3.500872221070234
20445.0	4.481472221070233
20446.7	5.707818221070235
20448.3	6.537914221070233
20450.0	6.719147921070234
20451.7	6.893665921070235
20453.3	6.714882821070233
20455.0	5.707294221070234
20456.7	5.780969221070234
20458.3	4.662697221070234
20460.0	4.017314221070234
20461.7	3.400880221070234
20463.3	3.323812221070235
20465.0	4.250277221070235
20466.7	4.579059221070234
20468.3	4.684705821070233
20470.0	4.269621221070234
20471.7	2.3081852210702345
20473.3	0.7204125210702342
20475.0	-0.4513477789297663
20476.7	-0.812394778929766
20478.4	-0.3086737789297651
20480.0	-0.1768902789297653
20481.7	0.2064924210702347
20483.4	0.8740432210702334
20485.0	1.202359521070234
20486.7	2.140233221070234
20488.4	2.184538221070234
20490.0	1.6254242310702338
20491.7	1.627031321070234
20493.4	2.702536221070234
20495.0	4.777349421070233
20496.7	5.974902221070234
20498.4	5.364933521070235
20500.0	3.8121022210702336
20501.7	0.8060693210702343
20503.4	-1.8263628789297663
20505.0	-2.3307902789297663
20506.7	-1.2901895789297668
20508.4	0.3218168210702341
20510.0	0.5758434010702345
20511.7	-0.1117302989297658
20513.4	-0.9026915789297656
20515.0	-2.0528174789297657
20516.7	-2.126310408929765
20518.4	-1.6548528789297658
20520.0	-0.2304107789297662
20521.7	1.4590542210702335
20523.4	3.0870502210702337
20525.1	3.9994093210702335
20526.7	4.3432002210702345
20528.4	4.203622221070233
20530.1	4.343704221070235
20531.7	5.086399421070235
20533.4	6.168253221070235
20535.1	6.4751072210702345
20536.7	7.567980221070234
20538.4	7.733815121070235
20540.1	7.688787621070235
20541.7	7.346378321070235
20543.4	6.289853221070234
20545.1	5.021661221070234
20546.7	4.076650521070234
20548.4	2.545010221070234
20550.1	2.925380621070234
20551.7	3.1101062210702337
20553.4	3.6230512210702335
20555.1	4.712637221070234
20556.7	5.225884221070234
20558.4	6.313436221070234
20560.1	7.701884221070233
20561.7	8.255402021070235
20563.4	9.019672221070234
20565.1	8.726689421070233
20566.7	7.816694221070233
20568.4	6.616816221070233
20570.1	4.437042221070234
20571.8	2.514937121070236
20573.4	2.1064482210702358
20575.1	2.476803221070233
20576.8	4.841874221070233
20578.4	8.061787221070233
20580.1	10.843941221070237
20581.8	12.029252221070234
20583.4	11.511991221070236
20585.1	8.983361221070234
20586.8	6.639341921070233
20588.4	4.9412278210702345
20590.1	4.072665621070233
20591.8	4.5492222210702336
20593.4	4.238053221070234
20595.1	3.3133306210702345
20596.8	1.914314921070234
20598.4	-0.0957597789297654
20600.1	-1.4276157789297663
20601.8	-1.6919207789297652
20603.4	-0.4517573789297661
20605.1	1.9556312210702336
20606.8	2.984013921070234
20608.4	4.321899721070234
20610.1	5.764999031070234
20611.8	5.964672221070234
20613.4	6.622663221070233
20615.1	7.212349221070234
20616.8	6.996525221070233
20618.5	6.700558521070233
20620.1	5.258543221070234
20621.8	2.6279222210702344
20623.5	0.9655255210702338
20625.1	-0.2735953789297661
20626.8	0.0471642210702338
20628.5	2.4453917210702336
20630.1	4.617244121070234
20631.8	5.289808221070233
20633.5	5.322022921070234
20635.1	3.353566221070235
20636.8	1.9496472210702345
20638.5	0.6462271210702345
20640.1	1.0427182210702337
20641.8	1.780573221070234
20643.5	3.029804221070234
20645.1	3.9767872210702335
20646.8	4.643767421070233
20648.5	5.132942221070234
20650.1	6.465355221070233
20651.8	7.189429221070235
20653.5	7.595685221070234
20655.1	7.536950621070234
20656.8	7.315085221070234
20658.5	7.110099221070234
20660.2	6.832594821070233
20661.8	6.651475221070234
20663.5	7.104415721070235
20665.2	7.888542221070233
20666.8	8.510455221070234
20668.5	8.863164221070233
20670.2	9.358336221070234
20671.8	9.111143221070234
20673.5	8.069744521070234
20675.2	6.750632991070235
20676.8	4.961949321070234
20678.5	3.680604021070233
20680.2	2.786693221070234
20681.8	2.6957247210702344
20683.5	2.6742042210702346
20685.2	2.717165221070234
20686.8	2.5928478210702344
20688.5	2.4368272210702338
20690.2	2.7101377210702338
20691.8	3.780169221070234
20693.5	4.225250021070234
20695.2	4.944380221070234
20696.8	5.622615221070234
20698.5	5.040542221070234
20700.2	4.118208221070234
20701.8	2.7029676210702336
20703.5	1.6563100210702335
20705.2	1.223439821070234
20706.9	2.1460892210702345
20708.5	3.244753021070234
20710.2	4.7260972210702334
20711.9	5.301422021070234
20713.5	5.219618421070234
20715.2	4.572476521070234
20716.9	3.853489421070235
20718.5	3.0607477210702343
20720.2	2.400508221070233
20721.9	2.8264762210702337
20723.5	2.2117115210702343
20725.2	1.4527083210702345
20726.9	1.1159768610702343
20728.5	0.7739406210702338
20730.2	-0.4386848289297663
20731.9	0.1052651210702341
20733.5	0.4535946210702342
20735.2	2.247300221070234
20736.9	3.464855021070234
20738.5	3.829323021070234
20740.2	3.654325121070234
20741.9	4.056670121070234
20743.5	3.6403515210702335
20745.2	4.132302721070234
20746.9	4.286055021070234
20748.5	4.036589221070234
20750.2	3.391306321070234
20751.9	2.719477721070234
20753.6	2.203733221070234
20755.2	2.705610221070234
20756.9	3.161920221070233
20758.6	3.622607221070234
20760.2	3.650989221070234
20761.9	3.654281821070235
20763.6	3.146453321070234
20765.2	3.3849159210702338
20766.9	4.051092021070234
20768.6	5.284936021070234
20770.2	6.915184221070234
20771.9	7.794089221070235
20773.6	8.058930221070232
20775.2	7.721414421070234
20776.9	6.667742021070234
20778.6	6.123226221070235
20780.2	6.767661221070233
20781.9	7.553887721070234
20783.6	8.939131221070234
20785.2	8.774100221070233
20786.9	7.706343121070233
20788.6	6.055931221070233
20790.2	3.879408021070234
20791.9	2.838449421070234
20793.6	2.5338442210702343
20795.2	2.964796421070234
20796.9	4.114911121070234
20798.6	4.658011221070234
20800.3	4.803842021070234
20801.9	4.872506921070235
20803.6	4.400873221070235
20805.3	4.403692721070234
20806.9	4.250587221070234
20808.6	3.626859811070234
20810.3	2.7803129310702337
20811.9	1.669558221070234
20813.6	0.843478221070234
20815.3	0.898483821070234
20816.9	2.384301021070234
20818.6	4.550080221070234
20820.3	6.2640256210702345
20821.9	7.651275221070234
20823.6	7.6866529810702335
20825.3	7.2669882210702355
20826.9	6.263083221070234
20828.6	4.688239221070234
20830.3	2.575838221070234
20831.9	0.5312663210702343
20833.6	-1.166742378929766
20835.3	-1.290238578929766
20836.9	-0.0352876789297658
20838.6	2.141814221070234
20840.3	4.0134707210702345
20842.0	5.112175221070234
20843.6	5.437629221070234
20845.3	5.213940021070234
20847.0	5.215313121070235
