0.0	0.5560430134206421
1.66789	0.40074690318464207
3.33578	0.44697978313664205
5.00367	0.23337575107064198
6.67156	0.270154528350642
8.33945	0.14211894624064209
10.0073	0.29119199898064196
11.6752	0.1717893295706421
13.3431	0.4147336157006421
15.011	0.380510269791642
16.6789	0.576100424330642
18.3468	0.46883801777064193
20.0147	0.526851791910642
21.6826	0.2967632687766421
23.3505	0.329396113350642
25.0183	0.11039372930064201
26.6862	0.2559370616106419
28.3541	0.17057758622264213
30.022	0.3787049073706421
31.6899	0.3229809904206421
33.3578	0.45586541265064195
35.0257	0.31245877026664204
36.6936	0.325620219958642
38.3615	0.136883106080642
40.0294	0.2045220659606419
41.6972	0.052193894338642105
43.3651	0.30969893681364213
45.033	0.442269160840642
46.7009	0.732523352300642
48.3688	0.835791035870642
50.0367	0.9898633233706421
51.7046	0.7699518780106422
53.3725	0.8666239770006421
55.0404	0.586954983620642
56.7083	0.5847585326252623
58.3761	0.4487182513306422
60.044	0.4745947395706421
61.7119	0.28954491184364217
63.3798	0.4253832844506422
65.0477	0.2209435239706422
66.7156	0.48963774378564195
68.3835	0.4726621098336421
70.0514	0.6814709094806422
71.7193	0.6054625271066422
73.3871	0.874882029078642
75.055	0.8450664841046422
76.7229	1.0250994588706421
78.3908	0.987213995354642
80.0587	1.2215738561376424
81.7266	1.140114121575642
83.3945	1.274467905031642
85.0624	1.1582982867926421
86.7303	1.4939772457628422
88.3982	1.779377573540642
90.066	2.100365105280642
91.7339	1.9498560444106416
93.4018	1.9414872082856423
95.0697	1.2938794798306423
96.7376	0.8153714242526422
98.4055	0.1956223182466422
100.073	0.2888885742247424
101.741	0.38621470903064237
103.409	0.747559559084642
105.077	0.6904785424506421
106.745	0.7807146522967421
108.413	0.4724446175476421
110.081	0.2968662818406421
111.749	-0.146015114037358
113.417	-0.04297233471935798
115.084	-0.09586333934635799
116.752	0.0660391564706421
118.42	-0.007340437609357903
120.088	0.056913314356642174
121.756	-0.10267570283235791
123.424	-0.0890978771013578
125.092	-0.1913682097523578
126.76	-0.04048501608135781
128.428	0.02602460844064211
130.095	0.6768136257566424
131.763	0.8723094986506422
133.431	1.1969866951447419
135.099	0.956868224190642
136.767	0.8153854251106424
138.435	0.6370792656206421
140.103	0.9563997978906422
141.771	1.3377393668606419
143.439	2.344892533440642
145.106	2.818815900130642
146.774	3.225434784920642
148.442	2.9144772308996423
150.11	2.6695207835306425
151.778	2.1860120970546424
153.446	1.9160432315346423
155.114	1.563252044397642
156.782	1.5499009795186418
158.45	1.5092719237506422
160.117	1.809029490075642
161.785	1.7385814258906418
163.453	1.9447143303706422
165.121	1.7233936009506419
166.789	1.4916450042906422
168.457	1.0776632073206422
170.125	0.9085747495706422
171.793	0.9388499253126422
173.461	1.6664651220706423
175.128	2.6100374488226423
176.796	3.963658988590642
178.464	5.826317177610642
180.132	8.68878961926064
181.8	11.180407950580642
183.468	12.610288094920643
185.136	12.427571465600643
186.804	10.466737469370642
188.472	7.5092862572506425
190.139	4.712309894760642
191.807	2.538634325640642
193.475	2.438435814980642
195.143	3.3099595463766414
196.811	3.888877854150642
198.479	4.501251972810642
200.147	5.076220069570641
201.815	4.863578396440643
203.483	5.008479802130644
205.15	4.883349128871641
206.818	6.090403468740642
208.486	7.981048051270643
210.154	10.02218062167064
211.822	11.68751714187064
213.49	13.794297069490641
215.158	14.52565711637064
216.826	14.903180044370643
218.494	13.842340822430643
220.161	12.71005246672064
221.829	10.872320056290643
223.497	9.471434006560642
225.165	8.267370511410643
226.833	8.18599241584064
228.501	7.951722819330643
230.169	7.706886808290643
231.837	6.643147186370642
233.505	5.649370213540643
235.172	4.3241265009706416
236.84	4.112035202870642
238.508	4.504243139420641
240.176	5.534018128620642
241.844	6.646241196400641
243.512	7.501056559274643
245.18	7.487509676230642
246.848	6.952332639581641
248.516	5.608578587650642
250.183	4.741277677170642
251.851	3.7091563559706424
253.519	3.266316292840642
255.187	2.868697387880642
256.855	2.8883727141306426
258.523	2.566387694017642
260.191	2.830749701365642
261.859	3.400631449850642
263.527	4.492264832520641
265.194	5.080958405340642
266.862	5.6733841507006435
268.53	5.180163691980643
270.198	4.601408062182642
271.866	3.2552539580816426
273.534	2.546210926110642
275.202	2.1729744852006423
276.87	3.0156565254736423
278.538	4.422133176510642
280.205	6.073131061450639
281.873	7.098636420060642
283.541	7.422025188610642
285.209	6.423789306330642
286.877	5.186269502393642
288.545	3.325881308940642
290.213	2.037837437510642
291.881	1.3092795729606421
293.549	1.099967874740642
295.216	0.9446804745452418
296.884	1.4025203883156419
298.552	1.795335830960642
300.22	3.5417813612506417
301.888	5.097634757765642
303.556	7.276419131989643
305.224	8.632043943790643
306.892	9.117058072830641
308.56	8.713280656870642
310.227	7.795484460680643
311.895	6.4021713784006415
313.563	6.203315883284643
315.231	5.808461407720643
316.899	5.6166041582906425
318.567	4.916296554052642
320.235	3.8505436642626423
321.903	2.7724312723106417
323.571	1.9242337210456422
325.238	1.252074655614642
326.906	1.7228927977306423
328.574	2.681538047900642
330.242	3.756453712294642
331.91	4.330896134890642
333.578	4.4360948411136425
335.246	3.854870646900642
336.914	3.099940566340643
338.582	2.0680193088406424
340.25	1.6725069985836418
341.917	1.5471069665906425
343.585	1.4839833843406423
345.253	1.2438322721426418
346.921	1.014858536610642
348.589	1.8694202233506423
350.257	4.017897749478642
351.925	7.091578456590643
353.593	11.247392416410642
355.261	14.020959455200641
356.928	15.002128828730639
358.596	13.568379233490642
360.264	10.573557770645643
361.932	8.006376384370641
363.6	6.847101035270641
365.268	6.881046509870641
366.936	8.94100191909064
368.604	10.364023837150642
370.272	10.952156784840643
371.939	10.079755809110642
373.607	8.217160344920643
375.275	7.333627225847643
376.943	7.794903512390642
378.611	8.202018253375641
380.279	9.229593449817644
381.947	8.750142912270642
383.615	7.058881017631043
385.283	4.4539544717706425
386.95	2.2867376963706416
388.618	1.3009803125337418
390.286	1.9022667918306417
391.954	1.9865482394806424
393.622	2.1893824830806423
395.29	1.6024193160306424
396.958	1.1735187453536418
398.626	0.2379585839146421
400.294	0.03100970542664209
401.961	-0.247913037064531
403.629	-0.08047764897735771
405.297	-0.2860620224443578
406.965	-0.07625951671335779
408.633	-0.2011759438093578
410.301	0.059240067370642
411.969	-0.13012372012435802
413.637	0.133127165060642
415.305	0.0331951559026421
416.972	0.26675035763464205
418.64	0.22991510867064213
420.308	0.545498144280642
421.976	0.813806246140642
423.644	1.735535298750642
425.312	2.5713529425436414
426.98	3.851649472550642
428.648	4.4533856897406405
430.316	4.882583182970642
431.983	4.455930016540641
433.651	4.1107658660406425
435.319	3.2634622629006422
436.987	3.0509626796706417
438.655	2.883131634751642
440.323	3.3176749737146425
441.991	3.268587028552642
443.659	3.431822620470642
445.327	2.786475938160642
446.994	2.613413407280642
448.662	2.036186422760642
450.33	2.4344576310066426
451.998	3.2900287911406414
453.666	5.868367035360642
455.334	10.097808318270642
457.002	16.13600965313064
458.67	21.390299819210643
460.338	24.199473545030642
462.005	23.066480669890645
463.673	18.57970299339064
465.341	11.942541264300642
467.009	5.803044914202642
468.677	1.6813979523776423
470.345	0.4689924028106423
472.013	0.8962266267606421
473.681	1.6473006432646422
475.349	2.1688754936426413
477.016	2.5172641619736416
478.684	2.3303368426443423
480.352	1.9801247589706419
482.02	1.6155453416106422
483.688	1.8401345764546422
485.356	3.1068460352106415
487.024	5.468742828890641
488.692	7.398424465120641
490.36	9.01043420749064
492.027	9.231648388560643
493.695	8.543720714890641
495.363	7.060283214960643
497.031	5.414634562090642
498.699	4.102610290310642
500.367	3.6532475168506418
502.035	2.904754193684642
503.703	2.338876143704642
505.371	1.538544947568642
507.038	1.1468778081646422
508.706	0.7053383613946419
510.374	0.5112058603206421
512.042	0.19137509679064202
513.71	0.1967781957246422
515.378	-0.0377116501493578
517.046	-0.1444231677123577
518.714	-0.34142332969135775
520.382	-0.1826456832113579
522.049	-0.1673748062413578
523.717	0.08270313176264221
525.385	-0.05479523246935779
527.053	-0.11390329590835792
528.721	-0.19163646389935782
530.389	0.7924494080706421
532.057	1.8295013267606421
533.725	3.152321658270642
535.393	3.6974957146136425
537.06	4.267572896790641
538.728	4.199287052890642
540.396	3.9667594352366433
542.064	3.301354258410642
543.732	3.082260639184643
545.4	2.3134837477206434
547.068	1.6420455912876424
548.736	0.6903001109424021
550.404	0.471514137812842
552.072	0.470078151320642
553.739	0.6212062940832419
555.407	0.49687851519264215
557.075	0.5743856467506422
558.743	0.4448390161646421
560.411	0.5664256462486421
562.079	0.5723048569656422
563.747	0.853624637752642
565.415	0.9254664284596422
567.083	1.6801648210206424
568.75	2.512447602375642
570.418	3.5888796752096415
572.086	4.105250820459643
573.754	4.2327330451376435
575.422	3.442388217499642
577.09	2.6725022443912416
578.758	1.6907154973406422
580.426	1.5955743410206418
582.094	1.7438157656146418
583.761	2.893866497374641
585.429	3.6374821786396425
587.097	4.194173392530642
588.765	3.998998757100643
590.433	3.4009055428806425
592.101	2.159938369120642
593.769	1.2435766344356418
595.437	0.05483803065064201
597.105	-0.09916625742335791
598.772	-0.277849263539358
600.44	-0.2623247990693579
602.108	-0.2568494873423578
603.776	1.321205929042642
605.444	2.938298367298642
607.112	4.730117469920643
608.78	5.555666043390642
610.448	5.350861284570641
612.116	3.9124323633336413
613.783	2.372913366750642
615.451	0.6022621935735419
617.119	0.41213953695064204
618.787	0.4971109694606421
620.455	0.978532513382642
622.123	1.479966020662642
623.791	2.1499196385806423
625.459	2.9968577378212418
627.127	5.261469769010641
628.794	7.072180175800641
630.462	8.890908836340643
632.13	9.348987178250644
633.798	8.665263065890642
635.466	7.1224354894526405
637.134	5.483331598000642
638.802	3.5592342230996428
640.47	3.1226998099656424
642.138	2.438301088130642
643.805	2.170589113460642
645.473	1.671639716070642
647.141	1.476295145208642
648.809	1.241112337950642
650.477	1.2798230453706418
652.145	1.032525209485842
653.813	1.2550820688406419
655.481	1.3205911967536421
657.149	1.8433235091666422
658.816	1.9674774929806418
660.484	2.1053503508216425
662.152	1.7917648805006423
663.82	1.4950688341226424
665.488	0.8311993891696421
667.156	0.5608216834006422
668.824	0.20173659352664217
670.492	0.4052652405316422
672.16	0.6778432724746422
673.827	1.302786573927942
675.495	1.7299327670906421
677.163	2.2427048968906425
678.831	2.187712228590642
680.499	2.1488355592986417
682.167	1.7073354298986423
683.835	1.4548479503906417
685.503	0.9921181563506419
687.171	0.8068708950286422
688.838	0.36547332488064216
690.506	0.27311225846474196
692.174	-0.014020377920357777
693.842	0.07846189150344218
695.51	0.031574937594642194
697.178	0.2223127587506421
698.846	0.073149829765642
700.514	0.1999686119986422
702.182	-0.005379838510357796
703.849	0.1526334288003422
705.517	0.07777501572064217
707.185	0.2587934324396421
708.853	0.16599162397064218
710.521	0.2794585349952421
712.189	0.1424292217106421
713.857	0.2774027356155421
715.525	0.16381376950264206
717.193	0.42359023524064227
718.86	0.6093212047306422
720.528	1.356291968510442
722.196	1.8563867561156429
723.864	2.5636958294066425
725.532	2.7632324439106424
727.2	2.775887385122642
728.868	2.2215106982926414
730.536	1.7079414295216422
732.204	0.9790209849406425
733.871	0.7486389353158421
735.539	0.3871089462926421
737.207	0.381773433170642
738.875	0.2914512136806421
740.543	0.470064961487642
742.211	0.37566970470664207
743.879	0.440567384938642
745.547	0.202377103162642
747.215	0.21410011663964212
748.882	0.012466236993642126
750.55	0.1090238403836421
752.218	0.008011148826442112
753.886	0.2179001620396421
755.554	0.1206836331106419
757.222	0.244998912424642
758.89	0.07176819207904209
760.558	0.1668991415706419
762.226	-0.042770267869357996
763.894	0.11305684144064211
765.561	0.051710042590642186
767.229	0.32591094192064207
768.897	0.5174493074133422
770.565	1.4950010149287623
772.233	2.0934642072706415
773.901	2.8666378223436415
775.569	2.9649525950006423
777.237	2.8704734062806416
778.905	2.172764836312642
780.572	1.6113755741996418
782.24	0.778837211195642
783.908	1.0783320300606423
785.576	1.5921781058806417
787.244	2.9393347053986423
788.912	4.788730489138642
790.58	6.7328447864506415
792.248	7.679011085340641
793.916	7.795421200798642
795.583	6.499815547950641
797.251	4.863150480340643
798.919	2.991768864750642
800.587	1.6025664501306418
802.255	0.7735744800366421
803.923	0.611384198280642
805.591	0.396824527300642
807.259	0.521695775796642
808.927	0.4505652625173421
810.594	0.5088591539446421
812.262	0.25538869235664224
813.93	0.19583065579664202
815.598	-0.0763635722493578
817.266	7.020082064219599e-05
818.934	-0.1094672834393579
820.602	0.039798781264641994
822.27	-0.010536432599357805
823.938	0.20210467277064198
825.605	0.21498613897964217
827.273	0.4396785067366421
828.941	0.3530802683736421
830.609	0.4226588764406421
832.277	0.2213373536746422
833.945	0.243963159256642
835.613	0.0731764996446419
837.281	0.175609762150642
838.949	0.075448268952642
840.616	0.18424040832344202
842.284	0.04115526636764201
843.952	0.1179996539266421
845.62	-0.015445312583357997
847.288	0.0610240974306421
848.956	-0.058014440413058
850.624	0.1488626864106419
852.292	0.19226259675464208
853.96	0.5845551249166421
855.627	0.7583777617806419
857.295	1.116525149340642
858.963	1.128215238600642
860.631	1.261207650810642
862.299	1.0345702539586419
863.967	1.038992957891942
865.635	0.731430306246642
867.303	0.676722014370642
868.971	0.362048881677642
870.638	0.31965533555064196
872.306	0.06722040276064199
873.974	0.0944681875306419
875.642	-0.12449725596935779
877.31	-0.0832141119233579
878.978	-0.3357351724793579
880.646	-0.40684795585035777
882.314	-0.6028776309493578
883.982	-0.4043902533623578
885.649	-0.3711355395033581
887.317	-0.08042179246935789
888.985	-0.0938603577093578
890.653	0.07900863728864199
892.321	-0.0325664231763578
893.989	0.03423105098064211
895.657	-0.114057667317358
897.325	0.1285531000428021
898.993	0.0911264067296421
900.66	0.21823118986544202
902.328	0.1043443675006421
903.996	0.223843519830642
905.664	0.057239306373742
907.332	0.1495999958236421
909.0	-0.05908037289135801
910.668	0.013527255945642106
912.336	-0.11890181923335788
914.004	-0.043657480416357995
915.671	-0.1639901236393579
917.339	-0.007562586589357899
919.007	-0.03396079949935779
920.675	0.19875694025774202
922.343	0.234760633827842
924.011	0.475640213890642
925.679	0.4410935947746419
927.347	0.5968439742696421
929.015	0.49799341599064195
930.682	0.6303995308646421
932.35	1.573436050552642
934.018	5.070466971590641
935.686	8.45814403687064
937.354	11.236761835890642
939.022	11.849064727710639
940.69	10.142582374934639
942.358	6.778260380710641
944.026	3.303804504900642
945.693	0.4222998987026419
947.361	0.14797189108264208
949.029	0.19781426801664204
950.697	0.30180306682064206
952.365	0.275874458980642
954.033	0.819037768310642
955.701	2.5829527179206417
957.369	3.925005568080643
959.037	6.094894348960642
960.704	10.661792939630642
962.372	13.180633138200644
964.04	14.899243595460643
965.708	13.829319869760642
967.376	10.367873385210643
969.044	6.576762727860643
970.712	2.696073579460642
972.38	-0.6607509534893578
974.048	-0.2853071220401579
975.715	-0.48848050248935765
977.383	-0.2847735104693578
979.051	-0.5009493640063577
980.719	-0.3118407309973578
982.387	-0.4277861846973577
984.055	-0.031689775081737884
985.723	0.2777530755866422
987.391	1.0309036532306421
989.059	1.496867717116642
990.727	2.232355928196742
992.394	2.3627356112106424
994.062	2.437929111688642
995.73	1.8780302711606418
997.398	1.4590861047846422
999.066	0.774543505836642
1000.73	0.48172827623764203
1002.4	0.0032354611746421014
1004.07	0.005545345986642199
1005.74	-0.1921790014793579
1007.41	-0.08646086104935781
1009.07	-0.2536796738593578
1010.74	-0.09110191006315779
1012.41	-0.24031840718135777
1014.08	-0.0971283998993578
1015.74	-0.24713843792335768
1017.41	-0.10589624266935779
1019.08	-0.2444271049513578
1020.75	-0.1031278978333577
1022.42	-0.2028302697193578
1024.08	-0.04355279896135789
1025.75	-0.1532142461493579
1027.42	0.018814329800642005
1029.09	-0.0871592312093579
1030.76	0.0799298986306421
1032.42	0.01746433724464199
1034.09	0.0947949877906421
1035.76	-0.07307867529935799
1037.43	-0.256127378359358
1039.1	-0.043297198459357894
1040.76	1.8979278607926424
1042.43	4.368760104976642
1044.1	7.144227837300642
1045.77	8.559844536840645
1047.43	8.467578296960642
1049.1	6.580332854446643
1050.77	4.0692832447006415
1052.44	1.4696619709967425
1054.11	0.5064356378556422
1055.77	-0.013142067003357889
1057.44	0.09333383946064211
1059.11	-0.21334830798935792
1060.78	-0.03129630573035791
1062.45	-0.2683484536613578
1064.11	-0.05145025688435789
1065.78	-0.24702734546735777
1067.45	0.0566466643136422
1069.12	-0.1778392381193579
1070.79	-0.1780452914293579
1072.45	-0.4428704051113579
1074.12	-0.32557568417935795
1075.79	-0.46768026269935803
1077.46	-0.0860313654193579
1079.12	-0.10877522705935781
1080.79	0.29140352870764213
1082.46	0.21897924734664198
1084.13	0.25573192669664196
1085.8	0.1446686316566419
1087.46	0.287044218314642
1089.13	0.118838612300642
1090.8	0.247548037924642
1092.47	0.10751515347064199
1094.14	0.25060359990264197
1095.8	0.108465944730642
1097.47	0.2432991861496421
1099.14	0.10134376808064191
1100.81	0.2327322113493421
1102.48	0.0559856115696419
1104.14	0.1703158755306421
1105.81	0.0003567112106421036
1107.48	0.1338352300906421
1109.15	-0.009829490479357994
1110.81	0.1488403423746421
1112.48	-0.005133766471357895
1114.15	0.18837687908064213
1115.82	0.024365934930642097
1117.49	0.467601737798642
1119.15	1.174904835028642
1120.82	2.471593248420642
1122.49	3.2798728672766417
1124.16	3.9051196924706417
1125.83	3.3186443295316415
1127.49	3.740421128948641
1129.16	4.507561440044642
1130.83	6.389607161770642
1132.5	8.374210194310642
1134.17	9.76304667943064
1135.83	8.954680976390641
1137.5	8.404451982750642
1139.17	6.959355298670642
1140.84	6.4564603746646405
1142.5	6.279809254238641
1144.17	5.953966283389643
1145.84	5.446216308504641
1147.51	5.349392629506642
1149.18	4.215056204120642
1150.84	4.029125155390642
1152.51	3.286834396097642
1154.18	2.185115484946642
1155.85	0.8458053380606421
1157.52	0.2822797014546421
1159.18	0.566084705460642
1160.85	2.6912965357106424
1162.52	4.261525151040643
1164.19	5.332450467000641
1165.85	5.078922433740642
1167.52	3.9413102348206417
1169.19	1.890566389704642
1170.86	0.4356991364306423
1172.53	-0.8016727362893578
1174.19	-0.7623166026393576
1175.86	-0.6383466101593578
1177.53	-0.5727423080033578
1179.2	-0.6665072903393578
1180.87	-0.6075863392923577
1182.53	-0.7191737700893578
1184.2	-0.6109731452883579
1185.87	-0.5842831908148578
1187.54	-0.3463010624853577
1189.21	-0.30561639706735777
1190.87	-0.1152817175563578
1192.54	-0.1827221903723577
1194.21	-0.0933348460393579
1195.88	-0.22057925811635778
1197.54	-0.1538559237503577
1199.21	-0.2697518349367779
1200.88	-0.14814901573035777
1202.55	-0.20751398026535792
1204.22	-0.0889755020280579
1205.88	-0.13760727345135804
1207.55	-0.005430692594357914
1209.22	-0.11426937342935789
1210.89	-0.001432247587357896
1212.56	-0.1005752364033578
1214.22	0.02839726672564201
1215.89	-0.0406555344573578
1217.56	0.0837281701806421
1219.23	-0.008958824149357905
1220.9	0.104198439420642
1222.56	-0.0268684022571579
1224.23	0.0695255623606421
1225.9	-0.0471876503593578
1227.57	0.10493417342664199
1229.23	0.035510904899642204
1230.9	0.1994382816286419
1232.57	0.08590758887064201
1234.24	0.15935716647464201
1235.91	-0.024697838112358
1237.57	0.012174684186642097
1239.24	-0.1709434587653579
1240.91	-0.07453607132535771
1242.58	-0.1583859253673579
1244.25	0.013912403615442102
1245.91	-0.04598811217735779
1247.58	0.10002259199164201
1249.25	0.030925564098642
1250.92	0.1646060633706419
1252.59	0.0983125261806419
1254.25	0.25423058874064197
1255.92	0.223938300478642
1257.59	0.453845624950642
1259.26	0.7244089343236422
1260.92	2.054358603775642
1262.59	3.1787029434506424
1264.26	4.5181367221574416
1265.93	4.878736280540642
1267.6	4.563838904280643
1269.26	3.2950054383206417
1270.93	2.034548653290642
1272.6	0.6033793504536421
1274.27	0.3248569262406421
1275.94	-0.04627264990735791
1277.6	0.0924290410036421
1279.27	-0.0657724717313579
1280.94	0.0563923946806421
1282.61	-0.1021788659893578
1284.28	-0.006434757279358008
1285.94	-0.1743985556493578
1287.61	-0.08796557992935769
1289.28	-0.24507819537935782
1290.95	-0.1043629479523578
1292.61	-0.1983642804693579
1294.28	-0.022610156209357794
1295.95	-0.1258837221993579
1297.62	0.006948221200642098
1299.29	-0.14686685467935778
1300.95	-0.0501653397793579
1302.62	-0.19878446424935778
1304.29	-0.061841801329357904
1305.96	-0.1645305346223577
1307.63	0.026362779110642102
1309.29	-0.053617534692357804
1310.96	0.122963131780642
1312.63	0.017637299140642097
1314.3	0.12437154687064197
1315.97	-0.0333484990193579
1317.63	0.05920579216064201
1319.3	-0.1257475332093578
1320.97	-0.018248652849357797
1322.64	-0.1622694703063579
1324.3	-0.0343832848193579
1325.97	-0.1573965359193578
1327.64	-0.0235034497893578
1329.31	-0.1395559235153577
1330.98	0.005712511536342002
1332.64	-0.13164478695935777
1334.31	0.008818464470641996
1335.98	-0.1335386176093578
1337.65	-0.017369361529357905
1339.32	-0.1452681819193577
1340.98	0.010689575530642002
1342.65	-0.06965871624535801
1344.32	0.1121088336526419
1345.99	0.047522465460642
1347.65	0.207181439670642
1349.32	0.23131214804064198
1350.99	0.8442943953306419
1352.66	1.566984326834642
1354.33	2.7049566586966414
1355.99	3.2778725399706423
1357.66	3.5550061131706423
1359.33	2.8658365830706427
1361.0	1.9724478241606422
1362.67	0.6926355094106421
1364.33	0.2481485629306421
1366.0	0.22148223795064217
1367.67	0.8049223042906422
1369.34	1.0780340005186422
1371.01	1.4508557696806421
1372.67	1.1348876251226423
1374.34	0.9393971335206422
1376.01	0.334517917580642
1377.68	0.1546798896626421
1379.34	-0.051576917613357996
1381.01	0.068299924472242
1382.68	-0.10174593438835787
1384.35	0.145861061472642
1386.02	0.07400930976064211
1387.68	0.593973821490642
1389.35	1.855341047840642
1391.02	3.4403082349706415
1392.69	4.505321059580643
1394.36	5.054946190620642
1396.02	4.170370662460642
1397.69	2.901149235220642
1399.36	1.156688371002642
1401.03	-0.09391019241935789
1402.7	-0.5152829031593579
1404.36	-0.3674317191013578
1406.03	-0.5020803299333579
1407.7	-0.2982781780703579
1409.37	-0.5604438499493578
1411.03	-0.529906802912358
1412.7	0.004356852890642193
1414.37	0.709614353110642
1416.04	1.3277293523376419
1417.71	1.928201950340642
1419.37	1.703157882220642
1421.04	1.4640320876706414
1422.71	0.761039435356642
1424.38	0.16065349978064208
1426.05	0.06929123025064221
1427.71	0.15685949262064197
1429.38	0.0432302467406422
1431.05	0.18846492462264208
1432.72	0.04009324794864222
1434.39	0.150619848850642
1436.05	-0.012609755449357787
1437.72	0.134603809310642
1439.39	-0.015479584675357799
1441.06	0.19236066766064192
1442.72	0.05419354249064201
1444.39	0.266680942671642
1446.06	0.103166101036642
1447.73	0.645824468299242
1449.4	1.2302238433506423
1451.06	2.027225645130642
1452.73	2.421183360894642
1454.4	2.611432570970642
1456.07	2.1408111111626416
1457.74	1.8317606264006423
1459.4	1.0973524429006423
1461.07	0.8567568017206422
1462.74	0.6487729106736423
1464.41	0.3680012360806421
1466.08	0.4039038861166419
1467.74	1.7736546024006419
1469.41	3.026576502190643
1471.08	4.447738948090642
1472.75	4.734927834692642
1474.41	4.197464744030642
1476.08	2.7141427853706426
1477.75	3.1486229837406423
1479.42	4.403995781570642
1481.09	6.675051520441643
1482.75	8.046480012080643
1484.42	7.794286096832642
1486.09	5.797233658000643
1487.76	3.6406069676106423
1489.43	0.9760614547486421
1491.09	0.17981914797664222
1492.76	0.2082482845676422
1494.43	0.12043588644064221
1496.1	0.014208724916642003
1497.76	0.0741869529406422
1499.43	0.003415217880641995
1501.1	0.1073766263286422
1502.77	0.066822849346642
1504.44	0.16668951835664209
1506.1	0.1252052592726421
1507.77	0.24834894027164203
1509.44	0.162272691110642
1511.11	0.28722895806854193
1512.78	0.145278392138642
1514.44	0.19899057344264218
1516.11	0.05491219067064209
1517.78	0.12921211933264198
1519.45	0.0385866218806421
1521.12	0.186387928370642
1522.78	0.120296030790642
1524.45	0.257462816250642
1526.12	0.154274467528642
1527.79	0.241507731442642
1529.45	0.1072938928406421
1531.12	0.226270582694442
1532.79	0.11869077163064211
1534.46	0.21064312648164202
1536.13	0.09294732774064211
1537.79	0.1798383322806419
1539.46	0.047201398120642196
1541.13	0.20197742881464203
1542.8	0.09605054783064221
1544.47	0.3005574062406419
1546.13	0.3289691782806421
1547.8	0.728314089060642
1549.47	1.088641436584642
1551.14	1.7753435365116417
1552.81	2.290735436240642
1554.47	3.8819873455206424
1556.14	5.891083139170642
1557.81	7.414195986205642
1559.48	9.821692355700641
1561.14	11.832841843610643
1562.81	12.414950819930644
1564.48	12.00034894898064
1566.15	9.614380166700641
1567.82	6.773176157730641
1569.48	4.260590401100642
1571.15	1.5144807480906424
1572.82	0.27022609260064223
1574.49	0.35308840506964206
1576.16	0.2692778538326422
1577.82	0.6206881403106421
1579.49	0.640003087670642
1581.16	1.919549343392642
1582.83	2.8798883062146414
1584.5	3.9252638885336415
1586.16	4.046890522560642
1587.83	3.9882518916106418
1589.5	3.6546317842326417
1591.17	5.619793865780641
1592.83	8.827474951650641
1594.5	14.016301531390642
1596.17	20.182043386370644
1597.84	26.644750563560642
1599.51	29.23220113017064
1601.17	28.74568812477064
1602.84	24.092554450370642
1604.51	17.921898224270638
1606.18	11.859178355620642
1607.85	7.098023134695941
1609.51	3.8922746103026418
1611.18	4.426764130494642
1612.85	4.525961550630642
1614.52	4.412166349440642
1616.19	3.5884766056006425
1617.85	2.8781615480236424
1619.52	1.8314268165096423
1621.19	1.727424505351542
1622.86	1.188889651775642
1624.52	1.5425976254906422
1626.19	1.751524074070642
1627.86	1.799285313030642
1629.53	1.280117503200642
1631.2	1.1150484442206419
1632.86	0.808200714849642
1634.53	1.057838580810642
1636.2	0.979474844170642
1637.87	1.010627407415642
1639.54	0.9895604147606423
1641.2	1.3918760785596422
1642.87	1.8215964827306423
1644.54	2.201863974660642
1646.21	2.1531224001506417
1647.88	1.993262921130642
1649.54	1.696639949270642
1651.21	1.8088565469106415
1652.88	2.0897687757806422
1654.55	2.5297572266536417
1656.21	2.622280033260642
1657.88	2.315899040100642
1659.55	1.560072444402642
1661.22	0.8306419075806419
1662.89	0.22970213000264209
1664.55	0.0599574002556421
1666.22	0.0210349643086421
1667.89	0.0655034635806421
1669.56	-0.010369550711357998
1671.23	0.07120150261064209
1672.89	0.059024237840642
1674.56	0.0174327653366421
1676.23	-0.03152459123635791
1677.9	-0.0400223022633577
1679.56	-0.09648415275935789
1681.23	-0.018024565657357904
1682.9	0.0169289687126421
1684.57	0.1109339288846421
1686.24	0.187863175482642
1687.9	0.12079024721064209
1689.57	0.12152366536624201
1691.24	0.019002268360642033
1692.91	0.8701092877606419
1694.58	2.1830941258406416
1696.24	3.1154570522326415
1697.91	3.8299498605406423
1699.58	3.4172238350126416
1701.25	2.4169998663106416
1702.92	1.1935663960486422
1704.58	0.01174733191064209
1706.25	-0.4349212987393577
1707.92	-0.0858090341393578
1709.59	-0.2495864039893578
1711.25	-0.0713295763093578
1712.92	-0.21239654753935772
1714.59	-0.0569876205893579
1716.26	-0.13786564058935782
1717.93	0.1415738173906421
1719.59	0.1421392766706421
1721.26	0.45306799580664214
1722.93	0.4829909116766421
1724.6	0.861922809730642
1726.27	0.8369618284516419
1727.93	0.991673572140642
1729.6	0.689371686901642
1731.27	0.5570109641806421
1732.94	0.1034725237926421
1734.61	-0.007201668230357887
1736.27	-0.3072171533893577
1737.94	-0.1284278683783579
1739.61	-0.24574948775935782
1741.28	-0.0667852071593578
1742.94	-0.1770967539993577
1744.61	-0.0588526993163578
1746.28	-0.2202814499783578
1747.95	-0.1078947664563579
1749.62	-0.2587594832093578
1751.28	-0.1347224928703579
1752.95	-0.2430793738183578
1754.62	-0.07292511192635781
1756.29	-0.1636117955893578
1757.96	-0.0313783234993579
1759.62	-0.16328926793935772
1761.29	-0.03545617608635789
1762.96	-0.1575308823193578
1764.63	6.841799364220094e-05
1766.3	-0.1033064292093579
1767.96	0.03601199036064211
1769.63	-0.1263778322463579
1771.3	-0.052633461789357794
1772.97	-0.2291739710753577
1774.63	-0.11277289856135789
1776.3	-0.23465628999935778
1777.97	-0.06662090521735789
1779.64	-0.1823803711193577
1781.31	-0.04157744697435779
1782.97	-0.2260102045623578
1784.64	-0.13228448777635787
1786.31	-0.3437126459233578
1787.98	-0.2692413223983578
1789.65	-0.4768522477923578
1791.31	-0.3893753331470578
1792.98	-0.7161321057093578
1794.65	-0.10067015840535781
1796.32	1.0247023812206422
1797.99	2.321786062324942
1799.65	3.820561357820642
1801.32	5.6755642135986415
1802.99	6.818340303300643
1804.66	7.4669381884706425
1806.32	6.722461768190642
1807.99	5.431175236840642
1809.66	3.8809028411206414
1811.33	2.0840202218086414
1813.0	0.563777920391642
1814.66	0.123172305745642
1816.33	0.020238212760642103
1818.0	0.138388023858642
1819.67	0.0495676565606421
1821.34	0.155076961344642
1823.0	0.027680549248642
1824.67	0.1000294600986421
1826.34	-0.030959624889357995
1828.01	0.05175117511964209
1829.68	-0.05465069999935799
1831.34	0.069580449226642
1833.01	-0.014711482041357998
1834.68	0.123258106340042
1836.35	0.0419449830686421
1838.01	0.1654002273486421
1839.68	0.062078601129642
1841.35	0.15644056107564208
1843.02	0.016209052260642093
1844.69	0.09667918810664211
1846.35	-0.034702122299358
1848.02	0.0693882621826422
1849.69	-0.0315031627593579
1851.36	0.0933746195556421
1853.03	-0.006818409776357896
1854.69	0.1147888193926421
1856.36	0.0029310412806420987
1858.03	0.11329250648464209
1859.7	0.0026507201036422012
1861.36	0.10630448386664201
1863.03	-0.014664829609357801
1864.7	0.0892744799386419
1866.37	-0.0383409590493578
1868.04	0.067113580328342
1869.7	-0.04813798618835789
1871.37	0.059914331544642
1873.04	-0.05073518024935791
1874.71	0.0585876045026421
1876.38	-0.0620561046163579
1878.04	0.054347391432642195
1879.71	-0.053019086504357896
1881.38	0.07000583115364221
1883.05	-0.031032469046358004
1884.72	0.0988913663751421
1886.38	-0.004388426037357899
1888.05	0.12111184354464209
1889.72	0.015761941790642102
1891.39	0.124895238848642
1893.05	-0.004931361774357903
1894.72	0.08175507087264211
1896.39	-0.0626578751413579
1898.06	0.0296669790906421
1899.73	-0.10825049636335779
1901.39	-0.0025776553213579002
1903.06	-0.11867626262935789
1904.73	0.010143310068642003
1906.4	-0.0810151964433578
1908.07	0.055502067208642106
1909.73	-0.0243800932093579
1911.4	0.11416569406864209
1913.07	0.0082746242406421
1914.74	0.1219483426906421
1916.41	-0.006710858341357994
1918.07	0.086217025990642
1919.74	-0.0473138599471579
1921.41	0.0421442619006421
1923.08	-0.0755408102923578
1924.74	0.044085720652642206
1926.41	-0.0513721380853579
1928.08	0.08070710216464211
1929.75	-0.0170198692073579
1931.42	0.122972887817642
1933.08	0.026413007820641998
1934.75	0.150181779627222
1936.42	0.029995437084642
1938.09	0.11856171884364208
1939.76	-0.0306837044963579
1941.42	0.057304972203642106
1943.09	-0.07537624324335788
1944.76	0.051101174115642
1946.43	-0.04659710412535781
1948.1	0.077939246452642
1949.76	-0.05032935217835781
1951.43	0.0397684424516421
1953.1	-0.1105017532415578
1954.77	-0.013488253495357903
1956.43	-0.1309050916973579
1958.1	0.0016855447426420977
1959.77	-0.0974989632093578
1961.44	0.041314176776642
1963.11	-0.0624907818653577
1964.77	0.07367460373764209
1966.44	-0.0344851605693578
1968.11	0.0956138439606421
1969.78	-0.0154934299193579
1971.45	0.12004527160664209
1973.11	0.0134451176606421
1974.78	0.133334820706642
1976.45	0.022621153068642097
1978.12	0.1469362383856419
1979.79	0.0220107820626421
1981.45	0.12253447657764201
1983.12	-0.013439114309357805
1984.79	0.091301157981642
1986.46	-0.025797800744357897
1988.12	0.0915118517946419
1989.79	-0.014408771047357799
1991.46	0.11222928706664201
1993.13	0.014108963980642202
1994.8	0.13096488486364208
1996.46	0.030116225120642
1998.13	0.17005258036564208
1999.8	0.071524157426642
2001.47	0.1927513713706419
2003.14	0.0645563809606419
2004.8	0.1377566076406421
2006.47	-0.0143062733193578
2008.14	0.0748137085566421
2009.81	-0.047857621249357704
2011.48	0.09321333305264211
2013.14	0.0044084989906419975
2014.81	0.146239590635642
2016.48	0.0383164597706421
2018.15	0.1449796683906421
2019.81	0.010416209276642
2021.48	0.1103430388386421
2023.15	-0.028448361340357997
2024.82	0.0817893453786421
2026.49	-0.05136404264335789
2028.15	0.062647357827642
2029.82	-0.05342863055935781
2031.49	0.0846193317574421
2033.16	-0.016311482053357897
2034.83	0.10376810204864201
2036.49	-0.0358352671433579
2038.16	0.05596779152164211
2039.83	-0.0935482952493579
2041.5	0.007573298149042103
2043.16	-0.1085733948463578
2044.83	0.028275411583642197
2046.5	-0.0829586776393579
2048.17	0.0353533799406421
2049.84	-0.0912939978773579
2051.5	0.0211923261077422
2053.17	-0.08933655692435781
2054.84	0.03552514445964221
2056.51	-0.0643176621763579
2058.18	0.0706769239546422
2059.84	-0.0417521275633579
2061.51	0.07975040376664211
2063.18	-0.037737578027358006
2064.85	0.06349208640064209
2066.52	-0.07955665728635788
2068.18	0.0119005743706421
2069.85	-0.10709354738935789
2071.52	0.016881314945642097
2073.19	-0.08292774641935781
2074.85	0.057913263020642106
2076.52	-0.040299015249357806
2078.19	0.09115923704864211
2079.86	-0.05137767396335789
2081.53	0.08193891819264221
2083.19	0.0043451242556421035
2084.86	0.2172564115596421
2086.53	0.2197557871892421
2088.2	0.3823913385746421
2089.87	0.2509258227466421
2091.53	0.26950860913964214
2093.2	-0.012114720470757895
2094.87	-0.0204383238413579
2096.54	-0.22061403651535771
2098.21	-0.1276143256913579
2099.87	-0.19729367401535788
2101.54	-0.0749117746433577
2103.21	-0.1650843602913578
2104.88	-0.0559231805123578
2106.54	-0.1788414046653578
2108.21	-0.09663111109235789
2109.88	-0.2545880191613577
2111.55	-0.1787909429973578
2113.22	-0.3289054895893579
2114.88	-0.22557363651935786
2116.55	-0.3082983059893578
2118.22	-0.13126307325335787
2119.89	-0.1649627109253579
2121.56	0.037216072790642
2123.22	-0.025783372327357897
2124.89	0.12444217468764213
2126.56	0.003668723208642099
2128.23	0.1012296414186421
2129.9	-0.0284712748293578
2131.56	0.0818218335346421
2133.23	-0.0395230803393579
2134.9	0.07934589940464211
2136.57	-0.04120701900535789
2138.23	0.0699739730326421
2139.9	-0.0543493853093578
2141.57	0.0342531512286421
2143.24	-0.11121043794935781
2144.91	-0.0188034281713579
2146.57	-0.1434741948693578
2148.24	-0.0149368266613578
2149.91	-0.1061973449433578
2151.58	0.0224186734886421
2153.25	-0.0842528759093579
2154.91	0.022248843106642102
2156.58	-0.1209408389193578
2158.25	-0.020654003379357702
2159.92	-0.15420839467235778
2161.59	-0.0455837164093577
2163.25	-0.1386546586633579
2164.92	0.0032196058406421015
2166.59	-0.0829500052273578
2168.26	0.064877464770642
2169.92	-0.0464633556011578
2171.59	0.07106982322064201
2173.26	-0.0633175219093579
2174.93	0.0414135266466421
2176.6	-0.0600686175233578
2178.26	0.0734167392476421
2179.93	-0.023935634481357895
2181.6	0.10678222748864209
2183.27	-0.012172767529358006
2184.94	0.10162326323384191
2186.6	-0.0320394967893579
2188.27	0.069000524716642
2189.94	-0.0605718115893579
2191.61	0.0464227516326421
2193.28	-0.0716567280653578
2194.94	0.0566828617106421
2196.61	-0.0431805488473579
2198.28	0.0895431584006421
2199.95	-0.0187252379753579
2201.61	0.08881595580264211
2203.28	-0.044923700259357796
2204.95	0.06050706464364211
2206.62	-0.052932063059357805
2208.29	0.07747526823864209
2209.95	-0.028355458019357897
2211.62	0.0919308992406421
2213.29	-0.0322279329603578
2214.96	0.06593576701064201
2216.63	-0.0682747739713578
2218.29	0.0539053353656421
2219.96	-0.045427565049357806
2221.63	0.08811397955664199
2223.3	-0.017508131549358
2224.96	0.09698435082764201
2226.63	-0.025437105293358006
2228.3	0.09158225466564199
2229.97	-0.027668856607358
2231.64	0.088092612970642
2233.3	-0.032061844809358
2234.97	0.06251515588064221
2236.64	-0.07868302947935789
2238.31	0.010185674482642102
2239.98	-0.1205113109413578
2241.64	-0.014121100873357805
2243.31	-0.12771310528935778
2244.98	-0.002723142421357898
2246.65	-0.1095090185293579
2248.32	0.011408635464642098
2249.98	-0.1264621000353579
2251.65	-0.0429597971939578
2253.32	-0.1845477243793579
2254.99	-0.051299232517357796
2256.65	-0.1050833229453578
2258.32	0.14350125655464208
2259.99	0.21008735391164207
2261.66	0.49165863437964213
2263.33	0.4446702820946422
2264.99	0.532128005770642
2266.66	0.3224224594406422
2268.33	0.3215768351756421
2270.0	0.101844014640642
2271.67	0.150654103647642
2273.33	0.0025018732136420987
2275.0	0.0980963360906419
2276.67	-0.0827035858793578
2278.34	-0.0416738201213578
2280.01	-0.2072630028693577
2281.67	-0.1362378906593579
2283.34	-0.2713999509893577
2285.01	-0.1544953431693577
2286.68	-0.2552846253263578
2288.34	-0.10150182598935781
2290.01	-0.1838289823753577
2291.68	-0.0384630744493578
2293.35	-0.13719319922395778
2295.02	-0.0258707849373579
2296.68	-0.1525106285129578
2298.35	-0.0382964604643578
2300.02	-0.14890393137535782
2301.69	-0.0284664796593578
2303.36	-0.1187739555627579
2305.02	0.024959811874642007
2306.69	-0.06616595998535789
2308.36	0.0730528971606421
2310.03	-0.037300463711357805
2311.7	0.07451602595064201
2313.36	-0.0594612030293578
2315.03	0.030623767950642138
2316.7	-0.1031532878493579
2318.37	0.004881397830642099
2320.03	-0.10897105275935778
2321.7	0.010870473200642
2323.37	-0.0893617684543578
2325.04	0.045476910140642
2326.71	-0.0539322336133579
2328.37	0.0880425740186421
2330.04	-0.0229536718303579
2331.71	0.0897403446286421
2333.38	-0.037682557641358
2335.05	0.05368094028164219
2336.71	-0.07198565584935789
2338.38	0.03252013268864219
2340.05	-0.08381072138935791
2341.72	0.04330861866314201
2343.39	-0.0680692797233579
2345.05	0.049808220486642095
2346.72	-0.06516274402935779
2348.39	0.045847602966042005
2350.06	-0.0697557910453578
2351.72	0.03381915590864211
2353.39	-0.0837024735723579
2355.06	0.029369231267642
2356.73	-0.0727993911383579
2358.4	0.052888790190642104
2360.06	-0.0521939120633578
2361.73	0.080149852953542
2363.4	-0.026565251159357903
2365.07	0.08812455301864211
2366.74	-0.029113620270357802
2368.4	0.057593559763642097
2370.07	-0.0825869000923579
2371.74	0.0063662741586420005
2373.41	-0.1239902313793577
2375.07	0.005978810821642002
2376.74	-0.0841166828493577
2378.41	0.051030670213642104
2380.08	-0.0510993932833579
2381.75	0.053524397725642006
2383.41	-0.07022802759845789
2385.08	0.036057484615642094
2386.75	-0.0835557755473579
2388.42	0.0284930660586421
2390.09	-0.0927710359313578
2391.75	0.012755501142642102
2393.42	-0.11461402179335779
2395.09	-0.012953227749357801
2396.76	-0.13491329544135777
2398.43	-0.0217241991353579
2400.09	-0.11610951748835781
2401.76	0.0322440380256421
2403.43	-0.0440130417263579
2405.1	0.10883837910864201
2406.76	0.003369677050641999
2408.43	0.11513442633664212
2410.1	-0.0167801486829579
2411.77	0.07639012652664201
2413.44	-0.04318323028335776
2415.1	0.070378024660642
2416.77	-0.0540381232243577
2418.44	0.051928233623642
2420.11	-0.07968539133935769
2421.78	0.0271306059046421
2423.44	-0.0795181995693578
2425.11	0.054895606942642096
2426.78	-0.0252633939493579
2428.45	0.11075015934064208
2430.12	0.009961218510642002
2431.78	0.116870449584642
2433.45	-0.017554458645357804
2435.12	0.0649530125620421
2436.79	-0.0812076212787579
2438.45	0.003303133673642201
2440.12	-0.1196557498638578
2441.79	-0.0093587327494579
2443.46	-0.1141238119885579
2445.13	0.020783714870642102
2446.79	-0.0805964863003578
2448.46	0.048874296667642106
2450.13	-0.0587439978793578
2451.8	0.0803721052029421
2453.47	-0.013419171655357897
2455.13	0.1186832546197421
2456.8	-0.0032052047213578013
2458.47	0.10013272320464209
2460.14	-0.0438340701793579
2461.81	0.0532202230926421
2463.47	-0.06444815302935798
2465.14	0.05595861641764201
2466.81	-0.044543723661357996
2468.48	0.075587548202642
2470.14	-0.047230956149357906
2471.81	0.06499338404064199
2473.48	-0.0461590438373577
2475.15	0.0720102197696421
2476.82	-0.013466460948257899
2478.48	0.12052771499864201
2480.15	0.0345476643726421
2481.82	0.1742022166706421
2483.49	0.0606492853166421
2485.16	0.17084816762884208
2486.82	0.036138290205642
2488.49	0.1258624500146421
2490.16	-0.016375319561358
2491.83	0.0686635032696421
2493.5	-0.0583090411853579
2495.16	0.040280214500642106
2496.83	-0.08813261657735781
2498.5	0.029578954842642
2500.17	-0.0718767363193578
2501.83	0.07392931593464201
2503.5	-0.012857458528358005
2505.17	0.12126005310964219
2506.84	0.006485318908642103
2508.51	0.0946229834646422
2510.17	-0.06093663724665781
2511.84	0.023262937490642104
2513.51	-0.1092257609043578
2515.18	0.031915718274642
2516.85	-0.0446614253493577
2518.51	0.08116653218764211
2520.18	-0.0433382265693578
2521.85	-0.0229713134707578
2523.52	-0.23749985732435788
2525.19	-0.2107707978203578
2526.85	-0.3805510316393578
2528.52	-0.2307250569413578
2530.19	-0.26354707792935783
2531.86	-0.0874385769213577
2533.52	-0.17079903409935782
2535.19	-0.0895559559593578
2536.86	-0.2231534463393579
2538.53	-0.1150390326823577
2540.2	-0.2036156787353578
2541.86	-0.0191788916233578
2543.53	-0.0697777937473579
2545.2	0.1067752999922421
2546.87	0.0093830578306422
2548.54	0.1081561223646421
2550.2	0.0007073600116421011
2551.87	0.060741556760641996
2553.54	-0.1007387894913579
2555.21	-0.0256329958993578
2556.87	-0.17108230943335792
2558.54	-0.045940890269357805
2560.21	-0.1379493521753578
2561.88	-0.0243997938713578
2563.55	-0.1150846847693578
2565.21	-0.0276178401943579
2566.88	-0.1655426366703579
2568.55	-0.0133157910103579
2570.22	-0.1141882636093579
2571.89	0.0334333514606422
2573.55	-0.0678330350053579
2575.22	0.0498706878746422
2576.89	-0.07716672477735781
2578.56	0.031426045249642
2580.23	-0.10330185992335791
2581.89	0.019713959460642097
2583.56	-0.09298302833135788
2585.23	-0.0002896625893579006
2586.9	-0.1346531874193578
2588.56	-0.040537205433357704
2590.23	-0.1886405896913579
2591.9	-0.0884751944913578
2593.57	-0.2156544862693578
2595.24	-0.0849583548393578
2596.9	-0.1547260167093579
2598.57	-0.010411586249358
2600.24	-0.0904359276293579
2601.91	0.029571889570642104
2603.58	-0.10971528859335791
2605.24	-0.0149984081593579
2606.91	-0.1686198824283579
2608.58	-0.0725137882453577
2610.25	-0.1992443366283579
2611.92	-0.08599001031935781
2613.58	-0.2215905517393579
2615.25	-0.1218555167761578
2616.92	-0.2671994860423579
2618.59	-0.1714134115223579
2620.25	-0.2792550694873579
2621.92	-0.13751361293405778
2623.59	-0.2175670106493578
2625.26	-0.0621760828193578
2626.93	-0.1549637331413578
2628.59	-0.0283667488293579
2630.26	-0.1197961023093577
2631.93	0.008659520180642095
2633.6	-0.0738818257393577
2635.27	0.019521737571841995
2636.93	-0.11551996134935771
2638.6	-0.0759737326993578
2640.27	-0.2532181632793579
2641.94	-0.1831721101493578
2643.61	-0.2200094208533579
2645.27	0.0317896584876422
2646.94	0.119441434058642
2648.61	0.40384919927064206
2650.28	0.31774804568864196
2651.94	0.3712760760966421
2653.61	0.1493415416836421
2655.28	0.17945744273064188
2656.95	0.0752983449156421
2658.62	0.262153946256642
2660.28	0.1806580444896421
2661.95	0.345656295158642
2663.62	0.18818189242464198
2665.29	0.22179385310064206
2666.96	0.058100456139641994
2668.62	0.1029441398156421
2670.29	-0.09424152559935779
2671.96	-0.019963068099357894
2673.63	-0.1472925734563578
2675.3	-0.020485811951158
2676.96	-0.0992000150313578
2678.63	-0.045829976089357904
2680.3	-0.2076004845123579
2681.97	-0.1577137511393578
2683.63	-0.2782477872593579
2685.3	-0.0945399414493578
2686.97	-0.1407060270893578
2688.64	0.004951918024642099
2690.31	-0.06053290659835791
2691.97	0.1071386277226419
2693.64	0.076735935090642
2695.31	0.28668613902764206
2696.98	0.251353998520642
2698.65	0.3423011281506421
2700.31	0.16491029381364203
2701.98	0.15781420247064212
2703.65	-0.06232862936235801
2705.32	-0.0669757686073579
2706.99	-0.19091524408935778
2708.65	-0.0632087148093578
2710.32	-0.1275681163083579
2711.99	0.0512946697806422
2713.66	0.025567376500641996
2715.32	0.23995157318064209
2716.99	0.253377607040642
2718.66	0.4589963358986422
2720.33	0.472671945510642
2722.0	0.6345148133866421
2723.66	0.517458829890642
2725.33	0.6118671694076421
2727.0	0.519651867260642
2728.67	0.736667736903642
2730.34	0.6273527595286419
2732.0	0.6342298896566422
2733.67	0.385859938806642
2735.34	0.2800678563466421
2737.01	-0.029983746019357996
2738.67	-0.038698129879357904
2740.34	-0.26108443325135783
2742.01	-0.13592249892935804
2743.68	-0.24757491322935782
2745.35	-0.1631720744693578
2747.01	-0.2105934973993578
2748.68	0.1459461246926421
2750.35	0.21095742322064212
2752.02	0.44357470165264207
2753.69	0.418143630702642
2755.35	0.5614660074506421
2757.02	0.7620623412603119
2758.69	2.083072686350642
2760.36	3.9019913634006427
2762.03	6.826802491591643
2763.69	10.471479219882646
2765.36	14.380148755729643
2767.03	16.669537956284643
2768.7	17.956832764440644
2770.36	17.317401961700643
2772.03	15.94060577665064
2773.7	13.71999975877064
2775.37	11.38045936656064
2777.04	9.158874887570644
2778.7	8.020766905940642
2780.37	6.231932816309642
2782.04	5.317684486754642
2783.71	4.408386736260642
2785.38	3.8705526528056424
2787.04	3.0529955539926417
2788.71	2.4305322620726417
2790.38	1.5876759401326421
2792.05	1.2561217941406422
2793.72	0.7382039266026421
2795.38	0.692568846980642
2797.05	0.34946476987064223
2798.72	0.38134020537064217
2800.39	0.1771179600666421
2802.05	0.25378527643164217
2803.72	0.09473866513064219
2805.39	0.1252085301506421
2807.06	0.0396908412606422
2808.73	0.3747597147506422
2810.39	0.48305319811764197
2812.06	0.8964930490106421
2813.73	0.9483852109056415
2815.4	1.185681152016642
2817.07	1.0633896891566423
2818.73	1.2744633426606422
2820.4	1.162867333845642
2822.07	1.317355631000642
2823.74	1.0291836526906422
2825.41	0.9449333585786421
2827.07	0.491521515004142
2828.74	0.44281746535564204
2830.41	0.1879399101606421
2832.08	0.440396378390642
2833.74	0.49005716473364214
2835.41	1.001622293539642
2837.08	1.4149522205406422
2838.75	2.7721222142566426
2840.42	5.100328305310642
2842.08	8.40682046122264
2843.75	11.492576892582642
2845.42	13.60728164114464
2847.09	13.473287585112642
2848.76	11.624526595098642
2850.42	8.321555359610644
2852.09	4.916216316230641
2853.76	2.5692104928676422
2855.43	1.414265971765742
2857.1	0.8137513431106418
2858.76	0.6436632597506422
2860.43	0.23535931990264208
2862.1	0.180958881921642
2863.77	0.041325816139642195
2865.43	0.08569901589464199
2867.1	0.165983446322642
2868.77	0.420627942090642
2870.44	0.37866493214064206
2872.11	0.46945242259458214
2873.77	0.2377532333546421
2875.44	0.31068867673864214
2877.11	0.262302274181642
2878.78	0.393911327396642
2880.45	0.3223956651956419
2882.11	0.5289877412696422
2883.78	0.536824671090642
2885.45	0.7280372278236421
2887.12	0.7456383133673421
2888.79	0.8955988471906419
2890.45	0.9497058714506419
2892.12	1.066472831682642
2893.79	0.866456120040642
2895.46	0.8565601301006422
2897.12	0.6281104048406422
2898.79	0.5721916961746418
2900.46	0.32204996686864196
2902.13	0.2954337996976421
2903.8	0.29194242875564214
2905.46	0.6782534315306421
2907.13	1.546119834910642
2908.8	3.5897768915126416
2910.47	6.030837032530641
2912.14	8.39666203316664
2913.8	9.401774723240644
2915.47	9.434509450880645
2917.14	8.153437242380642
2918.81	6.663440728311642
2920.47	5.1617729353526425
2922.14	4.335028220667643
2923.81	3.6767834549806415
2925.48	3.1037056172916424
2927.15	2.2338167309806423
2928.81	1.942318366170642
2930.48	1.6063259298706418
2932.15	1.6622544493946418
2933.82	1.548519385110642
2935.49	1.4421046834506421
2937.15	1.051027017811442
2938.82	0.825210451020642
2940.49	0.5344595986206421
2942.16	0.5741513535406421
2943.83	0.493891125654642
2945.49	0.45396667962064197
2947.16	0.28960923105064207
2948.83	0.27096337110064195
2950.5	0.04677438823064199
2952.16	0.032212968352642105
2953.83	0.023787746595642104
2955.5	0.03885094056664187
2957.17	0.335433657119642
2958.84	0.7510008724706421
2960.5	1.6694928644306422
2962.17	2.9062034014586424
2963.84	3.8225336282706417
2965.51	4.367397151720643
2967.18	4.458747432530643
2968.84	4.239621983860643
2970.51	4.445558386660642
2972.18	5.395488506010642
2973.85	7.999938366420642
2975.52	12.319355259311642
2977.18	18.477749796190643
2978.85	24.386013690275643
2980.52	27.74262721223064
2982.19	28.777790459800645
2983.85	25.518277744947643
2985.52	19.99574905521064
2987.19	13.569969339980645
2988.86	7.869365828060644
2990.53	4.183774759270642
2992.19	2.415531839078642
2993.86	0.7612751220706419
2995.53	0.623703356980642
2997.2	0.3705928676306421
2998.87	0.5468624534076422
3000.53	0.2605331971956421
3002.2	0.5040747433206421
3003.87	0.4720213533736422
3005.54	1.010276040910642
3007.21	1.509155118430641
3008.87	2.2763114253406416
3010.54	2.7493793619506417
3012.21	2.908700200101642
3013.88	3.5570098173906426
3015.54	6.612797274600641
3017.21	9.649645732871642
3018.88	13.121422373951644
3020.55	14.176724188090644
3022.22	13.175938519730643
3023.88	10.260052087010642
3025.55	7.328566349480643
3027.22	4.901208565398642
3028.89	4.940429993924643
3030.56	4.661063294880642
3032.22	4.4428167913306424
3033.89	3.0998384104506416
3035.56	2.260792853820642
3037.23	1.5648205581206418
3038.9	2.099940168410642
3040.56	2.7739084720806417
3042.23	3.9016506584006425
3043.9	4.587950096910642
3045.57	6.0178148888606415
3047.23	6.588222719300642
3048.9	6.677094668320641
3050.57	6.001376348229242
3052.24	4.883065336020642
3053.91	3.1431047012806417
3055.57	2.038725586070642
3057.24	0.902118237597342
3058.91	0.8028097235416419
3060.58	0.724529238584642
3062.25	0.815873507660642
3063.91	0.7159568769706419
3065.58	1.0022799876906419
3067.25	0.8749178264206419
3068.92	0.9994444010636421
3070.59	0.8306066945406421
3072.25	0.945595780064642
3073.92	0.801986076940642
3075.59	0.9541722633776419
3077.26	0.759054993800642
3078.92	0.8197214312506419
3080.59	0.729191567366642
3082.26	1.3715483451356418
3083.93	2.1311624148006416
3085.6	3.600308136850641
3087.26	4.844840032061643
3088.93	6.556842149808242
3090.6	7.848466892310642
3092.27	8.570925368340642
3093.94	8.27271394869064
3095.6	7.305340651200641
3097.27	5.407921426940643
3098.94	3.6873168910706418
3100.61	1.890061696360642
3102.27	0.9901811715456419
3103.94	0.546956513264642
3105.61	0.36975568278764215
3107.28	0.090825773180642
3108.95	0.10474614123064198
3110.61	-0.08732137795235789
3112.28	0.01468132783064209
3113.95	-0.010192944609357796
3115.62	0.15225854733264207
3117.29	0.10640835696064199
3118.95	0.26586324860064203
3120.62	0.1711077731746421
3122.29	0.33982733291264205
3123.96	0.28516266454964223
3125.63	0.47247863585064204
3127.29	0.811793628851642
3128.96	1.278384737200642
3130.63	1.4983028166996422
3132.3	1.7160402285236418
3133.96	1.669704663511642
3135.63	2.148506039119642
3137.3	2.6388484742506413
3138.97	3.0938888141536425
3140.64	3.4924775502106415
3142.3	3.5076042423906424
3143.97	3.897804153290642
3145.64	5.8191744281606415
3147.31	7.576404306944642
3148.98	9.40480811490464
3150.64	9.640142199870642
3152.31	8.140177010860642
3153.98	5.432263930130644
3155.65	2.6757001897606423
3157.32	0.391175498140642
3158.98	0.04113046532864209
3160.65	-0.24185099397935783
3162.32	-0.04863040789735781
3163.99	-0.1307840751373578
3165.65	0.13345796495664208
3167.32	0.0249200094586421
3168.99	0.1751213630006421
3170.66	0.019566788760642204
3172.33	0.12667731245864208
3173.99	-0.0511802140313579
3175.66	0.0992075954206421
3177.33	-0.0997337528243578
3179.0	0.010676564889642103
3180.67	-0.1276116888893577
3182.33	-0.018225016725357798
3184.0	-0.0991210354193579
3185.67	0.100005189242642
3187.34	0.013140230321642
3189.01	0.2085021659766421
3190.67	0.1104007897296421
3192.34	0.2892735890206421
3194.01	0.184837938424642
3195.68	0.2893223280606421
3197.34	0.1689581558306421
3199.01	0.313129907100642
3200.68	0.1936213052006421
3202.35	0.30659906985464197
3204.02	0.09085945947064211
3205.68	0.14156650770664211
3207.35	-0.0657219730293579
3209.02	0.011849506346842207
3210.69	-0.059424964171357904
3212.36	0.17274961183064208
3214.02	0.1543077348526419
3215.69	0.33235128293864186
3217.36	0.208106600500642
3219.03	0.30919132452064196
3220.7	0.152140087334642
3222.36	0.1880733839886422
3224.03	0.020137492964642095
3225.7	0.11325135714664199
3227.37	0.028266922770642022
3229.03	0.2135508471306421
3230.7	0.1252504055206421
3232.37	0.3359078342306421
3234.04	0.306114324710642
3235.71	0.480902603778642
3237.37	0.399716762290642
3239.04	0.512632843550642
3240.71	0.345794203540642
3242.38	0.3849862520098419
3244.05	0.145266485252642
3245.71	0.20107058003264203
3247.38	0.035494417830642
3249.05	0.23705265980364212
3250.72	0.183551718030642
3252.38	0.36942925582864206
3254.05	0.301151533306642
3255.72	0.38210681698864213
3257.39	0.2107258153806421
3259.06	0.2666260811506421
3260.72	0.127742882035642
3262.39	0.2595362090406421
3264.06	0.208167657958642
3265.73	0.40867132286064195
3267.4	0.32384282044064205
3269.06	0.4711893375406421
3270.73	0.38167709971064195
3272.4	0.4873963259706419
3274.07	0.433213102702642
3275.74	0.5560657958716119
3277.4	0.46077994917064213
3279.07	0.7107482656906421
3280.74	0.814153570230642
3282.41	1.568637061281642
3284.07	2.225671774205642
3285.74	3.3736915294406415
3287.41	4.533537854940642
3289.08	5.676451329080642
3290.75	6.438246253252641
3292.41	6.870827346683042
3294.08	6.417766299726642
3295.75	6.126998198370642
3297.42	5.322530791620642
3299.09	4.638739577060643
3300.75	3.952103016500641
3302.42	3.3394264316706423
3304.09	2.639945059060642
3305.76	2.2450084123606424
3307.43	1.7419698619366417
3309.09	1.737779537810642
3310.76	1.729842251638642
3312.43	1.7665234329996422
3314.1	1.4596115675006416
3315.76	1.219596056630642
3317.43	0.755989828085642
3319.1	0.531142776960642
3320.77	0.20052086213264197
3322.44	0.139532632610642
3324.1	0.012158667640642204
3325.77	0.10367623510064208
3327.44	0.0781592663806421
3329.11	0.2948653226006419
3330.78	0.345958588700642
3332.44	0.5260769400806421
3334.11	0.38881065071934207
3335.78	0.425218328352642
3337.45	0.225442621261642
3339.12	0.24850814604464208
3340.78	0.1528345326326419
3342.45	0.2936140383506419
3344.12	0.2753759271946419
3345.79	0.44558612524768204
3347.45	0.4109226872616419
3349.12	0.5237100537276421
3350.79	0.511398848712642
3352.46	0.594896661205642
3354.13	0.512627518760642
3355.79	0.6258838153106421
3357.46	0.453162370322642
3359.13	0.4433220825106421
3360.8	0.2473436757716419
3362.47	0.219185736108642
3364.13	0.09982042138864189
3365.8	0.2577537709806419
3367.47	0.1407189951806419
3369.14	0.334635053570642
3370.81	0.2692204109216419
3372.47	0.46344375840564195
3374.14	0.3711901337170421
3375.81	0.4000938497106421
3377.48	0.169343063858642
3379.14	0.3057232288006421
3380.81	0.26987159542264216
3382.48	0.7734565113736421
3384.15	0.9442084786976422
3385.82	1.3256548087106423
3387.48	1.176531412799642
3389.15	1.047942004210642
3390.82	1.2193802621406422
3392.49	2.5541199359506415
3394.16	3.9485056119006408
3395.82	7.574900497449541
3397.49	12.478022714140645
3399.16	16.82506371798064
3400.83	19.230725016830643
3402.5	18.485076910790642
3404.16	14.68874402504264
3405.83	9.934581155590642
3407.5	4.551848145190644
3409.17	1.1253798866694422
3410.83	0.2807359546106421
3412.5	0.38499428436064187
3414.17	0.9738715474486421
3415.84	3.100528192721643
3417.51	6.448194307296841
3419.17	10.402006756110644
3420.84	13.033296392827443
3422.51	13.71776352461064
3424.18	11.883794079179646
3425.85	8.756374490326843
3427.51	4.977877253640643
3429.18	2.574411158544642
3430.85	1.3881397627106424
3432.52	1.8224530710976419
3434.18	6.569288802975941
3435.85	12.32908866161264
3437.52	17.07220500564064
3439.19	19.54443979940764
3440.86	17.448479819220644
3442.52	12.55786906992264
3444.19	6.658896228780643
3445.86	1.0912679480506422
3447.53	-0.3978539166745579
3449.2	-0.14724995353235804
3450.86	-0.386777487129358
3452.53	-0.22232044712935778
3454.2	-0.32767011218935793
3455.87	-0.0691828915739579
3457.54	-0.0976260832893579
3459.2	0.1393418903326422
3460.87	0.07464046755364215
3462.54	0.2216321347506421
3464.21	0.09663937506264197
3465.87	0.15979606493364198
3467.54	-0.037207191471357905
3469.21	-0.011700758969357898
3470.88	-0.2545414085333578
3472.55	-0.3021575004423578
3474.21	-0.5034530936793579
3475.88	-0.3836831337927579
3477.55	-0.4593798511293578
3479.22	-0.2730590578943578
3480.89	-0.3685546809913579
3482.55	-0.2276310566013579
3484.22	-0.3280399162093578
3485.89	-0.25044690967095784
3487.56	-0.3589403717493577
3489.23	-0.23659248450935777
3490.89	-0.34502332938935776
3492.56	-0.22327129973235782
3494.23	-0.2801146709393577
3495.9	-0.10540767090135789
3497.56	-0.1617648183623577
3499.23	-0.0810863588267578
3500.9	-0.24244423393935777
3502.57	-0.22657096130935783
3504.24	-0.4639772294193578
3505.9	-0.4989204728193579
3507.57	-0.5689307282793578
3509.24	0.1025336241826423
3510.91	2.129738512419642
3512.58	5.387661151850641
3514.24	8.535926824280644
3515.91	11.60474655106064
3517.58	12.16040589891064
3519.25	10.996282835080642
3520.92	8.081655969410642
3522.58	4.778599099730641
3524.25	2.179893086471642
3525.92	0.9402586324606419
3527.59	-0.1303378120993579
3529.25	0.0022441518906421154
3530.92	-0.206702670049358
3532.59	-0.17268576156035792
3534.26	-0.3228954189193578
3535.93	-0.35828964982435785
3537.59	0.35531492913064233
3539.26	3.1093518054886418
3540.93	5.695182612170643
3542.6	8.158779207680643
3544.27	8.768386325560643
3545.93	8.217353921304644
3547.6	6.868338829562643
3549.27	5.261033367960642
3550.94	4.351730550080641
3552.61	4.756469807378641
3554.27	4.344001676340643
3555.94	3.6926949163006415
3557.61	2.092178827900642
3559.28	1.1075023479006418
3560.94	0.555391655700642
3562.61	0.2473016649706421
3564.28	0.2552018650206421
3565.95	0.45510261181064204
3567.62	0.2715837343436421
3569.28	0.3417851945450422
3570.95	0.13339474102864202
3572.62	0.10982586998064199
3574.29	0.424325319790642
3575.96	1.5889135592606418
3577.62	3.4810191077406416
3579.29	5.901811536540642
3580.96	7.310611721380644
3582.63	7.771440830000643
3584.3	6.643410248200642
3585.96	4.662355892330643
3587.63	2.4397597533196427
3589.3	0.989204701100642
3590.97	0.1923779151746421
3592.63	0.2573344672926422
3594.3	0.0264455045206423
3595.97	0.15227310959464208
3597.64	0.09992284194064191
3599.31	0.407482597600642
3600.97	0.31528416350364197
3602.64	0.43458794839064196
3604.31	0.191465971000642
3605.98	0.1732912000206419
3607.65	-0.09638515686935789
3609.31	-0.041209062821357806
3610.98	-0.21257069723935781
3612.65	-0.0120971236693578
3614.32	-0.1415999025143579
3615.98	0.027807680280642098
3617.65	-0.0038640418793578993
3619.32	0.2192478487026422
3620.99	0.1433290912446421
3622.66	0.2934060154806422
3624.32	0.0964880740406422
3625.99	0.10293907107064208
3627.66	0.038414807192642106
3629.33	0.9381592117826422
3631.0	2.071501278959642
3632.66	3.7133803793726416
3634.33	4.474569552270642
3636.0	5.011782652020642
3637.67	5.275410235440643
3639.34	5.054814053310642
3641.0	4.403634699220642
3642.67	3.986145049827642
3644.34	2.9723434258196417
3646.01	2.1483497744986417
3647.67	0.8559518219010419
3649.34	0.0965859206086421
3651.01	-0.12169116852935792
3652.68	-0.014704020266358003
3654.35	0.015173282530642096
3656.01	0.5323205894666422
3657.68	0.8900050484646422
3659.35	1.5260586628016424
3661.02	1.564077613720642
3662.69	1.7229835696506421
3664.35	1.195796229279642
3666.02	1.0071176524826424
3667.69	0.4617583983936422
3669.36	0.566373365649642
3671.03	0.019085886184642138
3672.69	2.2715223830946423
3674.36	8.819608465310644
3676.03	14.860930287600642
3677.7	19.746175189178643
3679.36	20.773209544840647
3681.03	16.981821100652642
3682.7	11.118527840660642
3684.37	4.487171029140642
3686.04	-0.3095569880313578
3687.7	-0.19348249062935796
3689.37	0.1003348568046421
3691.04	3.7191519475306416
3692.71	9.057313762155642
3694.38	15.716649917936639
3696.04	22.186730765790646
3697.71	24.968437381760637
3699.38	24.874939318390638
3701.05	22.052644837000646
3702.72	16.533896357890644
3704.38	12.66196254887064
3706.05	11.28676361084064
3707.72	10.483464717860643
3709.39	12.123433516780645
3711.05	12.808552236470643
3712.72	11.920756893530642
3714.39	12.147818477460643
3716.06	13.602975133630643
3717.73	14.818157043420642
3719.39	19.023075743650644
3721.06	26.61644479399064
3722.73	30.936784340196642
3724.4	38.713034131170645
3726.07	42.24380123995065
3727.73	40.99412575792065
3729.4	37.76298275770065
3731.07	30.495516780350645
3732.74	21.244231860880646
3734.41	16.425405494790642
3736.07	10.269094060530644
3737.74	7.545227754289644
3739.41	6.237684966100642
3741.08	3.1925191369306414
3742.74	1.1923264567992422
3744.41	-0.08581796720935789
3746.08	0.3548099556006421
3747.75	-0.08553810604935799
3749.42	1.3797766697306417
3751.08	3.176907227130642
3752.75	5.135915947717643
3754.42	6.153530158515902
3756.09	6.276322375100642
3757.76	4.613986416917642
3759.42	3.069753429977642
3761.09	0.8441437053856419
3762.76	0.041706176054061905
3764.43	0.11380100301464222
3766.1	0.2090284575406421
3767.76	0.10067450138064221
3769.43	0.1917083841266421
3771.1	0.062570016012642
3772.77	0.2012729320366421
3774.43	0.06945946810464199
3776.1	0.23490670199264196
3777.77	0.113514518983642
3779.44	0.2638896160086421
3781.11	0.12008718919064199
3782.77	0.2328127216346422
3784.44	0.065620323530642
3786.11	0.2273268454206421
3787.78	0.121851289157642
3789.45	0.318979208280942
3791.11	0.21361759707524203
3792.78	0.335556852062642
3794.45	0.14506573622064212
3796.12	0.22947491211064208
3797.78	0.0617161923706422
3799.45	0.2269427163406421
3801.12	0.14305961704064202
3802.79	0.33856615116064215
3804.46	0.22368835296264197
3806.12	0.33317812042064215
3807.79	0.14373440964144202
3809.46	0.2404122009106421
3811.13	0.08080580966364201
3812.8	0.22749180678064201
3814.46	0.134212009710642
3816.13	0.277253759390642
3817.8	0.153848439630642
3819.47	0.24198380283064208
3821.14	0.05062569828064221
3822.8	0.15229465655464208
3824.47	0.002882222133642115
3826.14	0.1547968158106421
3827.81	0.08766229120064221
3829.47	0.266944293880642
3831.14	0.1453926597456419
3832.81	0.2657768790466421
3834.48	0.0831166183306421
3836.15	0.1620798545306421
3837.81	-0.0329992760293579
3839.48	0.07719824871064213
3841.15	-0.04053566149755789
3842.82	0.14227727236164212
3844.49	0.0408846241406421
3846.15	0.21010560413064208
3847.82	0.0801063465906421
3849.49	0.19383658914064208
3851.16	0.0363101990406422
3852.83	0.13033634104064207
3854.49	-0.020639138280358002
3856.16	0.1128390865606421
3857.83	-0.04135808722035801
3859.5	0.0669104792886421
3861.16	-0.10835114897035801
3862.83	-0.029979278365357805
3864.5	-0.2036937418413578
3866.17	-0.0687554690493579
3867.84	-0.1789330375853579
3869.5	0.01440701543064219
3871.17	-0.0539881273559379
3872.84	0.15483994423864209
3874.51	0.062416333380641995
3876.18	0.23502005600564208
3877.84	0.0937646838806421
3879.51	0.22877196520064205
3881.18	0.1098646360466421
3882.85	0.2409245367606421
3884.52	0.08983505229064209
3886.18	0.2229376392886421
3887.85	0.0422673711446421
3889.52	0.148290865450642
3891.19	-0.0241168290873579
3892.85	0.08869277492764199
3894.52	-0.012273609368357901
3896.19	0.1491516162106421
3897.86	0.061340538982642204
3899.53	0.252019655881642
3901.19	0.143492200524642
3902.86	0.285525156089042
3904.53	0.122248907040642
3906.2	0.20113389725364209
3907.87	0.054009215050642205
3909.53	0.1539010771146421
3911.2	0.024127310882642108
3912.87	0.14760332039264196
3914.54	0.019954090268642
3916.21	0.145735566468642
3917.87	0.015082715100642002
3919.54	0.1282981274126421
3921.21	0.014503083061642
3922.88	0.1559565848366421
3924.54	0.048856346890642006
3926.21	0.19797061027264198
3927.88	0.09029486074064211
3929.55	0.21481043050064208
3931.22	0.0673497013306421
3932.88	0.18124629176064208
3934.55	0.0510131660086421
3936.22	0.2026547733206421
3937.89	0.09192360384864201
3939.56	0.23257584482464203
3941.22	0.107558884490642
3942.89	0.232274934026642
3944.56	0.08551524731664199
3946.23	0.2135649281106421
3947.9	0.0663127337156421
3949.56	0.169895223790642
3951.23	0.009805508664642096
3952.9	0.12424342707264191
3954.57	-0.017799200503357798
3956.23	0.10351167394864198
3957.9	-0.0238614524493579
3959.57	0.126931634458642
3961.24	0.004004311670642106
3962.91	0.13725652997664212
3964.57	0.012258518700641995
3966.24	0.14225024255064211
3967.91	-0.0027788999693579945
3969.58	0.13403842485064213
3971.25	0.0008970958206421993
3972.91	0.173240584567642
3974.58	0.063795724980642
3976.25	0.20631196504864208
3977.92	0.095837800120642
3979.58	0.2197775239506421
3981.25	0.057578370040642
3982.92	0.17180297887064208
3984.59	0.0164791675906421
3986.26	0.163614598830642
3987.92	0.056929189764641994
3989.59	0.2041621773566421
3991.26	0.1001305597916419
3992.93	0.2342537751076419
3994.6	0.07383876574064199
3996.26	0.160321305648642
3997.93	-0.029595918124357905
3999.6	0.0416741761466421
4001.27	-0.1114873875003578
4002.94	0.024538171840642102
4004.6	-0.064682279649358
4006.27	0.1288554078806421
4007.94	0.027876315990642095
4009.61	0.1573648549396421
4011.27	0.009222569070642204
4012.94	0.10156476581064211
4014.61	-0.0315282630313578
4016.28	0.11222090144264199
4017.95	-0.0022105828493578956
4019.61	0.15176975733264209
4021.28	-0.0016919946593578995
4022.95	0.08226565960064208
4024.62	-0.1038642915893579
4026.29	-0.034405507207357904
4027.95	-0.1929970780363577
4029.62	-0.031850535095358
4031.29	-0.1023907391213579
4032.96	0.133014409808142
4034.63	0.097067959342642
4036.29	0.2808981933966421
4037.96	0.1758125572826419
4039.63	0.322237578750642
4041.3	0.173410298620642
4042.96	0.2914952523516421
4044.63	0.14998323327664198
4046.3	0.24935409793064203
4047.97	0.0993153726976421
4049.64	0.19005757839064208
4051.3	0.017204957074942094
4052.97	0.10738096266064201
4054.64	-0.0516331664243578
4056.31	0.051521442400642097
4057.98	-0.0602935849453578
4059.64	0.0785232930006421
4061.31	-0.032312424026957796
4062.98	0.0858205833406421
4064.65	-0.059229573701357896
4066.32	0.040603627760642
4067.98	-0.09000850861135799
4069.65	0.046396507798742
4071.32	-0.0680706220863579
4072.99	0.068921705771642
4074.65	-0.045160303865358006
4076.32	0.0989843450806422
4077.99	-0.006372320453158
4079.66	0.1441293467168421
4081.33	0.028477233256642004
4082.99	0.151775593041042
4084.66	-0.004164775828457902
4086.33	0.10686520218114212
4088.0	-0.043898018585357704
4089.67	0.0883060287106421
4091.33	-0.04624699706135789
4093.0	0.0818279251306421
4094.67	-0.061881782789357895
4096.34	0.0339120957506422
4098.01	-0.1326440407453579
4099.67	-0.0392466441533578
4101.34	-0.20246707764235777
4103.01	-0.07274449847935781
4104.68	-0.19566523979135783
4106.34	-0.05296276132535779
4108.01	-0.1489166692233578
4109.68	0.0257060188406421
4111.35	-0.0618315762793579
4113.02	0.102173836398642
4114.68	-0.022040117311357903
4116.35	0.1113836665216419
4118.02	-0.0018526590693578975
4119.69	0.121211981651642
4121.36	0.003952837563642101
4123.02	0.133350951500642
4124.69	-0.006777324333657999
4126.36	0.1021989089306421
4128.03	-0.0407727407193578
4129.69	0.093907663180642
4131.36	0.005332794110641997
4133.03	0.1578906544226421
4134.7	0.06316685831364191
4136.37	0.20777464403864213
4138.03	0.078253280673642
4139.7	0.2035134042706421
4141.37	0.065036100156642
4143.04	0.16673702087064202
4144.71	0.0401589728056421
4146.37	0.172413919680642
4148.04	0.04833865397604209
4149.71	0.1821643548296421
4151.38	0.024395097940642096
4153.05	0.11402387216064211
4154.71	-0.045339816659358004
4156.38	0.05105844201064209
4158.05	-0.057673655609358
4159.72	0.0902325483606421
4161.38	-0.021221985549957998
4163.05	0.0951424725406421
4164.72	-0.0762567314141579
4166.39	0.0008846116206420989
4168.06	-0.1610342883716979
4169.72	-0.050832487939358004
4171.39	-0.149470868324758
4173.06	-0.00021314597935790346
4174.73	-0.103159173561358
4176.4	0.05093838349964201
4178.06	-0.0346258014493579
4179.73	0.1263249509006421
4181.4	0.0371456370706421
4183.07	0.1668342015314421
4184.74	-0.0016483838229578995
4186.4	0.056172623750642005
4188.07	-0.1282214246813578
4189.74	-0.0326049623123579
4191.41	-0.12352668271535781
4193.07	0.0398011979446421
4194.74	-0.0451396197693577
4196.41	0.114047950149642
4198.08	-0.024227216179357903
4199.75	0.10627937056064211
4201.41	-0.010130208449357804
4203.08	0.1309885560906421
4204.75	0.0094600377066421
4206.42	0.1198361621366421
4208.09	-0.044091693729357895
4209.75	0.05295175086884211
4211.42	-0.1035594444483578
4213.09	0.03427846450064211
4214.76	-0.0764693614293579
4216.43	0.07302423678064199
4218.09	-0.0493751279993579
4219.76	0.06786335518064199
4221.43	-0.070979471695358
4223.1	0.0382582687536421
4224.76	-0.0857192613993579
4226.43	0.060782590082642085
4228.1	-0.046689512839357794
4229.77	0.077562245216642
4231.44	-0.033403960439357804
4233.1	0.1034815163106419
4234.77	0.0054613934946421035
4236.44	0.150124241305642
4238.11	0.039834712358642
4239.78	0.15622326738364198
4241.44	-0.0114012580973579
4243.11	0.080358229540642
4244.78	-0.057994649831257794
4246.45	0.07601460566264209
4248.12	-0.0332879699693579
4249.78	0.0910692510746421
4251.45	-0.045544385559357796
4253.12	0.0758008385706421
4254.79	-0.06723321948495779
4256.45	0.0479480444266421
4258.12	-0.0812870612193578
4259.79	0.046515119590642
4261.46	-0.0825244349893578
4263.13	0.03181023974064209
4264.79	-0.0891564827873578
4266.46	0.044217593228441994
4268.13	-0.0680450386693577
4269.8	0.04489856108064211
4271.47	-0.08587407635135791
4273.13	0.056650085257402116
4274.8	-0.055257558109357806
4276.47	0.078096242086642
4278.14	-0.018579617790357904
4279.81	0.1223526030169421
4281.47	0.012194128807642004
4283.14	0.1289101720816421
4284.81	-0.023244525839357995
4286.48	0.09012194072064189
4288.14	-0.0369311261013579
4289.81	0.0821362139706419
4291.48	-0.0121323226453579
4293.15	0.136208496220642
4294.82	0.0030762751506420993
4296.48	0.10719254065064211
4298.15	-0.05172616674935801
4299.82	0.017365910790642192
4301.49	-0.12924629296935772
4303.16	-0.014203274474858002
4304.82	-0.1562067434493577
4306.49	-0.012418677864357897
4308.16	-0.1190456923667579
4309.83	0.0342933787046422
4311.49	-0.027768185289357997
4313.16	0.128030824090642
4314.83	0.005789962742641999
4316.5	0.1391149185846421
4318.17	-0.0174484901253579
4319.83	0.0771198939326421
4321.5	-0.051757387389357985
4323.17	0.0748564159146421
4324.84	-0.047689423261358006
4326.51	0.0747820343656421
4328.17	-0.0629799453233578
4329.84	0.059751550808852104
4331.51	-0.03766784235935782
4333.18	0.11148227384064209
4334.85	0.017193512180642204
4336.51	0.16961937935494212
4338.18	0.0506426678006421
4339.85	0.1603413440806421
4341.52	0.002853419050642101
4343.18	0.08438995163464211
4344.85	-0.0809617455003578
4346.52	0.0076437445716419986
4348.19	-0.1299931995529578
4349.86	0.020591405920641997
4351.52	-0.08537733237935774
4353.19	0.086289529440642
4354.86	-0.031430126589357996
4356.53	0.10936238390664199
4358.2	-7.623117135790308e-05
4359.86	0.130582103680642
4361.53	-0.004803266367358002
4363.2	0.1112437796706421
4364.87	-0.0744969694713579
4366.54	0.0076311028006420985
4368.2	-0.1563109861913578
4369.87	-0.023072190229357893
4371.54	-0.10634667888935789
4373.21	0.0670616993106421
4374.87	-0.0215611054193578
4376.54	0.1157801054856421
4378.21	-0.014178522159357897
4379.88	0.09423221348064209
4381.55	-0.0481229860033578
4383.21	0.08542541095764208
4384.88	-0.046208441072357706
4386.55	0.0688931076006421
4388.22	-0.08051068915435769
4389.89	0.011691842558642099
4391.55	-0.1327311302093577
4393.22	-0.015010181289357903
4394.89	-0.13775427091735779
4396.56	-0.010388473689357903
4398.23	-0.1453792761473578
4399.89	-0.019462620309357897
4401.56	-0.14305201501975792
4403.23	-0.009170918719357801
4404.9	-0.1384015090623579
4406.56	-0.0197315358093579
4408.23	-0.1400768799083579
4409.9	0.007748709981642001
4411.57	-0.058508297777357804
4413.24	0.1417748048806419
4414.9	0.068481097602302
4416.57	0.2230572299906421
4418.24	0.098582217540642
4419.91	0.1926907689806421
4421.58	0.0534621090846419
4423.24	0.169764599430642
4424.91	0.041949934150642104
4426.58	0.1640956995106421
4428.25	0.03358245062064201
4429.92	0.1577104936306421
4431.58	0.063605784782642
4433.25	0.18773804556024198
4434.92	0.087773086270642
4436.59	0.22213191790464198
4438.25	0.082888753220642
4439.92	0.19949498585064213
4441.59	0.0524662121776421
4443.26	0.1466912050306421
4444.93	0.004400050750642001
4446.59	0.087866861890642
4448.26	-0.051999569621358
4449.93	0.0581278353606421
4451.6	-0.0751302126373579
4453.27	0.0817937607306419
4454.93	-0.011610976159357904
4456.6	0.11326988727864198
4458.27	0.008343499680642
4459.94	0.1079980349706421
4461.61	-0.028050650785357904
4463.27	0.0909326651466421
4464.94	-0.033602353193358005
4466.61	0.0870787684946421
4468.28	-0.028349923767357895
4469.94	0.06210050798564202
4471.61	-0.0634615539193578
4473.28	0.0537886626006421
4474.95	-0.0779378668293578
4476.62	0.052069588350642106
4478.28	-0.0534796352793578
4479.95	0.06545527783064199
4481.62	-0.062260728809357894
4483.29	0.05186756903164201
4484.96	-0.1009969932593577
4486.62	0.0173585353806421
4488.29	-0.1132549457593578
4489.96	0.011480784194642005
4491.63	-0.0873714477453578
4493.29	0.0589465378506421
4494.96	-0.047487778545357795
4496.63	0.11438711229064202
4498.3	0.0022857604526421004
4499.97	0.1257973710206421
4501.63	-0.017933523339358
4503.3	0.064626262040642
4504.97	-0.10194205782935781
4506.64	0.004389885210642
4508.31	-0.10972461682495781
4509.97	0.072068836510642
4511.64	0.0338634560926421
4513.31	0.22292134267064212
4514.98	0.11741138921064209
4516.65	0.2196328288216421
4518.31	0.023351201340642096
4519.98	0.080812276297642
4521.65	-0.0973688928863578
4523.32	0.008235072882641997
4524.98	-0.1166935129643578
4526.65	0.030151296524642136
4528.32	-0.104038896411358
4529.99	0.01774520021664211
4531.66	-0.1074305123923578
4533.32	0.034716922471642
4534.99	-0.061409966629357805
4536.66	0.114835190260642
4538.33	0.0102377908466421
4540.0	0.1521488719806421
4541.66	0.024718780957442
4543.33	0.13470839767064202
4545.0	0.003882627714641998
4546.67	0.127688975484642
4548.34	-0.030450218607357898
4550.0	0.0738630227906421
4551.67	-0.0670939181283579
4553.34	0.044394288260641894
4555.01	-0.05294511161935791
4556.67	0.11924968253064192
4558.34	0.024025899110642
4560.01	0.165739532475642
4561.68	0.013252580210641993
4563.35	0.1072574582956421
4565.01	-0.0416763872173579
4566.68	0.07126669534064209
4568.35	-0.0638987772173578
4570.02	0.07014338541064209
4571.69	-0.032188171819358
4573.35	0.10784526683064191
4575.02	0.0015792968566420013
4576.69	0.13935068154464209
4578.36	0.004765106463641998
4580.03	0.1145055260325719
4581.69	-0.04719437089935791
4583.36	0.0389016276226421
4585.03	-0.09782971332935779
4586.7	0.006060377112642103
4588.36	-0.11494082976935781
4590.03	0.009732810320642202
4591.7	-0.11065400325735782
4593.37	0.012387157617642001
4595.04	-0.13712561463935782
4596.7	-0.0322740795923578
4598.37	-0.16441010917935792
4600.04	-0.036388882791357796
4601.71	-0.1446374144623577
4603.38	0.019638498390642096
4605.04	-0.06130978367185779
4606.71	0.099468008871642
4608.38	0.011867831360642199
4610.05	0.16858541278234188
4611.72	0.0618269653706419
4613.38	0.1732796139706421
4615.05	0.0133695353196422
4616.72	0.1045748859706421
4618.39	-0.046727962189357805
4620.05	0.05093629665064209
4621.72	-0.0372579677833578
4623.39	0.11026310302264199
4625.06	0.006725414820642001
4626.73	0.1132233399906421
4628.39	-0.0308481127293579
4630.06	0.0756542310006421
4631.73	-0.039644294375357804
4633.4	0.1030843904546421
4635.07	0.035325500010642004
4636.73	0.2044265041206421
4638.4	0.11217546100064199
4640.07	0.2364806409440421
4641.74	0.1011081922086421
4643.41	0.198433439941642
4645.07	0.0193398337066421
4646.74	0.1010490963646421
4648.41	-0.0785069432893577
4650.08	-0.0253782603093578
4651.74	-0.1696350249877579
4653.41	-0.0375773520493578
4655.08	-0.1005546685493579
4656.75	0.11124977901064209
4658.42	0.08024615187064199
4660.08	0.266819642706642
4661.75	0.146046733800642
4663.42	0.244951207190642
4665.09	0.058192984151642
4666.76	0.1352882889086419
4668.42	-0.014177287939357894
4670.09	0.0969091878806421
4671.76	-0.015604455829357903
4673.43	0.12548150286364212
4675.09	-0.0297633760513578
4676.76	0.06934406411064209
4678.43	-0.0783891514553579
4680.1	0.0450751797206421
4681.77	-0.0695927515193579
4683.43	0.10299093876064211
4685.1	-0.008664762571357999
4686.77	0.121766975439642
4688.44	0.001293652031642105
4690.11	0.102962009652642
4691.77	-0.00029913293975789707
4693.44	0.167436735142242
4695.11	0.0542607419906421
4696.78	0.2102159598006421
4698.45	0.0864753831506421
4700.11	0.215367038354642
4701.78	0.0976617329626421
4703.45	0.20461103716664197
4705.12	0.038315310258641995
4706.78	0.1050525644256419
4708.45	-0.0863513918713579
4710.12	-0.0041789344843578
4711.79	-0.1516393918393579
4713.46	-0.0271394990593578
4715.12	-0.1467126488793579
4716.79	-0.007318593429357801
4718.46	-0.13102951575415778
4720.13	0.0064475942026420985
4721.8	-0.0992700692953578
4723.46	0.06700675646064198
4725.13	-0.0308894544603578
4726.8	0.136838825290642
4728.47	0.0427377839106419
4730.14	0.2137236734106421
4731.8	0.08734371397064201
4733.47	0.18928438951264212
4735.14	-0.0026710234883579945
4736.81	0.0659324494976421
4738.47	-0.12571402976935792
4740.14	-0.0141945761133579
4741.81	-0.10793207673535779
4743.48	0.051312433249642096
4745.15	-0.03313807559335791
4746.81	0.1075760823196421
4748.48	-0.012608758449357889
4750.15	0.104897482670642
4751.82	-0.032359915499357905
4753.49	0.09005419536064191
4755.15	-0.018992008326357897
4756.82	0.094734954618642
4758.49	-0.05648892685035781
4760.16	0.030756604650642
4761.83	-0.1325927077793578
4763.49	-0.0500661904913578
4765.16	-0.19167534820135768
4766.83	-0.06389417052235791
4768.5	-0.17738380763485778
4770.16	-0.0269802865893578
4771.83	-0.1555798865393578
4773.5	-0.0367439592853579
4775.17	-0.1665101988073579
4776.84	-0.0393881946892579
4778.5	-0.1512760337733578
4780.17	0.021888332454642
4781.84	-0.0665781519253579
4783.51	0.10209028060064211
4785.18	-0.014285871035357903
4786.84	0.08555053214864211
4788.51	-0.0804863674833578
4790.18	-0.001527085806358003
4791.85	-0.1725881505793579
4793.52	-0.033309858549357994
4795.18	-0.134833541069358
4796.85	0.042059950169642105
4798.52	-0.037990182408758
4800.19	0.10534094406964212
4801.85	-0.019476825829357898
4803.52	0.0777713903872422
4805.19	-0.0650947004293579
4806.86	0.08022248351064201
4808.53	-0.0356429052843579
4810.19	0.114229110857642
4811.86	0.0099446429266421
4813.53	0.10927124093064208
4815.2	-0.013219803299357898
4816.87	0.09863725680084212
4818.53	-0.013208567001157898
4820.2	0.10238981615064209
4821.87	-0.0380795644493579
4823.54	0.03720837456864219
4825.21	-0.1176429987783578
4826.87	-0.045980356273357795
4828.54	-0.1826000907493578
4830.21	-0.056067527669358
4831.88	-0.1356918836353579
4833.54	0.010955995830642006
4835.21	-0.084824539089358
4836.88	0.050912073222642
4838.55	-0.07789428339035778
4840.22	0.027839673287642103
4841.88	-0.1111299315573579
4843.55	-0.007300034239357798
4845.22	-0.1232139065793578
4846.89	-0.007580348079357809
4848.56	-0.1362389845693579
4850.22	-0.0013671963793577945
4851.89	-0.11431069199935781
4853.56	0.036773497800642097
4855.23	-0.047912765287357904
4856.89	0.0864870456106421
4858.56	0.002944994950642099
4860.23	0.13874293563664208
4861.9	0.0348050650651422
4863.57	0.1746826478306421
4865.23	0.055548882577642206
4866.9	0.1520332826766422
4868.57	-0.008935110617357907
4870.24	0.06309308931964219
4871.91	-0.08583116706935791
4873.57	0.0396873137766421
4875.24	-0.0260331427463579
4876.91	0.140657230746642
4878.58	0.048147306155642104
4880.25	0.176186916682642
4881.91	-0.0057679868063580005
4883.58	0.05000979630064221
4885.25	-0.1373866564813579
4886.92	-0.0639189009693578
4888.58	-0.21138467393235788
4890.25	-0.0698992701543578
4891.92	-0.1881068462663578
4893.59	-0.032344272446357805
4895.26	-0.1307544202393579
4896.92	0.0115135430966421
4898.59	-0.08321605348775798
4900.26	0.089878168734642
4901.93	-0.001059988577357997
4903.6	0.13890681313864198
4905.26	0.0052774236046422
4906.93	0.0808325562126421
4908.6	-0.06886988312935802
4910.27	0.025215497499641998
4911.94	-0.1329664411763579
4913.6	-0.027748197799357895
4915.27	-0.1550263856193578
4916.94	-0.0333368596993579
4918.61	-0.1327570648823579
4920.27	0.020177082978642104
4921.94	-0.053597753347357904
4923.61	0.0950272997170421
4925.28	-0.02583260607235799
4926.95	0.096587144070642
4928.61	-0.02429872969635801
4930.28	0.091230057872642
4931.95	-0.032975180697358
4933.62	0.0819357376906421
4935.29	-0.028537810199357805
4936.95	0.0994726095166419
4938.62	-0.005763019679358002
4940.29	0.11899014245064211
4941.96	-0.029134096741357904
4943.63	0.034863438402642104
4945.29	-0.1433520835193579
4946.96	-0.0439153645193578
4948.63	-0.1552883024313579
4950.3	-0.007929440637157906
4951.96	-0.0840614095653579
4953.63	0.0449592843318421
4955.3	-0.1023541384373579
4956.97	-0.005274959879357999
4958.64	-0.16226521463935792
4960.3	-0.009037968791357799
4961.97	-0.0991870127313579
4963.64	0.0926915908826421
4965.31	0.035098703022642
4966.98	0.20508896106764207
4968.64	0.0909655493576419
4970.31	0.2226518111166421
4971.98	0.058565805495042006
4973.65	0.1597145240066421
4975.32	-0.007086610675357801
4976.98	0.1188545574206421
4978.65	0.024616416564642
4980.32	0.17607297137044198
4981.99	0.033040688904642006
4983.65	0.15507784066464209
4985.32	-0.010343017089357798
4986.99	0.073830540200642
4988.66	-0.10298697375935781
4990.33	-0.054864664319357805
4991.99	-0.24583106802935792
4993.66	-0.16710476760935772
4995.33	-0.2958653102393578
4997.0	-0.0488980796943579
4998.67	-0.048339250985958
5000.33	0.20218034540364208
5002.0	0.138530710084642
5003.67	0.242321460355642
5005.34	0.083529295115642
5007.0	0.17377358829064202
5008.67	0.030903903236642098
5010.34	0.1744635540806421
5012.01	0.042897023927442005
5013.68	0.1689107977996421
5015.34	0.055416536310642105
5017.01	0.18604100078264202
5018.68	0.090157627500642
5020.35	0.22890879992064211
5022.02	0.0992148925406419
5023.68	0.218525355994142
5025.35	0.074928954012742
5027.02	0.1864400230706421
5028.69	0.039567241070641995
5030.36	0.102316612580642
5032.02	-0.05722743898935801
5033.69	0.0279698518586421
5035.36	-0.10050724908835791
5037.03	0.0217797341596421
5038.69	-0.09302104665735791
5040.36	0.026220150498642104
5042.03	-0.10246729224755789
5043.7	0.0036215177326421027
5045.37	-0.1001600580383578
5047.03	0.0319964136156419
5048.7	-0.029744654580057893
5050.37	0.1299605875986421
5052.04	0.028668360754642103
5053.71	0.192873250133642
5055.37	0.0588455259880421
5057.04	0.1400928782106421
5058.71	-0.015686066092157797
5060.38	0.0552541487906421
5062.05	-0.05691628340935791
5063.71	0.09249084073164202
5065.38	-0.0182049595553579
5067.05	0.12233673877664189
5068.72	-0.021147403319357806
5070.38	0.06677890354064189
5072.05	-0.08858365727935791
5073.72	0.0261690826796419
5075.39	-0.09215238633735792
5077.06	0.0262587994566421
5078.72	-0.1051059687863578
5080.39	-0.004667151771557899
5082.06	-0.1564776020833578
5083.73	-0.0296449253193578
5085.4	-0.15874718334935792
5087.06	-0.0032881774393578
5088.73	-0.1036910236493578
5090.4	0.032533662500642
5092.07	-0.11241084160935791
5093.74	-0.0213232509993578
5095.4	-0.19542051336935767
5097.07	-0.0865566320893579
5098.74	-0.20087829252935788
5100.41	-0.0106847372793578
5102.07	-0.08855466173935791
5103.74	0.0885889218106421
5105.41	-0.024989809719357894
5107.08	0.1045966588906421
5108.75	-0.042839270279358
5110.41	0.065201874320642
5112.08	-0.0654372178193579
5113.75	0.0746956940606421
5115.42	-0.06391558894135779
5117.09	0.06636166001064209
5118.75	-0.0154774504793579
5120.42	0.1649981103066421
5122.09	0.1098751687386421
5123.76	0.2531113447906421
5125.43	0.1261579687506421
5127.09	0.22661397777664202
5128.76	0.067649912880642
5130.43	0.1662695723926421
5132.1	0.0669698944596421
5133.76	0.205084200656642
5135.43	0.064643503040642
5137.1	0.162542613900642
5138.77	-0.00015694580935789442
5140.44	0.139138087262642
5142.1	0.044455968480642094
5143.77	0.2269150146466422
5145.44	0.131631805531642
5147.11	0.270229051758642
5148.78	0.119706435112642
5150.44	0.216935263180642
5152.11	0.018574182730642003
5153.78	0.0968118696206422
5155.45	-0.08662036369735779
5157.12	-0.0011979740693578954
5158.78	-0.12731126614835778
5160.45	-0.005902346451357898
5162.12	-0.12570252366335782
5163.79	0.030836152822642102
5165.45	-0.09688725509135789
5167.12	0.032893682200642003
5168.79	-0.08637636388935789
5170.46	0.018327451013242103
5172.13	-0.0868740326833579
5173.79	0.040330483941641904
5175.46	-0.1442617703313579
5177.13	-0.0633308308433579
5178.8	-0.24391311891375778
5180.47	-0.1558770058093577
5182.13	-0.2856965784413578
5183.8	-0.0783936840693579
5185.47	-0.07748598051395789
5187.14	0.175359498634642
5188.8	0.099180190633642
5190.47	0.2110249420356419
5192.14	0.055427245710642
5193.81	0.134829988688642
5195.48	-0.0329596172793579
5197.14	0.104677508158642
5198.81	-0.015964214839357803
5200.48	0.074586464870642
5202.15	-0.08252021921935779
5203.82	-0.009080960857357906
5205.48	-0.1469449671293579
5207.15	-0.0300054722293579
5208.82	-0.1183551682232578
5210.49	0.0508072726836421
5212.16	-0.047443307029357895
5213.82	0.06478777571064209
5215.49	-0.047861207569357904
5217.16	0.0568253960316422
5218.83	-0.06764343075935791
5220.49	0.0457762815198421
5222.16	-0.064577172557358
5223.83	0.08686600972664199
5225.5	-0.027358006250358
5227.17	0.0894270071806422
5228.83	-0.01043396387935799
5230.5	0.1139272357956421
5232.17	-0.006581661728357903
5233.84	0.111841754306642
5235.51	-0.0201994278943579
5237.17	0.07725194645864202
5238.84	-0.0695713308713577
5240.51	0.035491218312642105
5242.18	-0.10511505743855791
5243.85	0.0005235546786420998
5245.51	-0.1446282685693579
5247.18	-0.0457053433543579
5248.85	-0.17065253403135777
5250.52	-0.028714440496357803
5252.18	-0.13950157180935788
5253.85	0.0365292635030421
5255.52	-0.1098052024633579
5257.19	-0.0363502940793577
5258.86	-0.1911573781093579
5260.52	-0.0826328904193579
5262.19	-0.1678814830903578
5263.86	0.054994533662642
5265.53	-0.013036604819357898
5267.2	0.148261000370642
5268.86	-0.0003340074893579091
5270.53	0.06187034819264219
5272.2	-0.0993574221093579
5273.87	0.004697124680642
5275.54	-0.1022124379073579
5277.2	0.005646898780642198
5278.87	-0.12180777255935789
5280.54	-0.003868328375358
5282.21	-0.1119310747093578
5283.87	0.05178154702064211
5285.54	-0.0255992586293579
5287.21	0.12171425138264211
5288.88	0.027245890610641997
5290.55	0.125989108340642
5292.21	-0.03271497332635791
5293.88	0.0765778571076421
5295.55	-0.040698816219357795
5297.22	0.10689875351064201
5298.89	-0.005480249789357801
5300.55	0.12647659535064198
5302.22	0.0016227866236421008
5303.89	0.10516859681764211
5305.56	-0.017807535816357797
5307.23	0.145482760890642
5308.89	0.052963442980642095
5310.56	0.16112549389064199
5312.23	-0.03492580186935801
5313.9	7.70318706421122e-05
5315.56	-0.1716167709729579
5317.23	-0.048550482159357894
5318.9	-0.0954824201073579
5320.57	0.0879748901506419
5322.24	0.0684744541556419
5323.9	0.2075168150686419
5325.57	0.08124668315064201
5327.24	0.217505970830842
5328.91	0.11974089288064191
5330.58	0.248305390562642
5332.24	0.1637154167960419
5333.91	0.251196578115042
5335.58	0.1253287293306421
5337.25	0.21601046979064203
5338.92	0.044962976510642
5340.58	0.1386916727206421
5342.25	0.018365561514641995
5343.92	0.13664743712364208
5345.59	0.0453140552566422
5347.25	0.15562328197164213
5348.92	0.011680923444642197
5350.59	0.054270908660642
5352.26	-0.12333902737175781
5353.93	-0.0501388827083577
5355.59	-0.19352602109535771
5357.26	-0.0901676669093577
5358.93	-0.1886172189893578
5360.6	-0.050057432179357805
5362.27	-0.1101011886663579
5363.93	0.04786702483064209
5365.6	0.015082163228642094
5367.27	0.18534941702064228
5368.94	0.0892068079944621
5370.6	0.2066498067166419
5372.27	0.069280818930642
5373.94	0.188495697874042
5375.61	0.08827990233864211
5377.28	0.2221748891606419
5378.94	0.13381346189064208
5380.61	0.238715817890642
5382.28	0.1029290470226421
5383.95	0.18024010480264202
5385.62	0.02669826920964201
5387.28	0.120801979850642
5388.95	0.007932255490641998
5390.62	0.130055336295272
5392.29	0.015339724875172094
5393.96	0.1176153346366421
5395.62	0.016710961365642003
5397.29	0.1592129152416421
5398.96	0.06554456927564199
5400.63	0.1865545184446421
5402.29	0.056760947489642
5403.96	0.142685952850642
5405.63	-0.021297852689358
5407.3	0.042279949870642194
5408.97	-0.0845406435543579
5410.63	0.036325975090642094
5412.3	-0.10809286005935789
5413.97	-0.004988221817357802
5415.64	-0.11394618783015789
5417.31	0.038677216009642
5418.97	-0.052169353881357794
5420.64	0.0437037893682119
5422.31	-0.09408014471035779
5423.98	0.00034988320764199957
5425.65	-0.13973484395535782
5427.31	0.032664406830642104
5428.98	0.0068478859186421985
5430.65	0.21011076969264209
5432.32	0.1040249858266419
5433.98	0.183435268949642
5435.65	-0.027337026447357998
5437.32	0.05442350476064219
5438.99	-0.1087311410393579
5440.66	0.0273205229306421
5442.32	-0.0645301553581579
5443.99	0.0813332398706422
5445.66	-0.05518358918935791
5447.33	0.07922568727064219
5449.0	-0.07877589007935781
5450.66	0.04872462758064221
5452.33	-0.08016196070135789
5454.0	0.03762318150964221
5455.67	-0.0832223495893579
5457.34	0.050945951503642097
5459.0	-0.0738468129293577
5460.67	0.052527112842642096
5462.34	-0.0791865931803577
5464.01	0.0381013592576422
5465.67	-0.071548732621358
5467.34	0.0604419505186421
5469.01	-0.0386596806905578
5470.68	0.0629320577676419
5472.35	-0.08793298700935791
5474.01	-0.0359789671093579
5475.68	-0.1951931758693578
5477.35	-0.09401904967935773
5479.02	-0.2158232599893579
5480.69	-0.0918095140893577
5482.35	-0.1799943742773579
5484.02	-0.0831365277793579
5485.69	-0.19493021651135792
5487.36	-0.0672077007413579
5489.03	-0.11732841959235789
5490.69	0.07790421288064199
5492.36	-0.0022427266763579007
5494.03	0.104186150158242
5495.7	-0.0188022609693579
5497.36	0.066447004710642
5499.03	-0.09165666681215778
5500.7	0.014985318550642201
5502.37	-0.1101599671225578
5504.04	0.018179066610642194
5505.7	-0.1192118806233579
5507.37	-0.025598078481357797
5509.04	-0.15508450006935778
5510.71	-0.043220327381357795
5512.38	-0.1772866942083578
5514.04	-0.0675837178183577
5515.71	-0.18463404120235788
5517.38	-0.0390932069793578
5519.05	-0.1835872861233579
5520.72	-0.0557914155643578
5522.38	-0.1299106547323579
5524.05	0.0434905899477422
5525.72	0.030443800771642097
5527.39	0.215015988670642
5529.05	0.116648881440642
5530.72	0.227466387551442
5532.39	0.037654374311642
5534.06	0.1304181749356419
5535.73	0.036031457648642094
5537.39	0.204003563080642
5539.06	0.13178149669064199
5540.73	0.246981169180642
5542.4	0.0757910501906421
5544.07	0.1482085301306419
5545.73	-0.0186923997603579
5547.4	0.10966444834464201
5549.07	-0.022658452137358003
5550.74	0.107674135816642
5552.4	-0.013342422402357801
5554.07	0.10246612041664199
5555.74	0.007534795390642106
5557.41	0.157930925904642
5559.08	0.06016716351064201
5560.74	0.172240244210642
5562.41	-0.025013995929357997
5564.08	0.015382871470642096
5565.75	-0.19493138434935778
5567.42	-0.0892676993213577
5569.08	-0.1812016383583578
5570.75	-0.0160005241753579
5572.42	-0.0893767418273577
5574.09	0.0329544102906422
5575.76	-0.08084996036135791
5577.42	0.08024856691664212
5579.09	-0.000776855123357803
5580.76	0.2070668346166421
5582.43	0.123944489630642
5584.09	0.217450814546642
5585.76	0.05394081881064211
5587.43	0.139465647500642
5589.1	0.023989106520642095
5590.77	0.169147906176642
5592.43	0.065921625356642
5594.1	0.22064235792064202
5595.77	0.08378659181064191
5597.44	0.17169325679064198
5599.11	0.010409984634642003
5600.77	0.1242872515826422
5602.44	-0.013210412289357992
5604.11	0.09813666991064199
5605.78	-0.0075731679763578
5607.45	0.1793098504046421
5609.11	0.06619522181464212
5610.78	0.1764578344706422
5612.45	0.031888424696642104
5614.12	0.15095445909264207
5615.78	0.046148297689642
5617.45	0.1669069980426421
5619.12	0.10178047855364199
5620.79	0.281134045908642
5622.46	0.19690756021348008
5624.12	0.32899321083064204
5625.79	0.19402584174764198
5627.46	0.299161208601642
5629.13	0.16741187285064202
5630.8	0.237384539660642
5632.46	0.07441536886064198
5634.13	0.17098610337064202
5635.8	0.013774880040642
5637.47	0.0627932536606422
5639.14	-0.1282826137363579
5640.8	-0.058634631732357896
5642.47	-0.21278842737335782
5644.14	-0.057766735341357796
5645.81	-0.13845391302935772
5647.47	0.029293413650642093
5649.14	-0.0497537874193578
5650.81	0.064412236059642
5652.48	-0.0575210680153578
5654.15	0.12481333381864201
5655.81	0.053191534330641985
5657.48	0.2296655749190421
5659.15	0.10337077948964209
5660.82	0.169657759180642
5662.49	-0.011254204381358001
5664.15	0.10856095556964199
5665.82	0.013676353102641998
5667.49	0.1967958602399589
5669.16	0.08707931465124201
5670.83	0.17811030185644208
5672.49	-0.0082978851553579
5674.16	0.04411401508744219
5675.83	-0.0934988838793578
5677.5	0.0456482747546422
5679.16	-0.06397385059935781
5680.83	0.09972894397864208
5682.5	0.025342074559341995
5684.17	0.18965858757264212
5685.84	0.140662225794642
5687.5	0.2636937328906421
5689.17	0.12691994234194198
5690.84	0.1872866719846421
5692.51	-0.0307148360493578
5694.18	-0.011675118985757803
5695.84	-0.17190316287935786
5697.51	-0.044563663509357795
5699.18	-0.09999745231935779
5700.85	0.0945454714506421
5702.52	0.0638142807606421
5704.18	0.2349945933406421
5705.85	0.13019799520264214
5707.52	0.2382686105346421
5709.19	0.0843045165826421
5710.85	0.171240033953642
5712.52	-0.005582383098357999
5714.19	0.072747079667642
5715.86	-0.0957272199693579
5717.53	0.024746198478642102
5719.19	-0.1327140478093579
5720.86	0.028574447864042
5722.53	-0.0640068538293579
5724.2	0.0928279896056421
5725.87	-0.0748573358793579
5727.53	0.0371162218106419
5729.2	-0.13915813995935788
5730.87	-0.007081813199357999
5732.54	-0.1102324640933578
5734.2	0.10139095960864201
5735.87	0.0652420113806421
5737.54	0.268079344022642
5739.21	0.132340905490642
5740.88	0.291278688282642
5742.54	0.16327594552064212
5744.21	0.26766835244064197
5745.88	0.101304483629042
5747.55	0.1219549082806419
5749.22	-0.08992062164535791
5750.88	-0.024863203329357896
5752.55	-0.16571244400935786
5754.22	0.008111754054642102
5755.89	-0.0758777230693579
5757.56	0.04395435258164219
5759.22	-0.0961646249193579
5760.89	-0.0360723282993579
5762.56	-0.1816218935406977
5764.23	-0.0285898906933578
5765.89	-0.1138786084953577
5767.56	0.009413479050642201
5769.23	-0.12337185100935781
5770.9	-0.0359977511343579
5772.57	-0.16435636849435778
5774.23	-0.0158216476293578
5775.9	-0.09170141381935791
5777.57	0.096098773062642
5779.24	-0.031756170450357904
5780.91	0.07817180430064219
5782.57	-0.07538961003535792
5784.24	0.07483777237464209
5785.91	0.02061260345064212
5787.58	0.2355661580266421
5789.25	0.13863702126328198
5790.91	0.2690569033606421
5792.58	0.0273020218706421
5794.25	0.055088714848642
5795.92	-0.16239815959935788
5797.58	-0.0486562684803579
5799.25	-0.10832301438635791
5800.92	0.157941184274642
5802.59	0.1337353417986421
5804.26	0.353758099982344
5805.92	0.249302780970642
5807.59	0.2836281417196421
5809.26	0.0111332715996421
5810.93	0.008093709750642004
5812.6	-0.2070456135893579
5814.26	-0.0928808818533578
5815.93	-0.1566693940693578
5817.6	0.0276497953906421
5819.27	0.010010601880642206
5820.94	0.1775134451846419
5822.6	0.07362457670464201
5824.27	0.19717555094064199
5825.94	0.06133953907654199
5827.61	0.1698575487306421
5829.27	0.054988845943642006
5830.94	0.126359254541642
5832.61	0.029457630207642096
5834.28	0.1326894756316421
5835.95	0.0020304425826420808
5837.61	0.09955305716064208
5839.28	-0.0771169365393579
5840.95	0.026980524870642102
5842.62	-0.14347483094935792
5844.29	-0.0656870234593577
5845.95	-0.1656437549393578
5847.62	-0.010211160379357901
5849.29	-0.07319126771935779
5850.96	0.0998078027206422
5852.63	-0.0193331091393579
5854.29	0.1110700499986422
5855.96	-0.049329832809357904
5857.63	0.0509076362646421
5859.3	-0.07657124195935781
5860.96	0.0449083490786421
5862.63	-0.027591523253357897
5864.3	0.1564031513406421
5865.97	0.11444227235064211
5867.64	0.24395105971364198
5869.3	0.1164858218746721
5870.97	0.1582791983206421
5872.64	-0.0623407574393579
5874.31	-0.031980670568357995
5875.98	-0.1496073564393578
5877.64	0.039340986720642
5879.31	-0.009375837179357902
5880.98	0.1374699288606419
5882.65	0.0509954277406421
5884.32	0.149196009260642
5885.98	0.026955997420642093
5887.65	0.1564472414030421
5889.32	0.0636702379506421
5890.99	0.2249139081596421
5892.65	0.013410545846042201
5894.32	0.0205086596876421
5895.99	-0.21248739772935782
5897.66	-0.1678370500093578
5899.33	-0.3144172673393577
5900.99	-0.1318136474753577
5902.66	-0.1269556078093578
5904.33	0.149097252214642
5906.0	0.1340291007406422
5907.67	0.3335169178206421
5909.33	0.1717331754106421
5911.0	0.2133645245646421
5912.67	-0.047135986667857996
5914.34	-0.0604278801013579
5916.0	-0.2052961722793579
5917.67	-0.1031047764693578
5919.34	-0.2233026374043578
5921.01	-0.0962512373593579
5922.68	-0.2689832123593578
5924.34	-0.1620685519693577
5926.01	-0.2633947070283579
5927.68	-0.06499834903735781
5929.35	-0.0776574983153579
5931.02	0.118830334325642
5932.68	0.024733986940642
5934.35	0.173632480825642
5936.02	0.077908710106642
5937.69	0.26346631018264205
5939.36	0.1708757883246419
5941.02	0.34279343678164215
5942.69	0.18947881909064201
5944.36	0.2248980559506421
5946.03	-0.039995458769358
5947.69	-0.0204982453793579
5949.36	-0.2326879474873579
5951.03	-0.1671452647293577
5952.7	-0.3309326394793578
5954.37	-0.19657802690935788
5956.03	-0.31514964005935786
5957.7	-0.20820949713735787
5959.37	-0.3245185628583579
5961.04	-0.14955514503835793
5962.71	-0.1842200402593579
5964.37	-0.001926223537357906
5966.04	-0.09104630386735779
5967.71	0.0243310715286421
5969.38	-0.10808167060935789
5971.05	-0.029767468111358
5972.71	-0.17561096799935788
5974.38	-0.0683258506133578
5976.05	-0.17452253925935787
5977.72	-0.04456863586235779
5979.38	-0.1283967578573578
5981.05	0.017077362250642
5982.72	-0.062269289209357905
5984.39	0.092923112400642
5986.06	0.009142532270642007
5987.72	0.1475964279176421
5989.39	0.043094836040642
5991.06	0.202323207280642
5992.73	0.085476679490642
5994.4	0.202812687360642
5996.06	0.0656525622825422
5997.73	0.1234908418306421
5999.4	-0.058279615889357796
6001.07	0.004235633156642202
6002.74	-0.1940508779673578
6004.4	-0.0690177134893578
6006.07	-0.1719033343933578
6007.74	0.003133045870642198
6009.41	-0.0911688955733578
6011.07	0.03406187159614219
6012.74	-0.1425872911693579
6014.41	-0.0447713186603578
6016.08	-0.1869317563773579
6017.75	-0.057565097153358
6019.41	-0.18086817800835792
6021.08	-0.0449552724606578
6022.75	-0.1806925421123578
6024.42	-0.0370891460493578
6026.09	-0.1489646570313578
6027.75	0.008206251101642102
6029.42	-0.09672186276135779
6031.09	0.014765518870641998
6032.76	-0.13432162560935781
6034.43	-0.05680726173935789
6036.09	-0.1862658220893578
6037.76	-0.02702294326125789
6039.43	-0.09953039956535789
6041.1	0.1031528233806421
6042.76	0.0662567711606421
6044.43	0.1895781700056421
6046.1	0.10211577100064198
6047.77	0.2444813334206421
6049.44	0.13417141900364218
6051.1	0.27244617404064214
6052.77	0.1046088049006421
6054.44	0.1286608502206421
6056.11	-0.0009671694693579001
6057.78	0.052326074500642104
6059.44	-0.0684977724893579
6061.11	0.0964237083906421
6062.78	-0.024175549499358007
6064.45	0.06633443078004221
6066.11	-0.078921313999358
6067.78	-0.002240124777358005
6069.45	-0.08378781689935791
6071.12	0.06611697377564199
6072.79	-0.052829190037358004
6074.45	0.06389632554064201
6076.12	-0.04198932587935789
6077.79	0.102013838268642
6079.46	0.0330694728506421
6081.13	0.229177634610642
6082.79	0.1195525098806419
6084.46	0.22841441310264207
6086.13	0.028738838190641998
6087.8	0.0702452111006421
6089.47	-0.08463931257935771
6091.13	0.08254211066364209
6092.8	0.0253537451186421
6094.47	0.267739138781642
6096.14	0.2212099286876419
6097.8	0.376071190740642
6099.47	0.188695732042442
6101.14	0.18410389073064198
6102.81	-0.0559012437493578
6104.48	0.0140814624596422
6106.14	-0.1022635923033578
6107.81	0.06354075858064209
6109.48	-0.012112628593358002
6111.15	0.132077501280642
6112.82	-0.00143011296235801
6114.48	0.09512703518464209
6116.15	-0.025059760691357985
6117.82	0.152089853069642
6119.49	0.09587390294464199
6121.16	0.267258922428042
6122.82	0.16516891897164207
6124.49	0.2539224762306422
6126.16	0.0849547150976421
6127.83	0.08719252161064199
6129.49	-0.1822470876303579
6131.16	-0.14823629954935788
6132.83	-0.32141971846135786
6134.5	-0.21174698291715788
6136.17	-0.26792631152935786
6137.83	-0.1411151643795578
6139.5	-0.1772724581123579
6141.17	-0.030539304786357892
6142.84	-0.15049029598135777
6144.51	0.022003061880642216
6146.17	-0.0636566310093578
6147.84	0.02457342964164219
6149.51	-0.11641086303535779
6151.18	-0.0672735321963578
6152.85	-0.20468176278135777
6154.51	-0.061471350949357795
6156.18	-0.1947235607093577
6157.85	-0.0367569962593579
6159.52	-0.1300683751033579
6161.18	-0.013826480742357913
6162.85	-0.14646141647935787
6164.52	-0.035721263973357904
6166.19	-0.1235957733753578
6167.86	0.059339197416642106
6169.52	-0.021016972879157894
6171.19	0.13906308320864189
6172.86	0.033510091134642
6174.53	0.061019363571642095
6176.2	-0.1270884178453578
6177.86	-0.1257775861063577
6179.53	-0.2953837639593578
6181.2	-0.20738606284935768
6182.87	-0.3081921314843577
6184.54	-0.1475984282293579
6186.2	-0.19801932236935782
6187.87	-0.035158300019357804
6189.54	-0.0474155766093578
6191.21	0.18013184596864212
6192.87	0.1416702889486421
6194.54	0.28909849250964215
6196.21	0.183951044760642
6197.88	0.26364098890064214
6199.55	0.065619039260642
6201.21	0.1431859589416421
6202.88	0.014845777570642107
6204.55	0.1712471079506421
6206.22	0.055037628970642
6207.89	0.183803789260642
6209.55	0.11480917017864199
6211.22	0.2918936400206419
6212.89	0.22967883807594197
6214.56	0.41103498694064194
6216.23	0.2531073092466419
6217.89	0.271466630170642
6219.56	-0.010261620632357898
6221.23	0.008642085004642204
6222.9	-0.1497809961833578
6224.56	0.04736159347464211
6226.23	0.0146016141206421
6227.9	0.262950669314642
6229.57	0.2022486983006421
6231.24	0.348210733042642
6232.9	0.1973360392706419
6234.57	0.2899903103026421
6236.24	0.13195245306164188
6237.91	0.21175666795264209
6239.58	0.0502579410646422
6241.24	0.165854219888642
6242.91	-0.017446234717357796
6244.58	0.029849847610642098
6246.25	-0.1674289099393578
6247.91	-0.11024836353935769
6249.58	-0.2510462754593578
6251.25	-0.1164781481623578
6252.92	-0.20568234230535778
6254.59	0.0047152528246420045
6256.25	-0.06311614404235799
6257.92	0.08299492137164201
6259.59	-0.093220060919358
6261.26	-0.03296145808935799
6262.93	-0.23696746516935788
6264.59	-0.1265933956041077
6266.26	-0.1735758330993577
6267.93	0.088932346478642
6269.6	0.107042024743842
6271.27	0.32530397655064197
6272.93	0.20184606098464203
6274.6	0.237787945390642
6276.27	0.014914164770641988
6277.94	0.055213754380642
6279.6	-0.10666317724235791
6281.27	0.021852552460642
6282.94	-0.0374370271843579
6284.61	0.142154134816642
6286.28	0.048703028033642
6287.94	0.120764762979642
6289.61	-0.05608965610255781
6291.28	-0.002574365617357896
6292.95	-0.13860531366935777
6294.62	-0.04279016603595791
6296.28	-0.1802728997703579
6297.95	-0.0920471999623577
6299.62	-0.2540234802543578
6301.29	-0.1888606693473577
6302.96	-0.3017487003193578
6304.62	-0.1532767751779578
6306.29	-0.2388109103293579
6307.96	-0.07675231838935792
6309.63	-0.20905935983935792
6311.29	-0.0791321099693579
6312.96	-0.1815260629483578
6314.63	0.0409177263606422
6316.3	0.030683253915642004
6317.97	0.276781363836042
6319.63	0.19922139584064189
6321.3	0.327811762640642
6322.97	0.1313134865406421
6324.64	0.17734426969064201
6326.31	-0.033933087859357905
6327.97	0.069983433886642
6329.64	-0.05601280306935781
6331.31	0.029335792401642198
6332.98	-0.1296159535593578
6334.65	-0.06525960897335802
6336.31	-0.26348595933935787
6337.98	-0.19636071672935768
6339.65	-0.33294718346935775
6341.32	-0.17833664710135788
6342.98	-0.2384356512493578
6344.65	-0.0726181922993578
6346.32	-0.1425474812093579
6347.99	0.018050606207642202
6349.66	-0.11838854781935788
6351.32	-0.019522131569357795
6352.99	-0.1624510405013578
6354.66	-0.07852473592935791
6356.33	-0.2193146780763578
6358.0	-0.1457299323893577
6359.66	-0.2944104990133578
6361.33	-0.1658792681733578
6363.0	-0.2598226841293578
6364.67	-0.0479399105493579
6366.34	-0.06782769318935779
6368.0	0.1553240529706419
6369.67	0.128154990200642
6371.34	0.291441005710642
6373.01	0.204494012480642
6374.67	0.3407434369806421
6376.34	0.2696336556026419
6378.01	0.44960858979064194
6379.68	0.292039341575642
6381.35	0.31886058043064197
6383.01	0.046546252922641904
6384.68	-0.043307700439357805
6386.35	-0.2594059558003577
6388.02	-0.17051689998935782
6389.69	-0.23512486587235784
6391.35	0.00017777396064209972
6393.02	0.00014927327064210086
6394.69	0.19453662177964193
6396.36	0.1497834854876421
6398.03	0.271091159877642
6399.69	0.15847158054764202
6401.36	0.31066357573764203
6403.03	0.15028673142864202
6404.7	0.204169277970642
6406.36	0.030798400800642008
6408.03	0.09768399615764199
6409.7	-0.039724428480458
6411.37	0.07236085528064211
6413.04	-0.042613110559358014
6414.7	0.0898782909786421
6416.37	-0.034598510105357805
6418.04	0.113624178152642
6419.71	0.0086298407237741
6421.38	0.169281894558642
6423.04	0.0697193923806421
6424.71	0.1173382097656421
6426.38	-0.0815843390493579
6428.05	-0.0703201349673579
6429.71	-0.2829936951113578
6431.38	-0.19035593319035782
6433.05	-0.3473567728893578
6434.72	-0.2159072849853577
6436.39	-0.27430031729335785
6438.05	-0.0848191911091578
6439.72	-0.0995320334633579
6441.39	0.082108152010642
6443.06	-0.0316588103365179
6444.73	0.07511707679804211
6446.39	-0.09738816511935791
6448.06	-0.016592505359357898
6449.73	-0.1896081487003577
6451.4	-0.12521709613935778
6453.07	-0.2025480820593578
6454.73	-0.08402005873715782
6456.4	-0.1705052045453579
6458.07	0.030269496433642202
6459.74	-0.03890692312935781
6461.4	0.11557537303064201
6463.07	0.0354478240906419
6464.74	0.1599165993306421
6466.41	0.10597118609064189
6468.08	0.217865665250642
6469.74	0.05492452440764199
6471.41	0.15877736841764198
6473.08	0.025709468595442105
6474.75	0.1283073389126421
6476.42	0.019661084210642006
6478.08	0.17086897025464207
6479.75	0.046006598230641994
6481.42	0.149891982204642
6483.09	0.011126218214642098
6484.76	0.12746663105064213
6486.42	0.00039474833064220144
6488.09	0.1060567147906421
6489.76	0.009379910500642095
6491.43	0.1414847154006419
6493.09	0.007835017960642093
6494.76	0.08173568686064209
6496.43	-0.025577257531357908
6498.1	0.1275628090206419
6499.77	0.0361790703206421
6501.43	0.18756738296964198
6503.1	0.1292125663106421
6504.77	0.241357580460642
6506.44	0.07560823601064219
6508.11	0.0895223155506421
6509.77	-0.06382085842935781
6511.44	0.07652115150064209
6513.11	0.010972572220642001
6514.78	0.20525838630064208
6516.45	0.15979640588864188
6518.11	0.274760652910642
6519.78	0.089567721608642
6521.45	0.10827248387264209
6523.12	-0.1049198339373579
6524.78	-0.009847185806357888
6526.45	-0.14991935093935788
6528.12	-0.053778492699358
6529.79	-0.2052068039640579
6531.46	-0.08152993944935791
6533.12	-0.2000269668793578
6534.79	-0.057291996219357794
6536.46	-0.0941031093193579
6538.13	0.0903936649706421
6539.8	0.0026621787076421127
6541.46	0.15199705831064209
6543.13	-0.03771927140935791
6544.8	0.051306530310642
6546.47	-0.0961168784613578
6548.14	-0.041102935170357804
6549.8	-0.1373779343093579
6551.47	-0.044860082942617896
6553.14	-0.2026941950153579
6554.81	-0.0832153546953578
6556.47	-0.21829817806037788
6558.14	-0.05565320662335792
6559.81	-0.05873693631135791
6561.48	0.16177959662064198
6563.15	0.07842988179964211
6564.81	0.163864729976642
6566.48	-0.02826772344935799
6568.15	0.004243846740642003
6569.82	-0.21568123170935793
6571.49	-0.09895057050635792
6573.15	-0.20530769613935793
6574.82	-0.014454409639357894
6576.49	-0.10974383199935793
6578.16	0.051172644494642
6579.83	-0.049233971029357906
6581.49	0.0706950863576421
6583.16	-0.08519854465935782
6584.83	0.06938655821064199
6586.5	-0.017590267523358002
6588.16	0.18066951212564203
6589.83	0.146277754247642
6591.5	0.3267512813506419
6593.17	0.222124555121642
6594.84	0.29631322264504223
6596.5	0.15853289579864213
6598.17	0.16830299520964206
6599.84	-0.0034716452893580113
6601.51	0.014034407780642202
6603.18	-0.1397890042393578
6604.84	-0.0008451937103578014
6606.51	-0.1015753269493578
6608.18	0.0016793565076421019
6609.85	-0.13499915941935778
6611.51	-0.14633481239935778
6613.18	-0.3763540842363578
6614.85	-0.34508146182335775
6616.52	-0.44379928490935794
6618.19	-0.29745646389935787
6619.85	-0.3914759834173579
6621.52	-0.2583595829193579
6623.19	-0.4075772475043579
6624.86	-0.2541142450243578
6626.53	-0.3057635907613577
6628.19	-0.1379490202493578
6629.86	-0.1436074347093579
6631.53	0.0010264429306420936
6633.2	-0.12018078320935781
6634.87	-0.0337603308383578
6636.53	-0.21143458179935784
6638.2	-0.08182480206935791
6639.87	-0.18699148072935778
6641.54	-0.044556060399358
6643.2	-0.16634050803335781
6644.87	-0.11050695798935779
6646.54	-0.2612018208153577
6648.21	-0.26303790430735774
6649.88	-0.4588130976253577
6651.54	-0.2683183873963578
6653.21	-0.2995338681393578
6654.88	-0.025958456318357886
6656.55	-0.0449022092843578
6658.22	0.1284782186846422
6659.88	0.05953455560764219
6661.55	0.1885609884686421
6663.22	0.1304105758606421
6664.89	0.2975489883106421
6666.56	0.1959816016106421
6668.22	0.2464872181136421
6669.89	0.004051542484642101
6671.56	-0.009999785651357899
6673.23	-0.2131273997433577
6674.89	-0.0924911761293579
6676.56	-0.1030664649753578
6678.23	0.058593999619642095
6679.9	-0.0325721176353578
6681.57	0.086892640030642
6683.23	-0.031104520179357803
6684.9	0.09226341816064201
6686.57	0.002770849430642104
6688.24	0.171152908709642
6689.91	0.10253745166664191
6691.57	0.243763379633442
6693.24	0.1382410038906421
6694.91	0.2705419983106421
6696.58	0.1382395872166421
6698.25	0.2503324568006421
6699.91	0.1359968969246421
6701.58	0.2442777320896421
6703.25	0.11657325732064211
6704.92	0.17111004813064212
6706.58	0.014882932210742019
6708.25	0.09448042088964201
6709.92	-0.08300607644405791
6711.59	0.015080900880642102
6713.26	-0.1553806505093579
6714.92	-0.066613166039358
6716.59	-0.19021290394935791
6718.26	-0.04361915413935789
6719.93	-0.10884097343935802
6721.6	0.08965289084064221
6723.26	0.049806009188642184
6724.93	0.2205389348876421
6726.6	0.0524894357266421
6728.27	0.1288707703186421
6729.94	-0.0792471552833579
6731.6	-0.00024125473935779872
6733.27	-0.10219548843935788
6734.94	0.113345147680642
6736.61	0.1029908579906421
6738.27	0.290230719075642
6739.94	0.110002448658642
6741.61	0.1322624430706419
6743.28	-0.09669176839935789
6744.95	-0.012357966077558
6746.61	-0.1182644432893578
6748.28	0.0512300132126421
6749.95	-0.0703168387993579
6751.62	0.024165958542642
6753.29	-0.14492617076935788
6754.95	-0.03901704267635791
6756.62	-0.10913893067595778
6758.29	0.0910040277186421
6759.96	0.050828729572642
6761.63	0.2033554118716421
6763.29	0.06818616118064211
6764.96	0.1094645726606421
6766.63	-0.0895436319573578
6768.3	-0.019547339318357903
6769.96	-0.10731093934335789
6771.63	0.07971352456964209
6773.3	0.04469559858064211
6774.97	0.23823644271464198
6776.64	0.1814519228546421
6778.3	0.280268883969642
6779.97	0.0916425173426422
6781.64	0.111780163040642
6783.31	-0.1218372542393579
6784.98	-0.1344419305493578
6786.64	-0.3084975823897578
6788.31	-0.2054510789673577
6789.98	-0.2887865350493578
6791.65	-0.10050287335835781
6793.31	-0.1828138621693578
6794.98	-0.06315949118935779
6796.65	-0.2323683238493579
6798.32	-0.2498513402493579
6799.99	-0.4979528655553578
6801.65	-0.39882078035835783
6803.32	-0.44885543592635774
6804.99	-0.19192380880935783
6806.66	-0.1543338593753579
6808.33	0.0178662729446422
6809.99	-0.0892229161993579
6811.66	-0.0516614208563579
6813.33	-0.24499146984935793
6815.0	-0.15596142882935804
6816.67	-0.19393181662935793
6818.33	0.017607173920642098
6820.0	0.003195552767642199
6821.67	0.164600961128642
6823.34	0.113088482812642
6825.0	0.214243454320642
6826.67	0.09505436648264208
6828.34	0.17524079458939812
6830.01	0.08851604242364221
6831.68	0.279890452878642
6833.34	0.203828055830642
6835.01	0.291137689305642
6836.68	0.1462334113596421
6838.35	0.16283653773964202
6840.02	0.0014011867286421037
6841.68	0.092615601289642
6843.35	-0.04780108681235789
6845.02	0.0591028868894421
6846.69	-0.11550486773335791
6848.36	-0.0993407764692579
6850.02	-0.2019656708193579
6851.69	-0.05143423203135791
6853.36	-0.0923087353693579
6855.03	0.088615953520642
6856.69	-0.01338362286335799
6858.36	0.0766714686766421
6860.03	-0.029443035655357795
6861.7	0.0970950619276421
6863.37	0.0439132283296421
6865.03	0.23630361453564203
6866.7	0.1593830864306421
6868.37	0.2753177614176421
6870.04	0.0500740733616421
6871.71	-0.004862188992357898
6873.37	-0.25609909479735793
6875.04	-0.2769724108793578
6876.71	-0.4425727123493579
6878.38	-0.26582164080235793
6880.05	-0.2732521652693579
6881.71	0.054586189228642
6883.38	0.076747480265642
6885.05	0.299156262326642
6886.72	0.2952013474666419
6888.38	0.3801255072216421
6890.05	0.2020149831526421
6891.72	0.2061490875306421
6893.39	-0.0095851176073578
6895.06	0.0708448810396421
6896.72	-0.1457176370693577
6898.39	-0.0898573678733578
6900.06	-0.22646909414735789
6901.73	-0.0918005553693578
6903.4	-0.11532213323935779
6905.06	0.041025461450642106
6906.73	-0.1251133721293579
6908.4	-0.0030030241763579074
6910.07	-0.2365593024623579
6911.74	-0.1797265971693579
6913.4	-0.3196060537193579
6915.07	-0.18436748768935782
6916.74	-0.21604159781935792
6918.41	0.010494553624642102
6920.07	-0.09533775255935789
6921.74	0.0741800528506421
6923.41	-0.059748836489357894
6925.08	0.008549882780642115
6926.75	-0.13583462763935772
6928.41	0.06428174816064211
6930.08	0.0690146763116421
6931.75	0.327343619080872
6933.42	0.219761512973642
6935.09	0.23355861426264202
6936.75	0.017289091670642104
6938.42	-0.0449411473273579
6940.09	-0.3188187562223578
6941.76	-0.23992851140935778
6943.42	-0.3448617604593578
6945.09	-0.1109635201993579
6946.76	-0.1160496338043578
6948.43	0.045784498826642
6950.1	-0.0004687724843579072
6951.76	0.037629148444642005
6953.43	-0.1466591983293578
6955.1	-0.0364907388433578
6956.77	-0.1392820726853579
6958.44	-0.005919084769357903
6960.1	-0.14487276220735798
6961.77	-0.0710297489333579
6963.44	-0.2605640352103577
6965.11	-0.20079863065655768
6966.78	-0.2752036611113577
6968.44	-0.1347297930723578
6970.11	-0.12962426231935809
6971.78	0.055963548802642094
6973.45	-0.0204405286393579
6975.11	0.1268525300106421
6976.78	0.007239809390642102
6978.45	0.091270382830642
6980.12	0.02056133677064209
6981.79	0.123594756337642
6983.45	0.033210797230642006
6985.12	0.1722952754026419
6986.79	0.029661886232742005
6988.46	0.15829676456264202
6990.13	0.06029204110064199
6991.79	0.29546906293064196
6993.46	0.210572321120642
6995.13	0.3597460212256421
6996.8	0.1789363914306421
6998.47	0.24461860459064205
7000.13	-0.0144346134273579
7001.8	0.0645020395256421
7003.47	-0.0683690401133577
7005.14	0.148286266881642
7006.8	0.06452008521664211
7008.47	0.27416986425064216
7010.14	0.207865934236342
7011.81	0.4448830052576421
7013.48	0.355703940670642
7015.14	0.4711170278666419
7016.81	0.348092012850642
7018.48	0.38652271697064206
7020.15	0.14664519093864212
7021.82	0.1968381753231421
7023.48	0.022484251410642198
7025.15	0.143551309866642
7026.82	0.03099125944464221
7028.49	0.13655308749064207
7030.16	0.000705881165642101
7031.82	0.0336872101536422
7033.49	-0.1595742977453578
7035.16	-0.1010523112313578
7036.83	-0.2650049612793577
7038.49	-0.14857971478935772
7040.16	-0.2657482237393578
7041.83	-0.0538906812993578
7043.5	-0.037952702299358
7045.17	0.2115753945391419
7046.83	0.22027457045964188
7048.5	0.4383768670406419
7050.17	0.289816471710642
7051.84	0.272390638890642
7053.51	-0.087524300999358
7055.17	-0.1429420467993577
7056.84	-0.3272968667993578
7058.51	-0.1082634726183578
7060.18	-0.037304618277357794
7061.85	0.25687559536864224
7063.51	0.2235332277306419
7065.18	0.276752181850642
7066.85	0.0268567347406422
7068.52	0.05991790051711209
7070.18	-0.031310799119357996
7071.85	0.17330022814664198
7073.52	0.1584051565206421
7075.19	0.24302404527064198
7076.86	0.011865847420641992
7078.52	0.0205773810006422
7080.19	-0.14149188363195792
7081.86	-0.022786115398037998
7083.53	0.00023929957064199037
7085.2	0.213796652484342
7086.86	0.158879510322842
7088.53	0.18866865472564187
7090.2	-0.08443822008735788
7091.87	-0.062427497841357704
7093.54	-0.18816207632135787
7095.2	0.0007346711906420049
7096.87	0.023971277480642095
7098.54	0.255825013749642
7100.21	0.24416036211264203
7101.87	0.3925971535806419
7103.54	0.27779935137864187
7105.21	0.41568534546064206
7106.88	0.29066770823064203
7108.55	0.4282611748926419
7110.21	0.27972387453064207
7111.88	0.3378030895596421
7113.55	0.14412834967064203
7115.22	0.12241981771864213
7116.89	-0.16730120999635786
7118.55	-0.173577786251358
7120.22	-0.31466271992935785
7121.89	-0.11716669674935792
7123.56	-0.11085565303935793
7125.22	0.16460399235064188
7126.89	0.1495441618106421
7128.56	0.299822942374042
7130.23	0.0917247451636421
7131.9	0.11796082967064209
7133.56	-0.065905420279358
7135.23	0.020813192090642
7136.9	-0.0910915696940678
7138.57	0.1129541105026419
7140.24	0.013135142120641999
7141.9	0.154369246570642
7143.57	-0.02928288823135791
7145.24	0.057687908627642
7146.91	-0.040235945777357986
7148.58	0.11388319611264192
7150.24	0.0255743900546421
7151.91	0.254512868368642
7153.58	0.24250091013064212
7155.25	0.467855300570642
7156.91	0.406233398570642
7158.58	0.555883484941642
7160.25	0.40896756010924196
7161.92	0.4564785357326421
7163.59	0.2099248829606421
7165.25	0.2574999807406421
7166.92	0.11582983668564201
7168.59	0.18829517092064202
7170.26	0.018821526308642
7171.93	0.08449206982064189
7173.59	-0.052510864331357904
7175.26	0.0545211277276422
7176.93	-0.123839353999158
7178.6	0.006408711896642187
7180.27	-0.0900773366493578
7181.93	0.034416178860642105
7183.6	-0.021185777769357816
7185.27	0.12297755100564199
7186.94	0.0557844205466421
7188.6	0.1359819633146421
7190.27	-0.09467561075935779
7191.94	-0.1108408503453577
7193.61	-0.2373543783293577
7195.28	-0.0690783272273578
7196.94	0.0007050311706421029
7198.61	0.31024760227064196
7200.28	0.41224350074064214
7201.95	0.5977304059006421
7203.62	0.4700774098726421
7205.28	0.47262120160864185
7206.95	0.25473999608464193
7208.62	0.2404687845630421
7210.29	0.025561606435842103
7211.96	0.03452836616064209
7213.62	-0.060548026539357896
7215.29	0.1091265410406422
7216.96	0.05552488823664199
7218.63	0.24347641228964229
7220.29	0.167612258903242
7221.96	0.24374650249064223
7223.63	0.0675730889806422
7225.3	0.045712616027642095
7226.97	-0.1362497179603579
7228.63	-0.06759036931935782
7230.3	-0.1831158171843578
7231.97	0.003777390447642007
7233.64	-0.03744349419935781
7235.31	0.1437026278896421
7236.97	0.048581204765642004
7238.64	0.1803714926857621
7240.31	0.02159265687064199
7241.98	0.1280826704416421
7243.65	-0.07422193131135789
7245.31	0.026595200462642
7246.98	-0.1595889762893579
7248.65	-0.00521276528935781
7250.32	-0.07969404235935781
7251.98	0.19962066916064197
7253.65	0.164724594130642
7255.32	0.314897634997642
7256.99	0.0908040739206421
7258.66	0.090029762940642
7260.32	-0.1214007957393579
7261.99	-0.007807201349357799
7263.66	-0.0385478769093579
7265.33	0.163508669648642
7267.0	0.09245130002164198
7268.66	0.13141228470064212
7270.33	-0.014558406811357907
7272.0	0.0828193492306421
7273.67	0.0106702784806422
7275.34	0.17882093403964203
7277.0	0.116295313030642
7278.67	0.209952874180642
7280.34	0.08985534603464211
7282.01	0.10655843919064201
7283.67	0.015216520490642205
7285.34	0.204152314930642
7287.01	0.057487544244542194
7288.68	0.128906711210642
7290.35	-0.1010483119213578
7292.01	-0.1265839128393578
7293.68	-0.32700339582835786
7295.35	-0.24073321271935783
7297.02	-0.307567136233958
7298.69	-0.06037839341935789
7300.35	-0.10821216758535789
7302.02	0.06735539644764199
7303.69	-0.0390399180693579
7305.36	0.10233408018764201
7307.02	0.016013760880642096
7308.69	0.15788785434264208
7310.36	0.00430305131164211
7312.03	0.011573324620642098
7313.7	-0.1529726337363577
7315.36	-0.0357920072853579
7317.03	-0.0293800952113579
7318.7	0.22836191786064214
7320.37	0.25842093239984204
7322.04	0.38771995440064205
7323.7	0.1655632300996421
7325.37	0.06213623281084209
7327.04	-0.1946114877153578
7328.71	-0.1860793777193577
7330.38	-0.27957750539635784
7332.04	-0.1147836322093577
7333.71	-0.1135102924033579
7335.38	0.10618264744864211
7337.05	0.019963594874642103
7338.71	0.138088068801442
7340.38	0.045065068030641905
7342.05	0.180846504350642
7343.72	0.0879010303086421
7345.39	0.216499522150642
7347.05	0.056819983810642107
7348.72	0.11519785108664199
7350.39	-0.097468418989358
7352.06	-0.06128236324135799
7353.73	-0.2508375328293579
7355.39	-0.1450257119993579
7357.06	-0.31515767528935784
7358.73	-0.2490520710513578
7360.4	-0.43113744152935785
7362.07	-0.3254496200133578
7363.73	-0.42491560944935775
7365.4	-0.20925340579235782
7367.07	-0.2809884228603579
7368.74	-0.0684785415843579
7370.4	-0.0759059989677579
7372.07	0.1165702514026421
7373.74	0.03963487441064199
7375.41	0.21929500137564223
7377.08	0.10623851808964202
7378.74	0.23990144195064192
7380.41	0.092403480550642
7382.08	0.116720018720642
7383.75	-0.06473670032635802
7385.42	-0.047506929560658
7387.08	-0.2105243417693579
7388.75	-0.106715407057358
7390.42	-0.1270916242593578
7392.09	0.0671157056396422
7393.76	0.009182650315642214
7395.42	0.08441800202464232
7397.09	-0.15588651413935778
7398.76	-0.16724237280005777
7400.43	-0.3567680179873578
7402.09	-0.24158744501935792
7403.76	-0.2655402254404578
7405.43	-0.054635130599357803
7407.1	-0.14160371737935779
7408.77	-0.030801064419357906
7410.43	-0.2092596199153578
7412.1	-0.1572460383553578
7413.77	-0.33436630552335783
7415.44	-0.2182415331033578
7417.11	-0.2970250938467178
7418.77	-0.1040007277766577
7420.44	-0.2077191595553579
7422.11	-0.1780957493193578
7423.78	-0.415536279059358
7425.45	-0.45660354249935775
7427.11	-0.6277566674893578
7428.78	-0.44578589749935776
7430.45	-0.43986833163135786
7432.12	-0.195808160755158
7433.78	-0.2759722209223579
7435.45	-0.2068458011353578
7437.12	-0.3865286570203579
7438.79	-0.29734719294135786
7440.46	-0.42779822663935785
7442.12	-0.21434906030035777
7443.79	-0.2741362705193579
7445.46	-0.0820389236663578
7447.13	-0.16609254859535788
7448.8	-0.04947077793895792
7450.46	-0.2258601433083578
7452.13	-0.1822031260993579
7453.8	-0.40223957443935787
7455.47	-0.2879729189153578
7457.14	-0.4320316732093578
7458.8	-0.2516992444403578
7460.47	-0.27522130396935796
7462.14	-0.11515065248535801
7463.81	-0.12778834136935793
7465.47	0.019498468574642117
7467.14	-0.092472062768358
7468.81	0.023704022884642198
7470.48	-0.14241785528855783
7472.15	-0.11135469783135779
7473.81	-0.22091693943835766
7475.48	-0.1005909030763579
7477.15	-0.18900813989935777
7478.82	-0.04761092106835811
7480.49	-0.200201949607358
7482.15	-0.15274084628435794
7483.82	-0.3525720022193577
7485.49	-0.25465601795935777
7487.16	-0.39317414573835774
7488.82	-0.2046595156293577
7490.49	-0.29993003138235785
7492.16	-0.13840629441335778
7493.83	-0.2017615236263979
7495.5	0.00014378643064200315
7497.16	-0.11229715369935801
7498.83	0.0746542458006421
7500.5	-0.020934893734357918
7502.17	0.1049748120826421
7503.84	0.013060072844642119
7505.5	0.1413807564546421
7507.17	0.01418528271474219
7508.84	0.07200323772064209
7510.51	-0.1183096159793577
7512.18	-0.020723716081157896
7513.84	-0.12294690724135791
7515.51	0.05074064126064221
7517.18	-0.03233140346935789
7518.85	0.06958075093464211
7520.51	-0.1781074755393579
7522.18	-0.2424656485793578
7523.85	-0.4822807474863578
7525.52	-0.36422736528935773
7527.19	-0.43737094337735793
7528.85	-0.1838201226593578
7530.52	-0.1405345439893579
7532.19	0.1373210689306419
7533.86	0.119272900766642
7535.53	0.2779647142762419
7537.19	0.1954227113766421
7538.86	0.319673748645642
7540.53	0.151224475711642
7542.2	0.15929023546864202
7543.87	-0.059324496259357914
7545.53	0.035246292805641996
7547.2	-0.0657035246223579
7548.87	0.07493437191924221
7550.54	0.02004021200824201
7552.2	0.1391196854806421
7553.87	-0.0009994467093578999
7555.54	0.030666701580641997
7557.21	-0.2032118458253579
7558.88	-0.15906471651935788
7560.54	-0.3103409776493578
7562.21	-0.21449670570935792
7563.88	-0.30835378671935776
7565.55	-0.14892371508935792
7567.22	-0.3127814979493579
7568.88	-0.21161306139735772
7570.55	-0.2600975890093578
7572.22	-0.04816173244135789
7573.89	-0.0393228135693579
7575.56	0.21592220652064206
7577.22	0.11141607914064211
7578.89	0.2478864757852421
7580.56	0.0797226830516419
7582.23	0.135106440000642
7583.89	0.08149124559064211
7585.56	0.2740960947306421
7587.23	0.17925889348464208
7588.9	0.3285887252246419
7590.57	0.1514010849630419
7592.23	0.21785825834664202
7593.9	0.0054573733306420985
7595.57	0.07215354310064219
7597.24	-0.0662256699373579
7598.91	0.05228714879064221
7600.57	-0.0179166127593578
7602.24	0.12550771725064208
7603.91	-0.020031556149357803
7605.58	0.06605990702864209
7607.25	-0.11401684312635771
7608.91	0.04444770650064209
7610.58	-0.0042161530393577985
7612.25	0.27416259932064196
7613.92	0.244886622910642
7615.58	0.372358885639242
7617.25	0.23810906539064197
7618.92	0.26183742841064195
7620.59	0.10604918255064211
7622.26	0.25558919727264207
7623.92	0.1108699327246421
7625.59	0.2798537699876421
7627.26	0.09794833292064212
7628.93	0.12052863030064209
7630.6	-0.04394630854935791
7632.26	-0.01931427358935781
7633.93	-0.22185921474935782
7635.6	-0.1653922217993578
7637.27	-0.2844399001693579
7638.94	-0.060073155752357894
7640.6	-0.0836815494493579
7642.27	0.022304386230642098
7643.94	-0.1108950277373578
7645.61	-0.08454969416935781
7647.27	-0.2648768887593578
7648.94	-0.15225625698335787
7650.61	-0.1685884321373578
7652.28	0.04888976750764219
7653.95	-0.05914029004935789
7655.61	-0.04847981123935788
7657.28	-0.29611828144535784
7658.95	-0.2994951273893579
7660.62	-0.454511365386358
7662.29	-0.30000410299535796
7663.95	-0.2546901289533579
7665.62	0.094545003258642
7667.29	0.1476604156006421
7668.96	0.420196047456642
7670.62	0.3415890270156419
7672.29	0.436314980680642
7673.96	0.22884648931064192
7675.63	0.284884888250642
7677.3	0.0721718508316419
7678.96	0.083331250889642
7680.63	-0.1244657865893578
7682.3	0.009289770990642113
7683.97	-0.1530665021093578
7685.64	-0.014055311899357895
7687.3	-0.1667111881193578
7688.97	-0.08357056258935788
7690.64	-0.26709245253535774
7692.31	-0.2073155411693578
7693.98	-0.30522833531935795
7695.64	-0.10733299816935792
7697.31	-0.15267926946935795
7698.98	0.019889237950642
7700.65	-0.0528142699993578
7702.31	0.1374232393426421
7703.98	0.044947860717642
7705.65	0.1443180989966421
7707.32	0.003429102770642095
7708.99	0.07481078861464198
7710.65	-0.0560535520193579
7712.32	0.0590680995106421
7713.99	-0.0807266833393579
7715.66	0.017930998122642008
7717.33	-0.15190704485935796
7718.99	-0.10787864047935794
7720.66	-0.33374687789935775
7722.33	-0.21665552232695778
7724.0	-0.3499395926293579
7725.67	-0.21112323237935782
7727.33	-0.2778155853893578
7729.0	-0.1679635216593578
7730.67	-0.3050378524803577
7732.34	-0.23673094841635778
7734.0	-0.42620697300035776
7735.67	-0.27883548969835786
7737.34	-0.39695342256935784
7739.01	-0.193440718752358
7740.68	-0.2135369460373579
7742.34	-0.09672754504735799
7744.01	-0.2443971964031581
7745.68	-0.19930776970635802
7747.35	-0.36134050700335785
7749.02	-0.3104362515493579
7750.68	-0.491064851089358
7752.35	-0.3238729846533579
7754.02	-0.3658748347213579
7755.69	-0.1404355904033578
7757.36	-0.121842013762358
7759.02	0.12431235274064209
7760.69	0.162765079736642
7762.36	0.30118828554064203
7764.03	0.196304475985642
7765.69	0.267737898487642
7767.36	0.032445758470642
7769.03	-0.019562376489357908
7770.7	-0.1892248565213579
7772.37	-0.10853641617035792
7774.03	-0.09576726684535791
7775.7	0.14226672026864207
7777.37	0.08881819444864196
7779.04	0.17987920173064212
7780.71	-0.03907727237935797
7782.37	-0.1485607681703579
7784.04	-0.35113951338535804
7785.71	-0.3549214266553579
7787.38	-0.45062496983935807
7789.05	-0.23826760608735786
7790.71	-0.3577823224393578
7792.38	-0.1692996735393578
7794.05	-0.2461063385803579
7795.72	-0.0856799061123577
7797.38	-0.12516761089135792
7799.05	0.0658998185206422
7800.72	-0.014179960334357797
7802.39	0.17377458762264222
7804.06	0.0464481688376422
7805.72	0.1920615522706421
7807.39	0.08213999709764211
7809.06	0.168419631936182
7810.73	0.04874971253564221
7812.4	0.24628085798864202
7814.06	0.2193365130686421
7815.73	0.413319685120642
7817.4	0.32009650829064196
7819.07	0.377460938490642
7820.73	0.2195147193506421
7822.4	0.26894525153764204
7824.07	0.1765865145346421
7825.74	0.3202896207766419
7827.41	0.156502064342642
7829.07	0.1341351305256421
7830.74	-0.20663650304535783
7832.41	-0.2991724713853579
7834.08	-0.4578821704793578
7835.75	-0.3666959116950579
7837.41	-0.4108477179423578
7839.08	-0.22598239790935779
7840.75	-0.2842279997473579
7842.42	-0.1407138603693578
7844.09	-0.1628140293933578
7845.75	0.06343640499594211
7847.42	0.06253461663664202
7849.09	0.26334773439864206
7850.76	0.2065031250606421
7852.42	0.3213762891706421
7854.09	0.248026381299642
7855.76	0.35191268871264203
7857.43	0.265448745623642
7859.1	0.519913476778642
7860.76	0.392358704691642
7862.43	0.494473465729642
7864.1	0.3268005013872421
7865.77	0.3488437217906421
7867.44	0.1948361163646421
7869.1	0.25787256215564197
7870.77	0.0693486818026421
7872.44	0.151441927505642
7874.11	-0.08295190083735801
7875.78	0.019905768171642208
7877.44	-0.03377906189935792
7879.11	0.10734609406064223
7880.78	0.0073305127672421005
7882.45	0.005321632539642102
7884.11	-0.26525235889047794
7885.78	-0.25095649596635783
7887.45	-0.4386698502793579
7889.12	-0.23364044974935783
7890.79	-0.2522386289793578
7892.45	-0.17159221464695779
7894.12	-0.3307978765293577
7895.79	-0.2675036576573578
7897.46	-0.34477000445735784
7899.13	-0.09047839376335798
7900.79	-0.083336423688858
7902.46	0.1535703757026421
7904.13	0.059178311775642006
7905.8	0.09431621729064199
7907.47	-0.14748210354535798
7909.13	-0.20103307054535788
7910.8	-0.4224553808816578
7912.47	-0.3440878027013578
7914.14	-0.4809197618673578
7915.8	-0.2837566254605578
7917.47	-0.37018939871035783
7919.14	-0.2223193122493579
7920.81	-0.3046395058733579
7922.48	-0.13182334884935779
7924.14	-0.1519474824993578
7925.81	0.1764271986716422
7927.48	0.09149537282464221
7929.15	0.2281516675006421
7930.82	0.015664890460641998
7932.48	0.023836567560642
7934.15	-0.15052071312635779
7935.82	0.0450590620972421
7937.49	0.007544961828642099
7939.16	0.2907298424846421
7940.82	0.158210691120642
7942.49	0.25005122454744194
7944.16	0.044992661580641996
7945.83	0.0374508769696421
7947.49	-0.18687792919935778
7949.16	-0.12487503673935788
7950.83	-0.2938909305863578
7952.5	-0.1596390521493578
7954.17	-0.3505670253193579
7955.83	-0.21434940550535778
7957.5	-0.2589038540963578
7959.17	-0.038722983629357895
7960.84	-0.028162785622957993
7962.51	0.270577271274642
7964.17	0.1947927215416419
7965.84	0.26703901887974213
7967.51	0.017105348072642093
7969.18	0.034947585602642134
7970.85	-0.1782441881133578
7972.51	-0.1054361037333578
7974.18	-0.2634445993933577
7975.85	-0.045083059331357776
7977.52	-0.013024475732358085
7979.18	0.20970561544064198
7980.85	0.16731851825064198
7982.52	0.383276732190642
7984.19	0.20910800910664198
7985.86	0.2190102529126421
7987.52	-0.027732712932357892
7989.19	0.035269638610641994
7990.86	-0.09580862673935789
7992.53	0.015861124588642098
7994.2	-0.2014232244793579
7995.86	-0.0581013890793579
7997.53	-0.17876821960735792
7999.2	-0.05862391320935789
8000.87	-0.1290806656383579
8002.53	0.101542517716642
8004.2	0.0457376958836421
8005.87	0.228887248819642
8007.54	0.014372937416642001
8009.21	0.05531861186904209
8010.87	-0.1996786975793578
8012.54	-0.2119682780093577
8014.21	-0.3002326645143578
8015.88	-0.08455206858935801
8017.55	-0.14862306969335792
8019.21	0.02605391010674192
8020.88	-0.12527069415335793
8022.55	-0.10445526941935791
8024.22	-0.28694364078435786
8025.89	-0.162926762311358
8027.55	-0.163241633999358
8029.22	0.129316981360642
8030.89	0.058708234048941994
8032.56	0.21335616862764192
8034.22	0.096846071960642
8035.89	0.15072466307064208
8037.56	-0.043956391329357886
8039.23	0.0657758847026421
8040.9	-0.01895701743935789
8042.56	0.1596380609886421
8044.23	0.07285151408064201
8045.9	0.14285165137364209
8047.57	-0.08662024551735802
8049.24	-0.0950876134893579
8050.9	-0.356813677776358
8052.57	-0.2933515174863578
8054.24	-0.3108160948993578
8055.91	-0.1079164212293577
8057.58	-0.0872577315093577
8059.24	0.0639509031036422
8060.91	0.03873392942864199
8062.58	0.1974987795546422
8064.25	0.07573568449064219
8065.91	0.1177465485906422
8067.58	-0.0633290362193579
8069.25	-0.11268995460235781
8070.92	-0.3423691407493578
8072.59	-0.29535449106185785
8074.25	-0.32898890130635783
8075.92	-0.1378172939893577
8077.59	-0.18206749781935788
8079.26	-0.0583215551743579
8080.93	-0.05352086610335789
8082.59	0.10228308272914219
8084.26	0.0921746186706422
8085.93	0.3536073959086422
8087.6	0.30278690089064214
8089.27	0.395628518137642
8090.93	0.12627822811164208
8092.6	0.113420840480642
8094.27	0.04392643200064209
8095.94	0.247820660215642
8097.6	0.2417008999466019
8099.27	0.399028008255642
8100.94	0.1442872728806421
8102.61	0.191440876827642
8104.28	-0.0625767422933578
8105.94	0.023145682350642002
8107.61	-0.02750825146935799
8109.28	0.1759631144956422
8110.95	0.18079214757164208
8112.62	0.3482126914976419
8114.28	0.281632734629642
8115.95	0.468001810498642
8117.62	0.36987672356464213
8119.29	0.412590892200642
8120.96	0.24553905876064192
8122.62	0.277238967662642
8124.29	0.080216517590642
8125.96	0.042515797140642
8127.63	-0.1767160230743579
8129.29	-0.1294646354303579
8130.96	-0.24078659372935793
8132.63	-0.06590570296935788
8134.3	-0.08016034126935799
8135.97	0.114177076974642
8137.63	-0.014242354945357904
8139.3	0.1041863693396422
8140.97	-0.040028481410857894
8142.64	0.004007769676642119
8144.31	-0.15278608373135788
8145.97	-0.1210424540803579
8147.64	-0.23737912200935796
8149.31	-0.0848799621153579
8150.98	-0.1824154464493579
8152.65	0.042797678650642004
8154.31	0.047148697060641995
8155.98	0.1949756086766422
8157.65	0.1576932047216421
8159.32	0.2669307359706422
8160.98	0.12189213241064219
8162.65	0.22670010819064218
8164.32	0.0975287182506422
8165.99	0.24623911421864225
8167.66	0.11726119362264201
8169.32	0.1872295966226421
8170.99	-0.0267217758393579
8172.66	0.0239220805606421
8174.33	-0.0935973259353578
8176.0	0.0694374959106421
8177.66	-0.018814823861757896
8179.33	0.1371023928486421
8181.0	-0.07175763104135786
8182.67	0.01202936418064212
8184.33	-0.209407440949358
8186.0	-0.222417804539358
8187.67	-0.3722215955393578
8189.34	-0.2056668997393579
8191.01	-0.2482393279393578
8192.67	0.085783243010642
8194.34	0.1347274775206421
8196.01	0.357794886734642
8197.68	0.23610806810064208
8199.35	0.267612974050642
8201.01	0.03939606741064189
8202.68	0.11083622249064196
8204.35	-0.04108984318935809
8206.02	0.040380293500642095
8207.69	-0.16752182377735778
8209.35	-0.16172094133935788
8211.02	-0.3576775505593578
8212.69	-0.16625435948235778
8214.36	-0.22337486709635768
8216.02	0.018722493646642222
8217.69	0.08202076185064198
8219.36	0.3420590677206421
8221.03	0.21756407086064208
8222.7	0.3458493065986421
8224.36	0.17484428386464207
8226.03	0.22700827739064205
8227.7	0.0639630183596421
8229.37	0.1767711660276422
8231.04	0.12255867406464209
8232.7	0.33357487713164197
8234.37	0.2307199437076421
8236.04	0.3103869016296421
8237.71	0.129770954570642
8239.38	0.0701163121406419
8241.04	-0.24337989622935777
8242.71	-0.2392501991593578
8244.38	-0.46692527666935774
8246.05	-0.3925096582193578
8247.71	-0.3780732677293577
8249.38	-0.1280919328203577
8251.05	-0.1231170332143578
8252.72	0.09426345701064211
8254.39	-0.0265660759193579
8256.05	0.0749845121291421
8257.72	-0.027897399705357998
8259.39	0.15733008105064197
8261.06	0.210794593192642
8262.73	0.477947204756642
8264.39	0.45042357784064213
8266.06	0.575748737122642
8267.73	0.452294712068642
8269.4	0.4067133400986419
8271.07	0.063874274470642
8272.73	-0.03307057909335789
8274.4	-0.222422134301358
8276.07	-0.15778847905135798
8277.74	-0.19705912612935791
8279.4	-0.002654084779357996
8281.07	-0.033798615207357795
8282.74	0.027296856710642203
8284.41	-0.14935786071935792
8286.08	-0.1119668809673578
8287.74	-0.21126772440935782
8289.41	-0.02056747699535781
8291.08	0.008067107630642209
8292.75	0.283731725432642
8294.42	0.320852242710642
8296.08	0.4672420909966422
8297.75	0.34652293686064206
8299.42	0.430501450730642
8301.09	0.1911923937806422
8302.76	0.18629311624064218
8304.42	-0.08221717771935791
8306.09	-0.1728523789513578
8307.76	-0.5184820007073577
8309.43	-0.5327438271093577
8311.09	-0.6550047638993577
8312.76	-0.3764733066093577
8314.43	-0.3239183832893578
8316.1	0.012021998105642199
8317.77	0.044043996600642
8319.43	0.341281168477042
8321.1	0.2326739024536421
8322.77	0.311146181061642
8324.44	0.050521552230641996
8326.11	0.03969683029864209
8327.77	-0.20991608543935789
8329.44	-0.1233203490793578
8331.11	-0.1606051556993578
8332.78	0.2035803631006421
8334.45	0.29590962958344214
8336.11	0.47467520099064214
8337.78	0.3511355239426421
8339.45	0.3270292142566421
8341.12	0.060354620140642204
8342.78	-0.03738359670135788
8344.45	-0.2436521756653578
8346.12	-0.1278744785833579
8347.79	-0.1643848339293579
8349.46	0.053004784260642104
8351.12	-0.002840645967357905
8352.79	0.097942657212642
8354.46	-0.1513998199193578
8356.13	-0.1918156588893578
8357.8	-0.3676511773633579
8359.46	-0.25395363875525767
8361.13	-0.3826860053303579
8362.8	-0.21247215478735793
8364.47	-0.3391345500693579
8366.13	-0.2158228184793579
8367.8	-0.2992609221293578
8369.47	-0.0657555954193579
8371.14	-0.020799639279357907
8372.81	0.25167784111064206
8374.47	0.17670430788364208
8376.14	0.24402528241064209
8377.81	0.1307027777906421
8379.48	0.2540006142716421
8381.15	0.186912209642642
8382.81	0.296064435560642
8384.48	0.17622302696194203
8386.15	0.212793049488642
8387.82	0.013726332476041991
8389.49	-0.026909221657357908
8391.15	-0.2377088909493579
8392.82	-0.16692693518815782
8394.49	-0.2271090090293579
8396.16	-0.12379587103935791
8397.82	-0.1115195744038579
8399.49	0.0342472374706419
8401.16	0.0411401672206421
8402.83	0.1991990697746419
8404.5	0.127406594158642
8406.16	0.2760950789826419
8407.83	0.1444384393176419
8409.5	0.1158680677496419
8411.17	-0.1591636561493579
8412.84	-0.18688048871935778
8414.5	-0.3515633452473578
8416.17	-0.20182923405935782
8417.84	-0.2373660451393578
8419.51	0.008021124070642212
8421.18	-0.08310417339835799
8422.84	0.072776873800642
8424.51	-0.0690125251133578
8426.18	0.1897945118544421
8427.85	0.18709192862064217
8429.51	0.34972967597064214
8431.18	0.17623145365164228
8432.85	0.093543711215263
8434.52	-0.28329305526635784
8436.19	-0.3669246073293578
8437.85	-0.6221100589693578
8439.52	-0.48490897094635776
8441.19	-0.5998288619653579
8442.86	-0.4334478970263579
8444.53	-0.4653302242123579
8446.19	-0.3573634847493579
8447.86	-0.41055031424935784
8449.53	-0.2376075619513578
8451.2	-0.43776301607935797
8452.87	-0.3577615562463578
8454.53	-0.6666481410593579
8456.2	-0.5538804368153578
8457.87	-0.5664071391493579
8459.54	-0.22586095841035791
8461.2	-0.009131540719357907
8462.87	0.418419840471642
8464.54	0.514464587480642
8466.21	0.6576678790676421
8467.88	0.348700042360642
8469.54	0.34595021129064213
8471.21	0.0383116850506421
8472.88	0.09221928599864207
8474.55	-0.028198687479357817
8476.22	0.0460230705764422
8477.88	0.032096382910642096
8479.55	0.18255446771664222
8481.22	0.2070431696996421
8482.89	0.515892864020642
8484.56	0.527403936143142
8486.22	0.768355076320642
8487.89	0.602762637520642
8489.56	0.6276969445506421
8491.23	0.45340011702664185
8492.89	0.5159653462126421
8494.56	0.336357850110642
8496.23	0.367989159191642
8497.9	0.103811771064642
8499.57	0.1903199944666421
8501.23	0.0879591452206421
8502.9	0.2756208326896421
8504.57	0.2200771770946422
8506.24	0.3622499617706421
8507.91	0.1573122693206421
8509.57	0.2417296062106421
8511.24	0.118093342180642
8512.91	0.2485624536006421
8514.58	0.1362446050026422
8516.25	0.1654272129116422
8517.91	-0.015082606015357769
8519.58	-0.02702171499465781
8521.25	-0.24005325446035772
8522.92	-0.15612331172935778
8524.58	-0.2126291241893579
8526.25	-0.036989876219357815
8527.92	-0.0755410303393578
8529.59	0.13963341706064208
8531.26	0.1456623448506421
8532.92	0.32982516817964197
8534.59	0.209396885422642
8536.26	0.290834575416642
8537.93	0.140975272664642
8539.6	0.25667692302064193
8541.26	0.164092305682642
8542.93	0.2500292820944419
8544.6	0.142555298745642
8546.27	0.219427647100642
8547.93	0.052351535420642095
8549.6	0.003007240670642203
8551.27	-0.2202563952293577
8552.94	-0.2312835253293577
8554.61	-0.3790157286083578
8556.27	-0.2742745434593577
8557.94	-0.3343858115403578
8559.61	-0.1717732172693579
8561.28	-0.1420730134263577
8562.95	-0.009243804084358001
8564.61	-0.0284879201993578
8566.28	0.162271994880642
8567.95	0.069295314500642
8569.62	0.2991008177106419
8571.29	0.217542924931642
8572.95	0.280600060854842
8574.62	0.1591412893596421
8576.29	0.30989446813064203
8577.96	0.14054251231064202
8579.62	0.24900079453964208
8581.29	-0.03379589160035801
8582.96	-0.041871094739357906
8584.63	-0.2336315093255579
8586.3	-0.1716245867693579
8587.96	-0.2824389792163579
8589.63	0.03696343831364201
8591.3	-0.03093604330835799
8592.97	0.1590367972806419
8594.64	0.08121854397664209
8596.3	0.22141475744574207
8597.97	0.072454952410642
8599.64	0.12847453615064203
8601.31	-0.2355446151193578
8602.98	-0.2736458996693578
8604.64	-0.4938842875563579
8606.31	-0.4363019848773578
8607.98	-0.49245105005535783
8609.65	-0.2572801283493579
8611.31	-0.42245067598275804
8612.98	-0.2727563542793578
8614.65	-0.48868071016435793
8616.32	-0.3066539673033577
8617.99	-0.22280159737535782
8619.65	0.02596124723064211
8621.32	0.0987472747978422
8622.99	0.3009837989006421
8624.66	0.17927791997664216
8626.33	0.2659141182746421
8627.99	0.036964789345642006
8629.66	0.13564689189864207
8631.33	0.14091925001264202
8633.0	0.32349493609064195
8634.67	0.4599724097606418
8636.33	0.6736032578166421
8638.0	0.6967749539506422
8639.67	0.8767026736776421
8641.34	0.6582595467506419
8643.0	0.692609723730642
8644.67	0.4036103318906421
8646.34	0.244793193714642
8648.01	-0.020613655041357995
8649.68	-0.03503243401335798
8651.34	-0.1925083784533579
8653.01	-0.04728881424935798
8654.68	-0.1635999198113579
8656.35	-0.001279095825357901
8658.02	-0.10922317218935791
8659.68	0.0634447830906421
8661.35	0.06515725184064212
8663.02	0.3424314767366422
8664.69	0.32990434643564204
8666.36	0.4169833271506419
8668.02	0.2050868964406419
8669.69	0.27559753023264194
8671.36	0.026658249254641997
8673.03	0.0193608373706421
8674.69	-0.2386554580093579
8676.36	-0.2155363658053579
8678.03	-0.4479573077093577
8679.7	-0.42005539741935766
8681.37	-0.6051824907393579
8683.03	-0.42334521329935787
8684.7	-0.44003298188735795
8686.37	-0.21568900237465782
8688.04	-0.22584780477135785
8689.71	-0.0044634588283579135
8691.37	0.031335797564642096
8693.04	0.2466627146216421
8694.71	0.2491520393426421
8696.38	0.4171524066406421
8698.04	0.284559414510642
8699.71	0.24169697881064228
8701.38	-0.0163333943793579
8703.05	-0.069727283169358
8704.72	-0.1796407673793579
8706.38	0.028123467800642198
8708.05	0.08570854942364209
8709.72	0.295558126508642
8711.39	0.1684051622246421
8713.06	0.19508072937064208
8714.72	-0.035329729699357895
8716.39	-0.10209372405535788
8718.06	-0.2296276287593578
8719.73	-0.042226513033358004
8721.4	-0.09267051570335799
8723.06	0.1404679481766421
8724.73	-0.052564527930757915
8726.4	0.013826768562642217
8728.07	-0.12467844244935791
8729.73	-0.06209375592735778
8731.4	-0.17426851303735802
8733.07	0.0435947579506421
8734.74	0.011300276190642167
8736.41	0.2053765663806421
8738.07	0.1869002627286421
8739.74	0.399958909056642
8741.41	0.388698916606642
8743.08	0.521527240654642
8744.75	0.300465210142642
8746.41	0.22562720802864222
8748.08	-0.008735488259358
8749.75	0.030673185433642006
8751.42	-0.07037469993935798
8753.09	0.1260386406306421
8754.75	0.0762684373906421
8756.42	0.14902458213064199
8758.09	-0.0908715023013579
8759.76	-0.061097917710357885
8761.42	-0.1592691077413578
8763.09	-0.004868227626357802
8764.76	-0.022884515521358003
8766.43	0.2031424820986421
8768.1	0.16210245789064212
8769.76	0.29634255864064196
8771.43	0.18433274711964198
8773.1	0.2511474261306421
8774.77	0.158288678980042
8776.44	0.19804188755664198
8778.1	0.06862629595064211
8779.77	0.2518093513516422
8781.44	0.15785250797564201
8783.11	0.2553192218276419
8784.78	0.073376583965642
8786.44	0.1369310271766421
8788.11	-0.0036185749911580023
8789.78	0.054214694798642285
8791.45	-0.06743812473935779
8793.11	0.053702820928642106
8794.78	-0.0629789307393578
8796.45	0.10216009941064212
8798.12	0.013948720919642096
8799.79	0.1304496058906419
8801.45	0.0361287286206421
8803.12	0.05623591057464221
8804.79	-0.045802463989358
8806.46	0.0576448238196421
8808.13	0.046361439420642095
8809.79	0.2797627928666419
8811.46	0.2973292919162422
8813.13	0.485921326435642
8814.8	0.441865969267642
8816.47	0.5851971980076419
8818.13	0.39894835826064196
8819.8	0.3672522082086422
8821.47	0.13137229696064212
8823.14	0.11722305393664209
8824.8	-0.04938782543935791
8826.47	0.1179238016176421
8828.14	-0.041158655549357805
8829.81	0.0724858505406421
8831.48	-0.1091122234733578
8833.14	-0.027308948241357905
8834.81	-0.1254286396070579
8836.48	-0.0376556598693579
8838.15	-0.1328080969241279
8839.82	0.0854178907706421
8841.48	0.030272399659642103
8843.15	0.09854968875064199
8844.82	-0.147304524319358
8846.49	-0.2019451790032579
8848.16	-0.5397126329183579
8849.82	-0.684683959039358
8851.49	-0.823495435899358
8853.16	-0.622923765941358
8854.83	-0.49886427314935783
8856.49	-0.1751684801193579
8858.16	-0.1232532551853578
8859.83	0.1307830013506421
8861.5	0.0325043704476421
8863.17	-0.04484984990935789
8864.83	-0.37994736445935784
8866.5	-0.5068136415793579
8868.17	-0.7187658158773579
8869.84	-0.566078315709358
8871.51	-0.5112165064993579
8873.17	-0.16280108504535779
8874.84	-0.10114984433835769
8876.51	0.06549370967064208
8878.18	-0.0659501583193578
8879.84	-0.0501620054953578
8881.51	-0.17907770132505788
8883.18	-0.1555349991429579
8884.85	-0.28623599828935786
8886.52	-0.180166537096458
8888.18	-0.2269572635893579
8889.85	-0.027089429757957903
8891.52	-0.07049785014935789
8893.19	0.0680925244326421
8894.86	0.0345709567826421
8896.52	0.19265011225064213
8898.19	0.2619291864826423
8899.86	0.5311155335806421
8901.53	0.5474297107116421
8903.2	0.7181778501006421
8904.86	0.4402294718166422
8906.53	0.2812479547506421
8908.2	-0.07919504608935779
8909.87	-0.1943190285693578
8911.53	-0.31268891316935776
8913.2	-0.048561340259357835
8914.87	-0.008749350655357778
8916.54	0.3072771798806421
8918.21	0.347129833444642
8919.87	0.43957571602874224
8921.54	0.35653947700564204
8923.21	0.31975385894064196
8924.88	0.06914657032464201
8926.55	0.11559142248964212
8928.21	-0.07470622938935798
8929.88	-0.0313078506493579
8931.55	-0.15311546656935787
8933.22	-0.055235911679357985
8934.89	-0.1650360826369579
8936.55	-0.0333327085493579
8938.22	-0.0918006138811579
8939.89	0.1941014583406421
8941.56	0.21484606284464197
8943.22	0.3336383590906421
8944.89	0.047816692828641885
8946.56	-0.0744772358693577
8948.23	-0.47342138022235813
8949.9	-0.4469020376433581
8951.56	-0.5050649662973579
8953.23	-0.153007125422258
8954.9	-0.04544941605935792
8956.57	0.144979199622642
8958.24	-0.12174371305135791
8959.9	-0.1988693798773578
8961.57	-0.5007233555433579
8963.24	-0.3817238739593577
8964.91	-0.3743928332093578
8966.58	-0.0972807131293578
8968.24	-0.1431634676353579
8969.91	-0.06423944139935792
8971.58	-0.36107625778235797
8973.25	-0.3332966001293579
8974.91	-0.4955493051233579
8976.58	-0.2435575448423579
8978.25	-0.2114228858493579
8979.92	-0.0412159822733579
8981.59	-0.0751860435343577
8983.25	0.0886171794106422
8984.92	-0.037714181616357895
8986.59	0.1518566605606419
8988.26	0.0538213213476421
8989.93	0.27109940199264204
8991.59	0.259679224022642
8993.26	0.4380974390006419
8994.93	0.415657732828642
8996.6	0.481477220750642
8998.27	0.2072518934346419
8999.93	0.151502047340642
9001.6	0.003326312940642104
9003.27	0.221924618708642
9004.94	0.2556707434296419
9006.6	0.43251530849064196
9008.27	0.36124112174964196
9009.94	0.3540368843406419
9011.61	0.2018117671406421
9013.28	0.2937940458806421
9014.94	0.3275317568686421
9016.61	0.5895090093426419
9018.28	0.6053960172306421
9019.95	0.6518674199406419
9021.62	0.462122478185642
9023.28	0.369261918745442
9024.95	0.1294846850336419
9026.62	0.1126546726226419
9028.29	-0.11319330217835791
9029.96	-0.041913154939357905
9031.62	-0.26171493299935783
9033.29	-0.2783088092193579
9034.96	-0.4166614277463578
9036.63	-0.31708363833935793
9038.29	-0.351819761219358
9039.96	-0.239159612029358
9041.63	-0.34619013049035785
9043.3	-0.23794269094935777
9044.97	-0.3440925368763577
9046.63	-0.1502696104993579
9048.3	-0.1566317824193578
9049.97	0.0503125521406422
9051.64	0.0846498097450421
9053.31	0.1782015940196422
9054.97	0.11157716852664211
9056.64	0.224204707760642
9058.31	0.10325200517464223
9059.98	0.23096104886164204
9061.64	0.04947978467064201
9063.31	0.021158746780642085
9064.98	-0.23621273187935793
9066.65	-0.22822194479935792
9068.32	-0.4981992956393578
9069.98	-0.4445737104993578
9071.65	-0.5910282402913579
9073.32	-0.4111234797373579
9074.99	-0.39744731351135776
9076.66	-0.22468750840435792
9078.32	-0.22614977659135782
9079.99	0.076718622692642
9081.66	0.11418055171064209
9083.33	0.32203396888064206
9085.0	0.181024086722642
9086.66	0.15251450627064203
9088.33	-0.09335973411835778
9090.0	-0.1631924114273579
9091.67	-0.3278057626533578
9093.33	-0.17301636238735782
9095.0	-0.1775764998693578
9096.67	0.0691934752306421
9098.34	0.018036938290641985
9100.01	0.1292088562676421
9101.67	0.04885045226364207
9103.34	0.2462737220756421
9105.01	0.1751834949606421
9106.68	0.3049429675946421
9108.35	0.1702701893906421
9110.01	0.1386004918996421
9111.68	-0.11274149385935779
9113.35	-0.2112202070361577
9115.02	-0.3716361645273577
9116.69	-0.2259077315123578
9118.35	-0.2333629133393578
9120.02	-0.0451849206593578
9121.69	0.0172041872348421
9123.36	0.2234025486106419
9125.02	0.25288086083064193
9126.69	0.445843646657642
9128.36	0.41762722571064226
9130.03	0.5766860664296419
9131.7	0.530451243858642
9133.36	0.616032078680642
9135.03	0.533069747618642
9136.7	0.6603009384506422
9138.37	0.492037535942642
9140.04	0.5036518134306419
9141.7	0.213288817892642
9143.37	0.2390399995416421
9145.04	0.09233608866664197
9146.71	0.16248311867064208
9148.38	0.027921880462642212
9150.04	0.2217326412546421
9151.71	0.05952287252064209
9153.38	0.10611006812064222
9155.05	-0.1055162669393577
9156.71	-0.04371633109935791
9158.38	-0.1458508796017577
9160.05	-0.0112906480393579
9161.72	-0.2005586617993578
9163.39	-0.015614706141358
9165.05	-0.1985416112597578
9166.72	-0.0703948557793578
9168.39	-0.18880584080335788
9170.06	-0.033890266095758
9171.73	-0.09253946499135782
9173.39	-0.0362270686333579
9175.06	-0.2360878587463579
9176.73	-0.12882370660935788
9178.4	-0.2642914686093579
9180.07	0.013751312591642098
9181.73	-9.87003653579975e-05
9183.4	0.20046979299664208
9185.07	0.199411636110642
9186.74	0.302680890413642
9188.4	0.1142624065106421
9190.07	0.139204832770642
9191.74	-0.0542539070293579
9193.41	0.0630755579252421
9195.08	0.09555378684064228
9196.74	0.37307549042464216
9198.41	0.47893202512064215
9200.08	0.6724897258926421
9201.75	0.4754398411726421
9203.42	0.4275763916646422
9205.08	0.225652655458642
9206.75	0.36590095399064193
9208.42	0.385275122660642
9210.09	0.6345554864206421
9211.76	0.5807888082976419
9213.42	0.589306470800642
9215.09	0.268263093958642
9216.76	0.2415493412006419
9218.43	0.18800176952864212
9220.09	0.38294391630064195
9221.76	0.402653124850642
9223.43	0.5010596343706419
9225.1	0.2708070250976419
9226.77	0.3235198553706421
9228.43	0.259597876050642
9230.1	0.454225708855642
9231.77	0.5042668023246419
9233.44	0.5363252951206421
9235.11	0.4330538913306421
9236.77	0.519463425691642
9238.44	0.434483987450642
9240.11	0.6932223384906422
9241.78	0.664709074506442
9243.44	0.710585144850642
9245.11	0.35598455905064197
9246.78	0.1954510415866419
9248.45	-0.02310309544935779
9250.12	0.1335664910896421
9251.78	0.22089196210064202
9253.45	0.565641127894642
9255.12	0.4390665787236421
9256.79	0.5128882920486423
9258.46	0.21000258403864222
9260.12	0.04023000193364209
9261.79	-0.1517956327293578
9263.46	-0.0735075113093579
9265.13	-0.10884389107935791
9266.8	0.13016403917964212
9268.46	-0.028233431109357998
9270.13	-0.016583791579357875
9271.8	-0.1310514252713578
9273.47	-0.1762766951889579
9275.13	-0.360906920579358
9276.8	-0.3333257885413577
9278.47	-0.5293658026683579
9280.14	-0.5032416438993577
9281.81	-0.5739421050993577
9283.47	-0.3240656895453578
9285.14	-0.2884360499493578
9286.81	0.006209517200642001
9288.48	0.010203128950642106
9290.15	0.014326256459542094
9291.81	-0.21458392876335783
9293.48	-0.18818469783235778
9295.15	-0.2915140371873579
9296.82	-0.10663600659935782
9298.49	-0.1725742229793578
9300.15	0.04833137194064209
9301.82	0.121275668590642
9303.49	0.412033780960642
9305.16	0.46350101192064197
9306.82	0.6997485624086422
9308.49	0.621112786372642
9310.16	0.5899691497996419
9311.83	0.324742549509642
9313.5	0.2173628540176422
9315.16	-0.03486826942935779
9316.83	0.016134681430342218
9318.5	-0.09621680976735789
9320.17	0.08607809088664214
9321.84	0.04671138358064211
9323.5	0.06948210803064209
9325.17	-0.028486762334358
9326.84	-0.10511811974635782
9328.51	-0.3864105009673579
9330.18	-0.2863943941933578
9331.84	-0.2918405147763578
9333.51	0.02373461404864212
9335.18	0.10426632545764211
9336.85	0.25994476914064213
9338.51	0.2113377107166421
9340.18	0.20177352858064201
9341.85	-0.09352901559035787
9343.52	-0.1139667721553578
9345.19	-0.22813612028935798
9346.85	0.047276786754642086
9348.52	0.07117913313064221
9350.19	0.4472369697766421
9351.86	0.48878275992064185
9353.53	0.49283349253064207
9355.19	0.1528711208306421
9356.86	-0.054534192029357796
9358.53	-0.39425289421035775
9360.2	-0.4180030766493578
9361.87	-0.6612819584993578
9363.53	-0.4239193419721579
9365.2	-0.363216677792358
9366.87	-0.14570481432035803
9368.54	-0.2889335321393579
9370.2	-0.3113058407793577
9371.87	-0.5663071084193578
9373.54	-0.5392364414493579
9375.21	-0.6434067070195579
9376.88	-0.2683308963343577
9378.54	-0.1056055375663579
9380.21	0.266670389820642
9381.88	0.1948281408734421
9383.55	0.3030896001716421
9385.22	0.10400733606064211
9386.88	0.28624853784164217
9388.55	0.22739901607364219
9390.22	0.5158038671506421
9391.89	0.567700474822642
9393.56	0.8376470763506421
9395.22	0.7167619385606421
9396.89	0.7692862804676419
9398.56	0.428689374466642
9400.23	0.3959204243796419
9401.89	0.1990046849586421
9403.56	0.2546968567906419
9405.23	0.127990332409642
9406.9	0.2446990907416419
9408.57	0.08085034881064201
9410.23	0.15882536657064208
9411.9	0.0404688418496421
9413.57	0.11803661330844209
9415.24	0.10350182124064211
9416.91	0.19427412375064187
9418.57	0.0194036211006421
9420.24	0.018726269880642105
9421.91	-0.30778040440935783
9423.58	-0.423734461603358
9425.24	-0.5521144528133577
9426.91	-0.37894633274535766
9428.58	-0.2338596781963578
9430.25	0.18188616593864199
9431.92	0.27334173708864196
9433.58	0.420460275084642
9435.25	0.1952879004126421
9436.92	0.0720959760826422
9438.59	-0.1906066412713579
9440.26	-0.1130964321293578
9441.92	-0.21345079787935786
9443.59	-0.025785241037357992
9445.26	-0.00627000082835788
9446.93	0.1726832795626421
9448.6	0.078046322534642
9450.26	0.221443419090642
9451.93	0.21322093439644213
9453.6	0.4343701217796422
9455.27	0.44202442438464185
9456.93	0.5804158256446419
9458.6	0.43653447357664193
9460.27	0.4960795845606419
9461.94	0.1917680768286421
9463.61	0.1764854758856422
9465.27	-0.0566473393657979
9466.94	-0.017796378739358003
9468.61	-0.14237402359935786
9470.28	0.054071226870642
9471.95	0.18510242103364202
9473.61	0.6016834104506419
9475.28	0.680851660720642
9476.95	1.0407575580306423
9478.62	0.8578661135906419
9480.29	0.8268530325416421
9481.95	0.523756006040642
9483.62	0.514029879174642
9485.29	0.510737445026642
9486.96	0.8078785653604419
9488.62	0.7521040154506419
9490.29	0.904740413362642
9491.96	0.6212847864906421
9493.63	0.5588533301406422
9495.3	0.3631515444606421
9496.96	0.462120786630642
9498.63	0.4662500596306419
9500.3	0.6402150498406419
9501.97	0.48912409914864197
9503.64	0.5725724031152422
9505.3	0.48126244670564194
9506.97	0.5627904472966421
9508.64	0.424294825330642
9510.31	0.3922467611086421
9511.98	0.11403538602864201
9513.64	-0.09232287031135789
9515.31	-0.4658928684293578
9516.98	-0.5048580889693579
9518.65	-0.5418626034743579
9520.31	-0.3215960888903579
9521.98	-0.19573623957225791
9523.65	0.1686507466346422
9525.32	0.1903258614723422
9526.99	0.15960681550164207
9528.65	-0.0602457973773578
9530.32	-0.07318894042935789
9531.99	-0.2824674967493579
9533.66	-0.34601155489935775
9535.33	-0.5033491044413577
9536.99	-0.4640444274293578
9538.66	-0.49091178507835803
9540.33	-0.35908083660435797
9542.0	-0.34072723721935794
9543.67	-0.12091629973335778
9545.33	-0.292317859869358
9547.0	-0.39513878362935767
9548.67	-0.6564185760893577
9550.34	-0.5908719000693579
9552.0	-0.46784286786435786
9553.67	-0.14460951922935789
9555.34	0.037163484570641905
9557.01	0.34774698131064197
9558.68	0.260968878171742
9560.34	0.3502338861959421
9562.01	0.1083075101406421
9563.68	0.1150088544806422
9565.35	-0.06960025759535791
9567.02	-0.07563603901635796
9568.68	-0.22647479888849786
9570.35	-0.07473808510935791
9572.02	-0.1477634936093579
9573.69	-0.013804249489357894
9575.35	-0.19411329036835778
9577.02	-0.20098929298935778
9578.69	-0.4296945982393578
9580.36	-0.28067706683635796
9582.03	-0.24389060085125785
9583.69	0.024958164510642027
9585.36	-0.015390888299358016
9587.03	0.1195055321086422
9588.7	-0.0758053000449578
9590.37	-0.01306374590135781
9592.03	-0.0665951760713579
9593.7	0.1447964910146421
9595.37	0.095308533480642
9597.04	0.21645443276264198
9598.71	0.07559526419664211
9600.37	0.302554642568642
9602.04	0.34231926524064205
9603.71	0.634851474500642
9605.38	0.669366196570642
9607.04	0.7338837846806421
9608.71	0.5307677219606419
9610.38	0.526707757104642
9612.05	0.4132809343766421
9613.72	0.6351805572506418
9615.38	0.5062559284756419
9617.05	0.5162438078306422
9618.72	0.352020650410642
9620.39	0.351137484570642
9622.06	0.192744128580642
9623.72	0.2654073026106421
9625.39	0.07966571980184202
9627.06	0.053350520367642096
9628.73	-0.20636118224935793
9630.4	-0.1967455544253579
9632.06	-0.24666576758935801
9633.73	-0.031873235069357894
9635.4	-0.1251471573493579
9637.07	0.011891984280642046
9638.73	-0.027062381963358015
9640.4	0.13512998097064208
9642.07	0.07466660453064222
9643.74	0.2762590708415521
9645.41	0.23079957757964198
9647.07	0.2847513903646421
9648.74	0.1313960737156421
9650.41	0.256022324000642
9652.08	0.1594130464206419
9653.75	0.247273094670342
9655.41	0.060568021156642005
9657.08	0.16497753296064221
9658.75	0.133302712320642
9660.42	0.1412587812086423
9662.09	0.10149940945064222
9663.75	0.2357197812956422
9665.42	0.18316209636964212
9667.09	0.2006164849206422
9668.76	0.041400174802642006
9670.42	-0.024220079860357898
9672.09	-0.0949335457117579
9673.76	-0.048596455529357804
9675.43	0.039453028820642194
9677.1	0.2913536612506421
9678.76	0.268188348780642
9680.43	0.23196162385064212
9682.1	0.025938263147642096
9683.77	-0.10928965570935789
9685.44	-0.2593197691195578
9687.1	-0.06851491611215789
9688.77	0.008409990890642094
9690.44	0.398598191370642
9692.11	0.4561558409206422
9693.78	0.6343533802083421
9695.44	0.566957924630642
9697.11	0.572578122430642
9698.78	0.2689441028706421
9700.45	0.19658131470064202
9702.11	-0.114590095479358
9703.78	-0.1250334129293579
9705.45	-0.3880107123533578
9707.12	-0.4561665412393578
9708.79	-0.5754407164553579
9710.45	-0.4607556848593579
9712.12	-0.6974177044293579
9713.79	-0.6684453164813579
9715.46	-0.8179729462893579
9717.13	-0.593860919279358
9718.79	-0.449691260049358
9720.46	0.044903465480642
9722.13	0.4140380566506419
9723.8	0.9391820798706422
9725.47	0.998901897212642
9727.13	1.135454318460642
9728.8	0.8528124378406421
9730.47	0.733595177690442
9732.14	0.3303697684866421
9733.8	0.26571473185864203
9735.47	0.16188726073264204
9737.14	0.2531656396806422
9738.81	0.233926913170642
9740.48	0.502755902523642
9742.14	0.4092478651006421
9743.81	0.5143401799306422
9745.48	0.32189840274064213
9747.15	0.3725588159106421
9748.82	0.2379312708606422
9750.48	0.19527658128064201
9752.15	0.0490363390906421
9753.82	0.1672704824526421
9755.49	-0.014048591584357902
9757.15	0.007084606440642197
9758.82	-0.2987309241663578
9760.49	-0.2598588109493578
9762.16	-0.4948884010193577
9763.83	-0.42915212308935796
9765.49	-0.46255077512935777
9767.16	-0.2829310978593578
9768.83	-0.30006760312435804
9770.5	-0.1820658461803578
9772.17	-0.30173968000635787
9773.83	-0.08479784603695792
9775.5	-0.17344658329535775
9777.17	0.03588600619464201
9778.84	-0.0604996408493579
9780.51	0.0389402646246421
9782.17	-0.02773240018335779
9783.84	0.061723580933642094
9785.51	-0.0620869979993579
9787.18	0.1361681400406422
9788.84	-0.058866748324957904
9790.51	0.082281503010642
9792.18	-0.08623775191935792
9793.85	0.079261062280642
9795.52	0.029083726227642104
9797.18	0.2019925207766421
9798.85	0.021090532434642012
9800.52	0.1288245705726421
9802.19	-0.10531366118895802
9803.86	0.034755603672242195
9805.52	-0.019713478479357997
9807.19	0.263913363576642
9808.86	0.395565268970642
9810.53	0.6975354588523419
9812.2	0.659322098289642
9813.86	0.6367386660246421
9815.53	0.3986920353066421
9817.2	0.377862869886642
9818.87	0.207077828793642
9820.53	0.2155759209106419
9822.2	0.09949929896764198
9823.87	0.20915826216064198
9825.54	0.09270707741964207
9827.21	0.143042141976642
9828.87	0.05290933907464209
9830.54	0.1237124513206421
9832.21	-0.006324513779357985
9833.88	-0.04974860437935799
9835.55	-0.26168813977535765
9837.21	-0.3263532838393579
9838.88	-0.6884468095993578
9840.55	-0.7610788310063576
9842.22	-0.8921425239553578
9843.89	-0.6948214528093578
9845.55	-0.4169526798073578
9847.22	-0.0286037026263578
9848.89	0.137264648425642
9850.56	0.21797818195064217
9852.22	-0.0370643565873579
9853.89	-0.09781237483935781
9855.56	-0.20092896790835793
9857.23	-0.04577900806935789
9858.9	-0.07167685223035788
9860.56	0.057508249641642216
9862.23	-0.04371383393535799
9863.9	-0.061226924981358
9865.57	-0.26184152346735795
9867.24	-0.24927294993735802
9868.9	-0.42348743694285795
9870.57	-0.31495171051935783
9872.24	-0.4354398786293579
9873.91	-0.37914920303935795
9875.58	-0.5020322248393579
9877.24	-0.308022758389358
9878.91	-0.43485769773235794
9880.58	-0.2558264613970578
9882.25	-0.3657924824173579
9883.91	-0.30899384507935784
9885.58	-0.33137854954935786
9887.25	-0.2603120887753579
9888.92	-0.3055551407593578
9890.59	0.011354026172642293
9892.25	-0.009149882285358013
9893.92	0.36696932900064216
9895.59	0.396505683310642
9897.26	0.5249397043406422
9898.93	0.5176560733906423
9900.59	0.5315292829356422
9902.26	0.38984599313064205
9903.93	0.321178707370642
9905.6	0.0021605104306419015
9907.27	-0.009431716267357997
9908.93	-0.268439269669358
9910.6	-0.28207385534935786
9912.27	-0.31232254874735776
9913.94	-0.06756954865535791
9915.6	0.09331176122264219
9917.27	0.2918667834710421
9918.94	0.2386041293606421
9920.61	0.387003331040642
9922.28	0.184730817160642
9923.94	0.1945450489355423
9925.61	0.0750133817506421
9927.28	0.17305853278064226
9928.95	0.027819765180642192
9930.62	0.05129324020464207
9932.28	-0.185551642369358
9933.95	-0.1481552302223579
9935.62	-0.36934013356635786
9937.29	-0.32659628617535763
9938.95	-0.3384731143593578
9940.62	-0.1225744043493578
9942.29	-0.019341363799357802
9943.96	0.25188007878264207
9945.63	0.0903746696646421
9947.29	0.1882355931406421
9948.96	-0.0499270078593579
9950.63	-0.2058738543063578
9952.3	-0.3658199699513579
9953.97	-0.36903554707966063
9955.63	-0.4323647755273579
9957.3	-0.1708197073723578
9958.97	-0.21379504053935788
9960.64	0.0703912285506421
9962.31	0.1271708177373121
9963.97	0.19633414861944212
9965.64	0.0840434986206419
9967.31	0.251622654740642
9968.98	0.19529132702864202
9970.64	0.35802046409064203
9972.31	0.2707917452406421
9973.98	0.3938582526756421
9975.65	0.1819975360406421
9977.32	0.23116384082064217
9978.98	0.1681736194106422
9980.65	0.300231878570642
9982.32	0.24744115780064208
9983.99	0.349113138730642
9985.66	0.0682776364776421
9987.32	-0.04444348137335792
9988.99	-0.38726182546435817
9990.66	-0.439965289499358
9992.33	-0.446664340512358
9994.0	-0.10640762693935789
9995.66	0.03039783201364193
9997.33	0.334780059146642
9999.0	0.293518390485642
10000.7	0.297110500950642
10002.3	0.07177775196084218
10004.0	0.07835054760064192
10005.7	-0.1770930140583579
10007.3	0.04298238930397211
10009.0	-0.12545134465735783
10010.7	-0.030522104612358006
10012.3	-0.0468298006873579
10014.0	0.14234931714064197
10015.7	0.13884813737064206
10017.3	0.3036158231406419
10019.0	0.114918796560642
10020.7	0.2129967594006421
10022.3	-0.10439600464075788
10024.0	-0.1793542358233578
10025.7	-0.35462329951235794
10027.4	-0.26107251994935765
10029.0	-0.3768299471043579
10030.7	-0.28228955480735796
10032.4	-0.4563085705393578
10034.0	-0.3975470427093577
10035.7	-0.5338388262113578
10037.4	-0.3897971251653577
10039.0	-0.5706980450853578
10040.7	-0.5562920591293579
10042.4	-0.7880344770393578
10044.0	-0.6911414708793578
10045.7	-0.6917301698793578
10047.4	-0.4008504785793578
10049.0	-0.2367710717213578
10050.7	0.07936970652934211
10052.4	-0.010973370692357806
10054.0	0.03792707782964208
10055.7	-0.19900454852135768
10057.4	-0.0773430177733577
10059.0	-0.2223186752393578
10060.7	-0.15683973535935797
10062.4	-0.2929708671393579
10064.0	-0.20716912742935803
10065.7	-0.2797616291733579
10067.4	0.011492046342642129
10069.1	0.00414601237064216
10070.7	0.33104111720264207
10072.4	0.293666755443642
10074.1	0.436399284242642
10075.7	0.221413870980642
10077.4	0.215623323742642
10079.1	-0.023621098389358025
10080.7	-0.022558219169357997
10082.4	-0.13194934793135812
10084.1	-0.0043715527993579
10085.7	-0.11067716589535781
10087.4	-0.0246067113013579
10089.1	-0.375837570089358
10090.7	-0.4904448906393577
10092.4	-0.6898501910142579
10094.1	-0.5807297118093576
10095.7	-0.4438667839283579
10097.4	-0.0025229264293579814
10099.1	0.1447896506066421
10100.7	0.34000255384064204
10102.4	0.1255810124806421
10104.1	0.0277552172406422
10105.7	-0.22946031083335772
10107.4	-0.2379391067573577
10109.1	-0.4929107212493578
10110.7	-0.3248797747293578
10112.4	-0.2530741875093578
10114.1	0.060952159630642
10115.8	0.16162055292064198
10117.4	0.43427789393064203
10119.1	0.42118120370664214
10120.8	0.581198720851642
10122.4	0.41735652760264197
10124.1	0.5396961279826421
10125.8	0.449578086004642
10127.4	0.44663435735964213
10129.1	0.0439463993096421
10130.8	-0.2441758876523578
10132.4	-0.6874687448093577
10134.1	-0.7386977306399578
10135.8	-0.826067342770358
10137.4	-0.5382957625327578
10139.1	-0.4868577830693579
10140.8	-0.15661002506935792
10142.4	-0.149068672419358
10144.1	0.043757423075942006
10145.8	0.0007772323656420055
10147.4	0.20512360143264202
10149.1	0.13927132825064212
10150.8	0.32164525790464205
10152.4	0.2171569086326421
10154.1	0.501244242360642
10155.8	0.382316025370642
10157.4	0.43368331612864197
10159.1	0.130158857191642
10160.8	0.111529565000642
10162.5	-0.0935829934693577
10164.1	-0.0035027101893579937
10165.8	-0.042817650123357795
10167.5	0.168991115560642
10169.1	0.09076270734364209
10170.8	0.24675127801064203
10172.5	0.2277186223626422
10174.1	0.4855394709706422
10175.8	0.49808814330564216
10177.5	0.6607826895826421
10179.1	0.49536388178064206
10180.8	0.364644447624642
10182.5	0.028816797470642114
10184.1	0.0013955781706420922
10185.8	-0.1487931637093579
10187.5	-0.06235101512035798
10189.1	-0.18223801167935777
10190.8	-0.11728475214435799
10192.5	-0.3172658192313579
10194.1	-0.2373006798193579
10195.8	-0.33232907464935785
10197.5	-0.0446985069983578
10199.1	-0.07732172286335781
10200.8	0.031077766480642102
10202.5	-0.06543375725435788
10204.1	0.0935365733806421
10205.8	-0.08792438644035791
10207.5	0.0885310775306421
10209.2	-0.10358171112735799
10210.8	-0.003285906559357895
10212.5	-0.1816230025393579
10214.2	-0.2619020275813579
10215.8	-0.3820026536293579
10217.5	-0.2212427895893579
10219.2	-0.2482892785893579
10220.8	0.067496801929642
10222.5	0.19826843141064202
10224.2	0.437402392300642
10225.8	0.434958020800642
10227.5	0.4708669161256421
10229.2	0.3859753260006422
10230.8	0.41253193562064194
10232.5	0.2228813229206421
10234.2	0.1581977146396421
10235.8	-0.0198625067853579
10237.5	-0.046147809679357804
10239.2	-0.3445311738513578
10240.8	-0.3649037277793579
10242.5	-0.5582599947793578
10244.2	-0.4881907369163579
10245.8	-0.6586036807393578
10247.5	-0.5694119602683578
10249.2	-0.6679092198873579
10250.9	-0.5781422759645577
10252.5	-0.7301806261893576
10254.2	-0.6899097098123579
10255.9	-0.7555111565433579
10257.5	-0.6313322878537578
10259.2	-0.687027636349358
10260.9	-0.6415332426593578
10262.5	-0.8424298047493579
10264.2	-0.8275268713893578
10265.9	-0.9724338124763579
10267.5	-0.9640795393093579
10269.2	-0.9539535931493579
10270.9	-0.7841586659083579
10272.5	-0.5963267926312577
10274.2	-0.15535108156135763
10275.9	0.026746664620642055
10277.5	0.28215558237564237
10279.2	0.3717144963106422
10280.9	0.5361290088106422
10282.5	0.44646635000764223
10284.2	0.567710086730642
10285.9	0.4799840889146424
10287.5	0.6755400837606422
10289.2	0.6381403916306421
10290.9	0.8023697235306423
10292.5	0.669409192680642
10294.2	0.7024250475070422
10295.9	0.3083448891546421
10297.6	-0.021365189999357798
10299.2	-0.4273355080393578
10300.9	-0.34463069470335794
10302.6	-0.5049127183993578
10304.2	-0.25869221048935787
10305.9	-0.33630732056235785
10307.6	-0.3484357693668579
10309.2	-0.4781204149423578
10310.9	-0.4825086502093579
10312.6	-0.5911165395573579
10314.2	-0.288985320479358
10315.9	-0.34425119639535795
10317.6	-0.2365415030193582
10319.2	-0.23266870851935792
10320.9	0.021564377085642114
10322.6	0.18499304654864204
10324.2	0.48556031709064207
10325.9	0.4885508298386419
10327.6	0.547551435850642
10329.2	0.287893366920642
10330.9	0.1942367150606421
10332.6	0.07968701812864207
10334.2	0.23094711903064208
10335.9	0.3240919960706419
10337.6	0.544471196731642
10339.2	0.452282609960642
10340.9	0.487638498854642
10342.6	0.298804878740642
10344.3	0.2486499616906419
10345.9	0.162565777708642
10347.6	0.152912463606642
10349.3	0.10310947895064199
10350.9	0.365769335960642
10352.6	0.371056541698642
10354.3	0.47705133630064206
10355.9	0.3007488322706421
10357.6	0.17672460298064221
10359.3	-0.1907042959773578
10360.9	-0.427537149618358
10362.6	-0.6087712595433579
10364.3	-0.482894198874358
10365.9	-0.6515810833703578
10367.6	-0.6037623976923578
10369.3	-0.9240288531493578
10370.9	-0.928074949907358
10372.6	-1.0195779032493577
10374.3	-0.9056920699793577
10375.9	-0.9234559508593578
10377.6	-0.6180122786983578
10379.3	-0.652407880590358
10380.9	-0.41211492296135793
10382.6	-0.2590528305113581
10384.3	0.07065128301064204
10385.9	0.174086965919642
10387.6	0.4127424775206419
10389.3	0.1869751389966421
10391.0	0.1599814516306422
10392.6	0.0024373454206421813
10394.3	-0.030922408689358
10396.0	-0.2085050106693578
10397.6	-0.0978121517063579
10399.3	-0.23001869503235792
10401.0	0.0001833000806423027
10402.6	0.0051172527206421025
10404.3	0.25677698243064223
10406.0	0.26870861749064207
10407.6	0.3868486105006421
10409.3	0.160836988560642
10411.0	0.2157151439046421
10412.6	-0.009638513550357802
10414.3	0.06914436492094227
10416.0	-0.1271975279993579
10417.6	-0.12127204078935781
10419.3	-0.30015446012935804
10421.0	-0.21858455261935802
10422.6	-0.1440169618893581
10424.3	0.267755002320642
10426.0	0.35919206861464203
10427.6	0.703861007695642
10429.3	0.6700952975588421
10431.0	0.699622098740642
10432.7	0.477059402110642
10434.3	0.47645542298064214
10436.0	0.2420213752806421
10437.7	0.4545657020706422
10439.3	0.29962448428064214
10441.0	0.5428789847446422
10442.7	0.5561627833126421
10444.3	0.694266101088742
10446.0	0.5834801023306422
10447.7	0.581928097715642
10449.3	0.260067295456642
10451.0	0.2464652846206421
10452.7	0.024939220060642114
10454.3	0.14179320012264218
10456.0	0.056422560680642
10457.7	0.1371868716906421
10459.3	0.20438168931064213
10461.0	0.17335899315064202
10462.7	-0.044502376849358004
10464.3	-0.2134765729493579
10466.0	-0.6130364585393576
10467.7	-0.7523323774193577
10469.3	-0.9669299023713578
10471.0	-0.7952531866453578
10472.7	-0.6691505993493578
10474.3	-0.547556330299358
10476.0	-0.7022155022143578
10477.7	-0.7704264453293579
10479.4	-0.9412177599173579
10481.0	-0.814049205471358
10482.7	-0.7639885252693579
10484.4	-0.3428223407693578
10486.0	-0.025977742709357876
10487.7	0.4351935365106419
10489.4	0.663209569830642
10491.0	0.906719203368642
10492.7	0.9260535873006419
10494.4	0.901137054587642
10496.0	0.555688652703642
10497.7	0.3812225822050419
10499.4	0.0481295343506421
10501.0	-0.0655378872093578
10502.7	-0.29117903401935796
10504.4	-0.19810301152935808
10506.0	-0.2627792014193579
10507.7	-0.031765993059357844
10509.4	-0.1606559524193583
10511.0	-0.205101959081358
10512.7	-0.5310142778793578
10514.4	-0.6896422255493578
10516.0	-0.964774990539358
10517.7	-0.780785436529558
10519.4	-0.7481287446813583
10521.0	-0.24887107981935802
10522.7	0.06745197781064217
10524.4	0.5066825736306422
10526.1	0.5115774773186421
10527.7	0.5946677563586422
10529.4	0.369502220944942
10531.1	0.482434208450642
10532.7	0.47948910530564215
10534.4	0.7664048140606418
10536.1	0.9123292601646422
10537.7	0.9900663924906423
10539.4	0.6615421488806421
10541.1	0.4741149128576421
10542.7	0.069364469230642
10544.4	0.03137697383064189
10546.1	0.0438449474806421
10547.7	0.08627136555564209
10549.4	0.1805090760706421
10551.1	0.1963726511806421
10552.7	-0.0630547601893579
10554.4	-0.15101141151935799
10556.1	-0.2897040120093579
10557.7	-0.12623088862335788
10559.4	-0.04886044650535789
10561.1	0.1808251280168421
10562.7	0.3556008491006423
10564.4	0.5697625567606421
10566.1	0.528844687582642
10567.7	0.6169739725506423
10569.4	0.4133211023006421
10571.1	0.31942505644064195
10572.8	-0.15412592771935799
10574.4	-0.3268609870823579
10576.1	-0.3887050025493581
10577.8	-0.10883157934935778
10579.4	0.105344017620642
10581.1	0.649554718100342
10582.8	0.8586751732306419
10584.4	0.9864718766506421
10586.1	0.679798937100642
10587.8	0.4059371553206421
10589.4	-0.0742607412523579
10591.1	-0.37728755525335783
10592.8	-0.808933740829358
10594.4	-0.7632058930903579
10596.1	-0.663286993589358
10597.8	-0.36493785528635786
10599.4	-0.22580344807935793
10601.1	0.1342337784006421
10602.8	0.0674096719106419
10604.4	0.10883887595064207
10606.1	-0.25201236191935794
10607.8	-0.41126787888535804
10609.4	-0.741381160329358
10611.1	-0.764281266599358
10612.8	-0.8618888139093581
10614.5	-0.6611437698693577
10616.1	-0.6801583922293579
10617.8	-0.3582020357493577
10619.5	-0.18358038859835793
10621.1	0.235283526230642
10622.8	0.447570417360642
10624.5	0.8083929136806421
10626.1	0.8388491994446422
10627.8	0.8701360103106421
10629.5	0.5439917173106421
10631.1	0.4436218676206423
10632.8	0.18918777563864228
10634.5	0.12647061621564235
10636.1	-0.14365362854935776
10637.8	-0.04930522240935778
10639.5	-0.10169534859935789
10641.1	0.2717766866006419
10642.8	0.460470695050642
10644.5	0.845351715132642
10646.1	0.7612665138596422
10647.8	0.7862271610726421
10649.5	0.3910642177606422
10651.1	0.17083084600064208
10652.8	-0.14995271150935793
10654.5	-0.14111681780035784
10656.1	-0.14685006242135779
10657.8	0.125742642330642
10659.5	0.158425135210642
10661.2	0.42428089391664203
10662.8	0.3835190245706419
10664.5	0.443462300668642
10666.2	0.2579938691506421
10667.8	0.35381397679664195
10669.5	0.342477934970642
10671.2	0.591658996230642
10672.8	0.509688183580642
10674.5	0.599392334210642
10676.2	0.2949667267006421
10677.8	0.30639230784364196
10679.5	-0.016315939949357913
10681.2	-0.1013603778173581
10682.8	-0.2631262231493579
10684.5	-0.10464752069935782
10686.2	-0.04480264544935793
10687.8	0.23534308104064208
10689.5	0.38981446741664194
10691.2	0.7112546493966421
10692.8	0.711340456130642
10694.5	0.6774650657106421
10696.2	0.436537606382642
10697.8	0.38391468785914207
10699.5	0.15475916615864208
10701.2	0.041153832200642115
10702.8	-0.04058007721935797
10704.5	0.1322086583846421
10706.2	0.105682181999642
10707.9	0.2664270209606421
10709.5	0.21464960510584202
10711.2	0.327236147050642
10712.9	0.2688856839841419
10714.5	0.43977547712764214
10716.2	0.46831895763064213
10717.9	0.633391952751642
10719.5	0.4068048150406421
10721.2	0.263132529012642
10722.9	-0.07577961900835796
10724.5	-0.31195162873935794
10726.2	-0.5310990613283579
10727.9	-0.4121639517393579
10729.5	-0.46566844745935765
10731.2	-0.3549990502393582
10732.9	-0.5196872298693579
10734.5	-0.4906696311093579
10736.2	-0.5081739966493579
10737.9	-0.23224090657035779
10739.5	-0.036717670990358005
10741.2	0.38468674030464195
10742.9	0.5091094555906419
10744.5	0.578709637520642
10746.2	0.45088583638964214
10747.9	0.438254179656642
10749.5	0.2259718710606421
10751.2	0.16716616151064212
10752.9	-0.22103607316135815
10754.6	-0.35400215897735804
10756.2	-0.5301595313273578
10757.9	-0.6196250308913579
10759.6	-0.8185564421393579
10761.2	-0.8153369636193577
10762.9	-0.9253317357873577
10764.6	-0.8258774350323577
10766.2	-0.8465917328363578
10767.9	-0.5327481270293579
10769.6	-0.39815969773715804
10771.2	-0.21723843502735815
10772.9	-0.32311597353935784
10774.6	-0.3361415105693579
10776.2	-0.4587017816263581
10777.9	-0.42354432499935807
10779.6	-0.5345405607673579
10781.2	-0.3878323137393579
10782.9	-0.3626822637493579
10784.6	-0.094078960619358
10786.2	-0.058174469409357984
10787.9	0.124141914130642
10789.6	-0.0745079346493578
10791.2	-0.034118906169357796
10792.9	-0.039589793369357903
10794.6	0.25122943010464216
10796.3	0.395438637717642
10797.9	0.7484016755776423
10799.6	0.5610525676806422
10801.3	0.4813352153306421
10802.9	-0.0040926422433578
10804.6	-0.2262270214793578
10806.3	-0.4139759222902578
10807.9	-0.2209909329093579
10809.6	-0.2455451727993579
10811.3	0.051691616190642005
10812.9	0.01922021711264202
10814.6	0.125423920196142
10816.3	-0.036313698939357875
10817.9	-0.0676800443913579
10819.6	-0.1910228582193579
10821.3	0.0697130701406422
10822.9	0.09693183139064199
10824.6	0.332412342050642
10826.3	0.166830817100642
10827.9	0.114953071186642
10829.6	-0.20523275402635782
10831.3	-0.4049309553193579
10832.9	-0.701739586027358
10834.6	-0.5619707188573579
10836.3	-0.6133286965593578
10837.9	-0.276809624390358
10839.6	-0.284758792459358
10841.3	-0.14122070803935793
10843.0	-0.37577794605335807
10844.6	-0.48497182889835805
10846.3	-0.859735982870358
10848.0	-0.7141128179393579
10849.6	-0.6410005633833578
10851.3	0.036941820540642004
10853.0	0.39751142204064227
10854.6	0.995852284703642
10856.3	1.084160517155642
10858.0	1.3581302157706419
10859.6	1.229706483690642
10861.3	1.1606500760466418
10863.0	0.6154193357206421
10864.6	0.41697328301914216
10866.3	-0.050014065079357795
10868.0	-0.02014427564935791
10869.6	-0.09125989221335798
10871.3	0.177108951330642
10873.0	0.17048840110964208
10874.6	0.2649328444106422
10876.3	0.0025480146006421067
10878.0	0.012707963126642192
10879.6	0.07819561737064212
10881.3	0.24565535975064212
10883.0	0.13307419009064209
10884.6	0.0883896030886421
10886.3	-0.18869614697135786
10888.0	-0.28584603711935797
10889.7	-0.424728176273358
10891.3	-0.395461122209358
10893.0	-0.5167921474473579
10894.7	-0.4782118044843579
10896.3	-0.606360308789358
10898.0	-0.34250422172335787
10899.7	-0.1937310686793579
10901.3	0.058364803090642015
10903.0	-0.005958660659357795
10904.7	0.0023396067806421977
10906.3	-0.2166092407693578
10908.0	-0.12363285990935792
10909.7	-0.1281901160093579
10911.3	0.2072268695506419
10913.0	0.24208700655064203
10914.7	0.3952191563806419
10916.3	0.27958778495064207
10918.0	0.22850485733064213
10919.7	0.10792670537264208
10921.3	0.1653304990126422
10923.0	0.007350965060642117
10924.7	-7.003915935771543e-05
10926.3	-0.2389129742259579
10928.0	-0.25067012574935776
10929.7	-0.4798945669893578
10931.3	-0.577899992985958
10933.0	-0.724511179825358
10934.7	-0.46091472491735774
10936.4	-0.36420557888835786
10938.0	-0.0397740751033579
10939.7	0.1253287475506419
10941.4	0.603982232556542
10943.0	0.722268724234642
10944.7	0.808323441883642
10946.4	0.5129772459019422
10948.0	0.382012691980642
10949.7	-0.04413889748535779
10951.4	-0.2121957169693578
10953.0	-0.4187571823293578
10954.7	-0.1435092751693578
10956.4	-0.08607709482035791
10958.0	0.0666231459136421
10959.7	-0.013551946739357917
10961.4	0.08706016056064188
10963.0	-0.03188293289535785
10964.7	0.09134043861564231
10966.4	0.09279240901064228
10968.0	0.4077237380106421
10969.7	0.40659871755714194
10971.4	0.519484298896642
10973.0	0.366344322950642
10974.7	0.44947998060064204
10976.4	0.3350387460706421
10978.1	0.478657245350642
10979.7	0.25624818498264207
10981.4	0.3339013732676422
10983.1	0.1280054284706421
10984.7	0.19354266638064208
10986.4	0.18455037431264198
10988.1	0.506888493230642
10989.7	0.47072973937064205
10991.4	0.5640526194406422
10993.1	0.22224475837064195
10994.7	0.0705318392766422
10996.4	-0.17609415568835787
10998.1	-0.19015630793935778
10999.7	-0.2309947065493578
11001.4	-0.06443046070935789
11003.1	-0.06428770653935797
11004.7	0.146396959976642
11006.4	0.1275837417806421
11008.1	0.2662578463306421
11009.7	0.0553593087726421
11011.4	-0.14309613284635808
11013.1	-0.4105733721803579
11014.7	-0.6895668730993577
11016.4	-1.0245519609793579
11018.1	-0.9508692288613578
11019.7	-1.045309993289358
11021.4	-0.6895742670493581
11023.1	-0.5710283910520579
11024.8	-0.4392842275393578
11026.4	-0.383597560379358
11028.1	-0.3398106492493578
11029.8	-0.658706495279358
11031.4	-0.6098074324093579
11033.1	-0.8419507544293577
11034.8	-0.6413435223893577
11036.4	-0.46541259515935796
11038.1	-0.12411944204935796
11039.8	0.13344469903064193
11041.4	0.5964599658315423
11043.1	0.5356470985206421
11044.8	0.581362100130642
11046.4	0.338168319384642
11048.1	0.279126386340642
11049.8	0.08236680418064218
11051.4	0.17439570718064212
11053.1	0.04432770619064222
11054.8	0.22189273525564202
11056.4	0.290984536627642
11058.1	0.5948434951756422
11059.8	0.6632816443906422
11061.4	0.869501409770642
11063.1	0.7378161356906419
11064.8	0.7219996241836419
11066.4	0.390430872310642
11068.1	0.247684763856642
11069.8	0.001247032230642185
11071.5	0.0854587951906421
11073.1	-0.14146311851235782
11074.8	-0.1038089330793579
11076.5	-0.2614361779893579
11078.1	-0.0712910541983579
11079.8	-0.0762642211383579
11081.5	0.17712479671064202
11083.1	0.2943131511006422
11084.8	0.6052664444066421
11086.5	0.5828849135826422
11088.1	0.6849171435676422
11089.8	0.3418354859046422
11091.5	0.16691530646184202
11093.1	-0.2465624351093577
11094.8	-0.3336808944493578
11096.5	-0.37890738409635794
11098.1	0.024097941352642302
11099.8	0.37915166587164223
11101.5	0.920133009623642
11103.1	0.9830313168306419
11104.8	1.114475079430642
11106.5	0.663344651790642
11108.1	0.4459068965786422
11109.8	0.10091601411764209
11111.5	0.08174339400064203
11113.1	0.014253410789641985
11114.8	0.2154859352006421
11116.5	0.02300416448064202
11118.2	0.01462667893064229
11119.8	-0.31391028792835785
11121.5	-0.3051493719393577
11123.2	-0.3792180834883578
11124.8	-0.2079123225993578
11126.5	-0.177314314978358
11128.2	-0.12614491278935774
11129.8	-0.2647541704393576
11131.5	-0.042153374147158
11133.2	-0.08779551086135791
11134.8	0.1135897906006422
11136.5	0.016597408345641967
11138.2	0.11529517814104201
11139.8	0.1012190776806421
11141.5	0.34894747294164197
11143.2	0.36217705402064204
11144.8	0.710800540020642
11146.5	0.644073844155642
11148.2	0.5733804382106419
11149.8	0.1019742325606422
11151.5	-0.08532020280535782
11153.2	-0.5360036177493579
11154.8	-0.5832810465113578
11156.5	-0.826955458799358
11158.2	-0.6346325991763578
11159.9	-0.5580572032993578
11161.5	-0.1937683715693579
11163.2	-0.0669215085493579
11164.9	0.1799544733966422
11166.5	0.06535035395064209
11168.2	0.004670995584642098
11169.9	-0.35359919042935795
11171.5	-0.3873411402773579
11173.2	-0.5291185264793579
11174.9	-0.3093220310113578
11176.5	-0.3132866619373578
11178.2	-0.2390941123933578
11179.9	-0.4068881693993578
11181.5	-0.5504542204983579
11183.2	-0.7941051988993578
11184.9	-0.6141107430593581
11186.5	-0.6157442910593578
11188.2	-0.3883550849193579
11189.9	-0.49898617221735797
11191.5	-0.31370695691235795
11193.2	-0.430281587009358
11194.9	-0.201316406421358
11196.5	-0.17709754427935792
11198.2	-0.010072228314657889
11199.9	0.03149015241064211
11201.5	0.31660408578064225
11203.2	0.3076054561526423
11204.9	0.6482291345306421
11206.6	0.563831162430642
11208.2	0.43891117238064215
11209.9	0.17323102877064223
11211.6	-0.06700291813935777
11213.2	-0.3314259648393578
11214.9	-0.1962911120893578
11216.6	-0.2547687234433578
11218.2	-0.1505121323093578
11219.9	-0.1545283841073577
11221.6	-0.0931428499273579
11223.2	-0.07757350255875788
11224.9	0.1541795491306421
11226.6	0.09277840980064209
11228.2	0.28801556932064204
11229.9	0.090838386960642
11231.6	0.09527764585064202
11233.2	-0.06662834044135799
11234.9	-0.011439340091357997
11236.6	-0.14733436869535813
11238.2	0.015735905498642205
11239.9	-0.14260980484935804
11241.6	0.02601890571064222
11243.2	0.014829487370642103
11244.9	0.17613994125064195
11246.6	0.22340321904064198
11248.2	0.413868531180642
11249.9	0.33396373144064206
11251.6	0.4080122987036421
11253.3	0.2948654720519419
11254.9	0.44871416117864216
11256.6	0.5014631242868421
11258.3	0.646584122500642
11259.9	0.602974475060642
11261.6	0.6374724769306421
11263.3	0.36545824070064215
11264.9	0.243336709380642
11266.6	-0.090018796685358
11268.3	-0.06087876327935807
11269.9	-0.10555728900935804
11271.6	0.17490426081064217
11273.3	0.26525498398064185
11274.9	0.45427479257664205
11276.6	0.1588355597366421
11278.3	-0.01380080821935789
11279.9	-0.4218765746933579
11281.6	-0.49354731607935776
11283.3	-0.7201505128993578
11284.9	-0.5024312490593578
11286.6	-0.45193495690935775
11288.3	-0.22280928597935787
11289.9	-0.250826715789358
11291.6	-9.761709535797275e-05
11293.3	0.09606702482606208
11294.9	0.4337675439496421
11296.6	0.32991951511364204
11298.3	0.3496094818416421
11300.0	0.09466959464064201
11301.6	-0.04061473589935777
11303.3	-0.31856827914935804
11305.0	-0.2529848306503579
11306.6	-0.2013669073993577
11308.3	0.1568464273926419
11310.0	0.2144620421236421
11311.6	0.48734756920264216
11313.3	0.470974796200642
11315.0	0.612473133479642
11316.6	0.34460134976664225
11318.3	0.1420927226716422
11320.0	-0.2347258484793579
11321.6	-0.43278932375935786
11323.3	-0.9085894458793577
11325.0	-0.9081221010653578
11326.6	-1.1045893664493578
11328.3	-0.9328808206693578
11330.0	-1.0069476131653579
11331.6	-0.7481263806563578
11333.3	-0.5890174120493578
11335.0	-0.11240627941935782
11336.6	0.05675451574964215
11338.3	0.403347322810642
11340.0	0.360704833850642
11341.7	0.3434806478846421
11343.3	-0.089414782659358
11345.0	-0.21375972957935796
11346.7	-0.4550223221413579
11348.3	-0.3845081205527579
11350.0	-0.35897390770935766
11351.7	-0.17281262963935784
11353.3	-0.14334844431135796
11355.0	0.07783110405464219
11356.7	-0.029918701207357797
11358.3	0.10544865881064219
11360.0	0.12592004991064198
11361.7	0.4101379928146421
11363.3	0.5848172480606421
11365.0	0.8589282812186421
11366.7	0.6959314537366421
11368.3	0.668880288640642
11370.0	0.1828948725726421
11371.7	0.03883394815064199
11373.3	-0.1016948470323579
11375.0	0.12334227268064209
11376.7	0.125398162026642
11378.3	0.320643830114642
11380.0	0.06739846273064211
11381.7	0.09727344367964212
11383.3	-0.07836247276935779
11385.0	0.1248541954206422
11386.7	0.070145710920642
11388.4	0.27054705426064213
11390.0	0.08847346544064214
11391.7	0.256848877710642
11393.4	0.1233393088306422
11395.0	0.4002479863696421
11396.7	0.419027500800642
11398.4	0.6596519244306419
11400.0	0.4351245828061419
11401.7	0.3228665923606422
11403.4	-0.10445690556935802
11405.0	-0.2780506597339577
11406.7	-0.6185118383493579
11408.4	-0.4974546905773578
11410.0	-0.41338161477935786
11411.7	0.03903674328764198
11413.4	0.268683158430642
11415.0	0.4825236138606419
11416.7	0.27643351341804223
11418.4	0.14287108137064222
11420.0	-0.242842616249358
11421.7	-0.34018104547535777
11423.4	-0.441483923839358
11425.0	-0.4657110591683578
11426.7	-0.6938545660893578
11428.4	-0.7109214905793579
11430.0	-0.8240432786593579
11431.7	-0.5267626178393578
11433.4	-0.2574787522393579
11435.1	0.12084355085064188
11436.7	0.324252029490642
11438.4	0.46011678870064193
11440.1	0.29265137022514187
11441.7	0.245012723860642
11443.4	-0.004425307609357901
11445.1	-0.09026026176265779
11446.7	-0.1743909088533577
11448.4	0.00109476105964221
11450.1	0.0602773130846421
11451.7	0.3231554722606421
11453.4	0.312773056390642
11455.1	0.221915602990642
11456.7	-0.16956394384935797
11458.4	-0.5336371056463578
11460.1	-0.7854856895393578
11461.7	-0.689027912554358
11463.4	-0.6904183724963581
11465.1	-0.4210628682793579
11466.7	-0.30386371770935794
11468.4	-0.2545602065713579
11470.1	-0.4271973708393579
11471.7	-0.5042048852433578
11473.4	-0.6867998139593581
11475.1	-0.41685491475835784
11476.7	-0.2227477937813579
11478.4	0.363480656710642
11480.1	0.751774314984642
11481.8	1.1544787100406422
11483.4	1.086650959650642
11485.1	1.038956703076642
11486.8	0.655304426790642
11488.4	0.714528390436642
11490.1	0.5582003091766419
11491.8	0.7252455391406418
11493.4	0.630333107520642
11495.1	0.5075163903316421
11496.8	0.21073850381064196
11498.4	0.141868746060642
11500.1	0.06292766286164209
11501.8	0.3822441610606422
11503.4	0.39457476656964197
11505.1	0.795132778020642
11506.8	0.942423140987642
11508.4	1.0764756013506422
11510.1	0.9130005467806421
11511.8	0.6749154783006421
11513.4	0.10645060376064208
11515.1	-0.276632163149358
11516.8	-0.8631994312493578
11518.4	-0.7666433143253577
11520.1	-0.7184105189912579
11521.8	-0.33652743785535777
11523.5	-0.2713707427069579
11525.1	-0.03871597984935801
11526.8	-0.2346676492893579
11528.5	-0.2041444340193577
11530.1	-0.4746074823683578
11531.8	-0.2768667722393578
11533.5	-0.3785642129493577
11535.1	0.0058024272086420955
11536.8	0.146880968651642
11538.5	0.581521229726642
11540.1	0.7098963662106419
11541.8	1.036895400651642
11543.5	0.8956899575606423
11545.1	0.966649448380642
11546.8	0.6265306516506423
11548.5	0.6736988931606422
11550.1	0.4997008607496422
11551.8	0.595866447116642
11553.5	0.43807137339064206
11555.1	0.548813467508642
11556.8	0.2927055693506421
11558.5	0.172066808174642
11560.1	-0.19566732824935779
11561.8	-0.20125577921135784
11563.5	-0.49063476489735786
11565.1	-0.4900756811473578
11566.8	-0.7784401597203079
11568.5	-0.7072929309193576
11570.2	-0.871266745209358
11571.8	-0.6772486768893579
11573.5	-0.5957074990863578
11575.2	-0.22160592673935783
11576.8	-0.050157597549358
11578.5	0.291923549390642
11580.2	0.23331365852064193
11581.8	0.337229757340642
11583.5	0.019794185526642097
11585.2	-0.04173373529935788
11586.8	-0.47017893528935817
11588.5	-0.5061345190193579
11590.2	-0.6130976816793577
11591.8	-0.2846063425293578
11593.5	-0.1466110333193579
11595.2	0.2251619181286421
11596.8	0.3912088342626421
11598.5	0.8104437367636425
11600.2	0.6431473653906423
11601.8	0.6957963278306419
11603.5	0.25128550964464214
11605.2	0.15250690883064227
11606.8	-0.1864285050393578
11608.5	-0.15253849674935763
11610.2	-0.2641457943853578
11611.8	-0.0664363418593577
11613.5	-0.06000501365535792
11615.2	0.1747951419006421
11616.9	0.04814287752064211
11618.5	0.145611764952642
11620.2	-0.05966863217935789
11621.9	0.007684691170642022
11623.5	-0.12381687743135791
11625.2	-0.1045950043603581
11626.9	-0.133424390919358
11628.5	-0.10559897687935801
11630.2	-0.30239737772935793
11631.9	-0.3738278213883578
11633.5	-0.7167150663293579
11635.2	-0.7835526392193579
11636.9	-1.0189069939933577
11638.5	-1.1172935455773578
11640.2	-1.183270934482258
11641.9	-0.7716063602593579
11643.5	-0.566504879539358
11645.2	-0.06154905185935791
11646.9	-0.0676595326093579
11648.5	0.059356942754642
11650.2	-0.19898905843935796
11651.9	-0.2382768608393579
11653.5	-0.41469911221935796
11655.2	-0.2703290825893578
11656.9	-0.3779641668393579
11658.5	-0.09838388132935799
11660.2	-0.09295934200235778
11661.9	0.151975372990642
11663.6	0.15011418668344212
11665.2	0.210241951530642
11666.9	-0.13346676076935798
11668.6	-0.5448683462893579
11670.2	-1.1566593578793578
11671.9	-1.2856396370053578
11673.6	-1.2192116180093575
11675.2	-0.6826736697993577
11676.9	-0.2009237734813577
11678.6	0.5101244827706419
11680.2	0.5307339960106421
11681.9	0.49307690589064207
11683.6	0.29292886476604196
11685.2	0.406370669146642
11686.9	0.4007492557576421
11688.6	0.754277686848642
11690.2	0.5818389428906422
11691.9	0.6677596595274419
11693.6	0.365634339176642
11695.2	0.2087426343096421
11696.9	-0.23564147302735788
11698.6	-0.2773274080093579
11700.2	-0.6121691397293579
11701.9	-0.6601916410193578
11703.6	-0.793361678097358
11705.3	-0.695516936129358
11706.9	-0.6018852187973579
11708.6	-0.14148859157935795
11710.3	0.09861247002064202
11711.9	0.5228580637036422
11713.6	0.588975271615642
11715.3	0.688780302650642
11716.9	0.583740431984642
11718.6	0.7067553647406422
11720.3	0.587282201680642
11721.9	0.738598094200642
11723.6	0.5533826991706419
11725.3	0.43670835999064195
11726.9	0.0667792555906423
11728.6	-0.0129036382793579
11730.3	-0.04349751544935779
11731.9	0.3033796467966422
11733.6	0.20452875280064223
11735.3	0.3474163668096423
11736.9	0.38092848927064205
11738.6	0.577916845370642
11740.3	0.877151924330642
11741.9	1.0044020478766422
11743.6	0.9257046903216422
11745.3	0.9564796723006419
11746.9	0.618126832320642
11748.6	0.319705050452642
11750.3	0.1856529819506421
11752.0	0.2744827616106419
11753.6	0.2237665662666422
11755.3	0.22714410597064208
11757.0	-0.20314644198935788
11758.6	-0.3849957965962578
11760.3	-0.7335368307793579
11762.0	-0.9062340022793579
11763.6	-1.162403457639358
11765.3	-0.9334760507893579
11767.0	-0.9366022917993576
11768.6	-0.6542011837193582
11770.3	-0.7092841901693578
11772.0	-0.4773471514493578
11773.6	-0.2626698206423579
11775.3	0.17313981846064214
11777.0	0.23499310903964205
11778.6	0.45163317594064195
11780.3	0.4019757299706419
11782.0	0.37050619849064215
11783.6	0.06207172531264207
11785.3	-0.011670568138757886
11787.0	-0.1507603490463581
11788.6	-0.110208476149358
11790.3	-0.3066424249613578
11792.0	-0.2482820035993578
11793.6	-0.4455595393793579
11795.3	-0.44862472005135795
11797.0	-0.5839132096893578
11798.7	-0.48657642005935775
11800.3	-0.42569957156635796
11802.0	-0.24062647546935792
11803.7	-0.29900865529935794
11805.3	0.03770981432064201
11807.0	-0.02399835866935779
11808.7	0.01898434779064223
11810.3	0.046847587716742106
11812.0	0.12257817564064208
11813.7	-0.016059417389357802
11815.3	0.08944594608264209
11817.0	-0.1396229209393579
11818.7	-0.139190252409358
11820.3	-0.4100768913893579
11822.0	-0.5008356250393576
11823.7	-0.6091768435693579
11825.3	-0.30194836119495777
11827.0	-0.14795493074635788
11828.7	0.2874636063433421
11830.3	0.4155284767906418
11832.0	0.5082326985966422
11833.7	0.4222588515256422
11835.3	0.49059482267064186
11837.0	0.4133662919486421
11838.7	0.4265429375916423
11840.3	0.3095910474186422
11842.0	0.4552672043392423
11843.7	0.4789466924186422
11845.4	0.7774543890886421
11847.0	0.8067390253326321
11848.7	0.9230973741339419
11850.4	0.6098939411186421
11852.0	0.33332991400064216
11853.7	0.1063706386306422
11855.4	0.09650168199764211
11857.0	-0.07486040190935789
11858.7	0.0216326626506419
11860.4	-0.14119038130935785
11862.0	0.0645351246306419
11863.7	0.0702789372006421
11865.4	0.404208153628642
11867.0	0.562718697800642
11868.7	0.663359361740642
11870.4	0.4184958608806419
11872.0	0.19893628576964223
11873.7	0.132665578390642
11875.4	0.3312465357406422
11877.0	0.2599768279006422
11878.7	0.4655752616606421
11880.4	0.3208576891206421
11882.0	0.25558244760064197
11883.7	0.13950283995064222
11885.4	0.31443443165864193
11887.1	0.4338070218806421
11888.7	0.8595084947306422
11890.4	0.8442441731606418
11892.1	0.7830336332316418
11893.7	0.5823045926726418
11895.4	0.3637129825066421
11897.1	-0.1335192690693579
11898.7	-0.2009529594536578
11900.4	-0.5137721116297378
11902.1	-0.580357191724358
11903.7	-0.7963616821493575
11905.4	-0.9110159474093578
11907.1	-1.1697796577793578
11908.7	-1.1788848571693578
11910.4	-1.3478751407093577
11912.1	-1.071074204029358
11913.7	-0.861117154099358
11915.4	-0.5263171925993578
11917.1	-0.46693831548935794
11918.7	-0.0977424810013581
11920.4	-0.0649921288293579
11922.1	0.1514002525106422
11923.7	0.15267313718064213
11925.4	0.5890827928806421
11927.1	0.8307210329406423
11928.7	1.313443646220642
11930.4	1.450973606080642
11932.1	1.799260954590642
11933.8	1.5997457887566422
11935.4	1.3370578643806421
11937.1	0.5878881282426419
11938.8	0.34368274565064194
11940.4	-0.12813128769035792
11942.1	-0.14927243485935798
11943.8	-0.3417523585093579
11945.4	-0.14689049337735782
11947.1	-0.2906924349193577
11948.8	-0.2453201957393578
11950.4	-0.502516803949358
11952.1	-0.28012858073935776
11953.8	-0.27958588214535796
11955.4	-0.21350729075535796
11957.1	-0.41691269680935794
11958.8	-0.414082023879358
11960.4	-0.672459259080358
11962.1	-0.6080287245393579
11963.8	-0.616231992779358
11965.4	-0.3002807155393579
11967.1	-0.06147861806335791
11968.8	0.1129062454806421
11970.4	0.1376234489126421
11972.1	0.20111831836764202
11973.8	-0.014020578753357882
11975.4	-0.010659343736557914
11977.1	-0.23152838501135775
11978.8	-0.2352404842393578
11980.5	-0.20899201913935797
11982.1	-0.22409649796935777
11983.8	-0.5661986870583581
11985.5	-0.7331951329193581
11987.1	-1.017316301449358
11988.8	-0.8138492741843579
11990.5	-0.5516005177033579
11992.1	0.08175154166064189
11993.8	0.547530232950642
11995.5	1.009949424840642
11997.1	0.873316438473642
11998.8	0.6579412065606421
12000.5	0.2514616632806419
12002.1	0.04381681837064211
12003.8	-0.3869942410693578
12005.5	-0.4247393359893577
12007.1	-0.6152585932093577
12008.8	-0.5774693754873579
12010.5	-0.5731089186933576
12012.1	-0.5627435027683579
12013.8	-0.6148160912793579
12015.5	-0.43595241851935784
12017.1	-0.5338977764813576
12018.8	-0.3428778404383577
12020.5	-0.33187343508935774
12022.1	-0.30383772011935795
12023.8	-0.44123607290895783
12025.5	-0.5736375372803579
12027.2	-0.9660497876893579
12028.8	-1.028640598499358
12030.5	-1.1451249626673579
12032.2	-0.9055132129493578
12033.8	-0.7436796794593581
12035.5	-0.536542538444558
12037.2	-0.47197778084235775
12038.8	-0.19551883391935804
12040.5	-0.2983478885233578
12042.2	-0.08307921946475788
12043.8	-0.1271132943293579
12045.5	0.02064407768064217
12047.2	-0.1010181924693578
12048.8	-0.09182397976935791
12050.5	-0.22991760752735768
12052.2	-0.151851351927358
12053.8	-0.463317432875358
12055.5	-0.3013157720993578
12057.2	-0.407042655639358
12058.8	-0.35349431600935804
12060.5	-0.3166176580093576
12062.2	0.040175501094642255
12063.8	0.1441519546006422
12065.5	0.5992247229186423
12067.2	0.7077325460006421
12068.9	1.1171964778126422
12070.5	1.2853680355106418
12072.2	1.263320827422642
12073.9	0.877149641950642
12075.5	0.6493425383506419
12077.2	-0.0692776625873579
12078.9	-0.4398670887393579
12080.5	-0.7719265210293578
12082.2	-0.9180034441883578
12083.9	-0.9840933767723576
12085.5	-0.8630235751213579
12087.2	-0.8492899208893577
12088.9	-0.5762479493463579
12090.5	-0.523469019659358
12092.2	-0.4742359454893579
12093.9	-0.6321840420633578
12095.5	-0.8428743667593579
12097.2	-1.0595466710893577
12098.9	-0.9451640928293579
12100.5	-0.8061224944493579
12102.2	-0.415781681599358
12103.9	-0.2789399849693581
12105.5	-0.19368468062935787
12107.2	-0.43089890991435786
12108.9	-0.4584814208673577
12110.5	-0.5754094566393577
12112.2	-0.4321672508683577
12113.9	-0.5100997973193578
12115.6	-0.2998408610993578
12117.2	-0.2955591475543578
12118.9	0.00666289179864199
12120.6	-0.005903347569358022
12122.2	0.21484182634064203
12123.9	0.13894684331064205
12125.6	0.036126781810642106
12127.2	-0.3629595486763579
12128.9	-0.3605123113993578
12130.6	-0.4918742346793578
12132.2	-0.1415320222383578
12133.9	-0.1263521168793579
12135.6	0.17116399843864222
12137.2	-0.06746318909935779
12138.9	-0.20454158424135788
12140.6	-0.6911589359193577
12142.2	-0.6718318310793578
12143.9	-0.7437946693893578
12145.6	-0.3210674342693579
12147.2	-0.058910504179357795
12148.9	0.361446369330642
12150.6	0.23705494083064216
12152.2	0.3125549035506422
12153.9	0.0586375331526421
12155.6	0.2842150730406419
12157.2	0.3592848942906419
12158.9	0.5250324698126418
12160.6	0.462124186790642
12162.3	0.418119955160642
12163.9	0.06077668829864208
12165.6	0.13416289653064212
12167.3	0.1749469189516421
12168.9	0.3203338423846421
12170.6	0.25472538384264215
12172.3	0.3267217133266421
12173.9	0.07873969393064201
12175.6	0.07705333947064219
12177.3	-0.1539795780093578
12178.9	-0.3668828464993577
12180.6	-0.6515655932793578
12182.3	-0.6245463212613579
12183.9	-0.9077420630213577
12185.6	-0.6369563406293578
12187.3	-0.6566278557983579
12188.9	-0.5937857875593578
12190.6	-0.6951950936593578
12192.3	-0.8712501232093578
12193.9	-1.0698631685893578
12195.6	-0.7190027254183579
12197.3	-0.7659618983173578
12198.9	-0.44048448731935774
12200.6	-0.5002047245093579
12202.3	-0.059120442209357804
12203.9	0.21354539985064197
12205.6	0.40522727785564194
12207.3	0.3191141602203423
12209.0	0.3048144523206422
12210.6	-0.16274849254935791
12212.3	-0.1381064505823579
12214.0	-0.39052267943935787
12215.6	-0.2391118451943578
12217.3	-0.270710456459358
12219.0	-0.46268367540935806
12220.6	-0.7582640160703581
12222.3	-0.5775313986193579
12224.0	-0.7175665054293578
12225.6	-0.36640477256935783
12227.3	-0.15388624294205816
12229.0	0.2209508628336421
12230.6	0.2793956586646422
12232.3	0.4265998822866422
12234.0	0.2757759100063421
12235.6	0.20455875248464217
12237.3	-0.09382652425135796
12239.0	-0.020463990639357776
12240.6	-0.11597382780935778
12242.3	0.2385956295906423
12244.0	0.30788427386064204
12245.6	0.669299346152642
12247.3	0.7405193540306418
12249.0	0.8558768891320223
12250.7	0.6938418037106422
12252.3	0.7437430684406425
12254.0	0.5604384671106423
12255.7	0.5239711727456422
12257.3	0.36283177560664215
12259.0	0.549139928655642
12260.7	0.48641752935164195
12262.3	0.580525090830642
12264.0	0.439728052974642
12265.7	0.5196139372206419
12267.3	0.3083702543607419
12269.0	0.101609496210642
12270.7	-0.47507274609535793
12272.3	-0.8527570666303579
12274.0	-0.9824568069393578
12275.7	-0.5872805535793578
12277.3	-0.12435408788935796
12279.0	0.5159352860206421
12280.7	0.8505510432876419
12282.3	0.8507660557606418
12284.0	0.4266352651206419
12285.7	0.16893780767864208
12287.3	0.1045757675466421
12289.0	0.394325768480642
12290.7	0.476783177993642
12292.3	0.552890054560642
12294.0	0.5462208257206418
12295.7	0.5478162676506423
12297.4	0.37250840985664213
12299.0	0.27742039704264215
12300.7	0.006261055070642105
12302.4	-0.07039608376345768
12304.0	-0.34256920360935783
12305.7	-0.25517990356435777
12307.4	-0.003091612559357894
12309.0	0.5618053572906421
12310.7	0.9272824408306423
12312.4	1.114247393750642
12314.0	0.9423745036586423
12315.7	0.8771161406606418
12317.4	0.42568780178064203
12319.0	0.08602958840064201
12320.7	-0.3050523337593579
12322.4	-0.38782841060935774
12324.0	-0.3690741673393578
12325.7	-0.14354637633935785
12327.4	-0.06417581835235797
12329.0	0.375783282430642
12330.7	0.4970980689506421
12332.4	0.5589710770106421
12334.0	0.48822702247884203
12335.7	0.590840415075642
12337.4	0.3845048408696421
12339.0	0.3982892091756421
12340.7	0.1175751431816423
12342.4	-0.1389596574573577
12344.1	-0.4468300208523579
12345.7	-0.493575442082358
12347.4	-0.46890402613135784
12349.1	0.14613033679064197
12350.7	0.4979094498806421
12352.4	1.1456681454206419
12354.1	1.3211574025806423
12355.7	1.167737680990642
12357.4	0.569946741170642
12359.1	0.233205830550642
12360.7	-0.07445010247935782
12362.4	0.11420495674064221
12364.1	0.3348594485906421
12365.7	0.7727059908096421
12367.4	0.938864345488642
12369.1	0.930055585130642
12370.7	0.541355876522642
12372.4	0.040532469490642126
12374.1	-0.6011651398293579
12375.7	-0.9723886846293578
12377.4	-1.1499960546693582
12379.1	-0.8155262276993579
12380.7	-0.2655885184793579
12382.4	0.323717618980642
12384.1	0.6626991523406423
12385.7	0.6365658833206422
12387.4	0.298141572813642
12389.1	0.25699497117504205
12390.8	0.04859205204064193
12392.4	0.150375676690642
12394.1	0.10756631221064195
12395.8	0.07119191914064216
12397.4	-0.356779658399358
12399.1	-0.5141202753393579
12400.8	-0.5917394630593578
12402.4	-0.1322004741803578
12404.1	0.057682106498642166
12405.8	0.549852130110642
12407.4	0.5153848465006421
12409.1	0.5932897000606421
12410.8	0.057617891760642165
12412.4	-0.1778539265593582
12414.1	-0.5299805732093581
12415.8	-0.6183071462593577
12417.4	-0.8567466078883578
12419.1	-0.639501902022358
12420.8	-0.5801387411993579
12422.4	-0.5960209158323578
12424.1	-0.9221291293353576
12425.8	-1.1567643484645578
12427.4	-1.4325087971093577
12429.1	-1.3529959101093576
12430.8	-1.2393063019125576
12432.5	-0.8956285678493577
12434.1	-0.5321291447493578
12435.8	-0.347946010370658
12437.5	-0.2282855236293579
12439.1	-0.08825649757225781
12440.8	0.05876126357764236
12442.5	0.46828790603064235
12444.1	0.6618043621666421
12445.8	0.716048870510642
12447.5	0.6475351749506422
12449.1	0.566684724310642
12450.8	0.4054362724906421
12452.5	0.425201442690642
12454.1	0.45021034798664195
12455.8	0.5925466600106419
12457.5	0.592790284650642
12459.1	0.5303919071906421
12460.8	0.5192030494106421
12462.5	0.7055023238146422
12464.1	0.660867615470642
12465.8	0.6771737507126421
12467.5	0.472177658301642
12469.1	0.45469342682064207
12470.8	0.405748818908642
12472.5	0.676586913230642
12474.1	0.8970123155206421
12475.8	1.013287676998642
12477.5	1.0026100422446418
12479.2	0.9364797717666419
12480.8	0.637045677940642
12482.5	0.865706509186642
12484.2	0.6720423898506421
12485.8	0.8240166909006421
12487.5	0.7822474412486422
12489.2	0.7146820589306422
12490.8	0.591046251567542
12492.5	0.8215105992496421
12494.2	0.5857520035206423
12495.8	0.7310395968922422
12497.5	0.3997654223646421
12499.2	0.3396934023106421
12500.8	0.21954746254064203
12502.5	0.429152932931642
12504.2	0.43947269379064224
12505.8	0.630060291746042
12507.5	0.44235271900464196
12509.2	0.2292917501506421
12510.8	-0.1854236134533579
12512.5	-0.11692846467935808
12514.2	-0.1261956485493578
12515.8	0.1981379588006421
12517.5	0.3017710173306421
12519.2	0.4729969924406421
12520.8	0.47801226669064195
12522.5	0.46675804291064205
12524.2	0.259081417238642
12525.9	0.4367980748796419
12527.5	0.4414087405706419
12529.2	0.850058980910642
12530.9	1.052137242890642
12532.5	1.1949367044806423
12534.2	0.9511078223916422
12535.9	0.5001693374006421
12537.5	-0.250693127381358
12539.2	-0.5665372640193578
12540.9	-0.8312405613513582
12542.5	-0.780601418649358
12544.2	-0.662797664523358
12545.9	-0.643984266479358
12547.5	-0.7917422090363577
12549.2	-0.6657752359993581
12550.9	-0.691658448319358
12552.5	-0.45848724120935785
12554.2	-0.386470330659358
12555.9	-0.297180289729358
12557.5	-0.3696364424193579
12559.2	-0.237891948679358
12560.9	-0.09934857526935806
12562.5	0.40526033673064205
12564.2	0.7917636955706422
12565.9	1.0893622464006418
12567.5	0.8122677653526421
12569.2	0.793527159306642
12570.9	0.5359196913047721
12572.6	0.49170091432264196
12574.2	0.30936169983564216
12575.9	0.1601150950706421
12577.6	-0.12964581193625796
12579.2	-0.3221849930893579
12580.9	-0.6817357761193579
12582.6	-0.7525766415453579
12584.2	-0.8443851306593579
12585.9	-0.7677970065393578
12587.6	-0.8705318673503578
12589.2	-0.931882099369358
12590.9	-0.9707415679893583
12592.6	-0.926968092689358
12594.2	-0.6942476319893578
12595.9	-0.3207177724493579
12597.6	0.0054050668726421044
12599.2	0.39744254078664204
12600.9	0.42487112155064216
12602.6	0.23353235282564194
12604.2	0.012200243100641911
12605.9	0.06757039255364189
12607.6	0.11840964910164209
12609.2	0.39265564338064196
12610.9	0.4810593662018421
12612.6	0.5773245748086421
12614.3	0.3848929081606419
12615.9	0.31365260674017226
12617.6	-0.016557333377357875
12619.3	0.12579992986064206
12620.9	0.156518847890642
12622.6	0.718487755660642
12624.3	1.199251935050642
12625.9	1.5861073120486422
12627.6	1.228044027543642
12629.3	0.8982806522906422
12630.9	0.174003718178642
12632.6	-0.034811683353357714
12634.3	-0.09024183864735791
12635.9	0.155414266430642
12637.6	0.34278257431064213
12639.3	0.36329133910464206
12640.9	-0.08201533423935789
12642.6	-0.16538007375935787
12644.3	-0.43076872706835784
12645.9	-0.36087866213935793
12647.6	-0.30537770565635797
12649.3	-0.12642656405935793
12650.9	0.0717656130106421
12652.6	0.3520665358606421
12654.3	0.45237243731064186
12655.9	0.8406428132016421
12657.6	0.8812197284066419
12659.3	0.824522000560642
12661.0	0.43208061661064207
12662.6	0.126440503270642
12664.3	-0.3013582014593579
12666.0	-0.5178476751201979
12667.6	-0.7414817958293579
12669.3	-0.5624228651693577
12671.0	-0.31628932069935783
12672.6	0.011884273440642301
12674.3	0.3192647252466419
12676.0	0.7293160967006419
12677.6	0.9104366266746421
12679.3	1.1143405664806418
12681.0	0.875245184131642
12682.6	0.782012220349642
12684.3	0.707653132900642
12686.0	0.6999726275106422
12687.6	0.6207282317006422
12689.3	0.6204810236406421
12691.0	0.5180390346566419
12692.6	0.34778539530664215
12694.3	-0.06889802404935796
12696.0	-0.4684643173893578
12697.6	-0.8095857404493579
12699.3	-0.8790833436493579
12701.0	-0.822560557549358
12702.6	-0.4482558909973581
12704.3	0.002159103437641696
12706.0	0.45320374182064205
12707.7	0.6728938853138422
12709.3	0.718325704880642
12711.0	0.507613917120642
12712.7	0.5203512296406421
12714.3	0.20097253681264213
12716.0	0.23776826547064212
12717.7	0.014889227440642111
12719.3	-0.05296514009935789
12721.0	-0.296567533039358
12722.7	-0.562231802569358
12724.3	-1.014298656847358
12726.0	-0.8355884092996577
12727.7	-1.049221390249358
12729.3	-0.7452068428693579
12731.0	-0.627847193045358
12732.7	-0.4623798019393579
12734.3	-0.4795430465193577
12736.0	-0.49032355131935756
12737.7	-0.6360229454203579
12739.3	-0.2822184567593578
12741.0	-0.053494982929358004
12742.7	0.49449509592464214
12744.3	0.8170527628326423
12746.0	1.022465927591642
12747.7	0.899558430830642
12749.3	0.8441850462910421
12751.0	0.5738229198056422
12752.7	0.673193714280642
12754.4	0.756201366880642
12756.0	0.876121959660642
12757.7	0.9250989366106419
12759.4	0.8457185681886421
12761.0	0.39472586371064194
12762.7	0.11261554163064208
12764.4	-0.363514577431358
12766.0	-0.3657645615853579
12767.7	-0.3795643250013578
12769.4	-0.32630996842535787
12771.0	-0.21816931769935788
12772.7	-0.08951745446935783
12774.4	-0.17711468425935795
12776.0	-0.053177935169357815
12777.7	0.037033676910641966
12779.4	0.2833245530606421
12781.0	0.355096343616642
12782.7	0.247826500800642
12784.4	-0.06191050594935789
12786.0	-0.2559913616593579
12787.7	-0.6371165813423579
12789.4	-0.8097093466833579
12791.0	-0.9652451352893581
12792.7	-0.841871906613358
12794.4	-0.6716796257593577
12796.1	-0.23590240224435782
12797.7	-0.0442722819093577
12799.4	0.277301702970642
12801.1	0.23404324803064203
12802.7	0.1941455775006422
12804.4	-0.0716935612473579
12806.1	-0.1331463133993579
12807.7	-0.099071230099358
12809.4	0.0610127352706423
12811.1	-0.1285980463673578
12812.7	-0.07918873880335787
12814.4	-0.2938698723593579
12816.1	-0.4808626605093578
12817.7	-0.6132795802693577
12819.4	-0.5934224024243578
12821.1	-0.6481316133053582
12822.7	-0.3025014603103578
12824.4	-0.30015673683935773
12826.1	-0.1803558906373579
12827.7	-0.13420416074935781
12829.4	-0.03971237306935784
12831.1	-0.08134100042935781
12832.7	0.3098175513126422
12834.4	0.34338893086064215
12836.1	0.7413952909529422
12837.7	0.7825973683216423
12839.4	0.6468638783206422
12841.1	0.36279339506064234
12842.8	0.17262486973064228
12844.4	-0.266399520809358
12846.1	-0.35721813499935795
12847.8	-0.4970051451093577
12849.4	-0.24787749132935777
12851.1	-0.029176971259357892
12852.8	0.193866766190642
12854.4	0.0782128805606419
12856.1	0.0371506717406421
12857.8	-0.34290408497935787
12859.4	-0.5682451332293579
12861.1	-0.8336721988493577
12862.8	-0.812448223545358
12864.4	-0.7897057979493579
12866.1	-0.38722189142935787
12867.8	-0.350612648269358
12869.4	-0.2917398464093581
12871.1	-0.342213824841358
12872.8	-0.31336017268935795
12874.4	-0.3777251097558578
12876.1	-0.035086075579357945
12877.8	-0.017108579733357943
12879.4	0.5471570601406419
12881.1	0.7697495974806422
12882.8	0.9786434274306424
12884.4	1.104740288420642
12886.1	1.297844175100642
12887.8	1.032043817090642
12889.5	0.8682555437306418
12891.1	0.2512401590406422
12892.8	0.076571058296642
12894.5	-0.1297724868623579
12896.1	0.09722869495064199
12897.8	0.08104696255064203
12899.5	0.297811446179642
12901.1	0.20072345558924204
12902.8	-0.009100254946358188
12904.5	-0.5476147574673579
12906.1	-0.8920511491313579
12907.8	-1.2228877692393578
12909.5	-1.0872700801593582
12911.1	-0.8227880904043579
12912.8	-0.2974169888893579
12914.5	0.0581387567396421
12916.1	0.45166991111064214
12917.8	0.23812962720064207
12919.5	0.020845583946641905
12921.1	-0.09673569370935808
12922.8	-0.08246663064935783
12924.5	0.04299699133464213
12926.1	0.42579533867464225
12927.8	0.5494191415306421
12929.5	0.8694685336576421
12931.1	0.767366354019642
12932.8	0.598407604100642
12934.5	0.1820017055006421
12936.2	0.006298017110641929
12937.8	-0.31232141808935776
12939.5	-0.4037072853193577
12941.2	-0.6444725932793577
12942.8	-0.47868680801935776
12944.5	-0.32378401149935787
12946.2	0.16996754076064183
12947.8	0.49772984420664174
12949.5	1.091709965733642
12951.2	1.3224500377106416
12952.8	1.255276073170642
12954.5	0.8210657664906421
12956.2	0.514851830123642
12957.8	0.2303387072806422
12959.5	0.28878963827064197
12961.2	0.2873181018546419
12962.8	0.5830463340406421
12964.5	0.6784909173306418
12966.2	0.597375008238642
12967.8	0.464595580706642
12969.5	0.4110404593706419
12971.2	0.1745000455406422
12972.8	0.1535320724806421
12974.5	-0.0665472309493581
12976.2	0.02657895887064199
12977.9	-0.17102737406935797
12979.5	-0.11829604503435792
12981.2	-0.320734877405358
12982.9	-0.2990024195491579
12984.5	-0.31424607339135796
12986.2	-0.01049333768935784
12987.9	-0.0003403367493580167
12989.5	0.24911240515064212
12991.2	-0.01961296333935786
12992.9	-0.0839547107803578
12994.5	-0.593073534949358
12996.2	-0.9115140560033578
12997.9	-1.226235670809358
12999.5	-0.9649326038083579
13001.2	-0.8044315841193579
13002.9	-0.2869549661593578
13004.5	0.1684331845506421
13006.2	0.799480010486642
13007.9	0.9396235396106423
13009.5	0.9864882850406421
13011.2	0.543100382881642
13012.9	0.27478267085124236
13014.5	-0.20813017814035797
13016.2	-0.2752267759893577
13017.9	-0.3958472254593578
13019.5	-0.13636842117835782
13021.2	-0.078337002600558
13022.9	0.0680744374946422
13024.6	-0.0025957019993577968
13026.2	0.10685366852664199
13027.9	-0.18596870687935804
13029.6	-0.11579193857935813
13031.2	-0.16644619309935785
13032.9	0.08189490238064226
13034.6	0.0633540682506421
13036.2	0.17393259925064208
13037.9	0.1573567905646421
13039.6	0.3643174175906419
13041.2	0.1886624049006422
13042.9	0.528148157710642
13044.6	0.7809260888856419
13046.2	1.291290110980642
13047.9	1.459720198674642
13049.6	1.549827566980642
13051.2	1.336360505084642
13052.9	1.333471493230642
13054.6	0.850821751770642
13056.2	0.629831226495642
13057.9	0.1332339942726422
13059.6	-0.059191019709358
13061.2	-0.36740564536735776
13062.9	-0.22104340069935768
13064.6	-0.2034933929773579
13066.2	-0.040513455377357704
13067.9	-0.1176477534243578
13069.6	-0.0798735937793578
13071.3	-0.35466398829935775
13072.9	-0.08129143869035789
13074.6	-0.13886373018235781
13076.3	0.05292760669064189
13077.9	-0.0969196699313581
13079.6	-0.1700422309963581
13081.3	-0.2640026867383579
13082.9	-0.1770553525793576
13084.6	-0.076538471581358
13086.3	0.16532672199664208
13087.9	0.07563598652104211
13089.6	0.08946349427664213
13091.3	-0.04031947980135789
13092.9	0.07151881927064192
13094.6	0.104875909270642
13096.3	0.2310386084206421
13097.9	0.287934004260642
13099.6	0.451234038150642
13101.3	0.3753719037306419
13102.9	0.552392754915642
13104.6	0.5458589637476421
13106.3	0.6837322758406421
13107.9	0.318741311422642
13109.6	-0.023289221860357794
13111.3	-0.5431400341613577
13112.9	-0.7227255355993578
13114.6	-0.8482791902393578
13116.3	-0.4300957130863579
13118.0	-0.08903615853935778
13119.6	0.3292097964206422
13121.3	0.290284517058642
13123.0	0.2397878055706421
13124.6	-0.07933359287935793
13126.3	-0.26758719723935803
13128.0	-0.6116085511193579
13129.6	-0.6467277348093576
13131.3	-0.7311472937593577
13133.0	-0.5028311400993579
13134.6	-0.5904187208493579
13136.3	-0.6513080282193581
13138.0	-0.9820261842353578
13139.6	-1.0403711536393578
13141.3	-1.0210773550575576
13143.0	-0.7158220830693576
13144.6	-0.48297665521935795
13146.3	-0.22054110028935803
13148.0	-0.48839129698535777
13149.6	-0.5489725081153577
13151.3	-0.7086248089433579
13153.0	-0.44345548579935784
13154.6	-0.07733174820935801
13156.3	0.17133821522064202
13158.0	-0.12607259875135782
13159.7	-0.42854900142335806
13161.3	-1.1160091901993583
13163.0	-1.2790404053793578
13164.7	-1.385976232829358
13166.3	-1.0909111321293576
13168.0	-0.9328285323893576
13169.7	-0.7351676846333578
13171.3	-0.7562510693793582
13173.0	-0.6582870515193578
13174.7	-0.541689372259358
13176.3	-0.09224526174935781
13178.0	-0.009157648505358024
13179.7	0.2435115077106421
13181.3	0.2511584795946421
13183.0	0.087036081730642
13184.7	-0.2333091612593578
13186.3	-0.46009020562935776
13188.0	-0.8262767366423578
13189.7	-0.7500070138493581
13191.3	-0.6386725562493579
13193.0	-0.24632260834735792
13194.7	0.010085773150642085
13196.3	0.2508435762776422
13198.0	0.1010685082526421
13199.7	-0.12058015064135777
13201.3	-0.24092706404935788
13203.0	-0.21277420180735823
13204.7	-0.16889092080975782
13206.4	0.1539976654166422
13208.0	-0.006733423696357987
13209.7	-0.1431534452943579
13211.4	-0.3916090547593578
13213.0	-0.7484462962893578
13214.7	-0.8375302614493577
13216.4	-0.5000223142243579
13218.0	-0.30557669042935787
13219.7	0.1534446665296419
13221.4	0.3389034678906422
13223.0	0.643473709510642
13224.7	0.671488868440642
13226.4	0.6661345065086419
13228.0	0.579684175930642
13229.7	0.8372191826706421
13231.4	0.9783292266006418
13233.0	1.191358348652642
13234.7	1.1445831569206422
13236.4	1.1903254965226422
13238.0	0.7560798169446421
13239.7	0.3173781304706421
13241.4	-0.0903692050673579
13243.0	-0.25902195284435797
13244.7	-0.38263831385935765
13246.4	-0.23726777017935805
13248.0	-0.0547336399993579
13249.7	0.46503785019064203
13251.4	0.766497963190642
13253.1	0.9738210724586422
13254.7	0.9608431286416425
13256.4	0.8451553288206421
13258.1	0.7812414991206419
13259.7	0.842878808842642
13261.4	0.857479736242642
13263.1	1.042327935820642
13264.7	0.943905456800642
13266.4	1.022807932590642
13268.1	1.0603371329206421
13269.7	1.1288895727949424
13271.4	1.439849115200642
13273.1	1.504091398570642
13274.7	1.2291167502686422
13276.4	0.8914446827586421
13278.1	0.21112682096064195
13279.7	-0.22383609686935774
13281.4	-0.6923124393003579
13283.1	-0.9062855289393579
13284.7	-0.906805252971358
13286.4	-0.7490603073793578
13288.1	-0.5977789219963578
13289.7	-0.31406644435935793
13291.4	-0.11242245026935782
13293.1	0.14132984885664207
13294.7	0.08040572788164202
13296.4	0.0035628689306420602
13298.1	-0.24678240821935787
13299.8	-0.31021488874935776
13301.4	-0.2886038840393576
13303.1	0.0588162452170122
13304.8	0.47851273026164215
13306.4	0.9780622861506423
13308.1	1.284669646840642
13309.8	1.4279826412586423
13311.4	1.148690152291642
13313.1	0.6464839293196418
13314.8	-0.000754054206357907
13316.4	-0.3080195464893579
13318.1	-0.5616589887393576
13319.8	-0.47121805187215793
13321.4	-0.443409412999358
13323.1	-0.431459849975358
13324.8	-0.527244026475358
13326.4	-0.43002331042935776
13328.1	-0.4239503821893581
13329.8	-0.057634454119357886
13331.4	0.127237832940642
13333.1	0.346310975554642
13334.8	0.44677085607064226
13336.4	0.5224769279406419
13338.1	0.547139895138642
13339.8	0.841712238124642
13341.5	0.7521182826706422
13343.1	0.6162592342706422
13344.8	0.1966011678406421
13346.5	0.007332147896642077
13348.1	-0.22808798766035815
13349.8	-0.13746115899935782
13351.5	0.06465868709064199
13353.1	0.585556808080642
13354.8	0.997668942750642
13356.5	1.5084136824106422
13358.1	1.5017505391006423
13359.8	1.429861948237642
13361.5	0.8910923441046423
13363.1	0.44379444806854207
13364.8	-0.02253236949235795
13366.5	0.07154751717064217
13368.1	0.19794199766844212
13369.8	0.6426154600506422
13371.5	0.689933245640642
13373.1	0.6357522157506419
13374.8	0.3827300465206424
13376.5	0.42611864803364213
13378.1	0.3864660003306423
13379.8	0.7539061941956424
13381.5	0.9400388592706419
13383.1	1.1678861925006419
13384.8	1.097216624210642
13386.5	0.9500027043406422
13388.2	0.6432416600706419
13389.8	0.36778140569064177
13391.5	-0.06202085881935808
13393.2	-0.20345422735735783
13394.8	-0.34434738971535783
13396.5	-0.325169073297358
13398.2	-0.330652669939358
13399.8	-0.22619500276935797
13401.5	-0.2045448209393581
13403.2	-0.013808844269357884
13404.8	0.1232244308306421
13406.5	0.4185409647706419
13408.2	0.461404430673642
13409.8	0.4739900651406421
13411.5	0.11109517086064191
13413.2	-0.09550493350935799
13414.8	-0.6292148408083577
13416.5	-0.8480291498513578
13418.2	-1.159002521079358
13419.8	-0.979713047129358
13421.5	-0.9814783211593578
13423.2	-0.5104736649493579
13424.8	-0.3369021804953578
13426.5	0.15448949009064206
13428.2	0.31085451254664215
13429.8	0.4890886074106422
13431.5	0.44277548151364243
13433.2	0.7423834807906422
13434.9	0.4736829971306421
13436.5	0.39320246777964196
13438.2	-0.0265926626483578
13439.9	-0.2959636715369579
13441.5	-0.6712707867593581
13443.2	-0.8171151311893581
13444.9	-0.8462576848793584
13446.5	-0.5329028550463577
13448.2	-0.4465015807093581
13449.9	-0.2978480223893579
13451.5	-0.3224959591693579
13453.2	-0.2154645664693579
13454.9	-0.46511909621935776
13456.5	-0.221137799869358
13458.2	-0.0337834438393578
13459.9	0.2818880752306421
13461.5	0.3383969642076421
13463.2	0.306265814075642
13464.9	0.07258691361064204
13466.5	-0.0027728475073578868
13468.2	-0.5295553560393581
13469.9	-0.4970507994203579
13471.5	-0.7164010477793579
13473.2	-0.774697744954958
13474.9	-0.874934855295358
13476.5	-0.7786400438423577
13478.2	-0.4936517998033576
13479.9	0.058796634160642194
13481.6	0.18812847481864198
13483.2	0.45379820919064195
13484.9	0.18941117429064208
13486.6	0.077489038593642
13488.2	-0.2264419095803578
13489.9	-0.31010821429435786
13491.6	-0.32420544856935796
13493.2	-0.1424493212773583
13494.9	-0.2109977351593578
13496.6	0.03336232483064189
13498.2	-0.04517685921935799
13499.9	0.21142817311964196
13501.6	0.40621427254064213
13503.2	0.731098706130642
13504.9	0.7688472410706422
13506.6	0.7478398768706421
13508.2	0.1337784906406421
13509.9	-0.279032061119358
13511.6	-0.9253854996393579
13513.2	-1.0584669915693579
13514.9	-0.9965438944193581
13516.6	-0.7074236434473581
13518.2	-0.710906185039358
13519.9	-0.746037406518358
13521.6	-1.210836225486358
13523.3	-1.378938256029358
13524.9	-1.6030724739093583
13526.6	-1.236962879859358
13528.3	-0.8002227768783581
13529.9	-0.2564417464293578
13531.6	0.0527503547506421
13533.3	0.17918208751064224
13534.9	0.08125815911704215
13536.6	0.19129061441064232
13538.3	0.28947546795064216
13539.9	0.7367514298346423
13541.6	1.189939135827642
13543.3	1.882287800450642
13544.9	2.209801739874642
13546.6	2.5999767296466416
13548.3	2.397995066529242
13549.9	1.9774103367206426
13551.6	1.3382080981237419
13553.3	0.8115141809506422
13554.9	0.00247927592064201
13556.6	-0.07431933771635779
13558.3	-0.2616354791133579
13559.9	-0.0634398213993578
13561.6	0.050777716950641996
13563.3	0.13007129361064207
13564.9	-0.08886104319935789
13566.6	-0.013636562289358
13568.3	-0.40876449188935776
13570.0	-0.32729541190935796
13571.6	-0.24907071817935783
13573.3	-0.0019199542313578788
13575.0	-0.18542207583635795
13576.6	-0.080241617299358
13578.3	-0.33561996756935797
13580.0	-0.12716727976235814
13581.6	-0.17035336676435803
13583.3	0.17541712175064217
13585.0	0.11158918524064207
13586.6	0.2625881369306421
13588.3	0.11231060458064206
13590.0	0.43845900894064216
13591.6	0.419273936263942
13593.3	0.5946278919206421
13595.0	0.30942500059064215
13596.6	0.2515866796616422
13598.3	-0.15296199298335802
13600.0	-0.4656535079193578
13601.6	-0.979949594419358
13603.3	-0.843406919319358
13605.0	-0.873009459499358
13606.6	-0.30572806427935784
13608.3	-0.12401702457535768
13610.0	0.31401370996064215
13611.6	0.18479044461064198
13613.3	-0.06919035351935793
13615.0	-0.5235596625993579
13616.7	-0.573095999493358
13618.3	-0.7155466086593579
13620.0	-0.2816466040533582
13621.7	0.005749512674642077
13623.3	0.448714638322642
13625.0	0.5753772387706422
13626.7	0.5751327262006423
13628.3	0.44796816215064206
13630.0	0.36395181869074217
13631.7	0.024289824042642183
13633.3	-0.16711842287855788
13635.0	-0.397383321401358
13636.7	-0.7199884130193579
13638.3	-1.112187906962358
13640.0	-1.0945843510893578
13641.7	-0.9105600239193579
13643.3	-0.3443637899793578
13645.0	-0.24586138181935788
13646.7	-0.0973112183503578
13648.3	-0.2732706501799678
13650.0	-0.3662235703193577
13651.7	-0.6560962796813379
13653.3	-0.594707206620358
13655.0	-0.5583752598293579
13656.7	-0.08638637072935787
13658.3	-0.10945941782335777
13660.0	0.09143316405064209
13661.7	-0.15436372112935787
13663.4	-0.2686507580683578
13665.0	-0.5047400449593575
13666.7	-0.3574716031293578
13668.4	-0.07465862352935791
13670.0	0.6475375733306419
13671.7	0.8057258326052419
13673.4	1.0679696597036419
13675.0	0.7753983255706423
13676.7	0.5459804430406421
13678.4	0.3039429050706421
13680.0	0.309183673475642
13681.7	0.195237316797642
13683.4	0.37515477905564204
13685.0	-0.02223304224935789
13686.7	-0.11074957000935787
13688.4	-0.4016385392593578
13690.0	-0.476450405859358
13691.7	-0.6015440277093578
13693.4	-0.48559118772935783
13695.0	-0.5193165525393578
13696.7	-0.1467359433793579
13698.4	0.012480539865642213
13700.0	0.167595586530642
13701.7	0.06773691484064209
13703.4	-0.23713398115935802
13705.0	-0.9781202386593577
13706.7	-1.3021649947343574
13708.4	-1.579092093815358
13710.1	-1.329264710689358
13711.7	-1.2319918494093578
13713.4	-1.1551134073833578
13715.1	-1.0055005612697578
13716.7	-0.6992796070443575
13718.4	-0.47365705472135783
13720.1	0.0634270668806419
13721.7	0.188095080170642
13723.4	0.3900663454566421
13725.1	0.1245163726966422
13726.7	-0.28710636109935783
13728.4	-0.5614055096733579
13730.1	-0.7901685308593575
13731.7	-1.2309596056793577
13733.4	-1.3621918394493577
13735.1	-1.6220022123693578
13736.7	-1.3537886701295578
13738.4	-0.8476018832993578
13740.1	-0.48646217777935796
13741.7	-0.11441924152935809
13743.4	0.1772662107106419
13745.1	0.08233854814264202
13746.7	0.20894352076064204
13748.4	0.06397828166064204
13750.1	0.16747354256064206
13751.8	0.2971441678906419
13753.4	0.4670123280806419
13755.1	0.6299039359206421
13756.8	0.8360327277206421
13758.4	0.7650096633706418
13760.1	0.43768149912864207
13761.8	-0.30000091808135787
13763.4	-0.7800598995783579
13765.1	-1.175055770706358
13766.8	-0.8883476768093578
13768.4	-0.29108055664821814
13770.1	0.44454806159064186
13771.8	0.7306960926406421
13773.4	0.777260191427642
13775.1	0.409244734686642
13776.8	0.1501135496406422
13778.4	-0.05723182659935788
13780.1	0.0656766016906422
13781.8	0.1446438187606421
13783.4	0.5129772596906426
13785.1	0.6332706545166422
13786.8	0.963943474040642
13788.4	1.1796946796006422
13790.1	1.378189247370642
13791.8	1.279150227240642
13793.4	1.3702908992306422
13795.1	1.0383958380306422
13796.8	0.934258254310642
13798.5	0.8910631430406422
13800.1	0.9054670749506419
13801.8	0.8838864400216422
13803.5	0.6762801544206422
13805.1	0.16664393097264188
13806.8	-0.3569063143013581
13808.5	-0.9860730686093582
13810.1	-1.329069431779358
13811.8	-1.2162106582773577
13813.5	-0.6118809402093579
13815.1	0.04065360327064213
13816.8	0.776346282840642
13818.5	1.1888315220206422
13820.1	1.2834676467626422
13821.8	1.208257932840642
13823.5	1.145873886080642
13825.1	0.8792607766506418
13826.8	0.9271019982746418
13828.5	0.3881713887206419
13830.1	-0.20626727969735814
13831.8	-0.893735434499358
13833.5	-1.4804570267293582
13835.1	-1.9595071084693576
13836.8	-1.669404356195358
13838.5	-1.2969605699193578
13840.1	-0.569259309704958
13841.8	-0.0910354062393579
13843.5	0.4868181540006421
13845.2	0.615735275480642
13846.8	0.9323338968506418
13848.5	0.657155460593642
13850.2	0.686881123300642
13851.8	0.31973622241064215
13853.5	0.4322225160506422
13855.2	0.00960047757064221
13856.8	0.0005476206506420944
13858.5	-0.485485037629358
13860.2	-0.5379368195393579
13861.8	-0.5681624299293581
13863.5	-0.285117531849358
13865.2	-0.22865687462935785
13866.8	0.21823664201064208
13868.5	0.284754389460642
13870.2	0.5312997495596419
13871.8	0.45773521738064193
13873.5	0.569550219360642
13875.2	0.7132863636506421
13876.8	0.8971905648106424
13878.5	0.8077169982306424
13880.2	0.9418945800706418
13881.8	0.864100294110642
13883.5	0.923299780710642
13885.2	0.9008554585906422
13886.8	0.861512328160642
13888.5	0.602914427554642
13890.2	0.4666164563806421
13891.9	-0.25367898540435785
13893.5	-0.7332637204393576
13895.2	-1.177735014779358
13896.9	-1.409598726969358
13898.5	-1.4245131548793581
13900.2	-1.295911593323358
13901.9	-1.3335732957393582
13903.5	-0.9984035608553579
13905.2	-0.8102545546393578
13906.9	-0.2416604140743579
13908.5	-0.06126634361035799
13910.2	0.1638893502806421
13911.9	-0.0868077082493578
13913.5	-0.2609236622993579
13915.2	-0.5198129241393578
13916.9	-0.49644981906935787
13918.5	-0.5093161250993579
13920.2	-0.2094559530293579
13921.9	-0.25765176069835793
13923.5	-0.2837899300993578
13925.2	-0.5579950468133578
13926.9	-0.3922633019193576
13928.5	-0.3011000617293577
13930.2	-0.06659647021165788
13931.9	0.1586420632106419
13933.6	0.31110910548064197
13935.2	0.262669691856642
13936.9	0.281800402280642
13938.6	0.04256696235364202
13940.2	0.1312728311706421
13941.9	0.13978969454064222
13943.6	0.3751246156506419
13945.2	0.28440325442064207
13946.9	0.38580670604064216
13948.6	0.2677334199206419
13950.2	0.2570544536006423
13951.9	0.2446139130806423
13953.6	0.304811596190642
13955.2	0.021501202610642145
13956.9	0.3022925668706421
13958.6	0.0984171383806421
13960.2	0.1388759452106421
13961.9	0.18866516669064223
13963.6	0.285426036970642
13965.2	0.21209948928064182
13966.9	0.40402178972064196
13968.6	0.30480909785064203
13970.2	0.2162051049206422
13971.9	-0.2881285965383582
13973.6	-0.5819804418493577
13975.2	-0.885407323665358
13976.9	-0.9287170001593577
13978.6	-0.811702641389358
13980.3	-0.3067673249493578
13981.9	0.22819612841064202
13983.6	0.5410403046906422
13985.3	0.290257257870642
13986.9	0.04979220638064222
13988.6	-0.2356424094293578
13990.3	-0.25701104160935795
13991.9	-0.2569248873493579
13993.6	0.13641733602764208
13995.3	0.17002934942064207
13996.9	0.19141071481064204
13998.6	-0.20712721356035785
14000.3	-0.612820987000358
14001.9	-1.065487250939358
14003.6	-0.735206240152558
14005.3	-0.6638072315593575
14006.9	-0.25480573300935777
14008.6	-0.0830027305793577
14010.3	0.1772725390206421
14011.9	-0.026057503839357732
14013.6	-0.19168729683935792
14015.3	-0.9265844352153578
14016.9	-0.949168961959358
14018.6	-1.0803968597593578
14020.3	-0.7841716609993578
14021.9	-0.2898421465073577
14023.6	0.3940658016006419
14025.3	0.659067998040642
14027.0	0.969223695800642
14028.6	0.685855667390642
14030.3	0.5022895308726419
14032.0	-0.053032095698358095
14033.6	-0.5173927263293578
14035.3	-0.8325389452093579
14037.0	-0.699174543272358
14038.6	-0.42863054387215793
14040.3	0.23425591721064193
14042.0	0.576069657680642
14043.6	0.7728563216955422
14045.3	0.5800579051606422
14047.0	0.2757354231636421
14048.6	-0.2642180835493579
14050.3	-0.3566085047293579
14052.0	-0.584277181393358
14053.6	-0.5045707367593579
14055.3	-0.6607611904993579
14057.0	-0.6877570338053577
14058.6	-0.7024871916993579
14060.3	-0.5369788607393577
14062.0	-0.49353500155235763
14063.6	-0.058771958439958
14065.3	-0.00934652842735792
14067.0	0.07299255660064209
14068.6	-0.44415118821935773
14070.3	-0.7658571573893578
14072.0	-0.8492119505493576
14073.7	-0.702602834150358
14075.3	-0.5245038720653581
14077.0	-0.2685984794393579
14078.7	-0.43871807576535776
14080.3	-0.6220173998273579
14082.0	-1.0377097787993579
14083.7	-0.9922481113163582
14085.3	-0.9028890541193579
14087.0	-0.617128352489358
14088.7	-0.162190262209358
14090.3	0.1580481619906422
14092.0	0.38405736516064204
14093.7	0.543974076370642
14095.3	0.4629754356946421
14097.0	0.4199798592706419
14098.7	0.287235099880642
14100.3	0.2853142951206421
14102.0	0.5346066539926418
14103.7	0.5923255212776422
14105.3	0.33543497918564236
14107.0	0.09779234557064218
14108.7	-0.21877877600935788
14110.3	-0.0819477023393577
14112.0	-0.0038487848843579003
14113.7	0.240066185340642
14115.4	0.1690445864406423
14117.0	-0.03553188889935791
14118.7	-0.265985708289358
14120.4	-0.0572937154393581
14122.0	0.06799159962064188
14123.7	0.5156502060186421
14125.4	0.2708044101406418
14127.0	-0.03574272858935802
14128.7	-0.517053227644358
14130.4	-0.752874408869358
14132.0	-0.7413879848053578
14133.7	-0.43707775116835806
14135.4	-0.21795766764835814
14137.0	0.04163291448064213
14138.7	0.09646439929064213
14140.4	0.284918872150642
14142.0	0.2451569574406421
14143.7	0.3523956455006421
14145.4	0.139362672540642
14147.0	0.02135275424064212
14148.7	-0.09125661868835788
14150.4	-0.06953498186515789
14152.0	0.14908951396464204
14153.7	0.5343474260206422
14155.4	0.780303417770642
14157.0	0.9634087890906418
14158.7	1.0091134313506422
14160.4	1.017661682023642
14162.1	0.8447842306506421
14163.7	0.6764365005506419
14165.4	0.5085728521606421
14167.1	0.3378834117606422
14168.7	0.368111310340642
14170.4	0.502103782780642
14172.1	0.670823117470642
14173.7	0.6456642748106419
14175.4	0.28363881255164203
14177.1	-0.13088855067935778
14178.7	-0.6276482714993579
14180.4	-0.8558793757053578
14182.1	-1.0414559407793578
14183.7	-0.8662785856893577
14185.4	-0.7414184612393578
14187.1	-0.4034736346093579
14188.7	-0.1500824810593579
14190.4	0.3436044547906421
14192.1	0.756440129432842
14193.7	1.053977273320642
14195.4	0.880573118808642
14197.1	0.5555261648836419
14198.7	-0.2105279273973579
14200.4	-0.35888296359135796
14202.1	-0.6719757655893579
14203.7	-0.5216971896613579
14205.4	-0.4256388179993579
14207.1	0.04843037521364221
14208.8	0.3044167054686423
14210.4	0.518373984930642
14212.1	0.28886418298764205
14213.8	0.40689187598864224
14215.4	0.27357397405064215
14217.1	0.4259785011706423
14218.8	0.15047699943064224
14220.4	0.134267959400642
14222.1	-0.21072653052835788
14223.8	-0.4354282533713578
14225.4	-0.869799568637358
14227.1	-0.8529999167003577
14228.8	-0.7773605272893578
14230.4	-0.4074228677593579
14232.1	-0.2554794564393578
14233.8	0.11337330122264179
14235.4	0.2833731318606421
14237.1	0.8542340447966423
14238.8	1.0767291634206422
14240.4	1.271336452930642
14242.1	1.1215329082385423
14243.8	1.0392520518831418
14245.4	0.7920701703006421
14247.1	0.718862052275642
14248.8	0.3729286762766421
14250.4	0.32542326608864214
14252.1	0.2030022896706421
14253.8	0.38591146445064195
14255.5	0.3874102944606418
14257.1	0.5088418013206419
14258.8	0.19739396875064188
14260.5	-0.006985853315357893
14262.1	-0.4701374182793578
14263.8	-0.6277550077683579
14265.5	-0.7967144455353578
14267.1	-0.6236777102553579
14268.8	-0.7115971024253578
14270.5	-0.7170723922293578
14272.1	-1.081580586409358
14273.8	-1.1766683487783576
14275.5	-1.3057215177073576
14277.1	-1.2174226886593578
14278.8	-1.0310057147204579
14280.5	-0.36545174201185804
14282.1	0.1205083519206419
14283.8	0.6203693674506423
14285.5	0.5810456640806423
14287.1	0.40079124207064215
14288.8	-0.15290015994905776
14290.5	-0.6873377512193577
14292.1	-1.1827139936593578
14293.8	-1.2055952561982577
14295.5	-1.2730687554893576
14297.2	-1.062092645229358
14298.8	-0.9434692994973578
14300.5	-0.9035123562313578
14302.2	-1.1149582702693575
14303.8	-1.250569864609358
14305.5	-1.3341283739093577
14307.2	-0.9458601049493577
14308.8	-0.6309177813373579
14310.5	-0.1919883043193581
14312.2	0.07941322886064209
14313.8	0.3783344490206421
14315.5	0.334524345490642
14317.2	0.3209938576306421
14318.8	0.09949928362064203
14320.5	0.44747259962064206
14322.2	0.515837958520642
14323.8	0.7058337168506422
14325.5	0.567226006923642
14327.2	0.41667287928064217
14328.8	-0.07671793019935813
14330.5	-0.5752603479293578
14332.2	-1.148135475189358
14333.8	-1.1073073536650497
14335.5	-0.8493272994293578
14337.2	-0.4089779906093579
14338.8	-0.20212624064535806
14340.5	0.08751217802064193
14342.2	-0.24094821036935782
14343.9	-0.5086569083693582
14345.5	-0.8270946681253581
14347.2	-0.6999750847063578
14348.9	-0.4698668237493578
14350.5	0.07094385059064201
14352.2	0.2836401322836421
14353.9	0.8342045563406421
14355.5	0.844213641520642
14357.2	1.325259090603642
14358.9	1.726659273456642
14360.5	2.193081634115642
14362.2	2.1018433268206422
14363.9	1.7719751465606421
14365.5	1.151122917550642
14367.2	0.6991094129346422
14368.9	-0.033348305429357905
14370.5	-0.23788204098325788
14372.2	-0.45075475118935776
14373.9	-0.30272207535735834
14375.5	-0.04770694377935797
14377.2	0.635426369342642
14378.9	1.350746524309642
14380.5	2.012438414250642
14382.2	2.240477482779242
14383.9	2.2409623623016417
14385.5	1.5520955477806422
14387.2	0.836075645640642
14388.9	0.4072986115906423
14390.6	0.24936784009864238
14392.2	0.2953539775106418
14393.9	0.2254875222306419
14395.6	0.04212087243064183
14397.2	-0.18519740097235793
14398.9	-0.5744668140693581
14400.6	-0.9016373152653578
14402.2	-0.7916599472093578
14403.9	-0.6287447270393581
14405.6	-0.4803829960093579
14407.2	-0.2123678591873578
14408.9	-0.2917678178173579
14410.6	-0.29311682765235775
14412.2	-0.4539151404153579
14413.9	-0.6095939242853581
14415.6	-0.7152291258045582
14417.2	-0.42532645497935817
14418.9	-0.472204140419358
14420.6	-0.25359216376935795
14422.2	-0.4243789032193578
14423.9	-0.5669353456693582
14425.6	-0.49834565073935794
14427.2	-0.2294090469713579
14428.9	-0.04838149796735802
14430.6	0.3758871206006421
14432.2	0.36893392142024206
14433.9	0.3647646814426421
14435.6	0.024865178138642197
14437.3	-0.07583025081735797
14438.9	-0.43018234396935806
14440.6	-0.49226798473935823
14442.3	-0.5601806357293578
14443.9	-0.24149079158935793
14445.6	0.08340370430064215
14447.3	0.224720979281942
14448.9	-0.1004174316293579
14450.6	-0.47069794985935764
14452.3	-1.0589413134593575
14453.9	-1.114522515029358
14455.6	-0.9419973134493578
14457.3	-0.440355198309358
14458.9	0.057515719967642015
14460.6	0.16616339384564222
14462.3	0.0722457763206422
14463.9	-0.037186915719357796
14465.6	-0.3440377667993576
14467.3	-0.16295842602935792
14468.9	0.2294419505286423
14470.6	0.5908091105176423
14472.3	0.7534137948306423
14473.9	0.7901844823006422
14475.6	0.35128856570064204
14477.3	0.008263527487641975
14479.0	-0.34215158357935793
14480.6	-0.39897426916675804
14482.3	-0.254644626419358
14484.0	0.11788197430064212
14485.6	0.4407520381806421
14487.3	0.768081561948642
14489.0	0.989646564000642
14490.6	0.9766969712686417
14492.3	0.6022642410280419
14494.0	0.24687655173064205
14495.6	-0.3076462951693581
14497.3	-0.4621878574173578
14499.0	-0.5233652160613577
14500.6	-0.5280083005493579
14502.3	-0.5957349562993579
14504.0	-0.48532492802935767
14505.6	-0.660718045329358
14507.3	-0.46409307548935785
14509.0	-0.3769744971513582
14510.6	-0.05729717523935775
14512.3	-0.03304357301935769
14514.0	0.198114682694642
14515.6	0.254754047868642
14517.3	0.3117550416806421
14519.0	0.3916294878506421
14520.6	0.8056648879106422
14522.3	0.977575541810642
14524.0	1.1173935312006422
14525.7	0.802117545707542
14527.3	0.4884750967747421
14529.0	-0.07118591129935789
14530.7	-0.4594032825093574
14532.3	-0.7414741172693577
14534.0	-0.5895659817293576
14535.7	-0.377084924559358
14537.3	-0.3177968556033578
14539.0	-0.4286829830693578
14540.7	-0.29502060201935787
14542.3	-0.5758198469093577
14544.0	-0.5131174137593577
14545.7	-0.6095440490593578
14547.3	-0.4254823626593578
14549.0	0.014328169820642
14550.7	0.439198571280642
14552.3	0.5412670409606422
14554.0	0.6048639391406422
14555.7	0.08205327542264232
14557.3	-0.5265808946373578
14559.0	-1.431472404949358
14560.7	-1.8926330659141577
14562.3	-2.061321765631358
14564.0	-1.579469945509358
14565.7	-0.959020033025358
14567.3	0.031138912960642084
14569.0	0.8475332791906423
14570.7	1.5856014263406426
14572.4	1.7348551988448422
14574.0	1.951362572670642
14575.7	1.7253882412906418
14577.4	1.4954966458306422
14579.0	1.116309243390642
14580.7	0.7841517711106422
14582.4	0.25696796420064205
14584.0	0.09967315522064224
14585.7	-0.15480732623935778
14587.4	-0.049209590419357796
14589.0	0.014491954400642104
14590.7	0.267137344580642
14592.4	0.1765514503206421
14594.0	0.2816947662066422
14595.7	0.18899917132064212
14597.4	0.45904916872064255
14599.0	0.5335862816006425
14600.7	0.6528392990206423
14602.4	0.2723581924666422
14604.0	-0.036496408677357706
14605.7	-0.7060730105893579
14607.4	-0.9167314797793578
14609.0	-0.783043886989358
14610.7	-0.1634799765553579
14612.4	0.3830610905906419
14614.0	0.7262700425006419
14615.7	0.7055077010906421
14617.4	0.6213947646366421
14619.1	0.24684922833064182
14620.7	0.02692088811064186
14622.4	-0.29271950003935787
14624.1	-0.35289327926335806
14625.7	-0.3529167570893581
14627.4	-0.39620817701935807
14629.1	-0.4993775108233582
14630.7	-0.4472650798253579
14632.4	-0.6013464615093579
14634.1	-0.5725571816453577
14635.7	-0.7704805924433579
14637.4	-1.037197205680358
14639.1	-1.293677933723358
14640.7	-1.3184748102333577
14642.4	-1.4717642608893577
14644.1	-1.1949170992973581
14645.7	-0.8341892707433575
14647.4	-0.6782779523593577
14649.1	-0.5374028522293578
14650.7	-0.487077877219358
14652.4	-0.6811437653993578
14654.1	-0.5111407741493577
14655.7	-0.7066492547693576
14657.4	-0.9426918070193578
14659.1	-0.9265115554793579
14660.8	-0.8085377951753581
14662.4	-0.5076772236573579
14664.1	0.206098374310642
14665.8	0.7389426444226421
14667.4	1.1541652880346418
14669.1	0.905282586120642
14670.8	0.324158621630642
14672.4	-0.4445628816093582
14674.1	-0.8748962193483582
14675.8	-0.7230142085333578
14677.4	-0.13036647381935818
14679.1	0.6232576423806421
14680.8	1.1556755505906422
14682.4	0.8312183620706421
14684.1	0.09755625953064209
14685.8	-1.040922163189358
14687.4	-1.790037460659358
14689.1	-2.2341425839993576
14690.8	-2.135071317571358
14692.4	-1.6709258669323577
14694.1	-1.140952104849358
14695.8	-0.5341918957393579
14697.4	0.15655798500064222
14699.1	0.2716368490806421
14700.8	0.3922598790406419
14702.4	-0.1175067246823579
14704.1	-0.32648588526335787
14705.8	-0.3483266483213578
14707.5	-0.13438016218735788
14709.1	0.14928378384064192
14710.8	0.7870458424806421
14712.5	0.8752191401446421
14714.1	0.882880892410642
14715.8	0.48346395907864226
14717.5	0.4462898007186421
14719.1	0.2631230159576422
14720.8	0.5217853701206419
14722.5	0.24047072356064203
14724.1	0.6592693137206418
14725.8	0.9782120815406419
14727.5	1.280242914410642
14729.1	1.1641796472706423
14730.8	0.9325427771356419
14732.5	0.31377386294064236
14734.1	0.1142964088266423
14735.8	-0.42580487339935785
14737.5	-0.27307024267935787
14739.1	0.05160959223664199
14740.8	0.560384626700642
14742.5	0.5013913773486418
14744.1	0.6167365656166423
14745.8	0.458617046050642
14747.5	0.357238530480642
14749.1	-0.08641137427935813
14750.8	-0.5545829915293576
14752.5	-1.311398342799358
14754.2	-1.6314579052653577
14755.8	-2.5887561148993576
14757.5	-2.730280826989358
14759.2	-2.925743343769358
14760.8	-2.5122869948093576
14762.5	-1.7861747029873578
14764.2	-0.8717350753563576
14765.8	-0.47497432894635777
14767.5	0.16357109428064226
14769.2	-0.08317076432935783
14770.8	-0.09533120455035801
14772.5	-0.39074153380895804
14774.2	-0.29191879721935793
14775.8	-0.30067175910935806
14777.5	-0.21197015873635797
14779.2	-0.5382661368363579
14780.8	-0.602252077419358
14782.5	-0.6822012189053579
14784.2	-0.3838635742793579
14785.8	-0.18910324558935815
14787.5	0.4472526448406421
14789.2	0.6792768886006422
14790.8	0.42938221680064204
14792.5	-0.3825932051693579
14794.2	-1.271216844775358
14795.8	-1.7422767244843582
14797.5	-1.5848901823293575
14799.2	-1.1566071737623578
14800.9	-0.3519427983453578
14802.5	0.2270459502806424
14804.2	0.7144905723206421
14805.9	0.9165971097276422
14807.5	1.0064384722106423
14809.2	1.082500005270642
14810.9	0.9919425317366422
14812.5	0.5445147966206423
14814.2	-0.12332104725935769
14815.9	-0.5694615601593578
14817.5	-0.5669159985893577
14819.2	-0.4522397708393578
14820.9	0.07367882663264219
14822.5	0.3905770209706422
14824.2	0.8548142891706418
14825.9	1.0608644518606416
14827.5	0.8280179562306418
14829.2	0.6324410242906422
14830.9	0.6480732203735421
14832.5	0.3791513355836419
14834.2	0.509253200590642
14835.9	0.311836150380642
14837.5	0.2192083060006422
14839.2	-0.11846428858835775
14840.9	-0.26992074547935774
14842.6	-0.39979381349935805
14844.2	-0.10300627443935789
14845.9	0.1411070182206422
14847.6	0.7344431522078422
14849.2	1.0143208684606422
14850.9	1.3394261060106427
14852.6	1.2967840927706424
14854.2	1.3520915777906417
14855.9	1.138478997790642
14857.6	0.8288143801006425
14859.2	0.39955858907264197
14860.9	0.16432194478064222
14862.6	-0.4661657676193578
14864.2	-0.9109689284663577
14865.9	-1.1461869263293578
14867.6	-0.9480165863993582
14869.2	-0.5291953460693578
14870.9	-0.06307932717435791
14872.6	0.2311029071706419
14874.2	0.6098625966206419
14875.9	0.2906976124106422
14877.6	0.2049515279906422
14879.2	-0.3097021341193578
14880.9	-0.44756191423935804
14882.6	-0.8926296468393579
14884.2	-1.0198300777693576
14885.9	-1.1630707443133579
14887.6	-0.866063552588358
14889.3	-1.046724378609358
14890.9	-0.947623574675358
14892.6	-1.3318892772393573
14894.3	-1.1714610979693578
14895.9	-1.2249448735593578
14897.6	-0.808320705319358
14899.3	-0.22525116742835793
14900.9	0.24828038351064208
14902.6	0.365870284748642
14904.3	0.36373525431064196
14905.9	0.07523507293944204
14907.6	0.07185585402064198
14909.3	-0.17865615945635782
14910.9	-0.13361999605635794
14912.6	0.02790771144064212
14914.3	0.2321189449520421
14915.9	0.14842660813064196
14917.6	0.2949592620706422
14919.3	0.35696018865064205
14920.9	0.6360272558206422
14922.6	0.6484790311496419
14924.3	0.6594268426386422
14925.9	0.3143876284926421
14927.6	0.102682441650642
14929.3	-0.6635386404293578
14930.9	-1.0453241708753578
14932.6	-1.5627960571853579
14934.3	-1.775936421168358
14936.0	-1.7235330952593577
14937.6	-1.3427248558553577
14939.3	-1.099883117909358
14941.0	-0.4751744684393579
14942.6	-0.5286873905993579
14944.3	-0.41621193588935806
14946.0	-0.5361180636393583
14947.6	-0.7000696179083582
14949.3	-0.9294069844973579
14951.0	-1.044162543445358
14952.6	-1.4088846561675579
14954.3	-1.261145750952358
14956.0	-1.3218566721393574
14957.6	-0.8924765160493577
14959.3	-0.45298955133935814
14961.0	-0.28515707935935775
14962.6	-0.5075716776693583
14964.3	-0.6842275800613576
14966.0	-1.043030594799358
14967.6	-0.9351111268093577
14969.3	-0.960768706013358
14971.0	-0.6420376213593578
14972.6	-0.42818883378935774
14974.3	0.07869988355504204
14976.0	0.42442380640064203
14977.6	0.6886744044336419
14979.3	0.640847428718642
14981.0	0.8166093273286423
14982.7	0.6914278685006423
14984.3	1.0306290631206418
14986.0	1.100129293250642
14987.7	1.386312538470642
14989.3	1.6133322712706424
14991.0	1.6094651675106424
14992.7	1.204889992663642
14994.3	0.981546525790642
14996.0	0.3346221211411418
14997.7	-0.0744577053073577
14999.3	-0.35666134460935783
15001.0	-0.1460916263893577
15002.7	0.370685232560642
15004.3	1.100113866030642
15006.0	1.452237658230642
15007.7	1.6107927459956422
15009.3	1.015227132979642
15011.0	0.32581401916064223
15012.7	-0.26338981185935784
15014.3	-0.29060973018935804
15016.0	-0.1269038363193578
15017.7	0.3548529820906422
15019.3	0.375075515390642
15021.0	0.41749757063054227
15022.7	-0.30379004046935804
15024.4	-1.222197787559358
15026.0	-1.9287466495293581
15027.7	-1.9144849555793582
15029.4	-1.5410383002693577
15031.0	-0.6794013204573579
15032.7	-0.044098039409358025
15034.4	0.40555778059964187
15036.0	0.43429751456864196
15037.7	-0.11137792121935791
15039.4	-0.5634986067203577
15041.0	-0.829381338069358
15042.7	-1.0112438810793578
15044.4	-1.0784807810825578
15046.0	-1.2217811163253578
15047.7	-1.1886219918493577
15049.4	-0.9974993944153581
15051.0	-0.8308563973993579
15052.7	-0.5867621670693579
15054.4	-0.4533940964083578
15056.0	-0.21367038036935787
15057.7	0.157292959822642
15059.4	0.3400912999026422
15061.0	0.752765355509642
15062.7	1.150099296160642
15064.4	1.2930088795906418
15066.0	1.147783241370642
15067.7	0.850441688050642
15069.4	0.7421626592706421
15071.1	0.8678164440106421
15072.7	0.6463206200886422
15074.4	0.4441310491306423
15076.1	0.24899112091864206
15077.7	0.176838705355642
15079.4	0.040245782020641996
15081.1	0.2651036821406419
15082.7	0.5141433444446422
15084.4	1.083809312870642
15086.1	0.8979411088706419
15087.7	0.6108505450056421
15089.4	0.0481878438746422
15091.1	-0.36931475648935796
15092.7	-0.7129853676793578
15094.4	-0.521321672029358
15096.1	-0.47500652648035807
15097.7	0.21827829905564214
15099.4	0.42047515105064204
15101.1	0.5478896367406423
15102.7	0.2983791809156421
15104.4	-0.0018964188393578024
15106.1	-0.4916824610593578
15107.7	-0.6210138551793579
15109.4	-0.7284390830293579
15111.1	-0.5316540776188579
15112.7	-0.43798118738493785
15114.4	-0.1575080769293578
15116.1	-0.20692317027935794
15117.8	0.13120226905064242
15119.4	0.04023373144064246
15121.1	0.2561807767666421
15122.8	0.324884315850642
15124.4	0.2362597731206421
15126.1	-0.27920150014435785
15127.8	-0.5468717525793576
15129.4	-1.1516296681663578
15131.1	-1.2644861448093578
15132.8	-1.5037411795193583
15134.4	-1.385299525249358
15136.1	-1.4223142637713577
15137.8	-1.3365351397193581
15139.4	-1.297834334979358
15141.1	-0.6768903472393578
15142.8	-0.337983811199358
15144.4	0.1008749541756422
15146.1	0.316065644550642
15147.8	0.17098890279064194
15149.4	-0.31763836419935804
15151.1	-0.6256731068973582
15152.8	-0.936619412409358
15154.4	-0.7241082329193581
15156.1	-0.566349882009358
15157.8	-0.1544495785793581
15159.4	0.320640448490642
15161.1	1.0412650443606422
15162.8	1.144218251490642
15164.5	1.3385525016006419
15166.1	1.0241928520306423
15167.8	0.4843591134206419
15169.5	-0.08179001368735811
15171.1	-0.4976587800693577
15172.8	-1.0871999126693577
15174.5	-0.829690356689358
15176.1	-0.947294481929358
15177.8	-0.6713996709693578
15179.5	-0.42855180921935776
15181.1	-0.09705114047735777
15182.8	0.0818016583066421
15184.5	0.7043018931306421
15186.1	0.8440214218106419
15187.8	1.0589519837756418
15189.5	0.8506687727276421
15191.1	0.723990452330642
15192.8	0.34818298769064215
15194.5	0.3121579432606423
15196.1	-0.031045431338558027
15197.8	-0.22777015293935782
15199.5	-0.6749987011093578
15201.1	-0.728608740549358
15202.8	-0.725925234229358
15204.5	0.021872747040642015
15206.2	0.6792461068606421
15207.8	1.3417814714876424
15209.5	1.6402715677106419
15211.2	1.565174206240642
15212.8	0.3802226011206422
15214.5	-0.28590651416935786
15216.2	-0.8884400210293577
15217.8	-1.1651884054493578
15219.5	-1.2571193692293576
15221.2	-1.0416359173623577
15222.8	-1.2284093105893579
15224.5	-1.2559990461793578
15226.2	-1.569781238422358
15227.8	-1.4017279108193577
15229.5	-0.7699465839493581
15231.2	0.10098625249064219
15232.8	0.6424618334706422
15234.5	1.272858925710642
15236.2	1.6210693649106416
15237.8	1.846854868160642
15239.5	1.755092374870642
15241.2	1.5886863987306419
15242.8	1.243486697370642
15244.5	0.822227658880642
15246.2	0.2652684525106421
15247.8	0.025293624270642103
15249.5	-0.1526968767293579
15251.2	0.0622375765306421
15252.9	0.20739672158864197
15254.5	0.501076683570642
15256.2	0.9700511045606419
15257.9	1.2441887928706419
15259.5	1.1833305586706424
15261.2	1.2721718691106423
15262.9	1.0400128927606418
15264.5	0.8140024813706424
15266.2	0.4094211502906419
15267.9	0.36808022137364205
15269.5	0.18716800138064207
15271.2	0.6283971874806421
15272.9	1.0888255409106422
15274.5	1.540182504440642
15276.2	1.6833237041606421
15277.9	1.668133856720642
15279.5	1.398258293650642
15281.2	1.388716504900642
15282.9	1.026363507390642
15284.5	0.9606632939606422
15286.2	0.586816433373642
15287.9	0.1620255889106419
15289.5	-0.3880404180993579
15291.2	-0.7704623397693577
15292.9	-0.8851448112593577
15294.5	-0.6161452287613578
15296.2	-0.41693788713935764
15297.9	-0.06549687573935792
15299.6	0.16366024359064213
15301.2	0.3792063139176419
15302.9	0.48689459505064187
15304.6	0.7504178145306423
15306.2	0.820868608218642
15307.9	0.9198877184656421
15309.6	0.7247473658246423
15311.2	0.2850240811006424
15312.9	-0.6052860761593579
15314.6	-0.8754761164093579
15316.2	-1.1049112925193583
15317.9	-0.5665492086833579
15319.6	0.2472517053506419
15321.2	0.756848599930642
15322.9	1.0441106328606418
15324.6	1.1415298789206416
15326.2	0.5361561104946418
15327.9	0.4767550918206419
15329.6	0.20367906198064195
15331.2	0.08271659529864228
15332.9	-0.08993447722055799
15334.6	-0.5799874938383577
15336.2	-0.931289872719358
15337.9	-1.1051360769203578
15339.6	-1.1709818937793581
15341.2	-0.702907390789358
15342.9	-0.41586360398935807
15344.6	-0.12206190208135781
15346.3	-0.11373806179535773
15347.9	-0.32404065268635773
15349.6	-0.5563010043093579
15351.3	-0.39661777118335767
15352.9	-0.395949246709358
15354.6	0.17603125891064209
15356.3	0.6957559256906417
15357.9	1.2937890253706417
15359.6	1.484158691450642
15361.3	1.5843304074206417
15362.9	1.433225391430642
15364.6	1.5554473527566421
15366.3	1.546081089160642
15367.9	1.609391391200642
15369.6	1.320343418360642
15371.3	1.096407856590642
15372.9	0.533265918730642
15374.6	0.2103274981406422
15376.3	-0.03034955824535797
15377.9	-0.03923909808935783
15379.6	-0.3420675144393579
15381.3	-0.4045382954043576
15382.9	-0.6861805014593579
15384.6	-0.2713181128173578
15386.3	0.2925783773006422
15388.0	1.1337200100710423
15389.6	1.3628938544706422
15391.3	1.4899975548706421
15393.0	0.9084470778236422
15394.6	0.621837969940642
15396.3	0.2021837053996419
15398.0	0.1851523945806419
15399.6	0.006786076870642199
15401.3	0.208038071480642
15403.0	0.2295253155556422
15404.6	0.755439186730642
15406.3	1.160943777160642
15408.0	1.456259611278642
15409.6	1.4356007800606418
15411.3	1.010895042670642
15413.0	0.2743229640766419
15414.6	-0.095257789079358
15416.3	-0.5539289459693582
15418.0	-0.3278589160360581
15419.6	0.00012145268064212011
15421.3	0.23924640223064192
15423.0	0.13318413370064208
15424.6	0.187380602810642
15426.3	-0.04106177341295768
15428.0	0.31000839561264226
15429.6	0.3782789064106422
15431.3	0.8357182521506424
15433.0	0.7684953512206422
15434.7	0.656413332570642
15436.3	-0.06642604356935777
15438.0	-0.3231913266593579
15439.7	-0.6464114343893581
15441.3	-0.40377066574335835
15443.0	-0.42064336637935784
15444.7	0.1245334032006421
15446.3	0.31445591577064214
15448.0	0.750890569450642
15449.7	1.0460229755226425
15451.3	1.388406613220642
15453.0	1.6256436041706421
15454.7	1.7821890481906424
15456.3	1.6582625162906417
15458.0	1.6009851870006422
15459.7	1.382914218340642
15461.3	1.2343517460696423
15463.0	1.2230834612906418
15464.7	1.137875168064003
15466.3	1.057883039590642
15468.0	0.8381500887306419
15469.7	0.44627544160964194
15471.3	0.1298596933906422
15473.0	0.06058003342064193
15474.7	0.04459629763064235
15476.3	0.14672080798064208
15478.0	0.10708416572064218
15479.7	-0.20864214901735803
15481.4	-0.2686970018193578
15483.0	-0.3862826074613579
15484.7	-0.40626224143935824
15486.4	-0.08307253140935823
15488.0	0.22750646142064213
15489.7	0.34083145362064204
15491.4	0.5684050074506422
15493.0	0.43926036091064213
15494.7	0.10512048765064208
15496.4	-0.17141745419935828
15498.0	-0.5734888719293578
15499.7	-0.7169694129703578
15501.4	-0.7179026281793579
15503.0	-0.898122773149358
15504.7	-0.9320739076893575
15506.4	-1.0086941790293578
15508.0	-0.894973066399358
15509.7	-0.7077083960593576
15511.4	-0.3345460236293577
15513.0	0.19280621785064211
15514.7	0.7577533457006422
15516.4	1.331355032380642
15518.0	1.4780419075706421
15519.7	1.0382955579326418
15521.4	0.7272516173086421
15523.0	0.09979297300564177
15524.7	-0.22318581364935797
15526.4	-0.1569122274183582
15528.1	-0.05033785282935771
15529.7	0.31723803923064203
15531.4	0.5774030889206422
15533.1	0.49321955315064214
15534.7	0.971888261184642
15536.4	1.033194083530642
15538.1	1.050846099120642
15539.7	0.917927396384642
15541.4	0.42231206566064217
15543.1	0.19953808791064187
15544.7	0.27218829022864194
15546.4	0.26237837191064206
15548.1	0.871144034028642
15549.7	1.165344240560642
15551.4	1.424646760800642
15553.1	1.6025794473306418
15554.7	1.243049447830642
15556.4	1.007399081156142
15558.1	0.815462521851942
15559.7	0.6223341541306422
15561.4	0.6647959422606421
15563.1	0.3874425986060422
15564.7	0.20453057294064209
15566.4	0.021131462142642096
15568.1	-0.15608095691935778
15569.8	-0.18794088275935783
15571.4	0.05759635707064231
15573.1	0.2700568422808421
15574.8	0.3454258375506418
15576.4	0.06030323346164196
15578.1	0.03885066748064185
15579.8	0.0672231755106418
15581.4	0.307730021068642
15583.1	0.33722900430664193
15584.8	0.5577074866906421
15586.4	0.48828718173064223
15588.1	0.23619805424064202
15589.8	-0.2879442809693577
15591.4	-0.5220136368313579
15593.1	-0.6516920086893578
15594.8	-0.25466720154935774
15596.4	0.2751453240606421
15598.1	1.1389422633846422
15599.8	1.7957294552306418
15601.4	2.4540932346506423
15603.1	2.544307062779642
15604.8	2.439681381180642
15606.4	1.7549376822137421
15608.1	1.3251765749506421
15609.8	0.7420327830306419
15611.4	0.5362909967106421
15613.1	0.45091553429464204
15614.8	0.6572830061606421
15616.5	0.843625842950642
15618.1	1.006037676633642
15619.8	0.6197457910196417
15621.5	0.38072752441464225
15623.1	-0.10057357870535817
15624.8	-0.27770656392935783
15626.5	-0.36235978843935784
15628.1	-0.23168151938135811
15629.8	-0.17068560813635797
15631.5	0.04813724054064203
15633.1	-0.08339665366935774
15634.8	-0.059626607169358
15636.5	-0.11739848621035792
15638.1	0.020314539830641964
15639.8	-0.0041934244393578846
15641.5	0.07917492314044228
15643.1	0.1716676564506423
15644.8	0.7702337931506422
15646.5	0.8235720736906422
15648.1	1.2279736450966419
15649.8	1.141760300263642
15651.5	1.3375064122306421
15653.1	1.4492719999666421
15654.8	1.558899430240642
15656.5	1.4909111193006421
15658.1	1.6590864285506421
15659.8	0.9076686369886418
15661.5	0.5613763760006419
15663.2	0.16884914589864203
15664.8	0.1704426490316417
15666.5	0.08520165594264194
15668.2	-0.002054068199357814
15669.8	-0.6194701046693578
15671.5	-0.9869848752623579
15673.2	-1.5939260613783581
15674.8	-2.1785195729193583
15676.5	-2.3887708049893575
15678.2	-2.232488839699358
15679.8	-2.1694709338593583
15681.5	-1.8573297601893581
15683.2	-1.6860782763063582
15684.8	-1.5178311784793583
15686.5	-1.5463948076233585
15688.2	-1.497401351889358
15689.8	-1.2668447556393578
15691.5	-0.4318919049293579
15693.2	0.2965536063406421
15694.8	0.9638502483936421
15696.5	1.260223791500642
15698.2	1.0173131892606422
15699.8	0.2825878002106421
15701.5	-0.3239786834693578
15703.2	-0.9089145304253577
15704.8	-0.7400601481533579
15706.5	-0.4826012914193577
15708.2	-0.1104007500633577
15709.9	0.45434490867064226
15711.5	0.7540234334106422
15713.2	0.8752040922026421
15714.9	1.1071981742506423
15716.5	0.9237077735106419
15718.2	0.8403408247306421
15719.9	0.5195652598106423
15721.5	0.00872519956064205
15723.2	-0.615687589949358
15724.9	-0.9374456251193579
15726.5	-1.2597820310093577
15728.2	-1.319512457849358
15729.9	-1.3135743409493579
15731.5	-0.9417047974593578
15733.2	-0.7485668989693581
15734.9	-0.39359151268935805
15736.5	-0.48056421394735804
15738.2	-0.16109990797335788
15739.9	0.09537380506064203
15741.5	0.3852647281006423
15743.2	0.7288929452142421
15744.9	1.0592295637306421
15746.5	1.0477907602006422
15748.2	1.0793974080206419
15749.9	0.7738877263106422
15751.6	0.7974378428006421
15753.2	0.617007891860642
15754.9	0.0673883240406421
15756.6	-0.37434946023935756
15758.2	-0.5776885259093576
15759.9	-0.5898442196093578
15761.6	-0.1974723392093578
15763.2	0.2489308063406421
15764.9	0.7350687113806426
15766.6	0.9595050780106424
15768.2	0.8779451156906422
15769.9	0.6830241779906425
15771.6	0.8725439371106424
15773.2	0.7196809269906421
15774.9	0.5667307415906423
15776.6	-0.011197126179357988
15778.2	-0.5705106067893577
15779.9	-1.130283579603358
15781.6	-1.2353646913093579
15783.2	-1.3584567627723578
15784.9	-0.9879667811513577
15786.6	-0.7705864692563581
15788.2	-0.44234040466935776
15789.9	-0.3235757694393583
15791.6	0.09355336803064218
15793.2	0.240833090394642
15794.9	0.5276091185306423
15796.6	0.387054574940642
15798.3	0.24378402168064212
15799.9	0.1908301543906421
15801.6	0.335015281184642
15803.3	0.442765514530642
15804.9	0.4687462450106421
15806.6	0.10835522275264198
15808.3	-0.3848166689693579
15809.9	-1.1348371795193577
15811.6	-1.502696535019358
15813.3	-1.716363500289358
15814.9	-1.7308759799673579
15816.6	-1.7832951338893583
15818.3	-1.6926349969873578
15819.9	-1.789407672577358
15821.6	-1.5044339352583578
15823.3	-1.163888658099358
15824.9	-0.6020355292693577
15826.6	-0.4471703305693578
15828.3	-0.19799125390935787
15829.9	-0.760827480079358
15831.6	-0.7938044433693582
15833.3	-1.0443211107233583
15834.9	-0.8292830484653577
15836.6	-0.552653465329358
15838.3	-0.13382267180935797
15839.9	-0.29576878883935787
15841.6	-0.156262376769358
15843.3	-0.11905506877935805
15845.0	0.45654195311664203
15846.6	1.0136040769406418
15848.3	1.4462353309506417
15850.0	1.534112170220642
15851.6	1.1392894108906422
15853.3	0.3416993885706423
15855.0	-0.41249557299935813
15856.6	-1.083629932879358
15858.3	-1.278449224739358
15860.0	-1.6008004914793583
15861.6	-1.4688276856593576
15863.3	-1.3114572495093582
15865.0	-0.6898650646893579
15866.6	-0.4781464716793582
15868.3	0.014989140586641803
15870.0	0.21214849421064202
15871.6	0.6705508181506423
15873.3	0.536763567576642
15875.0	0.7897508875616419
15876.6	0.5919916874606421
15878.3	0.8762501072546423
15880.0	0.611418852869642
15881.6	0.7179430156206421
15883.3	0.7281749534006421
15885.0	0.7772631242506419
15886.6	0.4488433412826421
15888.3	0.2905716690806419
15890.0	0.06788134336064182
15891.7	0.2047836815206419
15893.3	-0.11510855574935776
15895.0	-0.1661881605393582
15896.7	-0.4126706551473578
15898.3	-0.2224178721123577
15900.0	-0.1741110970993577
15901.7	0.15671342932064236
15903.3	0.2621368351806421
15905.0	0.3892695501886419
15906.7	0.23590381485764206
15908.3	0.344724162450642
15910.0	0.3436318066106419
15911.7	0.7510957470526423
15913.3	0.7843020694906422
15915.0	0.8330591845026422
15916.7	0.4765229406806421
15918.3	0.2256635031606421
15920.0	-0.190144977539358
15921.7	-0.5545086345013577
15923.3	-1.2340635346693576
15925.0	-1.2813250346793577
15926.7	-1.3118643332693576
15928.3	-0.9841421031993579
15930.0	-0.706276986979358
15931.7	-0.18179838845935808
15933.4	0.025273503924942098
15935.0	0.357919153330642
15936.7	0.22392073989064215
15938.4	0.646490032700642
15940.0	0.661270178240642
15941.7	0.5651505224187421
15943.4	0.3266481680818419
15945.0	0.31672364613064197
15946.7	0.4390411690106419
15948.4	0.9189526245276421
15950.0	1.126098961710642
15951.7	1.624306262830642
15953.4	1.4918009994926422
15955.0	1.0677017863106424
15956.7	0.701248779630642
15958.4	0.2993932920706423
15960.0	-0.051928417519357895
15961.7	-0.062217380809357736
15963.4	0.04021421209064219
15965.0	-0.058805232569358046
15966.7	0.04234536978064202
15968.4	-0.054276283619357824
15970.0	-0.23684843499935787
15971.7	-0.3556673190793578
15973.4	-0.5253764888093578
15975.0	-0.27909141225935796
15976.7	0.34179403932364183
15978.4	0.651514188470642
15980.1	0.8443955285206426
15981.7	0.7574839750106418
15983.4	0.3377261826606422
15985.1	0.1473671132316421
15986.7	-0.26740081535135773
15988.4	-0.2293489427293579
15990.1	-0.39412333783635806
15991.7	-0.862630127449358
15993.4	-1.4316941173493578
15995.1	-1.9346680681193578
15996.7	-2.448791544069358
15998.4	-2.162473032009358
16000.1	-1.8329164838193581
16001.7	-1.1403585885693577
16003.4	-0.140517217879358
16005.1	0.5189845464286422
16006.7	0.9042440602506421
16008.4	0.9220035625216418
16010.1	0.4048847337766418
16011.7	0.10552553508664203
16013.4	-0.38138918989935766
16015.1	-0.431393339909358
16016.7	-0.15863483398835793
16018.4	0.3643967464706421
16020.1	1.034391031890642
16021.7	1.796343597420642
16023.4	1.855096805310642
16025.1	1.855288912626642
16026.8	0.9705659386906421
16028.4	0.11810322130264209
16030.1	-0.5597017486293581
16031.8	-0.612484726149358
16033.4	-0.39194934607735765
16035.1	0.568405527340642
16036.8	0.964122007360642
16038.4	1.133463316860642
16040.1	0.922712519330642
16041.8	0.5514218004706419
16043.4	0.147877240420642
16045.1	-0.22509046019935797
16046.8	-0.8158731712423579
16048.4	-1.009027648669358
16050.1	-1.0719683694193576
16051.8	-0.5097090124093577
16053.4	0.21173243121064217
16055.1	0.8675213669006421
16056.8	1.1644298562396422
16058.4	0.939788395580642
16060.1	0.411969536430642
16061.8	-0.24540231540705792
16063.4	-0.9504414102673581
16065.1	-0.9357331307293579
16066.8	-1.0552907860593579
16068.4	-1.037622754301358
16070.1	-0.8315956396593578
16071.8	-0.7376130956893578
16073.5	-0.6234896571833578
16075.1	-0.4497851422603577
16076.8	-0.5908881860814578
16078.5	-0.3267565567793578
16080.1	-0.4408381853073576
16081.8	-0.7467195166093582
16083.5	-1.2085721339263578
16085.1	-1.6408909555653581
16086.8	-2.014204612086358
16088.5	-1.5981524253073576
16090.1	-0.6652188451793578
16091.8	0.658344371830642
16093.5	1.758029299680642
16095.1	2.484024152250642
16096.8	2.264724581650642
16098.5	1.8169235193666422
16100.1	1.0050219456406424
16101.8	0.2449338451506422
16103.5	-0.15081753675935802
16105.1	0.11645029977764217
16106.8	0.5456325367746422
16108.5	1.2357358453306422
16110.1	1.674292123430642
16111.8	2.214384197871642
16113.5	2.2909644715206423
16115.2	2.164673174630642
16116.8	1.610477162473642
16118.5	1.0693657261106424
16120.2	0.5433703313706422
16121.8	0.1486402081206422
16123.5	-0.18094438285935777
16125.2	-0.12159798392935797
16126.8	-0.20644921715935804
16128.5	-0.0021967026993580663
16130.2	0.09309344589064211
16131.8	-0.08643966694935779
16133.5	-0.2501930248993579
16135.2	-0.33456943070935785
16136.8	-0.30587809144935785
16138.5	0.09292420766064202
16140.2	0.3523380722406422
16141.8	0.7891240341006419
16143.5	1.1542571858606423
16145.2	1.2782602981906421
16146.8	1.2137242552406424
16148.5	0.8385547512806424
16150.2	0.5283602429580421
16151.8	0.4708144384506424
16153.5	0.2581311642206419
16155.2	0.2559050298929422
16156.8	0.1729673957106419
16158.5	0.13977924510064213
16160.2	0.2229369128006422
16161.9	0.10000366911064187
16163.5	0.25434631616764203
16165.2	0.4257841936876421
16166.9	0.042694247640642086
16168.5	-0.28487301526135766
16170.2	-1.1742103089213578
16171.9	-1.8265370483693584
16173.5	-2.1149907514993584
16175.2	-2.136420694579358
16176.9	-1.735914970619358
16178.5	-0.8179179825193578
16180.2	-0.1637079857693579
16181.9	0.7918882501756421
16183.5	0.9644373907306419
16185.2	1.2672625266956425
16186.9	1.292902272920642
16188.5	1.109248046875642
16190.2	0.8773823491906425
16191.9	1.1465813563386422
16193.5	1.119393295904642
16195.2	1.3398329365906418
16196.9	1.280572134220642
16198.5	1.673367487420642
16200.2	1.880389604440642
16201.9	1.6376276053097423
16203.5	1.014586434420642
16205.2	0.39748085151064216
16206.9	-0.5791416944493579
16208.6	-1.234148808484158
16210.2	-1.6854646494063579
16211.9	-1.5376047499273582
16213.6	-1.559458996639358
16215.2	-1.524447301409358
16216.9	-1.6695974424123576
16218.6	-1.445210980309358
16220.2	-1.3222706562073576
16221.9	-0.8762751161693579
16223.6	-0.6620300897153577
16225.2	-0.1362722671473578
16226.9	-0.2517534496083576
16228.6	-0.2729543947263577
16230.2	-0.279017508489358
16231.9	0.10657901993064212
16233.6	0.36748952101064214
16235.2	0.784101822098642
16236.9	0.571924012033602
16238.6	0.28544366276064226
16240.2	-0.2807555115893579
16241.9	-0.8570481001811577
16243.6	-1.1925095808893578
16245.2	-0.8764034909893579
16246.9	-0.5965168477253578
16248.6	-0.4086240259293581
16250.2	-0.1405189149293582
16251.9	0.0800137374906421
16253.6	0.2306523195706422
16255.3	0.27055647951764206
16256.9	0.09350337564064189
16258.6	-0.18045611392935823
16260.3	-0.4240187538793583
16261.9	-0.6280884251293578
16263.6	-0.731577355009358
16265.3	-0.3362346370093581
16266.9	0.057528201340641905
16268.6	0.30817831076064217
16270.3	0.558585806816642
16271.9	0.4637449123926421
16273.6	0.13984128159064213
16275.3	-0.3845721213993581
16276.9	-1.0182804497193578
16278.6	-1.2753571974893574
16280.3	-1.2941919793093577
16281.9	-1.110812516206358
16283.6	-0.749574030569358
16285.3	-0.41812347831335783
16286.9	-0.09317251362935802
16288.6	-0.10380539278935796
16290.3	-0.3173241693893579
16291.9	-0.5997358020393577
16293.6	-1.0816175090493578
16295.3	-1.541927391389358
16297.0	-1.6819329606593578
16298.6	-1.521477197389358
16300.3	-1.2196442111773582
16302.0	-0.49313750253335825
16303.6	0.04664799738864209
16305.3	0.8714399167006421
16307.0	1.151966117120642
16308.6	1.3312209237006425
16310.3	1.2518647370406422
16312.0	1.128195582098642
16313.6	0.857783635027642
16315.3	0.5494106417006421
16317.0	0.03737376140464191
16318.6	-0.47816164498935765
16320.3	-1.300901641349358
16322.0	-1.6946909726093577
16323.6	-1.862317231742358
16325.3	-1.4229930683293577
16327.0	-0.4369148194793579
16328.6	0.4678613437706423
16330.3	1.3153089395706423
16332.0	1.489053216969242
16333.6	1.109031316430642
16335.3	0.8246054181606424
16337.0	0.329915803896642
16338.6	0.3263447005626419
16340.3	0.7826845679806421
16342.0	1.1160858186100422
16343.7	1.339308860758642
16345.3	1.213290892292642
16347.0	0.5160469591826421
16348.7	0.2010097502666422
16350.3	-0.41576188560635785
16352.0	-0.564034559119358
16353.7	-0.2228544262553578
16355.3	0.26375075363164213
16357.0	0.5337234894706422
16358.7	0.8079332304206418
16360.3	0.676040390760642
16362.0	0.6969847417506424
16363.7	0.447011279640642
16365.3	0.4708197757846418
16367.0	0.5256513225406423
16368.7	0.5276529257106419
16370.3	0.47457854555064216
16372.0	0.6424783739706419
16373.7	0.601582503530642
16375.3	0.9211591639806422
16377.0	1.091240946970642
16378.7	1.0167717468906416
16380.3	0.9660444856446421
16382.0	0.6819560296376421
16383.7	0.22487001993364208
16385.3	-0.23887791832935798
16387.0	-1.1795728739393583
16388.7	-1.6476018923693576
16390.4	-1.832486116049358
16392.0	-1.7310163603793578
16393.7	-1.5162639764473578
16395.4	-1.2394791474793578
16397.0	-1.1389722892793577
16398.7	-0.8967234968693579
16400.4	-0.7302160623133577
16402.0	-0.11999636605835788
16403.7	0.40407303584064236
16405.4	0.6360165374806422
16407.0	0.5863117246706417
16408.7	0.47102860294164217
16410.4	0.25564027631064223
16412.0	0.15381253281064208
16413.7	0.24283460332064222
16415.4	0.093943169270642
16417.0	-0.12774354489935785
16418.7	-0.26528566316935803
16420.4	-0.4971986674193581
16422.0	-0.3740461273293578
16423.7	-0.247746920859358
16425.4	-0.2753599514943582
16427.0	-0.402303875129358
16428.7	-0.3377056240983577
16430.4	-0.6241177416293577
16432.0	-0.5469441308693578
16433.7	-0.7857547560693577
16435.4	-0.942592822849358
16437.1	-0.8656331466693579
16438.7	-0.45390845944935787
16440.4	-0.15546198718935822
16442.1	0.5862651384906425
16443.7	1.171893400031642
16445.4	1.491578561928642
16447.1	1.4967540062406421
16448.7	0.976018618940642
16450.4	0.698749720080642
16452.1	0.6066043635776421
16453.7	0.6322277435876419
16455.4	0.7060323925506423
16457.1	0.5384398261406421
16458.7	0.3413838919706423
16460.4	-0.1496480268623579
16462.1	-0.5951757235153576
16463.7	-0.9822185661493577
16465.4	-0.9295270068293577
16467.1	-0.4016780345493577
16468.7	0.28518311815064235
16470.4	0.544025175228642
16472.1	0.7339235975706422
16473.7	0.07272705314064215
16475.4	-0.6271243608693576
16477.1	-1.5231791936593582
16478.8	-1.7847186663493577
16480.4	-1.125058516579358
16482.1	-0.17955582622935784
16483.8	0.39963950343064214
16485.4	0.7614314183706423
16487.1	0.21913008175064225
16488.8	-0.26008705788535785
16490.4	-0.758049628549358
16492.1	-1.306664487109358
16493.8	-1.519514569209358
16495.4	-1.4387615354693581
16497.1	-1.2270760943293582
16498.8	-0.7965099881393581
16500.4	-0.27216908842935794
16502.1	-0.051903726019357804
16503.8	-0.03327456070935831
16505.4	-0.226816602249358
16507.1	-0.3788061059093579
16508.8	-0.22637168454035791
16510.4	-0.006135624339358131
16512.1	0.09505091386364212
16513.8	-0.048133447209357985
16515.4	-0.3182179939993577
16517.1	-0.8347979922554576
16518.8	-0.9902246888393579
16520.4	-1.1717108651493577
16522.1	-1.0089245240893576
16523.8	-1.035136910379358
16525.5	-0.7213028636713577
16527.1	-0.5073538867293576
16528.8	-0.02692169412935788
16530.5	0.12599229506064188
16532.1	0.2095626913906422
16533.8	-0.4754246295933581
16535.5	-0.9422167735493576
16537.1	-1.104014572519358
16538.8	-0.8723193987393577
16540.5	-0.4628851249393578
16542.1	0.012527710230642114
16543.8	0.279633566750642
16545.5	0.5975753003806421
16547.1	0.2755131350706419
16548.8	0.3236451606206419
16550.5	0.5576687763706418
16552.1	0.730911028855642
16553.8	0.5425118557106421
16555.5	0.3242621662406422
16557.1	0.0015900193406422347
16558.8	0.1024288386606419
16560.5	0.4868155014206421
16562.1	1.062717716150642
16563.8	1.600095476910642
16565.5	1.8760999312706417
16567.1	1.4993683993906421
16568.8	1.2487508932706417
16570.5	0.9321376778666423
16572.2	0.4614897918206421
16573.8	0.3618266383446419
16575.5	0.4288256348906421
16577.2	0.6158351891886421
16578.8	1.1674898269006422
16580.5	1.635575375010642
16582.2	2.0454056247186423
16583.8	2.2342993082306424
16585.5	1.8759667170136423
16587.2	1.3097986530806423
16588.8	1.0809550690166423
16590.5	0.924197490310642
16592.2	1.268897742224642
16593.8	1.494552227990642
16595.5	1.542320875900642
16597.2	1.293101298440642
16598.8	0.9770057742106422
16600.5	0.2690340931806422
16602.2	0.1531706601906421
16603.8	-0.04942501723335799
16605.5	0.2913970943506422
16607.2	0.6884329814706421
16608.8	0.9131588463306418
16610.5	0.8438192227966421
16612.2	0.881847885038642
16613.8	0.28308374637064204
16615.5	-0.087671378985358
16617.2	-0.6901755251593582
16618.9	-1.154045462619358
16620.5	-1.3206656245293578
16622.2	-1.4949373443093583
16623.9	-1.521677709015358
16625.5	-1.1394878846193581
16627.2	-0.6722044082493578
16628.9	-0.06634161104935828
16630.5	-0.03838728258935792
16632.2	-0.1053585423093578
16633.9	-0.2684352735163576
16635.5	-0.6974698396093582
16637.2	-1.0305470394693577
16638.9	-1.3274512078493579
16640.5	-1.5804983647413577
16642.2	-1.6248244225693578
16643.9	-1.7750765650893578
16645.5	-1.199130007589358
16647.2	-0.25121023681335797
16648.9	0.5608804563006416
16650.5	0.721643743970642
16652.2	0.553688754530642
16653.9	-0.06997986409535799
16655.5	-0.5206747727793579
16657.2	-0.9577951755593577
16658.9	-0.9143998098313574
16660.6	-0.867193269479358
16662.2	-0.651470629062358
16663.9	-0.3949368643393578
16665.6	0.32614294480064215
16667.2	0.6178337154706424
16668.9	0.5769936111706422
16670.6	0.10696984670064189
16672.2	-0.44462060658635777
16673.9	-0.6019922042323578
16675.6	-0.21701775635935772
16677.2	0.767166258900642
16678.9	1.6634999039906422
16680.6	2.0230786591706424
16682.2	1.8245111655006419
16683.9	1.476995038080642
16685.6	1.1241072706006423
16687.2	0.9661391968906419
16688.9	0.9166960508306419
16690.6	1.1087925609606422
16692.2	1.1026244749906418
16693.9	1.0764991163406419
16695.6	0.8273285477906417
16697.2	0.31761887751064194
16698.9	-0.4654293812663575
16700.6	-1.5709795501693575
16702.2	-2.5078623947893575
16703.9	-3.1488545635493574
16705.6	-3.2561516515993576
16707.3	-2.714101791499358
16708.9	-1.8131724304913577
16710.6	-1.134203110139358
16712.3	-0.5988096351833577
16713.9	-0.8003012371393579
16715.6	-1.0497382465453582
16717.3	-1.4699701306293578
16718.9	-1.594717359159358
16720.6	-1.2473346731193578
16722.3	-0.7422130126873576
16723.9	-0.4208498400293578
16725.6	0.0273603333106423
16727.3	-0.10436584969235792
16728.9	-0.3247490802893581
16730.6	-0.9447677641493573
16732.3	-1.912694583913358
16733.9	-2.2423654319693576
16735.6	-2.2599319142293575
16737.3	-1.4746658276236575
16738.9	-0.3954148099303578
16740.6	0.5709632920796419
16742.3	1.1802009565606422
16743.9	1.383858647868642
16745.6	1.0786470979806424
16747.3	1.014525061080642
16748.9	0.9597249136706419
16750.6	0.9909965321806422
16752.3	0.8107755491926423
16754.0	0.13434458888064232
16755.6	-0.3929382966593579
16757.3	-0.7636227711393581
16759.0	-0.8790111445053579
16760.6	-0.7230167911893577
16762.3	-0.15036947943935794
16764.0	0.25809449762264214
16765.6	1.0375361791606421
16767.3	1.4450319122546424
16769.0	1.903287235510642
16770.6	2.225640217948642
16772.3	2.103597462470642
16774.0	1.3298003025786422
16775.6	0.6574824229706417
16777.3	-0.14489204499935807
16779.0	-0.3574155197693582
16780.6	-0.40588818128935816
16782.3	-0.473996123689358
16784.0	-0.4617601499443581
16785.6	-0.21358274669935806
16787.3	-0.34829913622435793
16789.0	0.027627836883642176
16790.6	0.4150438182206423
16792.3	1.1646917663206422
16794.0	1.7633074810806422
16795.6	1.797302888430642
16797.3	1.916893381570642
16799.0	1.8052486592106423
16800.7	1.494228846870642
16802.3	1.1063138717366425
16804.0	0.6330258882536421
16805.7	0.3190330058406422
16807.3	0.11056237710064197
16809.0	-0.417116949019358
16810.7	-0.33514577762935793
16812.3	-0.5353704652593574
16814.0	-0.6357560305493579
16815.7	-0.6381223253695576
16817.3	-0.8892058281653581
16819.0	-0.9271014228163579
16820.7	-0.7859585936893577
16822.3	-0.5716951691993579
16824.0	-0.43381601774935774
16825.7	-0.0850212010793579
16827.3	-0.08460921242935776
16829.0	0.49577331595864227
16830.7	0.4884012535506421
16832.3	0.2994800278706422
16834.0	-0.2524847119973579
16835.7	-0.6702421760573579
16837.3	-1.2296130224593578
16839.0	-1.1410461188893577
16840.7	-0.9948125012101581
16842.4	-0.49539212376935743
16844.0	-0.06619061585935843
16845.7	0.44647427188064187
16847.4	0.681683692265642
16849.0	0.6596362716506421
16850.7	0.6915163253706422
16852.4	0.575506192950642
16854.0	0.5560214609246423
16855.7	0.46367342184064214
16857.4	0.40053671156064186
16859.0	0.28864178863064205
16860.7	-0.200637372199358
16862.4	-1.049432379289358
16864.0	-1.5694998843143577
16865.7	-1.3530491364473576
16867.4	-1.021909506429358
16869.0	-0.550683126999358
16870.7	-0.15069166791935792
16872.4	0.2904008806606421
16874.0	0.855949345915642
16875.7	1.125244788310642
16877.4	1.1908563646306418
16879.0	1.0789448577206422
16880.7	0.652242431394642
16882.4	0.40351115860064213
16884.0	0.425927868270642
16885.7	0.9302743627106421
16887.4	1.754155843583642
16889.1	2.083339513170642
16890.7	2.098619917170642
16892.4	1.7856006396706423
16894.1	1.558056793080642
16895.7	1.311052872330642
16897.4	1.037225385860642
16899.1	0.780230869326642
16900.7	0.2335763332806423
16902.4	-0.2648594224093577
16904.1	-0.5661594083693577
16905.7	-0.4643551029743578
16907.4	-0.17531353531435795
16909.1	-0.20279214865135792
16910.7	-0.539660339012358
16912.4	-0.717537024579358
16914.1	-1.0066880556693576
16915.7	-0.8328438565293582
16917.4	-0.41286515438935806
16919.1	0.37867939523064187
16920.7	0.6465799399706421
16922.4	0.7636742917606424
16924.1	0.796412645359042
16925.7	0.7616873810176419
16927.4	0.5827811049726421
16929.1	0.5127213809906419
16930.7	-0.051342648009358186
16932.4	-0.35581173126935783
16934.1	-0.9886783740293583
16935.8	-1.219534168129358
16937.4	-0.9607684633593578
16939.1	-0.7431492203233576
16940.8	-0.5476774789803578
16942.4	-0.17967119228935774
16944.1	-0.06458480466935784
16945.8	0.4063709501806421
16947.4	0.704032551430642
16949.1	1.355822988063642
16950.8	2.033583078300642
16952.4	2.334305131350642
16954.1	2.206556599980642
16955.8	1.9136726277406422
16957.4	1.3817438278806422
16959.1	0.741537566282642
16960.8	-0.016394638629357666
16962.4	-0.674226656419358
16964.1	-0.8546390474213581
16965.8	-0.9339966109693579
16967.4	-0.8764216322493578
16969.1	-0.5399229582093577
16970.8	-0.1994302061593581
16972.4	-0.2243511145113579
16974.1	-0.2794764630993578
16975.8	-0.5784014168493576
16977.4	-0.4087031558893577
16979.1	-0.3616085846503579
16980.8	-0.48579476507935787
16982.5	-0.703718770999358
16984.1	-1.2189483543193578
16985.8	-1.6947693942193574
16987.5	-1.8735946780693582
16989.1	-1.7504318282793578
16990.8	-1.1975472079593577
16992.5	-0.4335726113093578
16994.1	-0.2099819937843579
16995.8	0.14508206817064231
16997.5	0.22717743683064212
16999.1	0.49442320494064224
17000.8	0.6685236509270419
17002.5	0.933025089007642
17004.1	0.5577454715206421
17005.8	0.4857862831106421
17007.5	-0.04339342755935793
17009.1	-0.14602391925735758
17010.8	0.04556458762064203
17012.5	0.7768777951806418
17014.1	1.2637949032206417
17015.8	1.8608267373206422
17017.5	1.794571938150642
17019.1	1.7228200668706422
17020.8	1.188050204690642
17022.5	0.4985177904006419
17024.2	-0.390098537489358
17025.8	-0.997627737649358
17027.5	-1.511516974649358
17029.2	-1.3622627421693585
17030.8	-0.9122080125173582
17032.5	0.436232984080642
17034.2	1.676463756147742
17035.8	2.3461000563206422
17037.5	2.3741237114706424
17039.2	1.985587622990642
17040.8	1.288059640810642
17042.5	1.148599517380642
17044.2	1.078886459346642
17045.8	1.269480621120642
17047.5	1.3460037389966424
17049.2	1.0352158480926419
17050.8	0.4150435425346421
17052.5	0.027613100360641962
17054.2	-0.47925539648335824
17055.8	-0.8863965017893577
17057.5	-1.4490047839123577
17059.2	-1.8604572487393578
17060.8	-1.993628394669358
17062.5	-1.9000978863293578
17064.2	-1.4656043048393577
17065.8	-0.925755427509358
17067.5	-0.535131146189358
17069.2	-0.17103946098935802
17070.9	-0.2183608780653578
17072.5	-0.17648596028935792
17074.2	-0.17695427847135792
17075.9	-0.45502904059935767
17077.5	-0.873405263229358
17079.2	-0.9384260803473574
17080.9	-1.255511291187358
17082.5	-0.8675007205153579
17084.2	-0.2228925336393578
17085.9	0.570206569451642
17087.5	1.0487060810546422
17089.2	1.5918940197546418
17090.9	1.221335470040642
17092.5	0.8905978399956421
17094.2	-0.34685104960935803
17095.9	-0.9689832386393578
17097.5	-1.2584338061893583
17099.2	-1.141677708219358
17100.9	-0.7468771679393575
17102.5	0.05492245514164218
17104.2	0.3317399146696421
17105.9	0.22001532077064198
17107.5	-0.7772814543293579
17109.2	-1.4033637856293577
17110.9	-1.5900589238393574
17112.5	-1.3814446040193578
17114.2	-0.4119478929039578
17115.9	0.9083674989606423
17117.6	1.8995606744706421
17119.2	2.466572545750642
17120.9	2.375550356680642
17122.6	1.666130585457642
17124.2	0.917938861609642
17125.9	-0.20177745519935825
17127.6	-0.9354029972293577
17129.2	-1.4541470292093577
17130.9	-1.7738849720113579
17132.6	-1.777920350449358
17134.2	-1.2239628362173578
17135.9	-0.8033213920493578
17137.6	-0.22061259414935747
17139.2	0.412868335180642
17140.9	0.820819554434642
17142.6	1.1337540097506422
17144.2	1.209898931010642
17145.9	0.9815792598486421
17147.6	0.9388889371706421
17149.2	0.7446280964496421
17150.9	0.49891449476064215
17152.6	0.6757795516726421
17154.2	0.7605902372806422
17155.9	0.965646379170642
17157.6	1.2668091945926423
17159.2	1.3447802283166421
17160.9	1.6772826148706417
17162.6	1.8166151633846421
17164.3	2.0065285090206424
17165.9	1.9083567738706424
17167.6	1.6653311474706423
17169.3	1.366601520260642
17170.9	1.0954260321706422
17172.6	0.8847918077206419
17174.3	0.6298650093506423
17175.9	0.2842747675216418
17177.6	0.07029566500064222
17179.3	-0.459818176829358
17180.9	-0.6845835565093579
17182.6	-0.7896322987933581
17184.3	-1.0322244500293578
17185.9	-0.8021565412293581
17187.6	-0.6155310334893582
17189.3	-0.21629571198935782
17190.9	0.30166510668064206
17192.6	0.32147587450064236
17194.3	0.3131854712106425
17195.9	0.06522122975464203
17197.6	-0.08901346728935794
17199.3	0.13987634945864214
17200.9	0.5181366033506424
17202.6	1.0983812306906422
17204.3	1.3835064505106418
17206.0	1.3275125462306419
17207.6	1.0200732115606421
17209.3	0.36630024215064205
17211.0	-0.09245094154935792
17212.6	-0.5544538983693579
17214.3	-0.6303520789493577
17216.0	-0.3377897467393577
17217.6	-0.16060716500935768
17219.3	0.08739093304064227
17221.0	0.5120613830206417
17222.6	0.6550630897906421
17224.3	1.0394872345146422
17226.0	1.1157454653106422
17227.6	0.8976783301006416
17229.3	0.6365581534506424
17231.0	-0.0025457125593572327
17232.6	-0.755354484979358
17234.3	-1.269319401732358
17236.0	-1.623688060689358
17237.6	-1.818215673323358
17239.3	-1.583156747418358
17241.0	-1.2721787617493574
17242.6	-0.8704585491133576
17244.3	-0.5117534816393576
17246.0	-0.2476820932493579
17247.6	0.0604347427846421
17249.3	0.620184579861642
17251.0	1.054182954786642
17252.7	1.398951829260642
17254.3	1.4053258239246422
17256.0	0.9535092043516423
17257.7	0.25511948325064204
17259.3	-0.30555298943935794
17261.0	-0.48392330220935786
17262.7	-0.24353456830935788
17264.3	-0.22076733802935797
17266.0	-0.07295203033935815
17267.7	0.272009427160642
17269.3	0.5458381911406418
17271.0	0.7495762909406419
17272.7	1.4508474682706423
17274.3	1.6269125562106421
17276.0	1.3074106850764422
17277.7	0.8702745009706423
17279.3	0.07724642067064247
17281.0	-0.3903258830393578
17282.7	-0.3547978291333579
17284.3	-0.5363609014073583
17286.0	-0.08820581820135764
17287.7	0.3457214598106422
17289.3	0.2972755846506425
17291.0	0.5335567127706422
17292.7	0.47719392038864233
17294.3	0.264525865050642
17296.0	0.4398510470726418
17297.7	0.235484844410642
17299.4	0.5769989529456423
17301.0	0.7686505567306419
17302.7	1.082893058550642
17304.4	0.8321859784046424
17306.0	0.48032953597564243
17307.7	0.033911185990642245
17309.4	0.021372399340642168
17311.0	-0.18630851908935797
17312.7	0.29997774390064214
17314.4	0.3391150296806419
17316.0	0.6956595045406421
17317.7	0.5931651694666418
17319.4	0.7708443732276421
17321.0	0.7601414569206421
17322.7	0.7886754380706422
17324.4	0.41846808596064217
17326.0	0.31448830090554214
17327.7	0.171104125210642
17329.4	0.00021388565264246484
17331.0	-0.28496892306935784
17332.7	-0.3336308707753578
17334.4	-0.7899283562093579
17336.0	-0.8897436079893579
17337.7	-0.5720366157393579
17339.4	0.059732000580641875
17341.0	0.6327156177506421
17342.7	1.282635012480642
17344.4	1.4308799817706424
17346.1	1.8929380338306423
17347.7	1.978010837910642
17349.4	2.273493359010642
17351.1	2.392364614310642
17352.7	2.158931017960642
17354.4	1.020606900070642
17356.1	0.1965684794554421
17357.7	-0.522247399939358
17359.4	-0.513273781159358
17361.1	-0.5887837300123577
17362.7	-0.5200764956693578
17364.4	-0.8439156187593578
17366.1	-1.0905401599693578
17367.7	-1.6008035288993578
17369.4	-1.630259703841358
17371.1	-1.476875810609358
17372.7	-1.0490043609493576
17374.4	-0.706799043469358
17376.1	-0.2808473056593579
17377.7	-0.11869512369935781
17379.4	0.6306691852686422
17381.1	1.3639506919606421
17382.7	1.8673547447306422
17384.4	2.060161635894642
17386.1	2.258588198540642
17387.8	2.557173678180642
17389.4	2.667207663640642
17391.1	2.739508252238642
17392.8	2.681930098980642
17394.4	2.245329728910643
17396.1	1.2255688828306421
17397.8	0.16880807962064215
17399.4	-0.7188170593293578
17401.1	-1.046109943300358
17402.8	-1.2485102430903579
17404.4	-1.3228565021693584
17406.1	-1.026533781899358
17407.8	-1.0566577869593579
17409.4	-0.9109933408103579
17411.1	-0.521854822436358
17412.8	0.12301316408064222
17414.4	0.22793176104064217
17416.1	0.16284894986064247
17417.8	-0.10772258840935744
17419.4	0.3018900686506423
17421.1	0.3627320631306422
17422.8	1.0280454533106422
17424.4	0.7611953473506422
17426.1	0.4725694218246426
17427.8	-0.09196035541935765
17429.4	-0.6952245692093578
17431.1	-0.7003661611593579
17432.8	0.03128910646664229
17434.5	0.3294697156106423
17436.1	0.7935227247006421
17437.8	0.849353899250642
17439.5	0.5976341828366419
17441.1	0.850778057150642
17442.8	0.7972979311806419
17444.5	0.7532945333106421
17446.1	0.539842089230642
17447.8	0.20999554558924188
17449.5	-0.4604925172193579
17451.1	-0.657707101492358
17452.8	-0.990684605299358
17454.5	-0.48444837120675777
17456.1	0.11425364727064202
17457.8	1.0073342810036416
17459.5	1.5048332323706421
17461.1	1.7799381344706422
17462.8	1.6372792439906418
17464.5	1.4678294184506417
17466.1	1.395794680980642
17467.8	1.556317019206642
17469.5	1.7206885208216423
17471.1	2.0028334644226424
17472.8	2.4025829944806425
17474.5	2.400873111720642
17476.1	2.0313256486306424
17477.8	1.3561301207706422
17479.5	0.8582719528806423
17481.2	0.2502905880806421
17482.8	0.11027320999064194
17484.5	-0.41321472082935784
17486.2	-0.5132194904993578
17487.8	-0.9917380497073582
17489.5	-1.7106950074993583
17491.2	-2.140107931369358
17492.8	-1.7259173565193582
17494.5	-1.2766621956993578
17496.2	-0.37673973879235767
17497.8	0.1699767578446424
17499.5	0.5758059548706419
17501.2	0.529115765701442
17502.8	0.19968003954664196
17504.5	-0.0350116686693579
17506.2	0.4310806322506421
17507.8	0.7249254699406421
17509.5	1.1974812444606422
17511.2	1.7607957159806422
17512.8	1.606432943790642
17514.5	1.3701590267106418
17516.2	0.848453385350642
17517.8	0.13964126028064205
17519.5	0.161357302412642
17521.2	-0.22474045958935795
17522.8	-0.47619774923935765
17524.5	-0.21992495713635785
17526.2	-0.014684218929358034
17527.9	0.3873841822506421
17529.5	0.7975355239306421
17531.2	0.9674937087126414
17532.9	1.1156497828806422
17534.5	0.9658338895606423
17536.2	1.1392454937286423
17537.9	1.3821666856006423
17539.5	1.674325316240642
17541.2	1.5463096893666424
17542.9	0.9514515461606419
17544.5	-0.24371113232935748
17546.2	-1.0643840945293581
17547.9	-1.6503400554093581
17549.5	-1.333033020709358
17551.2	-0.5656897878303577
17552.9	0.3555008331106419
17554.5	0.6818063297206419
17556.2	0.9856228868166423
17557.9	0.720237655370642
17559.5	0.521324108850642
17561.2	0.5934863729206425
17562.9	0.6048841250396423
17564.5	0.35784084445064224
17566.2	0.2809998040106422
17567.9	0.16600575461064204
17569.6	0.39787547891064207
17571.2	1.0759411081006423
17572.9	1.5228012646906424
17574.6	1.8932630835806419
17576.2	1.792974721981642
17577.9	1.3046026940446427
17579.6	0.7635716076906419
17581.2	0.5525202835706419
17582.9	0.6334180587006419
17584.6	0.5924639497706422
17586.2	0.3621984498566419
17587.9	-0.04813107372935799
17589.6	-0.7799370526293578
17591.2	-1.1397522542073575
17592.9	-1.1845587504293582
17594.6	-1.1606789439253582
17596.2	-0.5735351151033581
17597.9	-0.29033168187935776
17599.6	0.43427259671864177
17601.2	1.270812651338642
17602.9	2.106043692553642
17604.6	2.529987103650641
17606.2	2.946044094920642
17607.9	2.6216356905806415
17609.6	2.000676205130642
17611.2	0.9240963721706421
17612.9	0.4118853123706421
17614.6	-0.23560390881935722
17616.3	-0.42255681245935794
17617.9	-0.4599390569893581
17619.6	-0.17030283064935803
17621.3	0.2785911182056423
17622.9	0.699637768520642
17624.6	0.9994395223206423
17626.3	1.2642010296206418
17627.9	1.143967666730642
17629.6	1.0295756609206421
17631.3	0.5709627280176426
17632.9	0.4364772311006418
17634.6	-0.22153631411935792
17636.3	-0.2183271157493583
17637.9	-0.16118638332935759
17639.6	0.011733701617642464
17641.3	0.08147412041064231
17642.9	0.22663628467064198
17644.6	-0.2901132035693578
17646.3	-0.05638164568935794
17647.9	-0.685152187759358
17649.6	-0.6556107443593581
17651.3	-0.8605048015993578
17652.9	-1.032593181489358
17654.6	-0.904220836266358
17656.3	-0.7180792404833575
17657.9	-0.540732522759358
17659.6	0.17700767475064225
17661.3	0.489710612959642
17663.0	1.0015982494806424
17664.6	1.0415544322306425
17666.3	1.2037524581606422
17668.0	1.4720399394906418
17669.6	1.653228468510642
17671.3	1.736694315760642
17673.0	1.8090535421606422
17674.6	1.619697335767642
17676.3	1.237037965190642
17678.0	0.8691667875636424
17679.6	0.49107772974364206
17681.3	0.0932446418506423
17683.0	-0.011211560889357708
17684.6	-0.306225979869358
17686.3	-0.283377886249358
17688.0	0.11474842143064212
17689.6	0.6697646594306423
17691.3	0.843975222370642
17693.0	0.6830656543006421
17694.6	0.038671899730642056
17696.3	-0.5495855428903579
17698.0	-1.232999349729358
17699.6	-0.9686086025293581
17701.3	-0.6689256239723582
17703.0	2.517319641959226e-06
17704.6	0.34420526295064224
17706.3	0.5866748155106422
17708.0	0.826578023880642
17709.7	0.9478274115706422
17711.3	0.18276006671064216
17713.0	-0.7603839722283577
17714.7	-2.021824220077358
17716.3	-3.1561567203073575
17718.0	-3.6453211272693578
17719.7	-3.274190054289358
17721.3	-2.320999300409358
17723.0	-1.2000881186393575
17724.7	-0.710792340973358
17726.3	-0.6283386723593579
17728.0	-1.2237081274393578
17729.7	-1.9599175335393577
17731.3	-2.385697790249358
17733.0	-2.0592765837793583
17734.7	-0.9974756572493582
17736.3	0.40077868926064203
17738.0	1.030727743470642
17739.7	1.6870182911866418
17741.3	1.561994577372642
17743.0	1.206534236300642
17744.7	1.0486358723506424
17746.3	0.738382447650642
17748.0	0.7949472120366421
17749.7	0.8323374108826427
17751.4	0.37301347410064234
17753.0	0.21629954169064192
17754.7	-0.04484250661935807
17756.4	-0.15531478904935753
17758.0	0.11952915726064203
17759.7	0.519223837832642
17761.4	0.613351430110642
17763.0	1.0310302288706419
17764.7	0.43548414505064226
17766.4	-0.055471341419357584
17768.0	-0.7213861947593581
17769.7	-1.203480160449358
17771.4	-1.3792738706693577
17773.0	-0.860159258809358
17774.7	-0.8472472980093578
17776.4	-0.3129433096173578
17778.0	-0.2916245843093579
17779.7	-0.20928730854935784
17781.4	-0.597696020929358
17783.0	-1.148082600169358
17784.7	-1.749126830638358
17786.4	-1.8461083110793577
17788.0	-1.5875597581893581
17789.7	-1.3941018652703578
17791.4	-0.9756484803693577
17793.0	-0.43296010142935804
17794.7	-0.688005240279358
17796.4	-0.8254520687493578
17798.1	-1.3822450320893576
17799.7	-1.5199088582993574
17801.4	-1.5488378685593578
17803.1	-1.461609734029358
17804.7	-1.387328768529358
17806.4	-0.7926596228193581
17808.1	-0.5973749882493578
17809.7	-0.1284659663893581
17811.4	-0.242548816579358
17813.1	-0.3484813113273581
17814.7	-0.8543314014323578
17816.4	-1.145720191589358
17818.1	-1.6618950502893577
17819.7	-1.8254244070893575
17821.4	-1.546363780819358
17823.1	-0.9915408469093578
17824.7	-0.6236558706893579
17826.4	0.15271455785264237
17828.1	0.45466109857064174
17829.7	0.8280831002506422
17831.4	0.8107444271406421
17833.1	0.3537418446366419
17834.7	-0.1574856311293579
17836.4	-0.15456958951935798
17838.1	-0.41409012742935797
17839.7	0.061402553721641884
17841.4	0.1952822709606421
17843.1	0.3877029859506427
17844.8	0.2747465802706419
17846.4	0.5678311449306418
17848.1	1.1553612674116422
17849.8	1.883358131370642
17851.4	2.207740692340642
17853.1	2.160086206982642
17854.8	1.5567799605646422
17856.4	0.928918282710642
17858.1	0.289150222290642
17859.8	0.21641150853064206
17861.4	0.4287943641906421
17863.1	0.3809403619506419
17864.8	0.2869140267906422
17866.4	0.4519248509006424
17868.1	0.7071803346206419
17869.8	1.5328952972066425
17871.4	1.783233660370642
17873.1	1.8288079289106418
17874.8	1.513508438480642
17876.4	0.7308522795206421
17878.1	-0.1567923057793582
17879.8	0.10337030717064202
17881.4	0.023005803710642148
17883.1	0.6725227825526421
17884.8	1.2063958474306418
17886.4	1.1888969919306422
17888.1	0.9094115258706421
17889.8	0.27860042497064225
17891.5	-0.8084068725193579
17893.1	-1.045330169639358
17894.8	-1.3700572981393577
17896.5	-1.2766759784373576
17898.1	-1.0280041783093579
17899.8	-0.894254554639358
17901.5	-1.2240448322133577
17903.1	-1.3485226148893579
17904.8	-1.770394211239358
17906.5	-1.6297992066393578
17908.1	-1.566631660661358
17909.8	-1.6539433553493579
17911.5	-1.8690091115993581
17913.1	-1.892582758149358
17914.8	-1.8415315819393578
17916.5	-0.9200732830093578
17918.1	0.15691490796364216
17919.8	1.269013020170642
17921.5	1.3897662490206426
17923.1	1.290269399160642
17924.8	1.1534300527906423
17926.5	1.1507088240506418
17928.1	1.5464186159506421
17929.8	2.316667087980642
17931.5	2.540813403320642
17933.2	2.713066667000642
17934.8	1.895723491390642
17936.5	1.2185543633706422
17938.2	0.9053924261306421
17939.8	0.6342683344306419
17941.5	0.8396252826806422
17943.2	1.6431925089806423
17944.8	1.962379564680642
17946.5	2.2880884773006422
17948.2	2.259463483910642
17949.8	1.9273621776546421
17951.5	1.2571355149526418
17953.2	0.9258495452306419
17954.8	1.2816287899806418
17956.5	2.162298663150642
17958.2	2.4981388984706427
17959.8	2.5877878212306427
17961.5	1.740060103721642
17963.2	0.9120642767269421
17964.8	-0.5023904955793577
17966.5	-0.6558268767693578
17968.2	-0.29035992780935777
17969.8	0.6377175172106417
17971.5	1.358157106042642
17973.2	1.963462315910642
17974.8	1.4838513454206423
17976.5	0.734604164180642
17978.2	-0.5792277962093578
17979.9	-1.2283698226593578
17981.5	-1.351478316219358
17983.2	-0.9432201040093579
17984.9	0.22025356953664188
17986.5	1.3229892251636421
17988.2	1.6274425783206423
17989.9	1.4882743045406421
17991.5	0.9592323749606422
17993.2	0.24818615418064205
17994.9	-0.26874814053935825
17996.5	-0.676690721761358
17998.2	-0.8623345296842578
17999.9	-1.0065045003193573
18001.5	-1.302104552739358
18003.2	-0.973086064896358
18004.9	-0.5873053605693577
18006.5	-0.24105397831935782
18008.2	0.2246681264018423
18009.9	0.8521298839006423
18011.5	0.7305815581006423
18013.2	0.03821776377064201
18014.9	-0.6377730277793583
18016.5	-0.9875559944293576
18018.2	-0.8521822347083582
18019.9	-0.5723118613593577
18021.5	-0.3592406472993579
18023.2	0.06636470847064185
18024.9	0.017582813481642257
18026.6	-0.5517136099193584
18028.2	-0.6605531989393582
18029.9	-0.5819539989893583
18031.6	-0.7251741383693582
18033.2	-0.6368758865323578
18034.9	-0.5772859712193581
18036.6	-0.35518125811635815
18038.2	-0.09660109309135799
18039.9	0.13755752689064232
18041.6	0.23446218211064224
18043.2	0.3007315564306421
18044.9	0.1216454925936422
18046.6	-0.05806115097935789
18048.2	-0.02751510203935821
18049.9	0.010210860370642186
18051.6	-0.2060513199493578
18053.2	-0.20805735636535766
18054.9	-0.42661780072935784
18056.6	-0.38209766933935774
18058.2	-0.4586618041893581
18059.9	-0.3066725892093577
18061.6	-0.024672241709357667
18063.2	-0.0091056595093576
18064.9	0.03692742251064218
18066.6	0.1553741091366424
18068.2	-0.0019586796293578623
18069.9	0.20959220944064222
18071.6	0.3347653707554419
18073.3	0.848751696780642
18074.9	1.2548234806606418
18076.6	1.2532408194106421
18078.3	0.800157460040642
18079.9	0.06968688734064188
18081.6	-0.9890999987193578
18083.3	-1.995777701409358
18084.9	-2.8700841965093575
18086.6	-2.811901691879358
18088.3	-2.5459295173193577
18089.9	-1.605570993353158
18091.6	-0.6270591510293579
18093.3	0.5992631096006417
18094.9	1.5381938201206422
18096.6	2.4327879330806423
18098.3	2.862453688214642
18099.9	3.3866675603426426
18101.6	3.0958500339806423
18103.3	2.872176009690642
18104.9	2.3956286673222427
18106.6	2.124537941050643
18108.3	1.4866811289306423
18109.9	1.0518342377006422
18111.6	0.4550657154906422
18113.3	0.006738079200642103
18115.0	-0.8074802325293576
18116.6	-0.5377110498593577
18118.3	-0.4218338206493576
18120.0	0.11883148561064194
18121.6	0.14812305012064225
18123.3	-0.13755674443935806
18125.0	-0.2561448548793579
18126.6	-0.3926534929193583
18128.3	-0.554960399621858
18130.0	-0.25388666251935765
18131.6	0.052095362487242114
18133.3	0.525698764020642
18135.0	0.9729268207006418
18136.6	1.489789961070642
18138.3	1.8972675932906422
18140.0	1.8458607544206422
18141.6	1.5084331384506422
18143.3	0.892674484190642
18145.0	0.40178589427064226
18146.6	0.2523882559476415
18148.3	-0.23212279117935875
18150.0	-0.47375691974935796
18151.6	-0.703956313049358
18153.3	-0.517948751739358
18155.0	-0.22253879447935787
18156.6	0.017731571600642093
18158.3	0.4382759395316421
18160.0	0.617790572017642
18161.7	0.570259890110642
18163.3	0.7302955719906419
18165.0	0.584682800370642
18166.7	0.7140686028316423
18168.3	0.7259940667406418
18170.0	0.3456655916006419
18171.7	0.281338970600642
18173.3	0.39297880994064216
18175.0	0.3938832537906422
18176.7	0.801460787210642
18178.3	0.7013884424806418
18180.0	0.8483771322606427
18181.7	0.748488024818642
18183.3	0.522622351210642
18185.0	0.2150071051206419
18186.7	-0.17371286699935806
18188.3	-0.4890185490293578
18190.0	-0.5439872658793579
18191.7	-0.6567394534593579
18193.3	-0.477727994727358
18195.0	-0.08932624837935801
18196.7	0.3406105376706422
18198.3	0.637277014110642
18200.0	0.5280656821906421
18201.7	0.362983921440642
18203.3	0.19553313338064196
18205.0	0.0608618098406421
18206.7	0.2193458176306421
18208.4	0.4858061688156421
18210.0	0.899206873250642
18211.7	0.6376998958906422
18213.4	0.0783682215206421
18215.0	-0.734322942049358
18216.7	-1.362572600279358
18218.4	-2.1882763988293576
18220.0	-2.6305137894103576
18221.7	-2.8893219229293576
18223.4	-2.512528058619358
18225.0	-2.115998330409358
18226.7	-1.1776180060493577
18228.4	-0.13063567479935803
18230.0	0.7042334890186421
18231.7	0.9830998973706421
18233.4	0.6605214144406422
18235.0	-0.28097847477935767
18236.7	-1.0163885609593581
18238.4	-1.690708084019358
18240.0	-2.0306440409093574
18241.7	-1.7659054295093584
18243.4	-1.4869460259293579
18245.0	-1.507411852869358
18246.7	-1.2893630815893578
18248.4	-1.0471777756793577
18250.0	-0.4497031450893576
18251.7	0.5857545530606425
18253.4	1.4187174341556419
18255.1	1.803031521900642
18256.7	2.128863117830642
18258.4	1.934989462088642
18260.1	1.9909661938106415
18261.7	2.379213181650643
18263.4	2.4007497501106423
18265.1	2.137114307000642
18266.7	1.527821557245642
18268.4	0.7464623364806421
18270.1	0.3120099109206421
18271.7	-0.032144107869357785
18273.4	-0.1674853556573579
18275.1	-0.2583882133093578
18276.7	-0.06509386598745809
18278.4	0.0683555910606422
18280.1	0.4370886749206421
18281.7	1.0551170268406422
18283.4	1.369967428880642
18285.1	0.9503341607806419
18286.7	0.4782170780506423
18288.4	-0.3235265955393579
18290.1	-0.6369283189203578
18291.7	-0.8529405455793578
18293.4	-1.1786354996983577
18295.1	-1.2959078347993573
18296.8	-1.8209794747793575
18298.4	-2.161852567270358
18300.1	-2.1142942859693576
18301.8	-1.460232227129358
18303.4	-0.835031312069358
18305.1	-0.3066873545093577
18306.8	-0.3696361214093575
18308.4	-0.297198415399358
18310.1	-0.5493551665293581
18311.8	-0.36737843740935805
18313.4	-0.20364350045935786
18315.1	0.18395931918064218
18316.8	0.002182445660642074
18318.4	-0.160449076355358
18320.1	-0.5352035669393578
18321.8	-0.5831337974793578
18323.4	-0.24527786732935808
18325.1	0.1287118891886419
18326.8	0.24676298027064214
18328.4	0.6938459828206418
18330.1	0.9154845709116419
18331.8	1.183555087115642
18333.4	1.052559494271642
18335.1	0.7266151856906421
18336.8	0.24424004649064204
18338.4	-0.08439313830935799
18340.1	-0.31342123813935774
18341.8	-0.6057903954953578
18343.5	-0.490679807069358
18345.1	-0.7827894596493579
18346.8	-0.8755538689993577
18348.5	-1.064251178179358
18350.1	-1.256962271019358
18351.8	-1.590077290369358
18353.5	-1.6698164323893583
18355.1	-2.397002913703358
18356.8	-2.095657980169358
18358.5	-2.2279053980693573
18360.1	-1.7700834481233574
18361.8	-1.6523080134593573
18363.5	-1.6036045817293578
18365.1	-1.4327646420293578
18366.8	-0.6784016481783581
18368.5	0.20793329509064212
18370.1	1.750803939760642
18371.8	2.386083992551642
18373.5	2.7054682455206427
18375.1	2.4097697976406423
18376.8	2.217971295640642
18378.5	2.056801662380642
18380.1	1.745861112460642
18381.8	1.2752934102006424
18383.5	0.5843628645636421
18385.1	-0.566551485259358
18386.8	-0.972872293929358
18388.5	-1.0593922734293575
18390.2	-0.0987522138793579
18391.8	0.8372445986806423
18393.5	1.2823275672506431
18395.2	1.3439921068506422
18396.8	1.1499175559106412
18398.5	0.6036226356906416
18400.2	0.38282067797064245
18401.8	0.31092204822064184
18403.5	0.6952180729386419
18405.2	1.123747258970642
18406.8	1.7490435736506424
18408.5	2.011069067540642
18410.2	2.1911061390906417
18411.8	1.850169373930642
18413.5	1.2640371230706418
18415.2	1.178970528070642
18416.8	1.4205585213286418
18418.5	1.662742463370642
18420.2	2.036523826140642
18421.8	2.021666778149142
18423.5	1.5906720420906422
18425.2	0.5831920211306418
18426.8	-0.2810113523693577
18428.5	-0.6651637583893582
18430.2	-0.6915571888883583
18431.8	-0.4007367939993577
18433.5	0.2147658101146419
18435.2	0.8835513632616421
18436.9	1.4247070639406423
18438.5	1.230455761505842
18440.2	1.102791892658642
18441.9	0.6618228038106417
18443.5	0.4175479252456417
18445.2	0.2853597179406419
18446.9	0.2925789705906421
18448.5	0.2908128425306422
18450.2	0.254024108870642
18451.9	0.25024390219064196
18453.5	0.2971020552746418
18455.2	-0.0027609353693577032
18456.9	-0.15491269026935814
18458.5	-0.30370770541935826
18460.2	-0.4767901046593579
18461.9	-0.5977408944033575
18463.5	-0.8125593359393574
18465.2	-0.6947559186593579
18466.9	-0.24878199041135785
18468.5	0.030475921350642393
18470.2	0.22188967167064222
18471.9	0.2455495237176421
18473.5	0.04363058951364232
18475.2	-0.901191331449358
18476.9	-1.7912071598343582
18478.6	-2.3662925352893582
18480.2	-2.0866176691893576
18481.9	-1.4944031188793578
18483.6	-0.824088955439358
18485.2	-0.6896482415593578
18486.9	-0.6047432851593578
18488.6	-0.9767382707293577
18490.2	-1.1757914642593579
18491.9	-1.2659747232571577
18493.6	-1.2219276970293576
18495.2	-1.3172079374393577
18496.9	-1.4312888801993577
18498.6	-1.6156552559193575
18500.2	-1.393814766399358
18501.9	-1.001020009229358
18503.6	-0.21340385725935795
18505.2	0.12171367257064225
18506.9	-0.17262017995535783
18508.6	-0.018445145782358008
18510.2	-0.05008239140935794
18511.9	0.028266874460642077
18513.6	0.5637086970206417
18515.2	0.815341612220642
18516.9	1.374545026385542
18518.6	1.406129115330642
18520.2	0.6920902626606423
18521.9	0.258705630830642
18523.6	-0.5629383849893579
18525.3	-1.269210587389358
18526.9	-1.255577942589358
18528.6	-1.0674509904693579
18530.3	-0.41601753714035805
18531.9	0.12749394881064163
18533.6	0.7148389224406424
18535.3	1.3712209669906419
18536.9	2.005894267923643
18538.6	2.6608661170106425
18540.3	3.0860298843596428
18541.9	2.875805645520642
18543.6	2.198302328160642
18545.3	1.0536279080206423
18546.9	-0.222245516939358
18548.6	-1.149185589859358
18550.3	-1.591298320977358
18551.9	-1.208910554289358
18553.6	-0.7071678978993579
18555.3	-0.45214952434935807
18556.9	-0.3649753029993578
18558.6	-0.07076733903935828
18560.3	0.15635877431064218
18561.9	1.0229724906806426
18563.6	1.8083008342806424
18565.3	2.296811030410642
18566.9	2.020214527560642
18568.6	1.1157064657246423
18570.3	0.23046133798064192
18572.0	-0.392401265089358
18573.6	-0.40288139596135797
18575.3	-0.3253475168093579
18577.0	-0.3782751513323581
18578.6	-0.6389584316043582
18580.3	-0.8292125943293579
18582.0	-1.0821409283393575
18583.6	-0.9542909629713581
18585.3	-1.0513600784273573
18587.0	-0.9713564747493583
18588.6	-1.320135547439358
18590.3	-1.487690533209358
18592.0	-2.0352271875893577
18593.6	-1.854518810609358
18595.3	-1.889505810719358
18597.0	-1.7610596341393578
18598.6	-1.713905317829358
18600.3	-1.3456560735093581
18602.0	-1.2321062146723578
18603.6	-0.5151549872023579
18605.3	-0.4103159714293578
18607.0	-0.1336462273713579
18608.6	-0.11536566955935787
18610.3	-0.409401078989358
18612.0	-1.1643459556393583
18613.6	-1.4316579688893578
18615.3	-1.902010238279358
18617.0	-2.059326103089358
18618.7	-2.288671426309358
18620.3	-2.6228914720913576
18622.0	-2.547580615659359
18623.7	-2.562540857282358
18625.3	-2.5586948464293577
18627.0	-2.2506182005653566
18628.7	-2.040990951629358
18630.3	-1.9905938402393575
18632.0	-1.6467577104193583
18633.7	-1.5609853886893579
18635.3	-0.9234313758873579
18637.0	-0.05799380512935784
18638.7	0.912227491650642
18640.3	1.7096612806376423
18642.0	1.669476529170642
18643.7	1.2445241210706426
18645.3	0.2974181179706422
18647.0	-0.6864343815893577
18648.7	-1.4046280342593573
18650.3	-1.457053766249358
18652.0	-1.1656414748693582
18653.7	-0.09412701934935797
18655.3	0.3636304599586423
18657.0	1.2412367376266422
18658.7	1.3325843082606421
18660.4	1.2279421348106423
18662.0	1.028766749692642
18663.7	1.084910511160642
18665.4	1.0579993695506422
18667.0	1.3248398492856421
18668.7	1.246901759178642
18670.4	1.151294366041642
18672.0	0.26976802219364193
18673.7	-0.2884173816293578
18675.4	-0.6014389651893577
18677.0	-0.3096846344593575
18678.7	0.1939859407706423
18680.4	0.7714545134306418
18682.0	1.194886395070642
18683.7	1.610222242860642
18685.4	1.417799836230642
18687.0	1.1096537609506425
18688.7	0.4631901365306421
18690.4	-0.17936747190935784
18692.0	-0.9513672865293579
18693.7	-1.2509907105613576
18695.4	-1.0119652699063577
18697.0	-0.4429006193493582
18698.7	0.3013519816706419
18700.4	1.0533709838706422
18702.0	1.3041581808856413
18703.7	1.5944445631706416
18705.4	1.342901428990642
18707.1	0.8050315539306419
18708.7	0.16364180274064213
18710.4	-0.707451960550358
18712.1	-1.7898170568593579
18713.7	-2.0892016610493576
18715.4	-2.035127989129358
18717.1	-1.664859002173358
18718.7	-1.3035828220533576
18720.4	-1.0102365029893583
18722.1	-0.9313224437293577
18723.7	-0.971117300919358
18725.4	-1.1408923628293575
18727.1	-1.060704369569358
18728.7	-0.9519689537593579
18730.4	-0.8959485350693575
18732.1	-0.8882701371973575
18733.7	-0.23140687938935833
18735.4	0.7684554356196421
18737.1	1.8573327357706422
18738.7	2.3671294171406423
18740.4	2.7419541049996425
18742.1	2.425698084430642
18743.7	2.046445463910642
18745.4	1.681730745400642
18747.1	1.440865846120642
18748.7	0.8659146824706422
18750.4	0.35619550248064175
18752.1	-0.7702141499993583
18753.8	-1.2583967917873577
18755.4	-1.5079487826293574
18757.1	-1.424302135729358
18758.8	-1.328604643879358
18760.4	-1.0286155541093582
18762.1	-0.9580379962493579
18763.8	-0.7853203878233572
18765.4	-0.48535598491935844
18767.1	-0.3049586821893576
18768.8	-0.48812515295935766
18770.4	-0.5909663459293578
18772.1	-0.9476621080293581
18773.8	-1.306409394029358
18775.4	-1.094580529329358
18777.1	-1.2092179377193577
18778.8	-1.0254594238593575
18780.4	-0.8364645132310577
18782.1	-0.8942591823444577
18783.8	-0.40339923885935763
18785.4	-0.1086355555693577
18787.1	-0.09267593864935803
18788.8	0.05395011794064214
18790.4	0.029174838620642296
18792.1	0.1793723924566422
18793.8	0.42350905020064206
18795.4	0.6395135648706423
18797.1	0.9521716910906421
18798.8	0.8381242619906419
18800.5	1.0716184360306418
18802.1	1.2005459451906422
18803.8	1.088697540750642
18805.5	1.1639431364406418
18807.1	0.831099491880642
18808.8	0.447572348870642
18810.5	0.13386318292064192
18812.1	-0.15893544213935798
18813.8	-0.31254460153935776
18815.5	-0.642639533139358
18817.1	-0.9744048512293579
18818.8	-0.881198155169358
18820.5	-0.5523184578793577
18822.1	0.07774905478064248
18823.8	0.5468186874706422
18825.5	0.6416489973606418
18827.1	0.5500729581759423
18828.8	0.22515525455064223
18830.5	0.3257380362806419
18832.1	0.2554355066406422
18833.8	0.0636526812306421
18835.5	-0.1845462740093578
18837.1	-0.2748596566793578
18838.8	-0.22672405672935797
18840.5	0.27129675078064164
18842.2	0.5652736807806419
18843.8	0.6382546001706425
18845.5	0.05076604639464222
18847.2	-1.010063916149358
18848.8	-1.920744605321358
18850.5	-2.1504179208393577
18852.2	-2.206670797049358
18853.8	-1.6086054444293576
18855.5	-1.0158265059293579
18857.2	-0.4542424877493578
18858.8	0.03609382879064201
18860.5	0.40926778371064226
18862.2	0.40244301373064223
18863.8	0.517510533730642
18865.5	0.1737323517106421
18867.2	-0.0430226639893579
18868.8	-0.30907330981935777
18870.5	-0.24429477129935817
18872.2	-0.02832905286935794
18873.8	0.40385392713064183
18875.5	0.6218639251006421
18877.2	0.331543366750642
18878.8	-0.6100206298493578
18880.5	-1.430247057119358
18882.2	-1.7855418240036578
18883.8	-1.6036350496693577
18885.5	-1.2084487632793577
18887.2	-0.7714671171793577
18888.9	-0.40794943294935804
18890.5	-0.47369757225935766
18892.2	-0.7866728099793578
18893.9	-0.7040813551293582
18895.5	-0.11327374207935803
18897.2	0.308442287692642
18898.9	0.0603251883706421
18900.5	-0.2672805850553581
18902.2	-1.0480180011433577
18903.9	-1.6629220773293576
18905.5	-1.861506050369358
18907.2	-1.694766077939358
18908.9	-1.2345535048293577
18910.5	-0.6136233878293575
18912.2	-0.4337399667893578
18913.9	-0.037005358849357656
18915.5	0.25820652228264207
18917.2	0.4915458864986423
18918.9	0.9609129803806424
18920.5	1.6962235073506418
18922.2	1.454977275920642
18923.9	1.3300454444506424
18925.5	1.0638502238036418
18927.2	1.0539524793706418
18928.9	0.9555237217106418
18930.5	0.8674178495956415
18932.2	0.5999283060116418
18933.9	0.5770057764706422
18935.6	0.5030532570806421
18937.2	0.6280975692906422
18938.9	0.9315505324506422
18940.6	1.677691682650642
18942.2	1.984409714600642
18943.9	1.9196495527606423
18945.6	1.5999959709006424
18947.2	1.257741949410642
18948.9	1.3485071843106424
18950.6	1.5109089389706423
18952.2	1.5911263534706417
18953.9	1.7249032389716419
18955.6	1.6413140112006421
18957.2	1.5240562724566424
18958.9	1.133987447100642
18960.6	0.7430722639316423
18962.2	0.3032824161806419
18963.9	-0.3314287758093579
18965.6	-0.7912348670893581
18967.2	-0.9266139665593576
18968.9	-1.1078167879983578
18970.6	-1.0454311870293576
18972.2	-0.9598922449393573
18973.9	-0.4220685997693579
18975.6	0.3980140168506421
18977.2	1.2159078916716421
18978.9	2.033653821340642
18980.6	2.4139315651406417
18982.3	1.6995797374806418
18983.9	0.7076481776706425
18985.6	0.021465211500642067
18987.3	0.511118387170642
18988.9	1.3576022224706419
18990.6	2.605091586000642
18992.3	3.900885304580642
18993.9	4.551044180320641
18995.6	4.793887197820642
18997.3	4.493728567250642
18998.9	3.920929169870642
19000.6	3.899144601000642
19002.3	3.2391284116706416
19003.9	2.355363160090642
19005.6	1.403089676280642
19007.3	-0.12603242260935826
19008.9	-0.708049300009358
19010.6	-0.7165718097193579
19012.3	0.1452801999706418
19013.9	2.1852500373706425
19015.6	3.680738425530642
19017.3	4.6388891561306425
19018.9	4.222462650170641
19020.6	2.756962174486642
19022.3	1.5067526282106423
19024.0	0.350733966400642
19025.6	-0.3016141628633583
19027.3	-0.46117760947935815
19029.0	-0.9808677382093579
19030.6	-1.0392842711413586
19032.3	-1.243024950459358
19034.0	-0.6447760329493577
19035.6	0.5666569977906422
19037.3	1.9162144701216424
19039.0	2.634088572610642
19040.6	2.814194889980642
19042.3	2.131352136170642
19044.0	1.616930745060642
19045.6	0.6860287028406423
19047.3	0.3345032790266419
19049.0	-0.0010095360493579397
19050.6	0.2104955527299518
19052.3	0.5670998933466422
19054.0	0.7522755299246416
19055.6	1.0007841746906418
19057.3	0.9993178162506422
19059.0	0.5245718045606419
19060.6	0.16109010559064185
19062.3	-0.3035968842393579
19064.0	-0.32817503953915794
19065.6	-0.27723728030535794
19067.3	-0.631963907039358
19069.0	-0.7675475356223583
19070.7	-1.1796362370793578
19072.3	-1.241767411369358
19074.0	-0.933365379069358
19075.7	-0.6827707475573579
19077.3	0.10056929435064199
19079.0	0.40241162689064214
19080.7	0.590078590680642
19082.3	1.0690270939096418
19084.0	1.5088000526656418
19085.7	1.785980265410642
19087.3	1.7937840007006418
19089.0	1.1580816542706418
19090.7	0.9613310803706421
19092.3	0.4293175231596422
19094.0	-0.01661509869935829
19095.7	-0.18132582593935753
19097.3	-0.055594496569357554
19099.0	-0.19999526604935802
19100.7	-0.32815785677785825
19102.3	-0.5788906965293579
19104.0	-0.7813969938593575
19105.7	-0.7467536282903577
19107.3	-0.9924840292993571
19109.0	-1.2376937812733577
19110.7	-0.8614968256393578
19112.3	-0.9280944889813578
19114.0	-0.6162118247293579
19115.7	-0.2374492501693578
19117.4	-0.07518291619535794
19119.0	0.15344021525964202
19120.7	0.2272479188706419
19122.4	-0.04247433749935786
19124.0	-0.2774377490793578
19125.7	-0.6508373872093582
19127.4	-0.44022698295935764
19129.0	-0.21416000831935794
19130.7	0.7905199721206424
19132.4	1.5638352130586421
19134.0	1.8666554437706417
19135.7	2.101772985900642
19137.4	1.8251863841536418
19139.0	0.9346741374506424
19140.7	0.27235514882064216
19142.4	-0.5134684225593579
19144.0	-0.8925848205393582
19145.7	-0.9808751826593578
19147.4	-1.700061809435358
19149.0	-2.0458534732693576
19150.7	-2.1814573755993583
19152.4	-2.580766883929358
19154.0	-2.6716657795193584
19155.7	-2.6154278602113585
19157.4	-2.224140717709358
19159.0	-1.611044338319358
19160.7	-1.3275764166593578
19162.4	-0.45811423723035816
19164.1	0.26315023471064214
19165.7	0.48661259547064206
19167.4	0.49331027185064213
19169.1	-0.5299866939533581
19170.7	-1.270948203890358
19172.4	-1.889959103679358
19174.1	-2.271576181359358
19175.7	-1.729523545907358
19177.4	-0.3031089359193579
19179.1	0.4768686202236422
19180.7	1.5045745383706424
19182.4	1.243775124390642
19184.1	0.778288984726442
19185.7	0.151856122066642
19187.4	0.01541921320064188
19189.1	-0.0654697139293583
19190.7	0.9398290705306422
19192.4	1.286745085270642
19194.1	1.910149687472642
19195.7	1.9709501810706422
19197.4	2.267855682990642
19199.1	2.097811960010642
19200.7	2.0921581146806423
19202.4	1.6280936222056421
19204.1	1.2102139015406423
19205.8	0.9447692255506421
19207.4	0.8600496138506422
19209.1	0.588441798870642
19210.8	0.5725933235206422
19212.4	-0.11344193505935782
19214.1	-0.9944232784183576
19215.8	-1.677396608379358
19217.4	-1.573786152849358
19219.1	-0.8864411380993578
19220.8	-0.1582609282293579
19222.4	-0.30896769719935757
19224.1	-0.33229723272935796
19225.8	-0.5749700522693576
19227.4	-0.7684613951793579
19229.1	-0.526166578699358
19230.8	0.2864085472006421
19232.4	0.6953963009806423
19234.1	1.6381807996706423
19235.8	2.232013682340641
19237.4	2.929490351262642
19239.1	3.2612069110006416
19240.8	2.7674167132706415
19242.4	1.6120376416346422
19244.1	0.5765732418306423
19245.8	-0.09718172022935762
19247.4	0.05312862153064181
19249.1	0.6938976062106419
19250.8	1.2080856958806419
19252.5	1.221189630150642
19254.1	1.056614433110642
19255.8	0.6670308378906423
19257.5	0.8209495126306421
19259.1	1.0617400983006424
19260.8	1.1501241185806421
19262.5	0.771148796724642
19264.1	0.33884193430064186
19265.8	-0.47039181229635796
19267.5	-0.640788571199358
19269.1	-0.8486104076613581
19270.8	-0.2236625383593579
19272.5	0.3636676280206423
19274.1	0.907642763670642
19275.8	0.9155158780456418
19277.5	1.4582372704606423
19279.1	1.4018425404806423
19280.8	1.3485830611406415
19282.5	1.429337502746642
19284.1	1.214543320720642
19285.8	1.0475031780066422
19287.5	0.8091472174006417
19289.1	0.2640120461806421
19290.8	0.017102450240642053
19292.5	-0.6073288387333579
19294.1	-1.4961128431293576
19295.8	-1.1856914417093578
19297.5	-1.3080844095293582
19299.2	-1.1910739984593581
19300.8	-1.2396840092313581
19302.5	-1.7110750017653578
19304.2	-1.949150061901358
19305.8	-1.9711108236593575
19307.5	-2.043610731659358
19309.2	-1.367049073769358
19310.8	-0.6834297526693578
19312.5	-0.19397633977935763
19314.2	0.3885119130306428
19315.8	0.6360818933236424
19317.5	1.2519047519806423
19319.2	1.4020838762706422
19320.8	1.7825998805006422
19322.5	1.193176651400642
19324.2	0.9493591793646423
19325.8	0.524943767750642
19327.5	0.5258330313406423
19329.2	0.27514972842064195
19330.8	0.7505220351406422
19332.5	1.055297963080642
19334.2	1.7122091140746423
19335.8	2.0885926384296414
19337.5	2.2904355255806417
19339.2	2.206756771810641
19340.8	2.0937591628306422
19342.5	1.7252393581866419
19344.2	0.9653888270876422
19345.9	0.3974333480006419
19347.5	0.05516569332064203
19349.2	0.08920866540064176
19350.9	0.2627572161706424
19352.5	0.2206783038306418
19354.2	0.46756016887064217
19355.9	0.38675022149064225
19357.5	0.25835087786064226
19359.2	0.5510283393606421
19360.9	0.9811772401776423
19362.5	1.0187182132906423
19364.2	1.1553002200206417
19365.9	0.41904362087064206
19367.5	-0.36667729082935824
19369.2	-1.2976559288893579
19370.9	-1.8145283748443581
19372.5	-1.6531427818193578
19374.2	-0.6981784747393576
19375.9	0.34654846272064194
19377.5	1.8326370846206421
19379.2	2.8134416370386415
19380.9	3.2615978868106414
19382.5	2.569612535410642
19384.2	1.9638790984306422
19385.9	1.004530167300642
19387.6	1.185587042137642
19389.2	1.8442959208026424
19390.9	2.8406715010806414
19392.6	2.975033778330642
19394.2	2.7971765020406423
19395.9	1.385406971310642
19397.6	-0.1347698583193579
19399.2	-1.1852510044293578
19400.9	-1.0035707800993574
19402.6	-0.3502047199993581
19404.2	0.26941693775064246
19405.9	0.8337998332006427
19407.6	0.8893117926206423
19409.2	1.052371306370642
19410.9	0.8438042120006418
19412.6	0.6769553060406419
19414.2	0.4643980228306422
19415.9	0.1559063601806425
19417.6	-0.3894572756693574
19419.2	-0.750325410075358
19420.9	-1.4162503893293577
19422.6	-1.6803182185533576
19424.2	-2.0705100424573577
19425.9	-2.2886185759393585
19427.6	-2.1157167457693578
19429.2	-1.8199987410193579
19430.9	-1.3698866302933579
19432.6	-0.9312052395093586
19434.3	-0.6948225683553582
19435.9	-0.1778799336193575
19437.6	0.07462513435764218
19439.3	0.4578472368206421
19440.9	0.5950502126306426
19442.6	1.0941810006506425
19444.3	1.1008319385506422
19445.9	0.8418641701306421
19447.6	0.7497751542106422
19449.3	1.0689233076606424
19450.9	1.2163325599206416
19452.6	2.413327804370641
19454.3	3.158106734340642
19455.9	3.2577530216306427
19457.6	3.1722412368006427
19459.3	2.2719195993406425
19460.9	1.3819327643906418
19462.6	1.230487257450642
19464.3	1.015324130480642
19465.9	1.0085031220106422
19467.6	1.4607971284986419
19469.3	1.228727134140642
19470.9	1.5961608018906421
19472.6	1.7084625465706422
19474.3	1.305894341820642
19475.9	0.858227422770642
19477.6	0.5138473981106422
19479.3	0.44222618691064197
19481.0	0.9121315945106421
19482.6	1.468073243840642
19484.3	1.962523352810642
19486.0	2.059839114990642
19487.6	1.8781347512106423
19489.3	1.4156628526406418
19491.0	0.8336459538106427
19492.6	0.5624009904336419
19494.3	0.3267725006306422
19496.0	0.3245975771406424
19497.6	0.26752035065064206
19499.3	-0.0005560692993580862
19501.0	0.2980900452606424
19502.6	0.5415172206506425
19504.3	0.9638601103606419
19506.0	1.7019595402606427
19507.6	2.066411498160643
19509.3	2.1427998590706427
19511.0	1.345263613260643
19512.6	0.41570650527064196
19514.3	0.125603378980642
19516.0	-0.07550773411135786
19517.6	0.11756184904362221
19519.3	0.575534591820642
19521.0	0.5693170554186421
19522.6	0.5274173464406422
19524.3	-0.393797739369358
19526.0	-1.3672583976287571
19527.7	-1.476783798429358
19529.3	-1.275576157809358
19531.0	-0.5663796510093583
19532.7	0.079891192263642
19534.3	0.6262923372556418
19536.0	0.714448599010642
19537.7	0.14655913432064227
19539.3	-0.7042841188893582
19541.0	-1.0428675711693587
19542.7	-0.9540222246193585
19544.3	-0.8743792652593579
19546.0	-0.959872088779358
19547.7	-0.24778050514935757
19549.3	0.28586680827064204
19551.0	0.39865609015064174
19552.7	0.45351828202064204
19554.3	0.15377132231064228
19556.0	0.02001754925064221
19557.7	-0.1111463556793576
19559.3	-0.5581217025493579
19561.0	-0.5794472306593579
19562.7	-0.7054512112393578
19564.3	-0.6131312169393578
19566.0	-0.31140747266535757
19567.7	0.12643236246064216
19569.4	0.6467195244336428
19571.0	1.0773529946806422
19572.7	1.0486398543656419
19574.4	0.8065885391906417
19576.0	0.4887618149806419
19577.7	0.6866065840906418
19579.4	0.5591912400306416
19581.0	0.8142313304406422
19582.7	0.9705594392906424
19584.4	0.7376884919006419
19586.0	0.012884068960642092
19587.7	-1.0889979999093582
19589.4	-1.9283913427293582
19591.0	-1.8521260480993575
19592.7	-1.4653421323293574
19594.4	-0.07947888072935771
19596.0	0.8667775760906422
19597.7	1.1724591404106421
19599.4	0.8809082999726419
19601.0	0.2591573367806419
19602.7	-0.527745544139358
19604.4	-0.8487663634293579
19606.0	-0.7794519296693576
19607.7	-0.2445053620093579
19609.4	0.5006619013006418
19611.0	1.5634303740816422
19612.7	2.3548101240706423
19614.4	2.982405051102642
19616.1	2.719901631500642
19617.7	2.135305327890642
19619.4	1.879222758060642
19621.1	1.0462207968706423
19622.7	0.2796256297406427
19624.4	-0.3787913652393583
19626.1	-1.3395407089993578
19627.7	-2.018866387939358
19629.4	-2.043937370109358
19631.1	-1.4804730576293565
19632.7	-0.14668987599935762
19634.4	0.6890748381206419
19636.1	1.1054586561106416
19637.7	0.843073738228642
19639.4	0.531398192800642
19641.1	0.051012414950642015
19642.7	0.1563199027306421
19644.4	0.06885702332064197
19646.1	0.4201595963306416
19647.7	0.6943793587706422
19649.4	0.9053792027306421
19651.1	1.4699859364006418
19652.7	1.3847783408306418
19654.4	0.919184467270642
19656.1	0.15313641792064192
19657.7	-1.1364364585593578
19659.4	-2.0794605980293577
19661.1	-2.1265640376393584
19662.8	-1.9684794801693581
19664.4	-0.9979842323093581
19666.1	-0.4530395820693573
19667.8	0.10811469087064218
19669.4	0.6175515920906418
19671.1	0.947668073980642
19672.8	0.9183570112606418
19674.4	0.456666811030642
19676.1	-0.13425250407935807
19677.8	-1.1385772704493582
19679.4	-1.8955445861553584
19681.1	-2.2369938407293577
19682.8	-2.2691347156693578
19684.4	-1.8111359252293577
19686.1	-1.039141610579358
19687.8	-0.4023402497493578
19689.4	0.5898634616626419
19691.1	0.9810853967714419
19692.8	1.190795524780642
19694.4	1.373792055130642
19696.1	0.8107837099706421
19697.8	0.2324540584806419
19699.4	-0.18322032527935808
19701.1	-0.41127938551935783
19702.8	-0.39219586734935785
19704.4	-0.7974941336793577
19706.1	-1.2287492014993573
19707.8	-1.2947877341993583
19709.5	-1.5573720121793577
19711.1	-1.787539247079358
19712.8	-1.8672983540913581
19714.5	-1.7179011053693578
19716.1	-1.588951653849358
19717.8	-1.9065269999293575
19719.5	-2.0943128434693574
19721.1	-1.5669334207193586
19722.8	-0.6202139661093579
19724.5	0.47006839128064193
19726.1	1.6664527662606416
19727.8	2.4190798078306424
19729.5	2.759450291380642
19731.1	2.182595002549642
19732.8	1.5370231616306425
19734.5	0.5434546594706425
19736.1	-0.19838324933035778
19737.8	-0.8906445258693575
19739.5	-1.4441889842813582
19741.1	-1.791391238929358
19742.8	-1.6624919562393579
19744.5	-1.7071723418893576
19746.1	-1.1673901219193574
19747.8	-1.0999939080593584
19749.5	-0.9641185409093582
19751.2	-0.4247205213413583
19752.8	0.123053529860642
19754.5	0.717331303422642
19756.2	0.891252085360642
19757.8	0.44231463367634244
19759.5	-0.22865907081135783
19761.2	-1.0619957798793578
19762.8	-1.5113916530493572
19764.5	-1.3651755845793574
19766.2	-0.9605072475293578
19767.8	-0.6797734350293576
19769.5	-0.7814142669093579
19771.2	-0.9933166052593576
19772.8	-1.575791970119358
19774.5	-2.1047874904403585
19776.2	-2.1394347065293573
19777.8	-2.257671756849358
19779.5	-1.8686358150593574
19781.2	-1.087229241659358
19782.8	0.14225694166064218
19784.5	1.449629447430642
19786.2	2.0276334864206422
19787.8	1.7143818878906425
19789.5	1.4148536613046419
19791.2	0.7638718091006423
19792.8	0.4938215253506417
19794.5	0.1687655167706421
19796.2	0.2999904102906424
19797.9	0.18440007292064212
19799.5	-0.08814428470935803
19801.2	-0.7543345344793583
19802.9	-1.154928195049358
19804.5	-1.7088041461473578
19806.2	-2.1079081484193583
19807.9	-2.8039713386593577
19809.5	-3.4595991182293573
19811.2	-3.3607383705393574
19812.9	-2.7867272962493574
19814.5	-1.8873368301293572
19816.2	-0.869631524349358
19817.9	0.12156301276064299
19819.5	0.4601533680506419
19821.2	0.8005298814406427
19822.9	1.211750592490642
19824.5	2.312832641830642
19826.2	3.2177653880446426
19827.9	4.128527682250642
19829.5	3.574861779650642
19831.2	2.875846128865642
19832.9	1.358723352070642
19834.5	0.07417782728064226
19836.2	-0.5338398255993579
19837.9	-0.5171407497793576
19839.5	-0.5605252142593576
19841.2	-0.33380564140935787
19842.9	-0.626322045829358
19844.6	-0.2936397777593579
19846.2	-0.13033278428635758
19847.9	-0.4311899062093577
19849.6	-0.8144087683453579
19851.2	-1.4350311938493583
19852.9	-1.6182530989493575
19854.6	-1.9986589456133577
19856.2	-2.266706591859358
19857.9	-2.1766238391793578
19859.6	-1.9136634440593574
19861.2	-1.980106225919358
19862.9	-1.671605086479358
19864.6	-1.3279247525393578
19866.2	-0.6642855272773577
19867.9	-0.5072227521893574
19869.6	-0.37737455719935803
19871.2	0.06885949437064187
19872.9	0.6518629156206419
19874.6	1.013210686614642
19876.2	1.3749414434306424
19877.9	1.056056471570642
19879.6	0.7364334275706425
19881.2	0.359160611210642
19882.9	0.380374657140642
19884.6	0.856009452730642
19886.2	1.030860522620642
19887.9	0.6872185222706421
19889.6	-0.11989615111935792
19891.3	-1.2291540885693566
19892.9	-2.1846487607273577
19894.6	-2.3750910174093574
19896.3	-1.7662619745493573
19897.9	-0.8631774309593582
19899.6	-0.4031076615393577
19901.3	-0.18992867338935782
19902.9	-0.771492381909358
19904.6	-1.7394169677893576
19906.3	-2.428136139709358
19907.9	-3.203960721065358
19909.6	-3.3069588643093573
19911.3	-3.307975734829358
19912.9	-3.5657401412293583
19914.6	-3.305718404069358
19916.3	-2.5956408531493578
19917.9	-1.811572153209358
19919.6	-0.7857926798193577
19921.3	-0.17197935160935807
19922.9	-0.05611981280935774
19924.6	0.027209060210642178
19926.3	-0.09838308552935782
19927.9	0.6349007222556421
19929.6	1.6923571739406422
19931.3	2.6056137214206423
19933.0	3.0259310734106424
19934.6	2.791493641370642
19936.3	2.0893371817006425
19938.0	1.240017616840642
19939.6	0.15492579273064244
19941.3	-0.6996250897193577
19943.0	-1.1275572881293576
19944.6	-1.6575581494353584
19946.3	-1.296746272259358
19948.0	-0.7177130473223577
19949.6	-0.22389827753935765
19951.3	-0.008100676287358333
19953.0	0.09677143580064151
19954.6	0.016968180130642052
19956.3	-0.02835687952935828
19958.0	-0.07421443182935762
19959.6	-0.1923727960593578
19961.3	-0.30089843298935787
19963.0	-0.5765295255693578
19964.6	-0.589566768369358
19966.3	-0.41314952922935777
19968.0	0.0012199014306417122
19969.6	0.31164574837064185
19971.3	0.7662491132776422
19973.0	1.0730650417806422
19974.6	1.1763514279906424
19976.3	1.2677546273706422
19978.0	1.3500466740416424
19979.7	0.728759169750642
19981.3	-0.43180601586935796
19983.0	-1.6616348041193574
19984.7	-2.3947470854293575
19986.3	-2.6029863228593575
19988.0	-2.380937768429358
19989.7	-1.5648620415993573
19991.3	-0.474518132249358
19993.0	0.21871169024464243
19994.7	0.488697489770642
19996.3	0.44694672547064207
19998.0	0.26238819367064226
19999.7	-0.23399156406935806
20001.3	-0.7822716099893579
20003.0	-1.073060125819358
20004.7	-1.0833116282693578
20006.3	-0.8553444015193573
20008.0	-0.6036555068993581
20009.7	-0.7136794104093581
20011.3	-0.9825540038993577
20013.0	-1.3393899956413577
20014.7	-1.0509224970013575
20016.3	-0.45954326227535797
20018.0	0.14674083501064228
20019.7	0.16744373908064236
20021.3	-0.2664427915793577
20023.0	-0.9769407427393573
20024.7	-1.7994764549293585
20026.4	-2.5159347965593577
20028.0	-2.5357466677993576
20029.7	-3.040150035629358
20031.4	-3.545781657789358
20033.0	-4.253425911539358
20034.7	-4.3751718787293585
20036.4	-3.9113773714493583
20038.0	-3.024719609539359
20039.7	-2.636005535549358
20041.4	-2.094743853199358
20043.0	-1.8666897985993578
20044.7	-1.5183292233423582
20046.4	-1.0065880463403576
20048.0	-0.0011731078393581729
20049.7	0.711051317460642
20051.4	0.8826449527906423
20053.0	0.4053211964706418
20054.7	-0.253938570659359
20056.4	-1.075161161949358
20058.0	-2.1015086673933583
20059.7	-2.8213906637993578
20061.4	-3.273418390729357
20063.0	-2.7412553379513573
20064.7	-1.9651475763293575
20066.4	-1.1425529200893578
20068.0	-0.332973678899358
20069.7	0.41117366277264206
20071.4	0.6782794248926423
20073.1	1.076535580150642
20074.7	1.1072746296506422
20076.4	0.7352987055406423
20078.1	0.11151799299064191
20079.7	-1.1409897203893582
20081.4	-2.040761415829358
20083.1	-2.2967389266193585
20084.7	-2.2745108673293575
20086.4	-1.969313039589358
20088.1	-2.0122525443893577
20089.7	-2.4326052676083583
20091.4	-2.891475493969358
20093.1	-3.072984078319358
20094.7	-2.577610062729358
20096.4	-1.829906564321358
20098.1	-1.127743728169358
20099.7	-0.21034802994935792
20101.4	0.44740015228064206
20103.1	0.9075179511506422
20104.7	0.6193573679506423
20106.4	-0.0411226175993582
20108.1	-1.1450753225193577
20109.7	-2.206150537839358
20111.4	-2.715251001599358
20113.1	-2.1278402388993576
20114.8	-0.8641135295293582
20116.4	0.811404727560642
20118.1	2.1177863298306416
20119.8	2.882422052870642
20121.4	3.185107460210642
20123.1	2.6584361014606417
20124.8	2.1968565787606424
20126.4	1.636006232040642
20128.1	0.8244899758106418
20129.8	0.6623888065506419
20131.4	0.3930274633906423
20133.1	-0.3314405805293581
20134.8	-0.9497620159293587
20136.4	-2.073208730439358
20138.1	-2.266902032989358
20139.8	-2.438057251545358
20141.4	-2.426536990129358
20143.1	-1.7298901361093582
20144.8	-1.1400899153293576
20146.4	-0.562879270019358
20148.1	-0.2302006655643577
20149.8	-0.13477856413935807
20151.4	-0.03189485342935783
20153.1	-0.4847125150493581
20154.8	-1.0901126649153583
20156.4	-1.758940708909358
20158.1	-2.3131009076293574
20159.8	-2.2519524433193583
20161.5	-2.1808960794293575
20163.1	-1.8930205569393583
20164.8	-1.4453766222993578
20166.5	-1.0284342067993582
20168.1	-0.5321904243593577
20169.8	-0.3331716122593576
20171.5	-0.36716243568935747
20173.1	-0.34998487534935757
20174.8	-0.16225209492935794
20176.5	-0.7173167350693579
20178.1	-1.155323747309358
20179.8	-1.1820584956693585
20181.5	-1.0157457949093578
20183.1	-0.296621263229357
20184.8	0.4492302036606421
20186.5	0.7191714284806421
20188.1	0.7859972322206418
20189.8	0.20430366401064193
20191.5	-0.518681146079358
20193.1	-0.8493249462193577
20194.8	-0.6590826264533575
20196.5	0.0679057726006419
20198.1	1.016773801470642
20199.8	1.8342944091606415
20201.5	2.3587896712306415
20203.1	2.8347632906706415
20204.8	3.1659777245706415
20206.5	3.1592234079806425
20208.2	3.2267886258806415
20209.8	2.945923037896643
20211.5	2.3157936331406415
20213.2	1.4563539560006422
20214.8	0.9910486322706421
20216.5	0.9109497352506422
20218.2	1.229246730150642
20219.8	1.3466352969706419
20221.5	1.595583541780642
20223.2	1.8746774276006417
20224.8	2.063057634272642
20226.5	2.1374465994706418
20228.2	2.4317678719706426
20229.8	2.122038115770642
20231.5	1.5127258630106422
20233.2	0.5088563577406422
20234.8	-0.4042103712293576
20236.5	-0.6914845998293577
20238.2	-0.391408677669358
20239.8	-0.606743720129358
20241.5	-0.690981973519358
20243.2	-1.5763313147293578
20244.8	-2.289831643139358
20246.5	-2.9997468418193582
20248.2	-3.2077095240293576
20249.8	-3.046930972559358
20251.5	-2.2831393814787573
20253.2	-1.7884407201143584
20254.9	-1.164835971289358
20256.5	-0.9443005219293579
20258.2	-0.2619902539183579
20259.9	0.447507736000642
20261.5	0.5347086916306422
20263.2	0.9368549197106418
20264.9	1.2945217832666427
20266.5	1.8108897392106424
20268.2	2.404762829527643
20269.9	2.7233843387706433
20271.5	2.574524178740642
20273.2	2.0459896736276426
20274.9	1.298871188370642
20276.5	0.6361289210806422
20278.2	0.6861962894506421
20279.9	0.9166231150456422
20281.5	0.8067085960206424
20283.2	0.5596327058006422
20284.9	0.4563327657506423
20286.5	-0.2809389769293578
20288.2	-0.2411385958393579
20289.9	-0.10875728731935796
20291.5	0.3245415781506421
20293.2	0.6194421877686422
20294.9	0.6654160066506422
20296.6	0.4497641321896426
20298.2	0.6015070367406423
20299.9	0.17458110863064216
20301.6	0.274588030030642
20303.2	0.6098546305906423
20304.9	1.0771331209226422
20306.6	1.629705875110642
20308.2	2.0596067061306425
20309.9	2.5012798658506425
20311.6	3.149990558990642
20313.2	3.032392599810642
20314.9	2.626301907452642
20316.6	1.8638809832406418
20318.2	0.46481977979264194
20319.9	-0.47483799783935754
20321.6	-0.8466708978993578
20323.2	-0.493172129809358
20324.9	0.692394413490642
20326.6	1.7997573357106422
20328.2	2.4339256918506424
20329.9	2.930848034350643
20331.6	2.672685552210642
20333.2	2.1647227984106423
20334.9	1.4928059804506422
20336.6	1.0700221842406423
20338.2	1.4079085681706425
20339.9	1.872958899380642
20341.6	1.6682755917046421
20343.3	1.292756185640642
20344.9	0.7316344815706424
20346.6	-0.1278777532293577
20348.3	-1.004224354929358
20349.9	-1.1957527808393578
20351.6	-1.1846575669953576
20353.3	-1.119088225139358
20354.9	-0.9128971245893579
20356.6	-1.3282428457403577
20358.3	-0.8479732836093581
20359.9	-0.5482169752193577
20361.6	-0.09646039249935784
20363.3	0.6540415776306419
20364.9	0.8669263797506419
20366.6	0.9901771025406422
20368.3	1.048487989070642
20369.9	0.4991230926786421
20371.6	0.6334087569606421
20373.3	0.590815939470642
20374.9	0.8783814188246422
20376.6	0.7909070110206422
20378.3	-0.1385551491113578
20379.9	-1.316680154599358
20381.6	-2.318002107209358
20383.3	-2.8916890450193575
20384.9	-2.230704470049358
20386.6	-1.5008938499993578
20388.3	-0.23495742866935798
20390.0	0.0693171251906422
20391.6	0.21862547696064183
20393.3	-0.530078160109358
20395.0	-1.186835977789358
20396.6	-1.7241643133293578
20398.3	-1.748573184089358
20400.0	-1.6721813129693577
20401.6	-1.0254428765393577
20403.3	-0.855753563339358
20405.0	-0.1250533497293581
20406.6	0.3140881763906421
20408.3	0.7146781563006417
20410.0	0.7180369338006425
20411.6	0.8574464056906423
20413.3	0.6402231057006422
20415.0	0.1588729233806423
20416.6	-0.5351981193293576
20418.3	-0.7734044340203581
20420.0	-1.2145532871293576
20421.6	-1.4289277726093579
20423.3	-1.4920989172193577
20425.0	-1.3080269601093584
20426.6	-0.591295122529358
20428.3	-0.12513666428935818
20430.0	0.28819137531064165
20431.6	1.2055264963376422
20433.3	1.845914798490642
20435.0	2.182802238130642
20436.7	2.8675887676306426
20438.3	2.675466619555642
20440.0	2.490629828685642
20441.7	1.6154694582806421
20443.3	0.6591821855006423
20445.0	-0.236063931919358
20446.7	-0.800429199729358
20448.3	-1.2469352766093575
20450.0	-1.5644511670080579
20451.7	-2.051036964005358
20453.3	-2.244597485399358
20455.0	-2.480805317709357
20456.7	-1.702788015629358
20458.3	-0.8307715498143579
20460.0	0.5258872847106425
20461.7	1.3069460361306424
20463.3	1.6938910119306423
20465.0	1.0835480324606421
20466.7	0.5037227208306421
20468.3	-0.4980771004293579
20470.0	-1.174505234559358
20471.7	-1.757720170189358
20473.3	-1.9330162356393579
20475.0	-2.0309503617293574
20476.7	-2.138812066769358
20478.4	-2.5032785033093576
20480.0	-2.3463205903313584
20481.7	-1.693567369499358
20483.4	-0.8685162986293576
20485.0	0.4017049921206422
20486.7	0.9420316588376422
20488.4	1.2089652652206422
20490.0	0.5947582967806422
20491.7	-0.0031987042293578627
20493.4	-0.4123560953793576
20495.0	-0.24607812167935772
20496.7	-0.0510263408493582
20498.4	0.45785293299064217
20500.0	0.504518502570642
20501.7	0.721684223770642
20503.4	0.737824094540642
20505.0	0.8127092095706422
20506.7	0.5885233046186421
20508.4	0.5803147521306421
20510.0	0.47608739739964206
20511.7	0.5147015948206419
20513.4	0.19987477460064207
20515.0	-0.0802321501493582
20516.7	-0.48269025768935814
20518.4	-0.5712096493493584
20520.0	-0.5754249150873578
20521.7	-0.6345119270093582
20523.4	-0.9147909356685283
20525.1	-1.574374510779358
20526.7	-2.0946877106293575
20528.4	-2.3331718789493583
20530.1	-2.126199799723358
20531.7	-0.9951862653293582
20533.4	0.5731366296606422
20535.1	2.0554874727706425
20536.7	2.7490409484906424
20538.4	2.0862545317106416
20540.1	0.8527378860206418
20541.7	-0.7947902376793574
20543.4	-2.0950987716893574
20545.1	-1.935190796379358
20546.7	-1.671207946045358
20548.4	-1.1123181333223582
20550.1	-1.0250902861093583
20551.7	-1.496246549729358
20553.4	-1.6254847607293579
20555.1	-1.254116455869358
20556.7	-0.806519811569358
20558.4	-0.013397085899358174
20560.1	0.6168218722806421
20561.7	1.070867571750642
20563.4	1.4808700860036423
20565.1	1.8518830997406424
20566.7	1.752541349320642
20568.4	1.5188128248306425
20570.1	0.9235610334306421
20571.8	0.137666167219642
20573.4	-0.5695285443993576
20575.1	-1.1817838205993574
20576.8	-1.7281541158493579
20578.4	-1.8126251058193577
20580.1	-1.505128642329358
20581.8	-0.3211185920893575
20583.4	0.2661380312906421
20585.1	0.5758982703406418
20586.8	0.6388671611706425
20588.4	0.6954693066125421
20590.1	0.7026701412706418
20591.8	0.9399004453106417
20593.4	1.355001940860642
20595.1	1.518184042230642
20596.8	1.2879972842306422
20598.4	0.646791134000642
20600.1	-0.005905578509357801
20601.8	0.11160568637064228
20603.4	0.2905069653906418
20605.1	0.3861714601606422
20606.8	1.5428745286906425
20608.4	1.5847722470506418
20610.1	1.1903459551506423
20611.8	0.8763697030086419
20613.4	-0.04589733841935795
20615.1	-0.43872358106935805
20616.8	-0.10058827863935804
20618.5	0.22078628998064215
20620.1	0.7370127804406423
20621.8	0.7577207191106421
20623.5	0.09290848810964245
20625.1	-0.5735630177493579
20626.8	-0.7505355101923579
20628.5	-0.9529592240393577
20630.1	-0.8284029104193578
20631.8	-0.15843853184935774
20633.5	0.3470995937906421
20635.1	0.8960990276506424
20636.8	1.2616322280306422
20638.5	1.025833016200642
20640.1	0.7793490449706421
20641.8	0.10387706744864228
20643.5	-0.5653852389193579
20645.1	-0.740539404119358
20646.8	-0.4452288984293578
20648.5	-0.2985682983223581
20650.1	-0.05297706477935815
20651.8	0.07020884827064189
20653.5	-0.10551831212935747
20655.1	0.17997536070064202
20656.8	0.5638064598906427
20658.5	0.7423502292406419
20660.2	0.9293652713006418
20661.8	0.3425511611106423
20663.5	0.004329102204642277
20665.2	0.40959032338064216
20666.8	0.8850473507506421
20668.5	1.7303086789506423
20670.2	2.130520545130642
20671.8	1.427768165520642
20673.5	0.570992144830642
20675.2	-0.2814583846393582
20676.8	-0.9109111560793577
20678.5	-0.6464259176893576
20680.2	-0.0696025926442578
20681.8	0.20154644946064199
20683.5	0.3190604308906419
20685.2	0.4347262466906422
20686.8	0.46655312786664194
20688.5	0.978026061500642
20690.2	0.8756553855806424
20691.8	0.831725579130642
20693.5	0.041284965910642124
20695.2	-0.220256767969358
20696.8	-0.41929495706935777
20698.5	0.24112119759064218
20700.2	0.6306237040306422
20701.8	0.594238987345842
20703.5	0.3662536494406418
20705.2	-0.219423250516358
20706.9	-1.1987262082693577
20708.5	-1.747186333849358
20710.2	-1.9028569523293577
20711.9	-1.2999168310493574
20713.5	-0.583719545839358
20715.2	0.12390863635064198
20716.9	1.4154847959646424
20718.5	1.8522403148166422
20720.2	1.616683051700642
20721.9	0.8194772931106419
20723.5	0.09642194709064217
20725.2	-0.45343918832935787
20726.9	-0.5831222845293578
20728.5	-0.7528590271293579
20730.2	-1.206536063927358
20731.9	-1.5166853278913583
20733.5	-2.0946054171713584
20735.2	-2.2594752898893575
20736.9	-1.2756503241003583
20738.5	-0.8097602034793581
20740.2	-0.4908350652753576
20741.9	-0.775387588379358
20743.5	-1.4186603687473576
20745.2	-1.7815809950993575
20746.9	-1.7340390046873573
20748.5	-1.1642834698393583
20750.2	0.1779627835606421
20751.9	0.7911728356976422
20753.6	0.7416984477806422
20755.2	-0.11512235856935789
20756.9	-1.1787165722293584
20758.6	-2.0591994418293584
20760.2	-2.5923736855941577
20761.9	-2.731485288499357
20763.6	-1.9506443739093589
20765.2	-1.646905305029358
20766.9	-2.0738053262293574
20768.6	-2.6639024136693576
20770.2	-2.9801261303793583
20771.9	-3.1567461336293583
20773.6	-1.9900110004993583
20775.2	-1.330523741756358
20776.9	-0.1513719919493579
20778.6	0.5472408484406421
20780.2	0.329169812090642
20781.9	-0.15490097892935806
20783.6	-0.6084789909493582
20785.2	-1.2571055856493578
20786.9	-0.993251169879358
20788.6	-0.6087918822273577
20790.2	-0.0086384778393577
20791.9	0.5982096772106422
20793.6	0.9721259302406424
20795.2	1.4375373588826421
20796.9	1.7340500076706422
20798.6	1.8973298183106422
20800.3	1.989705814670642
20801.9	1.7526447991206422
20803.6	1.406071058630642
20805.3	1.0702184640406416
20806.9	1.020439208460642
20808.6	1.200356828490642
20810.3	1.1523970082606418
20811.9	0.651727107760642
20813.6	-0.12553020452935765
20815.3	-0.9321705744893578
20816.9	-1.352580107789358
20818.6	-1.316382363249358
20820.3	-1.5506040912927577
20821.9	-1.7081115494293586
20823.6	-2.248078202229358
20825.3	-2.5919591558593575
20826.9	-2.3169265534113577
20828.6	-1.4493449974393582
20830.3	-0.3837796684293574
20831.9	1.254156064540642
20833.6	1.9301133840006424
20835.3	1.9438667817106423
20836.9	1.111763193610642
20838.6	-0.3451983871093579
20840.3	-1.5513691018593585
20842.0	-2.0821338533393576
20843.6	-2.3762377160993573
20845.3	-2.208574152859358
20847.0	-2.1068501160093582
