0.0	0.784774339518394
1.66789	0.745873239518394
3.33578	0.4313278395183941
5.00367	0.2572276395183941
6.67156	-0.09043428048160604
8.33945	-0.006936360481605885
10.0073	-0.052441630481605994
11.6752	0.0030926395183941136
13.3431	-0.08160626048160595
15.011	0.006573739518394084
16.6789	-0.04800036048160579
18.3468	0.06919923951839409
20.0147	0.04318653951839403
21.6826	0.12389163951839406
23.3505	0.07858173951839413
25.0183	0.1307353395183942
26.6862	0.030939739518394193
28.3541	0.08373323951839415
30.022	-0.0050539104816058385
31.6899	0.037676039518394114
33.3578	-0.022499940481605817
35.0257	0.04920293951839423
36.6936	0.0030997895183942246
38.3615	0.0950130395183942
40.0294	0.05139544951839412
41.6972	0.11169513951839427
43.3651	0.10063193951839407
45.033	0.16020223951839427
46.7009	0.20885013951839415
48.3688	0.8148689395183941
50.0367	1.2340519395183942
51.7046	1.8293139395183942
53.3725	1.9871777395183945
55.0404	1.9119923395183942
56.7083	1.4932371395183939
58.3761	1.1714809395183938
60.044	0.6858019395183943
61.7119	0.970965939518394
63.3798	1.486226939518394
65.0477	2.082964739518394
66.7156	2.425213839518394
68.3835	2.452206909518394
70.0514	1.949184339518394
71.7193	1.1781658395183938
73.3871	1.2186139395183944
75.055	1.5902529395183942
76.7229	2.3596151395183944
78.3908	2.9920962495183945
80.0587	2.987123509518394
81.7266	2.634259459518394
83.3945	2.1670500395183945
85.0624	1.288173039518394
86.7303	1.0580070495183942
88.3982	0.8895314595183941
90.066	0.43637013951839404
91.7339	0.18513733951839412
93.4018	-0.08538226048160584
95.0697	-0.034479400481605846
96.7376	-0.04195386048160601
98.4055	0.004301039518394001
100.073	-0.07044856048160612
101.741	0.020691739518394137
103.409	-0.05498416048160566
105.077	0.0020246395183941336
106.745	-0.07424256048160598
108.413	0.01794203951839406
110.081	-0.10285816048160593
111.749	-0.03661246048160578
113.417	-0.15403576048160578
115.084	-0.0719448604816059
116.752	-0.13896736048160588
118.42	-0.04837386048160588
120.088	-0.07520106048160598
121.756	0.07917233951839406
123.424	0.11850893951839407
125.092	0.501875939518394
126.76	0.6804499395183943
128.428	0.9865269395183942
130.095	0.9642284395183941
131.763	0.932079939518394
133.431	0.6921979395183943
135.099	0.5974611395183942
136.767	0.3971280395183941
138.435	0.5429961395183943
140.103	0.5438233395183942
141.771	1.007561139518394
143.439	0.977339939518394
145.106	0.7690579395183942
146.774	0.16767503951839416
148.442	-0.4525710604816059
150.11	-1.044044060481606
151.778	-1.058602060481606
153.446	-1.0458100604816059
155.114	-0.5179182604816059
156.782	-0.2786025604816058
158.45	-0.164350060481606
160.117	-0.18444716048160567
161.785	-0.12039406048160603
163.453	-0.1661326604816059
165.121	-0.011633360481605981
166.789	-0.1604470604816059
168.457	-0.14144696048160602
170.125	-0.15759116048160587
171.793	0.017095539518393977
173.461	0.2360041195183941
175.128	0.4963842995183942
176.796	0.46853871951839404
178.464	0.718825539518394
180.132	0.6711325415183941
181.8	0.9331348895183942
183.468	1.087599039518394
185.136	1.4150196395183943
186.804	1.6986859395183942
188.472	2.0303316395183946
190.139	2.182870739518394
191.807	2.596242239518394
193.475	2.802609639518394
195.143	3.8269862395183942
196.811	4.302266539518394
198.479	4.8138048395183946
200.147	4.846790839518394
201.815	4.251776339518394
203.483	3.269646149518394
205.15	2.278345639518394
206.818	1.0919388395183942
208.486	0.7703510395183941
210.154	0.3318627495183941
211.822	0.10922283951839398
213.49	-0.027255660481605947
215.158	-0.12049006048160579
216.826	-0.20537156048160585
218.494	-0.20350206048160585
220.161	-0.31308706048160573
221.829	-0.31740406048160585
223.497	-0.42746456048160597
225.165	-0.41743586048160586
226.833	-0.4191129604816057
228.501	-0.18823846048160586
230.169	-0.2151011604816059
231.837	-0.04722796048160598
233.505	-0.2608328604816058
235.172	-0.30843906048160574
236.84	-0.5209250604816059
238.508	-0.4371400604816058
240.176	-0.7106870604816059
241.844	-0.28886166048160594
243.512	0.16431073951839395
245.18	2.527705039518394
246.848	8.140564029518393
248.516	13.083263039518396
250.183	17.213935939518397
251.851	18.724244939518393
253.519	16.53112063951839
255.187	12.368960939518393
256.855	8.278328439518393
258.523	5.0768580395183935
260.191	5.495758239518394
261.859	6.236541039518394
263.527	7.2056067395183945
265.194	8.502717239518393
266.862	9.899467939518393
268.53	10.635896939518396
270.198	13.852354639518392
271.866	16.847276339518395
273.534	18.10378483951839
275.202	17.862276639518395
276.87	14.773137939518396
278.538	10.393435939518394
280.205	6.382618339518394
281.873	2.553451839518394
283.541	1.7617078395183938
285.209	1.9656469395183938
286.877	1.6800379395183938
288.545	1.6153776395183943
290.213	1.2317978395183942
291.881	0.9335857295183942
293.549	0.6690381295183943
295.216	0.37183183951839427
296.884	0.22862073951839426
298.552	0.21927723951839395
300.22	0.047507739518394
301.888	0.043852539518394094
303.556	-0.1985547804816059
305.224	-0.15026713048160606
306.892	-0.23830806048160583
308.56	-0.16238826048160587
310.227	0.04162883951839411
311.895	2.141038939518394
313.563	5.733754739518394
315.231	9.387811339518395
316.899	12.062461939518396
318.567	12.674715839518393
320.235	10.698342039518392
321.903	7.642492639518392
323.571	3.912478639518395
325.238	1.734863139518394
326.906	1.0597639395183942
328.574	0.7985347395183942
330.242	0.8610805495183943
331.91	1.2340659395183942
333.578	1.5330979395183941
335.246	2.7728772395183943
336.914	4.072974939518394
338.582	5.523251339518394
340.25	6.336572639518395
341.917	6.324007639518394
343.585	5.288236639518393
345.253	3.8201189395183937
346.921	1.9783557395183937
348.589	0.9253669395183941
350.257	0.38984633951839404
351.925	0.2841092295183941
353.593	0.2942373495183941
355.261	0.4666158395183941
356.928	0.44486200951839405
358.596	0.5089314995183941
360.264	0.3794460895183939
361.932	0.4342118495183941
363.6	0.3608372395183942
365.268	0.4852644795183941
366.936	0.5207968395183943
368.604	0.7935200395183942
370.272	0.705854339518394
371.939	0.6809237395183942
373.607	0.42321613951839393
375.275	0.31415403951839405
376.943	0.17960171251839405
378.611	0.3122690795183941
380.279	0.2888216395183942
381.947	0.5193213395183941
383.615	0.49628533951839404
385.283	0.5667593395183941
386.95	0.49880593951839397
388.618	0.560268379518394
390.286	0.5824548395183939
391.954	0.7307121595183941
393.622	0.7259964295183943
395.29	0.7891463926183941
396.958	0.7247293895183942
398.626	0.9753812395183941
400.294	1.0128219495183939
401.961	1.262681839518394
403.629	1.3176816395183941
405.297	1.545438939518394
406.965	1.5557630395183943
408.633	1.487082539518394
410.301	0.9830015395183942
411.969	0.5892709395183942
413.637	0.035662939518394166
415.305	-0.1628370604816059
416.972	-0.27818406048160604
418.64	0.06053993951839407
420.308	0.23811373951839415
421.976	0.4124907395183941
423.644	0.2682911395183941
425.312	0.17415293951839414
426.98	0.1291529395183942
428.648	0.19400993951839393
430.316	0.133101939518394
431.983	0.22789293951839404
433.651	0.13153393951839415
435.319	0.130056939518394
436.987	0.04040493951839412
438.655	0.09490393951839424
440.323	0.10065093951839413
441.991	0.19091373951839413
443.659	0.14430593951839402
445.327	0.24491043951839422
446.994	0.242103939518394
448.662	0.244281139518394
450.33	0.11993293951839416
451.998	0.09956463951839405
453.666	-0.059921060481605906
455.334	-0.057199060481605876
457.002	0.5392333595183941
458.67	2.104639939518394
460.338	3.6666728395183945
462.005	4.939775939518395
463.673	5.128081939518394
465.341	4.4186342395183935
467.009	2.927322439518394
468.677	1.3124504295183939
470.345	0.10087661651839394
472.013	-0.1671692604816059
473.681	-0.3437565604816058
475.349	-0.2355711604816057
477.016	-0.2559193604816058
478.684	-0.0778661604816059
480.352	-0.02025426048160588
482.02	0.07548933951839416
483.688	0.06926063951839412
485.356	0.14702163951839411
487.024	0.0939396395183941
488.692	0.20442244951839403
490.36	0.11710163951839414
492.027	0.15760713951839417
493.695	0.08384663951839413
495.363	0.12264463951839402
497.031	0.12096833951839406
498.699	0.14297933951839406
500.367	0.02938773951839412
502.035	0.017239739518394026
503.703	-0.17169136048160602
505.371	-0.20440966048160597
507.038	-0.33708196048160594
508.706	-0.31943256048160584
510.374	-0.32987866048160586
512.042	-0.24188496048160602
513.71	-0.2962960604816057
515.378	-0.1790489604816057
517.046	-0.2342939604816059
518.714	-0.16882376048160588
520.382	-0.2064871604816058
522.049	-0.18133036048160597
523.717	-0.23016236048160596
525.385	-0.14987046048160596
527.053	-0.20309746048160582
528.721	-0.10318266048160588
530.389	-0.17437916048160593
532.057	-0.15857406048160588
533.725	-0.24645417048160603
535.393	-0.25910706048160587
537.06	0.20649713951839424
538.728	1.2157613395183942
540.396	2.2156082395183945
542.064	3.145445339518394
543.732	3.303352939518394
545.4	2.9653522395183947
547.068	2.0967219395183947
548.736	1.121032139518394
550.404	0.440377739518394
552.072	0.32827473951839387
553.739	0.19360523951839417
555.407	0.3100016395183941
557.075	0.24127223951839402
558.743	0.3363164395183942
560.411	0.27008943951839415
562.079	0.2937969395183942
563.747	0.16002893951839417
565.415	0.17454603951839406
567.083	0.01780693951839407
568.75	0.0455880395183943
570.418	-0.03167906048160586
572.086	0.05702853951839411
573.754	0.03818943951839422
575.422	0.14169613951839413
577.09	0.08337043951839422
578.758	0.1643151395183941
580.426	0.07526663951839412
582.094	0.12319683951839418
583.761	0.04133013951839408
585.429	0.07363423951839407
587.097	-0.016971890481605866
588.765	0.05083253951839408
590.433	0.004924509518393938
592.101	0.0923138395183942
593.769	0.05824473951839402
595.437	0.11531073951839399
597.105	0.019943439518394057
598.772	0.051468739518394105
600.44	-0.03284876048160582
602.108	0.028068639518394067
603.776	-0.01835586048160599
605.444	0.041353539518394114
607.112	-0.004950860481605912
608.78	0.06742864951839414
610.448	-0.003548060481605897
612.116	0.06159722951839401
613.783	0.034291239518394
615.451	0.10941841551839415
617.119	0.06361043951839399
618.787	0.14439163951839412
620.455	0.07364973951839411
622.123	0.12699013951839405
623.791	0.03587933951839395
625.459	0.07431413951839425
627.127	0.014721839518394054
628.794	0.07399423951839419
630.462	-0.004603760481605867
632.13	0.057954239518394055
633.798	-0.01255976048160582
635.466	0.04669903951839418
637.134	-0.02168696048160592
638.802	0.04525703951839406
640.47	-0.016758160481606044
642.138	0.04509943951839418
643.805	-0.028363160481605955
645.473	0.03100913951839414
647.141	-0.028364860481605823
648.809	0.027772739518394228
650.477	-0.04991536048160594
652.145	0.010062239518394129
653.813	-0.04865696048160595
655.481	0.03456643951839393
657.149	-0.0009044604816058177
658.816	0.06777983951839417
660.484	0.025356139518394084
662.152	0.06745393951839393
663.82	0.08420393951839404
665.488	0.42973813951839424
667.156	0.6278797395183942
668.824	0.9154238395183942
670.492	0.9016766895183939
672.16	0.8131626195183941
673.827	0.513722009518394
675.495	0.3005797395183942
677.163	0.02437873951839422
678.831	0.08533843951839412
680.499	0.0002669395183940271
682.167	0.05024803951839414
683.835	-0.05527916048160593
685.503	0.013160339518394104
687.171	-0.03769446048160598
688.838	0.05730407951839418
690.506	0.010581739518394162
692.174	0.09525393951839405
693.842	0.02970733951839407
695.51	0.08669483951839423
697.178	-0.00346056048160589
698.846	0.062405079518394094
700.514	0.0022032395183941176
702.182	0.07927541951839408
703.849	0.02300253951839406
705.517	0.09488803951839404
707.185	0.028940039518394058
708.853	0.08793353951839405
710.521	0.011192439518394137
712.189	0.06758583951839411
713.857	0.0025144395183939626
715.525	0.07225914951839416
717.193	0.021590839518394245
718.86	0.0934310095183942
720.528	0.01947123951839408
722.196	0.060808619518394134
723.864	-0.02482436048160579
725.532	0.011829010518394
727.2	-0.06410416048160578
728.868	-0.011473450481605862
730.536	-0.07208946048160599
732.204	-0.008553830481605873
733.871	-0.07038616048160595
735.539	-0.0013804284816058888
737.207	-0.04979726048160597
738.875	0.020608609518393894
740.543	-0.021565560481605916
742.211	0.06094408951839404
743.879	0.01649823951839411
745.547	0.08017032951839417
747.215	-0.001127360481605888
748.882	0.03704304951839406
750.55	-0.05458426048160599
752.218	-0.021698170481605984
753.886	-0.09021146048160596
755.554	-0.012342100481605866
757.222	-0.051497660481605825
758.89	0.02781373951839412
760.558	-0.030782360481605885
762.226	0.026746139518394284
763.894	-0.053604160481605836
765.561	-0.011307550481605966
767.229	-0.08421166048160592
768.897	-0.015468440481605972
770.565	-0.05668926048160579
772.233	0.0317363395183942
773.901	-0.00819756048160596
775.569	0.06966519951839407
777.237	0.006562539518394106
778.905	0.05515128951839423
780.572	-0.025835360481605958
782.24	0.03878708951839405
783.908	-0.01440396048160597
785.576	0.06930128951839427
787.244	0.02305113951839415
788.912	0.09634003951839401
790.58	0.027704039518394084
792.248	0.06625412951839409
793.916	-0.018617060481605986
795.583	0.04102190951839415
797.251	-0.025332560481605815
798.919	0.046157979518393996
800.587	-0.014904560481605844
802.255	0.05461150951839415
803.923	-0.01259136048160594
805.591	0.032505159518394236
807.259	-0.049764960481605856
808.927	-0.004810400481605836
810.594	-0.09345126048160594
812.262	-0.043695920481605824
813.93	-0.11119096048160593
815.598	-0.041833460481605925
817.266	-0.08494526048160587
818.934	0.008504039518394091
820.602	-0.03525696048160578
822.27	0.030323739518394222
823.938	-0.053399760481605975
825.605	-0.01574165048160594
827.273	-0.10115776048160577
828.941	-0.047803950481605906
830.609	-0.11034816048160576
832.277	-0.04308346048160592
833.945	-0.11624396048160594
835.613	-0.06295246048160592
837.281	-0.09923256048160586
838.949	0.00334593951839407
840.616	-0.03555276048160584
842.284	0.050465039518394206
843.952	-0.03628136048160578
845.62	0.011697539518394173
847.288	-0.0756603504816058
848.956	-0.02194056048160582
850.624	-0.07828533048160582
852.292	-0.01582506048160596
853.96	-0.11849265648160587
855.627	-0.07701296048160575
857.295	-0.1842662004816058
858.963	-0.11539096048160583
860.631	-0.18166192448160584
862.299	-0.09832116048160593
863.967	-0.19118686048160596
865.635	-0.18819476048160583
867.303	-0.4235110604816059
868.971	-0.325393860481606
870.638	0.4214143395183939
872.306	1.3352738395183943
873.974	2.207135139518394
875.642	2.7843896395183942
877.31	2.6088880395183938
878.978	2.097826939518394
880.646	1.257211639518394
882.314	0.5359035395183943
883.982	0.406548569518394
885.649	0.37571173951839404
887.317	0.27607633951839405
888.985	0.27349143951839416
890.653	0.18662263951839406
892.321	0.24802353951839398
893.989	0.2043815395183941
895.657	0.30961473951839424
897.325	0.2740861395183941
898.993	0.3468526395183941
900.66	0.26218633951839404
902.328	0.30522743951839404
903.996	0.20640103951839422
905.664	0.26875913951839425
907.332	0.1911163395183942
909.0	0.25813853951839394
910.668	0.16957283951839414
912.336	0.24596053951839406
914.004	0.16542893951839416
915.671	0.2783848895183943
917.339	0.22120163951839422
919.007	0.3432952595183941
920.675	0.29926483951839417
922.343	0.44492263951839417
924.011	0.337365039518394
925.679	0.6098739395183941
927.347	0.4878656395183941
929.015	2.5797433395183935
930.682	10.255916939518396
932.35	18.253961939518394
934.018	24.866268139518393
935.686	27.318009939518397
937.354	23.650849939518398
939.022	16.532540039518395
940.69	8.260303139518395
942.358	1.254571539518394
944.026	0.10704493951839397
945.693	0.09546993951839396
947.361	-0.0034180604816059336
949.029	0.05035693951839435
950.697	0.04186693951839413
952.365	0.10783293951839416
954.033	0.09147593951839408
955.701	0.158184139518394
957.369	0.13397393951839412
959.037	0.13966433951839413
960.704	0.04258113951839415
962.372	0.07963543951839411
964.04	0.02216843951839411
965.708	0.09327423951839411
967.376	0.07003253951839414
969.044	0.15765553951839392
970.712	0.12282063951839414
972.38	0.14517203951839425
974.048	0.041927239518394055
975.715	0.041244439518394106
977.383	-0.04261786048160595
979.051	-0.056132460481605896
980.719	-0.14344566048160587
982.387	-0.0995054604816058
984.055	-0.11576276048160587
985.723	-0.03683346048160585
987.391	-0.006237060481605816
989.059	0.07936533951839406
990.727	0.07887793951839409
992.394	0.10811183951839395
994.062	0.03617413951839399
995.73	0.022963239518394095
997.398	-0.06110886048160593
999.066	-0.0642185604816059
1000.73	-0.10075686048160579
1002.4	-0.08152246048160598
1004.07	-0.11387976048160584
1005.74	-0.08499926048160593
1007.41	-0.10844396048160584
1009.07	-0.08598966048160603
1010.74	-0.10914166048160594
1012.41	-0.0628047604816058
1014.08	-0.06943816048160588
1015.74	-0.05126146048160609
1017.41	-0.1610733604816059
1019.08	-0.1982739604816059
1020.75	-0.23080166048160575
1022.42	-0.11084606048160595
1024.08	0.03338983951839405
1025.75	0.2679979395183941
1027.42	0.36226238951839396
1029.09	0.492834439518394
1030.76	0.6187865395183942
1032.42	0.6149389395183943
1034.09	0.6673174395183942
1035.76	0.8827264395183942
1037.43	1.4726890395183942
1039.1	3.0987235895183938
1040.76	5.287553539518394
1042.43	7.506878239518395
1044.1	9.112804839518395
1045.77	9.314253939518393
1047.43	7.977264519518394
1049.1	5.966686789518394
1050.77	3.608516939518394
1052.44	2.0469697395183943
1054.11	1.0650359395183941
1055.77	0.6255739095183943
1057.44	0.3176905395183941
1059.11	0.3649239095183942
1060.78	0.1788508395183941
1062.45	0.29604651951839417
1064.11	0.22303153951839416
1065.78	0.33071373951839417
1067.45	0.268200739518394
1069.12	0.3153945395183941
1070.79	0.2346522395183941
1072.45	0.2995874395183941
1074.12	0.22134963951839418
1075.79	0.29211423951839416
1077.46	0.21924913951839406
1079.12	0.24129023951839415
1080.79	0.18383813951839406
1082.46	0.22162753951839412
1084.13	0.18771033951839403
1085.8	0.2543772395183939
1087.46	0.20711663951839415
1089.13	0.22960833951839393
1090.8	0.22954693951839414
1092.47	0.252339239518394
1094.14	0.2744459395183941
1095.8	0.2945731395183942
1097.47	0.2918828395183943
1099.14	0.2885247995183942
1100.81	0.3412443395183941
1102.48	0.2797608395183942
1104.14	0.4622379395183941
1105.81	0.2520645395183942
1107.48	1.7916060395183941
1109.15	7.981139439518394
1110.81	13.604191939518397
1112.48	18.546548439518396
1114.15	19.844938939518393
1115.82	16.721920939518395
1117.49	11.146788539518393
1119.15	5.027209939518395
1120.82	-0.1463859604816059
1122.49	-0.16873606048160583
1124.16	-0.28042706048160604
1125.83	-0.06759806048160584
1127.49	-0.08318826048160591
1129.16	0.03237663951839413
1130.83	0.2943519395183943
1132.5	1.6394703395183938
1134.17	2.659555689518394
1135.83	3.724593039518395
1137.5	3.899214839518394
1139.17	3.350946939518394
1140.84	2.191713939518394
1142.5	1.0276228395183942
1144.17	-0.07747366048160598
1145.84	-0.021148350481605925
1147.51	-0.11986746048160594
1149.18	-0.023584680481605825
1150.84	-0.11472306048160572
1152.51	-0.012051360481605844
1154.18	-0.07680123048160596
1155.85	0.030353039518394187
1157.52	-0.02846746048160581
1159.18	0.07845284951839412
1160.85	-0.022942560481605933
1162.52	0.03185957951839409
1164.19	-0.08825546048160587
1165.85	-0.03444476048160587
1167.52	-0.09561738048160587
1169.19	0.002915939518394173
1170.86	-0.05506966048160589
1172.53	0.029537349518394228
1174.19	-0.04550496048160596
1175.86	0.013384749518394013
1177.53	-0.07022606048160604
1179.2	0.012459039518394022
1180.87	-0.049951760481605975
1182.53	0.036552339518394074
1184.2	-0.06323076048160596
1185.87	-0.020931250481605823
1187.54	-0.12277296048160595
1189.21	-0.05493786048160608
1190.87	-0.1125768604816058
1192.54	0.02657653951839416
1194.21	-0.0009338604816059304
1195.88	0.11402949951839418
1197.54	0.035923839518394195
1199.21	0.11414698951839412
1200.88	0.013338939518393978
1202.55	0.07635586951839406
1204.22	-0.027249260481605718
1205.88	0.03385347951839396
1207.55	-0.05056566048160591
1209.22	0.01969603951839416
1210.89	-0.05270186048160602
1212.56	0.06057523951839412
1214.22	0.006201539518394106
1215.89	0.07399216951839419
1217.56	-0.02360356048160579
1219.23	-6.036048160585894e-05
1220.9	-0.08606336048160582
1222.56	-0.02646936048160591
1224.23	-0.09407866048160585
1225.9	-0.00329732048160587
1227.57	-0.05134256048160561
1229.23	0.0075463608183941044
1230.9	-0.07214956048160578
1232.57	-0.028710960481605853
1234.24	-0.08923726048160585
1235.91	-0.011592960481605763
1237.57	-0.04231736048160588
1239.24	0.023442339518394008
1240.91	-0.022113960481605965
1242.58	0.04334245951839415
1244.25	-0.008530260481605923
1245.91	0.08747370951839399
1247.58	0.07512063951839414
1249.25	0.17125663951839423
1250.92	0.159945299518394
1252.59	0.21443663951839403
1254.25	0.15844209951839397
1255.92	0.20044993951839424
1257.59	0.18599693951839402
1259.26	0.26784073951839416
1260.92	0.35739133951839397
1262.59	0.4560183395183942
1264.26	0.8506964395183939
1265.93	2.181426619518394
1267.6	3.1984440395183937
1269.26	4.064520639518394
1270.93	4.047422839518394
1272.6	3.2336470395183943
1274.27	1.9306806795183942
1275.94	0.6734730395183941
1277.6	-0.3759654604816058
1279.27	-0.2827856604816058
1280.94	-0.3218940204816058
1282.61	-0.19760176048160588
1284.28	-0.26180306048160595
1285.94	-0.16526576048160596
1287.61	-0.24116843048160597
1289.28	-0.19143266048160584
1290.95	-0.3120197704816059
1292.61	-0.30683656048160596
1294.28	-0.42932066048160583
1295.95	-0.39095406048160586
1297.62	-0.454443060481606
1299.29	-0.3996050604816059
1300.95	-0.4712027604816059
1302.62	-0.48007706048160603
1304.29	-0.6386810604816057
1305.96	-0.856670060481606
1307.63	-0.27793046048160586
1309.29	0.941280839518394
1310.96	2.198530439518394
1312.63	3.4389989395183944
1314.3	3.788675939518395
1315.97	3.452546739518394
1317.63	2.5638116695183935
1319.3	1.3505540395183941
1320.97	0.6575789395183941
1322.64	0.6089889395183944
1324.3	0.41379483951839424
1325.97	0.49314463951839416
1327.64	0.400034839518394
1329.31	0.4479179395183941
1330.98	0.31052893951839416
1332.64	0.316637339518394
1334.31	0.13928843951839398
1335.98	0.18432833951839403
1337.65	0.0946014395183942
1339.32	0.2585842395183942
1340.98	0.31632593951839416
1342.65	0.4834565395183941
1344.32	0.502425739518394
1345.99	0.606767939518394
1347.65	0.4921942395183942
1349.32	0.5003590395183941
1350.99	0.33280863951839423
1352.66	0.3389164395183942
1354.33	0.219750339518394
1355.99	0.23599729951839396
1357.66	0.1824467395183941
1359.33	0.2756734455183941
1361.0	0.2879330395183942
1362.67	0.4423917395183941
1364.33	0.4010079495183942
1366.0	0.4640526395183941
1367.67	0.3575834395183941
1369.34	0.33536183951839404
1371.01	0.3813709395183942
1372.67	0.5480619395183943
1374.34	0.8182739395183939
1376.01	1.5391829395183945
1377.68	4.524643939518395
1379.34	8.706032439518394
1381.01	11.706573939518396
1382.68	13.091699939518396
1384.35	11.534912939518396
1386.02	7.889812939518393
1387.68	3.616863839518394
1389.35	-0.08764206048160599
1391.02	-1.5121758604816065
1392.69	-0.9898850604816058
1394.36	-0.9472180604816061
1396.02	-0.6855110604816057
1397.69	-0.7054860604816059
1399.36	-0.446032060481606
1401.03	-0.5745710604816058
1402.7	-0.42012906048160586
1404.36	-0.5065130604816057
1406.03	-0.39618806048160593
1407.7	-0.502589060481606
1409.37	-0.362882060481606
1411.03	-0.5042432604816058
1412.7	-0.4125100604816058
1414.37	-0.5678880604816059
1416.04	-0.46822006048160575
1417.71	-0.5901560604816061
1419.37	-0.45153306048160574
1421.04	-0.550416060481606
1422.71	-0.3969350604816058
1424.38	-0.4810400604816059
1426.05	-0.36160406048160587
1427.71	-0.5546490604816059
1429.38	-0.5541108604816058
1431.05	-0.878950560481606
1432.72	-0.8935529604816057
1434.39	-1.110091060481606
1436.05	-0.9532545604816057
1437.72	-1.018681760481606
1439.39	-0.7756995604816057
1441.06	-0.922175160481606
1442.72	-0.8014152604816062
1444.39	-1.210401060481606
1446.06	-1.081145760481606
1447.73	-1.535747560481606
1449.4	0.4565803395183945
1451.06	3.8476169395183946
1452.73	7.229175939518393
1454.4	9.821132939518396
1456.07	10.371684439518395
1457.74	8.455945539518392
1459.4	5.913069939518395
1461.07	2.5504239395183945
1462.74	0.8571119395183938
1464.41	0.8557909395183941
1466.08	0.6332599395183941
1467.74	0.5543659395183941
1469.41	0.3571249395183941
1471.08	0.23005663951839406
1472.75	0.1435475395183941
1474.41	0.07299243951839399
1476.08	0.06391493951839404
1477.75	0.0216209395183943
1479.42	-0.04986606048160595
1481.09	-0.09957406048160591
1482.75	-0.1145324604816059
1484.42	0.6126987395183939
1486.09	1.6949039195183944
1487.76	2.671977139518394
1489.43	3.371536539518394
1491.09	3.359276439518394
1492.76	2.7723259395183946
1494.43	1.997358939518394
1496.1	1.1332000395183939
1497.76	0.794573039518394
1499.43	0.6553259395183941
1501.1	0.6195841395183941
1502.77	2.000932599518394
1504.44	4.990877939518394
1506.1	8.361200039518394
1507.77	10.774579339518395
1509.44	11.414102939518395
1511.11	9.704654939518395
1512.78	6.839096639518393
1514.44	3.5371487395183943
1516.11	1.459081239518394
1517.78	0.8203129395183941
1519.45	0.7845468395183941
1521.12	0.49002353951839395
1522.78	0.41323023951839416
1524.45	0.1744374395183941
1526.12	0.22675743951839422
1527.79	0.10988993951839421
1529.45	0.21247393951839416
1531.12	0.13286693951839418
1532.79	0.2568049395183939
1534.46	0.24287993951839412
1536.13	0.3932139395183939
1537.79	0.39904093951839414
1539.46	0.539063939518394
1541.13	0.38608093951839395
1542.8	0.31362773951839407
1544.47	0.02261563951839416
1546.13	-0.09224066048160595
1547.8	-0.26512576048160585
1549.47	-0.1822790604816058
1551.14	-0.2029852604816059
1552.81	-0.040548860481606
1554.47	-0.13353106048160582
1556.14	-0.05945416048160592
1557.81	-0.15218889048160592
1559.48	-0.05621786048160602
1561.14	-0.12050346048160568
1562.81	-0.017800860481605917
1564.48	-0.09622046048160585
1566.15	-0.04460798548160592
1567.82	-0.14537180048160592
1569.48	-0.0407081604816059
1571.15	-0.09338036048160589
1572.82	0.028672739518393997
1574.49	-0.03168926048160601
1576.16	0.062107939518394016
1577.82	-0.018196960481606038
1579.49	0.03761213951839417
1581.16	-0.018880960481605792
1582.83	0.10524903951839397
1584.5	0.09709797951839423
1586.16	0.20346413951839412
1587.83	0.19912973951839427
1589.5	0.1857928395183941
1591.17	0.7754105395183944
1592.83	5.210103939518394
1594.5	9.502421939518396
1596.17	13.340212739518392
1597.84	14.695630939518392
1599.51	12.854952939518393
1601.17	8.726245439518394
1602.84	4.339101499518394
1604.51	0.04515063951839413
1606.18	-0.363560160481606
1607.85	-0.458282260481606
1609.51	-0.49840906048160605
1611.18	-0.6874200604816059
1612.85	-0.5036700604816058
1614.52	0.26559293951839413
1616.19	5.785260939518394
1617.85	11.810675939518395
1619.52	17.300440939518396
1621.19	20.154797439518394
1622.86	18.709695839518396
1624.52	13.957654939518395
1626.19	8.384458539518395
1627.86	2.6029285395183943
1629.53	1.1709635395183944
1631.2	0.8690639395183943
1632.86	0.5438099395183943
1634.53	0.38788293951839387
1636.2	0.43948393951839426
1637.87	0.28858093951839403
1639.54	0.785310329518394
1641.2	1.5477170395183943
1642.87	2.1425119395183936
1644.54	2.538839539518394
1646.21	2.4949323395183938
1647.88	1.8280800395183945
1649.54	1.2601556395183942
1651.21	0.4538528395183941
1652.88	0.14895093951839403
1654.55	0.2817109395183941
1656.21	0.26189933951839406
1657.88	0.2880619395183942
1659.55	0.31437193951839404
1661.22	0.26409693951839397
1662.89	0.2101599395183941
1664.55	0.15274903951839422
1666.22	0.0977615695183941
1667.89	0.06035793951839421
1669.56	-0.033996760481605826
1671.23	-0.14421076048160594
1672.89	-0.31853346048160597
1674.56	-0.4063780604816061
1676.23	-0.49912996048160607
1677.9	0.5955169395183939
1679.56	3.196533839518394
1681.23	5.916962939518394
1682.9	8.116660679518395
1684.57	8.741671739518393
1686.24	7.531934839518394
1687.9	5.234047239518394
1689.57	2.578060269518394
1691.24	0.6761828395183944
1692.91	0.42738223951839405
1694.58	0.3277193395183942
1696.24	0.4667081395183942
1697.91	0.39605583951839424
1699.58	0.512105719518394
1701.25	0.37936213951839426
1702.92	0.4083379195183941
1704.58	0.27493396951839405
1706.25	0.3594042395183941
1707.92	0.3177812395183941
1709.59	0.4349465395183942
1711.25	0.3615909395183941
1712.92	0.40884493951839396
1714.59	0.2578159395183941
1716.26	0.25874293951839417
1717.93	0.12291593951839394
1719.59	0.17198893951839406
1721.26	0.11163333951839413
1722.93	0.17448223951839403
1724.6	0.07112883951839408
1726.27	0.12737753951839403
1727.93	0.050725839518394225
1729.6	0.1631771395183939
1731.27	0.10685313951839406
1732.94	0.217507539518394
1734.61	0.1335273395183943
1736.27	0.1964057395183941
1737.94	0.0888898395183942
1739.61	0.1637829395183941
1741.28	0.08706123951839413
1742.94	0.18750813951839396
1744.61	0.11156063951839412
1746.28	0.21013883951839415
1747.95	0.1406587395183943
1749.62	0.24750223951839398
1751.28	0.181033439518394
1752.95	0.294293939518394
1754.62	0.21130013951839394
1756.29	0.3095511395183942
1757.96	0.22803193951839393
1759.62	0.29577593951839404
1761.29	0.17967193951839433
1762.96	0.24140633951839413
1764.63	0.11207493951839406
1766.3	0.23012813951839411
1767.96	0.18511093951839408
1769.63	0.35263723951839415
1771.3	0.30397953951839407
1772.97	0.39073783951839414
1774.63	0.23151323951839414
1776.3	0.28219843951839413
1777.97	0.11838083951839388
1779.64	0.22483783951839414
1781.31	0.16692393951839413
1782.97	0.3636392395183941
1784.64	0.34047493951839397
1786.31	0.5708232395183941
1787.98	0.5378888395183941
1789.65	0.8200365795183941
1791.31	0.7739454195183944
1792.98	1.077286399518394
1794.65	1.020273739518394
1796.32	4.823187139518394
1797.99	9.676260939518395
1799.65	13.868645939518393
1801.32	16.148375139518397
1802.99	14.936970939518394
1804.66	10.675847739518392
1806.32	5.938123939518395
1807.99	0.7728585395183942
1809.66	-0.7727240604816059
1811.33	-0.38361566048160595
1813.0	-0.38641156048160596
1814.66	-0.26112596048160597
1816.33	-0.248084560481606
1818.0	-0.20639716048160603
1819.67	-0.19295126048160577
1821.34	-0.20131943048160594
1823.0	-0.17456226048160572
1824.67	-0.18147806048160592
1826.34	-0.1475885604816058
1828.01	-0.15429136048160583
1829.68	-0.11573036048160586
1831.34	-0.1396165604816058
1833.01	-0.10538066048160592
1834.68	-0.138068660481606
1836.35	-0.09925896048160583
1838.01	-0.12199146048160585
1839.68	-0.06694096048160583
1841.35	-0.08132026048160583
1843.02	-0.03255596048160584
1844.69	-0.07342446048160588
1846.35	-0.04480836048160577
1848.02	-0.08391906048160576
1849.69	-0.03384466048160582
1851.36	-0.050402160481605986
1853.03	0.022969319518394038
1854.69	-0.009318960481605909
1856.36	0.04801593951839407
1858.03	-0.0061376604816057116
1859.7	0.027395809518394255
1861.36	-0.018530060481605846
1863.03	0.024456105518394295
1864.7	-0.0107463604816059
1866.37	0.009428849518394044
1868.04	-0.07577686048160594
1869.7	-0.038044360481605796
1871.37	-0.09586809048160609
1873.04	-0.010793360481605707
1874.71	-0.016291060481605855
1876.38	0.06193353951839403
1878.04	0.048555239518394154
1879.71	0.09664680951839402
1881.38	0.022906839518394097
1883.05	0.07877078951839425
1884.72	0.010301039518394294
1886.38	0.06440563951839404
1888.05	0.009756339518394053
1889.72	0.059208039518393984
1891.39	0.005078539518393976
1893.05	0.06916193951839403
1894.72	-0.004351660481605823
1896.39	0.03366963951839417
1898.06	-0.05056666048160602
1899.73	-0.02640256048160594
1901.39	-0.10510616048160597
1903.06	-0.06240548048160584
1904.73	-0.12177326048160594
1906.4	-0.04674906048160584
1908.07	-0.08262726048160599
1909.73	0.002442799518394112
1911.4	-0.026491860481606087
1913.07	0.04251600951839405
1914.74	-0.016722160481605807
1916.41	0.01541733951839428
1918.07	-0.05811536048160598
1919.74	-0.0026309604816057764
1921.41	-0.04839976048160586
1923.08	0.03547037951839412
1924.74	0.004023539518394137
1926.41	0.06598323951839398
1928.08	0.010432239518394093
1929.75	0.055467189518394244
1931.42	-0.007442460481605839
1933.08	0.05653161951839415
1934.75	-0.005831060481605898
1936.42	0.06335660951839403
1938.09	0.00026353951839414025
1939.76	0.057280849518394183
1941.42	0.0016578395183941108
1943.09	0.056320419518394074
1944.76	-0.011400060481605962
1946.43	0.03991345951839409
1948.1	-0.045094460481605855
1949.76	0.012129539518394145
1951.43	-0.03335346048160587
1953.1	0.04170883951839408
1954.77	0.005966939518393976
1956.43	0.07437683951839397
1958.1	0.011121039518394193
1959.77	0.06483326951839409
1961.44	-0.012556460481605724
1963.11	0.0290437095183942
1964.77	-0.04082156048160586
1966.44	-0.0028551604816057672
1968.11	-0.09011736048160587
1969.78	-0.06259076548160589
1971.45	-0.14426006048160595
1973.11	-0.08846166248160599
1974.78	-0.13712366048160585
1976.45	-0.03727386048160584
1978.12	-0.05778466048160593
1979.79	0.03317665951839394
1981.45	-0.008578760481605946
1983.12	0.057686709518394164
1984.79	0.004091939518394155
1986.46	0.071949899518394
1988.12	0.014873439518394139
1989.79	0.08657067951839412
1991.46	0.02197913951839403
1993.13	0.06980798451839418
1994.8	-0.020150260481605915
1996.46	0.03389948951839407
1998.13	-0.012090360481605921
1999.8	0.07210833951839395
2001.47	0.03340033951839414
2003.14	0.10694013951839407
2004.8	0.044062039518393915
2006.47	0.09316933951839415
2008.14	0.01700023951839409
2009.81	0.07394643951839402
2011.48	0.03373833951839398
2013.14	0.11555173951839415
2014.81	0.08509553951839406
2016.48	0.16837123951839422
2018.15	0.11907383951839409
2019.81	0.1679997395183941
2021.48	0.07556303951839398
2023.15	0.060207189518394065
2024.82	-0.07298006048160602
2026.49	-0.0719658204816059
2028.15	-0.15153956048160597
2029.82	-0.07997644648160578
2031.49	-0.11455906048160594
2033.16	-0.018076460481605737
2034.83	-0.04656436048160598
2036.49	0.02424963951839414
2038.16	-0.020419360481605874
2039.83	0.04318523951839412
2041.5	-0.01585976048160581
2043.16	0.03163603951839416
2044.83	-0.07417376048160586
2046.5	-0.030761000481605884
2048.17	-0.10751716048160595
2049.84	-0.0435311504816059
2051.5	-0.0836731604816057
2053.17	0.0022084495183942177
2054.84	-0.042469560481605786
2056.51	0.04875813951839412
2058.18	-0.006607960481605901
2059.84	0.07113813951839411
2061.51	0.010733139518394141
2063.18	0.05060743951839412
2064.85	-0.0475005604816058
2066.52	-0.0067808604816059215
2068.18	-0.08966846048160598
2069.85	-0.019284460481605925
2071.52	-0.09349706048160601
2073.19	-0.033631260481605765
2074.85	-0.07951836048160592
2076.52	-0.007829460481605977
2078.19	-0.06070236048160584
2079.86	0.043158439518394084
2081.53	0.01774723951839402
2083.19	0.07367493951839402
2084.86	-0.014604360481605804
2086.53	0.00298923951839416
2088.2	-0.053142660481606
2089.87	0.057978639518394035
2091.53	0.0707967395183942
2093.2	0.20979433951839416
2094.87	0.22093553951839412
2096.54	0.25603383951839404
2098.21	0.15074383951839404
2099.87	0.1488580095183941
2101.54	0.053153139518394045
2103.21	0.0885815995183941
2104.88	0.006060139518394192
2106.54	0.04100688951839403
2108.21	-0.04349726048160594
2109.88	0.0032028395183941127
2111.55	-0.03832506048160601
2113.22	0.05772323951839421
2114.88	0.02302803951839396
2116.55	0.1043911395183941
2118.22	0.034439539518394
2119.89	0.08095503951839408
2121.56	0.018943239518394196
2123.22	0.08761033951839417
2124.89	0.04340293951839408
2126.56	0.12000553951839407
2128.23	0.0468542395183939
2129.9	0.08439943951839425
2131.56	-0.005550760481605921
2133.23	0.02640960951839405
2134.9	-0.043967560481605744
2136.57	0.016722939518394098
2138.23	-0.044498560481605935
2139.9	0.022231269518394225
2141.57	-0.040527360481605976
2143.24	0.08987223951839414
2144.91	0.05557923951839414
2146.57	0.13604063951839412
2148.24	0.057833939518394065
2149.91	0.060231969518394046
2151.58	-0.07137766048160574
2153.25	-0.04116224048160587
2154.91	-0.14156436048160587
2156.58	-0.03640540048160586
2158.25	-0.08803456048160571
2159.92	-0.02175368148160599
2161.59	-0.078558260481606
2163.25	-0.023609150481605844
2164.92	-0.09205636048160583
2166.59	-0.026298160481605836
2168.26	-0.08604536048160576
2169.92	-0.00483993048160587
2171.59	-0.04001526048160582
2173.26	0.058916139518394174
2174.93	0.023194339518394048
2176.6	0.10076073951839411
2178.26	0.031377539518394115
2179.93	0.08569423951839403
2181.6	0.010562639518394312
2183.27	0.056987239518393976
2184.94	-0.026617560481606024
2186.6	0.026747829518394068
2188.27	-0.04459476048160586
2189.94	0.02395769951839392
2191.61	-0.02850386048160596
2193.28	0.05088563951839412
2194.94	0.006634139518394211
2196.61	0.07114033951839421
2198.28	0.002450239518394126
2199.95	0.04887403951839414
2201.61	-0.025405660481605842
2203.28	0.03287633951839411
2204.95	-0.041004160481605934
2206.62	0.02705963951839409
2208.29	-0.027328660481606003
2209.95	0.04270683951839415
2211.62	-0.002369260481605928
2213.29	0.07598923951839417
2214.96	0.03064773951839419
2216.63	0.11129383951839426
2218.29	0.04751313951839412
2219.96	0.10397013951839398
2221.63	0.024955939518394123
2223.3	0.08603203951839414
2224.96	0.010009739518394189
2226.63	0.057982439518394116
2228.3	-0.018954960481605842
2229.97	0.012893139518394211
2231.64	-0.070252560481606
2233.3	-0.013860950481605938
2234.97	-0.07019516048160586
2236.64	0.018193939518394008
2238.31	-0.035233260481605924
2239.98	0.019992239518394118
2241.64	-0.04946686048160596
2243.31	0.0010903695183941188
2244.98	-0.08329666048160586
2246.65	-0.02239042048160589
2248.32	-0.09421986048160583
2249.98	-0.01652217048160597
2251.65	-0.06819926048160568
2253.32	0.006435839518394037
2254.99	-0.044924360481605974
2256.65	0.03354702951839403
2258.32	-0.036382760481605755
2259.99	0.03310752951839406
2261.66	-0.028456760481605937
2263.33	0.056543839518394076
2264.99	0.02022013951839411
2266.66	0.10433543951839411
2268.33	0.06992273951839409
2270.0	0.1457355395183942
2271.67	0.07304823951839406
2273.33	0.10272413951839413
2275.0	0.005872739518393955
2276.67	0.05417633951839418
2278.34	-0.02397596048160603
2280.01	0.018740939518394183
2281.67	-0.060418160481605955
2283.34	-0.02278551048160583
2285.01	-0.11476886048160577
2286.68	-0.07246176048160595
2288.34	-0.1433981604816058
2290.01	-0.07211325048160577
2291.68	-0.13796156048160585
2293.35	-0.08747622048160594
2295.02	-0.1615207604816058
2296.68	-0.10331276048160594
2298.35	-0.15296886048160596
2300.02	-0.081562830481606
2301.69	-0.1229051604816058
2303.36	-0.04658920048160596
2305.02	-0.09527026048160599
2306.69	-0.025876850481605883
2308.36	-0.08229106048160603
2310.03	-0.021355460481605814
2311.7	-0.06277236048160591
2313.36	0.0043907395183941265
2315.03	-0.047564260481605926
2316.7	0.017133389518394236
2318.37	-0.04763446048160592
2320.03	0.007809129518394053
2321.7	-0.06193176048160583
2323.37	-0.010055860481605783
2325.04	-0.07397026048160585
2326.71	-0.00983126048160603
2328.37	-0.07360276048160592
2330.04	-0.00631999048160582
2331.71	-0.06698956048160584
2333.38	0.0056613395183942265
2335.05	-0.06043536048160608
2336.71	0.003643299518394094
2338.38	-0.07261606048160585
2340.05	-0.01254348048160594
2341.72	-0.07533986048160585
2343.39	-0.004299660481605872
2345.05	-0.050162660481605746
2346.72	0.04030173951839401
2348.39	-0.00232356048160588
2350.06	0.08469695051839404
2351.72	0.03477463951839416
2353.39	0.10813883951839412
2355.06	0.035136139518394296
2356.73	0.07093363951839408
2358.4	-0.02626886048160585
2360.06	0.010324439518394169
2361.73	-0.07203326048160608
2363.4	-0.010710320481605761
2365.07	-0.06854566048160596
2366.74	0.008424879518394112
2368.4	-0.04532066048160588
2370.07	0.026015109518394065
2371.74	-0.024380960481606033
2373.41	0.052425861518394234
2375.07	-0.011903160481605824
2376.74	0.06282188951839413
2378.41	0.006034939518394044
2380.08	0.07244645951839393
2381.75	0.0026443395183939787
2383.41	0.04514998951839408
2385.08	-0.03558786048160578
2386.75	0.0030312395183941577
2388.42	-0.09545396048160587
2390.09	-0.042336060481605854
2391.75	-0.12486866048160597
2393.42	-0.0684305604816057
2395.09	-0.13978486048160602
2396.76	-0.07707806048160584
2398.43	-0.12614846048160597
2400.09	-0.04560186048160573
2401.76	-0.09862796048160585
2403.43	-0.010589840481605828
2405.1	-0.0675609604816059
2406.76	-0.00035116048160585003
2408.43	-0.06842026048160602
2410.1	-0.016108700481605877
2411.77	-0.0931027604816059
2413.44	-0.030054770481605896
2415.1	-0.09786496048160591
2416.77	-0.031063890481605915
2418.44	-0.09104546048160596
2420.11	0.005262089518393981
2421.78	-0.03579316048160589
2423.44	0.052719689518394196
2425.11	-0.0012820604816059732
2426.78	0.05611211951839392
2428.45	-0.028266660481605997
2430.12	0.014291909518394064
2431.78	-0.0794774604816058
2433.45	-0.015150706481605858
2435.12	-0.0940158604816059
2436.79	-0.04904311748160586
2438.45	-0.11827996048160597
2440.12	-0.05428434048160589
2441.79	-0.10797906048160577
2443.46	-0.022062220481605797
2445.13	-0.060110360481605715
2446.79	0.008342949518394028
2448.46	-0.06234996048160598
2450.13	-0.03263016048160587
2451.8	-0.13171536048160584
2453.47	-0.0950847604816059
2455.13	-0.174909660481606
2456.8	-0.10554391048160579
2458.47	-0.14451796048160598
2460.14	-0.045708860481605926
2461.81	-0.07062886048160584
2463.47	0.037709439518394144
2465.14	-0.0028756604816058463
2466.81	0.07315484951839395
2468.48	0.0016346395183942097
2470.14	0.05659473951839398
2471.81	-0.022435960481605854
2473.48	0.034726809518394186
2475.15	-0.041691860481605766
2476.82	0.016072189518394
2478.48	-0.06671206048160579
2480.15	-0.025545560481605868
2481.82	-0.10233126048160597
2483.49	-0.03914876048160576
2485.16	-0.09631236048160595
2486.82	-0.01726557048160584
2488.49	-0.07680096048160598
2490.16	0.0002828395183940735
2491.83	-0.066570160481606
2493.5	-0.024345260481605867
2495.16	-0.11395886048160583
2496.83	-0.061735260481606026
2498.5	-0.1290628604816059
2500.17	-0.04081628048160598
2501.83	-0.08495196048160591
2503.5	0.014157269518394067
2505.17	-0.023905160481605826
2506.84	0.05430611831839414
2508.51	-0.0115745604816061
2510.17	0.056420189518394136
2511.84	-0.01011886048160584
2513.51	0.06395611951839406
2515.18	0.0022594395183942128
2516.85	0.056382477518394244
2518.51	-0.010031460481605924
2520.18	0.04831391951839413
2521.85	-0.03131216048160594
2523.52	0.03696702951839409
2525.19	-0.03542926048160596
2526.85	0.022625289518394105
2528.52	-0.05439156048160598
2530.19	-0.03097596048160587
2531.86	-0.1186313604816059
2533.52	-0.06643666048160582
2535.19	-0.12926256048160595
2536.86	-0.042955720481605876
2538.53	-0.07184116048160585
2540.2	0.031595379518394154
2541.86	-0.01295686048160587
2543.53	0.052104009518394
2545.2	-0.024278060481605877
2546.87	0.013603739518394109
2548.54	-0.06640197048160584
2550.2	-0.0023094604816059627
2551.87	-0.07602846048160573
2553.54	-0.02688596048160593
2555.21	-0.11670296048160582
2556.87	-0.063485350481606
2558.54	-0.13509676048160585
2560.21	-0.06628683048160586
2561.88	-0.14279086048160586
2563.55	-0.07184066048160584
2565.21	-0.14817086048160574
2566.88	-0.08972006048160577
2568.55	-0.15971936048160598
2570.22	-0.06429964048160604
2571.89	-0.11943566048160581
2573.55	-0.05161216048160596
2575.22	-0.14864556048160585
2576.89	-0.1040871204816057
2578.56	-0.1844035604816059
2580.23	-0.109411294981606
2581.89	-0.14586026048160594
2583.56	-0.03608979048160592
2585.23	-0.062308660481605896
2586.9	0.015920539518394228
2588.56	-0.055046760481606026
2590.23	-0.004958760481605961
2591.9	-0.0837417604816059
2593.57	-0.02906779048160597
2595.24	-0.09188676048160581
2596.9	-0.03307273048160596
2598.57	-0.08654676048160585
2600.24	-0.012540560481605923
2601.91	-0.056719860481605974
2603.58	0.017224869518394213
2605.24	-0.049740360481605926
2606.91	0.0008257395183942972
2608.58	-0.06668726048160573
2610.25	0.0034045395183940675
2611.92	-0.04853806048160598
2613.58	0.021397449518393973
2615.25	-0.05707106048160591
2616.92	-0.008705560481605912
2618.59	-0.07532316048160581
2620.25	0.00856033951839399
2621.92	-0.030620960481605862
2623.59	0.0781472195183941
2625.26	0.028591439518394157
2626.93	0.10894032951839401
2628.59	0.044984439518394016
2630.26	0.1162250395183941
2631.93	0.044245139518394164
2633.6	0.10018303951839398
2635.27	-0.006273050481605702
2636.93	0.044112439518394164
2638.6	-0.03857565048160597
2640.27	0.02172623951839423
2641.94	-0.03877000048160585
2643.61	0.03723933951839411
2645.27	-0.012985720481605933
2646.94	0.03789223951839402
2648.61	-0.04983806048160575
2650.28	0.002769039518394134
2651.94	-0.056503860481605696
2653.61	0.019877239518394107
2655.28	-0.030485160481605923
2656.95	0.02914013951839407
2658.62	-0.04683706048160585
2660.28	-0.023096660481605948
2661.95	-0.11728866048160587
2663.62	-0.0446152604816058
2665.29	-0.07420656048160579
2666.96	0.005666239518394156
2668.62	-0.04837826048160587
2670.29	0.027385439518394162
2671.96	-0.037585460481605944
2673.63	0.026784361518393952
2675.3	-0.03133086048160586
2676.96	0.023007239518394028
2678.63	-0.059401360481605894
2680.3	-0.028441580481605923
2681.97	-0.12849956048160574
2683.63	-0.06524231048160593
2685.3	-0.13027786048160597
2686.97	-0.07673010048160585
2688.64	-0.14846676048160581
2690.31	-0.0879814904816059
2691.97	-0.1416165604816058
2693.64	-0.05246123048160604
2695.31	-0.08388486048160593
2696.98	0.034080519518394144
2698.65	-0.008609460481606069
2700.31	0.053196339518394045
2701.98	-0.047022960481605904
2703.65	-0.0236186604816059
2705.32	-0.11914486048160597
2706.99	-0.053520260481605984
2708.65	-0.11856316048160594
2710.32	-0.024028340481605924
2711.99	-0.06540346048160597
2713.66	0.020269839518393985
2715.32	-0.022592960481605973
2716.99	0.061386439518394044
2718.66	-0.00997626048160608
2720.33	0.06024593951839406
2722.0	-0.020632660481605912
2723.66	0.008084259518394189
2725.33	-0.11904166048160596
2727.0	-0.07160946048160595
2728.67	-0.15450501048160592
2730.34	-0.0684648604816059
2732.0	-0.11393766048160581
2733.67	-0.022899760481605823
2735.34	-0.08646586048160572
2737.01	-0.03669432048160579
2738.67	-0.15926916048160586
2740.34	-0.08038419148160576
2742.01	-0.11902836048160599
2743.68	0.01987226951839426
2745.35	-9.046048160592513e-05
2747.01	0.13593793951839422
2748.68	0.08620263951839402
2750.35	0.14974093951839423
2752.02	0.02495903951839411
2753.69	0.03407233951839432
2755.35	-0.15383670048160575
2757.02	-0.1137904604816059
2758.69	-0.21675202048160597
2760.36	-0.13975376048160587
2762.03	-0.18148876048160592
2763.69	-0.052238390481605904
2765.36	-0.11001176048160596
2767.03	-0.0264879604816059
2768.7	-0.1227690504816058
2770.36	-0.039902660481606
2772.03	-0.0682743304816059
2773.7	0.07403213951839413
2775.37	0.10379083951839403
2777.04	0.338382739518394
2778.7	0.4045588095183942
2780.37	0.5255965395183942
2782.04	0.4207827395183942
2783.71	0.4138003395183943
2785.38	0.1551725395183941
2787.04	0.06564493951839405
2788.71	-0.0681524604816059
2790.38	-0.003659590481606023
2792.05	-0.00820576048160584
2793.72	0.21348073951839414
2795.38	0.24099753951839417
2797.05	0.4367932395183941
2798.72	0.377998139518394
2800.39	0.39419473951839423
2802.05	0.24858333951839412
2803.72	0.1926981395183942
2805.39	-0.007437860481605818
2807.06	-0.01944226048160581
2808.73	-0.11536186048160586
2810.39	0.018562909518394188
2812.06	0.002288939518394173
2813.73	0.14301153951839413
2815.4	0.10074598951839422
2817.07	0.1365283395183943
2818.73	0.02731452799839419
2820.4	0.014617039518394081
2822.07	-0.15436776048160578
2823.74	-0.127287160481606
2825.41	-0.2228485704816058
2827.07	-0.13416446048160585
2828.74	-0.16009208248160584
2830.41	-0.06165736048160607
2832.08	-0.10381071048160598
2833.74	-0.06045616048160594
2835.41	-0.18468846048160598
2837.08	-0.14445706048160578
2838.75	-0.21594696048160572
2840.42	-0.12145726048160596
2842.08	-0.123277070481606
2843.75	0.024987739518394093
2845.42	-0.009564060481606029
2847.09	0.0791951395183941
2848.76	-0.03987906048160593
2850.42	0.006787139518394181
2852.09	-0.11233506048160588
2853.76	-0.055331091481605865
2855.43	-0.15418470048160599
2857.1	-0.03751596048160596
2858.76	-0.112244960481606
2860.43	-0.006960960481605971
2862.1	-0.12377886048160591
2863.77	-0.00045246048160589857
2865.43	-0.08209896048160603
2867.1	0.10214193951839404
2868.77	0.12561753951839405
2870.44	0.21030693951839413
2872.11	0.09578683951839403
2873.77	0.03606393951839415
2875.44	-0.30487006048160603
2877.11	-0.42142606048160597
2878.78	-0.6510280604816059
2880.45	-0.6405290604816056
2882.11	-0.636067260481606
2883.78	-0.5228123604816062
2885.45	-0.42625446048160587
2887.12	-0.1326783604816059
2888.79	-0.09834316048160599
2890.45	0.08152203951839398
2892.12	-0.1171255604816058
2893.79	-0.31467706048160576
2895.46	-0.8788061604816058
2897.12	3.339610939518394
2898.79	11.654575939518393
2900.46	22.089845439518392
2902.13	30.302118859518394
2903.8	33.9149439395184
2905.46	30.813028939518393
2907.13	23.6228699395184
2908.8	13.707808939518392
2910.47	6.940875839518395
2912.14	3.7916289395183944
2913.8	2.816728939518394
2915.47	1.8950235195183942
2917.14	1.723337039518394
2918.81	1.609819239518394
2920.47	1.558236339518394
2922.14	1.3593278395183943
2923.81	1.141659939518394
2925.48	0.8715633395183943
2927.15	0.7692851295183942
2928.81	0.639762739518394
2930.48	0.7375968395183942
2932.15	0.6953461395183941
2933.82	0.7375570395183941
2935.49	0.6686041395183941
2937.15	0.6067931395183939
2938.82	0.5155064395183941
2940.49	0.6191236395183941
2942.16	0.7631256395183941
2943.83	0.9719617395183942
2945.49	1.0768769395183941
2947.16	1.1857283395183942
2948.83	1.0731059395183944
2950.5	1.0325282395183941
2952.16	0.8630226395183941
2953.83	0.9206413395183943
2955.5	1.0241186695183941
2957.17	1.4353022395183939
2958.84	3.6799996395183947
2960.5	7.920256439518394
2962.17	13.039917439518394
2963.84	20.596599879518394
2965.51	29.772480939518392
2967.18	39.583818939518395
2968.84	47.92210793951839
2970.51	51.188887939518395
2972.18	49.13210793951839
2973.85	41.88079743951839
2975.52	30.783511939518394
2977.18	20.11076615951839
2978.85	12.479729139518394
2980.52	7.952076939518394
2982.19	5.928761239518393
2983.85	4.425790639518395
2985.52	3.3149099395183947
2987.19	2.441628139518394
2988.86	1.7572734395183942
2990.53	1.3612367395183942
2992.19	1.4307879395183942
2993.86	1.791796439518394
2995.53	2.3082653395183947
2997.2	2.9768291395183946
2998.87	3.148384039518395
3000.53	3.0728801395183942
3002.2	2.4557629395183938
3003.87	1.674032439518394
3005.54	0.9385852695183943
3007.21	0.7142911395183942
3008.87	0.49492353951839413
3010.54	0.553804639518394
3012.21	0.7902919395183942
3013.88	1.5716546395183941
3015.54	4.954582839518394
3017.21	9.168638939518393
3018.88	14.169862039518392
3020.55	18.141161939518394
3022.22	19.046341939518392
3023.88	17.342120939518395
3025.55	13.245559039518394
3027.22	8.031651239518393
3028.89	4.525690939518394
3030.56	1.9853735495183944
3032.22	0.643914841518394
3033.89	0.38410416951839416
3035.56	-0.11593936048160602
3037.23	0.014676739518394166
3038.9	-0.29810706048160573
3040.56	-0.21990006048160593
3042.23	-0.37461306048160586
3043.9	-0.17246106048160584
3045.57	-0.21511606048160595
3047.23	0.047694939518394076
3048.9	-0.08266906048160597
3050.57	0.10323593951839427
3052.24	-0.10136406048160584
3053.91	0.05986693951839408
3055.57	-0.12907006048160613
3057.24	0.20368093951839406
3058.91	-0.029952060481605945
3060.58	2.8189549395183944
3062.25	7.185122239518394
3063.91	11.183872939518395
3065.58	13.677181519518394
3067.25	13.224791939518393
3068.92	9.782482939518394
3070.59	5.626019379518395
3072.25	0.9788534395183939
3073.92	-1.0022191604816062
3075.59	-0.6691385604816059
3077.26	-0.5169143604816059
3078.92	-0.37463176048160574
3080.59	-0.3594647604816059
3082.26	-0.31229086048160587
3083.93	-0.3390354604816058
3085.6	-0.2626568604816059
3087.26	-0.2123805604816058
3088.93	-0.12983656048160572
3090.6	-0.0010428604816060227
3092.27	-0.0517269604816061
3093.94	-0.047201460481605916
3095.6	-0.14135936048160577
3097.27	-0.17905740048160596
3098.94	-0.2603849604816061
3100.61	-0.30492262048160595
3102.27	-0.3948904604816058
3103.94	-0.3667156104816059
3105.61	-0.4180779604816059
3107.28	-0.37547766048160586
3108.95	-0.3956461604816059
3110.61	-0.30452136048160583
3112.28	-0.324621660481606
3113.95	-0.1912585204816059
3115.62	-0.1412485804816057
3117.29	-0.007142660481605834
3118.95	-0.007926620481605973
3120.62	-0.01064916048160589
3122.29	-0.1532847704816059
3123.96	-0.19263696048160595
3125.63	-0.31990316048160583
3127.29	-0.2859774604816059
3128.96	-0.3807677604816059
3130.63	-0.05467146048160578
3132.3	0.40605493951839416
3133.96	1.084017939518394
3135.63	1.5519179395183942
3137.3	1.7523483395183945
3138.97	1.452768539518394
3140.64	1.0310523395183941
3142.3	0.36774863951839415
3143.97	0.09330122951839406
3145.64	-0.02980766048160597
3147.31	0.0634451395183941
3148.98	0.06006503951839426
3150.64	0.16046283951839407
3152.31	0.16667653951839406
3153.98	0.2679931395183941
3155.65	0.2623299395183941
3157.32	0.28743853951839415
3158.98	0.1082684395183939
3160.65	0.0456819595183942
3162.32	-0.047862560481605795
3163.99	0.09856043951839402
3165.65	0.19674603951839398
3167.32	0.37007343951839405
3168.99	0.38539943951839417
3170.66	0.44825953951839403
3172.33	0.26121833951839424
3173.99	0.16746373951839416
3175.66	-0.04493146048160594
3177.33	-0.07595705048160602
3179.0	-0.1816361604816059
3180.67	-0.1459965604816059
3182.33	-0.19671066048160593
3184.0	-0.12047156048160593
3185.67	-0.18277476048160587
3187.34	-0.11436576048160588
3189.01	-0.13360656048160585
3190.67	-0.03471646048160611
3192.34	-0.010793060481605865
3194.01	0.06900163951839418
3195.68	-0.004852660481605708
3197.34	0.029581689518394193
3199.01	-0.034393860481605976
3200.68	0.02759090951839427
3202.35	-0.015414160481605921
3204.02	0.051744339518394133
3205.68	-0.012328460481605819
3207.35	0.03982263951839402
3209.02	-0.06815336048160583
3210.69	-0.03706737048160595
3212.36	-0.11748326048160584
3214.02	-0.050109580481605874
3215.69	-0.12221476048160576
3217.36	-0.022711230481605726
3219.03	-0.053393760481606004
3220.7	0.046115259518394215
3222.36	0.011881739518394108
3224.03	0.09647963951839411
3225.7	0.053469739518394135
3227.37	0.1018949395183941
3229.03	-0.00028816048160588135
3230.7	-0.009692560481605893
3232.37	-0.14558086048160596
3234.04	-0.15319781048160605
3235.71	-0.2816056604816059
3237.37	-0.25907406048160597
3239.04	-0.33456346048160573
3240.71	-0.27999956048160596
3242.38	-0.34384006048160576
3244.05	-0.26569356048160586
3245.71	-0.28403256048160586
3247.38	-0.16297946048160586
3249.05	-0.17993716048160582
3250.72	-0.06980887048160593
3252.38	-0.10409556048160602
3254.05	-0.023209560481605895
3255.72	-0.08555752048160578
3257.39	-0.0181079604816059
3259.06	-0.06214466048160576
3260.72	-0.006698760481605714
3262.39	-0.10993986048160584
3264.06	-0.07567616048160578
3265.73	-0.14895106048160592
3267.4	-0.09068916048160594
3269.06	-0.10886486048160593
3270.73	-0.018208960481605918
3272.4	-0.06404016048160588
3274.07	0.0048269395183941025
3275.74	-0.07938136048160589
3277.4	-0.029482560481605913
3279.07	-0.10565046048160587
3280.74	-0.07311476048160605
3282.41	-0.16794236048160588
3284.07	-0.14495292048160585
3285.74	-0.2280533604816059
3287.41	-0.13403927048160597
3289.08	-0.15764086048160575
3290.75	-0.059735120481605744
3292.41	-0.130352960481606
3294.08	-0.08007536048160593
3295.75	-0.18595876048160592
3297.42	-0.1635109304816059
3299.09	-0.25062016048160574
3300.75	-0.16904526048160598
3302.42	-0.19964936048160575
3304.09	-0.07762066048160587
3305.76	-0.08499196048160595
3307.43	0.03850703951839409
3309.09	-0.015200260481605887
3310.76	0.0232776395183941
3312.43	-0.06906976048160587
3314.1	-0.0233602404816059
3315.76	-0.1031345604816059
3317.43	-0.022382360481606002
3319.1	-0.10558486048160576
3320.77	-0.045777860481605856
3322.44	-0.11885852048160597
3324.1	-0.03417206048160587
3325.77	-0.04131966048160587
3327.44	0.03939603951839395
3329.11	-0.053221260481605984
3330.78	-0.04164416048160582
3332.44	-0.18479496048160593
3334.11	-0.17792564048160595
3335.78	-0.25870846048160595
3337.45	-0.1784405604816059
3339.12	-0.20266836048160597
3340.78	-0.12861126048160598
3342.45	-0.16467516048160585
3344.12	-0.0648860604816059
3345.79	-0.09687276048160594
3347.45	-0.02452496048160595
3349.12	-0.10059136048160586
3350.79	-0.04378176048160578
3352.46	-0.12016026048160604
3354.13	-0.06032426048160602
3355.79	-0.12653426048160593
3357.46	-0.054579760481605934
3359.13	-0.19036496048160595
3360.8	-0.1716723604816059
3362.47	-0.2710354604816058
3364.13	-0.11154196048160574
3365.8	-0.09491966048160583
3367.47	0.030203539518394096
3369.14	-0.03691196048160594
3370.81	-0.03228056048160595
3372.47	-0.1820910604816058
3374.14	-0.10826856048160582
3375.81	-0.17400906048160608
3377.48	-0.019073760481606028
3379.14	-0.06770136048160594
3380.81	-0.07069296048160605
3382.48	-0.2468420604816059
3384.15	-0.21751306048160587
3385.82	-0.3226010604816058
3387.48	-0.15042006048160586
3389.15	-0.3263380604816059
3390.82	1.2843586395183941
3392.49	4.203217939518394
3394.16	7.723004939518395
3395.82	10.367710939518394
3397.49	11.311232939518394
3399.16	9.817481939518396
3400.83	7.1604968395183946
3402.5	3.538736339518394
3404.16	1.328390939518394
3405.83	0.5251546395183941
3407.5	0.4146283395183941
3409.17	0.28289133951839407
3410.83	0.23606693951839414
3412.5	0.18040283951839414
3414.17	0.24945003951839392
3415.84	0.18937473951839406
3417.51	0.21577503951839408
3419.17	0.111186139518394
3420.84	0.08937293951839391
3422.51	-0.005978990481605817
3424.18	-0.02091426048160584
3425.85	-0.0803464404816059
3427.51	-0.004951460481605985
3429.18	-0.03181376048160579
3430.85	0.10609633951839417
3432.52	0.13719323951839407
3434.18	0.2374154595183942
3435.85	0.18573903951839404
3437.52	0.19737633951839414
3439.19	0.08264773951839406
3440.86	0.09602093951839405
3442.52	0.001696739518394108
3444.19	0.03222613951839402
3445.86	-0.03029501048160581
3447.53	-0.014822260481605986
3449.2	-0.09682066048160588
3450.86	-0.021809760481605923
3452.53	-0.04929986048160593
3454.2	0.03565633951839413
3455.87	0.01367273951839405
3457.54	0.07219820951839408
3459.2	0.0162380395183942
3460.87	0.021843059518394013
3462.54	-0.09081276048160594
3464.21	-0.07268846048160583
3465.87	-0.14989496048160592
3467.54	-0.06723006048160592
3469.21	-0.10598966048160588
3470.88	-0.03850356048160589
3472.55	-0.12152266048160573
3474.21	-0.12384316048160593
3475.88	-0.2477884604816058
3477.55	-0.22523706048160594
3479.22	-0.287383360481606
3480.89	-0.19274053048160592
3482.55	-0.19456276048160578
3484.22	-0.0635279604816058
3485.89	-0.05580326048160591
3487.56	0.045466339518394114
3489.23	0.007276139518393965
3490.89	0.03659053951839416
3492.56	-0.048803960481605915
3494.23	-0.021298440481605962
3495.9	-0.09946776048160591
3497.56	-0.057545160481606
3499.23	-0.1373699604816058
3500.9	-0.1107553604816059
3502.57	-0.1578955204816059
3504.24	-0.07748646048160598
3505.9	-0.08470153048160581
3507.57	0.05871523951839421
3509.24	0.0818563395183941
3510.91	0.1923946395183942
3512.58	0.16430413951839418
3514.24	0.19724783951839395
3515.91	0.10414333951839401
3517.58	0.10232873951839414
3519.25	-0.01394406048160599
3520.92	0.006091439518394015
3522.58	-0.06878286048160592
3524.25	-0.01761933048160606
3525.92	-0.08468826048160585
3527.59	-0.014560460481605997
3529.25	-0.06949166048160596
3530.92	-0.015684260481605927
3532.59	-0.09561207048160589
3534.26	-0.050591160481605925
3535.93	-0.12181736048160594
3537.59	-0.05692476048160583
3539.26	-0.10434136048160587
3540.93	-0.019766270481605973
3542.6	-0.06299996048160583
3544.27	0.0027719295183941004
3545.93	-0.06654376048160598
3547.6	-0.011221600481605842
3549.27	-0.027946560481605785
3550.94	0.036807539518394036
3552.61	-0.016797560481605977
3554.27	-0.010113360481606003
3555.94	-0.13026706048160588
3557.61	-0.168713460481606
3559.28	-0.32345036048160586
3560.94	-0.3684466804816059
3562.61	-0.4477424604816059
3564.28	-0.3773095604816059
3565.95	-0.37253906048160573
3567.62	-0.2141035604816059
3569.28	-0.19493463048160584
3570.95	-0.095841360481606
3572.62	-0.1522327604816059
3574.29	-0.13294046048160604
3575.96	-0.20077466048160592
3577.62	-0.14681646048160596
3579.29	-0.28880626048160585
3580.96	-0.27587846048160586
3582.63	1.0514463395183942
3584.3	3.0911305395183937
3585.96	5.076925039518394
3587.63	6.583730139518394
3589.3	6.651659939518393
3590.97	5.5607764595183955
3592.63	3.7830638395183938
3594.3	1.744035969518394
3595.97	0.8115665395183942
3597.64	0.6402248395183942
3599.31	0.40384693951839407
3600.97	0.31592303951839407
3602.64	0.1542754395183941
3604.31	0.16242813951839402
3605.98	0.06752930951839398
3607.65	0.13029763951839388
3609.31	0.10341413951839415
3610.98	0.18890973951839413
3612.65	0.17736903951839408
3614.32	0.25630283951839417
3615.98	0.22628473951839406
3617.65	0.3407645395183941
3619.32	0.30474723951839405
3620.99	0.3851231395183942
3622.66	0.29926993951839415
3624.32	0.2232846395183941
3625.99	0.08063453951839412
3627.66	0.03281893951839419
3629.33	0.034849139518394134
3631.0	0.14948483951839409
3632.66	0.22147803951839418
3634.33	0.22330903951839404
3636.0	1.6432264669183945
3637.67	2.923453539518394
3639.34	3.8321009395183934
3641.0	4.234446939518396
3642.67	3.4037679395183944
3644.34	1.9942813395183943
3646.01	0.6018252395183941
3647.67	-0.8536851604816063
3649.34	-0.8425874604816059
3651.01	-0.5019036604816058
3652.68	-0.5548359604816059
3654.35	-0.32690756048160596
3656.01	-0.3965677604816058
3657.68	-0.24728956048160583
3659.35	-0.3653728604816059
3661.02	-0.26794686048160593
3662.69	-0.3777195604816059
3664.35	-0.26432006048160595
3666.02	-0.328810650481606
3667.69	-0.18614956048160583
3669.36	-0.29268715048160576
3671.03	-0.16860786048160598
3672.69	-0.26463366048160564
3674.36	-0.10248536048160584
3676.03	-0.1664404304816059
3677.7	-0.04373536048160589
3679.36	-0.14021750048160603
3681.03	-0.08897866048160608
3682.7	-0.254427060481606
3684.37	-0.17218056048160602
3686.04	-0.2774941004816059
3687.7	-0.1347013704816058
3689.37	-0.17888586048160593
3691.04	-0.030016360481605896
3692.71	-0.12868776048160602
3694.38	0.018329639518394038
3696.04	-0.14020016048160583
3697.71	0.013036739518394125
3699.38	-0.11778496048160574
3701.05	0.04522893951839415
3702.72	-0.1685748604816059
3704.38	-0.029062060481605912
3706.05	-0.5542664604816061
3707.72	2.5986626395183947
3709.39	16.838993939518396
3711.05	30.64360693951839
3712.72	42.3891879395184
3714.39	46.4961689395184
3716.06	39.74288613951839
3717.73	27.004323859518394
3719.39	12.789698579518396
3721.06	0.4692603395183942
3722.73	-0.26856196048160597
3724.4	-0.10452766048160589
3726.07	-0.17086286048160576
3727.73	-0.07801206048160605
3729.4	-0.181608060481606
3731.07	-0.284577060481606
3732.74	-0.4313280604816058
3734.41	-0.48175906048160577
3736.07	-0.507856060481606
3737.74	-0.37510306048160597
3739.41	-0.33285006048160604
3741.08	-0.20972306048160597
3742.74	-0.2021550604816059
3744.41	-0.1653920604816057
3746.08	-0.20751406048160587
3747.75	-0.1691862604816059
3749.42	-0.2395540604816059
3751.08	-0.20743336048160596
3752.75	-0.28832006048160597
3754.42	-0.27090236048160593
3756.09	-0.333737060481606
3757.76	-0.282542060481606
3759.42	-0.34934406048160593
3761.09	-0.2916587604816058
3762.76	-0.32858626048160583
3764.43	-0.25566866048160586
3766.1	-0.2853818604816058
3767.76	-0.23197906048160594
3769.43	-0.32055746048160577
3771.1	-0.300652160481606
3772.77	-0.423297460481606
3774.43	-0.41095398648160586
3776.1	-0.512651910481606
3777.77	-0.3833867604816059
3779.44	-0.2859326604816056
3781.11	-0.06628906048160603
3782.77	0.0073269395183939824
3784.44	0.12675693951839395
3786.11	0.02393393951839411
3787.78	0.015591939518394039
3789.45	-0.09023006048160591
3791.11	-0.04959096048160581
3792.78	-0.06929806048160587
3794.45	-0.05445906048160596
3796.12	-0.1991080604816059
3797.78	-0.0707290604816058
3799.45	0.17007493951839397
3801.12	0.576257239518394
3802.79	0.9156695395183941
3804.46	1.117923839518394
3806.12	0.9450136395183941
3807.79	0.6818950195183942
3809.46	0.25415423951839405
3811.13	0.01856723951839403
3812.8	-0.10902769048160595
3814.46	-0.05349836048160579
3816.13	-0.071829560481606
3817.8	0.058733539518394176
3819.47	0.06318793951839405
3821.14	0.16065773951839415
3822.8	0.126920539518394
3824.47	0.14606633951839415
3826.14	0.019148939518394227
3827.81	0.005759939518393975
3829.47	-0.08841306048160595
3831.14	-0.03400606048160608
3832.81	-0.11964306048160592
3834.48	-0.06770946048160587
3836.15	-0.12650606048160593
3837.81	-0.07113426048160587
3839.48	-0.1229687604816058
3841.15	-0.07929176048160595
3842.82	-0.1404328604816058
3844.49	-0.09245566048160594
3846.15	-0.1820113604816059
3847.82	-0.11487766048160597
3849.49	-0.1279923604816059
3851.16	-0.02983486048160593
3852.83	-0.05628456048160595
3854.49	-0.07219386048160574
3856.16	-0.1732817604816058
3857.83	-0.17322846048160598
3859.5	-0.2505634604816058
3861.16	-0.14715536048160588
3862.83	-0.13019976048160578
3864.5	-0.06046803048160583
3866.17	-0.08382426048160596
3867.84	-0.11412156048160585
3869.5	-0.20026326048160586
3871.17	-0.16523876048160596
3872.84	-0.22241526048160595
3874.51	-0.16115244178160584
3876.18	-0.19525776048160598
3877.84	-0.146952450481606
3879.51	-0.18982046048160572
3881.18	-0.13363566048160586
3882.85	-0.16770376048160576
3884.52	-0.0700879604816059
3886.18	-0.09147106048160582
3887.85	-0.0020100604816058686
3889.52	-0.05248406048160588
3891.19	-0.027038060481605918
3892.85	-0.1256170604816059
3894.52	-0.11303826048160585
3896.19	-0.206806460481606
3897.86	-0.1440731604816059
3899.53	-0.14531206048160575
3901.19	-0.019654760481605794
3902.86	-0.005963060481605964
3904.53	0.08027543951839398
3906.2	0.02340093951839395
3907.87	0.06395313951839403
3909.53	-0.042826660481605903
3911.2	-0.04654266048160599
3912.87	-0.1284323604816059
3914.54	-0.08283869048160596
3916.21	-0.142904560481606
3917.87	-0.07984816048160588
3919.54	-0.12074186048160566
3921.21	-0.06067646048160587
3922.88	-0.1381947604816059
3924.54	-0.07119517048160588
3926.21	-0.11873256048160585
3927.88	-0.033551360481605896
3929.55	-0.09146476048160579
3931.22	-0.054212960481605774
3932.88	-0.12221916048160578
3934.55	-0.04853796048160584
3936.22	-0.10413946048160608
3937.89	0.015200529518393967
3939.56	-0.025610960481605872
3941.22	0.05957203951839414
3942.89	0.011548739518394201
3944.56	0.045286739518394056
3946.23	-0.018298360481605946
3947.9	0.022005639518394248
3949.56	-0.11031056048160584
3951.23	-0.113896460481606
3952.9	-0.23138816048160585
3954.57	-0.1838054404816059
3956.23	-0.20409056048160598
3957.9	-0.101516764481606
3959.57	-0.10772486048160598
3961.24	-0.03193216048160581
3962.91	-0.1332890604816059
3964.57	-0.12229256048160597
3966.24	-0.2343372604816059
3967.91	-0.1859809604816059
3969.58	-0.24272186048160602
3971.25	-0.1613698604816058
3972.91	-0.16445296048160585
3974.58	-0.07061702048160597
3976.25	-0.11415526048160592
3977.92	-0.011454230481605964
3979.58	-0.04560856048160607
3981.25	0.06203219951839415
3982.92	0.01453173951839406
3984.59	0.06657783951839419
3986.26	0.0018177395183942458
3987.92	0.011660739518393987
3989.59	-0.0938589604816059
3991.26	-0.04521586048160594
3992.93	-0.11205096048160579
3994.6	-0.022553060481605693
3996.26	-0.05124806048160594
3997.93	0.038302239518393996
3999.6	0.013685839518394083
4001.27	0.0897197395183941
4002.94	0.0038045395183940013
4004.6	0.007383139518394188
4006.27	-0.14373666048160588
4007.94	-0.1765050604816059
4009.61	-0.2823880604816059
4011.27	-0.22729156048160587
4012.94	-0.27812306048160595
4014.61	-0.17821156048160583
4016.28	-0.21018436048160577
4017.95	-0.14626826048160585
4019.61	-0.17192066048160579
4021.28	-0.05459566048160578
4022.95	-0.04176306048160598
4024.62	0.09042063951839405
4026.29	0.06007093951839413
4027.95	0.12811123951839415
4029.62	0.052588739518394004
4031.29	0.08883463951839414
4032.96	0.007709939518394137
4034.63	0.04569193951839405
4036.29	-0.06287726048160587
4037.96	-0.03776976048160592
4039.63	-0.15110336048160594
4041.3	-0.1392965604816059
4042.96	-0.26160466048160586
4044.63	-0.22896893048160596
4046.3	-0.3041021604816058
4047.97	-0.23045736048160598
4049.64	-0.255669060481606
4051.3	-0.12464033048160583
4052.97	-0.15005376048160585
4054.64	-0.07068583048160589
4056.31	-0.13306136048160583
4057.98	-0.11245016048160594
4059.64	-0.2005220604816058
4061.31	-0.18105076048160598
4062.98	-0.2668700604816058
4064.65	-0.18760276048160582
4066.32	-0.21805046048160587
4067.98	-0.1317342604816059
4069.65	-0.1455988604816057
4071.32	-0.09217774048160574
4072.99	-0.17277116048160587
4074.65	-0.12032516048160594
4076.32	-0.17928166048160596
4077.99	-0.11650666048160578
4079.66	-0.15041956048160587
4081.33	-0.0861967604816061
4082.99	-0.14565346048160582
4084.66	-0.059373860481605756
4086.33	-0.12339866048160597
4088.0	-0.024453860481605926
4089.67	-0.04248706048160594
4091.33	0.027192339518394205
4093.0	-0.036560060481605906
4094.67	0.005839239518394224
4096.34	-0.09883756048160597
4098.01	-0.058642260481605944
4099.67	-0.19596896048160578
4101.34	-0.18528526048160598
4103.01	-0.32218966048160597
4104.68	-0.29924576048160584
4106.34	-0.3861943604816059
4108.01	-0.302348360481606
4109.68	-0.26273566048160574
4111.35	-0.10736036048160602
4113.02	-0.08584026048160567
4114.68	0.0536393395183941
4116.35	-0.021245260481605844
4118.02	0.0361684395183941
4119.69	-0.07989256048160602
4121.36	-0.08599696048160588
4123.02	-0.1835702604816059
4124.69	-0.182809060481606
4126.36	-0.23232016048160592
4128.03	-0.1060267604816058
4129.69	-0.10973716048160598
4131.36	0.031538339518394
4133.03	0.03736793951839421
4134.7	0.12748583951839393
4136.37	0.05318753951839417
4138.03	0.035357239518394076
4139.7	-0.08144076048160574
4141.37	-0.04214836048160583
4143.04	-0.13656586048160582
4144.71	-0.103772060481606
4146.37	-0.1838367604816058
4148.04	-0.1738716604816059
4149.71	-0.317924760481606
4151.38	-0.3165006704816057
4153.05	-0.3772884604816059
4154.71	-0.24249606048160605
4156.38	-0.21365906048160593
4158.05	-0.09086076048160584
4159.72	-0.09955206048160581
4161.38	-0.057402360481605866
4163.05	-0.16632126048160592
4164.72	-0.13620266048160595
4166.39	-0.20376876048160578
4168.06	-0.15124726048160594
4169.72	-0.19954876048160575
4171.39	-0.1582212604816059
4173.06	-0.202445560481606
4174.73	-0.12409306048160593
4176.4	-0.16579006048160588
4178.06	-0.05153166048160588
4179.73	-0.056905060481605964
4181.4	0.05672343951839411
4183.07	0.029306939518394137
4184.74	0.08095493951839412
4186.4	0.0039196395183940915
4188.07	0.05110333951839412
4189.74	-0.03147716048160596
4191.41	0.02789853951839396
4193.07	-0.047689060481605774
4194.74	0.00017913951839416687
4196.41	-0.14345006048160594
4198.08	-0.1962310604816059
4199.75	-0.32223976048160596
4201.41	-0.27249710048160597
4203.08	-0.26613966048160603
4204.75	-0.11903116048160592
4206.42	-0.14087946048160588
4208.09	-0.044880060481605796
4209.75	-0.11041556048160592
4211.42	-0.059299560481605895
4213.09	-0.10301006048160588
4214.76	-0.04027786048160579
4216.43	-0.10190506048160586
4218.09	-0.0456972604816059
4219.76	-0.14220196048160588
4221.43	-0.08806776048160588
4223.1	-0.14558606048160588
4224.76	-0.08192886048160593
4226.43	-0.17233106048160596
4228.1	-0.14845616048160587
4229.77	-0.20255996048160588
4231.44	-0.11257656048160584
4233.1	-0.13790786048160583
4234.77	-0.033759760481605824
4236.44	-0.09430906048160594
4238.11	-0.035837360481605816
4239.78	-0.13772256048160583
4241.44	-0.11114921048160575
4243.11	-0.20345776048160574
4244.78	-0.1862034804816059
4246.45	-0.3017142604816058
4248.12	-0.3037931604816059
4249.78	-0.4142402604816059
4251.45	-0.3523252604816059
4253.12	-0.4124194604816059
4254.79	-0.2893995374816059
4256.45	-0.3124184604816059
4258.12	-0.20600256048160598
4259.79	-0.26082496048160597
4261.46	-0.175016270481606
4263.13	-0.2246333604816059
4264.79	-0.12371476048160582
4266.46	-0.1673685604816058
4268.13	-0.05319916048160598
4269.8	-0.10508136048160596
4271.47	-0.011508060481606108
4273.13	-0.06385126048160587
4274.8	0.02940733951839434
4276.47	-0.005506360481605799
4278.14	0.07285493951839417
4279.81	-0.013215560481605871
4281.47	0.030148639518393992
4283.14	-0.05575046048160578
4284.81	0.027978869518394057
4286.48	0.010377439518393917
4288.14	0.12953183951839406
4289.81	0.13383963951839412
4291.48	0.20158133951839402
4293.15	0.05622803951839415
4294.82	0.019498039518393972
4296.48	-0.16916916048160582
4298.15	-0.1923664604816059
4299.82	-0.26849234048160586
4301.49	-0.17142366048160584
4303.16	-0.14579926048160596
4304.82	-0.04130826048160583
4306.49	-0.11531036048160592
4308.16	-0.0938958604816057
4309.83	-0.2000070604816059
4311.49	-0.16887456048160593
4313.16	-0.25340256048160587
4314.83	-0.15688406048160597
4316.5	-0.17525236048160597
4318.17	-0.1206371604816058
4319.83	-0.21384136048160585
4321.5	-0.1793641604816059
4323.17	-0.2955194704816061
4324.84	-0.20212276048160596
4326.51	-0.2057930604816057
4328.17	-0.024731360481605912
4329.84	0.022266739518394175
4331.51	0.1516615395183941
4333.18	0.028171639518393975
4334.85	0.04059133951839409
4336.51	-0.11622506048160597
4338.18	-0.10862126048160589
4339.85	-0.16867606048160586
4341.52	-0.10027156048160597
4343.18	-0.16667340048160578
4344.85	-0.0808004604816059
4346.52	-0.20589986048160586
4348.19	-0.16145856048160598
4349.86	-0.27908757048160593
4351.52	-0.29516886048160584
4353.19	-0.381789890481606
4354.86	-0.3280368604816058
4356.53	-0.33392206048160594
4358.2	-0.1609239604816059
4359.86	-0.14578216048160597
4361.53	-0.010768360481605977
4363.2	-0.06273506048160607
4364.87	-0.005984760481605811
4366.54	-0.08214636048160585
4368.2	-0.023810260481605904
4369.87	-0.05657816048160584
4371.54	-0.0018298604816060272
4373.21	-0.07440846048160583
4374.87	-0.006201790481605851
4376.54	-0.07605616048160571
4378.21	0.017428719518394087
4379.88	-0.05361276048160577
4381.55	-0.0026525604816058255
4383.21	-0.07848496048160594
4384.88	-0.06203246048160591
4386.55	-0.16076926048160592
4388.22	-0.14414346048160592
4389.89	-0.1951188604816058
4391.55	-0.1535589104816058
4393.22	-0.20517536048160573
4394.89	-0.147881540481606
4396.56	-0.20982846048160594
4398.23	-0.1661423174816059
4399.89	-0.24294826048160587
4401.56	-0.17856176048160594
4403.23	-0.16560656048160585
4404.9	-0.019630660481605756
4406.56	0.050134839518393925
4408.23	0.17435339951839418
4409.9	0.13919063951839394
4411.57	0.1579702395183941
4413.24	0.02799663951839415
4414.9	0.03128120951839395
4416.57	-0.05776786048160585
4418.24	-0.03500336048160594
4419.91	-0.10157116048160586
4421.58	-0.07437786048160586
4423.24	-0.1485547604816059
4424.91	-0.10373136048160607
4426.58	-0.1160158604816059
4428.25	-0.02435496048160577
4429.92	-0.017051760481605883
4431.58	0.044514939518394026
4433.25	-0.04516146048160592
4434.92	-0.04577256048160594
4436.59	-0.1606651604816057
4438.25	-0.13833796048160574
4439.92	-0.20573616048160598
4441.59	-0.1315338604816059
4443.26	-0.1938617604816059
4444.93	-0.17494726048160597
4446.59	-0.25462516048160594
4448.26	-0.18847296048160586
4449.93	-0.17803366048160604
4451.6	-0.007981460481605907
4453.27	-0.0011209604816058594
4454.93	0.09617633951839429
4456.6	-0.016561060481605872
4458.27	-0.030646260481605826
4459.94	-0.15440206048160587
4461.61	-0.1384120604816058
4463.27	-0.24718946048160592
4464.94	-0.2123031704816058
4466.61	-0.3109788604816061
4468.28	-0.24471616048160594
4469.94	-0.3427100604816059
4471.61	-0.2687299604816058
4473.28	-0.306627760481606
4474.95	-0.20998126048160576
4476.62	-0.20920206048160592
4478.28	-0.06537536048160589
4479.95	-0.07119376048160583
4481.62	0.00289753951839411
4483.29	-0.08971506048160585
4484.96	-0.10192286048160586
4486.62	-0.19128236048160588
4488.29	-0.17621003048160583
4489.96	-0.24091086048160593
4491.63	-0.18228516048160587
4493.29	-0.21770626048160602
4494.96	-0.13375366048160575
4496.63	-0.12099106048160577
4498.3	-0.037018860481605895
4499.97	-0.08425806048160574
4501.63	-0.08152496048160589
4503.3	-0.20495226048160592
4504.97	-0.1946491814816059
4506.64	-0.2424617604816059
4508.31	-0.1495394604816058
4509.97	-0.18673690048160574
4511.64	-0.14488896048160577
4513.31	-0.24341316048160588
4514.98	-0.23389776048160588
4516.65	-0.290736960481606
4518.31	-0.2416490604816061
4519.98	-0.29734866048160613
4521.65	-0.22048286048160595
4523.32	-0.29522956048160587
4524.98	-0.2298642604816059
4526.65	-0.2689567604816059
4528.32	-0.18362857948160594
4529.99	-0.16883916048160577
4531.66	-0.023488460481605977
4533.32	-0.04893076048160592
4534.99	0.0385969395183942
4536.66	-0.06200516048160596
4538.33	-0.0919186604816058
4540.0	-0.2469779604816058
4541.66	-0.2524771604816058
4543.33	-0.38769256048160605
4545.0	-0.3247176604816059
4546.67	-0.39563086048160584
4548.34	-0.3558897404816059
4550.0	-0.3967019604816057
4551.67	-0.3268495104816059
4553.34	-0.3687523604816059
4555.01	-0.2579037604816059
4556.67	-0.3170340604816059
4558.34	-0.2238444604816059
4560.01	-0.2395380604816058
4561.68	-0.15522611048160576
4563.35	-0.22278876048160584
4565.01	-0.19764276048160592
4566.68	-0.3105504504816059
4568.35	-0.2743859604816061
4570.02	-0.3052514604816059
4571.69	-0.16834464048160586
4573.35	-0.13923356048160584
4575.02	0.014740439518394054
4576.69	0.01117023951839391
4578.36	0.08534573951839411
4580.03	0.0030809395183940213
4581.69	0.018392139518394003
4583.36	-0.1442750604816061
4585.03	-0.2038139604816059
4586.7	-0.3412205604816059
4588.36	-0.32563026048160587
4590.03	-0.3386714604816058
4591.7	-0.19157117048160593
4593.37	-0.1849872604816058
4595.04	-0.07726186048160592
4596.7	-0.1314623604816058
4598.37	-0.13319226048160596
4600.04	-0.24826106048160587
4601.71	-0.19286922048160599
4603.38	-0.23374826048160582
4605.04	-0.12077296048160593
4606.71	-0.16612633048160588
4608.38	-0.15476636048160575
4610.05	-0.32154100048160594
4611.72	-0.34191666048160607
4613.38	-0.5005507904816059
4615.05	-0.4430378604816057
4616.72	-0.502781260481606
4618.39	-0.43436172048160593
4620.05	-0.5223782604816058
4621.72	-0.44284596048160596
4623.39	-0.47435206048160594
4625.06	-0.30789346048160593
4626.73	-0.250613660481606
4628.39	-0.12908493048160585
4630.06	-0.12950766048160584
4631.73	-0.0705617604816059
4633.4	-0.1703477604816058
4635.07	-0.15392269548160598
4636.73	-0.24451496048160598
4638.4	-0.2126884604816059
4640.07	-0.24351556048160578
4641.74	-0.14990446048160605
4643.41	-0.165113060481606
4645.07	-0.0681128604816059
4646.74	-0.1437140604816057
4648.41	-0.08872136048160587
4650.08	-0.16364106048160584
4651.74	-0.12837176048160587
4653.41	-0.2270142604816059
4655.08	-0.17945916048160593
4656.75	-0.274443360481606
4658.42	-0.17324926048160574
4660.08	-0.21553670648160575
4661.75	-0.12778826048160585
4663.42	-0.19000743048160595
4665.09	-0.14550386048160596
4666.76	-0.196571060481606
4668.42	-0.06142646048160585
4670.09	-0.06163956048160589
4671.76	0.06364353951839404
4673.43	0.013544139518394106
4675.09	0.054563739518394196
4676.76	-0.011638860481605983
4678.43	0.06747013951839419
4680.1	-0.0076397604816058505
4681.77	0.04660423951839417
4683.43	-0.10406296048160595
4685.1	-0.16306116048160585
4686.77	-0.35836422048160566
4688.44	-0.3772310604816057
4690.11	-0.46332243448160587
4691.77	-0.3743644604816058
4693.44	-0.3858605104816058
4695.11	-0.2598269604816059
4696.78	-0.2652370604816057
4698.45	-0.19797296048160598
4700.11	-0.2725857604816059
4701.78	-0.197643660481606
4703.45	-0.2691336604816059
4705.12	-0.1635143604816059
4706.78	-0.1961040604816059
4708.45	-0.11926956048160597
4710.12	-0.189113060481606
4711.79	-0.2092256604816059
4713.46	-0.3410455304816059
4715.12	-0.2844718604816059
4716.79	-0.3719033504816058
4718.46	-0.27998646048160586
4720.13	-0.334854760481606
4721.8	-0.22589666048160587
4723.46	-0.2583800604816058
4725.13	-0.16776156048160598
4726.8	-0.18595536048160607
4728.47	-0.08413246048160583
4730.14	-0.11960966048160596
4731.8	-0.022577460481605936
4733.47	-0.0683855604816059
4735.14	0.07611247951839425
4736.81	0.009472039518393927
4738.47	0.020675339518394054
4740.14	-0.11538608048160581
4741.81	-0.16390836048160604
4743.48	-0.3137399604816059
4745.15	-0.20592606048160592
4746.81	-0.2115275604816059
4748.48	-0.03317606048160585
4750.15	-0.04438706048160611
4751.82	-0.07891346048160583
4753.49	-0.253726060481606
4755.15	-0.3270953604816059
4756.82	-0.489488760481606
4758.49	-0.428777060481606
4760.16	-0.43325556048160596
4761.83	-0.331781560481606
4763.49	-0.35874126048160593
4765.16	-0.33273939048160595
4766.83	-0.39227646048160586
4768.5	-0.3619292604816059
4770.16	-0.40120026048160595
4771.83	-0.31065276048160595
4773.5	-0.3412477604816059
4775.17	-0.26313736048160585
4776.84	-0.2914226804816058
4778.5	-0.17657733048160582
4780.17	-0.198068560481606
4781.84	-0.1244691604816059
4783.51	-0.21934236048160588
4785.18	-0.19258376048160591
4786.84	-0.291835260481606
4788.51	-0.24974286048160596
4790.18	-0.320020960481606
4791.85	-0.206890360481606
4793.52	-0.27859186048160584
4795.18	-0.22286031048160576
4796.85	-0.29359676048160593
4798.52	-0.18349606048160583
4800.19	-0.17172656048160612
4801.85	0.036101139518394255
4803.52	0.06734593951839397
4805.19	0.1450447395183941
4806.86	0.03940683951839415
4808.53	-0.004382260481605993
4810.19	-0.2276443604816059
4811.86	-0.28419806048160584
4813.53	-0.41134286048160595
4815.2	-0.3412761604816058
4816.87	-0.33895466048160605
4818.53	-0.23623016048160586
4820.2	-0.30048416048160587
4821.87	-0.2667134604816058
4823.54	-0.41626034048160576
4825.21	-0.42315796048160603
4826.87	-0.510213660481606
4828.54	-0.4354296604816058
4830.21	-0.44216646048160574
4831.88	-0.34782988048160596
4833.54	-0.3865907604816058
4835.21	-0.37718336048160606
4836.88	-0.46125836048160584
4838.55	-0.3774085604816058
4840.22	-0.3976007604816059
4841.88	-0.302127860481606
4843.55	-0.24462946048160586
4845.22	-0.13720197048160573
4846.89	-0.13394966048160595
4848.56	-0.10400356048160594
4850.22	-0.219909160481606
4851.89	-0.219084060481606
4853.56	-0.3451425604816059
4855.23	-0.3556454604816059
4856.89	-0.40177466048160576
4858.56	-0.3170904604816059
4860.23	-0.3963180604816058
4861.9	-0.35826369048160583
4863.57	-0.4665159604816059
4865.23	-0.40121376048160595
4866.9	-0.42647296048160593
4868.57	-0.25736686048160584
4870.24	-0.22731206048160585
4871.91	-0.09605806048160603
4873.57	-0.17121438048160606
4875.24	-0.1589234604816059
4876.91	-0.32017166048160595
4878.58	-0.314559560481606
4880.25	-0.4224338604816057
4881.91	-0.37255306048160586
4883.58	-0.385696260481606
4885.25	-0.2362929604816059
4886.92	-0.23051746048160596
4888.58	-0.10776906048160577
4890.25	-0.1827779604816059
4891.92	-0.1547507604816059
4893.59	-0.21252606048160577
4895.26	-0.14999176048160595
4896.92	-0.16320736048160567
4898.59	-0.020748360481605953
4900.26	-0.07875556048160579
4901.93	-0.034406760481605916
4903.6	-0.17662956048160589
4905.26	-0.21856316048160593
4906.93	-0.3834501604816059
4908.6	-0.37437746048160603
4910.27	-0.4264530604816061
4911.94	-0.2927068004816058
4913.6	-0.2456317604816057
4915.27	-0.1163002204816059
4916.94	-0.15548016048160582
4918.61	-0.09875226048160597
4920.27	-0.2367453604816058
4921.94	-0.22452996048160584
4923.61	-0.27765140048160586
4925.28	-0.18090006048160592
4926.95	-0.17742124048160604
4928.61	-0.12247466048160591
4930.28	-0.26491586048160576
4931.95	-0.2614405604816058
4933.62	-0.39031486048160585
4935.29	-0.30743326048160585
4936.95	-0.29378326048160586
4938.62	-0.11922386048160591
4940.29	-0.14789436048160598
4941.96	-0.06673096048160596
4943.63	-0.133713060481606
4945.29	-0.06120396048160596
4946.96	-0.09384576048160585
4948.63	0.0167371695183941
4950.3	-0.07716746048160592
4951.96	-0.05874156048160597
4953.63	-0.241598890481606
4955.3	-0.26403086048160584
4956.97	-0.40574446048160606
4958.64	-0.35684204048160595
4960.3	-0.4370691604816058
4961.97	-0.3140721604816058
4963.64	-0.26361076048160587
4965.31	-0.06645856048160577
4966.98	-0.007779160481606007
4968.64	0.15616453951839393
4970.31	0.062181539518394134
4971.98	0.04617923951839409
4973.65	-0.10461876048160604
4975.32	-0.13914156048160592
4976.98	-0.22262906048160583
4978.65	-0.22895886048160602
4980.32	-0.3117671604816059
4981.99	-0.2289270904816058
4983.65	-0.26135596048160586
4985.32	-0.11364866048160609
4986.99	-0.07766036048160598
4988.66	0.022285139518393948
4990.33	0.0007493395183940654
4991.99	-0.0012869158816059656
4993.66	-0.12243336048160573
4995.33	-0.07127156048160596
4997.0	-0.20353276048160582
4998.67	-0.13755307748160586
5000.33	-0.22117526048160602
5002.0	-0.16699446048160588
5003.67	-0.19563426048160587
5005.34	-0.10839016048160595
5007.0	-0.1845454604816058
5008.67	-0.16164336048160594
5010.34	-0.2939719604816058
5012.01	-0.3030631604816058
5013.68	-0.4355121604816059
5015.34	-0.3886060804816058
5017.01	-0.46425525048160593
5018.68	-0.372987360481606
5020.35	-0.4863846604816061
5022.02	-0.47291526048160587
5023.68	-0.5781535604816058
5025.35	-0.538386860481606
5027.02	-0.5342415137816059
5028.69	-0.36394096048160574
5030.36	-0.33532506048160576
5032.02	-0.14757706048160596
5033.69	-0.17925906048160578
5035.36	-0.08741556048160581
5037.03	-0.11871916048160606
5038.69	-0.08492006048160587
5040.36	-0.11748016048160592
5042.03	-0.10139906048160577
5043.7	-0.24171166048160594
5045.37	-0.15182096048160593
5047.03	-0.15494406048160578
5048.7	-0.06243886048160572
5050.37	-0.061574860481605785
5052.04	-0.030325460481606004
5053.71	-0.09589406048160598
5055.37	-0.05935306048160601
5057.04	-0.20540606048160592
5058.71	-0.1376025604816059
5060.38	-0.1804605604816058
5062.05	-0.15176196048160576
5063.71	-0.22507436048160584
5065.38	-0.19525016048160598
5067.05	-0.2169860604816058
5068.72	-0.1145970604816059
5070.38	-0.2102820604816059
5072.05	-0.17637706048160595
5073.72	-0.24634206048160587
5075.39	-0.19456316048160582
5077.06	-0.17013056048160577
5078.72	-0.026117260481605918
5080.39	-1.9260481605742898e-05
5082.06	0.03164993951839408
5083.73	-0.1559999604816058
5085.4	-0.26463116048160573
5087.06	-0.4191983304816058
5088.73	-0.3832739604816058
5090.4	-0.3953732604816058
5092.07	-0.23387496048160594
5093.74	-0.2528354604816057
5095.4	-0.2476035304816059
5097.07	-0.40254986048160585
5098.74	-0.42856056048160607
5100.41	-0.5005624604816059
5102.07	-0.3996839904816058
5103.74	-0.36676236048160576
5105.41	-0.19140002048160581
5107.08	-0.1937966604816057
5108.75	-0.15725016048160576
5110.41	-0.2436694604816057
5112.08	-0.18128986048160586
5113.75	-0.24227706048160574
5115.42	-0.19413636048160599
5117.09	-0.2990040604816059
5118.75	-0.2547273604816058
5120.42	-0.3400917604816058
5122.09	-0.2710410604816059
5123.76	-0.267352560481606
5125.43	-0.13363046048160593
5127.09	-0.14822726048160578
5128.76	-0.08475006048160583
5130.43	-0.22442616048160594
5132.1	-0.21227456048160595
5133.76	-0.33076854048160587
5135.43	-0.2764724604816059
5137.1	-0.2536319604816059
5138.77	-0.1019358604816059
5140.44	0.020077939518394115
5142.1	0.16819723951839427
5143.77	0.10570693951839397
5145.44	0.10501543951839407
5147.11	-0.06916256048160589
5148.78	-0.13828756048160593
5150.44	-0.28424746048160576
5152.11	-0.249571560481606
5153.78	-0.28810006048160586
5155.45	-0.24668306048160576
5157.12	-0.3350757604816059
5158.78	-0.277605160481606
5160.45	-0.33379496048160606
5162.12	-0.2185853604816057
5163.79	-0.18229136048160594
5165.45	-0.025936460481605784
5167.12	-0.05016506048160585
5168.79	-0.020509060481605855
5170.46	-0.19290306048160594
5172.13	-0.20094536048160583
5173.79	-0.385339460481606
5175.46	-0.41350906048160574
5177.13	-0.4913378604816058
5178.8	-0.43482414048160595
5180.47	-0.4872652604816059
5182.13	-0.4522693604816058
5183.8	-0.5419573604816059
5185.47	-0.46800916048160596
5187.14	-0.5019149604816059
5188.8	-0.34651136048160575
5190.47	-0.287695760481606
5192.14	-0.17307686048160567
5193.81	-0.18562336048160574
5195.48	-0.1791528604816059
5197.14	-0.286781360481606
5198.81	-0.2230015604816058
5200.48	-0.2607890604816058
5202.15	-0.11089236048160571
5203.82	-0.09085906048160582
5205.48	0.04804783951839413
5207.15	0.06930493951839418
5208.82	0.1971395395183943
5210.49	0.14965353951839422
5212.16	0.1650344395183939
5213.82	-0.010394860481605716
5215.49	-0.08155176048160592
5217.16	-0.30077626048160583
5218.83	-0.35473570048160596
5220.49	-0.41943896048160595
5222.16	-0.29843636048160593
5223.83	-0.2598284604816059
5225.5	-0.10508856048160586
5227.17	-0.16717416048160588
5228.83	-0.158704460481606
5230.5	-0.2870255604816059
5232.17	-0.2574235604816059
5233.84	-0.2452549604816058
5235.51	-0.08160546048160586
5237.17	-0.09633296048160597
5238.84	-0.0475825604816059
5240.51	-0.195360060481606
5242.18	-0.2302387604816059
5243.85	-0.33859546048160577
5245.51	-0.2773227604816061
5247.18	-0.26145867048160576
5248.85	-0.15913396048160583
5250.52	-0.23474606048160593
5252.18	-0.2112575604816059
5253.85	-0.2748250604816057
5255.52	-0.19590806048160597
5257.19	-0.19321806048160584
5258.86	-0.05680106048160598
5260.52	-0.050612060481605735
5262.19	0.051287939518394166
5263.86	-0.07141006048160589
5265.53	-0.09598496048160596
5267.2	-0.2295880604816058
5268.86	-0.21667036048160596
5270.53	-0.24796139048160595
5272.2	-0.06591156048160593
5273.87	-0.03266466048160588
5275.54	0.08872993951839407
5277.2	0.015643739518394217
5278.87	-0.033257660481605944
5280.54	-0.17249026048160604
5282.21	-0.17736976048160602
5283.87	-0.2708154604816059
5285.54	-0.18205320048160586
5287.21	-0.24542476048160583
5288.88	-0.21009616048160593
5290.55	-0.24752586048160596
5292.21	-0.21541756048160599
5293.88	-0.2905920604816058
5295.55	-0.258449460481606
5297.22	-0.3691826604816057
5298.89	-0.319246760481606
5300.55	-0.3943931604816059
5302.22	-0.33140716048160596
5303.89	-0.2887100604816058
5305.56	-0.10103396048160582
5307.23	-0.024179060481605806
5308.89	0.12562243951839433
5310.56	0.08417693951839404
5312.23	0.034225439518394116
5313.9	-0.17990786048160573
5315.56	-0.32728336048160606
5317.23	-0.5175479604816058
5318.9	-0.4911844604816058
5320.57	-0.5433692604816057
5322.24	-0.4678467604816058
5323.9	-0.482087460481606
5325.57	-0.42099756048160575
5327.24	-0.43495566048160594
5328.91	-0.37410986048160594
5330.58	-0.42608983048160576
5332.24	-0.35016757048160574
5333.91	-0.39484686048160594
5335.58	-0.3137667604816058
5337.25	-0.34556406048160593
5338.92	-0.23087006048160594
5340.58	-0.16808806048160588
5342.25	-0.052474560481606036
5343.92	-0.05847506048160582
5345.59	-0.009849960481605746
5347.25	-0.14565506048160598
5348.92	-0.153002060481606
5350.59	-0.3107410604816059
5352.26	-0.2826390604816061
5353.93	-0.334761060481606
5355.59	-0.241512360481606
5357.26	-0.2958581604816059
5358.93	-0.24127806048160583
5360.6	-0.2879267604816059
5362.27	-0.276417740481606
5363.93	-0.3537550604816059
5365.6	-0.239337440481606
5367.27	-0.24775846048160582
5368.94	-0.06555632048160587
5370.6	-0.039268360481606
5372.27	0.08337563951839404
5373.94	0.060761639518394105
5375.61	0.040661239518394024
5377.28	-0.07821906048160601
5378.94	-0.09830696048160603
5380.61	-0.23980206048160588
5382.28	-0.16191476048160588
5383.95	-0.18720936048160583
5385.62	-0.03369286048160587
5387.28	-0.017824840481605785
5388.95	0.04612983951839404
5390.62	-0.031751240481605804
5392.29	-0.02358586048160587
5393.96	-0.2015606604816059
5395.62	-0.22868206048160583
5397.29	-0.299120960481606
5398.96	-0.27195416048160576
5400.63	-0.3132372604816058
5402.29	-0.2414941604816058
5403.96	-0.2600180604816058
5405.63	-0.20647666048160582
5407.3	-0.24990106048160587
5408.97	-0.21420756048160577
5410.63	-0.18851036048160583
5412.3	-0.09054086048160578
5413.97	-0.10195206048160607
5415.64	-0.02630446048160584
5417.31	-0.04134976048160598
5418.97	-0.03032046048160584
5420.64	-0.13442116048160602
5422.31	-0.13577346048160593
5423.98	-0.21796976048160613
5425.65	-0.15439396048160586
5427.31	-0.205808260481606
5428.98	-0.06609736048160571
5430.65	-0.04442836048160581
5432.32	0.09421743951839416
5433.98	0.008317439518394166
5435.65	0.04979663951839399
5437.32	-0.10335106048160599
5438.99	-0.12606726048160594
5440.66	-0.2724171604816058
5442.32	-0.2609913604816059
5443.99	-0.37178746048160577
5445.66	-0.27694736048160584
5447.33	-0.3366493604816059
5449.0	-0.2539087604816058
5450.66	-0.31203706048160595
5452.33	-0.24061596048160583
5454.0	-0.294053660481606
5455.67	-0.23500746048160587
5457.34	-0.3212602604816059
5459.0	-0.23823306048160595
5460.67	-0.2907048604816059
5462.34	-0.23028416048160566
5464.01	-0.30830248948160577
5465.67	-0.2781016604816058
5467.34	-0.42352066048160586
5469.01	-0.5017770604816059
5470.68	-0.7518020604816058
5472.35	-0.851784060481606
5474.01	-0.9868636604816061
5475.68	-0.913261560481606
5477.35	-0.876198160481606
5479.02	-0.6951293604816058
5480.69	-0.6591136604816059
5482.35	-0.5771517604816059
5484.02	-0.6000205504816061
5485.69	-0.5192201604816061
5487.36	-0.5684958304816059
5489.03	-0.4970738604816061
5490.69	-0.4649762604816058
5492.36	-0.34454996048160574
5494.03	-0.31302656048160593
5495.7	-0.19073096048160582
5497.36	-0.20558566048160598
5499.03	-0.12026617048160597
5500.7	-0.17570445048160588
5502.37	-0.13360046048160573
5504.04	-0.05559986048160581
5505.7	0.018619193518394184
5507.37	-0.043713460481605945
5509.04	-0.05004796048160591
5510.71	-0.17757286048160603
5512.38	-0.14708046048160592
5514.04	-0.2301720604816059
5515.71	-0.22318406048160586
5517.38	-0.21167206048160594
5519.05	-0.25222706048160604
5520.72	-0.39004036048160584
5522.38	-0.420600060481606
5524.05	-0.525437060481606
5525.72	-0.4963410604816058
5527.39	-0.513565860481606
5529.05	-0.4451381604816057
5530.72	-0.44216646048160585
5532.39	-0.38009436048160594
5534.06	-0.44849026048160584
5535.73	-0.387214460481606
5537.39	-0.4415804604816061
5539.06	-0.4151736404816059
5540.73	-0.438710060481606
5542.4	-0.296425360481606
5544.07	-0.245976860481606
5545.73	-0.07116056048160598
5547.4	-0.09841156048160597
5549.07	-0.01288126048160585
5550.74	-0.11415970048160577
5552.4	-0.07158566048160582
5554.07	-0.11656566048160584
5555.74	-0.05980266048160585
5557.41	-0.1302603004816058
5559.08	-0.16825856048160573
5560.74	-0.3661242604816059
5562.41	-0.40851776048160604
5564.08	-0.523602040481606
5565.75	-0.43196396048160574
5567.42	-0.378223060481606
5569.08	-0.23801106048160606
5570.75	-0.18342906048160595
5572.42	-0.05206106048160577
5574.09	-0.10277206048160589
5575.76	-0.09020246048160592
5577.42	-0.19914266048160595
5579.09	-0.23102071048160583
5580.76	-0.3147591604816059
5582.43	-0.2464114604816059
5584.09	-0.31401686048160593
5585.76	-0.2987998604816059
5587.43	-0.4012410604816058
5589.1	-0.4059652604816059
5590.77	-0.532285060481606
5592.43	-0.47795096048160596
5594.1	-0.4999414604816059
5595.77	-0.3827500804816057
5597.44	-0.39823746048160585
5599.11	-0.3699949034816058
5600.77	-0.45059226048160583
5602.44	-0.39868056048160583
5604.11	-0.512340730481606
5605.78	-0.45898596048160584
5607.45	-0.5237950604816058
5609.11	-0.4831460604816059
5610.78	-0.5606542604816058
5612.45	-0.4733894104816058
5614.12	-0.45187146048160587
5615.78	-0.351737360481606
5617.45	-0.3933132604816059
5619.12	-0.33225916048160603
5620.79	-0.41958886048160593
5622.46	-0.3508882604816061
5624.12	-0.4310951604816059
5625.79	-0.4159011604816059
5627.46	-0.5045950604816057
5629.13	-0.47320616048160585
5630.8	-0.49989566048160583
5632.46	-0.2846963604816059
5634.13	-0.19295146048160577
5635.8	0.04432387951839416
5637.47	0.07670283951839414
5639.14	0.10287763951839404
5640.8	-0.07420796048160601
5642.47	-0.12952637048160592
5644.14	-0.27399176048160584
5645.81	-0.23872216048160588
5647.47	-0.3027612604816059
5649.14	-0.22616707048160595
5650.81	-0.2676198604816058
5652.48	-0.21075316048160592
5654.15	-0.29865306048160584
5655.81	-0.3031826104816058
5657.48	-0.40704686048160604
5659.15	-0.384250360481606
5660.82	-0.4896361604816059
5662.49	-0.45789446048160576
5664.15	-0.4654696604816057
5665.82	-0.32449122548160575
5667.49	-0.2647869604816058
5669.16	-0.13675021888160588
5670.83	-0.19396376048160585
5672.49	-0.17584499048160582
5674.16	-0.3584740604816058
5675.83	-0.4842065604816058
5677.5	-0.6360152604816058
5679.16	-0.577430990481606
5680.83	-0.49848716048160596
5682.5	-0.29217482048160576
5684.17	-0.19868646048160615
5685.84	-0.07401876048160583
5687.5	-0.19180326048160598
5689.17	-0.2541210604816059
5690.84	-0.3523555604816061
5692.51	-0.23746806048160582
5694.18	-0.1642554604816058
5695.84	-0.00887166048160588
5697.51	0.009300139518393969
5699.18	0.036310239518394204
5700.85	-0.13042516048160593
5702.52	-0.16953326048160608
5704.18	-0.2851790604816059
5705.85	-0.26301266048160576
5707.52	-0.27641876048160585
5709.19	-0.25404916048160586
5710.85	-0.331300860481606
5712.52	-0.345062930481606
5714.19	-0.47716866048160594
5715.86	-0.44532406048160605
5717.53	-0.40590147048160574
5719.19	-0.19973686048160597
5720.86	-0.04883204048160601
5722.53	0.09392553951839419
5724.2	-0.0037478604816058693
5725.87	-0.1304526604816058
5727.53	-0.360271460481606
5729.2	-0.41947316048160577
5730.87	-0.4540380604816061
5732.54	-0.2617461604816059
5734.2	-0.2662180604816059
5735.87	-0.1949471604816061
5737.54	-0.300892060481606
5739.21	-0.28413403048160574
5740.88	-0.33500946048160596
5742.54	-0.23217906048160594
5744.21	-0.22946776048160605
5745.88	-0.17194066048160594
5747.55	-0.313333360481606
5749.22	-0.36364096048160577
5750.88	-0.5116005604816061
5752.55	-0.46729506048160585
5754.22	-0.5179958604816057
5755.89	-0.433401840481606
5757.56	-0.40392626048160585
5759.22	-0.2841228604816059
5760.89	-0.2678873604816059
5762.56	-0.12883046048160582
5764.23	-0.14661746048160595
5765.89	-0.0445199604816058
5767.56	-0.14398976048160583
5769.23	-0.17868446048160586
5770.9	-0.3354615604816057
5772.57	-0.3325224604816059
5774.23	-0.46923166048160586
5775.9	-0.4160970604816058
5777.57	-0.47716636048160577
5779.24	-0.35075396048160606
5780.91	-0.3942523104816059
5782.57	-0.3357808604816057
5784.24	-0.45926066048160585
5785.91	-0.3831594604816059
5787.58	-0.4668808604816059
5789.25	-0.40123812748160603
5790.91	-0.4940625604816059
5792.58	-0.4431380604816059
5794.25	-0.5051751904816061
5795.92	-0.41588356048160585
5797.58	-0.4058515604816059
5799.25	-0.20486736048160586
5800.92	-0.13615336048160592
5802.59	-0.05274806048160596
5804.26	-0.1680270604816059
5805.92	-0.2115865604816059
5807.59	-0.2929491604816059
5809.26	-0.21860646048160587
5810.93	-0.1968798604816059
5812.6	-0.09933906048160576
5814.26	-0.13183436048160574
5815.93	-0.06895606048160594
5817.6	-0.1010220604816057
5819.27	-0.03085406048160617
5820.94	-0.04275606048160585
5822.6	-0.007696060481605915
5824.27	-0.21748054048160598
5825.94	-0.3399085604816059
5827.61	-0.5554091604816059
5829.27	-0.48838396048160576
5830.94	-0.36406266048160585
5832.61	-0.059703060481605744
5834.28	0.08969193951839419
5835.95	0.23126693951839422
5837.61	0.08326793951839417
5839.28	0.05874943951839402
5840.95	-0.08208756048160606
5842.62	-0.10661506048160563
5844.29	-0.2242175604816059
5845.95	-0.25650026048160596
5847.62	-0.4197877604816059
5849.29	-0.4459379604816058
5850.96	-0.5475262604816058
5852.63	-0.44901956048160596
5854.29	-0.4507978604816058
5855.96	-0.434982060481606
5857.63	-0.47875406048160574
5859.3	-0.39107286048160583
5860.96	-0.3282869604816058
5862.63	-0.14699856048160598
5864.3	-0.0658744604816058
5865.97	0.027749039518394157
5867.64	-6.606048160588962e-05
5869.3	-0.0036429804816057176
5870.97	-0.06435226048160587
5872.64	-0.033760160481606
5874.31	-0.15814276048160592
5875.98	-0.22202906048160592
5877.64	-0.44806446048160586
5879.31	-0.5204319604816058
5880.98	-0.6204207604816058
5882.65	-0.5254083604816059
5884.32	-0.478002060481606
5885.98	-0.293347060481606
5887.65	-0.30529806048160574
5889.32	-0.1658990604816059
5890.99	-0.234838060481606
5892.65	-0.09990786048160594
5894.32	-0.1117470604816058
5895.99	-0.04520216048160586
5897.66	-0.1054840604816059
5899.33	-0.13406906048160594
5900.99	-0.26551906048160606
5902.66	-0.26987986048160595
5904.33	-0.3735146904816057
5906.0	-0.324333060481606
5907.67	-0.36490646048160597
5909.33	-0.37758806048160576
5911.0	-0.43271586048160593
5912.67	-0.3773697904816059
5914.34	-0.3340087604816058
5916.0	-0.16772056048160583
5917.67	-0.0694042604816059
5919.34	0.08720233951839403
5921.01	0.04974543951839405
5922.68	0.05555883951839413
5924.34	-0.14543366048160578
5926.01	-0.22764446048160591
5927.68	-0.36164436048160586
5929.35	-0.37694356048160593
5931.02	-0.4367991504816059
5932.68	-0.308530760481606
5934.35	-0.29983036048160583
5936.02	-0.11574806048160591
5937.69	-0.08204146048160584
5939.36	0.06650543951839394
5941.02	0.10779500951839413
5942.69	0.19979306951839404
5944.36	0.138306839518394
5946.03	0.17950663951839424
5947.69	0.05759133951839418
5949.36	0.004145639518394128
5951.03	-0.2325008604816059
5952.7	-0.3542416604816059
5954.37	-0.518846960481606
5956.03	-0.5043919604816057
5957.7	-0.6031371604816058
5959.37	-0.4935552604816059
5961.04	-0.5162200604816058
5962.71	-0.376340160481606
5964.37	-0.37128806048160606
5966.04	-0.24131046048160593
5967.71	-0.22433236048160582
5969.38	-0.13701666048160577
5971.05	-0.23205946048160603
5972.71	-0.14746826048160594
5974.38	-0.14029866048160583
5976.05	0.08498363951839409
5977.72	0.08999463951839407
5979.38	0.138401239518394
5981.05	0.020232339518394184
5982.72	-0.09610306048160588
5984.39	-0.30735006048160585
5986.06	-0.37940406048160585
5987.72	-0.583094060481606
5989.39	-0.596752060481606
5991.06	-0.759592760481606
5992.73	-0.7357282604816059
5994.4	-0.6945711604816058
5996.06	-0.4877143604816057
5997.73	-0.4109270604816061
5999.4	-0.16501346048160587
6001.07	-0.12894156048160593
6002.74	-0.007339760481605817
6004.4	-0.08280746048160577
6006.07	-0.07465526048160595
6007.74	-0.203513660481606
6009.41	-0.17805276048160587
6011.07	-0.34439506048160595
6012.74	-0.2964473604816059
6014.41	-0.4177686604816058
6016.08	-0.4250333604816059
6017.75	-0.5824676604816058
6019.41	-0.597261370481606
6021.08	-0.7109652604816059
6022.75	-0.6307991604816057
6024.42	-0.6973619604816059
6026.09	-0.5792967004816061
6027.75	-0.578111260481606
6029.42	-0.3828804004816059
6031.09	-0.29212936048160587
6032.76	-0.1282941604816058
6034.43	-0.200962860481606
6036.09	-0.24173346048160577
6037.76	-0.47539336048160596
6039.43	-0.5795840604816058
6041.1	-0.6855349604816059
6042.76	-0.618577260481606
6044.43	-0.6149184604816058
6046.1	-0.4509969604816061
6047.77	-0.41971226048160587
6049.44	-0.1920376604816058
6051.1	-0.19812606048160591
6052.77	-0.0874216604816059
6054.44	-0.07975606048160591
6056.11	-0.0033872604816057583
6057.78	-0.13520406048160588
6059.44	-0.1549937604816059
6061.11	-0.34764206048160595
6062.78	-0.29377166048160597
6064.45	-0.3979170604816059
6066.11	-0.2569210604816058
6067.78	-0.21301006048160614
6069.45	-0.06934606048160599
6071.12	-0.15506706048160585
6072.79	-0.24076356048160594
6074.45	-0.4659576604816058
6076.12	-0.49271806048160566
6077.79	-0.6466030604816059
6079.46	-0.5990987004816059
6081.13	-0.639752760481606
6082.79	-0.512058260481606
6084.46	-0.4388861604816058
6086.13	-0.28001736048160586
6087.8	-0.22192546048160602
6089.47	-0.05684186048160582
6091.13	-0.05553629048160587
6092.8	-0.0196253604816057
6094.47	-0.19488206048160603
6096.14	-0.2714731604816059
6097.8	-0.419032960481606
6099.47	-0.36250646048160584
6101.14	-0.2954707604816057
6102.81	-0.051615460481606014
6104.48	0.05519163951839401
6106.14	0.20257293951839417
6107.81	0.08071193951839413
6109.48	0.047390069518394015
6111.15	-0.1507121604816058
6112.82	-0.1527171604816058
6114.48	-0.21291116048160594
6116.15	-0.13063136048160592
6117.82	-0.225649260481606
6119.49	-0.19659376048160593
6121.16	-0.3918285604816058
6122.82	-0.4850175604816059
6124.49	-0.663401660481606
6126.16	-0.6173480604816061
6127.83	-0.5685883604816058
6129.49	-0.380449160481606
6131.16	-0.41826624048160604
6132.83	-0.398349660481606
6134.5	-0.5234655604816059
6136.17	-0.5150370604816058
6137.83	-0.5133870604816059
6139.5	-0.2891198604816059
6141.17	-0.20430236048160583
6142.84	-0.04533366048160592
6144.51	-0.09871906048160572
6146.17	-0.13486046048160585
6147.84	-0.24066956048160595
6149.51	-0.2523966604816058
6151.18	-0.3274285604816059
6152.85	-0.17541108048160575
6154.51	-0.18447996048160592
6156.18	-0.058472400481605825
6157.85	-0.09596186048160593
6159.52	-0.11683146048160595
6161.18	-0.27866786048160597
6162.85	-0.3502538604816057
6164.52	-0.548489260481606
6166.19	-0.5208981604816059
6167.86	-0.6441506604816059
6169.52	-0.528488260481606
6171.19	-0.5786768224816058
6172.86	-0.44847476048160584
6174.53	-0.42756576048160594
6176.2	-0.292457500481606
6177.86	-0.3812398604816059
6179.53	-0.409042409481606
6181.2	-0.6203586504816061
6182.87	-0.613371460481606
6184.54	-0.7140595604816058
6186.2	-0.6414301604816062
6187.87	-0.6308357604816061
6189.54	-0.491314160481606
6191.21	-0.469213160481606
6192.87	-0.4128289604816059
6194.54	-0.549066960481606
6196.21	-0.5988449604816058
6197.88	-0.863224900481606
6199.55	-0.8647729604816057
6201.21	-0.872110260481606
6202.88	-0.6966101604816061
6204.55	-0.5344527604816058
6206.22	-0.35097866048160586
6207.89	-0.40884776048160587
6209.55	-0.32568866048160594
6211.22	-0.4475622604816059
6212.89	-0.37528076048160586
6214.56	-0.4503537604816059
6216.23	-0.532002360481606
6217.89	-0.6439422704816059
6219.56	-0.5915862604816059
6221.23	-0.6126779604816059
6222.9	-0.538093960481606
6224.56	-0.6572608604816061
6226.23	-0.7019907604816059
6227.9	-0.8567883604816059
6229.57	-0.8567030604816057
6231.24	-0.866843160481606
6232.9	-0.6935220604816059
6234.57	-0.631535560481606
6236.24	-0.5550141604816059
6237.91	-0.5936232604816059
6239.58	-0.47601616048160605
6241.24	-0.43562581048160587
6242.91	-0.2642463904816057
6244.58	-0.26726816048160584
6246.25	-0.249863760481606
6247.91	-0.3267264604816059
6249.58	-0.3394808604816057
6251.25	-0.406923860481606
6252.92	-0.28673290048160577
6254.59	-0.2523918604816058
6256.25	-0.10279346048160595
6257.92	-0.01884246048160567
6259.59	0.04050703951839414
6261.26	0.013817093518394242
6262.93	-0.011084860481605886
6264.59	-0.15253976048160575
6266.26	-0.1254614604816059
6267.93	-0.19127266048160604
6269.6	-0.10111237048160582
6271.27	-0.05932946048160599
6272.93	-0.02808046048160595
6274.6	-0.11961836048160586
6276.27	-0.17725934048160588
6277.94	-0.4161526504816059
6279.6	-0.46358616048160595
6281.27	-0.586645060481606
6282.94	-0.5926900604816058
6284.61	-0.7050520604816057
6286.28	-0.6879904604816058
6287.94	-0.7759290604816063
6289.61	-0.694995060481606
6291.28	-0.7342366604816059
6292.95	-0.5682819604816058
6294.62	-0.43725900048160576
6296.28	-0.22510556048160577
6297.95	-0.2860726604816059
6299.62	-0.2689692604816059
6301.29	-0.41859356048160584
6302.96	-0.48871066048160594
6304.62	-0.6581805604816057
6306.29	-0.6484892604816059
6307.96	-0.6606029604816059
6309.63	-0.4721548604816058
6311.29	-0.3109900604816057
6312.96	0.002204939518394178
6314.63	0.09672293951839399
6316.3	0.149473939518394
6317.97	-0.013265060481605806
6319.63	-0.1274650604816058
6321.3	-0.29511606048160594
6322.97	-0.29134806048160594
6324.64	-0.299037060481606
6326.31	-0.19795406048160596
6327.97	-0.28602756048160605
6329.64	-0.2248929604816059
6331.31	-0.25139326048160576
6332.98	-0.0946407604816058
6334.65	-0.06593226048160587
6336.31	-0.03596876048160591
6337.98	-0.09978806048160586
6339.65	-0.08440306048160595
6341.32	-0.24261276048160588
6342.98	-0.2332288604816059
6344.65	-0.2921976604816059
6346.32	-0.2681661604816058
6347.99	-0.24351346048160574
6349.66	-0.1667043604816058
6351.32	-0.18582246048160586
6352.99	-0.15889576048160575
6354.66	-0.3369600604816059
6356.33	-0.4524307004816059
6358.0	-0.6617797604816057
6359.66	-0.6868544604816058
6361.33	-0.6799381604816059
6363.0	-0.5169770604816056
6364.67	-0.3720422604816059
6366.34	-0.17872596048160588
6368.0	-0.25233276048160586
6369.67	-0.24636416048160573
6371.34	-0.4615568604816058
6373.01	-0.5675867604816057
6374.67	-0.6436892604816058
6376.34	-0.5537120604816059
6378.01	-0.540012960481606
6379.68	-0.37788426048160606
6381.35	-0.4572598114816059
6383.01	-0.48401226048160606
6384.68	-0.6376288604816058
6386.35	-0.648703060481606
6388.02	-0.767020460481606
6389.69	-0.6849955604816058
6391.35	-0.7878205604816059
6393.02	-0.7614991604816057
6394.69	-0.8935071604816059
6396.36	-0.8006220604816059
6398.03	-0.8527489604816058
6399.69	-0.6791050604816058
6401.36	-0.7096340604816058
6403.03	-0.6305770604816059
6404.7	-0.7014251604816061
6406.36	-0.5932888604816059
6408.03	-0.6041617604816061
6409.7	-0.46810518048160576
6411.37	-0.5261893604816059
6413.04	-0.5241335604816058
6414.7	-0.6278655604816057
6416.37	-0.6183100604816056
6418.04	-0.652299960481606
6419.71	-0.5093933604816059
6421.38	-0.44239690048160585
6423.04	-0.2498516604816059
6424.71	-0.1844060704816058
6426.38	-0.07152506048160596
6428.05	-0.0919863604816058
6429.71	-0.02194156048160576
6431.38	-0.12155156048160587
6433.05	-0.08650706048160592
6434.72	-0.19415646048160576
6436.39	-0.18739506048160576
6438.05	-0.2563018604816058
6439.72	-0.236579860481606
6441.39	-0.327413060481606
6443.06	-0.18000896048160592
6444.73	-0.13744826048160594
6446.39	0.037094139518394145
6448.06	0.07778793951839409
6449.73	0.13354393951839416
6451.4	0.058179939518394196
6453.07	0.021251239518394062
6454.73	-0.1722950604816059
6456.4	-0.1874236604816059
6458.07	-0.27291996048160583
6459.74	-0.1717024604816059
6461.4	-0.1455116604816058
6463.07	-0.07195306048160603
6464.74	-0.11357606048160589
6466.41	-0.12379106048160571
6468.08	-0.30230406048160596
6469.74	-0.38409536048160575
6471.41	-0.592668960481606
6473.08	-0.6692585904816059
6474.75	-0.809994660481606
6476.42	-0.6966990604816059
6478.08	-0.5752777604816056
6479.75	-0.3118342604816059
6481.42	-0.25858577048160597
6483.09	-0.20072726048160572
6484.76	-0.29686196048160574
6486.42	-0.2739306604816059
6488.09	-0.375454560481606
6489.76	-0.2079182604816058
6491.43	-0.15548868048160572
6493.09	-0.05897376048160603
6494.76	-0.14132376848160594
6496.43	-0.1727438604816059
6498.1	-0.27720036048160585
6499.77	-0.2137524684816058
6501.43	-0.352347650481606
6503.1	-0.337763660481606
6504.77	-0.4324324604816061
6506.44	-0.40359326048160593
6508.11	-0.4294060604816057
6509.77	-0.3433363204816059
6511.44	-0.469353160481606
6513.11	-0.44186916048160585
6514.78	-0.584969690481606
6516.45	-0.5147351604816058
6518.11	-0.45284166048160596
6519.78	-0.14145476048160593
6521.45	0.012607839518394125
6523.12	0.24595303951839403
6524.78	0.2552572395183941
6526.45	0.20569113951839393
6528.12	-0.0091580604816059
6529.79	-0.15919156048160582
6531.46	-0.33995556048160586
6533.12	-0.3285085604816059
6534.79	-0.43894006048160594
6536.46	-0.4826132604816058
6538.13	-0.6328803604816059
6539.8	-0.6691226004816058
6541.46	-0.7050116604816059
6543.13	-0.576402360481606
6544.8	-0.4415499604816059
6546.47	-0.2618116604816059
6548.14	-0.3056888604816061
6549.8	-0.3907284604816058
6551.47	-0.5780020604816061
6553.14	-0.6291441604816058
6554.81	-0.7696197604816057
6556.47	-0.7641320604816058
6558.14	-0.8109160604816059
6559.81	-0.740136260481606
6561.48	-0.730005060481606
6563.15	-0.6598160604816058
6564.81	-0.6063400604816059
6566.48	-0.4035886604816058
6568.15	-0.33735056048160594
6569.82	-0.22436586048160595
6571.49	-0.20742199048160592
6573.15	-0.13788176048160591
6574.82	-0.1654954604816058
6576.49	-0.1217474604816059
6578.16	-0.04129926048160595
6579.83	0.11389233951839421
6581.49	0.0864079395183941
6583.16	0.09403823951839421
6584.83	-0.10381386048160586
6586.5	-0.2499870604816059
6588.16	-0.43122276048160596
6589.83	-0.5925030604816061
6591.5	-0.6826457604816059
6593.17	-0.5786567604816059
6594.84	-0.556171160481606
6596.5	-0.27847466048160585
6598.17	-0.17566646048160575
6599.84	-0.050516260481605846
6601.51	-0.14271106048160603
6603.18	-0.3474023604816061
6604.84	-0.5790388604816058
6606.51	-0.6184552604816057
6608.18	-0.7531500604816058
6609.85	-0.5750066604816059
6611.51	-0.539552060481606
6613.18	-0.45600906048160594
6614.85	-0.575442060481606
6616.52	-0.6541442604816058
6618.19	-0.850793660481606
6619.85	-0.8015170604816058
6621.52	-0.870516760481606
6623.19	-0.660978660481606
6624.86	-0.558822460481606
6626.53	-0.3252732604816059
6628.19	-0.4143657604816058
6629.86	-0.42151596048160583
6631.53	-0.5703593604816057
6633.2	-0.5611792704816058
6634.87	-0.6051854604816059
6636.53	-0.4266622604816058
6638.2	-0.444208860481606
6639.87	-0.2795916604816059
6641.54	-0.3744385604816059
6643.2	-0.3510430604816059
6644.87	-0.3862810604816059
6646.54	-0.2997194604816058
6648.21	-0.31367996048160585
6649.88	-0.19063796048160575
6651.54	-0.27412776048160586
6653.21	-0.08490686048160585
6654.88	-0.04644866048160583
6656.55	0.11543843951839414
6658.22	0.17747893951839416
6659.88	0.22858093951839412
6661.55	0.04215393951839408
6663.22	-0.09332906048160605
6664.89	-0.3175980604816059
6666.56	-0.35164506048160576
6668.22	-0.36738646048160584
6669.89	-0.18610266048160606
6671.56	-0.032534660481605825
6673.23	0.24528153951839426
6674.89	0.304922399518394
6676.56	0.3046332495183939
6678.23	0.1359077395183939
6679.9	-0.03298663048160573
6681.57	-0.4379407594816057
6683.23	-0.6734158604816056
6684.9	-0.9369593604816057
6686.57	-0.9190539604816058
6688.24	-0.972897260481606
6689.91	-0.804640160481606
6691.57	-0.7246858604816059
6693.24	-0.49614916048160584
6694.91	-0.4659030604816058
6696.58	-0.3502890604816059
6698.25	-0.457443060481606
6699.91	-0.4216509604816057
6701.58	-0.5571625604816058
6703.25	-0.44930434048160584
6704.92	-0.4221856664816058
6706.58	-0.2790959604816058
6708.25	-0.24425856048160588
6709.92	-0.08945196048160589
6711.59	-0.18786106048160597
6713.26	-0.16277936048160593
6714.92	-0.30473696048160587
6716.59	-0.20097846048160592
6718.26	-0.19587506048160594
6719.93	-0.09578906048160588
6721.6	-0.14062626048160565
6723.26	-0.1075588604816059
6724.93	-0.30797706048160606
6726.6	-0.409621460481606
6728.27	-0.6165126504816059
6729.94	-0.48181136048160605
6731.6	-0.516262760481606
6733.27	-0.3596390604816059
6734.94	-0.3576094604816058
6736.61	-0.22909186048160574
6738.27	-0.25363946048160596
6739.94	-0.05639826048160588
6741.61	-0.07589281048160586
6743.28	0.054145339518393995
6744.95	-0.034473460481605954
6746.61	0.014115739518393932
6748.28	-0.025966680481606018
6749.95	0.15546105951839406
6751.62	0.12589623951839396
6753.29	0.24264747951839424
6754.95	0.09258203951839432
6756.62	-0.09749876048160577
6758.29	-0.38415806048160583
6759.96	-0.5239839604816058
6761.63	-0.7962494604816059
6763.29	-0.8165027604816061
6764.96	-0.8517674604816058
6766.63	-0.6828996604816058
6768.3	-0.699971560481606
6769.96	-0.5866477104816059
6771.63	-0.6636807604816058
6773.3	-0.540865760481606
6774.97	-0.630705560481606
6776.64	-0.582433460481606
6778.3	-0.5260260604816059
6779.97	-0.39733006048160613
6781.64	-0.4490040604816058
6783.31	-0.3756937604816059
6784.98	-0.447014060481606
6786.64	-0.33994966048160596
6788.31	-0.293379060481606
6789.98	-0.151172760481606
6791.65	-0.018802060481605865
6793.31	0.23475793951839413
6794.98	0.2895519395183942
6796.65	0.36490093951839425
6798.32	0.3465163395183942
6799.99	0.3453854395183941
6801.65	0.200811739518394
6803.32	0.11814163951839411
6804.99	-0.13679706048160592
6806.66	-0.13525076048160586
6808.33	-0.23356866048160602
6809.99	-0.17108476048160587
6811.66	-0.11599746048160595
6813.33	-0.07932196048160586
6815.0	-0.26314276048160584
6816.67	-0.38916476048160575
6818.33	-0.7010024604816059
6820.0	-0.7856465004816059
6821.67	-1.032081060481606
6823.34	-1.008906860481606
6825.0	-0.9579842604816058
6826.67	-0.7582868904816059
6828.34	-0.6229141604816061
6830.01	-0.32013506048160584
6831.68	-0.18624776048160574
6833.34	-0.014956760481605946
6835.01	-0.16741276048160586
6836.68	-0.20821986048160585
6838.35	-0.4475027604816059
6840.02	-0.5042058404816059
6841.68	-0.589100340481606
6843.35	-0.48100046048160605
6845.02	-0.4658687604816058
6846.69	-0.3497897604816057
6848.36	-0.5226362604816058
6850.02	-0.5994232604816059
6851.69	-0.7803699604816061
6853.36	-0.8262108604816059
6855.03	-0.8856395604816057
6856.69	-0.7528890604816059
6858.36	-0.7045240604816059
6860.03	-0.4236530604816059
6861.7	-0.23045206048160577
6863.37	0.003915509518394167
6865.03	0.06800523951839414
6866.7	0.049816539518394
6868.37	-0.16694048748160584
6870.04	-0.3691154604816058
6871.71	-0.5433578604816061
6873.37	-0.513737260481606
6875.04	-0.4766497604816059
6876.71	-0.2761297904816058
6878.38	-0.254514460481606
6880.05	-0.224063810481606
6881.71	-0.44813456048160605
6883.38	-0.6092852604816057
6885.05	-0.7667993604816059
6886.72	-0.6958530604816059
6888.38	-0.6734505604816059
6890.05	-0.4903431604816057
6891.72	-0.4444305604816058
6893.39	-0.250391660481606
6895.06	-0.30681656048160605
6896.72	-0.35848186048160596
6898.39	-0.4995948604816059
6900.06	-0.5104255604816059
6901.73	-0.6767269604816057
6903.4	-0.6235498604816059
6905.06	-0.5652200604816058
6906.73	-0.289070460481606
6908.4	-0.12939406048160587
6910.07	-0.004055960481605903
6911.74	-0.05783106048160589
6913.4	0.005008739518394034
6915.07	-0.13758676048160579
6916.74	-0.1783338604816059
6918.41	-0.29422426048160594
6920.07	-0.31715206048160594
6921.74	-0.44656106048160604
6923.41	-0.46248206048160573
6925.08	-0.5563980604816059
6926.75	-0.4371716604816058
6928.41	-0.45935086048160584
6930.08	-0.3917213604816059
6931.75	-0.48406806048160594
6933.42	-0.5470751604816059
6935.09	-0.666354760481606
6936.75	-0.644428560481606
6938.42	-0.6882727604816059
6940.09	-0.5021606504816057
6941.76	-0.536724770481606
6943.42	-0.40172626048160576
6945.09	-0.32778576048160596
6946.76	-0.16177056048160582
6948.43	-0.1321360604816058
6950.1	0.0011559395183940336
6951.76	-0.16355806048160587
6953.43	-0.31499256048160584
6955.1	-0.6070245604816058
6956.77	-0.7811463604816058
6958.44	-0.9262437604816058
6960.1	-0.780478060481606
6961.77	-0.7859280604816058
6963.44	-0.6289201604816059
6965.11	-0.6192165604816058
6966.78	-0.660251060481606
6968.44	-0.688680160481606
6970.11	-0.645761060481606
6971.78	-0.6934258604816057
6973.45	-0.6314189604816057
6975.11	-0.7569978604816059
6976.78	-0.746011560481606
6978.45	-0.8176626604816057
6980.12	-0.7077306604816058
6981.79	-0.5941610604816059
6983.45	-0.3109030604816058
6985.12	-0.17782206048160595
6986.79	-0.020786060481606007
6988.46	-0.13333706048160598
6990.13	-0.08373806048160595
6991.79	-0.29325306048160604
6993.46	-0.33150976048160585
6995.13	-0.4904615604816057
6996.8	-0.510042260481606
6998.47	-0.649470620781606
7000.13	-0.6545898604816061
7001.8	-0.8926583804816058
7003.47	-0.9452667604816056
7005.14	-1.079232060481606
7006.8	-1.0675609604816059
7008.47	-1.017417260481606
7010.14	-0.8350094604816061
7011.81	-0.7556137604816059
7013.48	-0.5053813524816059
7015.14	-0.4531017604816059
7016.81	-0.3097516604816059
7018.48	-0.2645960604816057
7020.15	-0.2169800604816058
7021.82	-0.34705616248160587
7023.48	-0.436136760481606
7025.15	-0.6572163604816058
7026.82	-0.6827122604816062
7028.49	-0.7545198604816059
7030.16	-0.611785060481606
7031.82	-0.6657747604816059
7033.49	-0.5734358604816061
7035.16	-0.594384060481606
7036.83	-0.47943196048160586
7038.49	-0.428843450481606
7040.16	-0.37534326048160577
7041.83	-0.4314446604816058
7043.5	-0.42443106048160584
7045.17	-0.6661771604816059
7046.83	-0.649316060481606
7048.5	-0.5549040604816059
7050.17	-0.446262060481606
7051.84	-0.434393860481606
7053.51	-0.4861620604816059
7055.17	-0.5361387604816058
7056.84	-0.4481427604816057
7058.51	-0.5130692804816058
7060.18	-0.4748620604816061
7061.85	-0.4516253604816061
7063.51	-0.47491946048160616
7065.18	-0.648016460481606
7066.85	-0.663382460481606
7068.52	-0.6540278704816059
7070.18	-0.5303855604816059
7071.85	-0.597629500481606
7073.52	-0.6464773604816058
7075.19	-0.8346710604816057
7076.86	-0.8633514604816058
7078.52	-0.9677633604816058
7080.19	-0.9043688504816056
7081.86	-0.8850850604816056
7083.53	-0.7660421604816059
7085.2	-0.8079545604816059
7086.86	-0.660470660481606
7088.53	-0.6229828604816058
7090.2	-0.29525156048160567
7091.87	-0.14793979048160583
7093.54	0.032543239518393996
7095.2	-0.003755760481605863
7096.87	-0.004471260481605776
7098.54	-0.18836406048160576
7100.21	-0.31779166048160595
7101.87	-0.6273269604816057
7103.54	-0.6622030604816059
7105.21	-0.890481560481606
7106.88	-0.8954100604816058
7108.55	-0.8082358604816058
7110.21	-0.5722699604816059
7111.88	-0.3570242604816059
7113.55	-0.16477246048160582
7115.22	-0.12765506048160585
7116.89	0.025968939518393963
7118.55	0.03049793951839419
7120.22	0.07677033951839407
7121.89	0.05290513951839389
7123.56	0.055861439518394104
7125.22	-0.15882746048160584
7126.89	-0.3939404604816058
7128.56	-0.644093060481606
7130.23	-0.7658629604816058
7131.9	-0.8797208604816058
7133.56	-0.7500596204816059
7135.23	-0.7569490604816058
7136.9	-0.6260492604816058
7138.57	-0.5952671604816058
7140.24	-0.650882560481606
7141.9	-0.6963758804816058
7143.57	-0.6790896604816059
7145.24	-0.8386742604816056
7146.91	-0.7398995604816057
7148.58	-0.8365682804816057
7150.24	-0.8022252604816057
7151.91	-0.8374575604816059
7153.58	-0.7480655604816058
7155.25	-0.6918519204816059
7156.91	-0.5224719604816059
7158.58	-0.5540450604816058
7160.25	-0.43531536048160585
7161.92	-0.529704560481606
7163.59	-0.5265510604816057
7165.25	-0.5871150604816059
7166.92	-0.42372406048160577
7168.59	-0.2757430604816058
7170.26	-0.1524280604816059
7171.93	-0.20324706048160585
7173.59	-0.2588110604816058
7175.26	-0.3828280604816056
7176.93	-0.501425060481606
7178.6	-0.5276020604816059
7180.27	-0.4758526604816061
7181.93	-0.4644175604816058
7183.6	-0.39470614048160585
7185.27	-0.354119860481606
7186.94	-0.2257805604816058
7188.6	-0.06806396048160601
7190.27	0.0756534395183941
7191.94	0.1361729395183941
7193.61	0.15853393951839412
7195.28	-0.03841606048160584
7196.94	-0.0857525604816058
7198.61	-0.21161186048160605
7200.28	-0.23507016048160567
7201.95	-0.3088600604816059
7203.62	-0.3154542604816059
7205.28	-0.4335335104816057
7206.95	-0.38865916048160587
7208.62	-0.461387060481606
7210.29	-0.205953060481606
7211.96	0.009071939518394
7213.62	0.1676395395183942
7215.29	0.19762523951839403
7216.96	0.08149333951839396
7218.63	-0.30943726048160586
7220.29	-0.500213680481606
7221.96	-0.7610612604816059
7223.63	-0.707275540481606
7225.3	-0.570329460481606
7226.97	-0.44485316048160584
7228.63	-0.3887274604816061
7230.3	-0.3022160604816061
7231.97	-0.3724247604816059
7233.64	-0.30037386048160614
7235.31	-0.33205177048160583
7236.97	-0.30836009048160573
7238.64	-0.3794927604816059
7240.31	-0.38782816048160595
7241.98	-0.436470060481606
7243.65	-0.27538196048160596
7245.31	-0.24049872048160595
7246.98	-0.15359806048160596
7248.65	-0.14841836048160584
7250.32	-0.12878266048160578
7251.98	-0.22184866048160598
7253.65	-0.23981306048160586
7255.32	-0.3228500604816059
7256.99	-0.3399510604816058
7258.66	-0.4744251604816059
7260.32	-0.4638493604816059
7261.99	-0.5913670604816059
7263.66	-0.5015681604816059
7265.33	-0.5307891604816058
7267.0	-0.4372161604816059
7268.66	-0.42627206048160593
7270.33	-0.34910706048160584
7272.0	-0.4659840604816058
7273.67	-0.401729460481606
7275.34	-0.4775159604816059
7277.0	-0.4456554604816058
7278.67	-0.42796106048160576
7280.34	-0.19533256048160583
7282.01	-0.15466106048160586
7283.67	-0.08208506048160584
7285.34	-0.260986060481606
7287.01	-0.4876792604816059
7288.68	-0.7908511904816059
7290.35	-0.9742351604816057
7292.01	-1.094676760481606
7293.68	-1.0342145604816058
7295.35	-0.8770570604816058
7297.02	-0.688409520481606
7298.69	-0.5657899604816059
7300.35	-0.4503622604816059
7302.02	-0.5475978604816059
7303.69	-0.696397560481606
7305.36	-1.0504053604816057
7307.02	-1.2178340604816058
7308.69	-1.194563860481606
7310.36	-0.893959560481606
7312.03	-0.539680660481606
7313.7	-0.2371090604816059
7315.36	-0.132877060481606
7317.03	-0.06339006048160582
7318.7	-0.25881706048160585
7320.37	-0.26068706048160595
7322.04	-0.3970798604816058
7323.7	-0.38364696048160585
7325.37	-0.47737716048160594
7327.04	-0.6400013304816057
7328.71	-0.7644290604816059
7330.38	-0.8242771604816059
7332.04	-0.9977623604816058
7333.71	-1.008578580481606
7335.38	-1.025929050481606
7337.05	-0.7862448604816059
7338.71	-0.6717937604816058
7340.38	-0.535684060481606
7342.05	-0.5716091604816058
7343.72	-0.5125148604816058
7345.39	-0.650517902581606
7347.05	-0.6838372604816059
7348.72	-0.7497778204816059
7350.39	-0.6819561604816059
7352.06	-0.8756620604816059
7353.73	-0.8883910604816059
7355.39	-1.0674120604816058
7357.06	-0.9428660604816059
7358.73	-0.8322094604816058
7360.4	-0.6432549604816058
7362.07	-0.5718563604816059
7363.73	-0.4953648604816059
7365.4	-0.6558134604816057
7367.07	-0.7153892604816059
7368.74	-0.8682001804816057
7370.4	-0.8407211604816061
7372.07	-0.773890960481606
7373.74	-0.6194259604816058
7375.41	-0.5860330604816057
7377.08	-0.41472706048160585
7378.74	-0.34844036048160587
7380.41	-0.22765406048160602
7382.08	-0.3370098604816061
7383.75	-0.34857626048160595
7385.42	-0.44686306048160596
7387.08	-0.44229856048160593
7388.75	-0.49980046048160576
7390.42	-0.42920606048160614
7392.09	-0.49578516048160576
7393.76	-0.34434786048160576
7395.42	-0.3942930604816059
7397.09	-0.2970079604816059
7398.76	-0.24254333048160576
7400.43	-0.1495568604816059
7402.09	-0.29322476048160595
7403.76	-0.408096760481606
7405.43	-0.6664267604816059
7407.1	-0.7555000604816058
7408.77	-0.883881360481606
7410.43	-0.8523082604816057
7412.1	-0.9339079604816061
7413.77	-0.8614290604816061
7415.44	-0.9185151404816058
7417.11	-0.8064509604816059
7418.77	-0.755690160481606
7420.44	-0.5449736604816058
7422.11	-0.4359852604816057
7423.78	-0.21485766048160587
7425.45	-0.18903417048160584
7427.11	-0.16744628048160576
7428.78	-0.331323020481606
7430.45	-0.4151796604816059
7432.12	-0.751390760481606
7433.78	-0.8779132604816059
7435.45	-1.0557570604816058
7437.12	-0.9841200604816059
7438.79	-0.9542080604816057
7440.46	-0.8488450604816059
7442.12	-0.872877060481606
7443.79	-0.7622929604816058
7445.46	-0.896683660481606
7447.13	-0.743320960481606
7448.8	-0.6896951604816058
7450.46	-0.45969076048160584
7452.13	-0.36271376048160564
7453.8	-0.1586474504816059
7455.47	-0.1880894604816059
7457.14	-0.06864556048160597
7458.8	-0.23019486048160603
7460.47	-0.1585818604816059
7462.14	-0.29729256048160574
7463.81	-0.25115676048160596
7465.47	-0.3152587604816059
7467.14	-0.19354446048160598
7468.81	-0.2102260604816059
7470.48	-0.10329846048160578
7472.15	-0.14550156048160598
7473.81	-0.06887706048160591
7475.48	-0.25318206048160585
7477.15	-0.3167549604816059
7478.82	-0.5592753604816059
7480.49	-0.6429569604816059
7482.15	-0.7519845604816061
7483.82	-0.8033651604816058
7485.49	-0.8690330604816058
7487.16	-0.8064830604816059
7488.82	-0.892291060481606
7490.49	-0.8281810604816057
7492.16	-0.782861060481606
7493.83	-0.7296631604816057
7495.5	-0.7771050604816059
7497.16	-0.779185060481606
7498.83	-0.9087510604816058
7500.5	-0.839594060481606
7502.17	-0.787661060481606
7503.84	-0.6183638604816057
7505.5	-0.5107434604816059
7507.17	-0.509340060481606
7508.84	-0.6474388604816059
7510.51	-0.617251960481606
7512.18	-0.7233122604816059
7513.84	-0.6366239604816059
7515.51	-0.6183780604816057
7517.18	-0.4234700604816061
7518.85	-0.3209216604816058
7520.51	-0.2420613604816057
7522.18	-0.28932676048160577
7523.85	-0.2506697604816058
7525.52	-0.4201673604816059
7527.19	-0.47885066048160585
7528.85	-0.598903560481606
7530.52	-0.460800060481606
7532.19	-0.3700940604816057
7533.86	-0.22473906048160583
7535.53	-0.15951406048160585
7537.19	-0.123087330481606
7538.86	-0.275824960481606
7540.53	-0.2644487604816059
7542.2	-0.477868060481606
7543.87	-0.5014915604816059
7545.53	-0.647510060481606
7547.2	-0.7505399604816059
7548.87	-0.8238984604816059
7550.54	-0.677483560481606
7552.2	-0.5961348604816059
7553.87	-0.4180685604816058
7555.54	-0.410061060481606
7557.21	-0.29512606048160583
7558.88	-0.2681690604816059
7560.54	-0.18078566048160596
7562.21	-0.2764647604816059
7563.88	-0.3267640604816058
7565.55	-0.5513754604816061
7567.22	-0.8072180604816062
7568.88	-1.129199260481606
7570.55	-1.138329140481606
7572.22	-1.179317960481606
7573.89	-1.0407683604816058
7575.56	-0.9608217604816058
7577.22	-0.8455145604816057
7578.89	-0.7619722604816058
7580.56	-0.615052160481606
7582.23	-0.5865680604816058
7583.89	-0.499487160481606
7585.56	-0.5868376604816058
7587.23	-0.637254760481606
7588.9	-0.6414330604816059
7590.57	-0.5375830604816059
7592.23	-0.396716060481606
7593.9	-0.13651106048160583
7595.57	-0.06551806048160573
7597.24	-0.1101740604816059
7598.91	-0.34302506048160597
7600.57	-0.45605606048160574
7602.24	-0.534339060481606
7603.91	-0.5164990604816058
7605.58	-0.624373060481606
7607.25	-0.685995160481606
7608.91	-0.8634863604816061
7610.58	-0.8192303404816059
7612.25	-0.8170776604816059
7613.92	-0.5378852604816059
7615.58	-0.3512389604816059
7617.25	-0.15916146048160576
7618.92	-0.06021276048160584
7620.59	0.04467373951839408
7622.26	-0.07039176048160593
7623.92	-0.04063926048160586
7625.59	-0.3100081604816059
7627.26	-0.45684896048160606
7628.93	-0.6870736604816058
7630.6	-0.802818960481606
7632.26	-0.8393669604816058
7633.93	-0.8333772604816059
7635.6	-0.8783610604816058
7637.27	-0.8164669604816062
7638.94	-0.9000964604816059
7640.6	-0.8503045604816059
7642.27	-0.8364182604816058
7643.94	-0.7170712604816059
7645.61	-0.5928567604816058
7647.27	-0.452772060481606
7648.94	-0.37537406048160593
7650.61	-0.20255516048160596
7652.28	-0.28413706048160575
7653.95	-0.3282517604816058
7655.61	-0.4424695604816059
7657.28	-0.39265566048160594
7658.95	-0.3465039604816057
7660.62	-0.15783696048160578
7662.29	-0.11519866048160576
7663.95	0.018576939518394186
7665.62	-0.14617196048160594
7667.29	-0.24829726048160589
7668.96	-0.4503240604816058
7670.62	-0.42916706048160586
7672.29	-0.4312630604816059
7673.96	-0.25949706048160576
7675.63	-0.18878106048160576
7677.3	0.10698473951839411
7678.96	0.17127903951839407
7680.63	0.3170286595183941
7682.3	0.18821673951839402
7683.97	0.15511843951839405
7685.64	-0.006620660481605789
7687.3	-0.0928491604816059
7688.97	-0.2748715604816059
7690.64	-0.2775113604816058
7692.31	-0.40120736048160577
7693.98	-0.390491190481606
7695.64	-0.4751801604816059
7697.31	-0.45149599048160594
7698.98	-0.42846316048160576
7700.65	-0.3656831604816058
7702.31	-0.4032584504816059
7703.98	-0.25850776048160595
7705.65	-0.3039034604816059
7707.32	-0.35308056048160597
7708.99	-0.4998891204816059
7710.65	-0.7005007604816059
7712.32	-0.9926257604816058
7713.99	-1.080569960481606
7715.66	-1.1331149604816058
7717.33	-0.9489565604816061
7718.99	-0.820233560481606
7720.66	-0.6017166604816061
7722.33	-0.4209750604816058
7724.0	-0.18795726048160583
7725.67	-0.19255856048160583
7727.33	-0.1714494604816059
7729.0	-0.2610552604816059
7730.67	-0.20507256048160585
7732.34	-0.3083820604816059
7734.0	-0.20478036048160592
7735.67	-0.268322060481606
7737.34	-0.23102786048160598
7739.01	-0.34948416048160585
7740.68	-0.43189506048160575
7742.34	-0.725412260481606
7744.01	-0.8192628604816058
7745.68	-1.041057750481606
7747.35	-1.0405453604816057
7749.02	-1.0393325504816058
7750.68	-0.842580060481606
7752.35	-0.7135760604816057
7754.02	-0.43228106048160575
7755.69	-0.3695858604816058
7757.36	-0.19281374048160585
7759.02	-0.11257126048160586
7760.69	0.029653539518394244
7762.36	0.05285703951839436
7764.03	0.17968813951839402
7765.69	0.012075139518394095
7767.36	0.01706083951839419
7769.03	-0.09746966048160592
7770.7	-0.19148076048160592
7772.37	-0.40483146048160606
7774.03	-0.5184225604816058
7775.7	-0.792200060481606
7777.37	-0.841771060481606
7779.04	-1.0905710604816057
7780.71	-1.2266930604816058
7782.37	-1.324251460481606
7784.04	-1.3912305604816058
7785.71	-1.427632860481606
7787.38	-1.2566550604816054
7789.05	-1.3138115604816059
7790.71	-1.252918060481606
7792.38	-1.455122060481606
7794.05	-1.4852510604816058
7795.72	-1.421799060481606
7797.38	-1.108746060481606
7799.05	-0.7713383604816059
7800.72	-0.28625216048160584
7802.39	-0.2006830604816059
7804.06	-0.06834006048160593
7805.72	-0.27826916048160594
7807.39	-0.17458592048160582
7809.06	-0.14737766048160575
7810.73	0.0343929395183941
7812.4	0.04294193951839418
7814.06	0.09424993951839422
7815.73	-0.22777616048160584
7817.4	-0.3243145604816057
7819.07	-0.5812740604816058
7820.73	-0.5870561604816059
7822.4	-0.588462960481606
7824.07	-0.4180482604816058
7825.74	-0.291950660481606
7827.41	0.04639023951839398
7829.07	0.14421243951839421
7830.74	0.275038839518394
7832.41	0.23177342951839403
7834.08	0.02526893951839413
7835.75	-0.3881550604816059
7837.41	-0.6522426604816058
7839.08	-0.925250060481606
7840.75	-0.9795050604816058
7842.42	-0.9186660604816058
7844.09	-0.7845010604816058
7845.75	-0.618899060481606
7847.42	-0.569413260481606
7849.09	-0.6692900604816059
7850.76	-0.7127090604816058
7852.42	-0.961550060481606
7854.09	-1.075982760481606
7855.76	-1.315367360481606
7857.43	-1.303218360481606
7859.1	-1.2546192604816055
7860.76	-1.0301504604816059
7862.43	-0.8728948604816058
7864.1	-0.6156963604816058
7865.77	-0.6221350604816059
7867.44	-0.503957760481606
7869.1	-0.6158697604816061
7870.77	-0.5367650604816059
7872.44	-0.5941354604816059
7874.11	-0.496379460481606
7875.78	-0.4519662604816059
7877.44	-0.3565870704816058
7879.11	-0.2516937604816061
7880.78	-0.10427216048160573
7882.45	-0.043292996481605894
7884.11	0.08374523951839405
7885.78	0.0049260595183941765
7887.45	0.012346557518394174
7889.12	0.02313183951839417
7890.79	-0.01808346048160585
7892.45	-0.04178616048160584
7894.12	-0.014925780481605843
7895.79	-0.13118406048160586
7897.46	-0.021472760481605936
7899.13	-0.2394356904816059
7900.79	-0.3510805604816059
7902.46	-0.49821076048160595
7904.13	-0.6625790604816059
7905.8	-0.8743593604816059
7907.47	-0.9215016604816059
7909.13	-1.176490860481606
7910.8	-1.1836347604816058
7912.47	-1.2672364604816058
7914.14	-1.261858060481606
7915.8	-1.2432598604816059
7917.47	-1.0084940604816057
7919.14	-0.8658666604816057
7920.81	-0.6188815404816059
7922.48	-0.4838810604816059
7924.14	-0.366107460481606
7925.81	-0.3463590604816056
7927.48	-0.36353576048160596
7929.15	-0.5835058604816059
7930.82	-0.6263885604816058
7932.48	-0.7728070604816059
7934.15	-0.7191420604816059
7935.82	-0.7870330604816059
7937.49	-0.743997060481606
7939.16	-0.9499207604816059
7940.82	-0.946908997281606
7942.49	-1.197319760481606
7944.16	-1.112676560481606
7945.83	-1.1500035604816055
7947.49	-0.8413282604816061
7949.16	-0.866778460481606
7950.83	-0.7759927604816059
7952.5	-0.9215960604816059
7954.17	-0.8320830604816057
7955.83	-0.8308750604816059
7957.5	-0.632754060481606
7959.17	-0.6378870604816056
7960.84	-0.553531060481606
7962.51	-0.8635659604816059
7964.17	-1.0480379604816061
7965.84	-1.1228580604816059
7967.51	-0.9945170604816059
7969.18	-0.8047911604816058
7970.85	-0.48851276048160586
7972.51	-0.39699950048160587
7974.18	-0.3492131604816059
7975.85	-0.4456560604816059
7977.52	-0.39778006048160597
7979.18	-0.4182608604816059
7980.85	-0.3653912604816058
7982.52	-0.5461011604816061
7984.19	-0.5994158804816062
7985.86	-0.738635260481606
7987.52	-0.7212702204816058
7989.19	-0.7965689204816057
7990.86	-0.740476260481606
7992.53	-0.7988384604816059
7994.2	-0.7836773604816059
7995.86	-0.815545060481606
7997.53	-0.725519560481606
7999.2	-0.7079695904816059
8000.87	-0.6407964604816059
8002.53	-0.7867234504816059
8004.2	-0.8903750604816058
8005.87	-1.0401677604816058
8007.54	-0.9954010604816059
8009.21	-0.7955053604816059
8010.87	-0.5419548604816057
8012.54	-0.33813376048160604
8014.21	-0.25385456048160615
8015.88	-0.5024783604816059
8017.55	-0.716916060481606
8019.21	-1.0014750604816058
8020.88	-0.9611580604816059
8022.55	-0.7614464904816061
8024.22	-0.4734255604816059
8025.89	-0.29017306048160585
8027.55	-0.22253756048160608
8029.22	-0.5020172604816059
8030.89	-0.6812767604816059
8032.56	-1.0486460604816057
8034.22	-1.217804060481606
8035.89	-1.4333008604816058
8037.56	-1.2697563604816058
8039.23	-1.1182143904816055
8040.9	-0.685158960481606
8042.56	-0.479915960481606
8044.23	-0.13341310048160576
8045.9	-0.1297140604816061
8047.57	-0.13160146048160595
8049.24	-0.486091060481606
8050.9	-0.6382350604816058
8052.57	-0.9328280604816058
8054.24	-1.0428540604816061
8055.91	-1.2000950604816059
8057.58	-1.058584060481606
8059.24	-0.8773100604816058
8060.91	-0.5647053604816057
8062.58	-0.47436956048160595
8064.25	-0.28632726048160595
8065.91	-0.334323060481606
8067.58	-0.24508466048160601
8069.25	-0.19444506048160579
8070.92	-0.09793674048160575
8072.59	-0.04429206048160591
8074.25	0.046605939518394
8075.92	-0.23033156048160586
8077.59	-0.40240136048160596
8079.26	-0.874714660481606
8080.93	-1.039411860481606
8082.59	-1.057676960481606
8084.26	-0.809858850481606
8085.93	-0.578910760481606
8087.6	-0.17424346048160583
8089.27	-0.13157396048160588
8090.93	-0.03992516048160595
8092.6	-0.24111476048160588
8094.27	-0.29244800048160585
8095.94	-0.35198436048160586
8097.6	-0.1441713604816058
8099.27	-0.0861155604816058
8100.94	0.07042043951839413
8102.61	0.003876369518394118
8104.28	-0.054595860481605786
8105.94	-0.2675174104816059
8107.61	-0.3641265604816059
8109.28	-0.668281730481606
8110.95	-0.691746960481606
8112.62	-0.6643967604816059
8114.28	-0.6549046804816059
8115.95	-0.6444177604816057
8117.62	-0.5811373604816059
8119.29	-0.6545210604816056
8120.96	-0.6476540604816059
8122.62	-0.8568560604816058
8124.29	-0.9184850604816059
8125.96	-0.9735040604816056
8127.63	-0.9267781104816057
8129.29	-0.7267128604816059
8130.96	-0.5071259604816059
8132.63	-0.24383476048160596
8134.3	0.001616339518394283
8135.97	0.11549205951839395
8137.63	0.295876739518394
8139.3	0.35622563951839403
8140.97	0.435134339518394
8142.64	0.4044666395183941
8144.31	0.286063039518394
8145.97	0.02854993951839411
8147.64	-0.07009206048160585
8149.31	-0.25238206048160594
8150.98	-0.27867906048160584
8152.65	-0.4679706604816059
8154.31	-0.49782236048160583
8155.98	-0.7488020904816056
8157.65	-0.796857060481606
8159.32	-0.9812090604816059
8160.98	-0.9454260604816058
8162.65	-0.9289830604816057
8164.32	-0.8964630604816058
8165.99	-0.9403514604816058
8167.66	-0.840348760481606
8169.32	-0.8148997604816056
8170.99	-0.6516550604816056
8172.66	-0.512123060481606
8174.33	-0.3857383604816059
8176.0	-0.2930665604816058
8177.66	-0.3885306604816061
8179.33	-0.4745678604816058
8181.0	-0.4088827604816059
8182.67	-0.34721116048160583
8184.33	-0.19498626048160586
8186.0	-0.13549546048160577
8187.67	-0.08935641048160589
8189.34	-0.32157406048160597
8191.01	-0.555764480481606
8192.67	-0.8080228504816059
8194.34	-0.9384100604816059
8196.01	-1.1608710604816062
8197.68	-1.3389250604816056
8199.35	-1.585453060481606
8201.01	-1.599487260481606
8202.68	-1.734381760481606
8204.35	-1.639375960481606
8206.02	-1.4809873604816057
8207.69	-1.1754450604816058
8209.35	-1.017126060481606
8211.02	-0.7780320604816058
8212.69	-0.7480300604816059
8214.36	-0.7737140604816061
8216.02	-1.0140594604816058
8217.69	-1.1645361104816057
8219.36	-1.4870015604816058
8221.03	-1.5669013604816058
8222.7	-1.7165299604816056
8224.36	-1.543338260481606
8226.03	-1.3342041604816057
8227.7	-1.044163060481606
8229.37	-1.0185066604816062
8231.04	-0.8123257604816059
8232.7	-0.8356934184816058
8234.37	-0.6226176604816059
8236.04	-0.658086060481606
8237.71	-0.4707527604816059
8239.38	-0.48034806048160583
8241.04	-0.35869236048160585
8242.71	-0.4145829304816059
8244.38	-0.28498456048160586
8246.05	-0.41800714548160595
8247.71	-0.39192966048160605
8249.38	-0.6720497604816058
8251.05	-0.7317385604816058
8252.72	-0.9036130604816058
8254.39	-0.805207060481606
8256.05	-0.7085545604816058
8257.72	-0.5273126604816059
8259.39	-0.5323525604816061
8261.06	-0.528201830481606
8262.73	-0.6253871604816057
8264.39	-0.5422984604816061
8266.06	-0.6930953604816057
8267.73	-0.627382660481606
8269.4	-0.5222655604816059
8271.07	-0.275191860481606
8272.73	-0.013586871481605822
8274.4	0.31097501451839415
8276.07	0.480130839518394
8277.74	0.724683739518394
8279.4	0.5008097395183941
8281.07	0.22104393951839407
8282.74	-0.348639060481606
8284.41	-0.6902040604816061
8286.08	-0.9836100604816057
8287.74	-1.039919060481606
8289.41	-1.1102310604816057
8291.08	-1.115674260481606
8292.75	-1.186712060481606
8294.42	-1.0370956604816057
8296.08	-1.0846746604816062
8297.75	-0.9420974604816061
8299.42	-0.9151420604816056
8301.09	-0.853309360481606
8302.76	-0.894484260481606
8304.42	-0.8491671604816059
8306.09	-0.8004022604816059
8307.76	-0.6385854304816061
8309.43	-0.682158060481606
8311.09	-0.6201660604816059
8312.76	-0.7449610604816059
8314.43	-0.6114700604816059
8316.1	-0.487125260481606
8317.77	-0.3170325604816059
8319.43	-0.3390375604816057
8321.1	-0.32752666048160595
8322.77	-0.5102923604816058
8324.44	-0.4746020604816058
8326.11	-0.48861495048160586
8327.77	-0.40690856048160595
8329.44	-0.4421879604816059
8331.11	-0.5403867604816058
8332.78	-0.8882520604816062
8334.45	-1.1640425604816058
8336.11	-1.269377760481606
8337.78	-1.1312794604816059
8339.45	-1.003232810481606
8341.12	-0.870512560481606
8342.78	-0.8801635604816059
8344.45	-0.939041780481606
8346.12	-0.9709188604816056
8347.79	-0.7694866604816057
8349.46	-0.39729586048160603
8351.12	0.011142539518393946
8352.79	0.22689743951839408
8354.46	0.28327223951839414
8356.13	0.24860993951839405
8357.8	0.23221493951839411
8359.46	0.06416873951839386
8361.13	-0.07043776048160581
8362.8	-0.3578623604816059
8364.47	-0.7442000604816059
8366.13	-1.0472295604816055
8367.8	-1.0949826604816058
8369.47	-1.027002660481606
8371.14	-0.7683210604816058
8372.81	-0.7179280604816058
8374.47	-0.5876408604816058
8376.14	-0.5297974604816058
8377.81	-0.27526606048160596
8379.48	0.030994839518394147
8381.15	0.4425562395183939
8382.81	0.586678139518394
8384.48	0.5370123595183942
8386.15	0.09961260951839412
8387.82	-0.3663383604816059
8389.49	-0.868798960481606
8391.15	-1.1086999604816057
8392.82	-1.3921780604816063
8394.49	-1.397888060481606
8396.16	-1.2412750604816059
8397.82	-0.8852428604816058
8399.49	-0.622213660481606
8401.16	-0.43254366048160603
8402.83	-0.46219246048160595
8404.5	-0.5591446604816058
8406.16	-0.894795914481606
8407.83	-0.9977190604816059
8409.5	-1.0422517604816062
8411.17	-0.7930279604816061
8412.84	-0.6677036604816058
8414.5	-0.5569895604816059
8416.17	-0.4882109604816057
8417.84	-0.3501004604816058
8419.51	-0.338232160481606
8421.18	-0.19395396048160596
8422.84	-0.14858146048160575
8424.51	-0.014572660481605947
8426.18	-0.17294626048160575
8427.85	-0.2594826604816058
8429.51	-0.41123716048160597
8431.18	-0.41641856048160575
8432.85	-0.353267180481606
8434.52	-0.11296231048160595
8436.19	-0.05757808048160577
8437.85	-0.04275480048160592
8439.52	-0.4287099604816058
8441.19	-0.7360652504816059
8442.86	-1.0671433604816059
8444.53	-1.0568267604816057
8446.19	-0.9666071604816058
8447.86	-0.6431914604816058
8449.53	-0.5557271604816058
8451.2	-0.45027056048160574
8452.87	-0.6211209304816057
8454.53	-0.7094983604816057
8456.2	-0.9453973604816059
8457.87	-0.8783240604816058
8459.54	-0.8631350604816059
8461.2	-0.7215870604816059
8462.87	-0.733873860481606
8464.54	-0.5124129054816059
8466.21	-0.42297936048160595
8467.88	-0.3680353204816062
8469.54	-0.5460993804816058
8471.21	-0.6178375604816058
8472.88	-0.8910737604816059
8474.55	-1.0547754604816058
8476.22	-1.316174560481606
8477.88	-1.2165326604816058
8479.55	-1.1128107604816058
8481.22	-0.9593054604816057
8482.89	-0.8794708604816058
8484.56	-0.7458995604816059
8486.22	-0.7461200604816056
8487.89	-0.6466157604816061
8489.56	-0.738125960481606
8491.23	-0.6338671604816059
8492.89	-0.6925505604816057
8494.56	-0.6768715604816059
8496.23	-0.6299254604816058
8497.9	-0.5967080604816061
8499.57	-0.723296060481606
8501.23	-0.8103100604816058
8502.9	-1.078630060481606
8504.57	-1.1000511604816061
8506.24	-1.126197060481606
8507.91	-0.9437907604816058
8509.57	-0.7847833704816058
8511.24	-0.6558292604816057
8512.91	-0.8019865604816061
8514.58	-0.8185699604816058
8516.25	-1.041472476481606
8517.91	-1.0686439604816063
8519.58	-1.190461560481606
8521.25	-1.281476480481606
8522.92	-1.4665157304816057
8524.58	-1.408918320481606
8526.25	-1.2945718604816059
8527.92	-0.8097610604816061
8529.59	-0.4370850604816058
8531.26	-0.003936060481605841
8532.92	0.18787593951839415
8534.59	0.17038693951839415
8536.26	-0.1549740604816058
8537.93	-0.46864416048160573
8539.6	-0.8160980604816059
8541.26	-0.9276140604816057
8542.93	-0.9380160604816059
8544.6	-0.669803060481606
8546.27	-0.38922906048160594
8547.93	-0.28063306048160597
8549.6	-0.429489060481606
8551.27	-0.5499900604816057
8552.94	-0.8297850604816059
8554.61	-0.9261910604816059
8556.27	-1.018406060481606
8557.94	-0.9142330604816058
8559.61	-0.715217060481606
8561.28	-0.48700956048160593
8562.95	-0.3382768604816058
8564.61	0.11646313951839402
8566.28	0.19456393951839407
8567.95	0.2873718395183943
8569.62	-0.04657256048160594
8571.29	-0.235449960481606
8572.95	-0.45089653048160594
8574.62	-0.5238394604816059
8576.29	-0.5536590604816058
8577.96	-0.367481060481606
8579.62	-0.40775476048160586
8581.29	-0.3941972704816058
8582.96	-0.676958160481606
8584.63	-0.7167602604816061
8586.3	-0.5437880804816059
8587.96	-0.41566544048160575
8589.63	-0.25984406048160585
8591.3	-0.1294024604816058
8592.97	-0.17295716048160595
8594.64	-0.25017206048160595
8596.3	-0.3883480604816058
8597.97	-0.5983029604816059
8599.64	-0.7305395604816058
8601.31	-0.9513054604816059
8602.98	-1.245110860481606
8604.64	-1.397183460481606
8606.31	-1.548203960481606
8607.98	-1.4623984604816058
8609.65	-1.4551084604816058
8611.31	-1.3386844604816062
8612.98	-1.2030770604816061
8614.65	-0.984043060481606
8616.32	-0.8972640604816059
8617.99	-0.682511960481606
8619.65	-0.6897987604816059
8621.32	-0.47550926048160597
8622.99	-0.49814916048160596
8624.66	-0.5166749604816059
8626.33	-0.6310639604816058
8627.99	-0.732301860481606
8629.66	-1.0654920604816058
8631.33	-1.223697060481606
8633.0	-1.314969860481606
8634.67	-1.2167263604816057
8636.33	-1.207471710481606
8638.0	-1.0352393604816057
8639.67	-0.9516241604816059
8641.34	-0.7655146604816061
8643.0	-0.6636796074816058
8644.67	-0.44432826048160595
8646.34	-0.3533871604816058
8648.01	-0.07491526048160609
8649.68	-0.2801694604816058
8651.34	-0.3157099604816058
8653.01	-0.4453165604816057
8654.68	-0.6380865604816057
8656.35	-0.9414625604816059
8658.02	-1.1053654604816054
8659.68	-1.600830960481606
8661.35	-1.5398690604816059
8663.02	-1.5425690604816058
8664.69	-1.154936060481606
8666.36	-0.6721626604816058
8668.02	-0.2662900604816061
8669.69	-0.23654416048160593
8671.36	-0.20396606048160573
8673.03	-0.49380006048160585
8674.69	-0.5719270604816061
8676.36	-0.6802530604816058
8678.03	-0.6590790604816062
8679.7	-0.6610002604816058
8681.37	-0.4782713604816059
8683.03	-0.4211336604816058
8684.7	-0.2681594604816057
8686.37	-0.22656606048160582
8688.04	-0.11958106048160592
8689.71	-0.19151366048160598
8691.37	-0.23563706048160596
8693.04	-0.4132838604816058
8694.71	-0.444614060481606
8696.38	-0.36800646048160573
8698.04	-0.03950956048160585
8699.71	0.10463593951839414
8701.38	0.24065131951839405
8703.05	-0.0659539604816061
8704.72	-0.4243520604816057
8706.38	-0.8507557604816057
8708.05	-0.958969760481606
8709.72	-0.8065785604816057
8711.39	-0.4505321104816059
8713.06	-0.37919286048160605
8714.72	-0.31234336048160577
8716.39	-0.6556541454216058
8718.06	-0.8187537604816058
8719.73	-1.026490760481606
8721.4	-0.9648745604816058
8723.06	-0.9200959247816061
8724.73	-0.9080840604816061
8726.4	-1.074461560481606
8728.07	-1.142671460481606
8729.73	-1.4549403504816059
8731.4	-1.5019147604816063
8733.07	-1.6945628804816057
8734.74	-1.4807900604816058
8736.41	-1.5153593604816056
8738.07	-1.3588952604816058
8739.74	-1.0130697604816061
8741.41	-0.7193651604816059
8743.08	-0.630426660481606
8744.75	-0.47027446048160587
8746.41	-0.5642748604816059
8748.08	-0.40615926048160594
8749.75	-0.3118985104816058
8751.42	-0.1246815604816059
8753.09	0.14377403951839418
8754.75	0.23032943951839419
8756.42	-0.13068906048160586
8758.09	-0.4428300604816058
8759.76	-0.809311430481606
8761.42	-1.062132660481606
8763.09	-1.0392929604816061
8764.76	-0.7268083604816058
8766.43	-0.49801986048160585
8768.1	-0.325659060481606
8769.76	-0.563608660481606
8771.43	-0.7798940604816058
8773.1	-1.1280330604816058
8774.77	-1.011246960481606
8776.44	-0.760854660481606
8778.1	-0.188932660481606
8779.77	0.1267118395183941
8781.44	0.09222443951839403
8783.11	-0.12607526048160586
8784.78	-0.3538056604816059
8786.44	-0.7368744604816058
8788.11	-0.6273090604816057
8789.78	-0.655922660481606
8791.45	-0.583090360481606
8793.11	-0.686601060481606
8794.78	-0.8028865604816058
8796.45	-0.8580397604816057
8798.12	-0.8998850104816059
8799.79	-1.022611860481606
8801.45	-0.9383594604816059
8803.12	-0.8783548604816058
8804.79	-0.596643860481606
8806.46	-0.377674960481606
8808.13	-0.042694560481605894
8809.79	0.18337963951839412
8811.46	0.3038814395183941
8813.13	0.1950631395183942
8814.8	0.10740412951839406
8816.47	-0.16145227048160585
8818.13	-0.316162700481606
8819.8	-0.5687402604816059
8821.47	-0.7454350604816058
8823.14	-1.0501170604816061
8824.8	-1.1583430604816056
8826.47	-1.3236586604816059
8828.14	-1.267319860481606
8829.81	-1.1116163604816058
8831.48	-0.7365796604816061
8833.14	-0.606528410481606
8834.81	-0.4705721604816059
8836.48	-0.699790260481606
8838.15	-0.8566234704816058
8839.82	-1.038387060481606
8841.48	-0.9866980604816058
8843.15	-0.9482475804816058
8844.82	-0.808642130481606
8846.49	-0.9049020604816059
8848.16	-0.896975060481606
8849.82	-0.9871420604816059
8851.49	-0.8245752604816061
8853.16	-0.6531200604816059
8854.83	-0.1866477604816057
8856.49	0.016925239518394176
8858.16	0.19912079951839418
8859.83	0.12327693951839383
8861.5	0.17553653951839393
8863.17	0.19040563951839423
8864.83	0.33124233951839405
8866.5	0.2937479395183941
8868.17	0.25479623951839414
8869.84	-0.13315436048160595
8871.51	-0.5152590604816059
8873.17	-0.909310260481606
8874.84	-0.8938870604816056
8876.51	-0.8442820604816058
8878.18	-0.6035180604816057
8879.84	-0.6454167604816059
8881.51	-0.7773560604816059
8883.18	-0.996170060481606
8884.85	-1.0648292604816056
8886.52	-1.221246060481606
8888.18	-1.0173940604816056
8889.85	-0.921875860481606
8891.52	-0.625754660481606
8893.19	-0.4530281604816057
8894.86	-0.23865386048160583
8896.52	-0.1922928604816058
8898.19	-0.0894377504816057
8899.86	-0.10026126048160595
8901.53	-0.17142156048160584
8903.2	-0.333695760481606
8904.86	-0.4050075604816059
8906.53	-0.528549660481606
8908.2	-0.5150146604816059
8909.87	-0.5378856604816059
8911.53	-0.5579952604816059
8913.2	-0.561495760481606
8914.87	-0.5910278604816058
8916.54	-0.7364421604816056
8918.21	-0.6763154604816057
8919.87	-0.691060160481606
8921.54	-0.6161952604816059
8923.21	-0.7952253604816056
8924.88	-1.060747360481606
8926.55	-1.3440979604816061
8928.21	-1.429946360481606
8929.88	-1.4645700604816059
8931.55	-1.192660060481606
8933.22	-0.923062060481606
8934.89	-0.5824480604816058
8936.55	-0.48333296048160596
8938.22	-0.618766590481606
8939.89	-0.7405001604816056
8941.56	-0.8407960604816058
8943.22	-0.9505764604816062
8944.89	-0.8401272604816061
8946.56	-0.7325953604816059
8948.23	-0.5688473604816057
8949.9	-0.6234782604816058
8951.56	-0.9070650604816057
8953.23	-1.1491220604816057
8954.9	-1.0897370604816061
8956.57	-1.076414960481606
8958.24	-0.7842774604816058
8959.9	-0.6929334004816059
8961.57	-0.5550999704816059
8963.24	-0.6070657604816059
8964.91	-0.6984149604816059
8966.58	-0.7300707604816059
8968.24	-0.540096690481606
8969.91	-0.563417860481606
8971.58	-0.5286078604816059
8973.25	-0.7796186604816058
8974.91	-0.8053807604816059
8976.58	-0.7865020604816059
8978.25	-0.6599861604816056
8979.92	-0.485017860481606
8981.59	-0.20554695048160596
8983.25	-0.24921226048160583
8984.92	-0.185877260481606
8986.59	-0.4285163604816059
8988.26	-0.45879826048160577
8989.93	-0.637637160481606
8991.59	-0.742663560481606
8993.26	-0.9335200604816059
8994.93	-0.938944060481606
8996.6	-0.9523000604816059
8998.27	-0.789441060481606
8999.93	-0.8524812604816059
9001.6	-0.7468807604816058
9003.27	-0.8218808604816058
9004.94	-0.8783465604816059
9006.6	-1.056574660481606
9008.27	-1.1549351604816058
9009.94	-1.2372680604816058
9011.61	-1.2017020604816058
9013.28	-1.3426237604816058
9014.94	-1.3938263604816061
9016.61	-1.5324723204816055
9018.28	-1.500947460481606
9019.95	-1.5996270904816057
9021.62	-1.341356060481606
9023.28	-1.168507160481606
9024.95	-0.8650640604816058
9026.62	-0.968418860481606
9028.29	-1.189473160481606
9029.96	-1.5967140604816057
9031.62	-1.7968875604816064
9033.29	-2.0061107604816057
9034.96	-1.892686560481606
9036.63	-1.9475316604816058
9038.29	-1.7825446604816062
9039.96	-1.8228522204816056
9041.63	-1.7659990604816058
9043.3	-1.684777560481606
9044.97	-1.497247060481606
9046.63	-1.464956760481606
9048.3	-1.3381598604816063
9049.97	-1.317524960481606
9051.64	-1.1598931604816058
9053.31	-1.1762765604816061
9054.97	-0.8667945604816059
9056.64	-0.7507864704816058
9058.31	-0.5246816604816059
9059.98	-0.4914156604816057
9061.64	-0.5148142604816058
9063.31	-0.7222956604816057
9064.98	-0.8015520604816058
9066.65	-1.0800822604816058
9068.32	-0.9091882604816057
9069.98	-0.920667260481606
9071.65	-0.8935586604816059
9073.32	-1.145869060481606
9074.99	-1.425924060481606
9076.66	-1.7556240604816058
9078.32	-1.689270660481606
9079.99	-1.528543060481606
9081.66	-1.1336300604816056
9083.33	-0.9484230604816059
9085.0	-0.759122060481606
9086.66	-0.8324060604816059
9088.33	-0.9084683604816058
9090.0	-0.9822129604816059
9091.67	-0.8321896604816059
9093.33	-0.813940260481606
9095.0	-0.7029482604816055
9096.67	-0.6965831604816058
9098.34	-0.43120496048160584
9100.01	-0.2955007604816059
9101.67	-0.1361516404816058
9103.34	-0.11394166048160581
9105.01	-0.10600996048160587
9106.68	-0.303019460481606
9108.35	-0.2722826604816058
9110.01	-0.4377913604816059
9111.68	-0.34517642048160574
9113.35	-0.6262666604816058
9115.02	-0.992606060481606
9116.69	-1.4677010604816056
9118.35	-1.8073190604816056
9120.02	-2.014155060481606
9121.69	-1.7951270604816059
9123.36	-1.5006528604816058
9125.02	-1.0670231604816063
9126.69	-0.8342074604816059
9128.36	-0.6748342604816057
9130.03	-0.8099108604816057
9131.7	-1.0876795204816057
9133.36	-1.5540220704816057
9135.03	-1.8051405604816062
9136.7	-1.9156907604816062
9138.37	-1.712450360481606
9140.04	-1.5272867604816056
9141.7	-1.2247815604816061
9143.37	-1.1349404604816058
9145.04	-0.9183189604816058
9146.71	-0.910951160481606
9148.38	-0.5697380604816059
9150.04	-0.4680386604816061
9151.71	-0.47700106048160595
9153.38	-0.7899115438816059
9155.05	-0.9611193604816058
9156.71	-1.2344760604816059
9158.38	-1.2487650604816056
9160.05	-1.2320530604816056
9161.72	-1.181681060481606
9163.39	-1.125774060481606
9165.05	-0.9116486604816059
9166.72	-0.7639424604816056
9168.39	-0.14577446048160572
9170.06	0.1522519395183941
9171.73	0.24668173951839406
9173.39	0.1586536395183939
9175.06	-0.294966960481606
9176.73	-0.9446275604816059
9178.4	-1.359369060481606
9180.07	-1.6706024604816059
9181.73	-1.445829760481606
9183.4	-1.2732520604816058
9185.07	-1.018261560481606
9186.74	-0.849385060481606
9188.4	-0.7828137604816059
9190.07	-1.0363237604816058
9191.74	-1.058773060481606
9193.41	-1.1713880604816058
9195.08	-1.222425660481606
9196.74	-1.2616767604816057
9198.41	-1.3313024604816057
9200.08	-1.490970250481606
9201.75	-1.2957558604816062
9203.42	-1.3961249604816057
9205.08	-1.0985108604816056
9206.75	-0.852165760481606
9208.42	-0.5689670604816058
9210.09	-0.35035906048160587
9211.76	-0.15022506048160594
9213.42	-0.34533606048160587
9215.09	-0.3942301604816059
9216.76	-0.5989492604816059
9218.43	-0.627664360481606
9220.09	-0.6366029604816059
9221.76	-0.4634923604816059
9223.43	-0.5224489604816058
9225.1	-0.4473150604816061
9226.77	-0.404765360481606
9228.43	-0.32679876048160594
9230.1	-0.162059360481606
9231.77	0.08545183951839404
9233.44	0.2190719395183943
9235.11	0.325765939518394
9236.77	0.2049089395183942
9238.44	0.19986393951839396
9240.11	0.21665499951839404
9241.78	0.12445193951839398
9243.44	-0.10320066048160607
9245.11	-0.3454522604816058
9246.78	-0.7588829604816059
9248.45	-1.1209298604816058
9250.12	-1.3546781604816058
9251.78	-1.2124590604816057
9253.45	-0.875908060481606
9255.12	-0.5486420604816058
9256.79	-0.3979320604816059
9258.46	-0.3957151604816057
9260.12	-0.6600752604816059
9261.79	-0.8763014604816057
9263.46	-1.1460490604816063
9265.13	-1.2399290604816058
9266.8	-1.321806560481606
9268.46	-1.3149840604816059
9270.13	-1.2499250604816057
9271.8	-1.0166790604816058
9273.47	-0.887787760481606
9275.13	-0.6951610604816059
9276.8	-0.836624760481606
9278.47	-0.8253680604816058
9280.14	-0.9237331604816059
9281.81	-0.6915665604816058
9283.47	-0.4239881604816061
9285.14	0.029439139518394032
9286.81	0.28420325951839426
9288.48	0.27168603951839404
9290.15	0.00650283951839401
9291.81	-0.027072060481605886
9293.48	-0.15482646048160595
9295.15	-0.13713386048160597
9296.82	-0.28878616048160577
9298.49	-0.5249720604816057
9300.15	-0.754574560481606
9301.82	-0.979893760481606
9303.49	-1.1102486604816062
9305.16	-1.067577160481606
9306.82	-1.0859659604816059
9308.49	-1.114539960481606
9310.16	-1.143680370481606
9311.83	-1.0472528604816058
9313.5	-0.8015316604816061
9315.16	-0.5963184604816059
9316.83	-0.4040080604816058
9318.5	-0.21091006048160574
9320.17	-0.2798370604816057
9321.84	-0.3249740604816059
9323.5	-0.5725077604816059
9325.17	-0.8473291604816058
9326.84	-1.310944060481606
9328.51	-1.6668990604816059
9330.18	-1.9641520604816058
9331.84	-1.884386340481606
9333.51	-1.8801402604816055
9335.18	-1.6255460604816054
9336.85	-1.458154060481606
9338.51	-1.3016295604816057
9340.18	-1.3209547604816059
9341.85	-1.2988560604816062
9343.52	-1.537086060481606
9345.19	-1.6399980604816062
9346.85	-1.773213060481606
9348.52	-1.671683060481606
9350.19	-1.4482847604816058
9351.86	-1.1368955604816058
9353.53	-0.9640928604816057
9355.19	-0.6050780604816058
9356.86	-0.691509060481606
9358.53	-0.709746060481606
9360.2	-0.7125162604816059
9361.87	-0.664877560481606
9363.53	-0.7555550604816059
9365.2	-0.8359390604816059
9366.87	-1.1761666604816057
9368.54	-1.216858760481606
9370.2	-1.465050060481606
9371.87	-1.5192157604816057
9373.54	-1.421101960481606
9375.21	-1.2713461604816056
9376.88	-1.300612760481606
9378.54	-1.361133660481606
9380.21	-1.446043260481606
9381.88	-1.295160060481606
9383.55	-1.1103140604816055
9385.22	-0.826443660481606
9386.88	-0.6126914604816058
9388.55	-0.26008916048160585
9390.22	-0.3569613604816058
9391.89	-0.6075250604816059
9393.56	-0.9950950604816058
9395.22	-1.2382440604816058
9396.89	-1.6841684604816058
9398.56	-1.703781060481606
9400.23	-1.716109060481606
9401.89	-1.2697570604816062
9403.56	-0.9665761604816059
9405.23	-0.5655370604816058
9406.9	-0.324350060481606
9408.57	0.07844823951839426
9410.23	0.31424493951839405
9411.9	0.5024407395183943
9413.57	0.4030674395183941
9415.24	0.335294539518394
9416.91	-0.23846826048160602
9418.57	-0.6615490604816059
9420.24	-1.057496540481606
9421.91	-1.260688560481606
9423.58	-1.2580652604816063
9425.24	-1.068491160481606
9426.91	-1.1478210604816057
9428.58	-0.9967372604816059
9430.25	-1.011145060481606
9431.92	-0.885914060481606
9433.58	-0.9738280604816059
9435.25	-1.016528060481606
9436.92	-1.352305060481606
9438.59	-1.521284060481606
9440.26	-1.7558260604816058
9441.92	-1.6354950604816056
9443.59	-1.352506960481606
9445.26	-0.8409570604816057
9446.93	-0.5850697604816059
9448.6	-0.24312336048160593
9450.26	-0.2265754604816057
9451.93	-0.302064460481606
9453.6	-0.5442349604816059
9455.27	-0.8545209604816059
9456.93	-1.123811760481606
9458.6	-1.234850060481606
9460.27	-1.3969310604816059
9461.94	-1.329314660481606
9463.61	-1.4626982924816059
9465.27	-1.463725960481606
9466.94	-1.535807960481606
9468.61	-1.5512483604816059
9470.28	-1.359193560481606
9471.95	-1.044458560481606
9473.61	-0.843610560481606
9475.28	-0.6564310604816058
9476.95	-0.9042160604816061
9478.62	-0.8132071604816058
9480.29	-0.8276404604816058
9481.95	-0.7448488604816059
9483.62	-0.4782128604816057
9485.29	-0.1469040604816059
9486.96	0.03440093951839389
9488.62	0.17824093951839412
9490.29	-0.16226406048160588
9491.96	-0.2192756604816058
9493.63	-0.571644260481606
9495.3	-0.7985589604816059
9496.96	-0.8857585604816058
9498.63	-0.7522266604816057
9500.3	-0.6920106604816059
9501.97	-0.49047116048160594
9503.64	-0.549268060481606
9505.3	-0.5410735604816062
9506.97	-0.8537246604816058
9508.64	-1.171532360481606
9510.31	-1.5202004604816057
9511.98	-1.5391795604816056
9513.64	-1.640917060481606
9515.31	-1.561626060481606
9516.98	-1.5440290604816056
9518.65	-1.5337550604816061
9520.31	-1.6571150604816058
9521.98	-1.677260060481606
9523.65	-1.6815720604816058
9525.32	-1.3609310604816058
9526.99	-1.009115460481606
9528.65	-0.4513080604816059
9530.32	-0.11431214048160587
9531.99	0.1814227395183942
9533.66	0.11610913951839405
9535.33	-0.07374716048160587
9536.99	-0.35588787048160586
9538.66	-0.2639387604816058
9540.33	-0.14821576048160576
9542.0	0.08645843951839431
9543.67	0.17662053951839427
9545.33	0.02052633951839411
9547.0	-0.35946786048160595
9548.67	-0.6289740604816059
9550.34	-0.949655790481606
9552.0	-1.009119810481606
9553.67	-1.1534142604816062
9555.34	-1.252949260481606
9557.01	-1.294560460481606
9558.68	-1.117258960481606
9560.34	-0.8677959104816058
9562.01	-0.4470890604816059
9563.68	-0.08281055048160572
9565.35	0.10667633951839402
9567.02	-0.05622706048160582
9568.68	-0.2729470604816058
9570.35	-0.6574108604816059
9572.02	-0.7183617604816057
9573.69	-0.8064570604816058
9575.35	-0.8614692604816057
9577.02	-1.167383060481606
9578.69	-1.579269060481606
9580.36	-1.9964550604816054
9582.03	-2.123675060481606
9583.69	-2.121948460481606
9585.36	-1.6601712604816057
9587.03	-1.4077573604816058
9588.7	-1.1413131604816058
9590.37	-1.3059922604816059
9592.03	-1.372735460481606
9593.7	-1.357831060481606
9595.37	-1.2807260604816062
9597.04	-1.1708170604816057
9598.71	-1.025518060481606
9600.37	-1.0040270604816057
9602.04	-0.8718104604816059
9603.71	-0.8958605604816061
9605.38	-0.8472510604816058
9607.04	-0.9011560604816058
9608.71	-1.229867060481606
9610.38	-1.4994473604816059
9612.05	-1.6504550604816057
9613.72	-1.6857750604816057
9615.38	-1.3318530604816063
9617.05	-0.908734060481606
9618.72	-0.7085050604816061
9620.39	-0.7891090604816058
9622.06	-0.8793980604816058
9623.72	-1.063743560481606
9625.39	-1.0137074604816056
9627.06	-1.0879180604816057
9628.73	-1.0154313604816059
9630.4	-1.131136040481606
9632.06	-1.0974310604816058
9633.73	-0.9122533604816059
9635.4	-0.33916826048160575
9637.07	0.17863053951839417
9638.73	0.42109113951839416
9640.4	0.19773943951839423
9642.07	0.10079433951839409
9643.74	-0.30774506048160594
9645.41	-0.5623470604816059
9647.07	-0.5382765334816059
9648.74	-0.611999360481606
9650.41	-0.7671317604816057
9652.08	-0.881117460481606
9653.75	-1.111303060481606
9655.41	-0.9523740604816059
9657.08	-0.9639760004816061
9658.75	-1.000637160481606
9660.42	-0.8408064904816062
9662.09	-0.6612353604816059
9663.75	-0.36646636048160597
9665.42	-0.1076244604816059
9667.09	-0.00034746048160605447
9668.76	0.1380570295183941
9670.42	-0.28285616048160583
9672.09	-0.6694194604816057
9673.76	-1.0898822004816053
9675.43	-1.5004545604816057
9677.1	-1.666946960481606
9678.76	-1.5539251604816062
9680.43	-1.137654360481606
9682.1	-0.3976991604816059
9683.77	0.09502373951839416
9685.44	0.5263180395183941
9687.1	0.5480595395183941
9688.77	0.37656993951839407
9690.44	-0.037789660481605925
9692.11	-0.5207225604816059
9693.78	-1.068201660481606
9695.44	-1.5913391604816058
9697.11	-1.940270060481606
9698.78	-1.9310660604816061
9700.45	-1.7904500604816058
9702.11	-1.2909250604816058
9703.78	-0.9534300604816058
9705.45	-0.6328711604816061
9707.12	-0.6203674504816058
9708.79	-0.7810761504816058
9710.45	-0.9473444604816056
9712.12	-0.9179838604816059
9713.79	-1.062457760481606
9715.46	-0.8166232604816056
9717.13	-0.9183635604816057
9718.79	-0.8549280604816059
9720.46	-1.049257160481606
9722.13	-1.227657260481606
9723.8	-1.355045060481606
9725.47	-1.2156910604816056
9727.13	-1.223986060481606
9728.8	-0.804513860481606
9730.47	-1.0275849604816059
9732.14	-0.8985645604816057
9733.8	-1.1122940604816058
9735.47	-1.1958154604816058
9737.14	-1.2781702604816056
9738.81	-1.2784096604816058
9740.48	-1.5715390604816062
9742.14	-1.4935270604816062
9743.81	-1.746623560481606
9745.48	-1.6967178104816056
9747.15	-1.6493917604816062
9748.82	-1.5940460604816056
9750.48	-1.697204560481606
9752.15	-1.792123060481606
9753.82	-1.8240640604816059
9755.49	-1.7575371604816055
9757.15	-1.4131761604816055
9758.82	-1.0676821604816058
9760.49	-0.7140966604816059
9762.16	-0.45296306048160606
9763.83	-0.4998693604816059
9765.49	-0.759122460481606
9767.16	-0.9732610604816061
9768.83	-1.029835260481606
9770.5	-1.0748233604816058
9772.17	-0.8999779604816058
9773.83	-0.7934486604816061
9775.5	-0.6918272604816057
9777.17	-0.9067575604816056
9778.84	-1.0788885604816056
9780.51	-1.329506060481606
9782.17	-1.1539720604816057
9783.84	-1.248291060481606
9785.51	-1.155197060481606
9787.18	-1.1574730604816061
9788.84	-1.3422480604816058
9790.51	-1.7110280604816057
9792.18	-1.896681660481606
9793.85	-2.1199281604816056
9795.52	-2.0007009604816064
9797.18	-2.0697863604816056
9798.85	-1.9660064604816057
9800.52	-2.031564060481606
9802.19	-2.066478560481606
9803.86	-1.890231660481606
9805.52	-1.5632740604816058
9807.19	-1.0234900604816057
9808.86	-0.6006321604816057
9810.53	-0.4978762604816058
9812.2	-0.48215207048160585
9813.86	-0.8998530604816057
9815.53	-1.280878560481606
9817.2	-1.4828235604816058
9818.87	-1.7519490604816057
9820.53	-1.6830696604816062
9822.2	-1.385189647481606
9823.87	-1.2739263604816062
9825.54	-0.9638770604816058
9827.21	-0.9934390604816059
9828.87	-1.045383180481606
9830.54	-1.1319757004816058
9832.21	-1.069131660481606
9833.88	-1.1240721604816062
9835.55	-0.8754340604816058
9837.21	-0.7634171604816059
9838.88	-0.43360886048160585
9840.55	-0.26910220048160605
9842.22	-0.08879856048160599
9843.89	-0.1740996604816059
9845.55	-0.1549044604816059
9847.22	-0.28453306048160576
9848.89	-0.38034356048160595
9850.56	-0.3245656604816058
9852.22	-0.17507706048160593
9853.89	-0.13882036048160556
9855.56	-0.14828916048160593
9857.23	-0.2878638604816059
9858.9	-0.3188595604816059
9860.56	-0.43190456048160586
9862.23	-0.5083481604816059
9863.9	-0.8556906604816057
9865.57	-1.032940060481606
9867.24	-1.2174120604816057
9868.9	-1.322133060481606
9870.57	-1.3228480604816057
9872.24	-1.209980360481606
9873.91	-1.229181970481606
9875.58	-1.0942423604816056
9877.24	-1.433883060481606
9878.91	-1.5869230604816056
9880.58	-1.7935300604816056
9882.25	-1.829754460481606
9883.91	-1.6980689604816057
9885.58	-1.5240395604816057
9887.25	-1.348594320481606
9888.92	-0.9585109504816061
9890.59	-0.9354060504816057
9892.25	-0.719563060481606
9893.92	-0.831389460481606
9895.59	-0.9131024804816057
9897.26	-1.0096557804816062
9898.93	-1.0235947604816058
9900.59	-1.134679660481606
9902.26	-0.8259679704816059
9903.93	-0.6620984604816058
9905.6	-0.2592525604816058
9907.27	0.012788939518394082
9908.93	0.11210253951839393
9910.6	-0.05769026048160586
9912.27	-0.15748326048160605
9913.94	-0.6047060604816059
9915.6	-0.762419060481606
9917.27	-0.7402410604816059
9918.94	-0.4792320604816059
9920.61	-0.329409360481606
9922.28	-0.40467666048160594
9923.94	-0.9994365704816058
9925.61	-1.523808760481606
9927.28	-2.197755060481606
9928.95	-2.4540480604816057
9930.62	-2.333030060481606
9932.28	-1.7567190604816054
9933.95	-1.332794060481606
9935.62	-0.7846691604816057
9937.29	-0.669422360481606
9938.95	-0.5275451604816059
9940.62	-0.5450420604816059
9942.29	-0.4716543604816058
9943.96	-0.5207403604816059
9945.63	-0.38916866048160587
9947.29	-0.4810506604816056
9948.96	-0.467162360481606
9950.63	-0.5578712604816058
9952.3	-0.591080060481606
9953.97	-0.6845520604816059
9955.63	-0.653073060481606
9957.3	-0.8184620604816057
9958.97	-0.772191060481606
9960.64	-0.8535396604816061
9962.31	-0.6633921004816061
9963.97	-0.5899393604816059
9965.64	-0.3499941604816058
9967.31	-0.264575060481606
9968.98	-0.19196906048160575
9970.64	-0.3499458604816059
9972.31	-0.23377806048160563
9973.98	-0.3204590604816061
9975.65	-0.18093686048160587
9977.32	-0.32656776048160596
9978.98	-0.2993053604816059
9980.65	-0.4385906604816059
9982.32	-0.6716243604816057
9983.99	-0.8307114604816063
9985.66	-0.8576934404816059
9987.32	-0.9214222604816058
9988.99	-0.818581560481606
9990.66	-0.9905006604816059
9992.33	-0.896108160481606
9994.0	-0.9087333604816059
9995.66	-1.0391441604816058
9997.33	-1.165001960481606
9999.0	-1.2592377604816059
10000.7	-1.5321230604816058
10002.3	-1.527909060481606
10004.0	-1.6614770604816063
10005.7	-1.5273470604816057
10007.3	-1.288456060481606
10009.0	-0.9903480604816061
10010.7	-0.8469260604816057
10012.3	-0.7004488604816059
10014.0	-0.7641560604816059
10015.7	-0.808855060481606
10017.3	-0.8805860604816061
10019.0	-0.9212590604816061
10020.7	-0.9179260604816057
10022.3	-0.7224490604816057
10024.0	-0.7423140604816059
10025.7	-0.803193060481606
10027.4	-1.0899027604816058
10029.0	-1.4085898604816058
10030.7	-1.666549660481606
10032.4	-1.5676135604816057
10034.0	-1.338948060481606
10035.7	-1.0274740604816057
10037.4	-0.9900533604816057
10039.0	-1.105524060481606
10040.7	-1.3475520604816058
10042.4	-1.4710428604816057
10044.0	-1.4236527604816058
10045.7	-1.2581008604816057
10047.4	-1.054119060481606
10049.0	-1.0434140604816062
10050.7	-1.268933060481606
10052.4	-1.3548840604816061
10054.0	-1.4766596604816058
10055.7	-1.522835960481606
10057.4	-1.6080920604816058
10059.0	-1.734316060481606
10060.7	-1.8715460604816054
10062.4	-1.9974970604816058
10064.0	-2.119992060481606
10065.7	-2.052476060481606
10067.4	-1.8032121604816058
10069.1	-1.559068060481606
10070.7	-1.4574370604816058
10072.4	-1.3067790604816059
10074.1	-1.3877890604816059
10075.7	-1.4345215204816057
10077.4	-1.3309356104816061
10079.1	-1.2500600604816061
10080.7	-0.942177960481606
10082.4	-0.6355159604816059
10084.1	-0.7180235604816056
10085.7	-0.7685332904816058
10087.4	-1.3717973604816058
10089.1	-1.7054884604816056
10090.7	-2.086373560481606
10092.4	-2.0622045604816064
10094.1	-1.7920604604816055
10095.7	-1.2369936704816058
10097.4	-0.8310990604816059
10099.1	-0.441686260481606
10100.7	-0.6933593604816058
10102.4	-0.891821360481606
10104.1	-1.0503800604816058
10105.7	-0.8607600604816057
10107.4	-0.34831556048160595
10109.1	0.33985828951839403
10110.7	0.7164789595183942
10112.4	0.8176789395183942
10114.1	0.3557705395183942
10115.8	-0.270812560481606
10117.4	-0.8365040604816061
10119.1	-1.1420920604816058
10120.8	-1.2958230604816063
10122.4	-1.2526771604816058
10124.1	-1.2293551604816062
10125.8	-0.9519099604816059
10127.4	-0.6744745604816059
10129.1	-0.23548806048160587
10130.8	-0.16393281048160593
10132.4	-0.12894096048160608
10134.1	-0.19110486048160577
10135.8	-0.35128476048160595
10137.4	-0.7040006604816058
10139.1	-0.8897129604816059
10140.8	-1.305390060481606
10142.4	-1.3526550604816059
10144.1	-1.4172020604816058
10145.8	-1.258594060481606
10147.4	-1.032733360481606
10149.1	-0.7312114604816057
10150.8	-0.9463450604816058
10152.4	-0.915921660481606
10154.1	-1.208446560481606
10155.8	-1.2123949604816058
10157.4	-1.2455962604816058
10159.1	-0.819705660481606
10160.8	-0.7238832604816059
10162.5	-0.4235960604816059
10164.1	-0.4055260604816059
10165.8	-0.25466406048160606
10167.5	-0.37905106048160586
10169.1	-0.3413168604816061
10170.8	-0.753865060481606
10172.5	-0.7887892604816059
10174.1	-1.113444260481606
10175.8	-1.334631160481606
10177.5	-1.5179693904816058
10179.1	-1.1810232604816058
10180.8	-1.1778526604816058
10182.5	-0.901463460481606
10184.1	-1.017849160481606
10185.8	-1.099308960481606
10187.5	-1.3415286604816057
10189.1	-1.1784082404816059
10190.8	-1.110846560481606
10192.5	-0.38535716048160584
10194.1	-0.19904766048160596
10195.8	-0.041290060481605995
10197.5	-0.11617506048160572
10199.1	-0.271782460481606
10200.8	-0.5689694604816058
10202.5	-0.5128744604816059
10204.1	-0.6376010604816058
10205.8	-0.5153381604816059
10207.5	-0.502591324481606
10209.2	-0.365434660481606
10210.8	-0.31396446048160587
10212.5	-0.41232556048160607
10214.2	-0.9389730604816059
10215.8	-1.217786060481606
10217.5	-1.4661960604816058
10219.2	-1.445579060481606
10220.8	-1.361882990481606
10222.5	-1.0814760604816058
10224.2	-1.125238060481606
10225.8	-1.2076740604816063
10227.5	-1.6768618604816061
10229.2	-1.7691926604816062
10230.8	-2.083697260481606
10232.5	-2.1683420604816055
10234.2	-2.107369060481606
10235.8	-1.7410480604816059
10237.5	-1.308067960481606
10239.2	-0.6752766604816058
10240.8	-0.4749723604816058
10242.5	-0.09233366048160589
10244.2	-0.15493456048160575
10245.8	-0.06259466048160592
10247.5	-0.20288206048160595
10249.2	-0.31835746048160596
10250.9	-0.6929850604816059
10252.5	-0.8206088604816058
10254.2	-0.9255442604816058
10255.9	-0.661324260481606
10257.5	-0.6394486604816059
10259.2	-0.3924316604816059
10260.9	-0.445630600481606
10262.5	-0.6363246604816059
10264.2	-0.8537738604816058
10265.9	-1.1643509604816058
10267.5	-1.4600880604816058
10269.2	-1.6504760704816057
10270.9	-1.8722724604816061
10272.5	-1.779897060481606
10274.2	-1.3903392304816058
10275.9	-0.9145284604816059
10277.5	-0.457931060481606
10279.2	-0.372053060481606
10280.9	-0.437595660481606
10282.5	-0.6742540604816059
10284.2	-1.076033560481606
10285.9	-1.190149760481606
10287.5	-1.364443870481606
10289.2	-1.3311779604816056
10290.9	-1.4358420604816058
10292.5	-1.4587392604816056
10294.2	-1.4474686604816056
10295.9	-1.2977560404816058
10297.6	-1.336569760481606
10299.2	-1.373971870481606
10300.9	-1.528181760481606
10302.6	-1.499134460481606
10304.2	-1.588765060481606
10305.9	-1.215413210481606
10307.6	-0.848410060481606
10309.2	-0.44155196048160583
10310.9	-0.07513816048160579
10312.6	-0.1607928604816058
10314.2	-0.334492070481606
10315.9	-0.688696260481606
10317.6	-1.189372060481606
10319.2	-1.486884060481606
10320.9	-1.6856641604816058
10322.6	-1.620457260481606
10324.2	-1.182203260481606
10325.9	-0.8038475104816062
10327.6	-0.6918969504816059
10329.2	-0.7421465404816059
10330.9	-1.0366483704816054
10332.6	-1.352635760481606
10334.2	-1.491914960481606
10335.9	-1.335998060481606
10337.6	-1.073229260481606
10339.2	-0.623951750481606
10340.9	-0.5083717604816058
10342.6	-0.45379836048160593
10344.3	-0.508274060481606
10345.9	-0.5057820604816058
10347.6	-0.6287430604816058
10349.3	-0.516728460481606
10350.9	-0.439179060481606
10352.6	-0.41364556048160595
10354.3	-0.45720316048160586
10355.9	-0.6920587604816058
10357.6	-1.234596160481606
10359.3	-1.3572708604816057
10360.9	-1.593102060481606
10362.6	-1.4183083604816058
10364.3	-1.181081860481606
10365.9	-1.0741417604816061
10367.6	-1.0983095204816056
10369.3	-1.0321275604816058
10370.9	-1.1295350604816057
10372.6	-0.8091730604816059
10374.3	-0.7642760404816057
10375.9	-0.45405806048160596
10377.6	-0.45114306048160574
10379.3	-0.36163646048160586
10380.9	-0.584875860481606
10382.6	-0.6788409604816058
10384.3	-1.0469790604816058
10385.9	-0.927364160481606
10387.6	-1.0272060604816056
10389.3	-0.634661060481606
10391.0	-0.4631890604816057
10392.6	-0.24521236048160597
10394.3	-0.41915022048160583
10396.0	-0.6038531604816059
10397.6	-0.9137521604816058
10399.3	-0.7385450604816057
10401.0	-0.7505053004816062
10402.6	-0.6928523604816059
10404.3	-0.9272723404816059
10406.0	-1.175883660481606
10407.6	-1.5229064604816056
10409.3	-1.6729395604816055
10411.0	-1.9093183604816062
10412.6	-1.6173939604816059
10414.3	-1.5556750604816059
10416.0	-1.2983910604816056
10417.6	-1.2617631904816058
10419.3	-1.3091856604816061
10421.0	-1.4726459604816058
10422.6	-1.573703160481606
10424.3	-2.038698060481606
10426.0	-2.0508790604816065
10427.6	-2.2403100604816055
10429.3	-1.9256980604816056
10431.0	-1.5588950604816056
10432.7	-1.1499053604816059
10434.3	-0.7343650604816058
10436.0	-0.5021620604816059
10437.7	-0.6022470604816059
10439.3	-0.4960510604816058
10441.0	-0.4541730604816058
10442.7	-0.05159866048160592
10444.3	0.27878963951839425
10446.0	0.619266239518394
10447.7	0.6780417395183942
10449.3	0.5400172695183941
10451.0	0.012859939518394193
10452.7	-0.3638310604816058
10454.3	-0.778519060481606
10456.0	-0.9489120604816057
10457.7	-1.0037104604816058
10459.3	-1.0261560604816062
10461.0	-1.2900890604816062
10462.7	-1.4096477604816058
10464.3	-1.9180527604816056
10466.0	-2.157149060481606
10467.7	-2.0722380604816055
10469.3	-1.993612060481606
10471.0	-1.8329763604816063
10472.7	-1.786190260481606
10474.3	-2.144968840481606
10476.0	-2.529408460481606
10477.7	-2.9144944604816057
10479.4	-3.301690260481606
10481.0	-3.055445360481606
10482.7	-2.683868060481606
10484.4	-2.2726900604816054
10486.0	-1.8945953604816057
10487.7	-1.6175980604816058
10489.4	-1.4985400604816057
10491.0	-1.2605060604816056
10492.7	-1.0941386604816064
10494.4	-0.822067660481606
10496.0	-0.645841260481606
10497.7	-0.8552165604816061
10499.4	-1.167999060481606
10501.0	-1.539353660481606
10502.7	-1.7262760604816059
10504.4	-1.575454060481606
10506.0	-1.280171060481606
10507.7	-1.0313388604816058
10509.4	-0.7923560604816061
10511.0	-1.0515610704816059
10512.7	-1.275179829481606
10514.4	-1.3960599304816061
10516.0	-1.2851687604816058
10517.7	-0.8896600604816058
10519.4	-0.10943106048160581
10521.0	0.44271793951839394
10522.7	0.749201939518394
10524.4	0.5202409395183941
10526.1	-0.09363706048160592
10527.7	-1.1574676604816059
10529.4	-2.030055060481606
10531.1	-2.790266060481606
10532.7	-2.8006250604816065
10534.4	-2.4707120604816066
10536.1	-1.9924070604816062
10537.7	-1.5837298604816064
10539.4	-1.3200483604816058
10541.1	-1.3891501604816057
10542.7	-1.424180160481606
10544.4	-1.576298360481606
10546.1	-1.162256460481606
10547.7	-0.722020760481606
10549.4	-0.20536346048160609
10551.1	0.13101683951839405
10552.7	0.11361493951839408
10554.4	-0.21076106048160584
10556.1	-0.679360060481606
10557.7	-1.2577980604816057
10559.4	-1.394978060481606
10561.1	-1.507058060481606
10562.7	-1.533724360481606
10564.4	-1.5958811604816059
10566.1	-1.4572730604816058
10567.7	-1.3490937604816058
10569.4	-1.2512487604816063
10571.1	-1.3795415604816061
10572.8	-1.496566360481606
10574.4	-1.817229960481606
10576.1	-2.0960580604816057
10577.8	-2.277672060481606
10579.4	-1.9511070604816059
10581.1	-1.6938152604816055
10582.8	-1.3676410604816056
10584.4	-1.363184060481606
10586.1	-1.267652160481606
10587.8	-1.111899060481606
10589.4	-1.0990666604816057
10591.1	-0.9746396604816059
10592.8	-0.5919267604816061
10594.4	-0.46700706048160595
10596.1	-0.24648456048160589
10597.8	-0.3466290204816057
10599.4	-0.3777452604816058
10601.1	-0.42139326048160586
10602.8	-0.8416034604816056
10604.4	-1.1861667304816057
10606.1	-1.4065418604816058
10607.8	-1.9139260904816058
10609.4	-1.8770812604816058
10611.1	-1.9432340604816059
10612.8	-1.5271400604816059
10614.5	-1.282069560481606
10616.1	-1.183612960481606
10617.8	-1.2830604604816058
10619.5	-1.2918420604816059
10621.1	-1.6656330604816059
10622.8	-1.8163403604816062
10624.5	-2.0833202604816057
10626.1	-1.9791574604816062
10627.8	-1.8353592604816058
10629.5	-1.2962480604816058
10631.1	-0.7464798604816059
10632.8	0.038440939518394224
10634.5	0.29772203951839427
10636.1	0.387908739518394
10637.8	0.06600353951839404
10639.5	-0.22312476048160573
10641.1	-0.490961660481606
10642.8	-0.4714385604816059
10644.5	-0.472064260481606
10646.1	-0.1286355604816059
10647.8	-0.2638859604816058
10649.5	-0.23902386048160595
10651.1	-0.6482290604816059
10652.8	-0.9888880604816059
10654.5	-1.4520618604816058
10656.1	-1.7886630604816058
10657.8	-1.961494060481606
10659.5	-1.9301770604816055
10661.2	-1.9699830604816053
10662.8	-1.6070340604816056
10664.5	-1.376769060481606
10666.2	-0.9821700604816058
10667.8	-0.5659027604816058
10669.5	-0.42854206048160604
10671.2	-0.4768126604816061
10672.8	-0.7197769604816058
10674.5	-1.1411158604816058
10676.2	-1.4437851604816057
10677.8	-1.6342844604816058
10679.5	-1.5759035804816057
10681.2	-1.571509160481606
10682.8	-1.4664688604816056
10684.5	-1.5880187604816058
10686.2	-1.7357353304816059
10687.8	-1.7559399604816062
10689.5	-1.5030620604816065
10691.2	-1.3209390604816054
10692.8	-0.9140397604816055
10694.5	-0.7934873604816058
10696.2	-0.7837232604816059
10697.8	-0.8795531604816059
10699.5	-0.9404514604816059
10701.2	-0.9479015604816059
10702.8	-0.8162975604816062
10704.5	-0.816926060481606
10706.2	-0.6977870604816058
10707.9	-0.4835511604816059
10709.5	-0.09625106048160585
10711.2	0.25487503951839396
10712.9	0.5478491395183942
10714.5	0.8299124395183941
10716.2	0.9103746395183944
10717.9	0.7813327395183938
10719.5	0.6818054395183941
10721.2	0.6178129395183939
10722.9	0.3922111395183941
10724.5	0.14090343951839418
10726.2	-0.38567105048160577
10727.9	-0.6943530604816057
10729.5	-1.0635295604816057
10731.2	-1.275587660481606
10732.9	-1.2755430604816058
10734.5	-1.3230290604816062
10736.2	-1.413684060481606
10737.9	-1.465166060481606
10739.5	-1.7463771204816059
10741.2	-1.8234555604816058
10742.9	-1.8526715604816062
10744.5	-1.9002882604816058
10746.2	-1.657729060481606
10747.9	-1.654136860481606
10749.5	-1.659320360481606
10751.2	-1.7228822604816059
10752.9	-1.5167880604816057
10754.6	-1.2715710604816057
10756.2	-0.7339676604816061
10757.9	-0.4927238604816061
10759.6	-0.34676706048160594
10761.2	-0.4561550604816059
10762.9	-0.49180626048160586
10764.6	-0.6640495604816058
10766.2	-0.727503110481606
10767.9	-0.928459730481606
10769.6	-1.0062466604816058
10771.2	-1.2977936604816056
10772.9	-1.312945360481606
10774.6	-1.424308060481606
10776.2	-1.3590988604816059
10777.9	-1.266869460481606
10779.6	-1.2084970604816057
10781.2	-1.0863212604816057
10782.9	-0.8352883604816059
10784.6	-0.8488336604816057
10786.2	-0.8892085604816058
10787.9	-1.2351885604816055
10789.6	-1.4918572604816063
10791.2	-1.7096880604816058
10792.9	-1.594271060481606
10794.6	-1.5269186604816056
10796.3	-1.3657330604816056
10797.9	-1.3005561604816058
10799.6	-1.088475860481606
10801.3	-0.957845860481606
10802.9	-0.45161126048160616
10804.6	-0.44386456048160594
10806.3	-0.19120376048160584
10807.9	-0.35118406048160583
10809.6	-0.792915060481606
10811.3	-0.9737901604816059
10812.9	-0.894617260481606
10814.6	-0.9188489604816059
10816.3	-0.45193337148160617
10817.9	-0.5135251604816058
10819.6	-0.5539657804816059
10821.3	-0.8425042604816058
10822.9	-1.221408260481606
10824.6	-1.428598060481606
10826.3	-1.385214910481606
10827.9	-1.476014540481606
10829.6	-1.348350760481606
10831.3	-1.522641940481606
10832.9	-1.5526020604816058
10834.6	-1.7074040604816054
10836.3	-1.5099430604816058
10837.9	-1.3815010604816063
10839.6	-1.3888760604816057
10841.3	-1.482082060481606
10843.0	-1.2824220604816057
10844.6	-1.3172406604816058
10846.3	-0.9850540604816057
10848.0	-0.6758730604816059
10849.6	-0.23728306048160594
10851.3	-0.12920906048160585
10853.0	-0.3734639604816061
10854.6	-0.762341660481606
10856.3	-1.098546860481606
10858.0	-1.4973190604816058
10859.6	-1.7291199504816064
10861.3	-2.0195009604816057
10863.0	-1.8771451604816058
10864.6	-1.8111260604816057
10866.3	-1.5508690604816056
10868.0	-1.1233220604816059
10869.6	-0.7262680604816061
10871.3	-0.504862560481606
10873.0	-0.334663460481606
10874.6	-0.5553242604816059
10876.3	-0.761713060481606
10878.0	-1.3202740604816057
10879.6	-1.654530060481606
10881.3	-2.073209060481606
10883.0	-2.309335060481606
10884.6	-2.491858060481606
10886.3	-2.523906060481606
10888.0	-2.4676660604816054
10889.7	-2.224226060481606
10891.3	-2.2436138604816063
10893.0	-1.9265535604816062
10894.7	-1.6939758604816064
10896.3	-1.3022750604816058
10898.0	-0.9199495604816057
10899.7	-0.48832846048160594
10901.3	-0.2782421304816058
10903.0	0.14750163951839418
10904.7	0.13716693951839415
10906.3	0.21833313951839414
10908.0	0.046553239518394386
10909.7	-0.11893656048160609
10911.3	-0.428000960481606
10913.0	-0.48218846048160574
10914.7	-0.5977100604816058
10916.3	-0.41501106048160585
10918.0	-0.4698794604816058
10919.7	-0.3146184604816059
10921.3	-0.31146116048160594
10923.0	-0.473037470481606
10924.7	-0.7660513454816058
10926.3	-1.0403976604816063
10928.0	-1.5447409604816058
10929.7	-1.7411054604816059
10931.3	-2.104465060481606
10933.0	-1.9709200604816062
10934.7	-1.6219632604816059
10936.4	-1.257581360481606
10938.0	-1.133632260481606
10939.7	-0.8539718604816058
10941.4	-1.0375999604816062
10943.0	-1.1482695604816058
10944.7	-1.620143260481606
10946.4	-1.9216435604816056
10948.0	-2.021734160481606
10949.7	-1.8143797604816059
10951.4	-1.673028060481606
10953.0	-1.5791300604816059
10954.7	-1.6184100604816058
10956.4	-1.539303060481606
10958.0	-1.677408060481606
10959.7	-1.567528060481606
10961.4	-1.5793383604816058
10963.0	-1.5311666604816057
10964.7	-1.4430458604816063
10966.4	-1.5194360604816062
10968.0	-1.456141060481606
10969.7	-1.1120855604816058
10971.4	-0.7846320604816058
10973.0	-0.329758360481606
10974.7	-0.018427860481605874
10976.4	0.3601191095183941
10978.1	0.4788718795183943
10979.7	0.17603339951839417
10981.4	-0.27161706048160594
10983.1	-0.8430367604816059
10984.7	-1.3552893604816059
10986.4	-1.6817259604816062
10988.1	-1.8461453604816058
10989.7	-1.6233431904816054
10991.4	-1.439915110481606
10993.1	-1.1055833604816059
10994.7	-0.8528365604816059
10996.4	-0.7188580604816062
10998.1	-0.7365600604816062
10999.7	-0.6777380604816058
11001.4	-0.729050060481606
11003.1	-0.5446360604816058
11004.7	-0.6409780604816058
11006.4	-0.33601206048160603
11008.1	-0.3270010604816059
11009.7	-0.4471380604816059
11011.4	-0.6032270604816059
11013.1	-0.755154940481606
11014.7	-1.0983870604816057
11016.4	-1.393713060481606
11018.1	-1.9957830604816056
11019.7	-2.2187023604816063
11021.4	-2.603170560481606
11023.1	-2.7136900604816057
11024.8	-2.6251755604816056
11026.4	-2.214265660481606
11028.1	-1.7027024604816057
11029.8	-0.9843076974816057
11031.4	-0.7421144604816059
11033.1	-0.2542900604816061
11034.8	-0.32049306048160586
11036.4	-0.4081827604816059
11038.1	-0.617885760481606
11039.8	-0.8168510604816059
11041.4	-1.0882580604816057
11043.1	-1.0793890604816057
11044.8	-1.493120760481606
11046.4	-1.4986466244816061
11048.1	-1.7505014604816058
11049.8	-1.9858650004816059
11051.4	-2.211020560481606
11053.1	-2.451568060481606
11054.8	-2.575955060481606
11056.4	-2.4039020604816055
11058.1	-2.308643060481606
11059.8	-1.7738422404816057
11061.4	-1.6095687404816057
11063.1	-1.445593260481606
11064.8	-1.6072138604816062
11066.4	-1.775837060481606
11068.1	-1.9093452604816061
11069.8	-1.9073207604816065
11071.5	-2.145394060481606
11073.1	-1.977151260481606
11074.8	-2.062992060481606
11076.5	-1.856999060481606
11078.1	-1.4438790604816059
11079.8	-0.8689180604816059
11081.5	-0.6820190604816058
11083.1	-0.5335657304816059
11084.8	-0.9714585604816058
11086.5	-1.1525845604816058
11088.1	-1.3625750604816058
11089.8	-1.3681040604816057
11091.5	-1.3769880604816058
11093.1	-1.1521159604816056
11094.8	-1.392318860481606
11096.5	-1.4074529604816057
11098.1	-1.4257650604816061
11099.8	-1.302071660481606
11101.5	-1.398024060481606
11103.1	-1.4295350604816062
11104.8	-1.796965060481606
11106.5	-1.9024860604816063
11108.1	-2.1867456604816056
11109.8	-2.292245760481606
11111.5	-2.213349260481606
11113.1	-1.8964810604816063
11114.8	-1.493413560481606
11116.5	-0.9126818304816059
11118.2	-0.6714199804816058
11119.8	-0.42241836048160575
11121.5	-0.5191020604816058
11123.2	-0.5078503604816058
11124.8	-0.6489977604816057
11126.5	-0.6939200604816058
11128.2	-0.8061560604816063
11129.8	-0.9917499604816058
11131.5	-1.3464630204816062
11133.2	-1.884504060481606
11134.8	-2.0773789604816058
11136.5	-1.7789150604816062
11138.2	-1.5030362604816059
11139.8	-1.161558060481606
11141.5	-0.8716646604816057
11143.2	-0.9372390604816058
11144.8	-1.2679800604816058
11146.5	-1.8880070604816055
11148.2	-2.325674130481606
11149.8	-2.3550472604816055
11151.5	-2.447289060481606
11153.2	-2.241068060481606
11154.8	-1.7497135604816059
11156.5	-1.0219339604816056
11158.2	-0.4164544604816058
11159.9	-0.14901386048160595
11161.5	-0.2508415604816058
11163.2	-0.5024790604816057
11164.9	-1.1457262604816056
11166.5	-1.520805060481606
11168.2	-1.6795198604816062
11169.9	-1.520592260481606
11171.5	-1.4386790604816062
11173.2	-1.3443600604816062
11174.9	-1.168387060481606
11176.5	-1.081415890481606
11178.2	-1.103219560481606
11179.9	-1.2469510604816059
11181.5	-1.495957560481606
11183.2	-1.3984582604816058
11184.9	-1.326080660481606
11186.5	-1.0306774604816058
11188.2	-0.629888060481606
11189.9	-0.4491081904816059
11191.5	-0.573605760481606
11193.2	-0.9136864604816062
11194.9	-1.5176192254816059
11196.5	-1.881931060481606
11198.2	-2.114358060481606
11199.9	-2.3766222604816063
11201.5	-2.355921060481606
11203.2	-2.2369210604816057
11204.9	-2.3314929604816053
11206.6	-2.0596890604816056
11208.2	-2.0601890604816058
11209.9	-1.827993060481606
11211.6	-1.7258035604816062
11213.2	-1.9196067004816064
11214.9	-2.1204250604816055
11216.6	-2.315258060481606
11218.2	-2.637882060481606
11219.9	-2.458159060481606
11221.6	-2.2898000604816056
11223.2	-1.9070116604816056
11224.9	-1.9452960604816059
11226.6	-2.066212460481606
11228.2	-2.6104123604816065
11229.9	-3.088657060481606
11231.6	-3.3265870604816064
11233.2	-3.1510970604816064
11234.9	-2.7574980604816064
11236.6	-2.253981060481606
11238.2	-2.094452060481606
11239.9	-1.5438890604816056
11241.6	-1.2567793604816058
11243.2	-0.8228389604816059
11244.9	-0.6014350604816059
11246.6	-0.48325776048160574
11248.2	-0.6366231604816058
11249.9	-0.645883360481606
11251.6	-0.8383772604816059
11253.3	-0.8308696604816058
11254.9	-1.075638060481606
11256.6	-1.5355090604816055
11258.3	-2.0938000604816063
11259.9	-2.3408037604816063
11261.6	-2.1790599604816054
11263.3	-2.011270060481606
11264.9	-1.7467370604816057
11266.6	-1.5947379604816059
11268.3	-1.578778460481606
11269.9	-1.5333798604816056
11271.6	-1.295723260481606
11273.3	-1.0799119504816062
11274.9	-0.8568138604816056
11276.6	-0.999720060481606
11278.3	-1.526993060481606
11279.9	-1.781425860481606
11281.6	-2.0258890604816058
11283.3	-1.953133960481606
11284.9	-1.511314760481606
11286.6	-0.9897990604816058
11288.3	-0.7717280604816057
11289.9	-0.549175960481606
11291.6	-1.161077760481606
11293.3	-1.4732279604816056
11294.9	-1.8021473604816058
11296.6	-1.629224560481606
11298.3	-1.0614445904816059
11300.0	-0.30557086048160587
11301.6	0.13939963951839413
11303.3	0.6119418195183942
11305.0	0.36281953951839396
11306.6	-0.0036886604816058544
11308.3	-0.620827060481606
11310.0	-1.1612480604816058
11311.6	-1.668048360481606
11313.3	-1.9767653604816062
11315.0	-2.2494823604816063
11316.6	-2.1012420604816056
11318.3	-1.969170960481606
11320.0	-1.8780485604816057
11321.6	-1.925141460481606
11323.3	-2.0793469604816064
11325.0	-2.2408990604816057
11326.6	-2.170107060481606
11328.3	-2.007532060481606
11330.0	-1.523420060481606
11331.6	-1.251938060481606
11333.3	-0.890985260481606
11335.0	-0.938105060481606
11336.6	-1.0802730604816062
11338.3	-1.2374004304816058
11340.0	-1.398417560481606
11341.7	-1.372829760481606
11343.3	-1.3629661604816061
11345.0	-1.6995037604816061
11346.7	-1.7313080604816058
11348.3	-1.8500270604816058
11350.0	-1.8835949604816054
11351.7	-1.5862090604816061
11353.3	-1.2307504604816057
11355.0	-0.7956263604816061
11356.7	-0.3893560604816061
11358.3	-0.3314541204816059
11360.0	-0.25921206048160583
11361.7	-0.5615589904816058
11363.3	-0.9743783104816058
11365.0	-1.4337677604816057
11366.7	-1.9353410604816061
11368.3	-2.365484060481606
11370.0	-2.463591060481606
11371.7	-2.577503060481606
11373.3	-2.376746460481606
11375.0	-2.391372060481606
11376.7	-2.181497060481606
11378.3	-2.1103420604816057
11380.0	-2.2727500604816058
11381.7	-2.6601981604816056
11383.3	-2.9681020604816064
11385.0	-3.335074060481606
11386.7	-3.3084677604816064
11388.4	-3.2837933604816056
11390.0	-2.6496347604816064
11391.7	-2.166464560481606
11393.4	-1.8524510604816062
11395.0	-1.9083830604816057
11396.7	-2.076946060481606
11398.4	-2.472796060481606
11400.0	-2.5278556604816056
11401.7	-2.6052330604816056
11403.4	-2.1404654604816056
11405.0	-1.9493800404816057
11406.7	-1.600308760481606
11408.4	-1.535035560481606
11410.0	-1.5880198604816063
11411.7	-1.831736060481606
11413.4	-1.9614830604816056
11415.0	-2.2824940604816057
11416.7	-1.9523510604816061
11418.4	-1.6902680604816063
11420.0	-1.175340260481606
11421.7	-0.6268139004816061
11423.4	-0.4411713604816061
11425.0	-0.5568422604816059
11426.7	-0.592190360481606
11428.4	-0.9204435804816058
11430.0	-0.9482579604816059
11431.7	-0.9778595604816059
11433.4	-1.073639860481606
11435.1	-1.2311727504816057
11436.7	-1.312910760481606
11438.4	-1.5365196604816063
11440.1	-1.4010603604816059
11441.7	-0.9932129604816062
11443.4	-0.7201500604816056
11445.1	-0.49888606048160594
11446.7	-0.4794191604816061
11448.4	-1.1417046604816057
11450.1	-1.5006503604816062
11451.7	-1.8761348604816057
11453.4	-2.039233260481606
11455.1	-1.7648283604816057
11456.7	-1.5773411204816061
11458.4	-1.6839490604816056
11460.1	-1.4198380604816059
11461.7	-1.5773646604816058
11463.4	-1.502361260481606
11465.1	-1.2139029604816058
11466.7	-1.091046260481606
11468.4	-1.129789160481606
11470.1	-1.069938460481606
11471.7	-1.386971760481606
11473.4	-1.309928160481606
11475.1	-1.2842667604816058
11476.7	-1.3904542604816057
11478.4	-1.4254653604816059
11480.1	-1.387015160481606
11481.8	-1.451297060481606
11483.4	-1.160393660481606
11485.1	-1.033796060481606
11486.8	-0.6826800604816059
11488.4	-0.6434435604816058
11490.1	-0.6665234004816056
11491.8	-0.958307260481606
11493.4	-1.114003260481606
11495.1	-1.154211060481606
11496.8	-1.1471542604816058
11498.4	-1.348284860481606
11500.1	-1.5759411604816058
11501.8	-2.269074060481606
11503.4	-3.0116810604816058
11505.1	-3.621077060481606
11506.8	-3.951768960481606
11508.4	-3.668296060481606
11510.1	-3.2098280604816063
11511.8	-2.5541818604816067
11513.4	-1.8471102604816056
11515.1	-1.310205060481606
11516.8	-1.0264089604816058
11518.4	-0.8527101604816059
11520.1	-0.8716270604816059
11521.8	-0.9552710604816058
11523.5	-0.6831270604816059
11525.1	-0.46419906048160586
11526.8	-0.13145386048160584
11528.5	-0.057564060481605984
11530.1	-0.41557433048160564
11531.8	-1.150551760481606
11533.5	-1.8548062604816056
11535.1	-2.474903060481606
11536.8	-2.5405848504816055
11538.5	-2.581931060481606
11540.1	-2.7170020604816054
11541.8	-3.0287460604816063
11543.5	-3.401862060481606
11545.1	-3.6259260604816057
11546.8	-3.3133610604816055
11548.5	-2.623535060481606
11550.1	-1.716175060481606
11551.8	-0.974682060481606
11553.5	-0.6558880604816059
11555.1	-0.6784190604816059
11556.8	-0.9337310604816057
11558.5	-1.3825470604816057
11560.1	-1.6131160604816057
11561.8	-1.6204330604816062
11563.5	-1.4754959604816058
11565.1	-1.6192127604816058
11566.8	-1.559025060481606
11568.5	-2.0769360604816063
11570.2	-2.4221880604816053
11571.8	-2.597339060481606
11573.5	-2.8029921604816055
11575.2	-2.667664360481606
11576.8	-2.114743560481606
11578.5	-2.129181060481606
11580.2	-1.7227044604816057
11581.8	-1.6103585604816062
11583.5	-1.3806221104816059
11585.2	-1.336355560481606
11586.8	-1.407983760481606
11588.5	-1.629070060481606
11590.2	-1.437942060481606
11591.8	-1.393516060481606
11593.5	-1.317976060481606
11595.2	-1.5261450604816063
11596.8	-1.6662480604816057
11598.5	-2.2494960804816055
11600.2	-2.5053824604816057
11601.8	-2.9199447604816053
11603.5	-2.938412060481606
11605.2	-2.9895460604816058
11606.8	-2.882138060481606
11608.5	-2.560164960481606
11610.2	-2.172766060481606
11611.8	-2.103794360481606
11613.5	-1.7865547604816054
11615.2	-1.962206060481606
11616.9	-1.660504860481606
11618.5	-1.2887439604816056
11620.2	-0.587942060481606
11621.9	-0.15278556048160574
11623.5	-0.1314588904816058
11625.2	-0.676072060481606
11626.9	-0.950424260481606
11628.5	-0.9531810604816062
11630.2	-0.2448528604816059
11631.9	0.3809144395183941
11633.5	1.1790243395183944
11635.2	0.9878806395183943
11636.9	0.245766639518394
11638.5	-0.9122830604816059
11640.2	-1.7992728604816057
11641.9	-2.212267260481606
11643.5	-2.1545611604816055
11645.2	-1.7501078604816058
11646.9	-1.0984727604816056
11648.5	-0.6713160604816061
11650.2	-0.30856806048160595
11651.9	-0.431231060481606
11653.5	-0.555214260481606
11655.2	-0.7319847604816058
11656.9	-1.1013484604816057
11658.5	-1.1214042604816057
11660.2	-0.903342960481606
11661.9	-0.6788680604816059
11663.6	-0.3554650604816059
11665.2	-0.897144060481606
11666.9	-1.584340060481606
11668.6	-2.3941440604816058
11670.2	-2.8164160604816058
11671.9	-2.8726288504816058
11673.6	-2.3797127604816057
11675.2	-1.5777483604816058
11676.9	-0.956518060481606
11678.6	-1.036365060481606
11680.2	-1.123895060481606
11681.9	-1.4775030604816055
11683.6	-1.7967698604816058
11685.2	-2.0012856604816056
11686.9	-2.2303920604816057
11688.6	-2.463886560481606
11690.2	-2.653251760481606
11691.9	-2.8808626604816054
11693.6	-2.652234360481606
11695.2	-2.323056060481606
11696.9	-2.000671660481606
11698.6	-1.767225060481606
11700.2	-1.3591341604816058
11701.9	-1.322471260481606
11703.6	-1.139337060481606
11705.3	-1.0664960604816058
11706.9	-0.9212376604816059
11708.6	-1.244096260481606
11710.3	-1.630020560481606
11711.9	-2.331502760481606
11713.6	-2.6941140604816063
11715.3	-3.066294060481606
11716.9	-3.075241060481606
11718.6	-2.789137060481606
11720.3	-2.204210060481606
11721.9	-1.643986560481606
11723.6	-1.1115459604816058
11725.3	-1.1114677604816057
11726.9	-1.2277854604816059
11728.6	-1.6527890404816055
11730.3	-2.082894560481606
11731.9	-2.4706649604816056
11733.6	-2.8284620604816064
11735.3	-2.894507260481606
11736.9	-2.5892910604816057
11738.6	-2.244501060481606
11740.3	-1.7609970604816059
11741.9	-1.4371920604816057
11743.6	-1.239256460481606
11745.3	-1.344502260481606
11746.9	-1.542631960481606
11748.6	-1.738448560481606
11750.3	-1.725426260481606
11752.0	-1.7748780604816061
11753.6	-1.638476160481606
11755.3	-1.6623247604816065
11757.0	-1.5750064604816059
11758.6	-1.7488220604816056
11760.3	-1.6821663904816055
11762.0	-1.7051123604816059
11763.6	-1.2705149604816062
11765.3	-1.1596780604816057
11767.0	-1.0207842504816056
11768.6	-1.291505760481606
11770.3	-1.6388910604816058
11772.0	-2.157474060481606
11773.6	-2.198719060481606
11775.3	-2.5147270604816057
11777.0	-2.285821360481606
11778.6	-2.1394020604816064
11780.3	-1.913041060481606
11782.0	-1.6002860604816056
11783.6	-1.0796600604816056
11785.3	-0.9558066604816059
11787.0	-0.8145236504816058
11788.6	-0.8398208904816059
11790.3	-0.7582538274816056
11792.0	-0.507217330481606
11793.6	-0.39828776048160586
11795.3	-0.6453280604816058
11797.0	-0.9421622604816061
11798.7	-1.3640151604816058
11800.3	-1.7848439604816058
11802.0	-1.897578760481606
11803.7	-1.821427920481606
11805.3	-1.701334260481606
11807.0	-1.502803710481606
11808.7	-1.6003746604816058
11810.3	-1.623825628481606
11812.0	-1.3724406804816058
11813.7	-1.1014861604816057
11815.3	-0.9624430604816059
11817.0	-0.6657671604816058
11818.7	-0.8770193604816058
11820.3	-1.133448160481606
11822.0	-1.6388161604816063
11823.7	-2.137400060481606
11825.3	-2.339846060481606
11827.0	-2.0601637604816063
11828.7	-1.8172405604816055
11830.3	-1.3430402604816059
11832.0	-0.9699847604816056
11833.7	-0.8333930604816059
11835.3	-0.8597784604816058
11837.0	-0.7354242604816057
11838.7	-0.6364839604816057
11840.3	-0.16607376048160577
11842.0	0.32805723951839416
11843.7	0.4891821395183942
11845.4	0.5032249395183943
11847.0	0.22323913951839405
11848.7	-0.20765806048160612
11850.4	-0.5950120604816059
11852.0	-1.141080260481606
11853.7	-1.541698310481606
11855.4	-1.7909112604816062
11857.0	-1.611377060481606
11858.7	-1.6178480604816063
11860.4	-1.2352240604816058
11862.0	-1.0936358604816059
11863.7	-0.6614952604816058
11865.4	-0.6707180604816061
11867.0	-0.6963210604816059
11868.7	-1.076302060481606
11870.4	-1.0315330604816062
11872.0	-1.7740120604816059
11873.7	-1.939653360481606
11875.4	-2.287440960481606
11877.0	-1.7890690404816059
11878.7	-1.4608005604816057
11880.4	-1.2504160604816061
11882.0	-1.484179060481606
11883.7	-1.518820060481606
11885.4	-1.725051060481606
11887.1	-1.6540160604816063
11888.7	-1.492701060481606
11890.4	-0.8446350604816057
11892.1	-0.7479330604816059
11893.7	-0.754051060481606
11895.4	-1.2280540604816057
11897.1	-1.650397060481606
11898.7	-1.956283060481606
11900.4	-1.9343460604816058
11902.1	-1.787252060481606
11903.7	-1.2135720604816058
11905.4	-1.0855820604816058
11907.1	-0.974170060481606
11908.7	-1.042813760481606
11910.4	-0.9943152604816058
11912.1	-1.021171260481606
11913.7	-0.8006443604816061
11915.4	-1.0206620604816057
11917.1	-1.3685116604816057
11918.7	-1.8411648604816055
11920.4	-1.8593700604816061
11922.1	-1.876799860481606
11923.7	-1.4967670604816061
11925.4	-1.0711490604816056
11927.1	-0.7540418604816059
11928.7	-0.49717306048160576
11930.4	-0.15388806048160591
11932.1	-0.14800466048160593
11933.8	-0.349829560481606
11935.4	-0.909027860481606
11937.1	-1.6514738604816057
11938.8	-1.8845598604816065
11940.4	-1.9364604604816056
11942.1	-1.830288460481606
11943.8	-1.777554260481606
11945.4	-1.9732515604816059
11947.1	-2.670494160481606
11948.8	-2.918119060481606
11950.4	-3.2029538604816055
11952.1	-3.0372641604816053
11953.8	-2.788016760481606
11955.4	-2.4450210604816056
11957.1	-1.8904827604816064
11958.8	-1.3271890604816057
11960.4	-1.1058345604816058
11962.1	-1.1681710604816054
11963.8	-1.5971227804816057
11965.4	-1.8811897604816061
11967.1	-2.0497860604816056
11968.8	-2.0548133604816057
11970.4	-1.7142436604816063
11972.1	-1.4454946304816059
11973.8	-1.1970397604816057
11975.4	-1.1358822604816061
11977.1	-1.1192513604816061
11978.8	-1.2132922604816059
11980.5	-1.357033060481606
11982.1	-1.5410081604816057
11983.8	-1.5979888604816062
11985.5	-1.5309757604816059
11987.1	-1.1511553604816058
11988.8	-0.7161078604816061
11990.5	-0.06108476048160605
11992.1	0.2407421395183939
11993.8	0.09479133951839414
11995.5	-0.31961646048160597
11997.1	-0.9927750604816058
11998.8	-1.6792130604816058
12000.5	-1.589950060481606
12002.1	-1.243329360481606
12003.8	-0.5977620604816059
12005.5	-0.2691462604816059
12007.1	-0.3181821004816059
12008.8	-0.7888982604816059
12010.5	-0.9370718604816058
12012.1	-1.339900960481606
12013.8	-1.5556211504816058
12015.5	-1.751539860481606
12017.1	-1.9439215804816055
12018.8	-2.2438685604816055
12020.5	-1.8893395604816057
12022.1	-1.5934870604816063
12023.8	-1.1351550604816059
12025.5	-0.7698000604816058
12027.2	-0.6988172604816059
12028.8	-0.8495594604816059
12030.5	-0.9718700604816061
12032.2	-1.1317155604816063
12033.8	-1.1302590604816056
12035.5	-1.2447846604816057
12037.2	-1.3437194604816058
12038.8	-1.6227473604816058
12040.5	-1.5809640604816058
12042.2	-1.639508860481606
12043.8	-1.6092025604816058
12045.5	-1.447725960481606
12047.2	-1.319509960481606
12048.8	-1.4806191604816061
12050.5	-1.301487060481606
12052.2	-1.114498060481606
12053.8	-0.7434070604816059
12055.5	-0.5106840604816058
12057.2	-0.3491040604816059
12058.8	-0.6346510604816059
12060.5	-0.9539263604816058
12062.2	-1.5543470604816059
12063.8	-1.862346660481606
12065.5	-1.903087960481606
12067.2	-1.643671060481606
12068.9	-1.492324060481606
12070.5	-0.9301360604816058
12072.2	-0.6880950604816061
12073.9	-0.21850846048160588
12075.5	-0.11470806048160584
12077.2	-0.17082046048160598
12078.9	-0.6487350604816059
12080.5	-1.089576060481606
12082.2	-1.7492046604816056
12083.9	-1.965800060481606
12085.5	-2.156075060481606
12087.2	-2.126277740481606
12088.9	-2.003562600481606
12090.5	-1.6231805604816056
12092.2	-1.354374760481606
12093.9	-0.737542560481606
12095.5	-0.276023060481606
12097.2	0.09111593951839395
12098.9	-0.2639640604816057
12100.5	-0.782529360481606
12102.2	-1.557821060481606
12103.9	-1.893713060481606
12105.5	-2.2899332604816056
12107.2	-2.3840522604816057
12108.9	-2.309726660481606
12110.5	-2.169275860481606
12112.2	-2.1287364604816057
12113.9	-2.0880005504816057
12115.6	-2.108310060481606
12117.2	-2.0058170604816055
12118.9	-1.980794360481606
12120.6	-1.8344267604816058
12122.2	-1.3970720604816058
12123.9	-1.297217060481606
12125.6	-1.090447260481606
12127.2	-0.8591027504816058
12128.9	-1.0658109604816057
12130.6	-0.9982096104816061
12132.2	-1.227385160481606
12133.9	-1.358083160481606
12135.6	-1.5065914604816055
12137.2	-1.652510060481606
12138.9	-1.798630060481606
12140.6	-1.3897685604816057
12142.2	-1.3088306604816062
12143.9	-1.2379980604816059
12145.6	-1.586173760481606
12147.2	-1.8060856604816056
12148.9	-2.633043060481606
12150.6	-2.9452410604816057
12152.2	-3.3006705604816062
12153.9	-3.345144760481605
12155.6	-3.030784960481606
12157.2	-2.242188160481606
12158.9	-1.643637060481606
12160.6	-0.6404544604816058
12162.3	-0.37292406048160587
12163.9	0.05631903951839412
12165.6	-0.16069723048160603
12167.3	-0.3584819604816059
12168.9	-0.7168120604816057
12170.6	-0.8595050604816059
12172.3	-1.3793111604816055
12173.9	-1.548020060481606
12175.6	-1.837874060481606
12177.3	-1.5207380604816059
12178.9	-1.1910020604816058
12180.6	-0.7713082604816057
12182.3	-0.5308950604816058
12183.9	-0.49934946048160594
12185.6	-1.117202460481606
12187.3	-1.707047060481606
12188.9	-2.423317960481606
12190.6	-2.878650060481606
12192.3	-3.059231060481606
12193.9	-2.7820580604816056
12195.6	-2.406208060481606
12197.3	-1.850145660481606
12198.9	-1.5417894604816063
12200.6	-1.353661160481606
12202.3	-1.2247334604816058
12203.9	-1.090341760481606
12205.6	-1.1161770604816055
12207.3	-1.341515250481606
12209.0	-1.800630660481606
12210.6	-2.2335147604816057
12212.3	-2.4382250604816056
12214.0	-2.442239160481606
12215.6	-1.7670880604816062
12217.3	-1.1323050604816058
12219.0	-0.7111276604816059
12220.6	-0.5609255504816059
12222.3	-1.0473746604816059
12224.0	-1.3912689604816055
12225.6	-1.416823060481606
12227.3	-1.6554350604816057
12229.0	-1.4705700604816059
12230.6	-1.465803060481606
12232.3	-2.225399060481606
12234.0	-3.005533060481606
12235.6	-4.128769060481606
12237.3	-4.690543060481605
12239.0	-4.620444060481606
12240.6	-4.002342060481606
12242.3	-2.865988060481606
12244.0	-1.7895691604816057
12245.6	-1.388056060481606
12247.3	-1.367912860481606
12249.0	-1.7732621604816061
12250.7	-2.075850060481606
12252.3	-2.291298960481606
12254.0	-2.3806909604816058
12255.7	-2.3030150604816058
12257.3	-2.105320060481606
12259.0	-2.183622060481606
12260.7	-1.8557920604816058
12262.3	-1.5733691604816058
12264.0	-1.3822658604816058
12265.7	-1.1938523904816059
12267.3	-1.248864060481606
12269.0	-1.593290560481606
12270.7	-1.521596960481606
12272.3	-1.6278828604816062
12274.0	-1.399581860481606
12275.7	-0.9441447604816059
12277.3	-0.7268346604816058
12279.0	-0.7029160604816056
12280.7	-0.921271360481606
12282.3	-1.6190541604816058
12284.0	-1.9590612604816058
12285.7	-2.022125560481606
12287.3	-1.9235563604816057
12289.0	-1.423378260481606
12290.7	-0.9346360604816063
12292.3	-0.8579575604816059
12294.0	-0.7904052604816056
12295.7	-1.2810311604816058
12297.4	-1.624864060481606
12299.0	-1.8330450604816058
12300.7	-1.908903460481606
12302.4	-2.146736260481606
12304.0	-2.2080195604816057
12305.7	-2.6110925604816053
12307.4	-2.715479060481606
12309.0	-3.039209060481606
12310.7	-2.9335280604816063
12312.4	-2.4515780604816055
12314.0	-1.9156418604816057
12315.7	-1.486604460481606
12317.4	-1.1587950604816062
12319.0	-1.0437418604816058
12320.7	-1.0549705204816064
12322.4	-1.6418740604816058
12324.0	-2.0852740604816065
12325.7	-2.3495020604816057
12327.4	-2.3099340604816057
12329.0	-2.1633423604816064
12330.7	-1.816281060481606
12332.4	-1.7135050604816058
12334.0	-1.705036060481606
12335.7	-2.095797760481606
12337.4	-2.166138360481606
12339.0	-2.3697200604816056
12340.7	-2.1844400604816068
12342.4	-2.3404950604816057
12344.1	-2.178441060481606
12345.7	-2.239924060481606
12347.4	-2.235655060481606
12349.1	-2.5084840604816057
12350.7	-2.513775060481606
12352.4	-2.936014060481606
12354.1	-3.200851060481606
12355.7	-3.495885060481606
12357.4	-3.775720060481606
12359.1	-3.7649553604816064
12360.7	-3.6065760604816064
12362.4	-3.654039060481606
12364.1	-3.203965060481606
12365.7	-2.914056060481606
12367.4	-2.6650524604816055
12369.1	-2.211596160481606
12370.7	-2.078456060481606
12372.4	-1.8169340604816058
12374.1	-1.6099683604816062
12375.7	-1.9800420604816058
12377.4	-2.0131633604816055
12379.1	-2.1707490604816058
12380.7	-2.143049400481606
12382.4	-2.1194596804816057
12384.1	-2.1198390604816053
12385.7	-2.190056460481606
12387.4	-1.9316798604816061
12389.1	-1.766769060481606
12390.8	-1.313003360481606
12392.4	-0.962158360481606
12394.1	-0.7016282604816061
12395.8	-0.8061020604816058
12397.4	-1.3474650604816059
12399.1	-2.0131370604816063
12400.8	-2.629704760481606
12402.4	-3.004101060481606
12404.1	-3.161030460481606
12405.8	-3.357608760481606
12407.4	-3.262485960481605
12409.1	-3.096361560481606
12410.8	-3.1708153604816056
12412.4	-3.2567132204816063
12414.1	-3.249758060481606
12415.8	-3.3200965604816055
12417.4	-3.187093060481606
12419.1	-3.3068070604816056
12420.8	-2.8059412604816054
12422.4	-2.2438130604816053
12424.1	-1.7429871604816056
12425.8	-1.4305480604816059
12427.4	-1.0344370604816056
12429.1	-0.5945570604816062
12430.8	-0.4014200604816061
12432.5	-0.8123662604816058
12434.1	-1.1480395604816058
12435.8	-1.8108644604816058
12437.5	-2.179051060481606
12439.1	-2.212144460481606
12440.8	-1.7954815604816055
12442.5	-1.1605451604816062
12444.1	-0.6464237604816059
12445.8	-0.7138202604816062
12447.5	-0.6724060604816058
12449.1	-1.271362860481606
12450.8	-1.569386060481606
12452.5	-2.000860860481606
12454.1	-2.4750440604816055
12455.8	-2.8511537604816066
12457.5	-2.5977020604816063
12459.1	-1.861300060481606
12460.8	-0.7550540604816056
12462.5	-0.12801916048160594
12464.1	0.14214293951839418
12465.8	-0.541984660481606
12467.5	-1.3836747604816058
12469.1	-2.5143357604816057
12470.8	-2.8954970604816053
12472.5	-2.505736260481606
12474.1	-1.7624429604816059
12475.8	-1.2438260604816063
12477.5	-0.9069933604816061
12479.2	-1.0567400604816062
12480.8	-1.1933723604816056
12482.5	-1.488038637481606
12484.2	-1.438867360481606
12485.8	-1.374074930481606
12487.5	-1.0026620604816057
12489.2	-0.8275570604816057
12490.8	-1.3123823204816059
12492.5	-1.8847704604816058
12494.2	-2.6624583604816054
12495.8	-3.543109320481606
12497.5	-3.7382324604816057
12499.2	-3.8568910604816056
12500.8	-3.732025060481606
12502.5	-3.4217870604816056
12504.2	-3.400734060481606
12505.8	-3.4423150604816057
12507.5	-2.8850510604816058
12509.2	-2.495501260481606
12510.8	-1.8405371604816056
12512.5	-1.3879590604816059
12514.2	-1.1981777604816057
12515.8	-1.237576860481606
12517.5	-1.4960572604816058
12519.2	-2.098106860481606
12520.8	-2.171247660481606
12522.5	-2.1519368604816056
12524.2	-1.647185160481606
12525.9	-1.176423040481606
12527.5	-0.9255572604816059
12529.2	-1.230828260481606
12530.9	-1.8538473604816061
12532.5	-2.634516660481606
12534.2	-2.8737890604816063
12535.9	-2.8444750604816056
12537.5	-2.366034060481606
12539.2	-1.9413008004816057
12540.9	-1.9016074604816062
12542.5	-1.7998323604816053
12544.2	-1.766824120481606
12545.9	-2.052464460481606
12547.5	-2.1791010604816057
12549.2	-2.444054060481606
12550.9	-2.817934060481606
12552.5	-3.0129290604816057
12554.2	-3.373453060481606
12555.9	-3.459571160481606
12557.5	-3.3343649604816057
12559.2	-3.3926520604816064
12560.9	-3.194429060481606
12562.5	-3.0082340604816062
12564.2	-2.6624630604816057
12565.9	-2.725343060481606
12567.5	-2.563272840481606
12569.2	-2.541966270481606
12570.9	-2.371957860481606
12572.6	-2.2173910604816056
12574.2	-1.8029010604816058
12575.9	-1.535735360481606
12577.6	-1.1122820604816057
12579.2	-1.3104450604816058
12580.9	-1.646987060481606
12582.6	-2.3062950604816055
12584.2	-3.139682060481606
12585.9	-3.7912910604816057
12587.6	-3.855556860481606
12589.2	-3.3279832604816058
12590.9	-2.563054360481606
12592.6	-1.8632153604816062
12594.2	-1.4621677104816058
12595.9	-1.435132060481606
12597.6	-1.488378060481606
12599.2	-1.5707670604816062
12600.9	-1.4529830604816059
12602.6	-1.120121060481606
12604.2	-0.8743100604816059
12605.9	-0.9374710604816057
12607.6	-1.004096060481606
12609.2	-1.5304410604816059
12610.9	-2.149575060481606
12612.6	-2.705987060481606
12614.3	-2.929552060481606
12615.9	-2.6733580604816063
12617.6	-1.6680270604816059
12619.3	-0.836230060481606
12620.9	-0.08083306048160596
12622.6	0.004414839518394054
12624.3	-0.338552060481606
12625.9	-0.820718060481606
12627.6	-0.9745600604816058
12629.3	-1.2334077604816058
12630.9	-0.9280350604816061
12632.6	-1.2159750604816058
12634.3	-1.4522560604816062
12635.9	-2.208689960481606
12637.6	-2.9509720604816057
12639.3	-3.660749660481605
12640.9	-3.645512360481605
12642.6	-3.629934360481606
12644.3	-3.1372820604816054
12645.9	-2.8967660604816063
12647.6	-2.903486060481606
12649.3	-3.095762600481606
12650.9	-3.248478060481607
12652.6	-3.4806090604816062
12654.3	-3.256078060481606
12655.9	-3.0091130604816057
12657.6	-3.0695043604816057
12659.3	-2.967188060481606
12661.0	-2.831865760481606
12662.6	-2.7398160604816058
12664.3	-2.304402060481606
12666.0	-1.915446060481606
12667.6	-1.7716630604816057
12669.3	-1.6103911604816061
12671.0	-1.7457664604816059
12672.6	-2.066588060481606
12674.3	-2.3624320604816056
12676.0	-2.8026050604816057
12677.6	-2.9811550604816053
12679.3	-2.572624060481606
12681.0	-2.3066392604816057
12682.6	-2.125676160481606
12684.3	-1.7858157604816056
12686.0	-1.796997060481606
12687.6	-1.8127707604816057
12689.3	-2.155213060481606
12691.0	-2.479837060481606
12692.6	-2.654756060481606
12694.3	-2.9017350604816055
12696.0	-2.9722250604816063
12697.6	-2.606875360481606
12699.3	-2.1527287604816063
12701.0	-1.8248129604816057
12702.6	-2.0029830604816063
12704.3	-2.246771060481606
12706.0	-2.256528060481606
12707.7	-1.9626691604816062
12709.3	-1.5311409604816055
12711.0	-1.0480787604816058
12712.7	-0.8568908604816059
12714.3	-1.0608315604816059
12716.0	-1.4175560604816062
12717.7	-1.550759060481606
12719.3	-1.624002790481606
12721.0	-1.5561830604816056
12722.7	-1.8458390804816058
12724.3	-2.1138750604816057
12726.0	-2.7418420604816056
12727.7	-2.863578760481606
12729.3	-2.452485320481606
12731.0	-1.6051497604816056
12732.7	-0.5991118604816058
12734.3	-0.05205026048160599
12736.0	-0.1013480604816059
12737.7	-0.44958206048160576
12739.3	-1.3995415604816057
12741.0	-2.4111950604816057
12742.7	-3.2008720604816063
12744.3	-3.8211180604816057
12746.0	-3.7706570604816063
12747.7	-3.1945400604816054
12749.3	-2.514323060481606
12751.0	-1.506113060481606
12752.7	-0.929959260481606
12754.4	-0.670652860481606
12756.0	-0.9098831672816058
12757.7	-1.2601902604816062
12759.4	-1.618984060481606
12761.0	-1.913195860481606
12762.7	-2.6062804604816057
12764.4	-2.9049430604816058
12766.0	-3.120105460481606
12767.7	-2.920128290481606
12769.4	-2.379935560481606
12771.0	-1.7451614604816061
12772.7	-1.306916260481606
12774.4	-0.923478160481606
12776.0	-0.9814178604816057
12777.7	-0.6296061604816059
12779.4	-0.3422483404816058
12781.0	-0.13802596048160592
12782.7	0.028118839518394
12784.4	-0.05338506048160587
12786.0	-0.8065715604816059
12787.7	-1.560958060481606
12789.4	-2.1123199604816056
12791.0	-2.5155510604816063
12792.7	-2.7434540604816062
12794.4	-2.9290740604816063
12796.1	-3.1707351504816055
12797.7	-3.018506660481606
12799.4	-3.3374453284816057
12801.1	-3.647520060481605
12802.7	-3.456329060481606
12804.4	-3.3204640604816062
12806.1	-2.8802570604816053
12807.7	-2.0541130604816056
12809.4	-1.525760060481606
12811.1	-0.874770360481606
12812.7	-0.6477691604816059
12814.4	-0.7264940604816058
12816.1	-0.9200520604816059
12817.7	-1.218700060481606
12819.4	-1.7421681604816055
12821.1	-2.1554016604816058
12822.7	-2.5975124604816062
12824.4	-2.956329060481606
12826.1	-2.9089291604816054
12827.7	-2.8774830604816057
12829.4	-2.949694060481606
12831.1	-3.1262695604816058
12832.7	-3.352185420481606
12834.4	-3.760290060481606
12836.1	-3.9126710604816055
12837.7	-3.7150122604816054
12839.4	-3.534221160481606
12841.1	-3.156027260481606
12842.8	-2.979568060481606
12844.4	-2.537637760481606
12846.1	-2.0715360604816055
12847.8	-1.452149370481606
12849.4	-0.7804175604816057
12851.1	0.05126893951839433
12852.8	0.21662893951839407
12854.4	0.18964263951839425
12856.1	-0.34958806048160573
12857.8	-0.7511044604816061
12859.4	-1.0758165604816057
12861.1	-1.2326892604816055
12862.8	-0.895285360481606
12864.4	-0.4939040604816058
12866.1	-0.36526216048160587
12867.8	-0.1401031604816059
12869.4	-0.5240397604816057
12871.1	-1.131226060481606
12872.8	-1.5565100604816058
12874.4	-2.063106060481606
12876.1	-2.204151060481606
12877.8	-1.6176415104816058
12879.4	-1.4555515604816058
12881.1	-0.7439819604816058
12882.8	-0.752287460481606
12884.4	-1.1404732604816057
12886.1	-1.554174460481606
12887.8	-1.7967565104816061
12889.5	-2.222012458481606
12891.1	-2.038779960481606
12892.8	-2.1837349404816058
12894.5	-2.1570420604816056
12896.1	-2.388377060481606
12897.8	-2.316444060481606
12899.5	-2.312849060481606
12901.1	-2.1095416804816054
12902.8	-2.0895630604816056
12904.5	-1.8599476424816057
12906.1	-1.7250574604816058
12907.8	-1.6963267604816057
12909.5	-1.983145460481606
12911.1	-1.9122170604816062
12912.8	-1.967911060481606
12914.5	-1.7422280604816056
12916.1	-1.809616460481606
12917.8	-1.9406399604816056
12919.5	-2.196111670481606
12921.1	-2.652287060481606
12922.8	-3.2158835604816063
12924.5	-3.183762400481606
12926.1	-2.865216660481606
12927.8	-2.5434093604816055
12929.5	-2.1740998604816055
12931.1	-2.1973710604816055
12932.8	-2.0648720604816058
12934.5	-1.732216060481606
12936.2	-1.570548060481606
12937.8	-1.2884108604816058
12939.5	-0.8728763604816059
12941.2	-0.9944717604816059
12942.8	-1.135741060481606
12944.5	-1.433947060481606
12946.2	-1.6541545604816057
12947.8	-1.5607774604816058
12949.5	-1.742228860481606
12951.2	-2.1536790604816063
12952.8	-2.364341360481606
12954.5	-2.955979560481606
12956.2	-3.419660460481606
12957.8	-3.750505760481605
12959.5	-3.8537350604816054
12961.2	-3.4511440604816057
12962.8	-2.771999660481606
12964.5	-2.032588360481606
12966.2	-1.053767660481606
12967.8	-0.6915570604816058
12969.5	-0.8069442604816061
12971.2	-1.410639060481606
12972.8	-2.2730580604816057
12974.5	-2.7950450604816055
12976.2	-3.009964960481606
12977.9	-2.8126476604816064
12979.5	-2.594952960481606
12981.2	-2.3626430604816067
12982.9	-2.3535940604816057
12984.5	-2.2007937604816057
12986.2	-2.3816233604816057
12987.9	-2.020262660481606
12989.5	-1.8342497604816064
12991.2	-1.318763860481606
12992.9	-1.2749990604816062
12994.5	-1.3083840604816062
12996.2	-1.7320390604816058
12997.9	-1.7029931604816055
12999.5	-1.9485190604816058
13001.2	-1.6079800604816061
13002.9	-1.542013560481606
13004.5	-1.4088520604816062
13006.2	-1.7847460604816061
13007.9	-1.940619060481606
13009.5	-2.041852830481606
13011.2	-1.6162603604816055
13012.9	-1.080235060481606
13014.5	-0.488418460481606
13016.2	-0.36157006048160584
13017.9	-0.2981180604816058
13019.5	-0.6703158604816059
13021.2	-0.8667870604816059
13022.9	-1.067948460481606
13024.6	-1.2004476604816057
13026.2	-1.258204060481606
13027.9	-0.9692950604816056
13029.6	-0.9560017604816059
13031.2	-0.8481382604816057
13032.9	-0.8683957604816058
13034.6	-1.0841401604816059
13036.2	-1.207964960481606
13037.9	-1.641928160481606
13039.6	-2.3416218604816055
13041.2	-2.415768360481606
13042.9	-2.3390353604816054
13044.6	-2.000207600481606
13046.2	-1.432370960481606
13047.9	-1.0397370604816056
13049.6	-1.0870734604816057
13051.2	-1.658714360481606
13052.9	-2.565709460481606
13054.6	-3.057116060481606
13056.2	-3.1986221474816054
13057.9	-3.106617060481606
13059.6	-2.9573590604816054
13061.2	-2.4813224604816058
13062.9	-2.242135960481606
13064.6	-1.8960714604816058
13066.2	-1.9716200604816059
13067.9	-2.0419890604816056
13069.6	-2.117655060481606
13071.3	-2.165679060481606
13072.9	-1.6733880604816058
13074.6	-1.190660060481606
13076.3	-1.178601060481606
13077.9	-1.2119330604816057
13079.6	-1.7663137604816062
13081.3	-2.166694760481606
13082.9	-2.0590869604816056
13084.6	-1.987110060481606
13086.3	-1.7967349604816056
13087.9	-1.799887990481606
13089.6	-2.178608900481606
13091.3	-2.3918888604816058
13092.9	-2.408256960481606
13094.6	-2.259623060481606
13096.3	-2.164890960481606
13097.9	-1.8987514604816056
13099.6	-1.6668311604816062
13101.3	-1.0831650604816059
13102.9	-1.0335810604816058
13104.6	-0.8610010604816063
13106.3	-1.0162287604816058
13107.9	-1.1206159604816062
13109.6	-1.640535660481606
13111.3	-1.8142950604816062
13112.9	-2.012506060481606
13114.6	-1.8472470604816056
13116.3	-1.7836886604816065
13118.0	-1.728355860481606
13119.6	-1.6983610604816057
13121.3	-1.690042260481606
13123.0	-2.233655460481606
13124.6	-2.6254763404816055
13126.3	-2.8923890604816056
13128.0	-2.7430048604816055
13129.6	-1.859558760481606
13131.3	-0.9897760004816062
13133.0	-0.2949232604816059
13134.6	0.1513849395183943
13136.3	-0.0030510604816059938
13138.0	-0.4034266904816059
13139.6	-1.1365242604816062
13141.3	-1.4927090604816058
13143.0	-1.662702060481606
13144.6	-1.7173429604816062
13146.3	-1.4723608204816059
13148.0	-0.9875022604816056
13149.6	-0.4127917604816055
13151.3	-0.2891769604816059
13153.0	-0.5762157604816058
13154.6	-1.0020244604816058
13156.3	-1.4918283604816058
13158.0	-2.027192760481606
13159.7	-2.216068060481606
13161.3	-2.160417760481606
13163.0	-1.585302060481606
13164.7	-1.3673090604816056
13166.3	-1.213492460481606
13168.0	-0.8075651604816059
13169.7	-0.699148720481606
13171.3	-0.9028683804816062
13173.0	-0.8262805604816059
13174.7	-0.8624851604816056
13176.3	-1.1018555604816058
13178.0	-1.117608060481606
13179.7	-1.9062577604816056
13181.3	-2.287668860481606
13183.0	-2.720661060481606
13184.7	-2.865800060481606
13186.3	-2.866335060481606
13188.0	-2.674032060481606
13189.7	-2.885127060481606
13191.3	-2.747675860481606
13193.0	-2.3764630604816057
13194.7	-1.5272171604816056
13196.3	-0.7249110604816058
13198.0	0.08352903951839381
13199.7	0.23292693951839438
13201.3	-0.3002722604816058
13203.0	-1.244320810481606
13204.7	-2.075973060481606
13206.4	-2.5404050604816057
13208.0	-2.593473060481606
13209.7	-2.4112770604816065
13211.4	-2.102519860481606
13213.0	-1.6128891604816062
13214.7	-1.2589981604816056
13216.4	-1.7131793604816061
13218.0	-1.678183960481606
13219.7	-1.5170530604816062
13221.4	-1.1289657604816061
13223.0	-0.4365720604816058
13224.7	-0.12546406048160597
13226.4	0.1431396395183942
13228.0	0.19782813951839423
13229.7	-0.5343280604816059
13231.4	-1.098132160481606
13233.0	-1.148885060481606
13234.7	-1.0702320604816058
13236.4	-0.8849020604816058
13238.0	-0.837319060481606
13239.7	-0.891475060481606
13241.4	-1.3469155604816059
13243.0	-1.799967060481606
13244.7	-2.4027100604816063
13246.4	-2.6726545604816057
13248.0	-2.244657060481606
13249.7	-1.9670350604816058
13251.4	-1.512894560481606
13253.1	-1.4103177604816057
13254.7	-1.5573372604816058
13256.4	-1.648290460481606
13258.1	-1.8905630604816062
13259.7	-1.9988160604816059
13261.4	-1.614797360481606
13263.1	-1.635479460481606
13264.7	-1.588000060481606
13266.4	-1.5989612604816057
13268.1	-1.357712060481606
13269.7	-0.5138510604816058
13271.4	-0.2386800604816058
13273.1	-0.11502627048160577
13274.7	-0.6333940604816057
13276.4	-1.6117775604816054
13278.1	-2.453482360481606
13279.7	-2.9971897604816062
13281.4	-2.9433842604816056
13283.1	-2.645797060481606
13284.7	-2.343331460481606
13286.4	-1.791775560481606
13288.1	-1.450167060481606
13289.7	-1.2415230604816057
13291.4	-0.5322460604816059
13293.1	-0.4459809604816062
13294.7	-0.49627256048160595
13296.4	-0.823905260481606
13298.1	-1.0843453604816058
13299.8	-1.230445860481606
13301.4	-1.5600779404816059
13303.1	-2.098965660481606
13304.8	-2.0946548604816058
13306.4	-1.8974967604816058
13308.1	-2.0241801604816057
13309.8	-2.057179060481606
13311.4	-2.314854160481606
13313.1	-2.511417670481605
13314.8	-2.431448160481606
13316.4	-2.2701140604816055
13318.1	-1.7887500604816058
13319.8	-1.343325830481606
13321.4	-1.6651287604816063
13323.1	-2.340864060481606
13324.8	-2.650293060481606
13326.4	-2.432846060481606
13328.1	-1.598596760481606
13329.8	-0.6519480604816058
13331.4	-0.12809886048160601
13333.1	-0.2032180604816059
13334.8	-1.0523718604816057
13336.4	-2.201241160481606
13338.1	-2.788971560481606
13339.8	-2.999601840481606
13341.5	-2.8948639604816058
13343.1	-2.7284876604816057
13344.8	-2.6645790604816058
13346.5	-2.923234060481606
13348.1	-3.0939080604816063
13349.8	-3.378619360481605
13351.5	-2.9955790604816057
13353.1	-2.987325560481606
13354.8	-2.730190060481606
13356.5	-2.900365280481606
13358.1	-3.239165060481606
13359.8	-3.844227060481606
13361.5	-3.8357300604816054
13363.1	-3.7657030604816057
13364.8	-3.315561060481606
13366.5	-2.926596160481606
13368.1	-2.718708060481606
13369.8	-2.496407060481606
13371.5	-2.013123060481606
13373.1	-1.2906300604816061
13374.8	-0.507027260481606
13376.5	0.15788093951839413
13378.1	-0.1294940604816059
13379.8	-0.7761100604816059
13381.5	-2.105163160481606
13383.1	-3.1735964604816056
13384.8	-3.7965850604816063
13386.5	-3.5267950604816063
13388.2	-3.2040150604816064
13389.8	-2.7210000604816065
13391.5	-2.1827730604816056
13393.2	-1.8614650604816056
13394.8	-1.8388840604816061
13396.5	-1.7396170604816057
13398.2	-1.8185979604816063
13399.8	-1.8802440604816055
13401.5	-1.9056100604816055
13403.2	-2.2346970604816057
13404.8	-2.3597440604816056
13406.5	-2.868737060481606
13408.2	-3.0606780604816057
13409.8	-3.003665060481606
13411.5	-2.524990760481606
13413.2	-2.225042060481606
13414.8	-2.2526960604816053
13416.5	-2.605828060481606
13418.2	-3.324073060481606
13419.8	-4.151468660481605
13421.5	-4.591811060481606
13423.2	-4.677206860481607
13424.8	-4.040170260481606
13426.5	-3.4749837604816056
13428.2	-2.747412660481606
13429.8	-2.046572250481606
13431.5	-1.7599994604816058
13433.2	-1.875010560481606
13434.9	-2.111887260481606
13436.5	-2.4320453604816055
13438.2	-2.1114101604816056
13439.9	-1.8945156604816062
13441.5	-1.3653464604816057
13443.2	-0.9765558304816062
13444.9	-1.002177960481606
13446.5	-1.3241922604816057
13448.2	-1.9434517604816055
13449.9	-2.912697060481606
13451.5	-3.6290120604816054
13453.2	-4.140684060481606
13454.9	-3.9894800604816063
13456.5	-3.527295060481606
13458.2	-2.7718600604816057
13459.9	-2.339804060481606
13461.5	-1.9099890604816063
13463.2	-1.9161274604816056
13464.9	-1.564053060481606
13466.5	-1.3756220604816058
13468.2	-0.977400860481606
13469.9	-1.077519060481606
13471.5	-1.132566160481606
13473.2	-1.4633780604816056
13474.9	-1.2828440604816058
13476.5	-1.365658060481606
13478.2	-0.49186026048160614
13479.9	-0.06077472048160617
13481.6	0.1649205095183941
13483.2	-0.031095760481605693
13484.9	-0.4524989604816058
13486.6	-1.5601183604816058
13488.2	-2.1174752604816063
13489.9	-2.896349060481606
13491.6	-3.1421280604816055
13493.2	-2.8028340604816053
13494.9	-1.9189362604816058
13496.6	-1.065405060481606
13498.2	-0.07363006048160585
13499.9	-0.06773006048160601
13501.6	-0.28619666048160564
13503.2	-0.5661990604816062
13504.9	-1.118648060481606
13506.6	-1.4382228604816059
13508.2	-1.8058037604816057
13509.9	-2.593415060481606
13511.6	-3.280261060481606
13513.2	-4.201032060481606
13514.9	-4.433768060481606
13516.6	-4.6027800604816065
13518.2	-4.353752060481606
13519.9	-3.8118795604816063
13521.6	-3.0041323604816057
13523.3	-2.493922060481606
13524.9	-1.9154581604816059
13526.6	-1.9723381604816062
13528.3	-2.004650060481606
13529.9	-2.4625560604816066
13531.6	-2.910249060481606
13533.3	-3.232601960481605
13534.9	-3.3314963604816064
13536.6	-3.1479573604816062
13538.3	-2.8488654604816057
13539.9	-2.495097330481606
13541.6	-2.049492060481606
13543.3	-2.2343961604816056
13544.9	-2.8816678604816057
13546.6	-3.6835540604816055
13548.3	-4.232031060481606
13549.9	-3.9147040604816064
13551.6	-3.1041450604816054
13553.3	-2.233292060481606
13554.9	-1.378827060481606
13556.6	-1.1323670604816056
13558.3	-1.2974929604816061
13559.9	-1.376991960481606
13561.6	-1.2667905604816059
13563.3	-1.1766157604816059
13564.9	-1.320521730481606
13566.6	-1.8922307604816058
13568.3	-2.909083560481606
13570.0	-4.122490060481606
13571.6	-4.949740060481607
13573.3	-5.449692060481607
13575.0	-5.191983060481606
13576.6	-4.565676060481605
13578.3	-3.593568060481606
13580.0	-2.485806060481606
13581.6	-1.6681710604816065
13583.3	-1.7784600604816059
13585.0	-1.9861920604816057
13586.6	-2.8114932604816056
13588.3	-3.179596460481606
13590.0	-3.3816450604816053
13591.6	-2.994480360481606
13593.3	-2.390711360481606
13595.0	-1.6432781604816058
13596.6	-1.167034060481606
13598.3	-0.8355999604816059
13600.0	-0.7896838604816059
13601.6	-0.8876380604816061
13603.3	-1.263617960481606
13605.0	-1.603507060481606
13606.6	-2.311665060481606
13608.3	-3.104408520481606
13610.0	-3.655727360481606
13611.6	-4.082364460481605
13613.3	-3.607359060481606
13615.0	-2.795078360481606
13616.7	-1.6426997604816058
13618.3	-0.7064602604816059
13620.0	-0.0294380604816058
13621.7	-0.001046960481606085
13623.3	0.0867445395183946
13625.0	-0.020354060481605797
13626.7	-0.40734946048160603
13628.3	-0.703396060481606
13630.0	-1.2138110604816057
13631.7	-1.8742980604816062
13633.3	-2.3229120604816056
13635.0	-2.9410580604816055
13636.7	-3.026965060481606
13638.3	-2.581006260481606
13640.0	-2.5127550604816062
13641.7	-1.8554740604816058
13643.3	-1.6490800604816065
13645.0	-1.617916160481606
13646.7	-1.7010284604816057
13648.3	-1.333273060481606
13650.0	-0.6108820604816062
13651.7	0.500410359518394
13653.3	0.8730960895183941
13655.0	1.4051145295183942
13656.7	1.335833139518394
13658.3	1.4282629395183943
13660.0	1.3355024395183943
13661.7	1.1912084395183942
13663.4	0.6264049395183939
13665.0	0.07436393951839415
13666.7	-1.2029970604816058
13668.4	-1.7935400604816063
13670.0	-2.223863740481606
13671.7	-2.097439450481606
13673.4	-1.2901992604816057
13675.0	-0.6518851604816056
13676.7	-0.35009270048160585
13678.4	0.2092170395183941
13680.0	-0.13842876048160574
13681.7	-0.39811319048160587
13683.4	-0.5327031604816059
13685.0	-0.6348244604816061
13686.7	-0.4479190604816058
13688.4	-0.306065060481606
13690.0	-0.39907806048160593
13691.7	-0.2239092604816058
13693.4	-0.6500175604816062
13695.0	-1.1383192604816064
13696.7	-1.6285710104816062
13698.4	-2.6706731604816056
13700.0	-3.851562060481606
13701.7	-5.015998060481605
13703.4	-6.133101060481606
13705.0	-6.395306860481607
13706.7	-6.218471760481606
13708.4	-5.432748060481605
13710.1	-4.459599060481606
13711.7	-4.057880560481606
13713.4	-3.5340371604816054
13715.1	-3.068228360481606
13716.7	-2.6650903604816065
13718.4	-1.7665952604816062
13720.1	-1.138398060481606
13721.7	-0.656160060481606
13723.4	-0.6307920604816061
13725.1	-0.9176700604816055
13726.7	-1.4602747604816055
13728.4	-1.7781450604816058
13730.1	-2.617273460481606
13731.7	-3.415379960481606
13733.4	-4.356673880481606
13735.1	-5.071683240481606
13736.7	-5.472637260481606
13738.4	-4.911594860481605
13740.1	-4.360354360481606
13741.7	-3.1925188604816066
13743.4	-2.0371067604816053
13745.1	-0.9416460604816059
13746.7	-0.09141256048160584
13748.4	0.08096793951839407
13750.1	-0.2910855504816058
13751.8	-1.133922960481606
13753.4	-2.2538037604816057
13755.1	-2.859995060481606
13756.8	-2.9303662604816063
13758.4	-2.337731060481606
13760.1	-1.6554336604816058
13761.8	-1.2691700604816059
13763.4	-1.518040060481606
13765.1	-1.7361350604816057
13766.8	-2.0809340604816056
13768.4	-2.033473060481606
13770.1	-1.472682060481606
13771.8	-0.6659623604816061
13773.4	0.22152613951839414
13775.1	0.777923939518394
13776.8	0.9311701595183942
13778.4	0.24046963951839392
13780.1	-0.5021062604816061
13781.8	-1.464984060481606
13783.4	-2.1846930604816057
13785.1	-2.217388060481606
13786.8	-1.630611060481606
13788.4	-0.8495410604816058
13790.1	0.3506429395183941
13791.8	0.8251073095183938
13793.4	1.0862079395183941
13795.1	0.8358072395183942
13796.8	-0.04712276048160593
13798.5	-0.6888540604816058
13800.1	-1.172980760481606
13801.8	-1.142818060481606
13803.5	-0.7905114604816061
13805.1	-0.31074566048160596
13806.8	0.13508963951839403
13808.5	0.11583033951839417
13810.1	-0.191741160481606
13811.8	-1.1078397604816057
13813.5	-2.0483120604816056
13815.1	-2.786095060481606
13816.8	-3.334928060481606
13818.5	-2.893945060481606
13820.1	-2.001960120481606
13821.8	-1.286027260481606
13823.5	-0.752226260481606
13825.1	-0.9484664604816059
13826.8	-1.7759790604816055
13828.5	-2.4651740604816057
13830.1	-3.241216660481606
13831.8	-3.591490660481605
13833.5	-3.383090260481606
13835.1	-2.737179060481606
13836.8	-2.180865560481606
13838.5	-1.7264180604816062
13840.1	-1.8257740604816057
13841.8	-2.4283580604816057
13843.5	-2.966468060481606
13845.2	-3.562890060481606
13846.8	-3.967683060481606
13848.5	-3.839756060481605
13850.2	-3.4222060604816056
13851.8	-3.3169160604816055
13853.5	-2.7903958604816053
13855.2	-2.2568800604816053
13856.8	-1.5496638604816062
13858.5	-0.9133950604816057
13860.2	-1.0607620604816062
13861.8	-1.8469120604816058
13863.5	-2.542223460481605
13865.2	-3.3238860604816063
13866.8	-3.6380390604816055
13868.5	-3.197091060481606
13870.2	-2.653549060481606
13871.8	-1.8888588604816061
13873.5	-1.2684683604816058
13875.2	-1.214525760481606
13876.8	-1.196822960481606
13878.5	-1.4129510604816058
13880.2	-2.1228027604816058
13881.8	-2.938707680481606
13883.5	-3.9565900604816067
13885.2	-4.617391060481607
13886.8	-4.398312360481606
13888.5	-4.055487560481606
13890.2	-3.190765160481606
13891.9	-2.7732520604816058
13893.5	-2.545260060481606
13895.2	-2.267515060481606
13896.9	-2.2922920604816057
13898.5	-2.2747680604816063
13900.2	-1.513685860481606
13901.9	-0.6211158604816058
13903.5	0.228400839518394
13905.2	0.6094601395183938
13906.9	0.44597893951839396
13908.5	-0.05098606048160601
13910.2	-0.861338960481606
13911.9	-1.728410660481606
13913.5	-2.078245329481606
13915.2	-1.977359660481606
13916.9	-2.100462860481606
13918.5	-2.463069860481606
13920.2	-3.1062540604816062
13921.9	-3.921976060481606
13923.5	-4.844622060481607
13925.2	-4.614098060481606
13926.9	-3.800734060481606
13928.5	-2.810901060481606
13930.2	-2.0940850604816057
13931.9	-1.836876360481606
13933.6	-2.160099060481606
13935.2	-2.3438720604816057
13936.9	-3.1920200604816062
13938.6	-3.2031226604816063
13940.2	-3.2897847604816057
13941.9	-3.5647406604816054
13943.6	-4.0670918604816055
13945.2	-3.8481651604816056
13946.9	-3.7089028604816057
13948.6	-2.9767086604816058
13950.2	-3.041465260481606
13951.9	-3.215303060481606
13953.6	-3.522962060481606
13955.2	-3.563291060481606
13956.9	-3.5003803604816057
13958.6	-2.374146060481606
13960.2	-1.4950760504816056
13961.9	-0.605354460481606
13963.6	-0.7163497604816058
13965.2	-1.0090639604816058
13966.9	-1.4603696604816059
13968.6	-1.7450385604816059
13970.2	-1.896205060481606
13971.9	-1.3289460604816061
13973.6	-0.7824930604816057
13975.2	-0.03779926048160594
13976.9	-0.15056016048160575
13978.6	-0.3632208604816058
13980.3	-0.8250140604816061
13981.9	-1.1149551604816057
13983.6	-1.641702060481606
13985.3	-1.834067060481606
13986.9	-1.8202980604816055
13988.6	-1.804574480481606
13990.3	-1.8451818404816058
13991.9	-1.5685878604816061
13993.6	-1.558663760481606
13995.3	-1.284818960481606
13996.9	-1.524324060481606
13998.6	-1.7466140604816058
14000.3	-1.9228240604816063
14001.9	-2.053550060481606
14003.6	-2.298862060481606
14005.3	-2.3638930604816055
14006.9	-2.6631501604816057
14008.6	-2.8269678604816058
14010.3	-2.583086660481606
14011.9	-1.8432500604816062
14013.6	-1.1430965604816055
14015.3	-0.6158138604816059
14016.9	-0.7398100604816057
14018.6	-1.1163120604816057
14020.3	-2.0672110604816063
14021.9	-3.077947960481606
14023.6	-3.672022160481606
14025.3	-4.225447260481606
14027.0	-4.282802360481606
14028.6	-4.255779060481606
14030.3	-3.8729500604816054
14032.0	-2.819166960481606
14033.6	-2.5937922604816057
14035.3	-2.177600060481606
14037.0	-1.9120888604816055
14038.6	-1.612438060481606
14040.3	-1.013047060481606
14042.0	-0.4383790604816061
14043.6	0.25446193951839413
14045.3	0.9423439395183941
14047.0	0.4384861395183939
14048.6	0.069535639518394
14050.3	-0.7180567604816059
14052.0	-1.1945384604816058
14053.6	-1.749746960481606
14055.3	-2.3955630604816056
14057.0	-2.5664496804816057
14058.6	-2.501718600481606
14060.3	-2.611915460481606
14062.0	-2.5002425604816056
14063.6	-2.769886060481606
14065.3	-2.9219389604816057
14067.0	-3.2134730604816064
14068.6	-3.764934060481606
14070.3	-3.8125040604816056
14072.0	-3.5349067604816065
14073.7	-3.2541360604816054
14075.3	-2.657943560481606
14077.0	-2.4518232604816066
14078.7	-2.399102460481605
14080.3	-2.182838860481606
14082.0	-2.265612860481606
14083.7	-2.5846040604816056
14085.3	-2.3846488604816054
14087.0	-2.3708150604816054
14088.7	-1.9669307604816066
14090.3	-1.6576210604816057
14092.0	-1.5210908604816058
14093.7	-1.3034454104816058
14095.3	-0.9724646604816062
14097.0	-1.115278060481606
14098.7	-1.2319907704816058
14100.3	-1.1548040604816059
14102.0	-1.0036260604816059
14103.7	-0.8492820604816057
14105.3	-0.7472730604816059
14107.0	-0.583991860481606
14108.7	-0.3666134604816059
14110.3	-0.6108880604816058
14112.0	-0.8949083604816057
14113.7	-1.096019660481606
14115.4	-1.389553460481606
14117.0	-1.479438560481606
14118.7	-1.3028748704816056
14120.4	-1.142445860481606
14122.0	-0.731175710481606
14123.7	-0.8275371604816062
14125.4	-0.9914956604816059
14127.0	-1.3655690604816058
14128.7	-1.8634646604816059
14130.4	-2.430966060481606
14132.0	-2.346024660481606
14133.7	-2.188811060481606
14135.4	-1.9299903604816055
14137.0	-1.6305239304816055
14138.7	-1.6280929604816055
14140.4	-1.619556060481606
14142.0	-1.6982560604816062
14143.7	-1.9528310604816057
14145.4	-1.9420505604816056
14147.0	-2.188493160481605
14148.7	-2.422988060481606
14150.4	-2.4162520604816056
14152.0	-2.637247060481606
14153.7	-2.707719060481606
14155.4	-2.8076600604816058
14157.0	-2.890078260481606
14158.7	-2.790985360481606
14160.4	-2.829697060481606
14162.1	-2.905821760481606
14163.7	-2.8062220604816064
14165.4	-2.9191240604816056
14167.1	-2.583442060481606
14168.7	-2.208141860481606
14170.4	-1.9578414604816061
14172.1	-1.7034681604816062
14173.7	-1.9589010604816057
14175.4	-2.0207688504816064
14177.1	-2.273765760481606
14178.7	-2.8689570604816064
14180.4	-3.037007660481606
14182.1	-3.1807238604816064
14183.7	-3.489677460481606
14185.4	-3.176688760481606
14187.1	-2.9671980604816057
14188.7	-2.1700717604816058
14190.4	-1.6641870604816056
14192.1	-1.5972940604816053
14193.7	-1.3921380604816058
14195.4	-1.2177630604816057
14197.1	-1.379388860481606
14198.7	-1.2596458604816057
14200.4	-1.570836160481606
14202.1	-1.754813060481606
14203.7	-2.1512615604816063
14205.4	-2.2836609604816056
14207.1	-2.1189970604816057
14208.8	-1.6622502604816056
14210.4	-1.4559581604816059
14212.1	-1.2303044604816058
14213.8	-1.439689260481606
14215.4	-1.7410235604816056
14217.1	-2.2677334604816055
14218.8	-2.6663860604816056
14220.4	-2.7820470604816054
14222.1	-3.0867860604816055
14223.8	-3.385215160481606
14225.4	-3.407116460481606
14227.1	-3.3087788604816053
14228.8	-2.946234060481606
14230.4	-2.840399060481606
14232.1	-2.916043060481606
14233.8	-2.9345230604816064
14235.4	-3.4829930604816055
14237.1	-3.7637330604816057
14238.8	-3.5303591604816056
14240.4	-3.5091010604816057
14242.1	-3.2133090604816053
14243.8	-3.0025020604816057
14245.4	-2.8821920604816063
14247.1	-2.236424060481606
14248.8	-1.6882011604816056
14250.4	-0.9830209604816058
14252.1	-0.05812682048160589
14253.8	0.37528423951839407
14255.5	0.11236793951839422
14257.1	-0.13241606048160567
14258.8	-0.9937009604816058
14260.5	-2.1736169604816054
14262.1	-3.011379360481606
14263.8	-3.639169260481606
14265.5	-3.529787460481606
14267.1	-3.1555444004816056
14268.8	-2.598510560481606
14270.5	-2.1650330604816057
14272.1	-1.8603130604816058
14273.8	-2.0473490604816056
14275.5	-1.8318030604816058
14277.1	-1.5094600604816062
14278.8	-0.6297030604816058
14280.5	-0.4991590604816061
14282.1	-0.24009106048160594
14283.8	-0.770065060481606
14285.5	-1.2159470604816058
14287.1	-1.7343935604816056
14288.8	-1.616260560481606
14290.5	-1.4191175604816062
14292.1	-0.7658388604816058
14293.8	-0.8210092604816059
14295.5	-0.6738118604816055
14297.2	-0.822996060481606
14298.8	-0.9502070604816059
14300.5	-0.6035579604816058
14302.2	-0.44910806048160595
14303.8	-0.652278060481606
14305.5	-1.003335060481606
14307.2	-2.0385810604816057
14308.8	-2.811368060481606
14310.5	-3.1334420604816056
14312.2	-3.3134420604816057
14313.8	-2.8439700604816056
14315.5	-2.322908060481606
14317.2	-1.5870874604816056
14318.8	-0.6930560604816058
14320.5	-0.35859036048160603
14322.2	-0.20107006048160586
14323.8	-0.8098735604816059
14325.5	-1.6415290604816057
14327.2	-2.9820624604816057
14328.8	-3.883957060481606
14330.5	-4.607123060481606
14332.2	-4.717557360481607
14333.8	-4.5926900604816066
14335.5	-3.589654060481606
14337.2	-2.828139060481606
14338.8	-1.4024090604816062
14340.5	-0.8795730704816058
14342.2	-0.8981107604816057
14343.9	-1.5474779604816056
14345.5	-2.2708410604816054
14347.2	-2.986171060481606
14348.9	-2.673776960481606
14350.5	-2.693646060481606
14352.2	-2.1621070604816057
14353.9	-1.9042060604816058
14355.5	-1.9318410604816063
14357.2	-1.9278646604816057
14358.9	-1.880229560481606
14360.5	-2.0331411604816063
14362.2	-1.681951060481606
14363.9	-1.4599245604816056
14365.5	-1.2310723604816058
14367.2	-1.1203690604816057
14368.9	-1.239429960481606
14370.5	-1.4622932604816061
14372.2	-2.047717960481606
14373.9	-2.7778800604816056
14375.5	-3.397612260481606
14377.2	-3.719880060481605
14378.9	-3.6327133604816053
14380.5	-2.9800560604816058
14382.2	-2.1637230604816056
14383.9	-1.3757035604816064
14385.5	-0.8550576604816055
14387.2	-0.6179790604816062
14388.9	-0.743004820481606
14390.6	-1.335288060481606
14392.2	-1.992347060481606
14393.9	-2.8791190604816057
14395.6	-3.702777160481606
14397.2	-4.406354060481606
14398.9	-4.501195160481606
14400.6	-4.283933060481607
14402.2	-4.167669060481606
14403.9	-4.002093060481606
14405.6	-3.757312060481606
14407.2	-3.622856060481605
14408.9	-2.863355460481605
14410.6	-2.3261880604816065
14412.2	-1.892205260481606
14413.9	-1.7902687604816059
14415.6	-2.1837733384816063
14417.2	-2.6160513604816065
14418.9	-2.9892261304816055
14420.6	-3.407106060481606
14422.2	-3.1555930604816056
14423.9	-2.8861080604816056
14425.6	-2.4254162704816054
14427.2	-2.0481477104816057
14428.9	-1.9518470604816058
14430.6	-2.119398300481606
14432.2	-2.4161411604816054
14433.9	-2.818652119481606
14435.6	-2.7849940604816057
14437.3	-2.699335960481606
14438.9	-2.121722160481606
14440.6	-1.5157859604816057
14442.3	-1.3791057604816057
14443.9	-1.6017080604816059
14445.6	-2.2115491604816055
14447.3	-3.615143060481606
14448.9	-4.7266144604816045
14450.6	-5.574836060481607
14452.3	-5.121702060481605
14453.9	-4.408070060481607
14455.6	-4.077450260481606
14457.3	-3.923685760481606
14458.9	-3.8153660604816055
14460.6	-3.956270660481606
14462.3	-3.348852660481606
14463.9	-2.2924003604816057
14465.6	-0.6553316604816057
14467.3	0.24508023951839406
14468.9	0.08993803951839414
14470.6	-0.5132514604816057
14472.3	-1.233775360481606
14473.9	-2.0128473604816057
14475.6	-2.900606560481606
14477.3	-3.757546560481606
14479.0	-4.4966510604816055
14480.6	-5.224974760481605
14482.3	-5.573519060481606
14484.0	-5.058478060481606
14485.6	-4.183658060481606
14487.3	-3.027261760481606
14489.0	-2.1647497604816066
14490.6	-1.3756390604816058
14492.3	-1.1940030604816054
14494.0	-1.6900432604816058
14495.6	-2.443888060481606
14497.3	-3.3716780604816057
14499.0	-4.003377060481606
14500.6	-3.960748060481606
14502.3	-3.6704920604816067
14504.0	-2.875053060481606
14505.6	-2.4186440604816055
14507.3	-2.542918660481606
14509.0	-2.4685050604816055
14510.6	-2.755402060481606
14512.3	-2.995118060481606
14514.0	-3.194832060481606
14515.6	-3.5564571604816058
14517.3	-3.7880230604816054
14519.0	-3.5878790604816055
14520.6	-3.0982450604816054
14522.3	-2.245301060481606
14524.0	-1.341892860481606
14525.7	-1.062255660481606
14527.3	-1.0571548404816062
14529.0	-1.447056760481606
14530.7	-1.723892860481606
14532.3	-1.5598110604816056
14534.0	-1.050853060481606
14535.7	-0.7874760604816059
14537.3	-0.2191518604816058
14539.0	-0.594917260481606
14540.7	-1.3173120604816067
14542.3	-2.081041560481606
14544.0	-2.5322614604816054
14545.7	-1.9091357604816062
14547.3	-0.8456005604816059
14549.0	0.0569511395183941
14550.7	0.6521699395183942
14552.3	0.5480775395183939
14554.0	-0.3930775604816061
14555.7	-1.217058060481606
14557.3	-2.2098370604816053
14559.0	-2.8326988604816066
14560.7	-3.4747730604816054
14562.3	-3.7209892604816064
14564.0	-3.9863120604816067
14565.7	-3.9827040604816055
14567.3	-4.244101060481606
14569.0	-4.591917060481606
14570.7	-4.707692060481605
14572.4	-4.687300060481606
14574.0	-4.556295060481605
14575.7	-4.137061060481606
14577.4	-3.727716060481606
14579.0	-3.330879060481606
14580.7	-2.971307060481606
14582.4	-2.692937060481605
14584.0	-2.617386060481606
14585.7	-2.258493060481606
14587.4	-2.260043060481606
14589.0	-2.5861499604816056
14590.7	-2.771079060481606
14592.4	-3.128583760481606
14594.0	-3.1670262604816064
14595.7	-3.014982920481606
14597.4	-2.8489890604816055
14599.0	-1.906019960481606
14600.7	-1.273011260481606
14602.4	-0.9727365604816057
14604.0	-1.1459150604816057
14605.7	-2.0811726604816054
14607.4	-2.639666160481606
14609.0	-3.222700060481606
14610.7	-3.4188850604816055
14612.4	-2.9274470604816054
14614.0	-2.7088890604816056
14615.7	-2.2920652604816056
14617.4	-2.2917990604816056
14619.1	-2.488700660481606
14620.7	-2.773686160481606
14622.4	-3.317541060481606
14624.1	-3.4901500604816063
14625.7	-3.4515880604816056
14627.4	-3.1820570604816063
14629.1	-2.7033270604816058
14630.7	-2.299373060481606
14632.4	-1.933485060481606
14634.1	-1.755442060481606
14635.7	-1.9915926604816057
14637.4	-2.519487960481606
14639.1	-3.156697460481606
14640.7	-3.8003065904816062
14642.4	-4.243857060481606
14644.1	-4.1390480604816045
14645.7	-3.520785860481605
14647.4	-3.2668943604816056
14649.1	-2.697906560481606
14650.7	-2.4199453604816052
14652.4	-1.919060060481606
14654.1	-1.4002620604816058
14655.7	-0.5098397604816061
14657.4	0.06917833951839399
14659.1	0.4969664395183943
14660.8	0.21076963951839436
14662.4	-0.6267180604816059
14664.1	-1.807438060481606
14665.8	-2.8480290604816063
14667.4	-3.9186358604816056
14669.1	-4.008866360481607
14670.8	-3.6872708604816054
14672.4	-2.870133060481606
14674.1	-1.7704200604816058
14675.8	-0.902465060481606
14677.4	-0.5414432604816058
14679.1	-0.5777719604816058
14680.8	-1.5414370604816061
14682.4	-2.7016000604816055
14684.1	-4.153739060481605
14685.8	-4.4822650604816054
14687.4	-4.133619060481606
14689.1	-3.0079180604816065
14690.8	-2.1519040604816064
14692.4	-1.353985060481606
14694.1	-1.2342110604816061
14695.8	-1.7569207604816062
14697.4	-2.0853360604816054
14699.1	-2.0470580604816053
14700.8	-1.9226942604816055
14702.4	-1.3260539604816057
14704.1	-1.075114760481606
14705.8	-1.0486790604816059
14707.5	-1.5120768604816057
14709.1	-2.5300281604816055
14710.8	-3.3121494604816055
14712.5	-3.705611060481606
14714.1	-3.746115060481606
14715.8	-3.3447842604816054
14717.5	-2.6854030604816064
14719.1	-2.095183060481606
14720.8	-2.1973230604816067
14722.5	-2.236873160481606
14724.1	-2.1825612604816054
14725.8	-2.3570890604816057
14727.5	-2.412990060481606
14729.1	-2.508149060481606
14730.8	-2.4226110604816062
14732.5	-2.349440360481606
14734.1	-2.3584613214816064
14735.8	-2.242094330481606
14737.5	-1.9271615604816055
14739.1	-1.859989260481606
14740.8	-1.7205750604816061
14742.5	-1.716461660481606
14744.1	-1.8065110604816064
14745.8	-2.378669660481606
14747.5	-3.3524860604816054
14749.1	-4.019249060481607
14750.8	-4.5647281604816055
14752.5	-4.629024460481606
14754.2	-3.847281950481606
14755.8	-2.653645060481606
14757.5	-1.3359510604816058
14759.2	-0.479564860481606
14760.8	-0.4844360604816057
14762.5	-0.753838060481606
14764.2	-1.0998970604816063
14765.8	-1.6363330604816064
14767.5	-2.1431635604816064
14769.2	-2.697836460481606
14770.8	-3.507656260481606
14772.5	-3.819208990481606
14774.2	-3.8422960604816048
14775.8	-3.4694340604816056
14777.5	-2.6728860604816065
14779.2	-2.080190560481606
14780.8	-2.1630700604816058
14782.5	-2.388124060481606
14784.2	-2.879612060481606
14785.8	-3.2554050604816056
14787.5	-3.773617060481606
14789.2	-4.433763360481606
14790.8	-5.321118860481605
14792.5	-5.440999060481606
14794.2	-5.476222060481606
14795.8	-4.640730060481607
14797.5	-3.3282335604816056
14799.2	-2.1124456604816055
14800.9	-1.826019360481606
14802.5	-1.8236563604816058
14804.2	-2.3980600604816056
14805.9	-2.798037060481606
14807.5	-2.9955880604816056
14809.2	-2.699747060481606
14810.9	-2.3666370604816054
14812.5	-2.124384860481606
14814.2	-2.445728460481606
14815.9	-3.0447042204816057
14817.5	-3.6062960604816054
14819.2	-3.766226060481606
14820.9	-3.5505560604816053
14822.5	-3.1363500604816053
14824.2	-3.006693060481606
14825.9	-3.1842100604816053
14827.5	-3.637299060481607
14829.2	-3.923373060481606
14830.9	-4.482269360481606
14832.5	-4.364934060481606
14834.2	-3.8647721604816048
14835.9	-3.319062160481606
14837.5	-2.823426360481606
14839.2	-2.461474060481606
14840.9	-2.6010476604816057
14842.6	-2.8391952904816056
14844.2	-2.8574954604816063
14845.9	-2.711189090481605
14847.6	-2.525903360481606
14849.2	-2.239920960481606
14850.9	-2.336788560481606
14852.6	-2.401296060481606
14854.2	-2.4157030604816065
14855.9	-2.0020568604816065
14857.6	-1.259158060481606
14859.2	-0.9877955604816059
14860.9	-1.663602170481606
14862.6	-2.8352249504816056
14864.2	-4.255177660481606
14865.9	-5.631954860481606
14867.6	-6.623468360481607
14869.2	-6.880087060481605
14870.9	-6.682934060481607
14872.6	-6.219438060481606
14874.2	-5.6041976604816055
14875.9	-5.093266760481606
14877.6	-4.850428060481606
14879.2	-4.812102060481605
14880.9	-4.8569160604816055
14882.6	-4.845675460481606
14884.2	-4.734041260481606
14885.9	-4.597056660481605
14887.6	-4.230653060481606
14889.3	-3.568804560481605
14890.9	-2.871446060481606
14892.6	-2.0589680604816056
14894.3	-1.3505580604816059
14895.9	-1.1347092604816058
14897.6	-1.6255100604816057
14899.3	-2.582278060481605
14900.9	-3.5920860604816056
14902.6	-4.273241060481606
14904.3	-4.465660060481605
14905.9	-4.045569160481606
14907.6	-3.688872060481605
14909.3	-2.8689870604816057
14910.9	-2.474886460481606
14912.6	-2.354995270481606
14914.3	-2.6641505604816063
14915.9	-3.098553060481606
14917.6	-3.8602430604816065
14919.3	-3.817638060481606
14920.9	-4.383774260481607
14922.6	-4.374783060481606
14924.3	-4.391305060481606
14925.9	-4.8456880604816055
14927.6	-5.347344060481605
14929.3	-5.471199060481607
14930.9	-5.954493060481607
14932.6	-5.027933060481606
14934.3	-4.312726160481605
14936.0	-3.3113210604816055
14937.6	-2.579106060481606
14939.3	-2.420855860481606
14941.0	-2.891018060481606
14942.6	-3.1900960604816064
14944.3	-3.877727060481606
14946.0	-3.785752060481606
14947.6	-3.9901446604816053
14949.3	-4.060602260481605
14951.0	-4.759656060481605
14952.6	-5.028972060481607
14954.3	-5.117201460481607
14956.0	-4.830947060481606
14957.6	-4.4699580604816065
14959.3	-4.067804060481605
14961.0	-4.271226060481605
14962.6	-4.211759060481606
14964.3	-4.317724860481606
14966.0	-3.6265064604816053
14967.6	-2.937458460481606
14969.3	-2.4765458604816053
14971.0	-2.4401861604816064
14972.6	-2.6876236604816057
14974.3	-3.3541877604816057
14976.0	-3.917728360481605
14977.6	-4.565402060481604
14979.3	-4.689133060481607
14981.0	-4.763039660481606
14982.7	-4.508064060481606
14984.3	-4.051404060481605
14986.0	-3.3944340604816055
14987.7	-2.933975060481606
14989.3	-2.551776060481606
14991.0	-2.665818060481606
14992.7	-3.1472460604816055
14994.3	-4.044232060481606
14996.0	-4.639301060481606
14997.7	-5.1830039604816065
14999.3	-5.088717560481606
15001.0	-5.215187060481606
15002.7	-4.793004060481606
15004.3	-4.3263074604816065
15006.0	-4.384353660481606
15007.7	-4.741562460481606
15009.3	-4.362470500481606
15011.0	-4.294462060481607
15012.7	-3.764142060481606
15014.3	-3.187999660481606
15016.0	-2.6251409704816058
15017.7	-2.044685760481606
15019.3	-2.042633360481606
15021.0	-2.368430060481606
15022.7	-2.1133010604816063
15024.4	-1.690747060481606
15026.0	-0.6196396604816057
15027.7	0.4814434395183942
15029.4	1.2826071895183944
15031.0	1.5838033395183941
15032.7	1.1557479395183943
15034.4	0.2841188395183939
15036.0	-0.5606862604816059
15037.7	-1.6461020604816063
15039.4	-2.272497060481606
15041.0	-3.036571460481606
15042.7	-3.7170730604816056
15044.4	-3.9214130604816058
15046.0	-3.4405290604816052
15047.7	-2.480061060481606
15049.4	-1.317270360481606
15051.0	-0.7794430604816056
15052.7	-0.5821560604816056
15054.4	-1.0438270604816058
15056.0	-1.7376433604816062
15057.7	-2.559616460481606
15059.4	-2.7665480604816053
15061.0	-2.755071060481606
15062.7	-2.4429660604816057
15064.4	-2.3652420604816053
15066.0	-2.0703270604816058
15067.7	-1.9852740604816055
15069.4	-2.3216690604816055
15071.1	-2.7494862944816054
15072.7	-3.383072060481605
15074.4	-3.8516040604816055
15076.1	-4.298025360481606
15077.7	-4.548862860481607
15079.4	-4.197949750481606
15081.1	-3.341619060481606
15082.7	-2.716419360481606
15084.4	-1.9523051604816053
15086.1	-1.9672260604816063
15087.7	-2.224996060481606
15089.4	-2.5632716604816057
15091.1	-2.983205560481606
15092.7	-3.174536060481606
15094.4	-3.1435033604816054
15096.1	-2.790046060481606
15097.7	-2.7451900604816055
15099.4	-2.4713210604816065
15101.1	-2.2025379604816067
15102.7	-1.6304890604816058
15104.4	-1.3144220604816055
15106.1	-1.597256060481606
15107.7	-1.6545637804816054
15109.4	-1.4763471604816059
15111.1	-1.6997215604816058
15112.7	-1.604113060481606
15114.4	-1.3760210604816057
15116.1	-1.041841060481606
15117.8	-0.3998115604816056
15119.4	-0.3041720604816057
15121.1	0.1364429395183941
15122.8	-0.005153260481606114
15124.4	-0.8950618604816057
15126.1	-2.168802060481606
15127.8	-3.178272760481606
15129.4	-4.304799060481606
15131.1	-4.944360060481607
15132.8	-5.321318560481606
15134.4	-5.257888060481607
15136.1	-4.926046060481606
15137.8	-4.119675060481606
15139.4	-3.450721060481605
15141.1	-2.4900110604816064
15142.8	-2.275374060481606
15144.4	-2.7563380604816055
15146.1	-3.574546060481606
15147.8	-4.567358060481605
15149.4	-5.105895860481605
15151.1	-4.558801060481605
15152.8	-3.936697060481605
15154.4	-3.1785800604816057
15156.1	-2.7878903604816054
15157.8	-2.8458980604816055
15159.4	-2.9464310604816064
15161.1	-2.5893738604816057
15162.8	-2.1090468604816053
15164.5	-1.2479200604816059
15166.1	-0.842945460481606
15167.8	-1.1414003604816056
15169.5	-1.9045143604816057
15171.1	-2.7933680604816056
15172.8	-3.290460060481606
15174.5	-2.849797660481606
15176.1	-2.2819090604816052
15177.8	-1.3891294604816058
15179.5	-1.072056660481606
15181.1	-1.444836060481606
15182.8	-1.7481030604816064
15184.5	-2.394269060481606
15186.1	-2.9241987604816058
15187.8	-2.952205260481606
15189.5	-3.0168469604816055
15191.1	-3.4366985604816067
15192.8	-4.177817860481605
15194.5	-5.269000660481605
15196.1	-5.343322460481606
15197.8	-5.345756060481606
15199.5	-4.774434060481605
15201.1	-3.6485170604816055
15202.8	-2.199271060481606
15204.5	-1.2722763604816059
15206.2	-0.957260060481606
15207.8	-1.1626130604816054
15209.5	-1.5679290604816063
15211.2	-2.418390960481606
15212.8	-2.793581060481606
15214.5	-2.4972570604816062
15216.2	-1.8736680604816058
15217.8	-1.2094150604816059
15219.5	-0.7417830604816057
15221.2	-0.5958943604816059
15222.8	-0.9359188604816058
15224.5	-1.679593460481606
15226.2	-2.295161760481606
15227.8	-2.453438860481606
15229.5	-2.875403160481606
15231.2	-3.0069584604816058
15232.8	-3.0170934604816058
15234.5	-3.1587080604816062
15236.2	-3.143206360481605
15237.8	-3.0852660604816053
15239.5	-2.754409060481606
15241.2	-2.246679760481606
15242.8	-1.9420680604816059
15244.5	-1.4775010604816061
15246.2	-1.074034460481606
15247.8	-0.6730760604816061
15249.5	-0.35018406048160583
15251.2	-0.8735950604816057
15252.9	-1.681687360481606
15254.5	-3.0103520604816056
15256.2	-3.8530353604816057
15257.9	-4.231748060481606
15259.5	-3.855214960481606
15261.2	-3.038943060481606
15262.9	-1.7889287604816058
15264.5	-0.9987370604816057
15266.2	-0.8611930604816058
15267.9	-1.0965550104816062
15269.5	-0.812631660481606
15271.2	-0.9131037604816058
15272.9	-1.0574892604816069
15274.5	-0.7910311604816057
15276.2	-0.2974980604816057
15277.9	-0.2511040604816057
15279.5	-0.3373970604816061
15281.2	-1.2996508604816057
15282.9	-2.1164950604816055
15284.5	-3.576422460481605
15286.2	-5.161505460481605
15287.9	-5.448234060481605
15289.5	-4.400994360481606
15291.2	-3.3832040604816056
15292.9	-2.0068730604816056
15294.5	-1.6730110604816062
15296.2	-1.530133060481606
15297.9	-2.505688060481606
15299.6	-3.359073060481606
15301.2	-3.316017060481606
15302.9	-2.527301060481606
15304.6	-1.712499060481606
15306.2	-0.8175987104816059
15307.9	-0.5308630604816061
15309.6	-0.8282343604816059
15311.2	-1.5356435604816059
15312.9	-2.106685660481606
15314.6	-2.0380463604816064
15316.2	-1.2492340604816061
15317.9	-0.6702736604816061
15319.6	-0.3742580604816057
15321.2	-0.04107306048160577
15322.9	-0.8167588604816057
15324.6	-1.3418692304816058
15326.2	-1.9543601604816057
15327.9	-2.2645529604816064
15329.6	-2.2881192604816056
15331.2	-1.873947660481606
15332.9	-1.260308460481606
15334.6	-1.001459870481606
15336.2	-0.8775170604816058
15337.9	-0.811587060481606
15339.6	-0.9971287604816059
15341.2	-0.9339075604816063
15342.9	-1.234426580481606
15344.6	-1.5649198604816061
15346.3	-1.6261430604816058
15347.9	-2.186760860481606
15349.6	-2.078814760481606
15351.3	-1.910313860481606
15352.9	-1.1606530604816059
15354.6	-0.785171760481606
15356.3	-0.5855458604816057
15357.9	-0.6124106604816058
15359.6	-1.0082666604816057
15361.3	-2.091915260481606
15362.9	-3.0070144604816056
15364.6	-4.363708060481606
15366.3	-4.501221060481606
15367.9	-4.121139060481605
15369.6	-3.254342860481606
15371.3	-2.4683941604816058
15372.9	-1.796134400481606
15374.6	-1.7324299604816058
15376.3	-2.0169850604816064
15377.9	-2.3562420604816063
15379.6	-2.552685060481606
15381.3	-2.840881260481606
15382.9	-2.879206060481606
15384.6	-3.054509060481606
15386.3	-2.9752333044816055
15388.0	-2.457975060481606
15389.6	-2.1823592604816056
15391.3	-1.832681060481606
15393.0	-2.0349590604816057
15394.6	-2.097900060481606
15396.3	-2.120567060481606
15398.0	-2.074746060481606
15399.6	-1.9637140604816063
15401.3	-2.1012700604816064
15403.0	-2.5249260604816057
15404.6	-2.7878435604816056
15406.3	-3.323919060481606
15408.0	-3.2805370604816053
15409.6	-3.076817960481606
15411.3	-3.356496760481606
15413.0	-3.560099160481605
15414.6	-3.952724060481606
15416.3	-3.9621322604816065
15418.0	-3.670535960481606
15419.6	-2.9629946604816055
15421.3	-2.6392330604816054
15423.0	-2.330392060481606
15424.6	-2.7078955604816057
15426.3	-2.561896260481606
15428.0	-2.996439060481606
15429.6	-2.4752410604816055
15431.3	-2.083490060481606
15433.0	-1.5225650604816057
15434.7	-1.3466580604816056
15436.3	-1.4745724604816055
15438.0	-2.3272892604816056
15439.7	-2.286765060481606
15441.3	-2.579704660481606
15443.0	-1.9398433604816063
15444.7	-1.164411260481606
15446.3	-0.468597060481606
15448.0	-0.6525464604816059
15449.7	-1.730829860481606
15451.3	-3.583717160481606
15453.0	-5.397838060481606
15454.7	-6.620971060481606
15456.3	-6.451345960481606
15458.0	-6.276583660481605
15459.7	-5.102083060481606
15461.3	-4.3161676604816055
15463.0	-4.350143060481606
15464.7	-4.403757060481605
15466.3	-4.746125060481606
15468.0	-4.902405860481606
15469.7	-3.730270060481606
15471.3	-2.924846060481606
15473.0	-1.933601060481606
15474.7	-1.0338497604816062
15476.3	-1.1229130604816056
15478.0	-1.5846085604816058
15479.7	-1.645270360481606
15481.4	-1.7389350604816058
15483.0	-1.282374960481606
15484.7	-0.8989527604816061
15486.4	-1.281076260481606
15488.0	-1.804658760481606
15489.7	-2.7329740604816055
15491.4	-3.431160260481606
15493.0	-3.3014205204816056
15494.7	-3.2063188604816064
15496.4	-2.9050025604816065
15498.0	-2.8111950604816065
15499.7	-3.1751484704816058
15501.4	-3.565703060481605
15503.0	-4.206871060481605
15504.7	-4.233613460481605
15506.4	-3.7002430604816063
15508.0	-2.947890060481606
15509.7	-1.9137630604816056
15511.4	-1.4609440604816062
15513.0	-1.334908060481606
15514.7	-1.2988416604816062
15516.4	-1.0769000604816061
15518.0	-0.6896620604816057
15519.7	-0.06355906048160609
15521.4	0.14362993951839412
15523.0	0.13553393951839404
15524.7	-1.295728060481606
15526.4	-2.807765060481606
15528.1	-4.492226060481606
15529.7	-4.875626060481606
15531.4	-4.884767060481606
15533.1	-4.144489060481606
15534.7	-3.283152060481606
15536.4	-2.5077620604816055
15538.1	-2.726695060481606
15539.7	-2.9057199604816057
15541.4	-3.8265442604816053
15543.1	-3.868920560481606
15544.7	-3.8631845604816055
15546.4	-3.721327060481606
15548.1	-3.4565980604816056
15549.7	-3.4098930604816062
15551.4	-3.7880860604816062
15553.1	-4.246820560481606
15554.7	-4.590444860481606
15556.4	-4.207583960481605
15558.1	-3.4242726604816065
15559.7	-2.2646100604816057
15561.4	-1.8637130604816057
15563.1	-1.944066060481606
15564.7	-3.0979702604816057
15566.4	-4.256756260481606
15568.1	-5.055536860481605
15569.8	-5.808618530481605
15571.4	-6.077929560481605
15573.1	-6.166984060481607
15574.8	-6.534408560481606
15576.4	-6.4333472604816055
15578.1	-6.608891660481605
15579.8	-6.238660060481605
15581.4	-5.164091560481607
15583.1	-3.632947560481606
15584.8	-2.116322060481606
15586.4	-0.846731060481606
15588.1	-0.3540418104816059
15589.8	-0.9091141604816062
15591.4	-1.9973310604816057
15593.1	-3.036270060481606
15594.8	-3.7946720604816058
15596.4	-3.6956090604816056
15598.1	-3.729875760481606
15599.8	-4.062201060481606
15601.4	-3.601100960481605
15603.1	-3.320994860481606
15604.8	-3.272743060481605
15606.4	-3.289867060481606
15608.1	-3.5239558604816055
15609.8	-3.6240800604816052
15611.4	-2.8941263604816063
15613.1	-2.225387060481606
15614.8	-1.0426100604816058
15616.5	-0.325194060481606
15618.1	-0.8408160604816061
15619.8	-1.7684690604816062
15621.5	-2.930026660481606
15623.1	-3.107579060481606
15624.8	-2.5329852604816057
15626.5	-1.869962160481606
15628.1	-1.5046610604816055
15629.8	-1.620454060481606
15631.5	-2.594851160481606
15633.1	-3.3708200904816055
15634.8	-4.453968060481605
15636.5	-3.9762490604816056
15638.1	-3.5234787604816065
15639.8	-2.322135460481606
15641.5	-1.969053660481606
15643.1	-1.9481838604816057
15644.8	-2.460170660481606
15646.5	-2.7945600604816057
15648.1	-3.1636900604816063
15649.8	-2.020547660481606
15651.5	-1.4494892604816054
15653.1	-0.29183084048160596
15654.8	-0.3814985604816057
15656.5	-1.144019660481606
15658.1	-1.771395360481606
15659.8	-2.613607060481606
15661.5	-3.5744650604816064
15663.2	-4.210297060481606
15664.8	-4.908041060481606
15666.5	-5.202915060481606
15668.2	-5.1980718604816065
15669.8	-4.8597700604816065
15671.5	-4.525766060481606
15673.2	-5.066170060481605
15674.8	-6.104140060481606
15676.5	-7.618809060481607
15678.2	-8.187078060481605
15679.8	-7.7141702604816045
15681.5	-6.481992280481606
15683.2	-4.113535060481606
15684.8	-2.699498960481606
15686.5	-1.9236131604816062
15688.2	-1.678882060481606
15689.8	-2.326252460481606
15691.5	-3.086606060481606
15693.2	-3.699725060481606
15694.8	-4.387421060481605
15696.5	-4.633961920481606
15698.2	-5.189400460481605
15699.8	-5.449465860481606
15701.5	-5.757645060481606
15703.2	-5.4295260604816065
15704.8	-4.744340060481605
15706.5	-3.6645340604816057
15708.2	-2.4615975104816057
15709.9	-1.3670614604816058
15711.5	-0.7458716604816062
15713.2	-0.08560790048160571
15714.9	-0.24329736048160572
15716.5	-0.2537848604816057
15718.2	-1.4226540604816058
15719.9	-2.754683060481606
15721.5	-4.539505460481606
15723.2	-5.425609060481606
15724.9	-5.809301660481606
15726.5	-5.225438560481606
15728.2	-4.914932060481606
15729.9	-4.285856060481605
15731.5	-4.371980060481606
15733.2	-4.1693910604816065
15734.9	-3.730427060481606
15736.5	-3.0741287604816057
15738.2	-2.584304840481606
15739.9	-1.8608601604816062
15741.5	-1.7067212404816061
15743.2	-1.2448030604816058
15744.9	-1.218245660481606
15746.5	-1.2276553604816058
15748.2	-1.649272260481606
15749.9	-2.173400460481606
15751.6	-2.652791740481606
15753.2	-2.5649972604816056
15754.9	-2.4020180604816064
15756.6	-1.7419470604816056
15758.2	-1.9928960604816062
15759.9	-2.188013060481606
15761.6	-2.561996060481605
15763.2	-2.776842060481606
15764.9	-2.7452990604816057
15766.6	-2.866451760481606
15768.2	-3.1311867604816057
15769.9	-3.7981311604816055
15771.6	-4.260266560481606
15773.2	-4.712838960481606
15774.9	-4.7778798604816055
15776.6	-4.306207060481606
15778.2	-3.6715190604816064
15779.9	-3.315719060481606
15781.6	-2.6371948604816056
15783.2	-2.346325460481606
15784.9	-1.650776060481606
15786.6	-1.0109950604816058
15788.2	-1.2563827604816058
15789.9	-1.411520060481606
15791.6	-1.912290060481606
15793.2	-2.592214160481606
15794.9	-3.3871070604816054
15796.6	-3.705373660481606
15798.3	-3.181732060481606
15799.9	-2.569062250481606
15801.6	-2.3980642604816054
15803.3	-1.9847808604816062
15804.9	-2.069419150481606
15806.6	-1.9037660604816058
15808.3	-2.3248160604816057
15809.9	-3.537471060481606
15811.6	-3.8133250604816062
15813.3	-3.8712160604816055
15814.9	-4.136464960481606
15816.6	-3.315299060481606
15818.3	-2.3844541604816056
15819.9	-1.354685260481606
15821.6	-0.36939306048160575
15823.3	-0.014587360481606026
15824.9	0.026863639518394055
15826.6	0.36782473951839434
15828.3	-0.6395670604816057
15829.9	-1.5698220904816058
15831.6	-2.916786060481606
15833.3	-3.651756760481606
15834.9	-4.082294060481605
15836.6	-3.693130060481606
15838.3	-3.0368316604816057
15839.9	-2.3119770604816052
15841.6	-2.1723317604816055
15843.3	-1.924799060481606
15845.0	-3.183863860481607
15846.6	-3.9747330604816065
15848.3	-4.499370060481606
15850.0	-5.079669560481606
15851.6	-4.776792060481606
15853.3	-4.694635060481606
15855.0	-4.749613060481606
15856.6	-4.514255760481605
15858.3	-4.783160760481605
15860.0	-4.6329820604816065
15861.6	-3.6859865604816067
15863.3	-3.0247880604816055
15865.0	-2.497521060481606
15866.6	-2.5664510604816058
15868.3	-3.4563620604816068
15870.0	-4.497080060481606
15871.6	-5.343118060481606
15873.3	-5.747472060481606
15875.0	-5.4487210604816045
15876.6	-4.840027860481606
15878.3	-4.888233060481605
15880.0	-5.284915860481606
15881.6	-6.277181060481606
15883.3	-6.744292060481605
15885.0	-6.099194560481605
15886.6	-5.338582960481605
15888.3	-4.431573060481606
15890.0	-3.4589098604816058
15891.7	-3.1043660604816057
15893.3	-3.270971060481606
15895.0	-3.5143850604816067
15896.7	-3.4741713604816056
15898.3	-2.929022160481606
15900.0	-2.390488660481606
15901.7	-2.1728730604816064
15903.3	-1.7497770604816059
15905.0	-1.759651060481606
15906.7	-2.2594177604816057
15908.3	-3.3623582604816056
15910.0	-4.609905982481607
15911.7	-5.665576160481606
15913.3	-6.087068060481606
15915.0	-6.250688060481606
15916.7	-6.020889060481606
15918.3	-5.650606360481606
15920.0	-4.954721060481606
15921.7	-4.074212060481606
15923.3	-3.4974236604816062
15925.0	-3.091063060481606
15926.7	-3.138940060481606
15928.3	-3.5096670604816063
15930.0	-4.216655060481605
15931.7	-4.490017060481606
15933.4	-4.327600660481606
15935.0	-3.931635460481606
15936.7	-3.398348160481606
15938.4	-3.2264717604816058
15940.0	-3.5722436604816052
15941.7	-3.388031660481605
15943.4	-3.076114060481606
15945.0	-2.480782460481606
15946.7	-1.9716080604816058
15948.4	-1.9794110604816058
15950.0	-1.9917178604816055
15951.7	-2.4824850604816056
15953.4	-3.473644060481606
15955.0	-3.9722901604816068
15956.7	-4.391580060481607
15958.4	-4.503969060481607
15960.0	-4.536500060481606
15961.7	-4.689524060481606
15963.4	-4.173034060481607
15965.0	-3.8790730604816055
15966.7	-3.475534060481606
15968.4	-2.876197060481606
15970.0	-2.420309460481606
15971.7	-2.1235857604816055
15973.4	-1.5649608604816059
15975.0	-1.180382060481606
15976.7	-0.6365953604816059
15978.4	-0.425251460481606
15980.1	-0.29486886048160577
15981.7	-0.035067870481605555
15983.4	0.12805003951839442
15985.1	0.3064668395183944
15986.7	0.519274539518394
15988.4	0.8189129395183941
15990.1	-0.052959060481605834
15991.7	-1.6785024104816055
15993.4	-3.387768060481605
15995.1	-5.403165060481606
15996.7	-6.2022930604816064
15998.4	-6.362300560481607
16000.1	-5.749982290481606
16001.7	-3.8056070604816057
16003.4	-2.4025244604816054
16005.1	-1.708259860481606
16006.7	-0.6534428604816058
16008.4	-1.0849380604816061
16010.1	-1.5247127304816057
16011.7	-2.843936860481606
16013.4	-4.265092460481606
16015.1	-5.174025760481607
16016.7	-4.775042760481607
16018.4	-4.306558760481606
16020.1	-3.4896990604816067
16021.7	-2.8517690604816055
16023.4	-2.8203960604816056
16025.1	-3.4673700604816053
16026.8	-3.5412370604816052
16028.4	-3.8752100604816055
16030.1	-3.117477060481606
16031.8	-3.045314060481606
16033.4	-3.2062590604816052
16035.1	-3.162670560481606
16036.8	-2.7509886604816054
16038.4	-2.9513220604816057
16040.1	-2.5683160604816058
16041.8	-3.355109360481606
16043.4	-3.6781383604816056
16045.1	-4.389302060481606
16046.8	-4.883272360481605
16048.4	-5.467304060481607
16050.1	-5.314123660481607
16051.8	-5.498254260481607
16053.4	-4.967551460481605
16055.1	-4.314653360481605
16056.8	-3.425838160481606
16058.4	-2.9058763604816056
16060.1	-3.3135818304816063
16061.8	-4.106962760481605
16063.4	-5.448310960481606
16065.1	-6.429430260481605
16066.8	-7.141612060481606
16068.4	-6.911734060481606
16070.1	-6.2759630604816055
16071.8	-5.448240060481607
16073.5	-4.984101060481606
16075.1	-4.214253060481606
16076.8	-3.661762060481606
16078.5	-3.042882060481605
16080.1	-2.5693459604816056
16081.8	-1.9173600604816055
16083.5	-1.5438609604816058
16085.1	-1.8441233604816056
16086.8	-2.121081360481606
16088.5	-2.973575870481606
16090.1	-3.1235478123816063
16091.8	-2.973624860481606
16093.5	-2.5528364604816063
16095.1	-1.9343850604816057
16096.8	-1.191829060481606
16098.5	-1.0082410604816059
16100.1	-1.0411780604816059
16101.8	-1.704842060481606
16103.5	-2.3286225604816053
16105.1	-2.840725060481606
16106.8	-3.024619060481606
16108.5	-3.2170040604816057
16110.1	-3.529462760481606
16111.8	-3.5178646604816057
16113.5	-3.5333226604816064
16115.2	-3.534518160481606
16116.8	-3.0974140604816056
16118.5	-2.9005422604816062
16120.2	-2.285095460481606
16121.8	-2.323237260481606
16123.5	-2.687145060481606
16125.2	-3.0147500604816058
16126.8	-3.084872250481606
16128.5	-3.335665060481605
16130.2	-3.2108828604816053
16131.8	-3.708468060481606
16133.5	-4.095775260481606
16135.2	-4.787113060481606
16136.8	-5.016768060481605
16138.5	-4.308479060481606
16140.2	-3.645958060481606
16141.8	-3.2719870604816057
16143.5	-3.3499069864816056
16145.2	-4.353070060481606
16146.8	-5.401475060481606
16148.5	-5.690942010481606
16150.2	-5.232260060481606
16151.8	-4.269888060481605
16153.5	-3.4656195604816062
16155.2	-3.5489141604816057
16156.8	-3.5265120604816063
16158.5	-3.821802660481606
16160.2	-4.015109360481606
16161.9	-3.581482460481607
16163.5	-2.558782060481606
16165.2	-1.6775900604816059
16166.9	-0.4240140604816057
16168.5	0.3310677395183942
16170.2	0.704965939518394
16171.9	0.602503939518394
16173.5	-0.046184760481606
16175.2	-0.7238040604816057
16176.9	-1.4437857604816056
16178.5	-2.0852841604816055
16180.2	-2.5896772604816056
16181.9	-2.731868660481606
16183.5	-2.536834476481606
16185.2	-2.614634060481606
16186.9	-2.505443060481606
16188.5	-2.199548060481606
16190.2	-2.356540060481606
16191.9	-2.433370290481606
16193.5	-2.5233900604816064
16195.2	-2.813440060481606
16196.9	-2.653727860481606
16198.5	-2.8625295604816063
16200.2	-2.990406060481606
16201.9	-2.709068360481606
16203.5	-2.7452110604816062
16205.2	-2.9163730604816056
16206.9	-2.9935303604816057
16208.6	-3.400286560481605
16210.2	-3.9655118604816053
16211.9	-4.263849160481606
16213.6	-4.839565060481606
16215.2	-5.433722760481605
16216.9	-5.656255060481606
16218.6	-5.880080760481605
16220.2	-5.447410060481606
16221.9	-5.1095850604816055
16223.6	-5.073435560481606
16225.2	-4.608419660481607
16226.9	-4.407641760481606
16228.6	-4.0577800604816066
16230.2	-3.7984610604816056
16231.9	-4.055690060481607
16233.6	-3.6940200604816056
16235.2	-3.8673300604816054
16236.9	-3.583332060481606
16238.6	-3.1542556604816054
16240.2	-3.152602060481606
16241.9	-3.009893060481606
16243.6	-2.8870040604816056
16245.2	-3.424385060481606
16246.9	-3.190648660481606
16248.6	-3.081779460481606
16250.2	-3.2678372604816053
16251.9	-3.401080460481606
16253.6	-4.232182360481606
16255.3	-4.896073360481606
16256.9	-4.9426850604816055
16258.6	-4.079139660481606
16260.3	-2.978910260481605
16261.9	-1.3849749604816055
16263.6	-0.23035436048160599
16265.3	0.3399969395183941
16266.9	0.30088493951839423
16268.6	-0.27857106048160585
16270.3	-1.0719960604816052
16271.9	-1.1749511704816054
16273.6	-1.9486518604816054
16275.3	-2.8247058604816058
16276.9	-3.722425160481606
16278.6	-5.038165060481606
16280.3	-5.151484160481606
16281.9	-5.337206710481605
16283.6	-5.1623250604816056
16285.3	-4.839465060481606
16286.9	-4.820855060481605
16288.6	-4.9829020604816066
16290.3	-4.878110060481605
16291.9	-4.855136060481605
16293.6	-4.213297060481606
16295.3	-3.5592680604816054
16297.0	-2.8550970604816057
16298.6	-1.8317260604816064
16300.3	-0.8346574604816059
16302.0	-0.12491776048160581
16303.6	0.04558593951839409
16305.3	-0.3796767604816056
16307.0	-1.4375730604816062
16308.6	-2.435604060481606
16310.3	-3.810660160481606
16312.0	-4.670241060481606
16313.6	-5.592690260481606
16315.3	-6.310711060481605
16317.0	-6.203575060481606
16318.6	-6.140572060481605
16320.3	-6.280436060481607
16322.0	-6.381549060481606
16323.6	-6.710456060481606
16325.3	-6.823325060481606
16327.0	-5.821343060481607
16328.6	-4.827757960481606
16330.3	-3.1540456804816057
16332.0	-2.3405281604816057
16333.6	-2.3649172604816053
16335.3	-2.9257813604816056
16337.0	-3.280465060481606
16338.6	-3.6880990604816057
16340.3	-2.987845460481606
16342.0	-2.4954334604816055
16343.7	-2.0626422604816055
16345.3	-2.4023444604816055
16347.0	-2.4144787604816056
16348.7	-2.6524140604816053
16350.3	-2.280545160481606
16352.0	-2.158198060481606
16353.7	-2.020003060481606
16355.3	-2.758182060481606
16357.0	-3.793201860481606
16358.7	-4.685783260481606
16360.3	-5.197858060481606
16362.0	-5.260342460481605
16363.7	-5.331878060481605
16365.3	-5.167640060481605
16367.0	-4.739778060481605
16368.7	-3.525184060481606
16370.3	-2.8573156604816052
16372.0	-1.8120880604816054
16373.7	-2.0449120604816056
16375.3	-3.015492060481606
16377.0	-4.494683060481606
16378.7	-4.832373060481606
16380.3	-5.038306060481605
16382.0	-3.895673860481606
16383.7	-3.0816340604816057
16385.3	-2.165956160481606
16387.0	-1.8721564604816057
16388.7	-0.9189491604816059
16390.4	-0.7038770604816058
16392.0	-0.5776253604816057
16393.7	-1.072517260481606
16395.4	-2.4195761604816064
16397.0	-3.896732360481606
16398.7	-4.820318060481606
16400.4	-5.298507060481606
16402.0	-5.140482060481607
16403.7	-5.015016360481606
16405.4	-5.391269060481607
16407.0	-5.682408060481607
16408.7	-6.222680260481606
16410.4	-5.722687960481606
16412.0	-4.970359700481606
16413.7	-3.800651460481606
16415.4	-3.4579880604816062
16417.0	-3.2457092604816062
16418.7	-3.532751172381605
16420.4	-2.8221834604816056
16422.0	-2.1855144604816057
16423.7	-0.9537501604816054
16425.4	-0.05917581048160603
16427.0	-0.28999466048160594
16428.7	-1.6392959604816055
16430.4	-3.1999892604816056
16432.0	-4.322485060481606
16433.7	-4.658272260481605
16435.4	-4.199107990481606
16437.1	-3.8861670604816054
16438.7	-3.385115060481607
16440.4	-3.2856470604816055
16442.1	-2.8587660604816056
16443.7	-3.316431060481606
16445.4	-3.541812060481606
16447.1	-4.047362060481606
16448.7	-4.535822060481606
16450.4	-5.1323070604816055
16452.1	-4.332104060481606
16453.7	-3.744158060481606
16455.4	-2.876138920481606
16457.1	-2.491988060481606
16458.7	-3.087921060481606
16460.4	-3.683107460481606
16462.1	-4.259269460481606
16463.7	-5.322421060481607
16465.4	-5.262541060481605
16467.1	-4.985121760481606
16468.7	-4.186585660481606
16470.4	-2.984716560481606
16472.1	-2.5473066604816057
16473.7	-2.7803660604816054
16475.4	-3.446889560481606
16477.1	-4.400283360481605
16478.8	-4.551553060481606
16480.4	-4.3490525604816055
16482.1	-3.2820190604816064
16483.8	-2.180095360481606
16485.4	-1.935978060481606
16487.1	-2.266552860481606
16488.8	-2.9597916604816055
16490.4	-3.672662060481605
16492.1	-3.9261610604816055
16493.8	-4.160716380481606
16495.4	-2.996279060481606
16497.1	-1.771581060481606
16498.8	-0.757636060481606
16500.4	-0.10922406048160589
16502.1	-0.3711280604816055
16503.8	-0.7997720604816057
16505.4	-1.4173820604816056
16507.1	-2.686684060481606
16508.8	-3.2885908904816055
16510.4	-3.366144060481605
16512.1	-2.9982406604816054
16513.8	-2.2536179604816056
16515.4	-1.634108060481606
16517.1	-1.8473110604816056
16518.8	-2.8078765604816054
16520.4	-4.267616360481606
16522.1	-5.219256260481606
16523.8	-4.868719760481605
16525.5	-3.356676060481606
16527.1	-1.527904060481606
16528.8	0.14494443951839403
16530.5	0.835442639518394
16532.1	0.49380393951839385
16533.8	-1.030455060481606
16535.5	-1.8735630604816051
16537.1	-2.3724200604816064
16538.8	-2.236518060481606
16540.5	-1.683141060481606
16542.1	-1.1369150604816056
16543.8	-1.0933120604816056
16545.5	-1.6573287604816063
16547.1	-2.6085078604816054
16548.8	-3.1223346604816067
16550.5	-3.0977760604816056
16552.1	-3.0560625604816054
16553.8	-3.101000060481606
16555.5	-3.3698420604816057
16557.1	-3.691890060481606
16558.8	-4.202047060481606
16560.5	-3.8574460604816054
16562.1	-3.2886875604816055
16563.8	-2.742408060481606
16565.5	-2.4990574604816063
16567.1	-3.080799460481606
16568.8	-3.7006451604816055
16570.5	-4.298792060481605
16572.2	-4.547853360481605
16573.8	-4.143196060481605
16575.5	-3.593744060481606
16577.2	-3.1435880604816058
16578.8	-3.1170128604816063
16580.5	-3.171635960481606
16582.2	-2.9431810604816055
16583.8	-2.4727860604816057
16585.5	-1.8618332604816055
16587.2	-1.013984860481606
16588.8	-1.0189380604816063
16590.5	-1.4185833604816058
16592.2	-2.5741637604816057
16593.8	-3.617007760481605
16595.5	-3.998756060481605
16597.2	-3.468314060481606
16598.8	-2.8359427604816054
16600.5	-1.8608428604816059
16602.2	-1.581721560481606
16603.8	-1.657208760481606
16605.5	-1.638462060481606
16607.2	-1.5924680604816057
16608.8	-1.8359750604816054
16610.5	-1.9180970604816057
16612.2	-2.960950860481606
16613.8	-3.607391060481606
16615.5	-4.486118940481606
16617.2	-5.3531300604816066
16618.9	-5.823287060481606
16620.5	-5.948280060481606
16622.2	-5.899751060481606
16623.9	-5.692536360481606
16625.5	-5.406151660481608
16627.2	-4.501559060481607
16628.9	-4.371752060481606
16630.5	-4.9427740604816055
16632.2	-5.516696060481606
16633.9	-6.156867060481607
16635.5	-6.3862280604816055
16637.2	-5.997944060481606
16638.9	-5.386073060481605
16640.5	-4.064673060481605
16642.2	-3.106531060481605
16643.9	-3.198919060481606
16645.5	-3.297800460481606
16647.2	-4.157981060481605
16648.9	-4.819164060481605
16650.5	-5.519278860481606
16652.2	-5.569465120481605
16653.9	-5.255601060481605
16655.5	-4.057101060481606
16657.2	-3.1946462604816057
16658.9	-1.7410760604816058
16660.6	-1.7018840604816057
16662.2	-2.1483845604816056
16663.9	-3.2997597604816056
16665.6	-4.724111060481606
16667.2	-5.502779060481606
16668.9	-5.223089060481606
16670.6	-4.587505560481605
16672.2	-3.2846850604816056
16673.9	-1.980215060481606
16675.6	-1.460954360481606
16677.2	-1.125603630481606
16678.9	-1.6038310604816057
16680.6	-2.621907460481606
16682.2	-3.2944070604816056
16683.9	-3.966795060481606
16685.6	-3.883021060481606
16687.2	-3.5515960604816064
16688.9	-3.173101360481606
16690.6	-2.8791007804816053
16692.2	-3.0300570604816057
16693.9	-3.097408060481606
16695.6	-3.4519510604816057
16697.2	-3.758395060481606
16698.9	-4.1282014604816055
16700.6	-4.8899299604816076
16702.2	-5.396366660481606
16703.9	-5.048427460481607
16705.6	-4.9088797604816055
16707.3	-3.781454560481606
16708.9	-3.4865170604816056
16710.6	-3.1596460604816055
16712.3	-3.587126860481605
16713.9	-4.042359060481606
16715.6	-4.598455060481606
16717.3	-4.375123060481606
16718.9	-4.221990060481606
16720.6	-4.219200360481606
16722.3	-4.564812060481605
16723.9	-4.807192060481606
16725.6	-5.098290060481606
16727.3	-4.608837060481605
16728.9	-3.5681360604816055
16730.6	-2.613758960481605
16732.3	-1.7121410604816059
16733.9	-1.7595564604816059
16735.6	-1.896471660481606
16737.3	-2.0851002904816065
16738.9	-1.9564842604816064
16740.6	-2.0243630604816056
16742.3	-2.2232375604816057
16743.9	-2.7095686604816054
16745.6	-2.9657180804816057
16747.3	-2.926915660481606
16748.9	-2.254972960481606
16750.6	-1.400098360481606
16752.3	-0.6476686604816061
16754.0	-0.543039360481606
16755.6	-1.1832120604816059
16757.3	-2.190589160481606
16759.0	-3.1299850604816055
16760.6	-4.0456740604816055
16762.3	-4.338039890481605
16764.0	-4.288982460481606
16765.6	-4.239502060481606
16767.3	-3.969320060481605
16769.0	-3.719144060481605
16770.6	-3.4011970604816057
16772.3	-2.788628860481605
16774.0	-2.7189279604816057
16775.6	-2.5985220604816064
16777.3	-2.3340692604816065
16779.0	-2.692152660481606
16780.6	-3.036149060481606
16782.3	-3.344664960481606
16784.0	-3.600957160481606
16785.6	-3.703997160481606
16787.3	-3.5661040604816057
16789.0	-3.3911840604816055
16790.6	-2.768143810481606
16792.3	-2.2013322704816054
16794.0	-1.945138360481606
16795.6	-1.812710660481606
16797.3	-1.5332053604816056
16799.0	-1.1900310604816056
16800.7	-0.7794400604816054
16802.3	-0.8163970604816061
16804.0	-1.0784160604816058
16805.7	-1.6552664604816059
16807.3	-2.5942417604816064
16809.0	-3.947253560481605
16810.7	-5.181686060481606
16812.3	-6.165884060481606
16814.0	-6.539000060481607
16815.7	-6.527172060481606
16817.3	-6.159145060481606
16819.0	-5.331425060481605
16820.7	-4.741941060481605
16822.3	-4.733218660481606
16824.0	-4.633352960481605
16825.7	-4.617215060481607
16827.3	-4.218753060481605
16829.0	-3.5691630604816056
16830.7	-3.301852460481606
16832.3	-3.2452960604816057
16834.0	-2.8198300604816056
16835.7	-2.881396060481606
16837.3	-2.7536770604816057
16839.0	-2.0894957604816056
16840.7	-1.8942544604816056
16842.4	-1.9063605604816058
16844.0	-2.1770401604816056
16845.7	-3.2791360604816058
16847.4	-3.9242980604816062
16849.0	-4.563812060481607
16850.7	-5.809083060481607
16852.4	-6.268467060481607
16854.0	-6.747965060481604
16855.7	-6.710731060481606
16857.4	-6.147987060481606
16859.0	-5.752805060481606
16860.7	-5.693275060481605
16862.4	-5.223057060481606
16864.0	-5.151542060481606
16865.7	-4.405777060481606
16867.4	-3.808043060481606
16869.0	-3.1895365604816055
16870.7	-3.5092504604816055
16872.4	-3.8736112204816067
16874.0	-4.559307060481606
16875.7	-3.787108060481606
16877.4	-3.0205890604816057
16879.0	-2.107367060481606
16880.7	-1.886502060481606
16882.4	-2.295454260481606
16884.0	-3.296981060481605
16885.7	-3.8681591104816064
16887.4	-3.844986060481606
16889.1	-2.9551091004816064
16890.7	-2.142966560481606
16892.4	-1.7145592604816062
16894.1	-1.6159650604816058
16895.7	-2.2931143604816056
16897.4	-3.154950060481606
16899.1	-4.014204060481606
16900.7	-4.396498060481606
16902.4	-4.716894060481606
16904.1	-4.650936060481607
16905.7	-4.482350060481606
16907.4	-4.245446060481606
16909.1	-4.407192060481606
16910.7	-4.858622760481607
16912.4	-5.295509760481606
16914.1	-5.159092060481606
16915.7	-4.875813060481606
16917.4	-4.4872600604816055
16919.1	-4.054686060481606
16920.7	-3.362488260481605
16922.4	-3.4221917604816054
16924.1	-3.3843930604816057
16925.7	-3.5921980604816057
16927.4	-3.398577060481606
16929.1	-3.482336060481606
16930.7	-3.5886140604816057
16932.4	-3.7117623604816052
16934.1	-3.341653960481606
16935.8	-2.7339000604816053
16937.4	-2.250819060481606
16939.1	-2.022814060481606
16940.8	-2.3978490604816054
16942.4	-3.5163000604816057
16944.1	-5.013985160481606
16945.8	-5.448874760481606
16947.4	-5.661943060481606
16949.1	-4.569057760481606
16950.8	-3.0737669604816062
16952.4	-1.549622360481606
16954.1	-0.768055540481606
16955.8	-0.4366722604816059
16957.4	-1.1876058604816055
16959.1	-1.8671260604816058
16960.8	-2.379413260481606
16962.4	-2.402768060481606
16964.1	-2.3401970604816063
16965.8	-2.546234960481605
16967.4	-2.9914530604816063
16969.1	-4.162703060481606
16970.8	-4.917448060481606
16972.4	-5.552268960481605
16974.1	-5.256830060481606
16975.8	-4.1838704604816055
16977.4	-3.598752660481606
16979.1	-3.4763107604816055
16980.8	-3.5717565604816053
16982.5	-4.415506560481606
16984.1	-5.159354060481606
16985.8	-5.787885060481607
16987.5	-6.465515760481606
16989.1	-6.418399060481606
16990.8	-6.2009745604816064
16992.5	-5.182472060481606
16994.1	-3.899848060481605
16995.8	-3.097198360481606
16997.5	-3.2277718604816057
16999.1	-3.477455460481606
17000.8	-4.172149060481606
17002.5	-4.849193060481606
17004.1	-5.208536060481606
17005.8	-5.224283060481605
17007.5	-5.099048060481605
17009.1	-4.574096060481605
17010.8	-4.158852960481607
17012.5	-3.9200339704816067
17014.1	-3.277869060481605
17015.8	-3.659228060481605
17017.5	-4.147348160481606
17019.1	-4.254733260481606
17020.8	-4.199577060481606
17022.5	-3.8510430604816053
17024.2	-3.3572770604816062
17025.8	-4.433842060481606
17027.5	-4.976341060481607
17029.2	-5.983369060481606
17030.8	-6.514133260481605
17032.5	-6.631102060481605
17034.2	-6.7145810604816045
17035.8	-6.072782160481607
17037.5	-5.475770660481605
17039.2	-5.082142160481606
17040.8	-4.543389060481606
17042.5	-4.315961260481606
17044.2	-4.150351060481605
17045.8	-3.605789060481606
17047.5	-3.500409060481605
17049.2	-2.3153772884816055
17050.8	-1.3895388504816057
17052.5	-0.661062160481606
17054.2	-0.5358645604816059
17055.8	-0.969704060481606
17057.5	-1.1468670604816058
17059.2	-1.607580060481606
17060.8	-2.412106360481606
17062.5	-3.5712310604816055
17064.2	-4.497904060481606
17065.8	-5.269783060481606
17067.5	-5.786888060481607
17069.2	-5.986428060481606
17070.9	-5.9478890604816055
17072.5	-6.557565060481606
17074.2	-6.930152060481605
17075.9	-7.586764060481606
17077.5	-7.771037060481608
17079.2	-6.908607860481605
17080.9	-6.510664460481607
17082.5	-5.775289810481604
17084.2	-5.269238460481606
17085.9	-4.957026960481605
17087.5	-4.338074360481606
17089.2	-3.9461130604816064
17090.9	-4.2866076604816055
17092.5	-4.5291432604816055
17094.2	-5.119785360481606
17095.9	-4.918159060481605
17097.5	-4.041593060481605
17099.2	-2.828109060481606
17100.9	-1.694282060481606
17102.5	-1.143167660481606
17104.2	-1.6800723604816057
17105.9	-2.3889540604816064
17107.5	-3.4375582604816053
17109.2	-3.798556260481606
17110.9	-3.738482060481606
17112.5	-3.504776060481606
17114.2	-3.151350960481606
17115.9	-2.2496790604816055
17117.6	-1.5441670604816058
17119.2	-0.7607580604816061
17120.9	-0.4868683904816059
17122.6	-0.5045770604816063
17124.2	-1.031231060481606
17125.9	-2.2404116104816056
17127.6	-3.3168225604816057
17129.2	-4.2368150604816055
17130.9	-4.0338490604816055
17132.6	-3.3660471904816056
17134.2	-2.2124879604816052
17135.9	-1.4330318604816052
17137.6	-0.8113386604816057
17139.2	-1.7096992604816055
17140.9	-2.1666902604816056
17142.6	-3.128887060481606
17144.2	-3.7328515604816053
17145.9	-3.848490870481606
17147.6	-4.030552060481606
17149.2	-4.344846360481606
17150.9	-4.708475160481605
17152.6	-5.178795770481606
17154.2	-5.275744060481606
17155.9	-4.801261760481606
17157.6	-4.729253960481605
17159.2	-4.283194060481606
17160.9	-4.367394060481606
17162.6	-4.4922040604816065
17164.3	-4.990831320481606
17165.9	-5.1062654404816055
17167.6	-5.431526760481607
17169.3	-5.217598660481607
17170.9	-5.480381160481606
17172.6	-5.3484780604816065
17174.3	-4.995387060481606
17175.9	-4.7863878604816055
17177.6	-4.479413760481606
17179.3	-3.839402760481606
17180.9	-3.786304060481606
17182.6	-3.1883090604816053
17184.3	-3.1908790604816053
17185.9	-3.3783454604816057
17187.6	-3.9879043604816062
17189.3	-5.580205360481607
17190.9	-7.2459508604816065
17192.6	-8.308966060481605
17194.3	-8.851565060481606
17195.9	-8.077602160481606
17197.6	-7.060905060481606
17199.3	-5.701575990481606
17200.9	-4.720198960481605
17202.6	-4.671019460481605
17204.3	-4.917658060481605
17206.0	-5.084170060481606
17207.6	-5.180226160481605
17209.3	-4.655567560481606
17211.0	-4.034322460481606
17212.6	-3.229412260481606
17214.3	-2.8014453604816056
17216.0	-2.357386060481606
17217.6	-2.6136709604816053
17219.3	-2.634481460481606
17221.0	-2.6542240604816056
17222.6	-2.647917060481606
17224.3	-2.0155544504816065
17226.0	-1.1226420604816059
17227.6	-0.5458804604816059
17229.3	-0.21496186048160598
17231.0	-0.36903406048160586
17232.6	-1.1497410604816056
17234.3	-2.1062712604816056
17236.0	-3.390486860481606
17237.6	-4.278787460481605
17239.3	-5.445393060481606
17241.0	-6.368756560481605
17242.6	-6.9883017604816065
17244.3	-6.6779351604816055
17246.0	-6.3728926604816065
17247.6	-5.298901360481606
17249.3	-4.684462060481605
17251.0	-3.7702740604816056
17252.7	-3.2475492604816067
17254.3	-3.019059060481605
17256.0	-2.3906006604816064
17257.7	-2.085974860481606
17259.3	-2.4454705604816054
17261.0	-2.523165060481606
17262.7	-2.9306640604816057
17264.3	-3.414907060481606
17266.0	-3.5755184604816064
17267.7	-3.531313060481606
17269.3	-3.2196550604816054
17271.0	-2.7194230604816054
17272.7	-2.2695138604816067
17274.3	-1.6456852604816063
17276.0	-1.496938760481606
17277.7	-1.254422760481606
17279.3	-0.817895330481606
17281.0	0.24295443951839416
17282.7	0.8438384895183944
17284.3	1.693539639518394
17286.0	1.8231519395183942
17287.7	2.590155939518394
17289.3	1.585069939518394
17291.0	0.21496993951839355
17292.7	-1.761724360481606
17294.3	-3.301648460481606
17296.0	-5.000977060481605
17297.7	-5.436985860481606
17299.4	-5.709881060481607
17301.0	-4.614169060481605
17302.7	-4.241744260481606
17304.4	-3.793421060481606
17306.0	-3.4163720604816064
17307.7	-2.181504660481606
17309.4	-1.5404150604816063
17311.0	-1.1089331604816064
17312.7	-2.032429160481606
17314.4	-3.1026801604816057
17316.0	-3.9891541604816054
17317.7	-5.035979060481606
17319.4	-4.777808060481606
17321.0	-4.2009640604816045
17322.7	-3.5531600604816056
17324.4	-2.8759987604816057
17326.0	-2.7690636604816055
17327.7	-2.2154201604816057
17329.4	-1.2399644604816058
17331.0	-0.5881420604816061
17332.7	-0.23878806048160586
17334.4	-0.523808360481606
17336.0	-1.4801813604816056
17337.7	-2.6516564604816057
17339.4	-4.291688060481606
17341.0	-5.265754060481607
17342.7	-5.876355360481606
17344.4	-5.110212060481606
17346.1	-4.154557060481606
17347.7	-2.6795874604816063
17349.4	-1.2431400204816057
17351.1	-0.6795619604816056
17352.7	-1.3417058604816057
17354.4	-2.0251000604816056
17356.1	-3.208288060481606
17357.7	-3.755840660481605
17359.4	-4.619655760481605
17361.1	-5.224778930481607
17362.7	-5.676735560481607
17364.4	-5.793790460481605
17366.1	-5.668126860481606
17367.7	-4.609641160481606
17369.4	-4.197856060481606
17371.1	-3.452223060481606
17372.7	-3.854135120481606
17374.4	-3.3386110604816066
17376.1	-2.652716060481606
17377.7	-2.376097060481606
17379.4	-1.9672200604816055
17381.1	-1.4734287604816056
17382.7	-2.189031060481606
17384.4	-2.3894736604816065
17386.1	-3.0863660604816063
17387.8	-3.3323950604816055
17389.4	-3.837285060481606
17391.1	-4.250407560481605
17392.8	-4.1925960604816055
17394.4	-3.5048455604816064
17396.1	-3.6369620604816055
17397.8	-3.5500067604816055
17399.4	-3.591818960481606
17401.1	-3.383335460481606
17402.8	-3.0519115604816056
17404.4	-2.530042760481606
17406.1	-1.9891761604816054
17407.8	-1.2227206004816056
17409.4	-1.7427724604816057
17411.1	-2.3779120604816057
17412.8	-2.604528460481606
17414.4	-3.599583560481606
17416.1	-3.7955040604816057
17417.8	-4.255928060481605
17419.4	-5.185548060481606
17421.1	-5.461981060481606
17422.8	-6.122840060481606
17424.4	-6.590803060481607
17426.1	-5.717623060481607
17427.8	-4.789481360481606
17429.4	-3.449569070481606
17431.1	-2.6799270604816057
17432.8	-2.771754060481605
17434.5	-3.0254650604816065
17436.1	-3.173416060481606
17437.8	-3.2214340604816067
17439.5	-3.284399060481605
17441.1	-3.4840752604816045
17442.8	-4.129773060481606
17444.5	-4.477702860481607
17446.1	-4.337791060481607
17447.8	-3.1731891604816056
17449.5	-1.7477261604816057
17451.1	-0.6261150604816056
17452.8	-0.33156466048160593
17454.5	-1.1905070604816061
17456.1	-1.903189760481606
17457.8	-2.622876060481606
17459.5	-3.401651060481606
17461.1	-3.2990500604816058
17462.8	-3.6929670604816054
17464.5	-4.297560060481606
17466.1	-5.050215260481607
17467.8	-6.141457740481606
17469.5	-6.1671040604816065
17471.1	-5.7728199604816055
17472.8	-4.604015560481606
17474.5	-3.392389060481606
17476.1	-2.3804951604816065
17477.8	-2.0015770604816057
17479.5	-2.9361942604816056
17481.2	-3.8368280604816056
17482.8	-5.139701060481606
17484.5	-6.315402060481606
17486.2	-5.824811460481607
17487.8	-5.288874060481605
17489.5	-3.782923060481606
17491.2	-2.5910872604816055
17492.8	-2.0303521604816055
17494.5	-1.1934540404816059
17496.2	-0.4635880604816056
17497.8	0.5900952395183943
17499.5	1.6136169695183937
17501.2	2.159628939518394
17502.8	1.3148862895183941
17504.5	-0.5723987604816058
17506.2	-2.9519300604816054
17507.8	-4.493770060481607
17509.5	-5.160691060481606
17511.2	-4.414845060481605
17512.8	-3.7109484604816045
17514.5	-2.424911160481606
17516.2	-2.3553122904816055
17517.8	-2.083498730481606
17519.5	-1.802730160481606
17521.2	-1.1238980604816058
17522.8	-0.7856486604816062
17524.5	-0.7223658504816063
17526.2	-1.9483601604816054
17527.9	-3.8035030604816056
17529.5	-5.751008960481606
17531.2	-7.331550060481604
17532.9	-8.263744060481606
17534.5	-8.601339260481605
17536.2	-8.602932060481606
17537.9	-7.877425060481604
17539.5	-6.682543060481606
17541.2	-5.675428260481605
17542.9	-4.560523060481605
17544.5	-4.238402160481606
17546.2	-4.578732060481606
17547.9	-4.813051660481607
17549.5	-4.3940320604816065
17551.2	-3.703156160481606
17552.9	-2.591351060481606
17554.5	-2.4346010604816057
17556.2	-2.223519060481606
17557.9	-2.825200360481606
17559.5	-3.5286849604816046
17561.2	-3.8018040604816052
17562.9	-3.650801660481606
17564.5	-3.817922610481606
17566.2	-3.681172960481606
17567.9	-3.8425847604816057
17569.6	-4.036147060481606
17571.2	-4.215233060481607
17572.9	-3.8809651604816056
17574.6	-3.8159260604816057
17576.2	-3.346508060481606
17577.9	-2.8829310604816056
17579.6	-3.4070110604816057
17581.2	-3.6278450604816057
17582.9	-4.011329160481606
17584.6	-4.097429160481605
17586.2	-3.8284472604816058
17587.9	-3.6094630604816063
17589.6	-3.481361360481606
17591.2	-3.016104060481606
17592.9	-2.6475877904816056
17594.6	-2.8313976604816053
17596.2	-2.4472112504816055
17597.9	-1.7078560604816062
17599.6	-1.8177988604816064
17601.2	-2.2318670604816058
17602.9	-2.8917529604816066
17604.6	-4.131618160481606
17606.2	-5.384151860481606
17607.9	-6.695430460481606
17609.6	-6.868598760481606
17611.2	-6.509507060481605
17612.9	-6.102752060481604
17614.6	-5.294987060481607
17616.3	-4.845111060481606
17617.9	-4.359801060481605
17619.6	-4.199347060481605
17621.3	-3.2482726404816065
17622.9	-1.9228507604816056
17624.6	-0.5169277404816056
17626.3	0.07277643951839448
17627.9	0.2639691395183939
17629.6	-0.17749406048160576
17631.3	-1.137103060481606
17632.9	-2.510992060481606
17634.6	-3.253016260481606
17636.3	-3.380975060481606
17637.9	-3.353721660481606
17639.6	-2.5343134604816058
17641.3	-1.5942310604816057
17642.9	-1.3302502604816056
17644.6	-1.4985720604816055
17646.3	-2.3303277604816057
17647.9	-3.4887190604816056
17649.6	-3.649679560481605
17651.3	-3.935093460481606
17652.9	-3.682664160481606
17654.6	-2.9880830604816064
17656.3	-3.153097960481606
17657.9	-3.2792300604816065
17659.6	-3.457013460481606
17661.3	-3.6040080604816054
17663.0	-3.9149700604816062
17664.6	-4.267879060481605
17666.3	-4.2773550604816055
17668.0	-3.9302460604816063
17669.6	-4.076248060481605
17671.3	-4.222223060481606
17673.0	-4.046853060481606
17674.6	-3.592468660481605
17676.3	-2.9982920604816057
17678.0	-2.3507823604816065
17679.6	-2.006373160481606
17681.3	-2.0776876604816055
17683.0	-3.2814236374816064
17684.6	-4.921705560481606
17686.3	-6.560795060481605
17688.0	-7.944654060481605
17689.6	-8.112908060481605
17691.3	-7.722732060481604
17693.0	-7.2319271604816056
17694.6	-5.549035460481605
17696.3	-4.9589789604816055
17698.0	-4.584319160481607
17699.6	-4.7191450604816065
17701.3	-4.943286960481606
17703.0	-4.792618060481606
17704.6	-4.495383060481606
17706.3	-4.690406060481606
17708.0	-4.398668060481606
17709.7	-4.996311060481607
17711.3	-5.628412860481605
17713.0	-6.744671060481606
17714.7	-7.722992960481605
17716.3	-8.533358560481606
17718.0	-9.163830060481606
17719.7	-8.761392060481606
17721.3	-8.410945060481605
17723.0	-7.607566060481607
17724.7	-6.194962060481606
17726.3	-5.254307060481605
17728.0	-4.452894360481606
17729.7	-3.7510517604816065
17731.3	-3.448458060481607
17733.0	-3.850812060481606
17734.7	-4.133718160481606
17736.3	-4.567016760481605
17738.0	-4.7595760604816055
17739.7	-5.126848360481605
17741.3	-5.053940160481606
17743.0	-5.305220660481605
17744.7	-4.489830760481606
17746.3	-4.648135460481606
17748.0	-3.693746060481607
17749.7	-2.7533580604816064
17751.4	-2.260837060481607
17753.0	-2.5840784604816056
17754.7	-3.376066060481606
17756.4	-4.681150060481605
17758.0	-5.717980060481606
17759.7	-6.551736060481606
17761.4	-6.758192560481606
17763.0	-6.855242060481606
17764.7	-7.2337460604816055
17766.4	-7.616341060481605
17768.0	-8.016153060481605
17769.7	-7.528019060481606
17771.4	-6.837890760481605
17773.0	-5.6277710604816065
17774.7	-4.559386060481605
17776.4	-4.512047060481606
17778.0	-4.589701060481606
17779.7	-5.241329060481606
17781.4	-5.6372000604816055
17783.0	-5.848192960481606
17784.7	-5.804869060481606
17786.4	-5.4136910604816055
17788.0	-4.339488060481607
17789.7	-4.335775060481606
17791.4	-4.147161060481606
17793.0	-4.996441260481607
17794.7	-5.206510060481607
17796.4	-5.009461160481606
17798.1	-3.5667700604816046
17799.7	-2.622295660481605
17801.4	-1.689401060481605
17803.1	-2.5213807104816057
17804.7	-3.155541360481606
17806.4	-4.2855580604816055
17808.1	-4.630290590481605
17809.7	-4.386951060481606
17811.4	-3.104437860481606
17813.1	-2.659243060481606
17814.7	-1.8033790604816056
17816.4	-1.9872370604816059
17818.1	-1.9082675604816057
17819.7	-2.0648490604816057
17821.4	-2.3219880604816057
17823.1	-2.7007660604816053
17824.7	-2.950574060481606
17826.4	-3.328188060481606
17828.1	-3.3316150604816057
17829.7	-3.8045261604816063
17831.4	-4.005038060481605
17833.1	-4.602122060481606
17834.7	-5.381355060481607
17836.4	-6.494149560481605
17838.1	-7.496185060481605
17839.7	-8.317442060481605
17841.4	-7.400597760481605
17843.1	-6.036206560481607
17844.8	-4.031064060481606
17846.4	-2.5335600604816055
17848.1	-1.8940435604816055
17849.8	-2.749487960481606
17851.4	-4.103359060481606
17853.1	-5.874506760481606
17854.8	-6.729484760481606
17856.4	-7.0642790604816055
17858.1	-6.776077860481605
17859.8	-6.445909960481606
17861.4	-6.428183060481606
17863.1	-5.695110060481605
17864.8	-5.290893260481606
17866.4	-4.182828060481606
17868.1	-3.165962060481606
17869.8	-2.7036560604816056
17871.4	-2.4374430604816055
17873.1	-2.016358060481606
17874.8	-1.9231890604816058
17876.4	-1.7647950604816056
17878.1	-2.3966440604816057
17879.8	-3.4777261604816063
17881.4	-5.204293060481605
17883.1	-6.529287460481605
17884.8	-7.2563654604816055
17886.4	-7.122277060481605
17888.1	-6.489051060481605
17889.8	-6.561072060481607
17891.5	-7.297268060481606
17893.1	-8.009393060481605
17894.8	-8.782970160481606
17896.5	-8.881607460481607
17898.1	-7.732451060481606
17899.8	-5.9664120604816056
17901.5	-4.299146060481606
17903.1	-2.4467428604816055
17904.8	-1.9570420604816061
17906.5	-1.5880349604816062
17908.1	-1.8396370604816048
17909.8	-3.0625801704816054
17911.5	-3.3551955604816057
17913.1	-3.4072140604816057
17914.8	-3.660721660481605
17916.5	-3.335819260481606
17918.1	-3.9455360604816065
17919.8	-4.384305460481606
17921.5	-4.5987672604816066
17923.1	-5.588690060481605
17924.8	-5.874074060481606
17926.5	-6.019357060481605
17928.1	-6.315978060481604
17929.8	-6.675670460481605
17931.5	-7.206055360481606
17933.2	-7.3942860604816065
17934.8	-7.039677060481607
17936.5	-7.107319060481606
17938.2	-7.055988060481605
17939.8	-6.898740060481606
17941.5	-6.333881660481605
17943.2	-6.074112060481606
17944.8	-5.0568346604816075
17946.5	-3.992170060481606
17948.2	-2.2730040604816057
17949.8	-1.1548240604816058
17951.5	-0.24542946048160622
17953.2	-0.4211760604816058
17954.8	-0.5115860604816059
17956.5	-1.4071248604816062
17958.2	-2.373143360481606
17959.8	-3.6111991604816054
17961.5	-5.096871060481606
17963.2	-6.975107560481606
17964.8	-7.700046760481605
17966.5	-7.782637060481605
17968.2	-6.931291240481606
17969.8	-5.896321760481605
17971.5	-5.086648060481606
17973.2	-4.497446060481606
17974.8	-4.422331060481605
17976.5	-4.215750001481606
17978.2	-3.557415060481606
17979.9	-2.890919060481606
17981.5	-2.578414060481606
17983.2	-3.3430750604816053
17984.9	-4.227934860481605
17986.5	-4.559621060481606
17988.2	-4.919044660481606
17989.9	-5.279413160481606
17991.5	-5.2349181604816035
17993.2	-5.673032860481606
17994.9	-6.360379060481606
17996.5	-6.1257462604816055
17998.2	-5.511559360481606
17999.9	-3.2509860604816057
18001.5	-0.5549232604816057
18003.2	0.7692579395183944
18004.9	1.8141134395183944
18006.5	1.8515051395183941
18008.2	0.688034509518394
18009.9	-0.30946603048160604
18011.5	-1.7945733604816059
18013.2	-3.269876060481606
18014.9	-4.0061200604816065
18016.5	-4.937828060481605
18018.2	-4.894780060481605
18019.9	-4.520542060481607
18021.5	-4.145564060481606
18023.2	-4.484011060481605
18024.9	-5.012967060481605
18026.6	-5.110711060481607
18028.2	-5.148687060481605
18029.9	-5.1947180604816054
18031.6	-4.574052960481606
18033.2	-4.515479760481606
18034.9	-4.092997060481606
18036.6	-4.118427060481606
18038.2	-4.196038060481606
18039.9	-4.2415750604816065
18041.6	-4.852054060481605
18043.2	-5.905264060481606
18044.9	-6.289716960481606
18046.6	-6.015194060481605
18048.2	-5.120094060481605
18049.9	-4.343892060481605
18051.6	-2.766341060481606
18053.2	-1.8160680604816057
18054.9	-1.430158060481606
18056.6	-1.7553560604816059
18058.2	-2.565921060481606
18059.9	-3.3996765604816055
18061.6	-3.9734090604816052
18063.2	-4.476445060481605
18064.9	-4.572571060481605
18066.6	-4.888316060481605
18068.2	-5.306016660481606
18069.9	-6.699162060481605
18071.6	-7.365472060481605
18073.3	-8.236777060481604
18074.9	-7.927498060481605
18076.6	-7.358657660481606
18078.3	-6.615147060481606
18079.9	-6.190231060481605
18081.6	-5.845231460481605
18083.3	-6.680123460481605
18084.9	-7.172626460481607
18086.6	-8.228998660481604
18088.3	-9.149227960481607
18089.9	-9.830561960481607
18091.6	-10.535004060481604
18093.3	-10.492137660481607
18094.9	-9.477385060481605
18096.6	-8.329740060481607
18098.3	-7.517142060481606
18099.9	-6.806265060481605
18101.6	-7.010998060481606
18103.3	-6.697657060481606
18104.9	-6.014523060481606
18106.6	-4.777821060481606
18108.3	-3.3239255604816065
18109.9	-2.425740360481606
18111.6	-2.2175550604816054
18113.3	-3.0191080604816056
18115.0	-3.8109500604816056
18116.6	-4.748050060481606
18118.3	-5.100206260481607
18120.0	-4.905032880481606
18121.6	-4.246208060481607
18123.3	-3.070390060481606
18125.0	-1.6074520604816065
18126.6	-1.168038660481606
18128.3	-1.2772295604816055
18130.0	-1.8690760604816057
18131.6	-2.2144530604816053
18133.3	-2.4790018604816058
18135.0	-2.7321371604816065
18136.6	-3.189831060481606
18138.3	-4.391380060481605
18140.0	-5.647681260481606
18141.6	-6.855898560481606
18143.3	-7.007507060481606
18145.0	-6.268025560481606
18146.6	-5.823332360481606
18148.3	-5.606352060481605
18150.0	-5.7991760604816065
18151.6	-5.623616060481607
18153.3	-5.430703060481606
18155.0	-4.907833060481606
18156.6	-4.080520060481605
18158.3	-3.648992160481606
18160.0	-3.5876180604816055
18161.7	-3.951140060481606
18163.3	-5.4620831604816065
18165.0	-5.929616060481607
18166.7	-6.543797060481606
18168.3	-6.336489060481606
18170.0	-5.760493060481606
18171.7	-5.032335060481605
18173.3	-4.525471060481605
18175.0	-2.9993323604816053
18176.7	-2.703319460481606
18178.3	-1.781696730481606
18180.0	-1.6581653404816052
18181.7	-2.4513142604816056
18183.3	-4.320168060481606
18185.0	-5.773493060481605
18186.7	-6.668568060481604
18188.3	-5.435582560481607
18190.0	-3.804180560481606
18191.7	-2.4726730604816063
18193.3	-2.0279369604816058
18195.0	-2.4447112604816064
18196.7	-3.7850840604816063
18198.3	-4.901140060481605
18200.0	-5.486622060481606
18201.7	-5.987760060481605
18203.3	-5.821403960481606
18205.0	-5.506571060481606
18206.7	-5.333125460481606
18208.4	-5.0447270604816055
18210.0	-4.936185660481606
18211.7	-5.062571060481606
18213.4	-4.225176060481607
18215.0	-3.491204060481606
18216.7	-2.5670318604816056
18218.4	-1.5557040604816055
18220.0	-1.4569300604816058
18221.7	-2.0168972604816053
18223.4	-2.537460160481605
18225.0	-2.8883768004816064
18226.7	-3.0147801604816054
18228.4	-3.1026948604816056
18230.0	-3.8728220604816057
18231.7	-4.231037760481605
18233.4	-4.1339980604816065
18235.0	-3.1325600604816053
18236.7	-1.769955560481606
18238.4	-0.34319456048160635
18240.0	0.20043993951839453
18241.7	-0.732646560481606
18243.4	-2.7045560604816052
18245.0	-5.253329060481606
18246.7	-7.378705060481606
18248.4	-8.535379060481606
18250.0	-9.115812060481606
18251.7	-9.228580060481606
18253.4	-8.849478060481605
18255.1	-8.916121620481608
18256.7	-8.594024160481606
18258.4	-7.526666060481604
18260.1	-6.467963060481606
18261.7	-5.321764060481606
18263.4	-4.595269260481606
18265.1	-4.331098860481605
18266.7	-3.9615325604816056
18268.4	-3.6620360604816056
18270.1	-3.638119060481606
18271.7	-3.6544810604816065
18273.4	-4.268634060481606
18275.1	-5.676737360481605
18276.7	-6.4925780604816055
18278.4	-5.746523060481605
18280.1	-4.246573060481605
18281.7	-2.278852860481605
18283.4	-1.2127150604816062
18285.1	-1.397712060481606
18286.7	-2.6302640604816063
18288.4	-3.744899060481606
18290.1	-5.3099400604816065
18291.7	-6.022140260481606
18293.4	-6.043855060481605
18295.1	-5.681878060481606
18296.8	-6.377581060481607
18298.4	-6.313932960481606
18300.1	-6.754533160481605
18301.8	-5.921134060481606
18303.4	-4.969784060481606
18305.1	-5.290597060481606
18306.8	-5.339471060481605
18308.4	-5.694174060481606
18310.1	-7.243929360481607
18311.8	-8.283608360481605
18313.4	-8.603487060481607
18315.1	-8.511877921481606
18316.8	-7.588753060481606
18318.4	-7.764070760481606
18320.1	-7.3015783604816065
18321.8	-6.635923060481606
18323.4	-5.962703060481607
18325.1	-4.955188060481605
18326.8	-3.3415864604816052
18328.4	-2.6725568604816057
18330.1	-2.9181520604816056
18331.8	-4.108016860481606
18333.4	-6.260890145481605
18335.1	-7.691647960481606
18336.8	-8.231101160481606
18338.4	-7.928390260481606
18340.1	-7.482676060481606
18341.8	-7.165171060481607
18343.5	-7.102719060481607
18345.1	-7.299190860481606
18346.8	-7.0019000604816055
18348.5	-6.456956060481606
18350.1	-5.418678060481605
18351.8	-4.609074660481606
18353.5	-3.7855446604816065
18355.1	-3.4997648604816063
18356.8	-2.975213260481606
18358.5	-2.488202060481606
18360.1	-1.9615302604816058
18361.8	-1.832485060481606
18363.5	-2.2597020604816063
18365.1	-2.864159060481606
18366.8	-4.045878560481605
18368.5	-4.512407060481606
18370.1	-5.313735360481605
18371.8	-5.286864160481606
18373.5	-4.909468060481606
18375.1	-4.330976060481606
18376.8	-4.380440760481606
18378.5	-3.5036340604816054
18380.1	-3.182242060481606
18381.8	-3.327405060481606
18383.5	-3.219814060481606
18385.1	-3.0502090604816052
18386.8	-2.4363933604816053
18388.5	-2.5627664604816056
18390.2	-3.535152460481606
18391.8	-5.587276250481605
18393.5	-7.788319060481607
18395.2	-9.882246060481606
18396.8	-10.715181060481605
18398.5	-9.876261060481607
18400.2	-7.843970691481606
18401.8	-6.854629260481606
18403.5	-5.614072060481606
18405.2	-4.611926060481605
18406.8	-4.317566060481606
18408.5	-3.6899290604816057
18410.2	-3.9138015604816054
18411.8	-3.953007060481606
18413.5	-4.042281760481606
18415.2	-4.679147060481606
18416.8	-5.358690750481605
18418.5	-5.808854060481606
18420.2	-7.061169060481606
18421.8	-7.9966440604816045
18423.5	-8.786783060481605
18425.2	-9.314972060481605
18426.8	-9.659318060481606
18428.5	-8.781311060481606
18430.2	-8.036588060481606
18431.8	-7.140237160481606
18433.5	-6.101713160481606
18435.2	-5.588875060481606
18436.9	-4.379543860481606
18438.5	-4.138491160481606
18440.2	-4.332563960481606
18441.9	-3.9664230604816053
18443.5	-4.389714760481606
18445.2	-5.179885660481606
18446.9	-4.6616808604816065
18448.5	-4.804687060481605
18450.2	-4.187086060481606
18451.9	-3.8998720604816057
18453.5	-4.3478290604816054
18455.2	-4.269207860481606
18456.9	-4.204368360481605
18458.5	-4.179271560481606
18460.2	-3.423413360481605
18461.9	-4.0379727604816065
18463.5	-5.105126160481605
18465.2	-6.162364060481606
18466.9	-7.2994373604816065
18468.5	-7.681372260481607
18470.2	-7.813167860481608
18471.9	-7.701268060481605
18473.5	-7.094806060481605
18475.2	-7.037262560481606
18476.9	-5.535829060481606
18478.6	-3.4144460604816063
18480.2	-1.2872470604816058
18481.9	-0.05022606048160574
18483.6	-0.8307643204816056
18485.2	-3.3294150304816057
18486.9	-5.716541160481606
18488.6	-7.999214760481605
18490.2	-8.834663560481605
18491.9	-8.502994060481607
18493.6	-7.415079060481608
18495.2	-5.9767490604816045
18496.9	-4.768307060481606
18498.6	-3.3850650604816055
18500.2	-1.6450435604816058
18501.9	-1.301011760481606
18503.6	-1.527987060481606
18505.2	-2.439803060481606
18506.9	-3.3353460604816063
18508.6	-3.242622060481606
18510.2	-3.1315260604816055
18511.9	-2.8648640604816062
18513.6	-2.0984403604816064
18515.2	-2.855100660481606
18516.9	-3.4544860604816052
18518.6	-3.933293860481606
18520.2	-4.327078160481605
18521.9	-4.322932060481605
18523.6	-4.178080060481606
18525.3	-4.382847660481606
18526.9	-4.262440160481606
18528.6	-4.549492060481606
18530.3	-4.291639560481606
18531.9	-4.438432060481606
18533.6	-4.730545660481606
18535.3	-4.960373660481606
18536.9	-5.084582060481606
18538.6	-5.249980060481605
18540.3	-5.141997360481606
18541.9	-5.116692560481606
18543.6	-4.509097960481606
18545.3	-3.851305100481605
18546.9	-3.9052311604816055
18548.6	-3.250463360481606
18550.3	-2.8305500604816056
18551.9	-2.649975060481606
18553.6	-3.3201390604816057
18555.3	-3.8449060604816054
18556.9	-4.726233060481606
18558.6	-5.223241060481605
18560.3	-6.460607060481607
18561.9	-6.847965560481606
18563.6	-7.356577460481607
18565.3	-7.813385060481605
18566.9	-8.463408060481605
18568.6	-8.434987260481607
18570.3	-7.872093060481606
18572.0	-7.197124060481606
18573.6	-6.560584860481606
18575.3	-5.843421060481606
18577.0	-5.442493960481605
18578.6	-5.664699060481605
18580.3	-5.874603060481606
18582.0	-5.770758060481605
18583.6	-5.800614760481606
18585.3	-6.232134060481606
18587.0	-6.471010060481606
18588.6	-6.792618060481606
18590.3	-6.189611360481605
18592.0	-5.525689060481606
18593.6	-4.510489060481606
18595.3	-2.692999160481606
18597.0	-1.4714464604816058
18598.6	-0.9380528604816064
18600.3	-1.2620184604816058
18602.0	-2.635845360481606
18603.6	-3.637973460481606
18605.3	-4.012259060481606
18607.0	-3.9901470604816063
18608.6	-3.0232380604816056
18610.3	-1.9045790604816062
18612.0	-1.508654060481606
18613.6	-2.086041060481606
18615.3	-3.5903550604816052
18617.0	-5.296465460481606
18618.7	-5.942731760481606
18620.3	-6.349983960481605
18622.0	-6.215180960481606
18623.7	-5.557586060481606
18625.3	-4.794544560481606
18627.0	-3.2645140604816056
18628.7	-2.191305630481606
18630.3	-1.321210460481606
18632.0	-0.8265574604816056
18633.7	-1.5017480604816058
18635.3	-2.5374840604816056
18637.0	-2.5796480604816066
18638.7	-2.7830270604816056
18640.3	-1.7452016604816059
18642.0	-2.273410260481606
18643.7	-3.5363012604816055
18645.3	-4.6673950604816055
18647.0	-5.6213780604816055
18648.7	-5.940230060481605
18650.3	-4.743461060481605
18652.0	-4.445467360481606
18653.7	-4.149897460481606
18655.3	-4.151049060481606
18657.0	-4.2562720604816064
18658.7	-3.4186260604816057
18660.4	-3.029180860481606
18662.0	-2.916569060481606
18663.7	-2.9164764604816056
18665.4	-3.9133483604816055
18667.0	-5.013165260481605
18668.7	-5.792788960481607
18670.4	-6.785939760481606
18672.0	-7.490686660481606
18673.7	-8.462360410481605
18675.4	-9.049402760481604
18677.0	-9.217733060481605
18678.7	-9.354612060481607
18680.4	-8.964136060481605
18682.0	-7.939211060481608
18683.7	-6.989624060481606
18685.4	-5.619886160481607
18687.0	-4.9095540604816055
18688.7	-3.773817260481606
18690.4	-2.8530181604816063
18692.0	-2.2718730604816058
18693.7	-2.316550060481606
18695.4	-2.739363060481606
18697.0	-4.232309060481605
18698.7	-5.783097060481606
18700.4	-7.418562060481605
18702.0	-8.509910060481605
18703.7	-8.715273060481607
18705.4	-8.122905560481605
18707.1	-7.176782060481605
18708.7	-5.921351060481606
18710.4	-3.944221260481607
18712.1	-2.5557350604816054
18713.7	-1.638697260481606
18715.4	-1.3159080604816062
18717.1	-1.1500388604816063
18718.7	-1.387965060481606
18720.4	-1.900886060481606
18722.1	-2.955039460481606
18723.7	-4.135497060481606
18725.4	-5.1270840604816055
18727.1	-5.662861060481605
18728.7	-5.822128560481606
18730.4	-4.820150060481606
18732.1	-4.042749060481606
18733.7	-4.383130060481607
18735.4	-4.411313260481605
18737.1	-5.147402320481605
18738.7	-4.815378360481605
18740.4	-3.979224060481606
18742.1	-3.293475060481606
18743.7	-2.8427696604816055
18745.4	-2.699821060481606
18747.1	-3.7627950604816065
18748.7	-4.161386060481606
18750.4	-5.275310060481606
18752.1	-5.366936060481606
18753.8	-5.138152560481605
18755.4	-4.550142360481606
18757.1	-3.418624060481606
18758.8	-2.4506441604816063
18760.4	-2.4876110604816057
18762.1	-2.813159060481606
18763.8	-4.567796060481605
18765.4	-6.104763060481606
18767.1	-6.921320060481607
18768.8	-7.161734060481606
18770.4	-6.366851140481606
18772.1	-5.071682760481606
18773.8	-3.685906060481605
18775.4	-2.327727060481606
18777.1	-1.4606480604816063
18778.8	-2.3188520604816056
18780.4	-3.536637160481605
18782.1	-5.390170060481606
18783.8	-6.842674260481606
18785.4	-7.762320160481606
18787.1	-7.058603060481607
18788.8	-6.058731060481605
18790.4	-4.8265940604816056
18792.1	-4.3788830604816065
18793.8	-4.018203760481606
18795.4	-3.860163060481606
18797.1	-3.090961360481606
18798.8	-2.7993290604816057
18800.5	-2.4412140604816064
18802.1	-2.608404060481606
18803.8	-3.9680730604816055
18805.5	-5.514278260481606
18807.1	-6.5959867604816065
18808.8	-7.641891360481606
18810.5	-7.944423370481604
18812.1	-7.410149860481606
18813.8	-6.848598360481605
18815.5	-6.653072060481607
18817.1	-6.682361060481606
18818.8	-6.032011060481606
18820.5	-5.363927060481606
18822.1	-4.666329060481606
18823.8	-4.505922060481605
18825.5	-3.9209850604816063
18827.1	-3.739945060481606
18828.8	-4.132145060481606
18830.5	-4.964289060481606
18832.1	-4.386836060481605
18833.8	-4.043459660481606
18835.5	-3.545987060481606
18837.1	-3.8241740604816057
18838.8	-3.5279183604816056
18840.5	-3.9319650604816054
18842.2	-3.7495490604816055
18843.8	-3.698012060481606
18845.5	-3.636944060481605
18847.2	-4.273500060481607
18848.8	-5.364597060481607
18850.5	-6.871048360481606
18852.2	-6.943591060481606
18853.8	-6.805874060481607
18855.5	-5.368779060481606
18857.2	-4.114030060481606
18858.8	-3.5529720604816064
18860.5	-4.3780370604816055
18862.2	-6.035394060481606
18863.8	-7.797590460481606
18865.5	-8.628569060481606
18867.2	-8.970719060481605
18868.8	-7.683948760481606
18870.5	-6.8805290604816065
18872.2	-5.6886294604816054
18873.8	-4.866852060481607
18875.5	-3.784633060481606
18877.2	-2.830908560481606
18878.8	-1.874098060481606
18880.5	-2.044744560481606
18882.2	-1.8977402604816056
18883.8	-2.7080880604816056
18885.5	-3.372129060481606
18887.2	-3.3287810604816057
18888.9	-2.4035857604816058
18890.5	-1.9865830604816062
18892.2	-1.942121510481606
18893.9	-2.253175060481605
18895.5	-2.6847134604816056
18897.2	-2.6706700604816054
18898.9	-2.8405395604816053
18900.5	-2.8041080604816053
18902.2	-2.8724892604816064
18903.9	-2.4195113604816054
18905.5	-2.1440750604816055
18907.2	-1.3571451604816052
18908.9	-0.808263360481606
18910.5	-0.2556375604816058
18912.2	0.18386583951839447
18913.9	0.05848093951839335
18915.5	-1.0800910604816056
18917.2	-1.898259060481606
18918.9	-2.608605360481606
18920.5	-2.9681260604816053
18922.2	-2.803188060481606
18923.9	-2.6259198604816056
18925.5	-2.555294060481606
18927.2	-3.1713866604816054
18928.9	-4.106334060481606
18930.5	-5.080047060481606
18932.2	-5.571896560481606
18933.9	-6.187112640481605
18935.6	-6.542796060481605
18937.2	-6.698302360481605
18938.9	-7.084427960481607
18940.6	-7.5242682204816065
18942.2	-7.5667703604816055
18943.9	-8.274039060481607
18945.6	-7.992360260481606
18947.2	-8.097501760481606
18948.9	-7.134585060481605
18950.6	-5.770837060481607
18952.2	-4.792662060481606
18953.9	-4.660185060481606
18955.6	-4.799567060481605
18957.2	-5.780484060481607
18958.9	-6.347371060481606
18960.6	-6.853889060481608
18962.2	-6.476014060481606
18963.9	-5.824951060481606
18965.6	-5.644787480481606
18967.2	-5.936276360481605
18968.9	-5.981857460481606
18970.6	-6.456773660481607
18972.2	-6.539821060481605
18973.9	-6.218980060481606
18975.6	-5.777599060481607
18977.2	-5.229438560481606
18978.9	-5.029323960481605
18980.6	-5.519999360481607
18982.3	-4.949976060481606
18983.9	-5.389023060481606
18985.6	-5.389122060481605
18987.3	-5.8205269604816054
18988.9	-6.136537060481605
18990.6	-6.762438060481605
18992.3	-7.0710410604816065
18993.9	-7.615371260481604
18995.6	-7.034787060481605
18997.3	-6.443349060481606
18998.9	-6.044779460481606
19000.6	-5.927360060481606
19002.3	-5.8499650604816065
19003.9	-5.884671060481606
19005.6	-5.668297060481605
19007.3	-5.153556060481606
19008.9	-4.605807060481607
19010.6	-3.5722698604816054
19012.3	-3.4581235604816056
19013.9	-3.656252060481606
19015.6	-4.001900280481606
19017.3	-4.702736060481605
19018.9	-5.589939860481606
19020.6	-5.7094610604816065
19022.3	-5.859029060481605
19024.0	-4.784537060481606
19025.6	-3.585132060481606
19027.3	-2.427402060481606
19029.0	-1.7533184604816061
19030.6	-1.814228060481606
19032.3	-2.595246460481606
19034.0	-3.115408060481606
19035.6	-4.815826260481606
19037.3	-5.597592060481606
19039.0	-6.715871060481606
19040.6	-7.219965060481606
19042.3	-7.519974760481605
19044.0	-7.539680060481606
19045.6	-7.562028060481606
19047.3	-6.198308060481606
19049.0	-5.309089860481606
19050.6	-4.148406060481606
19052.3	-3.749488060481606
19054.0	-4.006408060481606
19055.6	-5.227947060481606
19057.3	-6.550394060481606
19059.0	-7.828572060481605
19060.6	-8.128577260481606
19062.3	-7.614988460481607
19064.0	-7.119688060481607
19065.6	-6.643559660481605
19067.3	-6.283018060481607
19069.0	-6.222669060481605
19070.7	-7.023579060481604
19072.3	-8.444984060481605
19074.0	-9.737941060481607
19075.7	-9.833672060481607
19077.3	-9.703076060481607
19079.0	-8.428053060481606
19080.7	-7.789974060481605
19082.3	-7.433138060481606
19084.0	-7.514936060481605
19085.7	-7.505218460481606
19087.3	-7.179520760481606
19089.0	-5.863176870481606
19090.7	-5.395123460481606
19092.3	-5.071170060481605
19094.0	-5.371737660481607
19095.7	-5.200508160481606
19097.3	-4.1966380604816065
19099.0	-2.325984683481606
19100.7	-1.4830560604816057
19102.3	-2.015129060481606
19104.0	-3.9010440604816052
19105.7	-6.289256060481605
19107.3	-7.634695060481606
19109.0	-7.314429060481606
19110.7	-5.557707560481605
19112.3	-3.789085660481606
19114.0	-2.5975876604816066
19115.7	-2.394372060481606
19117.4	-2.636735060481606
19119.0	-3.1289632604816053
19120.7	-3.9176430604816064
19122.4	-4.996590060481607
19124.0	-5.061587060481606
19125.7	-5.3461510604816045
19127.4	-5.103457260481606
19129.0	-4.491036060481606
19130.7	-4.154873060481606
19132.4	-4.182150560481605
19134.0	-4.248429180481606
19135.7	-4.3302122604816065
19137.4	-4.205289160481607
19139.0	-3.664104160481606
19140.7	-4.280237960481605
19142.4	-5.921950060481606
19144.0	-7.267008060481606
19145.7	-8.960577060481606
19147.4	-10.478153060481606
19149.0	-10.807687060481607
19150.7	-10.702971060481605
19152.4	-9.361858460481605
19154.0	-7.586583060481606
19155.7	-5.597594160481606
19157.4	-4.213721060481606
19159.0	-3.9046330604816055
19160.7	-4.278676060481606
19162.4	-5.560739060481606
19164.1	-5.843482060481605
19165.7	-5.830776060481606
19167.4	-4.9826470604816055
19169.1	-3.548006060481607
19170.7	-2.779574060481606
19172.4	-2.5699987604816052
19174.1	-2.843304860481606
19175.7	-3.924467560481605
19177.4	-4.693332160481606
19179.1	-5.715252360481605
19180.7	-5.822998060481606
19182.4	-5.713078060481607
19184.1	-5.217579860481606
19185.7	-4.078626470481606
19187.4	-3.1316170604816063
19189.1	-2.4529020604816063
19190.7	-2.521563060481606
19192.4	-3.2358050604816055
19194.1	-3.746879560481606
19195.7	-4.548579060481606
19197.4	-4.322857560481607
19199.1	-4.2967480604816055
19200.7	-4.713485360481606
19202.4	-5.690725060481606
19204.1	-6.604361060481606
19205.8	-6.782039060481604
19207.4	-6.118892060481606
19209.1	-5.147870060481605
19210.8	-3.938533060481606
19212.4	-3.822544060481605
19214.1	-4.496381060481606
19215.8	-5.322284060481606
19217.4	-6.1154430604816055
19219.1	-6.091714060481605
19220.8	-6.353979060481604
19222.4	-6.6795520604816065
19224.1	-6.246391060481606
19225.8	-5.370966060481606
19227.4	-4.508403060481607
19229.1	-3.7555070604816043
19230.8	-3.2358183604816055
19232.4	-2.6816070604816065
19234.1	-2.3819080604816065
19235.8	-3.0098839604816057
19237.4	-3.753947960481606
19239.1	-5.584676230481606
19240.8	-6.531851060481605
19242.4	-7.941060660481606
19244.1	-8.565038960481607
19245.8	-8.457557560481606
19247.4	-8.039287060481607
19249.1	-8.656975060481606
19250.8	-8.591944960481605
19252.5	-8.729729960481606
19254.1	-7.8966110604816055
19255.8	-7.167511060481607
19257.5	-7.030942060481607
19259.1	-6.856588060481604
19260.8	-7.136210760481606
19262.5	-7.387907360481606
19264.1	-7.959024919681605
19265.8	-7.4312280604816054
19267.5	-7.387493960481606
19269.1	-7.187372260481605
19270.8	-7.048570460481606
19272.5	-6.620359060481607
19274.1	-7.017256060481605
19275.8	-6.825348560481605
19277.5	-6.995708060481606
19279.1	-5.688684360481607
19280.8	-5.058134060481605
19282.5	-4.466435060481605
19284.1	-4.910284060481605
19285.8	-5.871520560481606
19287.5	-6.980166260481606
19289.1	-7.393956060481607
19290.8	-7.491860420481605
19292.5	-6.509365060481606
19294.1	-6.395870060481606
19295.8	-6.429129060481605
19297.5	-6.750738060481605
19299.2	-7.416872060481607
19300.8	-7.643209060481607
19302.5	-6.796400060481607
19304.2	-6.551608060481605
19305.8	-6.518979060481605
19307.5	-6.526648260481605
19309.2	-7.141915560481605
19310.8	-7.361868060481607
19312.5	-7.261955460481604
19314.2	-7.2884401604816045
19315.8	-6.772822760481605
19317.5	-6.920732060481605
19319.2	-7.537571510481607
19320.8	-7.674887060481605
19322.5	-7.898405060481606
19324.2	-7.755386060481605
19325.8	-7.303850660481605
19327.5	-6.882332760481605
19329.2	-6.851244960481606
19330.8	-6.555090060481605
19332.5	-6.499964850481605
19334.2	-6.156017060481605
19335.8	-5.954098060481606
19337.5	-5.654943060481605
19339.2	-5.272594860481606
19340.8	-5.338091060481605
19342.5	-5.709518060481605
19344.2	-6.313688060481605
19345.9	-6.888731160481605
19347.5	-7.710768060481605
19349.2	-8.650320060481606
19350.9	-9.385125060481606
19352.5	-9.248403760481606
19354.2	-8.142820060481606
19355.9	-6.027382060481606
19357.5	-3.7512042804816064
19359.2	-3.3357420604816057
19360.9	-4.710631060481606
19362.5	-7.075786060481607
19364.2	-9.315547060481606
19365.9	-10.133989060481607
19367.5	-9.589247060481608
19369.2	-8.432081060481604
19370.9	-6.476078000481605
19372.5	-6.100767060481607
19374.2	-6.798017460481607
19375.9	-7.602785060481606
19377.5	-8.342679060481606
19379.2	-8.299739760481605
19380.9	-7.831327060481605
19382.5	-6.967921060481605
19384.2	-5.685336060481606
19385.9	-5.278935060481605
19387.6	-5.568833060481606
19389.2	-6.070421060481605
19390.9	-6.545193160481605
19392.6	-7.077203860481606
19394.2	-6.899895060481606
19395.9	-6.687595460481606
19397.6	-5.629605060481606
19399.2	-4.305786060481607
19400.9	-3.2269000604816056
19402.6	-2.898618060481606
19404.2	-3.4385250604816058
19405.9	-4.970294060481606
19407.6	-5.811348060481606
19409.2	-6.7674760604816075
19410.9	-7.1374790604816045
19412.6	-6.5429860604816055
19414.2	-6.3978120604816064
19415.9	-6.474697060481605
19417.6	-6.1860000604816054
19419.2	-6.2792762604816055
19420.9	-5.965096060481606
19422.6	-6.484016060481606
19424.2	-7.402083060481606
19425.9	-8.086134660481607
19427.6	-9.127170060481607
19429.2	-9.659819060481606
19430.9	-8.798524060481604
19432.6	-7.993956060481606
19434.3	-6.490412860481607
19435.9	-5.6570640604816065
19437.6	-4.957347060481606
19439.3	-4.187130060481605
19440.9	-3.727626360481606
19442.6	-3.393050960481607
19444.3	-2.4114740604816056
19445.9	-2.668746060481606
19447.6	-2.941890060481606
19449.3	-3.216281060481606
19450.9	-3.7390043604816063
19452.6	-3.7977400604816056
19454.3	-3.7477440604816055
19455.9	-4.665220060481604
19457.6	-5.432703060481606
19459.3	-6.407723060481605
19460.9	-7.582612060481604
19462.6	-8.352445060481605
19464.3	-8.574436860481608
19465.9	-8.387983060481606
19467.6	-7.886022060481605
19469.3	-8.023877060481606
19470.9	-7.518848060481605
19472.6	-6.765911460481606
19474.3	-5.577208060481605
19475.9	-4.908144060481606
19477.6	-4.257747060481606
19479.3	-3.9193620604816046
19481.0	-4.111486060481606
19482.6	-4.034265060481605
19484.3	-3.3723491604816056
19486.0	-2.4774550604816055
19487.6	-1.8778580604816058
19489.3	-2.0231619604816062
19491.0	-2.393613160481606
19492.6	-2.5392490604816063
19494.3	-3.013354360481606
19496.0	-2.545300560481606
19497.6	-2.652100660481606
19499.3	-2.178017160481606
19501.0	-2.120495560481606
19502.6	-2.743302360481606
19504.3	-2.997102680481606
19506.0	-3.132768060481606
19507.6	-3.2573163604816058
19509.3	-3.366342060481606
19511.0	-4.611714060481606
19512.6	-5.767546060481606
19514.3	-6.834123060481606
19516.0	-8.506218060481606
19517.6	-8.754746260481605
19519.3	-8.082333160481607
19521.0	-7.209351460481605
19522.6	-5.7641453604816055
19524.3	-4.8716222604816055
19526.0	-4.037967060481606
19527.7	-3.226978260481606
19529.3	-2.916979960481606
19531.0	-3.279050060481606
19532.7	-3.684111060481605
19534.3	-4.884963060481605
19536.0	-6.143794560481606
19537.7	-6.850822290481604
19539.3	-6.363744060481606
19541.0	-6.425093060481606
19542.7	-6.3993443604816065
19544.3	-8.089223260481607
19546.0	-9.770636860481606
19547.7	-11.647745560481606
19549.3	-12.810425060481602
19551.0	-12.741012060481605
19552.7	-11.247046060481605
19554.3	-9.597116060481607
19556.0	-8.126165060481604
19557.7	-7.882966060481605
19559.3	-7.865148060481606
19561.0	-7.861297860481605
19562.7	-7.711819060481607
19564.3	-7.773725060481607
19566.0	-7.774469060481605
19567.7	-7.959225260481605
19569.4	-8.721513060481607
19571.0	-9.660012760481607
19572.7	-9.903709060481605
19574.4	-9.523440060481608
19576.0	-8.726509060481607
19577.7	-8.025267060481607
19579.4	-7.387580060481605
19581.0	-6.488753060481606
19582.7	-5.677695060481605
19584.4	-5.465803060481607
19586.0	-4.915962160481606
19587.7	-4.607999060481606
19589.4	-4.758040060481607
19591.0	-4.849691060481605
19592.7	-4.617085060481605
19594.4	-4.6175498604816045
19596.0	-5.428576160481605
19597.7	-6.557412660481606
19599.4	-7.120336760481607
19601.0	-6.3728010604816046
19602.7	-5.178665060481606
19604.4	-3.7195590604816062
19606.0	-3.152179060481606
19607.7	-3.6553220604816055
19609.4	-4.659190860481606
19611.0	-5.249902060481605
19612.7	-4.880511960481607
19614.4	-3.2727754604816064
19616.1	-1.9679068304816059
19617.7	-0.6543473604816059
19619.4	-0.5016470604816059
19621.1	-0.9129600604816058
19622.7	-2.3210607804816057
19624.4	-3.634153360481606
19626.1	-5.454722360481606
19627.7	-7.287469060481605
19629.4	-8.278042060481607
19631.1	-8.221923060481606
19632.7	-7.8372570604816065
19634.4	-6.819358060481605
19636.1	-6.432145060481605
19637.7	-6.041505060481606
19639.4	-6.0737160604816065
19641.1	-6.857437060481606
19642.7	-7.9365882604816065
19644.4	-9.485511060481604
19646.1	-10.810988960481605
19647.7	-11.545622060481604
19649.4	-11.555398060481604
19651.1	-12.108296060481607
19652.7	-12.313654060481605
19654.4	-12.657137060481606
19656.1	-13.725856060481608
19657.7	-13.723301060481607
19659.4	-13.092287460481606
19661.1	-11.386884060481606
19662.8	-8.621893060481607
19664.4	-6.7682633604816065
19666.1	-5.361700460481606
19667.8	-4.3544630604816055
19669.4	-4.562746760481606
19671.1	-4.097692860481606
19672.8	-3.1313966604816055
19674.4	-2.3798194604816065
19676.1	-1.3929238604816054
19677.8	-1.5725370604816056
19679.4	-2.697873060481606
19681.1	-4.975861060481606
19682.8	-6.5436790604816055
19684.4	-7.459999060481605
19686.1	-6.751865160481605
19687.8	-6.518387060481606
19689.4	-5.649714460481606
19691.1	-5.882006850481605
19692.8	-6.159808860481606
19694.4	-7.055815160481606
19696.1	-6.938728510481606
19697.8	-6.9139270604816065
19699.4	-6.100668060481605
19701.1	-6.3986950604816055
19702.8	-6.376774960481606
19704.4	-7.077969060481605
19706.1	-7.511380060481606
19707.8	-7.3400520604816055
19709.5	-5.783484660481606
19711.1	-4.017025060481606
19712.8	-2.155392060481606
19714.5	-0.9618970604816057
19716.1	-0.6886576604816059
19717.8	-0.8903030604816058
19719.5	-1.778084060481606
19721.1	-2.6888340604816054
19722.8	-3.235708660481605
19724.5	-3.5956550604816067
19726.1	-3.714098060481606
19727.8	-3.5513160604816063
19729.5	-4.472339460481606
19731.1	-5.223248060481606
19732.8	-6.4021770604816055
19734.5	-8.028572060481608
19736.1	-8.718484060481607
19737.8	-9.005889360481607
19739.5	-8.570618960481607
19741.1	-7.243456560481606
19742.8	-6.386520110481606
19744.5	-5.503296060481606
19746.1	-5.569102060481606
19747.8	-6.808222060481606
19749.5	-7.873916060481607
19751.2	-9.213840060481605
19752.8	-9.930632060481605
19754.5	-9.451048060481606
19756.2	-9.255172060481605
19757.8	-8.292871060481605
19759.5	-8.670625060481607
19761.2	-8.969531760481605
19762.8	-8.739832960481605
19764.5	-7.895468260481605
19766.2	-6.850423060481606
19767.8	-5.014552260481605
19769.5	-4.299577360481606
19771.2	-3.551153850481606
19772.8	-4.031304060481606
19774.5	-4.601573860481606
19776.2	-5.544846060481606
19777.8	-5.750780060481606
19779.5	-5.3004945604816065
19781.2	-4.319225060481606
19782.8	-3.242740060481606
19784.5	-2.144612460481606
19786.2	-2.0759350604816063
19787.8	-3.1566941604816057
19789.5	-5.3518311604816065
19791.2	-7.556938060481606
19792.8	-9.016289060481606
19794.5	-9.280267060481606
19796.2	-8.363402060481606
19797.9	-6.335297060481606
19799.5	-4.746640060481605
19801.2	-3.8051050604816057
19802.9	-4.002739060481606
19804.5	-4.1764000604816065
19806.2	-4.788801060481606
19807.9	-5.8543310604816075
19809.5	-6.671752060481606
19811.2	-7.672866060481607
19812.9	-8.624685060481607
19814.5	-7.994738060481606
19816.2	-7.054399060481606
19817.9	-5.156849060481606
19819.5	-3.270484060481605
19821.2	-3.7913860604816056
19822.9	-3.502281460481606
19824.5	-3.810915130481606
19826.2	-3.534218860481606
19827.9	-2.396388060481606
19829.5	-1.9456590604816058
19831.2	-2.5738725204816055
19832.9	-3.444701160481606
19834.5	-5.935987060481606
19836.2	-6.518433060481605
19837.9	-6.2361030604816055
19839.5	-4.968873060481606
19841.2	-3.4224780604816063
19842.9	-1.622633060481606
19844.6	-0.8077925604816057
19846.2	-0.4431021604816056
19847.9	-0.7910047004816062
19849.6	-1.233300960481606
19851.2	-1.5499756604816057
19852.9	-2.5282730604816055
19854.6	-3.339959960481606
19856.2	-3.6181520604816066
19857.9	-3.9480553604816064
19859.6	-4.448248960481606
19861.2	-4.296377760481606
19862.9	-4.236751060481606
19864.6	-3.669368060481606
19866.2	-4.040561060481606
19867.9	-4.278991860481606
19869.6	-4.633571060481606
19871.2	-5.565327760481606
19872.9	-6.025952060481606
19874.6	-6.432782060481607
19876.2	-6.673590060481605
19877.9	-6.096507060481606
19879.6	-5.348794060481604
19881.2	-4.592465560481605
19882.9	-3.755696960481606
19884.6	-3.796998360481605
19886.2	-3.8926390604816055
19887.9	-4.915321760481606
19889.6	-6.431921060481606
19891.3	-7.3473850604816064
19892.9	-7.526633560481606
19894.6	-7.196923060481605
19896.3	-6.672678060481604
19897.9	-6.2699210604816065
19899.6	-6.176294460481606
19901.3	-6.662915260481607
19902.9	-7.791495060481607
19904.6	-8.149080060481605
19906.3	-8.157050060481605
19907.9	-8.347137060481607
19909.6	-8.969526560481606
19911.3	-10.140751060481607
19912.9	-12.030586060481607
19914.6	-12.989966060481606
19916.3	-13.461870060481607
19917.9	-12.790181060481604
19919.6	-11.428170060481607
19921.3	-10.233217060481604
19922.9	-9.398860360481606
19924.6	-9.082364860481606
19926.3	-9.632420060481603
19927.9	-9.894643060481608
19929.6	-10.184915060481606
19931.3	-9.897216060481606
19933.0	-9.422721060481607
19934.6	-8.535365060481606
19936.3	-7.569144060481605
19938.0	-6.958785060481605
19939.6	-6.294712860481607
19941.3	-5.6315684604816045
19943.0	-4.5646384304816054
19944.6	-4.061984160481606
19946.3	-4.172771580481606
19948.0	-5.116901060481606
19949.6	-6.309491060481607
19951.3	-7.4913780604816065
19953.0	-7.1923370904816055
19954.6	-6.676886060481605
19956.3	-4.968212060481606
19958.0	-4.185204060481607
19959.6	-3.301688060481606
19961.3	-2.963726060481606
19963.0	-2.9163596604816053
19964.6	-2.9589590604816065
19966.3	-3.500214680481606
19968.0	-4.4288510604816045
19969.6	-5.780507470481605
19971.3	-7.694329060481607
19973.0	-9.231890060481605
19974.6	-9.409002660481608
19976.3	-9.051869460481607
19978.0	-6.995891060481606
19979.7	-5.129131660481606
19981.3	-3.3813570604816063
19983.0	-3.206210060481606
19984.7	-4.268692060481605
19986.3	-6.119604560481607
19988.0	-7.7522003604816065
19989.7	-8.679161060481606
19991.3	-8.692972060481605
19993.0	-8.096766360481606
19994.7	-7.061826960481605
19996.3	-5.656721560481605
19998.0	-4.3642373604816065
19999.7	-2.9876320604816056
20001.3	-3.4722730604816063
20003.0	-4.536028460481606
20004.7	-5.957008060481606
20006.3	-6.895814160481605
20008.0	-7.096449060481608
20009.7	-6.547789060481605
20011.3	-5.656298060481605
20013.0	-4.557993560481606
20014.7	-5.087041660481605
20016.3	-5.897190160481605
20018.0	-6.564306060481606
20019.7	-7.393912060481607
20021.3	-7.114958060481607
20023.0	-7.366161060481606
20024.7	-6.837351060481606
20026.4	-5.949920060481607
20028.0	-6.450739060481607
20029.7	-7.307771660481606
20031.4	-7.914413250481606
20033.0	-8.192286060481603
20034.7	-7.599777060481605
20036.4	-7.585289060481605
20038.0	-8.201239060481607
20039.7	-8.117924460481607
20041.4	-8.509658060481607
20043.0	-8.887549060481605
20044.7	-8.029406060481605
20046.4	-7.067838460481605
20048.0	-5.843734760481605
20049.7	-4.2456293604816056
20051.4	-3.309293060481606
20053.0	-2.7201192604816056
20054.7	-2.6426810604816056
20056.4	-4.142935460481607
20058.0	-5.202192060481605
20059.7	-6.846936060481606
20061.4	-7.2341327604816055
20063.0	-6.187879060481605
20064.7	-4.458077060481605
20066.4	-3.676467060481606
20068.0	-3.1938080604816053
20069.7	-4.269197060481606
20071.4	-5.231632060481606
20073.1	-6.363864060481606
20074.7	-6.680899060481605
20076.4	-5.716510060481606
20078.1	-4.401553060481605
20079.7	-3.8251880604816058
20081.4	-3.4690652604816066
20083.1	-3.4885540604816057
20084.7	-4.247988960481606
20086.4	-4.790421060481605
20088.1	-5.623962060481605
20089.7	-6.137198060481606
20091.4	-5.5190440604816065
20093.1	-4.861922060481605
20094.7	-5.114536060481607
20096.4	-4.382683060481606
20098.1	-5.027601960481606
20099.7	-6.236286560481607
20101.4	-6.284397360481606
20103.1	-6.206369060481605
20104.7	-4.577250060481606
20106.4	-3.090891680481606
20108.1	-2.1930550604816057
20109.7	-1.9571050604816054
20111.4	-2.290588060481606
20113.1	-3.821418060481606
20114.8	-4.842771060481606
20116.4	-4.909381060481605
20118.1	-4.895376060481605
20119.8	-4.947831060481606
20121.4	-4.157166060481606
20123.1	-4.380151060481605
20124.8	-4.055645460481606
20126.4	-4.072671060481605
20128.1	-4.496165060481607
20129.8	-4.1034188604816055
20131.4	-4.945365060481605
20133.1	-5.547836060481605
20134.8	-5.131265060481607
20136.4	-5.717074060481606
20138.1	-5.264671060481605
20139.8	-5.375221060481605
20141.4	-6.092577360481607
20143.1	-6.017861060481605
20144.8	-6.322747060481605
20146.4	-5.982237060481606
20148.1	-5.0271380604816045
20149.8	-4.866254760481605
20151.4	-4.257553960481606
20153.1	-3.6348310604816056
20154.8	-3.670436560481606
20156.4	-2.6036770604816057
20158.1	-2.3620090604816055
20159.8	-2.5904900604816055
20161.5	-3.8032230604816055
20163.1	-4.956378860481605
20164.8	-5.645704060481606
20166.5	-5.264096060481606
20168.1	-4.855626660481605
20169.8	-3.9824774604816064
20171.5	-3.317516960481606
20173.1	-2.912603060481606
20174.8	-4.149511060481606
20176.5	-4.118898660481606
20178.1	-4.516876060481605
20179.8	-5.456737060481606
20181.5	-5.452514260481605
20183.1	-4.8812473604816065
20184.8	-4.048073060481606
20186.5	-2.6331951604816064
20188.1	-2.588770580481606
20189.8	-2.583485060481606
20191.5	-3.2009447604816055
20193.1	-5.638314060481606
20194.8	-7.969851060481605
20196.5	-10.034863060481607
20198.1	-11.604065060481606
20199.8	-13.073158060481603
20201.5	-13.800705060481604
20203.1	-12.622706860481605
20204.8	-10.026409060481605
20206.5	-7.559734060481605
20208.2	-4.988672060481607
20209.8	-3.376131060481606
20211.5	-3.3615523604816056
20213.2	-4.388787560481605
20214.8	-6.222394000481606
20216.5	-6.6959450604816055
20218.2	-5.774274560481606
20219.8	-4.399848060481606
20221.5	-3.2062500604816058
20223.2	-2.426545060481606
20224.8	-2.3223770604816054
20226.5	-2.644374410481606
20228.2	-4.140641060481606
20229.8	-5.411885060481606
20231.5	-6.188808010481607
20233.2	-6.776367060481606
20234.8	-6.771017060481606
20236.5	-7.326209960481606
20238.2	-7.645731260481604
20239.8	-7.896081060481606
20241.5	-8.440871060481607
20243.2	-8.108354060481606
20244.8	-7.657423060481607
20246.5	-6.534135150481605
20248.2	-5.888892100481604
20249.8	-6.031722060481606
20251.5	-6.322605060481607
20253.2	-7.250572060481606
20254.9	-7.594136960481606
20256.5	-6.4622974104816056
20258.2	-6.032299460481607
20259.9	-4.732937517481607
20261.5	-4.556464560481606
20263.2	-5.690247260481606
20264.9	-7.515947160481605
20266.5	-9.975384060481604
20268.2	-10.931197060481605
20269.9	-10.263577060481605
20271.5	-8.738665560481605
20273.2	-6.251832060481606
20274.9	-4.399572060481606
20276.5	-3.5877249604816064
20278.2	-4.476037260481606
20279.9	-6.8500359604816055
20281.5	-9.203830360481605
20283.2	-11.043131060481606
20284.9	-11.400304960481604
20286.5	-10.504584060481607
20288.2	-8.758662060481607
20289.9	-6.733100060481606
20291.5	-5.065930660481605
20293.2	-4.846247060481606
20294.9	-5.324047060481607
20296.6	-7.021831060481605
20298.2	-8.438396260481607
20299.9	-9.835557560481604
20301.6	-10.144956060481606
20303.2	-9.900940060481606
20304.9	-7.323298060481605
20306.6	-5.833185060481606
20308.2	-4.8716615604816065
20309.9	-5.258627060481607
20311.6	-6.008634060481606
20313.2	-7.174131060481606
20314.9	-8.078465060481605
20316.6	-9.339515060481606
20318.2	-9.536924360481606
20319.9	-10.063971060481606
20321.6	-10.580031060481607
20323.2	-10.859678060481604
20324.9	-9.942971060481606
20326.6	-8.955367060481606
20328.2	-7.505390060481607
20329.9	-5.879056560481606
20331.6	-4.418456060481605
20333.2	-3.776848160481606
20334.9	-3.948201060481607
20336.6	-4.7980982604816065
20338.2	-5.579678060481606
20339.9	-6.008698060481605
20341.6	-5.305140060481605
20343.3	-5.061743060481605
20344.9	-5.326622060481606
20346.6	-6.942374060481603
20348.3	-8.911005060481607
20349.9	-10.141780060481608
20351.6	-10.500856060481606
20353.3	-9.107798560481607
20354.9	-6.771458060481606
20356.6	-5.231227360481606
20358.3	-4.404498060481606
20359.9	-4.292906060481606
20361.6	-4.683985060481606
20363.3	-4.949557060481606
20364.9	-5.656693360481606
20366.6	-5.322918260481606
20368.3	-5.2267180604816055
20369.9	-5.350379560481605
20371.6	-5.462465060481605
20373.3	-5.6280161604816055
20374.9	-5.774810060481605
20376.6	-6.254249660481607
20378.3	-7.191235660481605
20379.9	-8.004707660481605
20381.6	-8.611049060481607
20383.3	-10.094357060481604
20384.9	-10.915663060481606
20386.6	-10.535595060481606
20388.3	-9.655186060481606
20390.0	-9.164591060481605
20391.6	-8.750424060481606
20393.3	-9.207578060481605
20395.0	-9.553549060481606
20396.6	-9.162025060481605
20398.3	-8.458384060481606
20400.0	-6.372442960481605
20401.6	-3.909438060481606
20403.3	-2.536680060481606
20405.0	-2.537921060481606
20406.6	-2.547786060481606
20408.3	-4.278735060481607
20410.0	-5.360883660481607
20411.6	-6.449737660481607
20413.3	-7.970372060481606
20415.0	-8.693901060481604
20416.6	-8.953051060481608
20418.3	-8.913699260481604
20420.0	-8.052476260481606
20421.6	-7.2654930604816075
20423.3	-5.894442360481606
20425.0	-4.895836460481605
20426.6	-5.276337060481606
20428.3	-5.714927060481606
20430.0	-6.492093060481603
20431.6	-7.050098060481607
20433.3	-7.032399060481606
20435.0	-6.388120060481606
20436.7	-5.641041060481605
20438.3	-4.992129060481606
20440.0	-5.291592360481606
20441.7	-6.400352180481606
20443.3	-7.283810060481606
20445.0	-8.921139760481605
20446.7	-9.516709860481606
20448.3	-9.473819960481604
20450.0	-9.352487360481605
20451.7	-8.614631060481605
20453.3	-7.832263060481606
20455.0	-6.979982360481607
20456.7	-6.437352060481605
20458.3	-7.071342060481607
20460.0	-7.308112960481607
20461.7	-8.235127060481606
20463.3	-9.556441060481607
20465.0	-9.414844060481606
20466.7	-9.952500060481608
20468.3	-9.807773060481605
20470.0	-9.287789060481606
20471.7	-9.149859060481607
20473.3	-7.983512060481604
20475.0	-7.406801260481606
20476.7	-7.135816980481605
20478.4	-6.483484060481605
20480.0	-6.182246760481606
20481.7	-5.383467460481606
20483.4	-4.339140400481606
20485.0	-4.321589860481605
20486.7	-4.014718560481606
20488.4	-5.2149171604816065
20490.0	-6.149274860481606
20491.7	-6.354410060481605
20493.4	-5.845676160481605
20495.0	-4.746840060481605
20496.7	-3.3174890604816056
20498.4	-2.2494470604816055
20500.0	-1.3259931604816058
20501.7	-0.5515674604816059
20503.4	-0.6773860604816057
20505.0	-1.579941360481606
20506.7	-2.5839761604816065
20508.4	-4.025209470481606
20510.0	-5.172340460481607
20511.7	-4.882106060481606
20513.4	-4.732467060481605
20515.0	-4.226156060481605
20516.7	-3.9903214804816067
20518.4	-5.047162060481606
20520.0	-7.217691660481606
20521.7	-9.865813060481607
20523.4	-11.783525060481605
20525.1	-11.892990060481607
20526.7	-10.698259060481606
20528.4	-8.939992260481606
20530.1	-7.658019060481607
20531.7	-7.646146060481605
20533.4	-8.922896160481606
20535.1	-10.920717060481605
20536.7	-12.266449060481605
20538.4	-12.495804060481607
20540.1	-11.067582060481607
20541.7	-8.917829060481605
20543.4	-6.682437060481607
20545.1	-5.220095060481606
20546.7	-5.186952860481606
20548.4	-5.935027060481606
20550.1	-7.469338060481606
20551.7	-8.704122060481605
20553.4	-8.506293160481606
20555.1	-7.666148060481606
20556.7	-7.098168760481606
20558.4	-6.919514060481606
20560.1	-7.626744060481606
20561.7	-7.545684060481605
20563.4	-8.690944060481607
20565.1	-9.755192060481608
20566.7	-10.596824060481605
20568.4	-11.598639060481606
20570.1	-12.188175060481605
20571.8	-12.183865060481605
20573.4	-11.751330060481605
20575.1	-10.213070060481607
20576.8	-9.198488060481607
20578.4	-7.702263060481606
20580.1	-6.080693600481607
20581.8	-4.9254590604816055
20583.4	-4.467255260481606
20585.1	-5.035978060481606
20586.8	-5.445104660481606
20588.4	-5.889376060481606
20590.1	-6.489210060481605
20591.8	-6.011478560481605
20593.4	-6.135468160481606
20595.1	-6.923603360481605
20596.8	-8.546895060481605
20598.4	-10.313849260481607
20600.1	-11.040968360481605
20601.8	-10.420201060481606
20603.4	-9.593710060481605
20605.1	-7.914985060481607
20606.8	-7.0979057604816065
20608.4	-6.908173760481605
20610.1	-7.337775060481606
20611.8	-8.092060060481606
20613.4	-8.260092060481606
20615.1	-8.372669060481606
20616.8	-8.264864680481605
20618.5	-8.308606060481607
20620.1	-8.184939060481607
20621.8	-9.255927060481605
20623.5	-9.827675160481604
20625.1	-10.169379060481605
20626.8	-9.515354060481606
20628.5	-7.782156060481606
20630.1	-5.463050060481605
20631.8	-3.9246750604816056
20633.5	-2.868290060481606
20635.1	-3.438543560481606
20636.8	-4.129380060481606
20638.5	-4.098175960481607
20640.1	-4.292446760481606
20641.8	-3.684946060481606
20643.5	-3.6227710604816066
20645.1	-4.0756910604816055
20646.8	-5.094726060481606
20648.5	-6.911764060481604
20650.1	-7.720675660481605
20651.8	-8.514714060481605
20653.5	-8.406591060481608
20655.1	-7.125687060481606
20656.8	-5.6752370604816065
20658.5	-3.705088060481606
20660.2	-2.023956560481606
20661.8	-1.993905060481606
20663.5	-1.649225660481606
20665.2	-3.2473380604816056
20666.8	-4.7142640604816055
20668.5	-6.1820100604816055
20670.2	-7.087914060481607
20671.8	-7.466999060481605
20673.5	-7.271056060481605
20675.2	-8.010186060481605
20676.8	-7.770676060481605
20678.5	-8.124197060481606
20680.2	-7.8337100604816055
20681.8	-7.603906860481606
20683.5	-6.811799160481607
20685.2	-7.073041960481605
20686.8	-7.748466360481606
20688.5	-9.195601060481607
20690.2	-10.463689060481608
20691.8	-10.906395060481605
20693.5	-11.111863060481607
20695.2	-10.483464760481606
20696.8	-9.265119560481605
20698.5	-7.796113760481605
20700.2	-6.751916060481607
20701.8	-5.6602980604816056
20703.5	-5.725737260481607
20705.2	-6.1421991604816055
20706.9	-6.8970022804816065
20708.5	-7.713783160481606
20710.2	-7.527199060481607
20711.9	-6.756388160481606
20713.5	-6.193756060481606
20715.2	-5.288309060481606
20716.9	-4.909264060481606
20718.5	-4.792669060481606
20720.2	-4.087404360481606
20721.9	-4.091869800481605
20723.5	-4.3273050604816055
20725.2	-4.944580060481606
20726.9	-5.647903060481606
20728.5	-6.857874060481606
20730.2	-7.5898490604816065
20731.9	-8.809018760481607
20733.5	-9.357391060481605
20735.2	-9.150562360481604
20736.9	-7.788888060481606
20738.5	-6.288703060481606
20740.2	-4.114094060481606
20741.9	-3.3114580604816064
20743.5	-3.4898504604816054
20745.2	-5.175916760481606
20746.9	-6.681334060481606
20748.5	-7.456942060481606
20750.2	-6.565330060481605
20751.9	-5.557820060481605
20753.6	-4.274091060481605
20755.2	-3.403267160481606
20756.9	-3.1085430604816056
20758.6	-4.097812060481606
20760.2	-5.383625560481606
20761.9	-6.210837660481607
20763.6	-6.499298060481607
20765.2	-7.309457060481606
20766.9	-7.305666060481606
20768.6	-7.6891140604816055
20770.2	-8.043317060481607
20771.9	-8.820216060481608
20773.6	-9.441589060481606
20775.2	-9.412033060481606
20776.9	-9.264790060481605
20778.6	-9.529743060481605
20780.2	-9.331150060481605
20781.9	-9.561588060481606
20783.6	-8.993271060481607
20785.2	-8.463161060481607
20786.9	-6.824857060481605
20788.6	-4.932835860481606
20790.2	-3.8277724604816057
20791.9	-3.860933360481605
20793.6	-4.5666794604816054
20795.2	-5.277319760481605
20796.9	-5.925752360481606
20798.6	-6.290691860481607
20800.3	-6.695000060481606
20801.9	-7.689421440481607
20803.6	-8.608952060481604
20805.3	-8.741962060481606
20806.9	-8.455073960481606
20808.6	-6.433412060481606
20810.3	-4.802634060481605
20811.9	-3.3188290604816055
20813.6	-2.5991090604816054
20815.3	-2.776249060481606
20816.9	-3.4119227604816045
20818.6	-3.632931460481605
20820.3	-3.714101060481606
20821.9	-3.7397499604816056
20823.6	-3.399626060481605
20825.3	-3.2056650604816057
20826.9	-3.1576710604816056
20828.6	-3.7817390604816055
20830.3	-4.646208460481605
20831.9	-5.979303060481606
20833.6	-6.765544060481607
20835.3	-7.116553060481605
20836.9	-8.054626160481606
20838.6	-9.449590060481606
20840.3	-9.937484060481605
20842.0	-10.600098060481605
20843.6	-10.771620060481606
20845.3	-11.520673060481606
20847.0	-11.795697060481606
