0.0	-0.5939881170568557
1.66789	-0.8450311170568556
3.33578	-0.3375281170568556
5.00367	-0.4887131170568555
6.67156	0.09758488294314435
8.33945	-0.2253751170568555
10.0073	0.12366488294314441
11.6752	-0.22516811705685563
13.3431	0.07046088294314438
15.011	-0.2647431170568554
16.6789	-0.058476117056855716
18.3468	-0.6827861170568557
20.0147	-0.5803691170568557
21.6826	-1.3648192170568554
23.3505	-1.1563439170568557
25.0183	-0.11471631705685555
26.6862	1.3459988829431444
28.3541	2.388564882943144
30.022	3.257890882943145
31.6899	2.4606258829431447
33.3578	1.9333168829431444
35.0257	0.6183838829431444
36.6936	-0.16877711705685555
38.3615	-0.22121511705685543
40.0294	0.13608388294314452
41.6972	-0.19189921705685578
43.3651	0.14931788294314466
45.033	-0.11086411705685544
46.7009	0.20642408294314407
48.3688	0.00923338294314453
50.0367	0.22675998294314467
51.7046	-0.13010421705685574
53.3725	0.6325558829431445
55.0404	0.6765468829431442
56.7083	1.4122708829431443
58.3761	1.2918558829431444
60.044	1.3234268829431446
61.7119	0.5874198829431446
63.3798	0.36255988294314434
65.0477	-0.39142061705685555
66.7156	-0.17374221705685558
68.3835	0.18562188294314447
70.0514	1.2321178829431445
71.7193	1.4953018829431444
73.3871	2.094185882943145
75.055	1.5183398829431443
76.7229	1.1687318829431441
78.3908	0.23686848294314453
80.0587	-0.21509361705685537
81.7266	-0.6646358170568554
83.3945	-0.24854271705685585
85.0624	-0.5669840170568557
86.7303	-0.2702015170568555
88.3982	-0.4957806170568553
90.066	-0.12348811705685578
91.7339	-0.30290411705685544
93.4018	0.1899008829431444
95.0697	0.1541758829431446
96.7376	0.5991328829431444
98.4055	0.36475088294314445
100.073	0.6840338829431445
101.741	0.30285088294314466
103.409	0.4594086829431442
105.077	-0.016699117056855516
106.745	0.07733888294314459
108.413	-0.2560291170568555
110.081	-0.027810117056855342
111.749	-0.36505411705685553
113.417	0.07603868294314434
115.084	-0.061928017056855376
116.752	0.2543258829431444
118.42	-0.1497221170568554
120.088	0.09967388294314432
121.756	-0.35958311705685564
123.424	-0.14879011705685558
125.092	-0.5235653170568557
126.76	-0.19654371705685547
128.428	0.06701938294314447
130.095	0.8698238829431444
131.763	0.721113882943144
133.431	1.5125988829431445
135.099	1.3470798829431447
136.767	1.9021817829431444
138.435	2.1810838829431445
140.103	2.7326238829431446
141.771	2.6680718829431442
143.439	3.025841882943145
145.106	2.0057038829431444
146.774	1.8200148829431444
148.442	0.9503948829431443
150.11	0.6043867829431447
151.778	-0.004338117056855761
153.446	0.07244588294314447
155.114	-0.40843821705685557
156.782	0.10009888294314448
158.45	-0.008890117056855718
160.117	0.3839098829431443
161.785	0.1409918829431443
163.453	1.1303198829431447
165.121	1.4757628829431444
166.789	2.485008882943144
168.457	2.2189508829431444
170.125	2.0874098829431444
171.793	1.0724738829431444
173.461	0.5130548829431447
175.128	0.14404688294314436
176.796	0.7063478829431447
178.464	0.5034108829431444
180.132	1.6623858829431444
181.8	2.145061882943144
183.468	3.7759388829431457
185.136	4.810850882943145
186.804	5.6285098829431455
188.472	5.184634882943145
190.139	4.660816882943144
191.807	2.7970038829431445
193.475	2.4492048829431448
195.143	1.6770318829431445
196.811	1.8836038829431447
198.479	1.2080760629431446
200.147	1.3850564829431444
201.815	0.7768470829431444
203.483	0.9529208829431447
205.15	0.5329768829431443
206.818	1.3315358829431445
208.486	2.5479328829431447
210.154	3.992458882943145
211.822	4.984855882943145
213.49	6.417750882943144
215.158	6.513628882943145
216.826	7.542575882943145
218.494	8.759996882943145
220.161	10.806333882943145
221.829	14.028295882943144
223.497	17.180003882943147
225.165	18.555150882943146
226.833	20.27293988294314
228.501	19.510509882943143
230.169	17.562369882943145
231.837	14.525179882943144
233.505	10.621953882943144
235.172	6.262519882943144
236.84	3.6385438829431442
238.508	1.3453698829431444
240.176	1.1124838829431447
241.844	1.4834948829431442
243.512	2.498715882943145
245.18	3.2786068829431443
246.848	3.6701827829431446
248.516	2.732963882943144
250.183	2.7573235829431444
251.851	2.687751882943145
253.519	3.681782882943145
255.187	4.439111882943144
256.855	5.766702882943145
258.523	5.6372493829431445
260.191	5.386319882943143
261.859	4.511413882943144
263.527	5.140767882943144
265.194	5.547712882943143
266.862	6.154619882943145
268.53	5.516875882943145
270.198	5.339609882943144
271.866	4.018524882943145
273.534	3.1320208829431446
275.202	2.1235908829431445
276.87	1.8076148829431447
278.538	0.7824678829431444
280.205	0.22442288294314441
281.873	-0.5504171170568557
283.541	-0.2694271170568555
285.209	-0.33423211705685574
286.877	-0.17533811705685548
288.545	-0.6458075170568555
290.213	-0.6612351170568556
291.881	-1.107575117056856
293.549	-0.6580021170568557
295.216	-0.8083001170568554
296.884	0.48273788294314446
298.552	2.1827498829431446
300.22	4.502198882943144
301.888	6.0811198829431445
303.556	7.148379882943144
305.224	6.552566882943145
306.892	5.601267882943144
308.56	3.593066882943144
310.227	2.230582882943144
311.895	3.1251088829431444
313.563	6.480425882943145
315.231	8.854809882943144
316.899	11.469449882943145
318.567	11.518299882943145
320.235	10.191495882943146
321.903	7.703199882943144
323.571	5.100696382943145
325.238	3.103225982943145
326.906	3.106522882943144
328.574	1.8610510829431448
330.242	1.6591377829431444
331.91	0.8244057829431444
333.578	0.9967173829431444
335.246	0.7190903829431445
336.914	1.0541748829431445
338.582	0.6959508829431443
340.25	0.8504595829431446
341.917	0.5738035829431445
343.585	1.0484058829431446
345.253	0.8143449829431446
346.921	0.8862571829431445
348.589	0.4866568829431445
350.257	1.0876999729431447
351.925	2.510113882943144
353.593	6.053385882943144
355.261	9.113045882943144
356.928	12.003349882943144
358.596	12.076119882943143
360.264	10.558039882943145
361.932	7.599335882943144
363.6	5.004006882943144
365.268	2.684685882943145
366.936	2.0454008829431443
368.604	1.1750028829431445
370.272	1.2266788829431445
371.939	0.4909008829431444
373.607	0.5179608829431445
375.275	0.3515178569431445
376.943	0.8960218829431443
378.611	0.9124628829431443
380.279	1.3194188829431446
381.947	1.8682628829431447
383.615	3.3104488829431444
385.283	3.942201882943144
386.95	5.155169882943145
388.618	5.198269882943145
390.286	5.105903882943145
391.954	3.879595882943144
393.622	2.6468157829431442
395.29	1.2252518829431447
396.958	0.9014058829431442
398.626	0.23982988294314445
400.294	0.6857578829431443
401.961	0.6320857829431442
403.629	1.044536882943144
405.297	0.7513038829431444
406.965	0.9833888829431447
408.633	0.6315408829431444
410.301	0.8739068829431444
411.969	0.5424938829431445
413.637	0.5501958829431446
415.305	-0.02083131705685548
416.972	0.06977588294314456
418.64	-0.14104411705685563
420.308	0.5739118829431444
421.976	0.7739715829431443
423.644	1.4331974829431444
425.312	1.4350798829431448
426.98	1.5634048829431446
428.648	1.1989248829431447
430.316	1.5555828829431442
431.983	1.3620658829431445
433.651	1.7403018829431445
435.319	1.5031038829431438
436.987	1.7209458829431443
438.655	1.4816858829431443
440.323	1.9370348829431439
441.991	2.0710038829431445
443.659	3.202983882943144
445.327	3.6265838829431445
446.994	4.6592058829431435
448.662	5.036272882943146
450.33	7.675280882943144
451.998	14.047607182943144
453.666	23.552889882943145
455.334	32.77369988294314
457.002	38.865889882943144
458.67	40.29831988294315
460.338	41.82170988294314
462.005	41.02792988294314
463.673	39.85652988294315
465.341	37.93690988294314
467.009	33.083997882943144
468.677	24.595733882943144
470.345	14.898199682943144
472.013	5.6533988829431445
473.681	2.2197962829431446
475.349	0.6353634829431443
477.016	0.3187672829431444
478.684	-0.3081821170568554
480.352	-0.16833611705685536
482.02	-0.5979431170568554
483.688	-0.15022871705685556
485.356	-0.43388041705685587
487.024	-0.10341311705685552
488.692	-0.5550881170568556
490.36	-0.30347731705685554
492.027	-0.6517984170568556
493.695	-0.24167011705685573
495.363	-0.5100351170568554
497.031	-0.2163641170568554
498.699	-0.5719246170568555
500.367	-0.2553296170568555
502.035	-0.5256484170568556
503.703	-0.17231091705685558
505.371	-0.37791801705685557
507.038	-0.0404719170568558
508.706	-0.34741656705685575
510.374	-0.1623184170568554
512.042	-0.5605552170568557
513.71	-0.35885341705685575
515.378	-0.7357791170568555
517.046	-0.47637111705685553
518.714	-0.6920534170568557
520.382	-0.3136392170568555
522.049	-0.4550468170568555
523.717	-0.01327211705685576
525.385	0.013776882943144475
527.053	1.5524868829431449
528.721	3.0852008829431448
530.389	5.203060882943145
532.057	6.219897882943146
533.725	6.663367882943144
535.393	5.370277882943144
537.06	4.025152882943145
538.728	1.8389088829431444
540.396	0.9772583829431445
542.064	0.08082068294314451
543.732	0.025042362943144502
545.4	-0.4620969170568555
547.068	-0.15657792705685547
548.736	-0.3274001170568555
550.404	0.3353208829431445
552.072	0.6266908829431447
553.739	1.3518038829431445
555.407	1.4141578829431443
557.075	2.0991928829431443
558.743	1.7978898829431444
560.411	1.8644598829431445
562.079	1.2086168829431445
563.747	0.9402388829431446
565.415	0.34604288294314445
567.083	0.2452158829431445
568.75	-0.29092731705685554
570.418	0.08070788294314446
572.086	0.08567088294314437
573.754	0.3456888829431445
575.422	-0.3157441170568555
577.09	-0.6738051170568556
578.758	-1.2186071170568558
580.426	-0.8647151170568556
582.094	0.5180564829431443
583.761	3.364608882943145
585.429	8.716436882943146
587.097	17.323199882943147
588.765	23.201379882943144
590.433	26.655179882943152
592.101	24.842659882943146
593.769	19.25027988294314
595.437	11.730959882943147
597.105	5.2929508829431455
598.772	0.8420948829431445
600.44	1.1407548829431444
602.108	0.9338378829431448
603.776	1.5632808829431446
605.444	1.0461878829431446
607.112	1.2926938829431447
608.78	0.6547788829431445
610.448	0.7640328829431444
612.116	0.17847988294314449
613.783	0.44593088294314426
615.451	0.09318888294314442
617.119	0.4797218829431446
618.787	0.029938882943144396
620.455	0.17323788294314432
622.123	-0.25462611705685567
623.791	0.033949882943144494
625.459	-0.14231111705685545
627.127	0.3586358829431443
628.794	0.24269388294314434
630.462	0.8284838829431447
632.13	0.8439458829431444
633.798	1.2700518829431444
635.466	1.0397608829431446
637.134	1.1590608829431446
638.802	0.5406528829431445
640.47	0.4874808829431444
642.138	-0.19923911705685554
643.805	-0.10416811705685572
645.473	-0.47981111705685553
647.141	-0.3230121170568555
648.809	-0.6736111170568553
650.477	-0.5221151170568556
652.145	-0.7684361170568555
653.813	-0.4275611170568555
655.481	-0.7243321170568555
657.149	-0.22081581705685557
658.816	-0.46511201705685556
660.484	-0.03426341705685565
662.152	-0.19527841705685564
663.82	0.11223548294314453
665.488	-0.16677411705685558
667.156	0.0822588829431445
668.824	-0.5007781170568555
670.492	-0.22482411705685545
672.16	-0.6804089170568557
673.827	-0.26958111705685556
675.495	-0.5359300170568556
677.163	-0.08565661705685576
678.831	-0.3550040170568559
680.499	0.05726988294314441
682.167	-0.34288211705685534
683.835	-0.025100117056855532
685.503	-0.4254835170568553
687.171	-0.07202211705685553
688.838	-0.3375751170568555
690.506	0.08978188294314442
692.174	-0.16932311705685565
693.842	0.26190388294314426
695.51	-0.12421211705685556
697.178	0.15394188294314454
698.846	-0.25547211705685546
700.514	0.07411288294314429
702.182	-0.20721811705685553
703.849	0.21009288294314468
705.517	-0.09703241705685542
707.185	0.2815798829431446
708.853	-0.11189211705685569
710.521	0.12642688294314453
712.189	-0.26338211705685566
713.857	0.055802882943144436
715.525	-0.24762211705685555
717.193	0.1122688829431446
718.86	-0.20693111705685566
720.528	0.13082288294314448
722.196	-0.20812011705685568
723.864	0.08880388294314437
725.532	-0.2597321170568554
727.2	0.010268882943144519
728.868	-0.34170811705685533
730.536	-0.02566511705685548
732.204	-0.32510251705685567
733.871	0.06844288294314449
735.539	-0.22610711705685568
737.207	0.09194488294314429
738.875	-0.2691041170568556
740.543	0.0048638829431445485
742.211	-0.34117511705685544
743.879	0.04409688294314453
745.547	-0.22508311705685538
747.215	0.16477588294314452
748.882	-0.14651411705685577
750.55	0.15896188294314467
752.218	-0.20188211705685558
753.886	0.13660988294314444
755.554	-0.19428111705685563
757.222	0.14770188294314443
758.89	-0.2001911170568554
760.558	0.10357788294314448
762.226	-0.2587361170568553
763.894	0.0586558829431445
765.561	-0.30146711705685547
767.229	0.05411088294314459
768.897	-0.2612371170568556
770.565	0.09258788294314427
772.233	-0.19854711705685574
773.901	0.17525988294314435
775.569	-0.12278311705685536
777.237	0.22368288294314426
778.905	-0.17605111705685547
780.572	0.11753688294314453
782.24	-0.25846711705685577
783.908	0.03712388294314439
785.576	-0.3019201170568556
787.244	0.03234288294314462
788.912	-0.2689846170568558
790.58	0.11929588294314437
792.248	-0.1848061170568556
793.916	0.15653888294314453
795.583	-0.18661311705685527
797.251	0.10272488294314452
798.919	-0.30485611705685556
800.587	-0.051014117056855546
802.255	-0.44666061705685545
803.923	-0.16990811705685543
805.591	-0.47871741705685544
807.259	-0.11511561705685538
808.927	-0.3686096170568558
810.594	0.06314788294314444
812.262	-0.22493611705685543
813.93	0.12772788294314463
815.598	-0.22648011705685533
817.266	0.058982882943144535
818.934	-0.30925811705685546
820.602	-0.006537117056855557
822.27	-0.3562481170568558
823.938	0.012098882943144495
825.605	-0.2820131170568554
827.273	0.10911788294314455
828.941	-0.19360311705685543
830.609	0.13519288294314452
832.277	-0.22827411705685555
833.945	0.0735638829431445
835.613	-0.28913611705685566
837.281	0.045312882943144395
838.949	-0.3070161170568556
840.616	0.0015188829431445727
842.284	-0.3665121170568555
843.952	-0.056627117056855455
845.62	-0.40532811705685556
847.288	-0.06282511705685552
848.956	-0.39693011705685555
850.624	-0.04458211705685551
852.292	-0.3876121170568558
853.96	-0.04465711705685556
855.627	-0.3661061170568556
857.295	-0.011807117056855398
858.963	-0.32058911705685544
860.631	0.06488688294314437
862.299	-0.23553011705685534
863.967	0.14294188294314433
865.635	-0.1901901170568557
867.303	0.14236088294314458
868.971	-0.2007561170568554
870.638	0.14320288294314426
872.306	-0.19758311705685552
873.974	0.14852588294314464
875.642	-0.2108101170568557
877.31	0.05697988294314447
878.978	-0.2810581170568553
880.646	0.3570548829431443
882.314	0.39181588294314446
883.982	1.1170328829431444
885.649	0.9854688829431446
887.317	1.2694328829431443
888.985	0.6526758829431446
890.653	0.6233888829431444
892.321	-0.06448611705685521
893.989	0.2028668829431445
895.657	-0.15020311705685566
897.325	0.1911498829431447
898.993	-0.16002911705685552
900.66	0.22668088294314445
902.328	-0.0863531170568553
903.996	0.2876028829431445
905.664	-0.0661361170568558
907.332	0.31619588294314427
909.0	-0.04162411705685558
910.668	0.3460448829431444
912.336	-0.03547111705685566
914.004	0.29408688294314433
915.671	-0.12335111705685546
917.339	0.17759388294314443
919.007	-0.24774211705685545
920.675	0.12410288294314456
922.343	-0.28041511705685557
924.011	0.16413488294314454
925.679	-0.20106311705685562
927.347	0.2107158829431448
929.015	-0.11194511705685535
930.682	0.3121748829431442
932.35	-0.043216117056855574
934.018	0.3999808829431445
935.686	-0.007099117056855686
937.354	0.4952328829431445
939.022	0.12340888294314463
940.69	0.5758428829431446
942.358	0.19468688294314435
944.026	0.7729528829431445
945.693	0.38323588294314426
947.361	1.0852538829431444
949.029	0.6971198829431446
950.697	1.6785758829431443
952.365	1.0363838829431444
954.033	5.492703882943145
955.701	15.444119882943147
957.369	24.835479882943147
959.037	31.96201988294315
960.704	33.388119882943144
962.372	27.147979882943144
964.04	18.433489882943146
965.708	7.848114882943143
967.376	0.8782808829431443
969.044	0.6309408829431442
970.712	0.3142438829431443
972.38	0.22301388294314428
974.048	0.29155788294314444
975.715	0.16972988294314417
977.383	0.32901688294314424
979.051	0.14853188294314446
980.719	0.32478988294314465
982.387	0.09366188294314451
984.055	0.23790188294314457
985.723	0.20059988294314443
987.391	1.3816898829431443
989.059	2.9083328829431445
990.727	5.1775638829431445
992.394	7.8644038829431455
994.062	11.301104882943147
995.73	13.03614988294314
997.398	13.472021882943142
999.066	11.419121882943145
1000.73	8.454481882943146
1002.4	4.856562882943144
1004.07	1.9631958829431446
1005.74	-0.08343811705685562
1007.41	-0.09201911705685543
1009.07	-0.23930411705685542
1010.74	-0.004418517056855498
1012.41	-0.2611080170568557
1014.08	0.004383582943144382
1015.74	-0.3028263170568556
1017.41	-0.08436711705685544
1019.08	-0.3726871170568555
1020.75	-0.17940011705685582
1022.42	-0.44171011705685564
1024.08	-0.1872561170568557
1025.75	-0.42018211705685565
1027.42	-0.15807511705685545
1029.09	-0.4066041170568555
1030.76	-0.14122311705685547
1032.42	-0.3708721170568555
1034.09	-0.010776117056855572
1035.76	-0.2108211170568556
1037.43	0.08176988294314429
1039.1	-0.18490411705685555
1040.76	0.028966882943144756
1042.43	-0.2720351170568553
1044.1	-0.07000611705685547
1045.77	-0.3922251170568556
1047.43	-0.1487861170568557
1049.1	-0.43947081705685553
1050.77	-0.14787611705685552
1052.44	-0.4160701170568556
1054.11	-0.0732581170568557
1055.77	-0.2562171170568557
1057.44	0.012097882943144556
1059.11	-0.2648991170568555
1060.78	-0.0540641170568555
1062.45	-0.3382981170568555
1064.11	-0.0623971170568556
1065.78	-0.32110211705685543
1067.45	0.007592882943144352
1069.12	-0.18198411705685563
1070.79	0.21069188294314428
1072.45	0.20609688294314443
1074.12	0.7787538829431446
1075.79	0.7094308829431445
1077.46	1.0280178829431443
1079.12	0.5784038829431446
1080.79	0.5445778829431445
1082.46	-0.03268211705685557
1084.13	0.0047528829431445095
1085.8	-0.3415801170568556
1087.46	-0.036111117056855414
1089.13	-0.31341911705685543
1090.8	-0.06811311705685572
1092.47	-0.3516761170568555
1094.14	-0.09160211705685559
1095.8	-0.36117411705685576
1097.47	-0.07134511705685558
1099.14	-0.3174431170568556
1100.81	-0.032690117056855386
1102.48	-0.29547111705685525
1104.14	-0.03507311705685523
1105.81	-0.28235511705685556
1107.48	0.02877388294314436
1109.15	-0.18302211705685562
1110.81	0.12583988294314438
1112.48	-0.1313621170568556
1114.15	0.1183638829431443
1115.82	-0.1925441170568556
1117.49	0.02260988294314432
1119.15	-0.26865611705685544
1120.82	-0.056369117056855524
1122.49	-0.3609821170568555
1124.16	-0.10829911705685555
1125.83	-0.2921711170568555
1127.49	0.07605388294314445
1129.16	-0.10389711705685549
1130.83	0.14193388294314457
1132.5	-0.1841591170568555
1134.17	-0.05685311705685532
1135.83	-0.40879911705685545
1137.5	-0.23779011705685563
1139.17	-0.45811311705685565
1140.84	0.14621288294314433
1142.5	0.5688998829431442
1144.17	1.3383578829431446
1145.84	1.6261438829431445
1147.51	1.7910028829431446
1149.18	1.2778566829431446
1150.84	0.7680018829431444
1152.51	0.7770238829431444
1154.18	3.1181017829431443
1155.85	4.434609882943144
1157.52	6.058008882943144
1159.18	5.650092882943143
1160.85	4.283163882943144
1162.52	2.0221568829431447
1164.19	0.35055788294314405
1165.85	-1.1192101170568558
1167.52	-0.07146231705685553
1169.19	-0.4478371170568557
1170.86	0.002512982943144326
1172.53	-0.47298161705685543
1174.19	-0.2650110170568555
1175.86	-0.8347768170568555
1177.53	-0.6160868170568556
1179.2	-1.0098638170568552
1180.87	-0.6815111170568554
1182.53	-0.9824533170568553
1184.2	-0.5740200170568555
1185.87	-0.7886225170568555
1187.54	-0.34022500705685593
1189.21	-0.5263986240568557
1190.87	-0.1287708170568556
1192.54	-0.38298461705685544
1194.21	-0.08137751705685543
1195.88	-0.4513657170568557
1197.54	-0.21140056705685545
1199.21	-0.5467742170568552
1200.88	-0.23488218705685573
1202.55	-0.46930731705685547
1204.22	-0.03763411705685562
1205.88	-0.23681011705685545
1207.55	0.14145688294314462
1209.22	-0.1637571170568554
1210.89	0.07576988294314464
1212.56	-0.33374411705685547
1214.22	-0.10611611705685567
1215.89	-0.4468492170568556
1217.56	-0.13810811705685572
1219.23	-0.4278491170568556
1220.9	-0.13887211705685537
1222.56	-0.48507441705685544
1224.23	-0.261697117056856
1225.9	-0.6284413170568556
1227.57	-0.39051881705685526
1229.23	-0.5829518170568553
1230.9	-0.1828281170568557
1232.57	-0.3760401170568556
1234.24	-0.061682117056855376
1235.91	-0.3989611170568555
1237.57	-0.2693981170568554
1239.24	-0.7122671170568553
1240.91	-0.6371725170568554
1242.58	-0.9352793170568556
1244.25	-0.6651411170568553
1245.91	-0.8794721170568556
1247.58	-0.5796131170568556
1249.25	-0.8470911170568556
1250.92	-0.6190671170568557
1252.59	-0.8612051170568555
1254.25	-0.7951285170568557
1255.92	-0.9783358170568555
1257.59	-1.6918691170568554
1259.26	-1.4719999170568556
1260.92	1.9988848829431443
1262.59	4.935399882943145
1264.26	8.788919882943144
1265.93	10.257579882943144
1267.6	9.726369882943143
1269.26	7.282251882943145
1270.93	4.104296882943144
1272.6	0.9167288829431446
1274.27	1.1800594829431441
1275.94	0.5039824829431444
1277.6	0.8356182829431447
1279.27	0.2974716229431445
1280.94	0.6477691829431446
1282.61	0.22399026294314464
1284.28	0.5757318829431445
1285.94	0.15460158294314458
1287.61	0.5091868829431444
1289.28	0.09789788294314458
1290.95	0.3901498829431442
1292.61	-0.043935317056855605
1294.28	0.24676088294314455
1295.95	-0.17261741705685557
1297.62	0.13422628294314465
1299.29	-0.24253961705685545
1300.95	0.07875668294314457
1302.62	-0.26171251705685544
1304.29	0.08635148294314428
1305.96	-0.24602211705685537
1307.63	0.10907778294314449
1309.29	-0.2302807170568555
1310.96	0.08955448294314441
1312.63	-0.28938081705685564
1314.3	-0.0204799170568555
1315.97	-0.3928921970568554
1317.63	-0.06849551705685553
1319.3	-0.3951204170568554
1320.97	-0.06095931705685553
1322.64	-0.3822243170568555
1324.3	-0.06308381705685566
1325.97	-0.38673771705685567
1327.64	-0.0775227170568555
1329.31	-0.41196031705685565
1330.98	-0.07341941705685558
1332.64	-0.3821304170568554
1334.31	-0.03556981705685543
1335.98	-0.34997621705685555
1337.65	-0.09767911705685543
1339.32	-0.4845740170568555
1340.98	-0.2174905170568556
1342.65	-0.5767333170568554
1344.32	-0.21965271705685563
1345.99	-0.5281362170568558
1347.65	-0.2097390570568555
1349.32	-0.6419048170568555
1350.99	-0.4705789170568556
1352.66	0.008929562943144554
1354.33	1.3838898829431445
1355.99	2.0414188829431446
1357.66	3.1195998829431444
1359.33	2.7517748829431445
1361.0	2.456167882943144
1362.67	1.2756868829431443
1364.33	0.5782668829431448
1366.0	0.03388088294314442
1367.67	0.4037918829431443
1369.34	-0.025666117056855554
1371.01	0.24923888294314436
1372.67	-0.13378311705685558
1374.34	0.07529048294314436
1376.01	-0.38298024705685546
1377.68	-0.14616731705685543
1379.34	-0.46956641705685537
1381.01	-0.022897617056855602
1382.68	-0.24872811705685544
1384.35	0.5236001829431445
1386.02	0.2516718829431445
1387.68	1.4326348829431441
1389.35	2.1458668829431446
1391.02	3.544414882943144
1392.69	3.8812958829431445
1394.36	4.247444882943145
1396.02	3.1663398829431437
1397.69	2.7687638829431447
1399.36	1.2149688829431449
1401.03	1.0239578829431446
1402.7	0.5516798829431444
1404.36	0.9137668829431446
1406.03	0.5540638829431443
1407.7	0.709189882943144
1409.37	0.28065488294314456
1411.03	0.40216488294314423
1412.7	-0.14445011705685556
1414.37	-0.028445117056855464
1416.04	-0.4675701170568556
1417.71	-0.11588611705685548
1419.37	-0.36914511705685565
1421.04	0.08706288294314465
1422.71	-0.12656811705685547
1424.38	0.24206688294314443
1426.05	-0.013527117056855609
1427.71	0.34212488294314447
1429.38	0.040821882943144414
1431.05	0.4102318829431442
1432.72	0.07847388294314443
1434.39	0.40744288294314457
1436.05	0.11033388294314461
1437.72	0.4201748829431445
1439.39	0.12412688294314451
1441.06	0.5194728829431445
1442.72	0.25309488294314464
1444.39	0.5805088829431444
1446.06	0.19617158294314438
1447.73	0.41494188294314416
1449.4	0.054716882943144585
1451.06	0.4712080829431445
1452.73	0.0581122829431445
1454.4	0.6764438829431445
1456.07	1.1019848829431447
1457.74	1.9559208829431447
1459.4	1.995544882943144
1461.07	2.186172182943144
1462.74	1.3599235429431449
1464.41	1.0469898829431448
1466.08	0.04279288294314432
1467.74	-0.06764811705685556
1469.41	-0.18353611705685563
1471.08	0.1576548829431445
1472.75	-0.14552611705685575
1474.41	-0.1091441170568556
1476.08	0.2557218829431446
1477.75	3.4215408829431437
1479.42	5.740971882943144
1481.09	8.425328882943143
1482.75	8.843054882943147
1484.42	7.725207882943144
1486.09	4.673862882943145
1487.76	1.8762584829431446
1489.43	-0.8840175170568554
1491.09	-0.49405441705685565
1492.76	-0.6303641170568557
1494.43	0.014610882943144698
1496.1	-0.059244117056855575
1497.76	0.37896788294314476
1499.43	-0.020887117056855375
1501.1	0.1609178829431445
1502.77	-0.16688011705685546
1504.44	0.16453288294314436
1506.1	-0.15045411705685544
1507.77	0.15211788294314443
1509.44	-0.16102011705685557
1511.11	0.13597688294314453
1512.78	-0.19441161705685558
1514.44	0.1050258829431445
1516.11	-0.16482481705685542
1517.78	0.16582188294314476
1519.45	-0.07925211705685564
1521.12	0.23406788294314448
1522.78	-0.09460311705685562
1524.45	0.1496898829431444
1526.12	-0.2268121170568554
1527.79	0.03948688294314451
1529.45	-0.2571251170568554
1531.12	-0.014318117056855595
1532.79	-0.49420711705685544
1534.46	-0.5792714170568556
1536.13	-1.1592039170568555
1537.79	-0.9466142170568552
1539.46	-1.0444206170568555
1541.13	-0.4006356470568556
1542.8	-0.33639191705685567
1544.47	0.08690288294314463
1546.13	-0.06650311705685549
1547.8	0.10523388294314442
1549.47	1.0925598829431444
1551.14	4.223623882943144
1552.81	6.520390882943144
1554.47	8.838579882943145
1556.14	8.767569882943144
1557.81	7.436969882943144
1559.48	4.488555882943144
1561.14	1.7044598829431443
1562.81	-0.7583340170568557
1564.48	-0.9326063170568559
1566.15	-1.6346301170568551
1567.82	-1.2175241170568554
1569.48	-1.4379091170568554
1571.15	-0.7937381170568554
1572.82	-0.9864161170568554
1574.49	-0.5939641170568557
1576.16	-0.8644011170568554
1577.82	-0.5508601170568553
1579.49	-1.0185321170568558
1581.16	-0.8467201170568555
1582.83	-1.3956381170568555
1584.5	-1.3391441170568554
1586.16	-1.4075561170568556
1587.83	2.801206882943144
1589.5	7.732543882943146
1591.17	13.033630882943143
1592.83	15.844656882943147
1594.5	16.604201882943144
1596.17	16.331179882943147
1597.84	15.441519882943144
1599.51	13.159839882943146
1601.17	12.595889882943144
1602.84	13.249349882943141
1604.51	13.060253882943144
1606.18	11.904806882943145
1607.85	10.766044882943145
1609.51	9.378558882943144
1611.18	7.355084882943143
1612.85	4.316255882943144
1614.52	1.4385938829431448
1616.19	0.5307388829431445
1617.85	0.7025641829431443
1619.52	0.2551858829431442
1621.19	1.0295031429431447
1622.86	1.0502878829431448
1624.52	1.8920988829431444
1626.19	1.7012168829431444
1627.86	1.9032688829431443
1629.53	1.1923748829431444
1631.2	1.0782198829431444
1632.86	0.2949398829431445
1634.53	0.5412818829431447
1636.2	0.12160488294314442
1637.87	0.4135788829431443
1639.54	0.012010882943144452
1641.2	0.2949678829431444
1642.87	-0.10128611705685549
1644.54	0.2546038829431446
1646.21	-0.12572111705685549
1647.88	0.3130378829431443
1649.54	0.1106218829431446
1651.21	0.4819868829431443
1652.88	0.16338888294314424
1654.55	0.5708068829431444
1656.21	0.25101388294314414
1657.88	0.7119988829431444
1659.55	0.36388588294314433
1661.22	0.7035218829431444
1662.89	0.38824288294314446
1664.55	0.6134528829431445
1666.22	0.16228888294314459
1667.89	0.45768688294314436
1669.56	0.13932788294314458
1671.23	0.4369088829431445
1672.89	0.0471118829431445
1674.56	0.29999888294314436
1676.23	-0.00771111705685561
1677.9	0.3369718829431442
1679.56	0.10041688294314452
1681.23	0.4760448829431446
1682.9	0.2840618829431444
1684.57	0.6611908829431443
1686.24	0.6759608829431444
1687.9	1.386731882943144
1689.57	1.4171178829431443
1691.24	1.9612578829431446
1692.91	1.7449648829431446
1694.58	2.6406978829431447
1696.24	3.1204903829431436
1697.91	4.313265882943144
1699.58	4.621950582943144
1701.25	4.984596882943144
1702.92	3.8670748829431445
1704.58	3.018667882943144
1706.25	1.3334858829431444
1707.92	0.9568198829431449
1709.59	0.2156398829431446
1711.25	0.42254788294314444
1712.92	-0.019818117056855388
1714.59	0.2986918829431445
1716.26	-0.0606911170568555
1717.93	0.2559888829431446
1719.59	-0.11549211705685554
1721.26	0.2096778829431444
1722.93	-0.1299441170568555
1724.6	0.1653591829431443
1726.27	-0.2179602170568556
1727.93	0.08791438294314445
1729.6	-0.27555721705685554
1731.27	0.04243988294314434
1732.94	-0.2568410170568556
1734.61	0.16149288294314462
1736.27	-0.08300511705685525
1737.94	0.3303238829431444
1739.61	0.04415388294314444
1741.28	0.39992388294314446
1742.94	0.045372882943144364
1744.61	0.32435688294314424
1746.28	-0.06197211705685559
1747.95	0.23973288294314443
1749.62	-0.11378811705685535
1751.28	0.23801888294314438
1752.95	-0.08064211705685535
1754.62	0.2832828829431445
1756.29	-0.056156117056855546
1757.96	0.2637318829431446
1759.62	-0.10220111705685568
1761.29	0.2045988829431442
1762.96	-0.15266211705685542
1764.63	0.1752748829431442
1766.3	-0.1656831170568554
1767.96	0.19549788294314444
1769.63	-0.12783011705685554
1771.3	0.2509558829431444
1772.97	-0.0845621170568556
1774.63	0.26865488294314427
1776.3	-0.10256211705685561
1777.97	0.18595188294314444
1779.64	-0.2130321170568555
1781.31	0.10759088294314438
1782.97	-0.24949511705685562
1784.64	0.11451688294314417
1786.31	-0.22940811705685543
1787.98	0.16203688294314447
1789.65	-0.17828611705685532
1791.31	0.23143688294314452
1792.98	-0.29513611705685566
1794.65	0.05178688294314462
1796.32	1.1915138829431442
1797.99	2.8469345829431445
1799.65	3.895723002943145
1801.32	4.8205949829431445
1802.99	3.972533882943144
1804.66	3.1366903829431445
1806.32	1.4475982429431447
1807.99	0.3009008829431444
1809.66	0.010794882943144457
1811.33	0.2849248829431444
1813.0	0.016557882943144687
1814.66	0.23607788294314452
1816.33	-0.02989311705685551
1818.0	0.29092688294314445
1819.67	0.047327882943144564
1821.34	0.35311188294314444
1823.0	0.012592882943144423
1824.67	0.27544688294314434
1826.34	-0.017849117056855344
1828.01	0.2259528829431444
1829.68	-0.07919111705685547
1831.34	0.24429788294314436
1833.01	-0.03204911705685589
1834.68	0.28357888294314454
1836.35	-0.0344241170568554
1838.01	0.26069588294314466
1839.68	-0.06564311705685544
1841.35	0.23633288294314453
1843.02	-0.09514611705685543
1844.69	0.20829488294314452
1846.35	-0.1304721170568556
1848.02	0.1567088829431446
1849.69	-0.15728811705685558
1851.36	0.1737668829431445
1853.03	-0.11633311705685542
1854.69	0.23149588294314444
1856.36	-0.0782881170568557
1858.03	0.2511408829431444
1859.7	-0.050981117056855554
1861.36	0.2562248829431444
1863.03	-0.03771511705685533
1864.7	0.2770668829431445
1866.37	-0.03910211705685549
1868.04	0.2893968829431445
1869.7	-0.016776117056855534
1871.37	0.29895888294314477
1873.04	-0.018039117056855614
1874.71	0.2671618829431444
1876.38	-0.07598911705685554
1878.04	0.19942988294314443
1879.71	-0.1397021170568556
1881.38	0.1626278829431445
1883.05	-0.16029711705685537
1884.72	0.1594008829431444
1886.38	-0.1533691170568556
1888.05	0.1806028829431444
1889.72	-0.11092211705685565
1891.39	0.21930088294314443
1893.05	-0.0926201170568555
1894.72	0.2127768829431443
1896.39	-0.12035811705685555
1898.06	0.18715088294314436
1899.73	-0.1261571170568554
1901.39	0.19284088294314466
1903.06	-0.12468911705685541
1904.73	0.19644388294314485
1906.4	-0.1330351170568556
1908.07	0.18164588294314454
1909.73	-0.1320221170568556
1911.4	0.19564488294314442
1913.07	-0.1186281170568553
1914.74	0.19171188294314467
1916.41	-0.15345211705685557
1918.07	0.13202988294314463
1919.74	-0.20843211705685563
1921.41	0.11220488294314464
1923.08	-0.19408911705685528
1924.74	0.1563688829431445
1926.41	-0.13912711705685551
1928.08	0.18730888294314466
1929.75	-0.12727011705685579
1931.42	0.16836888294314442
1933.08	-0.1531471170568557
1934.75	0.17855288294314436
1936.42	-0.13677211705685557
1938.09	0.18527088294314434
1939.76	-0.1224201170568554
1941.42	0.19488688294314435
1943.09	-0.1154791170568555
1944.76	0.2050048829431445
1946.43	-0.10511711705685549
1948.1	0.22480288294314432
1949.76	-0.08436211705685556
1951.43	0.23774788294314453
1953.1	-0.09523111705685541
1954.77	0.18440488294314436
1956.43	-0.1849691170568557
1958.1	0.04746788294314448
1959.77	-0.3430251170568558
1961.44	-0.07899211705685542
1963.11	-0.40194111705685565
1964.77	-0.025379117056855693
1966.44	-0.2685411170568555
1968.11	0.1142548829431443
1969.78	-0.13441711705685552
1971.45	0.19099188294314423
1973.11	-0.12305411705685536
1974.78	0.18378788294314463
1976.45	-0.1309431170568553
1978.12	0.17901988294314447
1979.79	-0.12472011705685582
1981.45	0.21223588294314447
1983.12	-0.0985521170568554
1984.79	0.19300688294314433
1986.46	-0.1816891170568556
1988.12	0.07670088294314459
1989.79	-0.25467711705685553
1991.46	0.03863488294314452
1993.13	-0.29689611705685554
1994.8	0.02986988294314443
1996.46	-0.30852311705685553
1998.13	0.007567882943144455
1999.8	-0.3104591170568556
2001.47	0.06424788294314428
2003.14	-0.1858791170568554
2004.8	0.18562388294314452
2006.47	-0.13819911705685567
2008.14	0.1878288829431446
2009.81	-0.12751411705685564
2011.48	0.20704888294314422
2013.14	-0.10987911705685542
2014.81	0.2282058829431446
2016.48	-0.09281711705685547
2018.15	0.22439488294314458
2019.81	-0.12114711705685537
2021.48	0.1778678829431445
2023.15	-0.15715611705685537
2024.82	0.1556398829431443
2026.49	-0.1614871170568553
2028.15	0.17513188294314436
2029.82	-0.12511511705685557
2031.49	0.19805588294314444
2033.16	-0.13577211705685563
2034.83	0.14552188294314444
2036.49	-0.2107851170568555
2038.16	0.09164588294314466
2039.83	-0.22726911705685562
2041.5	0.09592588294314448
2043.16	-0.21603911705685572
2044.83	0.10099388294314464
2046.5	-0.1878131170568553
2048.17	0.15137088294314444
2049.84	-0.14366811705685564
2051.5	0.1872158829431446
2053.17	-0.14201111705685543
2054.84	0.14516688294314467
2056.51	-0.1901311170568556
2058.18	0.13091588294314452
2059.84	-0.1436501170568556
2061.51	0.21178888294314438
2063.18	-0.07578811705685566
2064.85	0.2439848829431444
2066.52	-0.08259711705685573
2068.18	0.21069388294314448
2069.85	-0.12903111705685572
2071.52	0.19740688294314446
2073.19	-0.11986011705685548
2074.85	0.20838288294314453
2076.52	-0.08977711705685557
2078.19	0.22380288294314427
2079.86	-0.10834911705685535
2081.53	0.1892708829431444
2083.19	-0.1659391170568556
2084.86	0.15281788294314447
2086.53	-0.1787371170568557
2088.2	0.14402288294314453
2089.87	-0.16605811705685544
2091.53	0.16696988294314438
2093.2	-0.15573911705685572
2094.87	0.16775688294314436
2096.54	-0.16255811705685547
2098.21	0.15628688294314455
2099.87	-0.1854441170568555
2101.54	0.10808088294314458
2103.21	-0.22215611705685562
2104.88	0.10011488294314419
2106.54	-0.19701911705685538
2108.21	0.16674088294314443
2109.88	-0.12938711705685563
2111.55	0.2141718829431444
2113.22	-0.11057611705685537
2114.88	0.17857388294314444
2116.55	-0.1415321170568556
2118.22	0.1922638829431445
2119.89	-0.10785711705685541
2121.56	0.25304388294314445
2123.22	-0.07525211705685542
2124.89	0.2197258829431445
2126.56	-0.1371791170568554
2128.23	0.1572408829431446
2129.9	-0.17149011705685563
2131.56	0.1769548829431443
2133.23	-0.12927611705685554
2134.9	0.21987288294314444
2136.57	-0.11064311705685545
2138.23	0.19254388294314434
2139.9	-0.15369111705685565
2141.57	0.14684388294314463
2143.24	-0.1908471170568556
2144.91	0.11659988294314474
2146.57	-0.20896811705685572
2148.24	0.13177088294314462
2149.91	-0.1670861170568556
2151.58	0.17127588294314458
2153.25	-0.13566911705685564
2154.91	0.17707488294314483
2156.58	-0.1619071170568555
2158.25	0.14766188294314425
2159.92	-0.17573611705685524
2161.59	0.15872888294314455
2163.25	-0.14842611705685557
2164.92	0.1762328829431444
2166.59	-0.13103211705685572
2168.26	0.19277888294314433
2169.92	-0.13060911705685566
2171.59	0.19850988294314448
2173.26	-0.12133111705685543
2174.93	0.2095408829431445
2176.6	-0.09971011705685537
2178.26	0.21987488294314436
2179.93	-0.09609411705685578
2181.6	0.2121008829431445
2183.27	-0.1346071170568555
2184.94	0.16879188294314468
2186.6	-0.17256711705685548
2188.27	0.14073988294314457
2189.94	-0.1823951170568556
2191.61	0.13222688294314455
2193.28	-0.19906411705685545
2194.94	0.12034388294314428
2196.61	-0.20434011705685587
2198.28	0.12300188294314432
2199.95	-0.18610211705685537
2201.61	0.14664188294314465
2203.28	-0.17219711705685553
2204.95	0.14848788294314436
2206.62	-0.16832111705685562
2208.29	0.15443888294314442
2209.95	-0.1570771170568556
2211.62	0.16823088294314442
2213.29	-0.13226911705685546
2214.96	0.20059488294314445
2216.63	-0.12007411705685563
2218.29	0.19918388294314454
2219.96	-0.11447011705685539
2221.63	0.19864088294314447
2223.3	-0.13027611705685535
2224.96	0.17172088294314442
2226.63	-0.15403111705685565
2228.3	0.1705858829431446
2229.97	-0.14748511705685557
2231.64	0.18760788294314476
2233.3	-0.11174311705685562
2234.97	0.21939588294314447
2236.64	-0.10733211705685586
2238.31	0.19113788294314452
2239.98	-0.1437121170568555
2241.64	0.17938388294314467
2243.31	-0.12521911705685565
2244.98	0.22317688294314428
2246.65	-0.062000117056855576
2248.32	0.27044288294314417
2249.98	-0.06471811705685582
2251.65	0.21422588294314443
2253.32	-0.15537111705685544
2254.99	0.13350888294314445
2256.65	-0.19773211705685534
2258.32	0.12534888294314425
2259.99	-0.16987211705685554
2261.66	0.15546088294314436
2263.33	-0.16324211705685557
2264.99	0.1530288829431445
2266.66	-0.1768381170568555
2268.33	0.14095588294314448
2270.0	-0.1796431170568557
2271.67	0.13378188294314444
2273.33	-0.18045711705685552
2275.0	0.1339768829431443
2276.67	-0.17074011705685535
2278.34	0.16882788294314463
2280.01	-0.13579511705685568
2281.67	0.1853178829431444
2283.34	-0.12753511705685558
2285.01	0.18096088294314455
2286.68	-0.14057211705685574
2288.34	0.17679388294314435
2290.01	-0.1517441170568555
2291.68	0.15318388294314442
2293.35	-0.1831111170568555
2295.02	0.10858888294314444
2296.68	-0.21408911705685557
2298.35	0.10785388294314421
2300.02	-0.2086991170568556
2301.69	0.12551188294314453
2303.36	-0.18988411705685562
2305.02	0.12423988294314456
2306.69	-0.18454811705685553
2308.36	0.13955188294314472
2310.03	-0.15276711705685575
2311.7	0.17950588294314446
2313.36	-0.14994311705685542
2315.03	0.1416028829431443
2316.7	-0.21804611705685556
2318.37	0.05647588294314425
2320.03	-0.2685041170568555
2321.7	0.05336088294314443
2323.37	-0.23283011705685558
2325.04	0.10353488294314417
2326.71	-0.21271811705685567
2328.37	0.1030158829431445
2330.04	-0.21667511705685563
2331.71	0.12336188294314454
2333.38	-0.15761411705685532
2335.05	0.1920468829431444
2336.71	-0.11286511705685556
2338.38	0.20597588294314456
2340.05	-0.11531411705685549
2341.72	0.2065688829431444
2343.39	-0.10986611705685567
2345.05	0.2282448829431442
2346.72	-0.08332811705685553
2348.39	0.2246668829431445
2350.06	-0.12276111705685573
2351.72	0.16118288294314445
2353.39	-0.18501611705685544
2355.06	0.11063588294314466
2356.73	-0.22411711705685572
2358.4	0.10300088294314447
2360.06	-0.21763311705685542
2361.73	0.10551888294314449
2363.4	-0.21381011705685551
2365.07	0.10857088294314447
2366.74	-0.2090361170568556
2368.4	0.11951588294314423
2370.07	-0.19525811705685525
2371.74	0.1377768829431445
2373.41	-0.1909311170568555
2375.07	0.1257208829431442
2376.74	-0.19553711705685542
2378.41	0.12929788294314473
2380.08	-0.1800561170568556
2381.75	0.14917688294314455
2383.41	-0.16502711705685552
2385.08	0.16824688294314424
2386.75	-0.1413661170568556
2388.42	0.1805578829431443
2390.09	-0.1482021170568554
2391.75	0.15646388294314434
2393.42	-0.17751611705685547
2395.09	0.13515688294314437
2396.76	-0.18401711705685536
2398.43	0.15220188294314457
2400.09	-0.14933911705685557
2401.76	0.18951288294314467
2403.43	-0.13710011705685557
2405.1	0.18048888294314452
2406.76	-0.13894311705685547
2408.43	0.1795378829431445
2410.1	-0.14620711705685552
2411.77	0.16156888294314442
2413.44	-0.18603411705685552
2415.1	0.11137788294314459
2416.77	-0.2128051170568556
2418.44	0.13789288294314456
2420.11	-0.14103511705685548
2421.78	0.2013938829431443
2423.44	-0.11960311705685547
2425.11	0.16013288294314446
2426.78	-0.20640211705685543
2428.45	0.08383488294314449
2430.12	-0.24419711705685546
2431.78	0.0996398829431446
2433.45	-0.20258411705685556
2435.12	0.1291308829431442
2436.79	-0.1808101170568554
2438.45	0.14322888294314448
2440.12	-0.18020211705685554
2441.79	0.14277588294314442
2443.46	-0.1820291170568555
2445.13	0.13183088294314432
2446.79	-0.18401711705685572
2448.46	0.15735888294314448
2450.13	-0.15772411705685538
2451.8	0.16105988294314455
2453.47	-0.1747171170568555
2455.13	0.12710488294314445
2456.8	-0.20591611705685536
2458.47	0.11892788294314419
2460.14	-0.19541711705685552
2461.81	0.14474288294314439
2463.47	-0.16266411705685555
2465.14	0.17507188294314419
2466.81	-0.12978011705685555
2468.48	0.2179758829431444
2470.14	-0.10246711705685567
2471.81	0.22713888294314444
2473.48	-0.0876071170568555
2475.15	0.22901588294314434
2476.82	-0.08475911705685553
2478.48	0.23798388294314457
2480.15	-0.10746611705685552
2481.82	0.18784488294314458
2483.49	-0.16703311705685567
2485.16	0.12718088294314464
2486.82	-0.1925091170568553
2488.49	0.13845288294314437
2490.16	-0.17198111705685554
2491.83	0.1700958829431444
2493.5	-0.14974311705685533
2495.16	0.18987388294314442
2496.83	-0.09256711705685557
2498.5	0.26312688294314446
2500.17	-0.039774117056855476
2501.83	0.2833708829431449
2503.5	-0.06985711705685523
2505.17	0.2256828829431446
2506.84	-0.12349211705685555
2508.51	0.19115488294314426
2510.17	-0.12346711705685554
2511.84	0.19870788294314468
2513.51	-0.15117711705685555
2515.18	0.13673488294314443
2516.85	-0.21313111705685558
2518.51	0.08294588294314442
2520.18	-0.2264611170568555
2521.85	0.13973088294314445
2523.52	-0.1192611170568556
2525.19	0.28504088294314445
2526.85	-0.0060631170568553605
2528.52	0.2975458829431445
2530.19	-0.08681311705685557
2531.86	0.15509588294314453
2533.52	-0.21693211705685567
2535.19	0.09560588294314425
2536.86	-0.1939960170568556
2538.53	0.17289688294314434
2540.2	-0.13572911705685548
2541.86	0.18202188294314461
2543.53	-0.17991341705685576
2545.2	0.11118888294314447
2546.87	-0.22085151705685532
2548.54	0.08514288294314454
2550.2	-0.24508551705685563
2551.87	0.06766488294314439
2553.54	-0.2684624170568556
2555.21	0.05266388294314448
2556.87	-0.28399261705685563
2558.54	0.02338988294314457
2560.21	-0.3048041170568555
2561.88	0.010682882943144723
2563.55	-0.32410211705685565
2565.21	-0.003050117056855384
2566.88	-0.3106231170568556
2568.55	0.04409488294314452
2570.22	-0.25227711705685546
2571.89	0.10278588294314454
2573.55	-0.19440711705685548
2575.22	0.14374588294314444
2576.89	-0.18840811705685548
2578.56	0.1201458829431445
2580.23	-0.24314311705685565
2581.89	0.050455882943144625
2583.56	-0.28685011705685526
2585.23	0.04159688294314441
2586.9	-0.2683661170568556
2588.56	0.07724288294314433
2590.23	-0.24115011705685543
2591.9	0.09362788294314447
2593.57	-0.2453591170568555
2595.24	0.06675188294314431
2596.9	-0.26089911705685553
2598.57	0.07342588294314464
2600.24	-0.2386611170568556
2601.91	0.11463988294314462
2603.58	-0.16713311705685543
2605.24	0.18144288294314453
2606.91	-0.1425731170568556
2608.58	0.16772488294314436
2610.25	-0.18098211705685557
2611.92	0.14155988294314453
2613.58	-0.16831211705685545
2615.25	0.17197388294314456
2616.92	-0.09771711705685544
2618.59	0.2495798829431445
2620.25	-0.06762611705685564
2621.92	0.27267788294314455
2623.59	-0.04058111705685545
2625.26	0.2854518829431445
2626.93	-0.027845117056855263
2628.59	0.2548108829431445
2630.26	-0.10073311705685553
2631.93	0.18346488294314484
2633.6	-0.17865711705685566
2635.27	0.12441688294314432
2636.93	-0.1932873170568555
2638.6	0.10956188294314448
2640.27	-0.20515701705685574
2641.94	0.10444988294314414
2643.61	-0.2186691170568554
2645.27	0.10829688294314473
2646.94	-0.1947821170568557
2648.61	0.13874588294314444
2650.28	-0.17091461705685562
2651.94	0.1965258829431445
2653.61	-0.040506117056855515
2655.28	0.3574318829431447
2656.95	0.08165888294314447
2658.62	0.38802488294314424
2660.28	0.03381188294314448
2661.95	0.3143608829431443
2663.62	-0.044223117056855735
2665.29	0.27518388294314455
2666.96	-0.03400311705685546
2668.62	0.30335888294314434
2670.29	-0.017255117056855562
2671.96	0.32077888294314444
2673.63	0.009552882943144492
2675.3	0.33095288294314446
2676.96	0.003109882943144293
2678.63	0.30019188294314453
2680.3	-0.05075511705685576
2681.97	0.2693748829431445
2683.63	-0.08132111705685556
2685.3	0.24072088294314425
2686.97	-0.10800011705685555
2688.64	0.1686448829431445
2690.31	-0.17486911705685546
2691.97	0.10224288294314436
2693.64	-0.2437011170568554
2695.31	0.08064588294314448
2696.98	-0.22792611705685548
2698.65	0.13056788294314453
2700.31	-0.14792211705685535
2701.98	0.2062118829431447
2703.65	-0.09792211705685547
2705.32	0.21876088294314436
2706.99	-0.08795511705685559
2708.65	0.2736428829431444
2710.32	0.0011308829431444733
2711.99	0.3174388829431443
2713.66	-0.051439117056855735
2715.32	0.2014868829431445
2716.99	-0.20666411705685533
2718.66	0.07444988294314439
2720.33	-0.22044311705685554
2722.0	0.1257008829431445
2723.66	-0.18063311705685545
2725.33	0.09829688294314454
2727.0	-0.2830481170568557
2728.67	-0.004640117056855564
2730.34	-0.36554741705685556
2732.0	-0.058378117056855694
2733.67	-0.3580962170568555
2735.34	-0.03394171705685565
2737.01	-0.34566971705685545
2738.67	-0.0028022170568555715
2740.34	-0.2948913170568555
2742.01	0.06698088294314437
2743.68	-0.2632396170568554
2745.35	0.06014888294314469
2747.01	-0.25204211705685575
2748.68	0.06098908294314441
2750.35	-0.2880422170568556
2752.02	0.020523082943144467
2753.69	-0.30226091705685537
2755.35	0.05606788294314441
2757.02	-0.2612245170568554
2758.69	0.0896098829431444
2760.36	-0.2283161170568556
2762.03	0.09346588294314442
2763.69	-0.22270311705685558
2765.36	0.07771688294314442
2767.03	-0.23719611705685542
2768.7	0.051940882943144494
2770.36	-0.25831411705685536
2772.03	0.061109882943144525
2773.7	-0.2593791170568557
2775.37	0.13044188294314438
2777.04	-0.1569031170568555
2778.7	0.17130888294314442
2780.37	-0.19571001705685553
2782.04	0.09209878294314455
2783.71	-0.17502731705685562
2785.38	0.2367778829431444
2787.04	-0.06221311705685535
2788.71	0.31876588294314434
2790.38	-0.08409511705685543
2792.05	0.2453358829431444
2793.72	0.00564188294314445
2795.38	0.48145988294314435
2797.05	0.35988688294314447
2798.72	0.8199148829431444
2800.39	0.5333818829431443
2802.05	0.7855828829431444
2803.72	0.30356788294314435
2805.39	0.4955778829431445
2807.06	0.09591688294314442
2808.73	0.3818428829431445
2810.39	0.14078078294314453
2812.06	0.7096144829431446
2813.73	0.5880678829431447
2815.4	1.3409588829431445
2817.07	1.464805882943144
2818.73	3.046383882943144
2820.4	4.5229088829431445
2822.07	7.595416882943144
2823.74	10.048227882943143
2825.41	11.852851882943146
2827.07	11.204871882943145
2828.74	9.525649882943146
2830.41	6.156452882943145
2832.08	3.712920882943145
2833.74	1.3415928829431445
2835.41	0.6964128829431444
2837.08	0.11497688294314434
2838.75	0.1375160049431444
2840.42	-0.44658191705685574
2842.08	-0.3766998370568556
2843.75	-0.5483658170568554
2845.42	-0.019260117056855753
2847.09	-0.03150211705685544
2848.76	0.6117478829431443
2850.42	0.2706308829431445
2852.09	0.6479138829431444
2853.76	0.2756108829431444
2855.43	0.47259588294314436
2857.1	0.13646888294314446
2858.76	0.39897388294314445
2860.43	-0.03832711705685565
2862.1	0.2517628829431443
2863.77	-0.06354011705685556
2865.43	0.5122358829431446
2867.1	0.5642788829431444
2868.77	1.1591628829431446
2870.44	1.0062318829431443
2872.11	1.2719968829431443
2873.77	0.6756658829431446
2875.44	0.6434658829431444
2877.11	-0.04661111705685546
2878.78	-0.0028671170568556727
2880.45	-0.5605521170568556
2882.11	-0.44632711705685574
2883.78	-0.7892009170568556
2885.45	-0.3469161170568558
2887.12	-0.49155911705685573
2888.79	0.06531988294314468
2890.45	-0.0882881170568555
2892.12	0.3670238829431443
2893.79	0.06094188294314442
2895.46	0.26212438294314444
2897.12	-0.23052611705685563
2898.79	-0.0671021170568558
2900.46	-0.5611711170568554
2902.13	-0.3317351170568553
2903.8	-0.6886560170568554
2905.46	-0.26360981705685543
2907.13	-0.49787311705685555
2908.8	-0.10461211705685587
2910.47	-0.4501299170568555
2912.14	-0.09576811705685558
2913.8	-0.33265011705685543
2915.47	0.05887188294314445
2917.14	-0.29422211705685547
2918.81	0.08667738294314464
2920.47	-0.3197086170568555
2922.14	-0.05778681705685553
2923.81	-0.41811871705685544
2925.48	0.013770582943144549
2927.15	-0.1457771170568555
2928.81	0.19463188294314443
2930.48	-0.1397669170568557
2932.15	0.2024568829431444
2933.82	-0.1670481170568554
2935.49	0.27845788294314444
2937.15	0.08851988294314443
2938.82	0.5919588829431442
2940.49	0.5117358829431443
2942.16	0.9655098829431445
2943.83	1.1856088829431448
2945.49	1.9556198829431444
2947.16	1.8168558829431447
2948.83	2.0272748829431446
2950.5	1.2706809829431445
2952.16	0.8907288829431443
2953.83	0.10784988294314442
2955.5	0.18210588294314434
2957.17	0.13761888294314434
2958.84	0.7429368829431444
2960.5	0.6963448829431446
2962.17	1.0991518829431446
2963.84	0.9396638829431445
2965.51	1.2867318829431447
2967.18	1.0558598829431443
2968.84	1.4832968829431443
2970.51	1.4623141829431445
2972.18	3.6871969429431446
2973.85	9.490744082943143
2975.52	18.200142882943148
2977.18	25.675180882943145
2978.85	30.586439882943143
2980.52	29.563849882943146
2982.19	24.550029882943143
2983.85	16.355659882943144
2985.52	9.114499882943147
2987.19	4.459165882943145
2988.86	3.399041882943144
2990.53	2.2745108829431446
2992.19	2.3270698829431447
2993.86	1.7226518829431445
2995.53	2.0362048829431445
2997.2	1.3578168829431445
2998.87	1.7032468829431444
3000.53	1.470401882943144
3002.2	2.6557038829431447
3003.87	3.0253790829431444
3005.54	4.160643382943144
3007.21	3.8450598829431444
3008.87	3.683865882943145
3010.54	2.4707818829431445
3012.21	2.0796858829431444
3013.88	1.0368238829431444
3015.54	1.2586838829431444
3017.21	1.0031458829431446
3018.88	2.797608882943144
3020.55	4.632866882943144
3022.22	7.499444882943145
3023.88	11.139948882943145
3025.55	18.612857882943143
3027.22	25.482080482943143
3028.89	30.54428088294315
3030.56	30.569504882943143
3032.22	27.253977882943143
3033.89	19.889898882943143
3035.56	12.241852882943144
3037.23	5.437372882943145
3038.9	3.3970198829431437
3040.56	2.755962882943144
3042.23	2.8382071129431443
3043.9	1.7324946829431447
3045.57	1.6277084829431445
3047.23	0.8776687729431444
3048.9	0.8000918829431447
3050.57	0.20590308294314424
3052.24	0.4801888829431443
3053.91	-0.07291111705685535
3055.57	-0.032653117056855765
3057.24	-1.1235481170568555
3058.91	-1.4878571170568555
3060.58	-2.2311895170568556
3062.25	-1.9774509170568557
3063.91	-2.2505327170568554
3065.58	-1.6285934170568552
3067.25	-1.9400368170568556
3068.92	-1.5320851170568557
3070.59	-2.7342319170568556
3072.25	-3.3103301170568558
3073.92	-5.232531177056855
3075.59	-2.0791288170568563
3077.26	8.078486882943144
3078.92	24.679825882943145
3080.59	42.85959788294314
3082.26	57.42841688294315
3083.93	62.92433288294315
3085.6	60.758059882943144
3087.26	50.478649882943145
3088.93	38.92209988294314
3090.6	29.62062588294314
3092.27	22.388072882943142
3093.94	15.971875882943143
3095.6	10.723681882943144
3097.27	6.650620882943144
3098.94	4.976149882943145
3100.61	3.766976882943145
3102.27	3.534339882943145
3103.94	2.832250882943144
3105.61	2.7064508829431437
3107.28	1.8320268829431445
3108.95	1.736825882943145
3110.61	1.1289678829431442
3112.28	1.3715708829431446
3113.95	1.0060418829431443
3115.62	1.3670458829431442
3117.29	1.1272548829431444
3118.95	1.7105818829431443
3120.62	1.5519318829431445
3122.29	2.1776988829431447
3123.96	2.188800882943144
3125.63	5.591287882943145
3127.29	8.620867882943143
3128.96	11.721308882943145
3130.63	12.746669882943143
3132.3	11.836810882943144
3133.96	8.465660882943146
3135.63	5.3762218829431445
3137.3	1.4787098829431442
3138.97	0.8292058829431443
3140.64	0.6031388829431443
3142.3	0.7592898829431446
3143.97	0.5879608829431447
3145.64	0.9013128829431445
3147.31	0.7106708829431446
3148.98	0.9913168829431445
3150.64	0.6964098829431445
3152.31	0.9046858829431443
3153.98	0.5844998829431443
3155.65	0.8177648829431444
3157.32	0.5313598829431443
3158.98	0.7770948829431442
3160.65	0.4966868829431446
3162.32	0.7722978829431446
3163.99	0.4473438829431446
3165.65	0.7185628829431446
3167.32	0.3962158829431444
3168.99	0.6424168829431445
3170.66	0.35399188294314443
3172.33	0.6175428829431445
3173.99	0.2946608829431444
3175.66	0.5625558829431443
3177.33	0.23436688294314437
3179.0	0.5511838829431446
3180.67	0.29250288294314436
3182.33	0.6845288829431445
3184.0	0.43631788294314455
3185.67	0.7824208829431442
3187.34	0.4494898829431445
3189.01	0.6761618829431445
3190.67	0.27421588294314436
3192.34	0.4682598829431444
3194.01	0.04903388294314457
3195.68	0.30358388294314453
3197.34	-0.06454111705685568
3199.01	0.22219288294314446
3200.68	-0.04330311705685563
3202.35	0.32627488294314444
3204.02	0.13170288294314428
3205.68	0.5288978829431443
3207.35	0.27022388294314437
3209.02	0.5997378829431448
3210.69	0.2548708829431446
3212.36	0.5568408829431447
3214.02	0.2611298829431446
3215.69	0.6311708829431446
3217.36	0.3999678829431443
3219.03	0.7297608829431443
3220.7	0.3746128829431442
3222.36	0.6107568829431448
3224.03	0.17219488294314428
3225.7	0.4075788829431445
3227.37	0.047166882943144396
3229.03	0.36563188294314425
3230.7	0.06388188294314459
3232.37	0.3826108829431444
3234.04	0.03668288294314452
3235.71	0.3360598829431446
3237.37	0.016918882943144455
3239.04	0.35775288294314433
3240.71	0.05337788294314434
3242.38	0.4184828829431447
3244.05	0.06551788294314446
3245.71	0.38914088294314436
3247.38	0.06291888294314445
3249.05	0.4843378829431442
3250.72	0.34099488294314434
3252.38	0.8962988829431442
3254.05	0.7277668829431443
3255.72	1.1582048829431444
3257.39	0.7473848829431444
3259.06	0.9081718829431443
3260.72	0.4065218829431444
3262.39	0.6796838829431443
3264.06	0.32065688294314454
3265.73	0.5983428829431444
3267.4	0.2009640829431445
3269.06	0.4636023829431446
3270.73	0.10953208294314436
3272.4	0.4702968829431445
3274.07	0.21448588294314455
3275.74	0.6610688829431445
3277.4	0.3636018829431446
3279.07	0.5585548829431447
3280.74	0.07511388294314443
3282.41	0.2208638829431445
3284.07	-0.25736011705685546
3285.74	-0.01586611705685561
3287.41	-0.3754631170568553
3289.08	-0.04840311705685576
3290.75	-0.27813311705685556
3292.41	0.2089338829431445
3294.08	0.11234088294314457
3295.75	0.7020418829431442
3297.42	0.5999978829431446
3299.09	1.0715538829431444
3300.75	0.7744268829431447
3302.42	0.9876928829431442
3304.09	0.5206918829431447
3305.76	0.7447338829431445
3307.43	0.38243188294314445
3309.09	0.7300158829431447
3310.76	0.40465088294314455
3312.43	0.7588248829431447
3314.1	0.4300518829431442
3315.76	0.7413048829431444
3317.43	0.4093398829431444
3319.1	0.7332618829431443
3320.77	0.4193558829431446
3322.44	0.7693258829431444
3324.1	0.41749388294314416
3325.77	0.7586858829431445
3327.44	0.4029068829431443
3329.11	0.7423648829431443
3330.78	0.4404438829431446
3332.44	0.7993418829431443
3334.11	0.48082288294314457
3335.78	0.7978218829431443
3337.45	0.38680488294314463
3339.12	0.6654458829431447
3340.78	0.2480478829431445
3342.45	0.5399848829431446
3344.12	0.21020388294314443
3345.79	0.5597838829431445
3347.45	0.2168268829431444
3349.12	0.5439908829431443
3350.79	0.16483388294314424
3352.46	0.4935338829431443
3354.13	0.16939488294314434
3355.79	0.5183538829431448
3357.46	0.20051188294314432
3359.13	0.5703188829431445
3360.8	0.22669288294314444
3362.47	0.5860028829431445
3364.13	0.2527608829431445
3365.8	0.6279588829431443
3367.47	0.33278088294314456
3369.14	0.6842258829431445
3370.81	0.30303788294314443
3372.47	0.6010608829431442
3374.14	0.1891878829431442
3375.81	0.4978978829431445
3377.48	0.11554988294314432
3379.14	0.4281978829431446
3380.81	0.0678208829431445
3382.48	0.42449188294314427
3384.15	0.09822588294314434
3385.82	0.4958608829431445
3387.48	0.17520188294314423
3389.15	0.5535948829431445
3390.82	0.20299088294314444
3392.49	0.5373758829431441
3394.16	0.15206588294314444
3395.82	0.5047418829431447
3397.49	0.17965588294314455
3399.16	0.5853168829431443
3400.83	0.27421388294314464
3402.5	0.6649078829431444
3404.16	0.3009358829431446
3405.83	0.6038678829431446
3407.5	0.1560178829431445
3409.17	0.4651608829431444
3410.83	0.12452688294314437
3412.5	0.5454238829431444
3414.17	0.2507298829431444
3415.84	0.6630958829431444
3417.51	0.3246418829431442
3419.17	0.6677288829431446
3420.84	0.23354488294314457
3422.51	0.5580958829431446
3424.18	0.13767988294314443
3425.85	0.4625238829431444
3427.51	0.057491882943144335
3429.18	0.4480378829431447
3430.85	0.1367738829431445
3432.52	0.6055658829431445
3434.18	0.30630588294314454
3435.85	0.7647988829431446
3437.52	0.3996258829431444
3439.19	0.7079298829431445
3440.86	0.19826688294314448
3442.52	0.43942388294314466
3444.19	-0.04015111705685535
3445.86	0.27123588294314427
3447.53	-0.16003011705685552
3449.2	0.19669788294314455
3450.86	-0.17940111705685566
3452.53	0.22421288294314437
3454.2	-0.03300211705685561
3455.87	0.5140658829431444
3457.54	0.3565598829431444
3459.2	0.9226818829431446
3460.87	0.6471418829431445
3462.54	0.9949288829431445
3464.21	0.5415568829431445
3465.87	0.7923918829431446
3467.54	0.31368988294314437
3469.21	0.6001048829431442
3470.88	0.17833388294314462
3472.55	0.5295678829431443
3474.21	0.13803088294314442
3475.88	0.5011898829431444
3477.55	0.15281688294314438
3479.22	0.5996828829431444
3480.89	0.29082288294314446
3482.55	0.7316978829431443
3484.22	0.41720888294314457
3485.89	0.8223618829431445
3487.56	0.4355338829431445
3489.23	0.8209898829431443
3490.89	0.44814288294314436
3492.56	0.8138748829431446
3494.23	0.3982768829431443
3495.9	0.7322138829431444
3497.56	0.2894948829431444
3499.23	0.6509468829431445
3500.9	0.2495388829431444
3502.57	0.6860608829431446
3504.24	0.35575888294314445
3505.9	0.7472368829431444
3507.57	0.29996588294314447
3509.24	0.6644438829431445
3510.91	0.1945258829431448
3512.58	0.6007948829431445
3514.24	0.2246248829431444
3515.91	0.6661978829431445
3517.58	0.31140588294314464
3519.25	0.7420948829431444
3520.92	0.3086178829431444
3522.58	0.7102028829431445
3524.25	0.2478958829431444
3525.92	0.6657138829431445
3527.59	0.2780938829431444
3529.25	0.7505878829431445
3530.92	0.3787328829431441
3532.59	0.9102508829431445
3534.26	0.5477008829431446
3535.93	0.9944338829431443
3537.59	0.5024788829431444
3539.26	0.9182768829431446
3540.93	0.4295708829431445
3542.6	0.9264898829431445
3544.27	0.47542488294314433
3545.93	0.9873288829431444
3547.6	0.5737338829431443
3549.27	1.0356368829431442
3550.94	0.5951448829431445
3552.61	1.1676628829431446
3554.27	0.6844698829431445
3555.94	1.2108088829431443
3557.61	0.6587608829431444
3559.28	1.1098538829431441
3560.94	0.5879988829431444
3562.61	1.1305938829431441
3564.28	0.6220915829431445
3565.95	1.2202088829431443
3567.62	0.9564087829431447
3569.28	1.9605683829431448
3570.95	1.9612875129431444
3572.62	3.157649082943145
3574.29	2.8842131829431445
3575.96	3.4257380829431447
3577.62	2.318111482943144
3579.29	2.124343882943145
3580.96	1.2001808829431444
3582.63	6.806431682943145
3584.3	11.061836882943144
3585.96	17.153219882943144
3587.63	18.997219882943146
3589.3	18.963879882943143
3590.97	13.816313882943144
3592.63	11.319893882943143
3594.3	4.819655882943144
3595.97	23.067277882943145
3597.64	57.56463988294314
3599.31	87.24856988294314
3600.97	107.67312988294313
3602.64	105.72624988294312
3604.31	80.39273988294315
3605.98	48.51003988294314
3607.65	13.447980882943146
3609.31	-5.330873717056856
3610.98	-2.7511219170568557
3612.65	-3.121758017056856
3614.32	-2.2607861170568553
3615.98	-2.7585701170568555
3617.65	-2.5270881170568558
3619.32	-2.8652001170568555
3620.99	-2.5035991170568552
3622.66	-2.481898117056856
3624.32	-1.9915861170568558
3625.99	-1.9928291170568557
3627.66	-1.3357811170568556
3629.33	0.05953228294314439
3631.0	1.2883038829431448
3632.66	2.5804938829431445
3634.33	3.1208718829431445
3636.0	3.1739418829431445
3637.67	2.595534882943144
3639.34	1.8448278829431444
3641.0	0.9731958829431445
3642.67	1.0033908829431444
3644.34	0.40775088294314427
3646.01	0.2737348829431447
3647.67	-0.30579811705685567
3649.34	-0.1528792170568556
3651.01	-0.4754184170568556
3652.68	-0.29294011705685535
3654.35	-0.5953706170568557
3656.01	-0.34317231705685536
3657.68	-0.6076634170568554
3659.35	-0.32398741705685563
3661.02	-0.5431203170568555
3662.69	-0.2783187170568556
3664.35	-0.5594857170568556
3666.02	-0.28627436705685555
3667.69	-0.6228687170568554
3669.36	-0.4014148170568556
3671.03	-0.7925097170568556
3672.69	-0.5694850270568554
3674.36	-0.8337908270568557
3676.03	-0.45472231705685556
3677.7	-0.7314549370568556
3679.36	-0.31342827705685555
3681.03	-0.6262108170568554
3682.7	-0.2613519170568555
3684.37	-0.6662096170568556
3686.04	-0.3682196170568554
3687.7	-0.7733469170568554
3689.37	-0.3090814170568555
3691.04	-0.7420551070568552
3692.71	-0.37210871705685544
3694.38	-0.8632221170568555
3696.04	-0.5218681170568553
3697.71	-1.1053161170568557
3699.38	-0.6210191170568559
3701.05	-1.0579951170568558
3702.72	-0.33456811705685563
3704.38	-0.7681043170568553
3706.05	-0.12564801705685538
3707.72	-0.8446600170568554
3709.39	0.006749582943144361
3711.05	1.9775896829431445
3712.72	12.356877882943145
3714.39	36.561949882943146
3716.06	59.82483988294314
3717.73	74.30827988294314
3719.39	79.54760988294314
3721.06	75.31943988294316
3722.73	65.58101988294314
3724.4	55.78522988294314
3726.07	45.633229882943134
3727.73	41.89413988294314
3729.4	33.044369882943144
3731.07	19.12916588294314
3732.74	7.024689882943145
3734.41	2.3576368829431447
3736.07	0.5107958829431443
3737.74	0.21829638294314463
3739.41	-0.10027411705685552
3741.08	0.11580838294314448
3742.74	0.12738288294314454
3744.41	0.39191548294314443
3746.08	0.6048428829431447
3747.75	0.7446228829431445
3749.42	0.9314308829431444
3751.08	1.0787678829431446
3752.75	1.2827868829431446
3754.42	1.3265108829431445
3756.09	1.4515448829431443
3757.76	1.2544818829431446
3759.42	1.1775038829431443
3761.09	0.8187598829431446
3762.76	0.6981938829431444
3764.43	0.5165718829431445
3766.1	0.7146158829431444
3767.76	0.6266918829431447
3769.43	0.7540878829431443
3771.1	0.5801318829431446
3772.77	0.6336208829431447
3774.43	0.40667088294314435
3776.1	0.4875658829431444
3777.77	0.2401958829431446
3779.44	0.3683118829431445
3781.11	0.2126968829431445
3782.77	0.4035808829431445
3784.44	0.3465728829431446
3786.11	0.5572668829431444
3787.78	0.38645488294314456
3789.45	0.5014488829431445
3791.11	0.2351208829431445
3792.78	0.3762748829431444
3794.45	0.20528488294314434
3796.12	0.42573988294314435
3797.78	0.2663568829431446
3799.45	0.44948788294314435
3801.12	0.24001688294314444
3802.79	0.3976308829431446
3804.46	0.1562318829431443
3806.12	0.34315988294314453
3807.79	0.1181848829431444
3809.46	0.31158088294314457
3811.13	0.0880258829431444
3812.8	0.29434688294314454
3814.46	0.0762408829431445
3816.13	0.2863098829431444
3817.8	0.031231882943144385
3819.47	0.2384108829431443
3821.14	0.0009528829431443731
3822.8	0.20960988294314448
3824.47	-0.019148117056855506
3826.14	0.22174488294314446
3827.81	0.019933882943144354
3829.47	0.28874388294314457
3831.14	0.09032188294314461
3832.81	0.34521788294314437
3834.48	0.12790988294314437
3836.15	0.3609068829431446
3837.81	0.13136388294314444
3839.48	0.3615328829431445
3841.15	0.1394658829431445
3842.82	0.35254988294314443
3844.49	0.08797688294314421
3846.15	0.27513288294314453
3847.82	-0.013822117056855498
3849.49	0.16866188294314427
3851.16	-0.10084211705685553
3852.83	0.12075888294314452
3854.49	-0.1057431170568556
3856.16	0.13975188294314442
3857.83	-0.09698311705685543
3859.5	0.18448688294314444
3861.16	0.032329882943144386
3862.83	0.34486388294314424
3864.5	0.14995788294314433
3866.17	0.3916008829431443
3867.84	0.16711888294314425
3869.5	0.4124698829431446
3871.17	0.18255388294314434
3872.84	0.4256358829431444
3874.51	0.17670688294314435
3876.18	0.3484948829431446
3877.84	0.04640488294314464
3879.51	0.18846588294314434
3881.18	-0.0845331170568556
3882.85	0.13760088294314446
3884.52	-0.12727611705685543
3886.18	0.07619888294314467
3887.85	-0.14403411705685548
3889.52	0.11153888294314454
3891.19	-0.05471211705685566
3892.85	0.27162388294314443
3894.52	0.1384438829431444
3896.19	0.46244988294314426
3897.86	0.24920288294314438
3899.53	0.45148788294314457
3901.19	0.11382488294314452
3902.86	0.21978388294314435
3904.53	-0.13258211705685535
3906.2	0.02250588294314444
3907.87	-0.24987711705685553
3909.53	0.02199188294314449
3911.2	-0.18380211705685554
3912.87	0.14261388294314445
3914.54	-0.02825711705685563
3916.21	0.27760488294314445
3917.87	0.09225788294314437
3919.54	0.34082088294314444
3921.21	0.051295882943144376
3922.88	0.24567088294314451
3924.54	-0.007407117056855395
3926.21	0.2249698829431442
3927.88	-0.01519911705685555
3929.55	0.2523148829431444
3931.22	0.021788882943144516
3932.88	0.25621088294314437
3934.55	-0.013075117056855467
3936.22	0.2263198829431444
3937.89	0.02721288294314441
3939.56	0.3011418829431446
3941.22	0.08945388294314452
3942.89	0.34287188294314447
3944.56	0.1044018829431446
3946.23	0.3597648829431444
3947.9	0.0903638829431446
3949.56	0.3456878829431443
3951.23	0.047730882943144426
3952.9	0.23488588294314455
3954.57	-0.09069911705685565
3956.23	0.10621788294314458
3957.9	-0.1707721170568556
3959.57	0.14028288294314445
3961.24	-0.05484211705685591
3962.91	0.3046548829431445
3964.57	0.09350788294314427
3966.24	0.37515788294314456
3967.91	0.08423588294314437
3969.58	0.3156268829431446
3971.25	-0.03800211705685554
3972.91	0.16153888294314445
3974.58	-0.17387611705685563
3976.25	0.026687882943144458
3977.92	-0.2507801170568555
3979.58	0.0009708829431443577
3981.25	-0.23039311705685545
3982.92	0.08205388294314431
3984.59	-0.11465611705685563
3986.26	0.1868058829431444
3987.92	-0.030809117056855583
3989.59	0.2495558829431445
3991.26	-0.024776117056855652
3992.93	0.2248238829431445
3994.6	-0.04484811705685543
3996.26	0.22035988294314449
3997.93	0.03935888294314456
3999.6	0.4063688829431443
4001.27	0.23582188294314452
4002.94	0.5800548829431442
4004.6	0.27841188294314445
4006.27	0.5076158829431445
4007.94	0.12888488294314415
4009.61	0.3174198829431446
4011.27	-0.003362117056855607
4012.94	0.2517308829431445
4014.61	-0.024058117056855476
4016.28	0.26197588294314433
4017.95	-0.021532117056855538
4019.61	0.2979748829431445
4021.28	0.04843788294314457
4022.95	0.36597588294314437
4024.62	0.15533388294314446
4026.29	0.4728018829431445
4027.95	0.21429488294314442
4029.62	0.46707088294314447
4031.29	0.14446888294314464
4032.96	0.36248288294314424
4034.63	0.05175788294314432
4036.29	0.3254318829431444
4037.96	0.08148888294314453
4039.63	0.3695778829431444
4041.3	0.06237388294314439
4042.96	0.26980688294314453
4044.63	-0.07651611705685572
4046.3	0.16493888294314424
4047.97	-0.1366371170568555
4049.64	0.1366478829431445
4051.3	-0.1210681170568555
4052.97	0.14245888294314435
4054.64	-0.15235811705685548
4056.31	0.14873388294314444
4057.98	-0.0844371170568556
4059.64	0.27213888294314464
4061.31	0.06857988294314461
4062.98	0.3802108829431443
4064.65	0.14383388294314456
4066.32	0.40796188294314445
4067.98	0.09080988294314467
4069.65	0.31948088294314436
4071.32	0.014979882943144474
4072.99	0.2596468829431446
4074.65	0.0011258829431443518
4076.32	0.2365288829431444
4077.99	-0.03542511705685543
4079.66	0.22074488294314437
4081.33	-0.06376111705685546
4082.99	0.21295388294314463
4084.66	-0.009539117056855683
4086.33	0.27244188294314453
4088.0	0.026251882943144445
4089.67	0.2402748829431447
4091.33	-0.06386011705685564
4093.0	0.2011098829431445
4094.67	-0.04971311705685559
4096.34	0.2593968829431444
4098.01	0.0005328829431443971
4099.67	0.27546088294314464
4101.34	0.00411188294314444
4103.01	0.2917588829431444
4104.68	0.05866788294314427
4106.34	0.3784498829431446
4108.01	0.1249198829431442
4109.68	0.3865658829431443
4111.35	0.0318698829431445
4113.02	0.23765788294314447
4114.68	-0.07574211705685552
4116.35	0.1946818829431443
4118.02	-0.022483117056855483
4119.69	0.30926688294314425
4121.36	0.08623988294314441
4123.02	0.4032208829431446
4124.69	0.11079088294314458
4126.36	0.3500568829431444
4128.03	0.00032188294314416943
4129.69	0.17877488294314445
4131.36	-0.13879311705685562
4133.03	0.09043588294314461
4134.7	-0.18493411705685558
4136.37	0.1637248829431444
4138.03	-0.034440117056855526
4139.7	0.3418358829431443
4141.37	0.08587588294314445
4143.04	0.3817878829431446
4144.71	0.11563688294314434
4146.37	0.40173688294314447
4148.04	0.14257488294314463
4149.71	0.4190978829431445
4151.38	0.12297688294314453
4153.05	0.38363388294314477
4154.71	0.0506538829431443
4156.38	0.34221288294314445
4158.05	0.052938882943144215
4159.72	0.32201188294314464
4161.38	0.02225988294314447
4163.05	0.25933488294314444
4164.72	-0.025856117056855643
4166.39	0.2537218829431442
4168.06	0.03018688294314433
4169.72	0.38221588294314435
4171.39	0.13100688294314455
4173.06	0.42897488294314456
4174.73	0.13953288294314445
4176.4	0.4142308829431444
4178.06	0.1775178829431443
4179.73	0.45544888294314434
4181.4	0.17104888294314433
4183.07	0.4117818829431446
4184.74	0.03733988294314459
4186.4	0.24994288294314454
4188.07	-0.04314311705685543
4189.74	0.22818288294314434
4191.41	-0.028014117056855505
4193.07	0.2587498829431444
4194.74	-0.03336211705685539
4196.41	0.25313588294314443
4198.08	-0.013023117056855549
4199.75	0.24329988294314445
4201.41	-0.025386117056855294
4203.08	0.20767388294314423
4204.75	-0.09355811705685543
4206.42	0.1581458829431445
4208.09	-0.10918711705685533
4209.75	0.21891888294314446
4211.42	-0.037369117056855236
4213.09	0.2205408829431447
4214.76	-0.0513631170568557
4216.43	0.22527588294314432
4218.09	-0.011724117056855565
4219.76	0.2751058829431445
4221.43	-0.004925117056855411
4223.1	0.28377388294314443
4224.76	-0.0395211170568555
4226.43	0.17856588294314424
4228.1	-0.10569411705685561
4229.77	0.1837488829431444
4231.44	-0.06804711705685551
4233.1	0.20741988294314462
4234.77	-0.0693471170568554
4236.44	0.19893888294314427
4238.11	-0.10471811705685563
4239.78	0.14110888294314433
4241.44	-0.12725111705685574
4243.11	0.15086488294314443
4244.78	-0.09743411705685556
4246.45	0.20641388294314428
4248.12	-0.017859117056855854
4249.78	0.27171888294314445
4251.45	-0.048246117056855664
4253.12	0.13364888294314425
4254.79	-0.19308711705685525
4256.45	0.04323488294314452
4258.12	-0.22066811705685577
4259.79	0.12689388294314463
4261.46	-0.10070811705685553
4263.13	0.20639788294314432
4264.79	-0.04988011705685571
4266.46	0.22628488294314444
4268.13	-0.03838511705685541
4269.8	0.26754588294314424
4271.47	-0.012354117056855629
4273.13	0.3141018829431445
4274.8	0.07429988294314435
4276.47	0.4092748829431444
4278.14	0.20515988294314455
4279.81	0.5704808829431444
4281.47	0.2954278829431443
4283.14	0.5254988829431445
4284.81	0.17339488294314426
4286.48	0.3741818829431445
4288.14	0.013638382943144312
4289.81	0.2373919829431447
4291.48	-0.06634561705685586
4293.15	0.24711388294314443
4294.82	-0.04348811705685558
4296.48	0.20859888294314458
4298.15	-0.08450011705685548
4299.82	0.2018508829431444
4301.49	-0.051463117056855426
4303.16	0.27600388294314476
4304.82	0.03210888294314438
4306.49	0.3682748829431445
4308.16	0.08341788294314459
4309.83	0.3573108829431443
4311.49	0.09476688294314455
4313.16	0.40240388294314455
4314.83	0.16287688294314445
4316.5	0.46552288294314426
4318.17	0.12683688294314435
4319.83	0.3372538829431447
4321.5	0.0037488829431442825
4323.17	0.2297138829431445
4324.84	-0.03677311705685542
4326.51	0.2459878829431446
4328.17	-0.04266811705685569
4329.84	0.23604588294314444
4331.51	-0.09175111705685553
4333.18	0.14435988294314456
4334.85	-0.14000311705685567
4336.51	0.13087188294314442
4338.18	-0.11276211705685535
4339.85	0.21535888294314445
4341.52	-0.028377117056855437
4343.18	0.2974508829431445
4344.85	0.011864882943144472
4346.52	0.27383088294314445
4348.19	-0.06492111705685566
4349.86	0.12941888294314424
4351.52	-0.2433101170568556
4353.19	-0.03599711705685542
4354.86	-0.34831411705685555
4356.53	-0.007502117056855528
4358.2	-0.21050311705685543
4359.86	0.1577868829431445
4361.53	-0.08974411705685555
4363.2	0.18834088294314438
4364.87	-0.12268211705685542
4366.54	0.1561138829431445
4368.2	-0.08012211705685553
4369.87	0.2961448829431442
4371.54	0.10726688294314449
4373.21	0.44433988294314447
4374.87	0.18361588294314424
4376.54	0.4962988829431441
4378.21	0.24724588294314423
4379.88	0.5607728829431446
4381.55	0.2548168829431446
4383.21	0.49312488294314427
4384.88	0.13005888294314438
4386.55	0.3121648829431445
4388.22	-0.045216117056855264
4389.89	0.22626288294314412
4391.55	-0.026947117056855575
4393.22	0.33573688294314435
4394.89	0.07513388294314449
4396.56	0.37066088294314464
4398.23	0.09132388294314431
4399.89	0.3621088829431446
4401.56	0.07295488294314441
4403.23	0.3605078829431445
4404.9	0.08791088294314442
4406.56	0.3865678829431446
4408.23	0.08488388294314442
4409.9	0.3458968829431444
4411.57	0.04401088294314463
4413.24	0.3139278829431443
4414.9	0.03655788294314444
4416.57	0.2916578829431443
4418.24	-0.004202117056855648
4419.91	0.2812428829431447
4421.58	-0.004318117056855475
4423.24	0.2935308829431441
4424.91	0.03936388294314448
4426.58	0.34547588294314424
4428.25	0.1286198829431445
4429.92	0.46439988294314477
4431.58	0.20077388294314452
4433.25	0.4852368829431445
4434.92	0.17497288294314445
4436.59	0.3650438829431445
4438.25	0.012973882943144477
4439.92	0.20928388294314457
4441.59	-0.10650611705685538
4443.26	0.2212878829431447
4444.93	-0.005133117056855441
4446.59	0.37065088294314447
4448.26	0.22014988294314453
4449.93	0.5946948829431443
4451.6	0.3510348829431445
4453.27	0.6128688829431445
4454.93	0.2520418829431444
4456.6	0.43973688294314417
4458.27	0.0644488829431443
4459.94	0.2844798829431444
4461.61	-0.03910511705685564
4463.27	0.2306798829431445
4464.94	-0.06469111705685551
4466.61	0.25095288294314433
4468.28	0.0038568829431444795
4469.94	0.3318918829431447
4471.61	0.0779488829431445
4473.28	0.3726878829431445
4474.95	0.0885608829431443
4476.62	0.34598488294314445
4478.28	0.015220182943144445
4479.95	0.2570116829431444
4481.62	-0.11076861705685541
4483.29	0.1349119829431446
4484.96	-0.15709581705685532
4486.62	0.15489588294314446
4488.29	-0.026560117056855438
4489.96	0.33949988294314454
4491.63	0.15666588294314449
4493.29	0.5021658829431442
4494.96	0.20093188294314457
4496.63	0.4232208829431445
4498.3	0.04870588294314424
4499.97	0.21517588294314444
4501.63	-0.11290711705685544
4503.3	0.18573788294314433
4504.97	-0.03461611705685554
4506.64	0.3142598829431444
4508.31	0.07572288294314453
4509.97	0.33139888294314446
4511.64	0.012729882943144566
4513.31	0.2487708829431444
4514.98	-0.07524801705685577
4516.65	0.20490788294314438
4518.31	-0.12966141705685544
4519.98	0.10019888294314443
4521.65	-0.2177901170568556
4523.32	0.046904882943144544
4524.98	-0.23437011705685568
4526.65	0.07949588294314462
4528.32	-0.16960511705685538
4529.99	0.18898888294314453
4531.66	-0.07629311705685579
4533.32	0.24690588294314444
4534.99	-0.033990117056855354
4536.66	0.24589088294314426
4538.33	-0.04375611705685558
4540.0	0.2629368829431444
4541.66	-0.007082117056855464
4543.33	0.3167638829431444
4545.0	0.06011088294314444
4546.67	0.3833518829431446
4548.34	0.0815828829431446
4550.0	0.32553188294314417
4551.67	-0.004436117056855671
4553.34	0.26357588294314443
4555.01	0.004927882943144346
4556.67	0.27854388294314447
4558.34	0.024384882943144427
4560.01	0.38654588294314457
4561.68	0.10524888294314468
4563.35	0.3969708829431444
4565.01	0.07309988294314444
4566.68	0.30445388294314446
4568.35	-0.01907311705685564
4570.02	0.18088088294314447
4571.69	-0.1688371170568555
4573.35	0.15830588294314435
4575.02	-0.09493611705685541
4576.69	0.24695388294314452
4578.36	-0.014499117056855382
4580.03	0.28090988294314456
4581.69	-0.017619117056855614
4583.36	0.28219088294314465
4585.03	0.04306588294314444
4586.7	0.4260238829431442
4588.36	0.20977988294314417
4590.03	0.5014328829431447
4591.7	0.1549598829431444
4593.37	0.38893688294314427
4595.04	0.061732882943144385
4596.7	0.3685588829431442
4598.37	0.14312788294314463
4600.04	0.4382438829431443
4601.71	0.15739188294314438
4603.38	0.40962788294314423
4605.04	0.07144788294314441
4606.71	0.33460588294314475
4608.38	0.03129668294314443
4610.05	0.2691068829431444
4611.72	-0.03378511705685552
4613.38	0.16256088294314427
4615.05	-0.13173911705685576
4616.72	0.1745728829431446
4618.39	-0.042905117056855534
4620.05	0.30887688294314464
4621.72	0.14103288294314434
4623.39	0.4954338829431443
4625.06	0.27777888294314446
4626.73	0.6012818829431443
4628.39	0.32832488294314455
4630.06	0.5732848829431445
4631.73	0.1885578829431446
4633.4	0.3343038829431445
4635.07	-0.07156611705685548
4636.73	0.12355088294314429
4638.4	-0.16603011705685547
4640.07	0.19414288294314447
4641.74	-0.019608117056855435
4643.41	0.33178488294314434
4645.07	0.019617882943144392
4646.74	0.30957688294314456
4648.41	0.015207882943144412
4650.08	0.2983528829431446
4651.74	0.03815788294314457
4653.41	0.36492188294314476
4655.08	0.05218288294314435
4656.75	0.35034388294314456
4658.42	0.05092188294314455
4660.08	0.36137988294314444
4661.75	0.11976988294314447
4663.42	0.45416288294314466
4665.09	0.17578888294314457
4666.76	0.4980528829431443
4668.42	0.24389888294314446
4670.09	0.5586818829431446
4671.76	0.2900358829431447
4673.43	0.5396168829431444
4675.09	0.2117118829431445
4676.76	0.46595988294314433
4678.43	0.1517358829431445
4680.1	0.4130988829431444
4681.77	0.13952088294314438
4683.43	0.3996398829431444
4685.1	0.04540598294314443
4686.77	0.28540988294314457
4688.44	0.0034467829431442886
4690.11	0.3439898829431445
4691.77	0.09875588294314441
4693.44	0.4730358829431445
4695.11	0.2300888829431444
4696.78	0.5421598829431444
4698.45	0.21910088294314436
4700.11	0.4163858829431442
4701.78	0.03621988294314464
4703.45	0.2758268829431447
4705.12	-0.05047011705685576
4706.78	0.2514738829431443
4708.45	-0.02577111705685544
4710.12	0.22691388294314466
4711.79	-0.05653311705685553
4713.46	0.24754088294314464
4715.12	0.028914882943144503
4716.79	0.4189958829431443
4718.46	0.2280718829431443
4720.13	0.4998688829431444
4721.8	0.17695388294314457
4723.46	0.37359388294314433
4725.13	0.0592188829431443
4726.8	0.35231788294314476
4728.47	0.09044378294314456
4730.14	0.4157708829431444
4731.8	0.16495988294314445
4733.47	0.4277678829431443
4735.14	0.15297288294314465
4736.81	0.4509928829431445
4738.47	0.20121888294314444
4740.14	0.4764058829431444
4741.81	0.15387388294314466
4743.48	0.40773888294314453
4745.15	0.0968638829431443
4746.81	0.3683538829431444
4748.48	0.06499588294314451
4750.15	0.33027088294314433
4751.82	-0.0029501170568555723
4753.49	0.18073988294314436
4755.15	-0.1743261170568556
4756.82	0.06495288294314445
4758.49	-0.2138732170568555
4760.16	0.14715518294314442
4761.83	-0.04214011705685561
4763.49	0.34528788294314444
4765.16	0.10617588294314464
4766.83	0.3742398829431446
4768.5	0.06765088294314436
4770.16	0.27807188294314455
4771.83	-0.05844511705685582
4773.5	0.2231138829431445
4775.17	-0.04831911705685539
4776.84	0.22419188294314454
4778.5	-0.11924611705685573
4780.17	0.16059688294314456
4781.84	-0.07095211705685536
4783.51	0.26785088294314463
4785.18	0.10555188294314433
4786.84	0.5053058829431445
4788.51	0.2959798829431444
4790.18	0.5973208829431444
4791.85	0.26326788294314435
4793.52	0.5030488829431443
4795.18	0.18728988294314458
4796.85	0.40743188294314436
4798.52	0.14128488294314442
4800.19	0.5040168829431445
4801.85	0.29551988294314446
4803.52	0.6245618829431445
4805.19	0.3256808829431444
4806.86	0.5662258829431444
4808.53	0.18096888294314437
4810.19	0.3553458829431443
4811.86	0.009895882943144429
4813.53	0.2997308829431443
4815.2	0.06271388294314433
4816.87	0.4016488829431445
4818.53	0.1254748829431444
4820.2	0.4455668829431444
4821.87	0.15839188294314444
4823.54	0.3957518829431444
4825.21	0.07287388294314448
4826.87	0.3291618829431447
4828.54	0.06696188294314451
4830.21	0.4122118829431446
4831.88	0.18670388294314472
4833.54	0.5696628829431444
4835.21	0.3687578829431444
4836.88	0.6795098829431446
4838.55	0.39128588294314426
4840.22	0.6540328829431444
4841.88	0.3518838829431445
4843.55	0.6170288829431445
4845.22	0.30389988294314446
4846.89	0.5777988829431443
4848.56	0.28638388294314465
4850.22	0.5565598829431444
4851.89	0.28162288294314425
4853.56	0.6143468829431444
4855.23	0.37244388294314446
4856.89	0.6897748829431445
4858.56	0.40245488294314447
4860.23	0.6405688829431442
4861.9	0.25470888294314453
4863.57	0.43102588294314426
4865.23	0.029003882943144356
4866.9	0.25560588294314435
4868.57	-0.1020127170568554
4870.24	0.1982358829431446
4871.91	-0.04781111705685546
4873.57	0.27710288294314467
4875.24	0.04153688294314446
4876.91	0.37041388294314437
4878.58	0.10835998294314439
4880.25	0.4505409829431444
4881.91	0.17620408294314444
4883.58	0.47877288294314446
4885.25	0.17586488294314412
4886.92	0.39752388294314445
4888.58	0.0339408829431445
4890.25	0.29966288294314475
4891.92	0.05111988294314442
4893.59	0.39988388294314453
4895.26	0.23228788294314437
4896.92	0.5963738829431444
4898.59	0.3241718829431443
4900.26	0.6453178829431444
4901.93	0.3093248829431443
4903.6	0.5282888829431447
4905.26	0.1807458829431444
4906.93	0.38979788294314455
4908.6	0.04679488294314442
4910.27	0.31446588294314426
4911.94	-0.005069117056855488
4913.6	0.31687688294314426
4915.27	0.057597882943144586
4916.94	0.3344088829431447
4918.61	0.02620588294314439
4920.27	0.2978598829431445
4921.94	0.03919288294314453
4923.61	0.4335328829431447
4925.28	0.28969288294314466
4926.95	0.7560348829431446
4928.61	0.5930018829431443
4930.28	0.8905238829431447
4931.95	0.5336178829431445
4933.62	0.7024178829431444
4935.29	0.29609488294314434
4936.95	0.5260858829431443
4938.62	0.2191478829431444
4940.29	0.5586668829431447
4941.96	0.3437918829431445
4943.63	0.6658968829431446
4945.29	0.3529078829431443
4946.96	0.6251938829431445
4948.63	0.2713818829431446
4950.3	0.5033758829431446
4951.96	0.1587058829431446
4953.63	0.40453388294314446
4955.3	0.09104388294314465
4956.97	0.3267478829431444
4958.64	-0.011863017056855574
4960.3	0.2941058829431446
4961.97	0.04038688294314437
4963.64	0.3537668829431445
4965.31	0.09159788294314453
4966.98	0.36369688294314473
4968.64	0.036572882943144626
4970.31	0.25272288294314454
4971.98	-0.08825511705685565
4973.65	0.2133468829431442
4975.32	0.012523882943144393
4976.98	0.3757678829431444
4978.65	0.15934088294314463
4980.32	0.4711268829431445
4981.99	0.1613388829431443
4983.65	0.40013388294314467
4985.32	0.11668188294314456
4986.99	0.41828388294314467
4988.66	0.1688398829431444
4990.33	0.4841708829431445
4991.99	0.20343288294314474
4993.66	0.4725328829431444
4995.33	0.1703178829431443
4997.0	0.4762768829431443
4998.67	0.2508518829431444
5000.33	0.5994908829431445
5002.0	0.36814088294314457
5003.67	0.6838058829431446
5005.34	0.38326088294314464
5007.0	0.603755882943144
5008.67	0.24603188294314443
5010.34	0.4760538829431445
5012.01	0.17615588294314471
5013.68	0.4389088829431446
5015.34	0.14487688294314421
5017.01	0.46108888294314454
5018.68	0.19870488294314445
5020.35	0.4948628829431444
5022.02	0.2037228829431444
5023.68	0.5113548829431445
5025.35	0.25205488294314443
5027.02	0.5694998829431441
5028.69	0.2876558829431447
5030.36	0.5581218829431445
5032.02	0.1974788829431448
5033.69	0.3968918829431446
5035.36	-0.011597217056855524
5037.03	0.24053188294314473
5038.69	-0.07210111705685548
5040.36	0.2696108829431446
5042.03	0.027338882943144727
5043.7	0.39682488294314455
5045.37	0.17107888294314477
5047.03	0.4967788829431445
5048.7	0.18066988294314434
5050.37	0.47477588294314443
5052.04	0.14809188294314465
5053.71	0.4997188829431446
5055.37	0.23933788294314423
5057.04	0.5597028829431446
5058.71	0.23296188294314435
5060.38	0.48233988294314456
5062.05	0.09811588294314447
5063.71	0.39714488294314465
5065.38	0.13821288294314443
5067.05	0.4634728829431444
5068.72	0.21764788294314458
5070.38	0.5240448829431443
5072.05	0.1676928829431444
5073.72	0.41256688294314436
5075.39	0.029076882943144346
5077.06	0.2907678829431443
5078.72	0.043974882943144424
5080.39	0.3678478829431443
5082.06	0.12955788294314452
5083.73	0.4804728829431447
5085.4	0.1855728829431445
5087.06	0.5053248829431447
5088.73	0.2761938829431446
5090.4	0.6299128829431443
5092.07	0.39499388294314447
5093.74	0.6715178829431447
5095.4	0.32742888294314454
5097.07	0.5730118829431442
5098.74	0.23879888294314458
5100.41	0.48558888294314456
5102.07	0.16091788294314446
5103.74	0.3897278829431444
5105.41	0.09973288294314439
5107.08	0.37343188294314456
5108.75	0.1305008829431445
5110.41	0.5477308829431446
5112.08	0.4087158829431445
5113.75	0.8290298829431443
5115.42	0.5786498829431445
5117.09	0.7740588829431443
5118.75	0.34991488294314455
5120.42	0.4343018829431446
5122.09	0.04042188294314446
5123.76	0.3037598829431444
5125.43	0.07213888294314445
5127.09	0.45287988294314446
5128.76	0.24682188294314447
5130.43	0.5840388829431447
5132.1	0.41809888294314446
5133.76	0.7637908829431443
5135.43	0.5641958829431443
5137.1	0.8669908829431442
5138.77	0.5427878829431444
5140.44	0.8195968829431444
5142.1	0.5191648829431444
5143.77	0.7678858829431446
5145.44	0.4886038829431443
5147.11	0.7489498829431445
5148.78	0.45000588294314436
5150.44	0.7178118829431446
5152.11	0.3633334829431444
5153.78	0.6498686829431444
5155.45	0.32203988294314423
5157.12	0.5894547829431445
5158.78	0.3258359829431444
5160.45	0.6204228829431444
5162.12	0.3293988829431445
5163.79	0.5916178829431444
5165.45	0.2591638829431444
5167.12	0.5350058829431442
5168.79	0.23478088294314423
5170.46	0.4800558829431444
5172.13	0.14733288294314448
5173.79	0.41430288294314455
5175.46	0.12750888294314427
5177.13	0.45472288294314434
5178.8	0.20713788294314428
5180.47	0.48818588294314413
5182.13	0.17709788294314457
5183.8	0.40031288294314454
5185.47	0.022125882943144593
5187.14	0.2868498829431444
5188.8	0.06210688294314446
5190.47	0.46803888294314444
5192.14	0.3274498829431444
5193.81	0.7863988829431443
5195.48	0.6013378829431446
5197.14	0.9043698829431444
5198.81	0.5320318829431443
5200.48	0.7257358829431444
5202.15	0.3425188829431446
5203.82	0.5213868829431444
5205.48	0.1395928829431446
5207.15	0.3679728829431446
5208.82	0.030438882943144497
5210.49	0.2649318829431443
5212.16	-0.07630341705685564
5213.82	0.21728288294314463
5215.49	-0.053385917056855525
5217.16	0.26692788294314457
5218.83	0.02921388294314431
5220.49	0.35147488294314455
5222.16	0.06747688294314431
5223.83	0.34036888294314444
5225.5	0.03197288294314456
5227.17	0.3400418829431442
5228.83	0.1056998829431445
5230.5	0.4616738829431443
5232.17	0.22458188294314443
5233.84	0.5131748829431444
5235.51	0.18643888294314434
5237.17	0.4374198829431445
5238.84	0.06897188294314446
5240.51	0.31291788294314454
5242.18	-0.02680311705685534
5243.85	0.2766688829431442
5245.51	0.0476978829431445
5247.18	0.41159788294314437
5248.85	0.20087388294314418
5250.52	0.5017118829431443
5252.18	0.18033788294314448
5253.85	0.4388418829431447
5255.52	0.08248188294314436
5257.19	0.36194388294314433
5258.86	0.09010088294314442
5260.52	0.4192968829431445
5262.19	0.18539888294314463
5263.86	0.5547538829431444
5265.53	0.31479388294314425
5267.2	0.6896048829431443
5268.86	0.4382728829431445
5270.53	0.7544258829431445
5272.2	0.37218088294314466
5273.87	0.5985478829431445
5275.54	0.24437388294314416
5277.2	0.5391108829431445
5278.87	0.2202788829431443
5280.54	0.5654118829431445
5282.21	0.24372588294314443
5283.87	0.5380188829431446
5285.54	0.1666818829431443
5287.21	0.39836388294314434
5288.88	0.09996788294314438
5290.55	0.47296988294314446
5292.21	0.23178088294314456
5293.88	0.5996248829431445
5295.55	0.3961568829431445
5297.22	0.6552198829431444
5298.89	0.2619578829431447
5300.55	0.39865388294314447
5302.22	-0.0998931170568556
5303.89	0.05808388294314448
5305.56	-0.23697821705685573
5307.23	0.0942918829431447
5308.89	-0.05057211705685567
5310.56	0.32881988294314446
5312.23	0.06527658294314427
5313.9	0.31799808294314447
5315.56	-0.06054231705685551
5317.23	0.10466588294314454
5318.9	-0.2877409170568558
5320.57	-0.0648032170568554
5322.24	-0.33987391705685543
5323.9	0.027880882943144326
5325.57	-0.1181481170568555
5327.24	0.3098568829431443
5328.91	0.08646188294314452
5330.58	0.3180718829431444
5332.24	-0.0565651170568555
5333.91	0.11830588294314451
5335.58	-0.19736211705685555
5337.25	0.08250588294314454
5338.92	-0.13703311705685528
5340.58	0.15191488294314445
5342.25	-0.12991511705685546
5343.92	0.06668388294314417
5345.59	-0.2049621170568555
5347.25	0.16144288294314452
5348.92	0.02996988294314451
5350.59	0.4611228829431445
5352.26	0.3588658829431446
5353.93	0.7101568829431446
5355.59	0.3931608829431445
5357.26	0.5536748829431445
5358.93	0.18742688294314425
5360.6	0.4854588829431443
5362.27	0.2851868829431443
5363.93	0.6791108829431445
5365.6	0.44792788294314434
5367.27	0.7676818829431447
5368.94	0.42221988294314433
5370.6	0.6484138829431443
5372.27	0.3189028829431443
5373.94	0.6230258829431443
5375.61	0.33224088294314436
5377.28	0.6371078829431444
5378.94	0.30773888294314455
5380.61	0.5747758829431444
5382.28	0.2640748829431446
5383.95	0.5187468829431443
5385.62	0.25612388294314425
5387.28	0.5497708829431445
5388.95	0.2736188829431444
5390.62	0.5580468829431445
5392.29	0.2236178829431445
5393.96	0.43835288294314456
5395.62	0.12119088294314459
5397.29	0.3906108829431448
5398.96	0.22330388294314463
5400.63	0.5914628829431443
5402.29	0.3555328829431444
5403.96	0.6925388829431444
5405.63	0.3869788829431444
5407.3	0.6451438829431444
5408.97	0.29227688294314447
5410.63	0.5152458829431443
5412.3	0.21293088294314416
5413.97	0.47136488294314444
5415.64	0.20928988294314457
5417.31	0.5666108829431447
5418.97	0.38372588294314447
5420.64	0.7483448829431443
5422.31	0.4908628829431444
5423.98	0.7773978829431443
5425.65	0.5500388829431442
5427.31	0.8158508829431443
5428.98	0.5088428829431445
5430.65	0.7035028829431444
5432.32	0.34243488294314445
5433.98	0.5907458829431443
5435.65	0.28467888294314425
5437.32	0.5665508829431445
5438.99	0.3303038829431445
5440.66	0.6085478829431445
5442.32	0.3238448829431445
5443.99	0.6088938829431447
5445.66	0.28930688294314444
5447.33	0.5492568829431448
5449.0	0.2172468829431447
5450.66	0.4475818829431447
5452.33	0.1228818829431447
5454.0	0.43883088294314465
5455.67	0.2425308829431443
5457.34	0.5688518829431448
5459.0	0.2498678829431445
5460.67	0.46520388294314474
5462.34	0.12191118294314443
5464.01	0.4769484829431444
5465.67	0.2822392829431445
5467.34	0.6726238829431443
5469.01	0.47887488294314434
5470.68	0.8119388829431443
5472.35	0.5463348829431447
5474.01	0.8359378829431442
5475.68	0.5578888829431443
5477.35	0.8592028829431448
5479.02	0.5685438829431445
5480.69	0.7586518829431446
5482.35	0.3825518829431446
5484.02	0.5936258829431447
5485.69	0.25406688294314456
5487.36	0.49883788294314463
5489.03	0.18924388294314454
5490.69	0.4618428829431445
5492.36	0.19521488294314462
5494.03	0.4517658829431445
5495.7	0.16929088294314446
5497.36	0.46212088294314446
5499.03	0.16302188294314443
5500.7	0.4901678829431444
5502.37	0.2677458829431444
5504.04	0.5936778829431445
5505.7	0.3387628829431445
5507.37	0.6517228829431445
5509.04	0.4245988829431444
5510.71	0.7477558829431443
5512.38	0.5265738829431442
5514.04	0.8553738829431445
5515.71	0.5869968829431446
5517.38	0.8225048829431447
5519.05	0.4067958829431447
5520.72	0.5668948829431445
5522.38	0.18933288294314454
5524.05	0.4645498829431447
5525.72	0.2652288829431447
5527.39	0.6321968829431446
5529.05	0.43116188294314445
5530.72	0.7535248829431443
5532.39	0.41507388294314457
5534.06	0.6257958829431444
5535.73	0.2655578829431445
5537.39	0.4656978829431445
5539.06	0.12434388294314438
5540.73	0.3867768829431446
5542.4	0.10475788294314445
5544.07	0.4505488829431446
5545.73	0.22613528294314444
5547.4	0.4864118829431446
5549.07	0.2037525829431445
5550.74	0.4256698829431446
5552.4	0.12764948294314454
5554.07	0.4338488829431446
5555.74	0.21930788294314452
5557.41	0.6044858829431443
5559.08	0.39703488294314465
5560.74	0.6559548829431443
5562.41	0.38165688294314437
5564.08	0.6062948829431445
5565.75	0.23267188294314453
5567.42	0.4256068829431444
5569.08	0.026254882943144285
5570.75	0.2645958829431446
5572.42	-0.057164117056855576
5574.09	0.2608658829431444
5575.76	0.11603688294314436
5577.42	0.5707548829431445
5579.09	0.35959988294314443
5580.76	0.6944508829431446
5582.43	0.3571438829431443
5584.09	0.6374198829431442
5585.76	0.23547888294314445
5587.43	0.43651188294314436
5589.1	0.046399882943144385
5590.77	0.23525988294314443
5592.43	-0.1247841170568557
5594.1	0.1749438829431442
5595.77	-0.06973111705685561
5597.44	0.2881588829431445
5599.11	-0.03147811705685548
5600.77	0.22156088294314458
5602.44	-0.11350501705685563
5604.11	0.21342488294314452
5605.78	0.05627888294314456
5607.45	0.47714788294314464
5609.11	0.3427398829431449
5610.78	0.7129618829431444
5612.45	0.3922298829431446
5614.12	0.6613748829431443
5615.78	0.34846988294314424
5617.45	0.5873168829431448
5619.12	0.3136418829431446
5620.79	0.5530268829431444
5622.46	0.22415858294314436
5624.12	0.47603888294314434
5625.79	0.08389288294314454
5627.46	0.33483288294314445
5629.13	0.05449488294314455
5630.8	0.3303398829431446
5632.46	0.08392088294314455
5634.13	0.40285388294314456
5635.8	0.13320088294314453
5637.47	0.5175388829431442
5639.14	0.31726488294314475
5640.8	0.7012248829431449
5642.47	0.47261788294314444
5644.14	0.7257038829431445
5645.81	0.31835188294314465
5647.47	0.4315788829431445
5649.14	0.0009568829431446213
5650.81	0.2541918829431446
5652.48	0.07205888294314437
5654.15	0.5207088829431445
5655.81	0.3769198829431445
5657.48	0.7770548829431446
5659.15	0.4669328829431446
5660.82	0.6404338829431444
5662.49	0.2535468829431443
5664.15	0.4537568829431443
5665.82	0.1962058829431444
5667.49	0.5595758829431446
5669.16	0.3314688829431446
5670.83	0.7516038829431446
5672.49	0.4673858829431444
5674.16	0.7163508829431444
5675.83	0.3725738829431443
5677.5	0.5405488829431444
5679.16	0.18912688294314442
5680.83	0.3938888829431445
5682.5	0.02229588294314473
5684.17	0.3140178829431445
5685.84	-0.06317111705685552
5687.5	0.14613988294314453
5689.17	-0.10200131705685567
5690.84	0.23503468294314436
5692.51	0.1389798829431447
5694.18	0.6029878829431443
5695.84	0.4793098829431446
5697.51	0.8911308829431445
5699.18	0.6207218829431445
5700.85	0.7888068829431446
5702.52	0.48296088294314454
5704.18	0.6955548829431442
5705.85	0.39031988294314407
5707.52	0.6507008829431444
5709.19	0.34916188294314443
5710.85	0.6085018829431447
5712.52	0.35112688294314465
5714.19	0.6434338829431443
5715.86	0.4233168829431446
5717.53	0.6975858829431447
5719.19	0.2933095829431445
5720.86	0.4805534829431446
5722.53	0.07413978294314465
5724.2	0.3477681829431446
5725.87	0.09822158294314443
5727.53	0.48831888294314457
5729.2	0.2484238829431445
5730.87	0.5316048829431445
5732.54	0.19357688294314448
5734.2	0.45676288294314443
5735.87	0.15091888294314454
5737.54	0.5216308829431443
5739.21	0.2452308829431445
5740.88	0.5682698829431446
5742.54	0.24724688294314429
5744.21	0.5185048829431443
5745.88	0.21584488294314444
5747.55	0.4875638829431443
5749.22	0.15505558294314437
5750.88	0.4274680829431442
5752.55	0.06975888294314447
5754.22	0.27219288294314437
5755.89	-0.10957311705685542
5757.56	0.19869188294314452
5759.22	-0.015899117056855448
5760.89	0.3615118829431445
5762.56	0.14667288294314457
5764.23	0.44758288294314436
5765.89	0.1280258829431446
5767.56	0.3280518829431445
5769.23	0.007284882943144622
5770.9	0.28921238294314455
5772.57	0.027401082943144407
5774.23	0.27195608294314433
5775.9	-0.03988151705685548
5777.57	0.17717018294314454
5779.24	-0.11627141705685569
5780.91	0.1982888829431445
5782.57	0.019457882943144524
5784.24	0.3645598829431444
5785.91	0.16398088294314456
5787.58	0.46672188294314443
5789.25	0.24889788294314466
5790.91	0.6172038829431444
5792.58	0.4284508829431445
5794.25	0.7523628829431444
5795.92	0.4779708829431445
5797.58	0.6275158829431444
5799.25	0.22042688294314444
5800.92	0.37809288294314447
5802.59	0.030529882943144494
5804.26	0.3224978829431443
5805.92	0.09149588294314448
5807.59	0.4266068829431447
5809.26	0.1850188829431444
5810.93	0.49762588294314447
5812.6	0.21133788294314448
5814.26	0.5068688829431445
5815.93	0.17613688294314428
5817.6	0.4580118829431445
5819.27	0.19827278294314463
5820.94	0.5086988829431445
5822.6	0.2228658829431444
5824.27	0.5362098829431445
5825.94	0.2265838829431444
5827.61	0.5226498829431443
5829.27	0.2735168829431447
5830.94	0.5351368829431445
5832.61	0.23926788294314444
5834.28	0.4981738829431445
5835.95	0.10704788294314446
5837.61	0.3179748829431447
5839.28	0.026788982943144336
5840.95	0.35269948294314474
5842.62	0.20628138294314463
5844.29	0.6241022829431444
5845.95	0.4018247829431444
5847.62	0.7533138829431446
5849.29	0.4142128829431447
5850.96	0.6073018829431447
5852.63	0.1403668829431445
5854.29	0.3109328829431444
5855.96	-0.10106611705685528
5857.63	0.09103588294314424
5859.3	-0.2666581170568555
5860.96	0.06002888294314455
5862.63	-0.11033111705685543
5864.3	0.3964588829431445
5865.97	0.3138378829431446
5867.64	0.8455408829431447
5869.3	0.6912608829431444
5870.97	1.0099068829431448
5872.64	0.6409198829431445
5874.31	0.8684268829431442
5875.98	0.5436798829431443
5877.64	0.8436478829431444
5879.31	0.5033158829431444
5880.98	0.7479568829431446
5882.65	0.3264678829431446
5884.32	0.4657988829431444
5885.98	0.11700988294314434
5887.65	0.4532748829431445
5889.32	0.2663958829431446
5890.99	0.6884008829431444
5892.65	0.41053318294314456
5894.32	0.6697798829431446
5895.99	0.2648721829431445
5897.66	0.3774253829431444
5899.33	0.03587388294314464
5900.99	0.27242988294314446
5902.66	0.026511882943144438
5904.33	0.37365988294314467
5906.0	0.0785188829431445
5907.67	0.47730488294314444
5909.33	0.2889258829431444
5911.0	0.6745028829431445
5912.67	0.4810178829431445
5914.34	0.7740358829431445
5916.0	0.4352198829431445
5917.67	0.6659618829431446
5919.34	0.1554038829431444
5921.01	0.33765788294314436
5922.68	-0.0731501170568557
5924.34	0.12799688294314435
5926.01	-0.17957911705685534
5927.68	0.20403688294314418
5929.35	0.07093488294314446
5931.02	0.5948648829431443
5932.68	0.3989758829431443
5934.35	0.7852848829431446
5936.02	0.5081538829431447
5937.69	0.7086668829431446
5939.36	0.2913146829431446
5941.02	0.4707578829431446
5942.69	0.07982498294314463
5944.36	0.3300808829431444
5946.03	0.06210748294314457
5947.69	0.3383501829431445
5949.36	0.09646178294314453
5951.03	0.36180938294314446
5952.7	0.04330802294314438
5954.37	0.44959348294314444
5956.03	0.2765888829431446
5957.7	0.6102408829431444
5959.37	0.4155778829431447
5961.04	0.6538318829431444
5962.71	0.38047488294314447
5964.37	0.6810188829431444
5966.04	0.3619448829431442
5967.71	0.6202568829431444
5969.38	0.2656508829431443
5971.05	0.4371008829431443
5972.71	0.12482588294314442
5974.38	0.4443668829431446
5976.05	0.2287058829431446
5977.72	0.6011368829431445
5979.38	0.37174988294314454
5981.05	0.7048098829431443
5982.72	0.45509048294314447
5984.39	0.8053088829431445
5986.06	0.5361258829431444
5987.72	0.7897298829431445
5989.39	0.38209988294314434
5991.06	0.6360148829431445
5992.73	0.2852488829431448
5994.4	0.5531568829431446
5996.06	0.2831958829431446
5997.73	0.5312938829431445
5999.4	0.2196688829431444
6001.07	0.46596388294314456
6002.74	0.14779588294314447
6004.4	0.5355568829431445
6006.07	0.34182388294314425
6007.74	0.7289428829431444
6009.41	0.6511528829431444
6011.07	1.0278998829431445
6012.74	0.8238638829431444
6014.41	1.0381498829431446
6016.08	0.5888658829431443
6017.75	0.6562668829431446
6019.41	0.12679288294314456
6021.08	0.2475918829431448
6022.75	-0.11730411705685573
6024.42	0.18758088294314462
6026.09	-0.05010811705685556
6027.75	0.31074988294314443
6029.42	0.10267588294314449
6031.09	0.49168488294314444
6032.76	0.26175788294314434
6034.43	0.6829948829431445
6036.09	0.46706988294314444
6037.76	0.8547228829431445
6039.43	0.5936948829431443
6041.1	0.7869428829431444
6042.76	0.3791358829431446
6044.43	0.5324578829431441
6046.1	0.07285088294314432
6047.77	0.31036888294314435
6049.44	0.02455588294314448
6051.1	0.33104388294314446
6052.77	0.07194788294314455
6054.44	0.38071288294314476
6056.11	0.1818678829431443
6057.78	0.6343708829431443
6059.44	0.46379188294314444
6061.11	0.8891448829431443
6062.78	0.7185398829431444
6064.45	1.0834148829431447
6066.11	0.7544018829431444
6067.78	0.9642378829431444
6069.45	0.6124438829431443
6071.12	0.8244938829431445
6072.79	0.5389918829431446
6074.45	0.8247968829431445
6076.12	0.5915128829431444
6077.79	0.9022178829431443
6079.46	0.6231918829431444
6081.13	0.8073898829431443
6082.79	0.5201138829431444
6084.46	0.6952848829431445
6086.13	0.3393118829431443
6087.8	0.4741538829431441
6089.47	0.03416978294314431
6091.13	0.18802388294314443
6092.8	-0.11699481705685574
6094.47	0.18277088294314456
6096.14	8.658294314436432e-05
6097.8	0.3716918829431447
6099.47	0.16587668294314456
6101.14	0.4873398829431445
6102.81	0.15171688294314462
6104.48	0.3802008829431446
6106.14	0.04118188294314464
6107.81	0.34890088294314464
6109.48	0.13582488294314438
6111.15	0.5629728829431444
6112.82	0.40440988294314434
6114.48	0.7898318829431445
6116.15	0.5176618829431443
6117.82	0.7775738829431446
6119.49	0.39072888294314445
6121.16	0.6338648829431444
6122.82	0.2568858829431443
6124.49	0.5533608829431444
6126.16	0.2427088829431443
6127.83	0.5407338829431442
6129.49	0.2714678829431444
6131.16	0.5624868829431443
6132.83	0.19800988294314453
6134.5	0.4676848829431446
6136.17	0.1737548829431443
6137.83	0.5250088829431446
6139.5	0.2825668829431444
6141.17	0.7021108829431446
6142.84	0.5327138829431445
6144.51	0.9461518829431445
6146.17	0.7323848829431445
6147.84	1.0232418829431442
6149.51	0.6749828829431446
6151.18	0.7985278829431441
6152.85	0.2548224829431445
6154.51	0.3602135829431445
6156.18	-0.07972911705685556
6157.85	0.10058730294314448
6159.52	-0.1488395170568556
6161.18	0.35225928294314446
6162.85	0.2582938829431446
6164.52	0.7173298829431446
6166.19	0.5110478829431443
6167.86	0.8114618829431443
6169.52	0.5054038829431442
6171.19	0.7519838829431446
6172.86	0.46538888294314457
6174.53	0.9256068829431443
6176.2	0.6667718829431444
6177.86	0.8642298829431445
6179.53	0.4474288829431443
6181.2	0.5479548829431442
6182.87	0.06602378294314448
6184.54	0.28649308294314446
6186.2	0.012032882943144507
6187.87	0.4156858829431445
6189.54	0.3004778829431446
6191.21	0.7314298829431444
6192.87	0.5275358829431446
6194.54	0.8567628829431444
6196.21	0.5364478829431444
6197.88	0.7722618829431444
6199.55	0.4814628829431443
6201.21	0.6917518829431442
6202.88	0.3645548829431446
6204.55	0.6432518829431444
6206.22	0.25305988294314447
6207.89	0.4652238829431443
6209.55	0.19943388294314465
6211.22	0.5384868829431445
6212.89	0.4060798829431446
6214.56	0.7764478829431447
6216.23	0.5636478829431446
6217.89	0.8938478829431444
6219.56	0.6292478829431445
6221.23	0.8219338829431445
6222.9	0.4399338829431446
6224.56	0.5889418829431442
6226.23	0.11316288294314443
6227.9	0.22305388294314438
6229.57	-0.20105611705685567
6231.24	0.037413082943144535
6232.9	-0.1402523170568552
6234.57	0.2530934829431445
6236.24	0.025975582943144636
6237.91	0.3391633829431443
6239.58	0.002762782943144626
6241.24	0.2710888829431443
6242.91	-0.00876911705685548
6244.58	0.29215288294314445
6246.25	0.06262888294314453
6247.91	0.3973338829431444
6249.58	0.19118688294314445
6251.25	0.5584848829431446
6252.92	0.36203688294314434
6254.59	0.7862148829431446
6256.25	0.6288898829431443
6257.92	0.8894208829431445
6259.59	0.5654368829431442
6261.26	0.7899438829431445
6262.93	0.5378238829431443
6264.59	0.9214918829431445
6266.26	0.7263158829431444
6267.93	1.0785318829431447
6269.6	0.8617378829431447
6271.27	1.0905618829431447
6272.93	0.6491928829431445
6274.6	0.6936818829431447
6276.27	0.14962788294314444
6277.94	0.24755488294314443
6279.6	-0.027255117056855772
6281.27	0.3881888829431445
6282.94	0.3796348829431443
6284.61	0.9596148829431443
6286.28	0.8135288829431445
6287.94	1.0737808829431446
6289.61	0.6634848829431446
6291.28	0.7542728829431445
6292.95	0.3535308829431445
6294.62	0.5139368829431445
6296.28	0.13202888294314424
6297.95	0.3831288829431444
6299.62	0.22456288294314453
6301.29	0.6456288829431445
6302.96	0.48367588294314434
6304.62	0.8058798829431446
6306.29	0.4977638829431446
6307.96	0.6911978829431442
6309.63	0.3855288829431444
6311.29	0.7071928829431442
6312.96	0.5743018829431442
6314.63	0.9572108829431446
6316.3	0.6846928829431442
6317.97	0.8588218829431445
6319.63	0.43494988294314474
6321.3	0.5947178829431443
6322.97	0.1929999829431445
6324.64	0.41783938294314443
6326.31	0.05902168294314434
6327.97	0.3468869829431445
6329.64	0.07768718294314443
6331.31	0.44992388294314434
6332.98	0.22662918294314469
6334.65	0.6403196829431446
6336.31	0.4470279829431444
6337.98	0.7266603829431446
6339.65	0.44299738294314456
6341.32	0.8083833829431445
6342.98	0.5460346829431445
6344.65	0.9086638829431445
6346.32	0.6261638829431444
6347.99	0.8388598829431443
6349.66	0.42436288294314445
6351.32	0.48036288294314444
6352.99	0.0022088829431443856
6354.66	0.17243488294314438
6356.33	-0.11371511705685562
6358.0	0.27665488294314444
6359.66	0.22341188294314457
6361.33	0.7167628829431443
6363.0	0.5041158829431445
6364.67	0.7952598829431444
6366.34	0.48298588294314443
6368.0	0.7573208829431446
6369.67	0.5645068829431446
6371.34	0.8888788829431447
6373.01	0.6406608829431447
6374.67	0.9497028829431443
6376.34	0.6473168829431445
6378.01	0.9821628829431445
6379.68	0.7805828829431446
6381.35	1.1534518829431444
6383.01	0.8242528829431442
6384.68	1.0261628829431444
6386.35	0.5915038829431445
6388.02	0.8180748829431443
6389.69	0.5478688829431445
6391.35	0.8941488829431444
6393.02	0.6303498829431446
6394.69	0.9313868829431444
6396.36	0.47916688294314413
6398.03	0.6139848829431442
6399.69	0.2509718829431443
6401.36	0.5817998829431443
6403.03	0.3875138829431444
6404.7	0.8553678829431444
6406.36	0.6529938829431445
6408.03	0.9700388829431443
6409.7	0.6537197829431445
6411.37	0.8363018829431447
6413.04	0.4387134829431444
6414.7	0.7074958829431445
6416.37	0.38790488294314446
6418.04	0.6960868829431445
6419.71	0.45550488294314456
6421.38	0.7452688829431443
6423.04	0.45732088294314444
6424.71	0.6478618829431446
6426.38	0.16342288294314447
6428.05	0.21682988294314426
6429.71	-0.15017291705685545
6431.38	0.1153878829431445
6433.05	0.041374082943144465
6434.72	0.5429778829431442
6436.39	0.5049302829431443
6438.05	0.9208848829431444
6439.72	0.5923588829431445
6441.39	0.6573338829431445
6443.06	0.17799478294314425
6444.73	0.28014258294314465
6446.39	0.05146348294314431
6448.06	0.4393524829431444
6449.73	0.3462673829431443
6451.4	0.8527088829431444
6453.07	0.7092588829431447
6454.73	0.9961158829431443
6456.4	0.6476928829431444
6458.07	0.8015148829431442
6459.74	0.4443768829431446
6461.4	0.6907788829431446
6463.07	0.4022658829431446
6464.74	0.6653857829431448
6466.41	0.37544948294314456
6468.08	0.5936314829431445
6469.74	0.30396498294314456
6471.41	0.6144678829431444
6473.08	0.3497558829431446
6474.75	0.6125198829431444
6476.42	0.34203788294314463
6478.08	0.5663098829431444
6479.75	0.23261688294314448
6481.42	0.48354088294314457
6483.09	0.18996088294314453
6484.76	0.49231188294314443
6486.42	0.2171188829431446
6488.09	0.5016858829431448
6489.76	0.2859168829431443
6491.43	0.6386278829431442
6493.09	0.3987028829431444
6494.76	0.6407318829431448
6496.43	0.3250978829431445
6498.1	0.5861658829431442
6499.77	0.35214888294314434
6501.43	0.7410568829431445
6503.1	0.5319628829431446
6504.77	0.8256528829431445
6506.44	0.5331588829431446
6508.11	0.7390618829431446
6509.77	0.4416758829431444
6511.44	0.7169498829431445
6513.11	0.4684428829431443
6514.78	0.7823038829431443
6516.45	0.48559898294314474
6518.11	0.7397488829431446
6519.78	0.35831888294314435
6521.45	0.5908098829431444
6523.12	0.16405188294314466
6524.78	0.3460188829431444
6526.45	0.024149882943144574
6528.12	0.3507268829431445
6529.79	0.12771288294314445
6531.46	0.49849688294314437
6533.12	0.20062688294314443
6534.79	0.4913528829431445
6536.46	0.16622658294314457
6538.13	0.4258988829431444
6539.8	0.09267018294314439
6541.46	0.36786388294314437
6543.13	0.07659988294314432
6544.8	0.3560578829431441
6546.47	0.12452688294314444
6548.14	0.47113488294314443
6549.8	0.3000008829431445
6551.47	0.7574868829431445
6553.14	0.5889318829431442
6554.81	0.9314718829431443
6556.47	0.6796448829431444
6558.14	0.9136038829431445
6559.81	0.49563288294314456
6561.48	0.5920818829431445
6563.15	0.10435388294314459
6564.81	0.3373868829431445
6566.48	0.0474068829431447
6568.15	0.43483488294314465
6569.82	0.3997488829431444
6571.49	0.9303528829431444
6573.15	0.8402608829431447
6574.82	1.1127958829431444
6576.49	0.7345868829431443
6578.16	0.9299228829431447
6579.83	0.4839338829431445
6581.49	0.6700738829431444
6583.16	0.3661558829431443
6584.83	0.6982788829431444
6586.5	0.49308288294314434
6588.16	0.7474798829431445
6589.83	0.5142668829431443
6591.5	0.8924808829431446
6593.17	0.7055718829431445
6594.84	1.0984838829431445
6596.5	0.7350908829431445
6598.17	0.9149938829431447
6599.84	0.3871248829431445
6601.51	0.34600988294314455
6603.18	-0.0468771170568556
6604.84	0.2890128829431443
6606.51	0.2331088829431443
6608.18	0.7875838829431446
6609.85	0.6520598829431447
6611.51	1.0657048829431444
6613.18	0.7901338829431446
6614.85	0.8711278829431446
6616.52	0.37239688294314444
6618.19	0.43559888294314464
6619.85	0.07621688294314455
6621.52	0.38532188294314434
6623.19	0.24106188294314448
6624.86	0.6564188829431443
6626.53	0.4039888829431444
6628.19	0.6295938829431448
6629.86	0.17065658294314456
6631.53	0.33637798294314425
6633.2	0.08240488294314466
6634.87	0.39639988294314454
6636.53	0.23310488294314435
6638.2	0.5365128829431444
6639.87	0.20560588294314464
6641.54	0.5975998829431444
6643.2	0.39450688294314434
6644.87	0.8425288829431444
6646.54	0.7741178829431445
6648.21	1.1762898829431445
6649.88	0.9323668829431446
6651.54	1.1006728829431445
6653.21	0.7375968829431447
6654.88	0.9414688829431446
6656.55	0.5910508829431446
6658.22	0.8878998829431446
6659.88	0.6215188829431446
6661.55	0.8939678829431443
6663.22	0.5559828829431446
6664.89	0.7550878829431442
6666.56	0.4925378829431445
6668.22	0.8000888829431446
6669.89	0.5306328829431446
6671.56	0.9689728829431449
6673.23	0.8189998829431445
6674.89	1.1685568829431445
6676.56	0.8627168829431447
6678.23	1.1218408829431445
6679.9	0.7292728829431445
6681.57	0.8878798829431446
6683.23	0.4080938829431445
6684.9	0.5732608829431445
6686.57	0.22983988294314459
6688.24	0.3728978829431443
6689.91	0.042892982943144545
6691.57	0.37577088294314437
6693.24	0.14041738294314426
6694.91	0.6433248829431444
6696.58	0.6091748829431444
6698.25	1.0628408829431444
6699.91	0.9277898829431444
6701.58	1.1501488829431443
6703.25	0.6857418829431444
6704.92	0.7520788829431445
6706.58	0.21846288294314417
6708.25	0.4287718829431446
6709.92	0.17933188294314445
6711.59	0.5699088829431443
6713.26	0.4923768829431444
6714.92	0.9834738829431444
6716.59	0.8360468829431443
6718.26	1.1181308829431442
6719.93	0.7405038829431445
6721.6	0.8852958829431443
6723.26	0.4800168829431445
6724.93	0.6264658829431444
6726.6	0.2927098829431444
6728.27	0.49604888294314453
6729.94	0.2498188829431447
6731.6	0.6180708829431445
6733.27	0.42202188294314447
6734.94	0.8381248829431442
6736.61	0.7107038829431446
6738.27	1.0070338829431447
6739.94	0.7366598829431443
6741.61	0.9632808829431443
6743.28	0.6606498829431443
6744.95	0.9588008829431445
6746.61	0.5952078829431444
6748.28	0.8083698829431445
6749.95	0.43696488294314434
6751.62	0.6111298829431442
6753.29	0.32051088294314456
6754.95	0.7589838829431446
6756.62	0.7624108829431444
6758.29	1.2683368829431445
6759.96	1.0824078829431447
6761.63	1.2710738829431443
6763.29	0.7031151829431446
6764.96	0.7274264829431444
6766.63	0.21000968294314443
6768.3	0.4358840829431445
6769.96	0.2453135829431444
6771.63	0.6660648829431445
6773.3	0.5054248829431442
6774.97	0.8752038829431446
6776.64	0.6047538829431445
6778.3	0.8961758829431445
6779.97	0.5587118829431443
6781.64	0.7733928829431446
6783.31	0.4576058829431444
6784.98	0.7419848829431447
6786.64	0.44221688294314454
6788.31	0.7706178829431445
6789.98	0.48910988294314456
6791.65	0.7950198829431444
6793.31	0.5887018829431445
6794.98	1.0278118829431446
6796.65	0.8656628829431445
6798.32	1.2488938829431446
6799.99	1.0005848829431447
6801.65	1.2795468829431447
6803.32	0.8673868829431444
6804.99	0.9546768829431447
6806.66	0.42045388294314445
6808.33	0.6097908829431444
6809.99	0.26601688294314474
6811.66	0.5773958829431443
6813.33	0.36678688294314465
6815.0	0.7433278829431444
6816.67	0.4945718829431442
6818.33	0.7312338829431444
6820.0	0.42836788294314454
6821.67	0.7299698829431446
6823.34	0.4895678829431443
6825.0	0.7630368829431444
6826.67	0.43481288294314435
6828.34	0.6790748829431443
6830.01	0.38349588294314446
6831.68	0.6805678829431442
6833.34	0.48428188294314445
6835.01	0.8410398829431445
6836.68	0.5668320829431445
6838.35	0.6889384829431444
6840.02	0.22825168294314438
6841.68	0.3425743829431444
6843.35	-0.05795161705685552
6845.02	0.33373288294314457
6846.69	0.15886988294314458
6848.36	0.5607368829431445
6850.02	0.3454298829431443
6851.69	0.5967758829431448
6853.36	0.2834488829431444
6855.03	0.6140688829431443
6856.69	0.38643488294314443
6858.36	0.7989848829431445
6860.03	0.5589768829431444
6861.7	0.8376238829431445
6863.37	0.6039348829431443
6865.03	0.8656488829431446
6866.7	0.5324868829431446
6868.37	0.8604018829431445
6870.04	0.5975298829431445
6871.71	0.9748888829431446
6873.37	0.7961398829431443
6875.04	1.1973628829431444
6876.71	0.9740528829431445
6878.38	1.1945598829431445
6880.05	0.7140128829431446
6881.71	0.8777188829431444
6883.38	0.5160368829431446
6885.05	0.8024888829431445
6886.72	0.4899328829431443
6888.38	0.8769128829431445
6890.05	0.6969548829431444
6891.72	1.1305438829431442
6893.39	1.0185838829431442
6895.06	1.4389178829431446
6896.72	1.1477218829431444
6898.39	1.2445658829431445
6900.06	0.5560718829431444
6901.73	0.3937208829431441
6903.4	-0.22932361705685578
6905.06	-0.1502315170568557
6906.73	-0.5550617170568556
6908.4	-0.16219611705685563
6910.07	-0.2936341170568556
6911.74	0.27070188294314423
6913.4	0.20310588294314452
6915.07	0.6260998829431446
6916.74	0.40775888294314455
6918.41	0.6818878829431445
6920.07	0.25343088294314464
6921.74	0.48194888294314425
6923.41	0.14290788294314444
6925.08	0.5500928829431444
6926.75	0.3810958829431444
6928.41	0.8218998829431445
6930.08	0.7411038829431444
6931.75	1.1987158829431444
6933.42	1.0219338829431446
6935.09	1.3604408829431445
6936.75	1.0669498829431445
6938.42	1.2197518829431444
6940.09	0.6836088829431446
6941.76	0.7248868829431446
6943.42	0.35018388294314445
6945.09	0.6330738829431446
6946.76	0.4492948829431442
6948.43	0.8711848829431446
6950.1	0.7452518829431445
6951.76	1.1634758829431442
6953.43	0.9228207829431444
6955.1	1.1968547829431444
6956.77	0.8032345829431445
6958.44	0.9830571829431445
6960.1	0.5630561829431445
6961.77	0.7511708829431444
6963.44	0.3581053829431444
6965.11	0.7163248829431447
6966.78	0.43439688294314455
6968.44	0.7267798829431444
6970.11	0.33964028294314436
6971.78	0.5694268829431446
6973.45	0.2466244829431446
6975.11	0.5883267829431448
6976.78	0.3188277829431446
6978.45	0.6432138829431444
6980.12	0.31684858294314455
6981.79	0.5501762829431447
6983.45	0.11878968294314447
6985.12	0.3168778829431444
6986.79	0.05416888294314468
6988.46	0.4333008829431443
6990.13	0.30249488294314436
6991.79	0.7742298829431449
6993.46	0.5680788829431446
6995.13	0.9098108829431446
6996.8	0.6462388829431442
6998.47	0.8404598829431444
7000.13	0.42938188294314433
7001.8	0.6295708829431443
7003.47	0.20982488294314453
7005.14	0.4978978829431444
7006.8	0.22840088294314453
7008.47	0.6057598829431445
7010.14	0.47105588294314443
7011.81	0.9751328829431447
7013.48	0.8434358829431444
7015.14	1.2090028829431443
7016.81	0.9391788829431444
7018.48	1.2807578829431443
7020.15	0.7978768829431443
7021.82	1.0760278829431442
7023.48	0.6052278829431447
7025.15	0.7071778829431443
7026.82	0.20091988294314445
7028.49	0.3031355829431447
7030.16	-0.009169317056855641
7031.82	0.36852474294314436
7033.49	0.11319898294314443
7035.16	0.5971147829431446
7036.83	0.3361950029431446
7038.49	0.6392214829431444
7040.16	0.3585047829431446
7041.83	0.6430938829431445
7043.5	0.5235648829431443
7045.17	0.9309948829431445
7046.83	0.7419618829431444
7048.5	1.0500688829431444
7050.17	0.6014578829431445
7051.84	0.7231288829431444
7053.51	0.2387928829431445
7055.17	0.4688758829431447
7056.84	0.21560288294314472
7058.51	0.6788898829431443
7060.18	0.6227838829431445
7061.85	1.1320698829431446
7063.51	0.9285407829431442
7065.18	1.3114744829431444
7066.85	0.9303272829431444
7068.52	1.0773708829431443
7070.18	0.5261308829431444
7071.85	0.5906858829431445
7073.52	0.17452588294314433
7075.19	0.4391398829431445
7076.86	0.20870888294314432
7078.52	0.5193315829431444
7080.19	0.2966635729431446
7081.86	0.6236865829431447
7083.53	0.3864093829431443
7085.2	0.7357462829431445
7086.86	0.4473198829431446
7088.53	0.8104398829431446
7090.2	0.5867168829431445
7091.87	0.9105288829431444
7093.54	0.6833778829431444
7095.2	0.9180558829431444
7096.87	0.5418928829431445
7098.54	0.7127768829431445
7100.21	0.18968788294314454
7101.87	0.3901088829431444
7103.54	0.10194888294314444
7105.21	0.5008628829431445
7106.88	0.4165298829431444
7108.55	0.8951058829431446
7110.21	0.7711158829431443
7111.88	1.0979538829431446
7113.55	0.7451528829431443
7115.22	0.8938288829431442
7116.89	0.47409888294314434
7118.55	0.6455418829431443
7120.22	0.2519568829431442
7121.89	0.4522998829431445
7123.56	0.10588288294314455
7125.22	0.3606308829431443
7126.89	0.06340488294314457
7128.56	0.2822648829431444
7130.23	-0.02838321705685558
7131.9	0.1051094829431443
7133.56	-0.2777434170568557
7135.23	0.1135424829431444
7136.9	-0.0016280170568554464
7138.57	0.5708308829431445
7140.24	0.5356918829431443
7141.9	0.9064348829431446
7143.57	0.7002038829431444
7145.24	0.9072678829431442
7146.91	0.42527088294314447
7148.58	0.7196608829431446
7150.24	0.41717288294314425
7151.91	0.7428868829431442
7153.58	0.5018918829431445
7155.25	0.8620228829431446
7156.91	0.7029488829431443
7158.58	1.0803758829431445
7160.25	0.7542598829431446
7161.92	1.0583728829431447
7163.59	0.6905358829431447
7165.25	0.8870878829431446
7166.92	0.5601628829431445
7168.59	0.7984398829431445
7170.26	0.5641888829431445
7171.93	0.9111298829431446
7173.59	0.6881030829431444
7175.26	1.1278708829431445
7176.93	0.8527785529431444
7178.6	1.1094826829431443
7180.27	0.7920816829431444
7181.93	0.9990668829431444
7183.6	0.7721938829431444
7185.27	1.0961458829431447
7186.94	0.8109668829431443
7188.6	1.1238158829431444
7190.27	0.6946738829431445
7191.94	0.8760048829431447
7193.61	0.5767478829431444
7195.28	0.8505478829431443
7196.94	0.6258438829431443
7198.61	0.9709588829431446
7200.28	0.6261888829431446
7201.95	0.8657438829431443
7203.62	0.5090338829431447
7205.28	0.5884978829431444
7206.95	0.13912188294314443
7208.62	0.2581058829431443
7210.29	-0.09734111705685551
7211.96	0.31476288294314436
7213.62	0.15964488294314413
7215.29	0.5201938829431446
7216.96	0.3242888829431445
7218.63	0.6239268829431442
7220.29	0.5378958829431447
7221.96	1.0207078829431442
7223.63	0.9415268829431449
7225.3	1.3461088829431447
7226.97	1.0224628829431446
7228.63	1.1007848829431448
7230.3	0.5788358829431444
7231.97	0.6500738829431445
7233.64	0.3331778829431447
7235.31	0.5979578829431443
7236.97	0.39613788294314445
7238.64	0.6633008829431444
7240.31	0.45453688294314454
7241.98	0.7151118829431444
7243.65	0.5012228829431444
7245.31	0.9182678829431442
7246.98	0.7654728829431443
7248.65	1.2354318829431448
7250.32	1.0551378829431441
7251.98	1.3067638829431445
7253.65	0.9410208829431447
7255.32	1.0141228829431443
7256.99	0.4671598829431445
7258.66	0.7005428829431445
7260.32	0.4414508829431446
7261.99	0.8920768829431445
7263.66	0.7741778829431443
7265.33	1.162866882943144
7267.0	0.9115058829431444
7268.66	1.1773958829431443
7270.33	0.8292718829431444
7272.0	1.0622498829431444
7273.67	0.8397318829431445
7275.34	1.0133088829431445
7277.0	0.5156768829431446
7278.67	0.5588568829431444
7280.34	0.1322348829431445
7282.01	0.40788988294314443
7283.67	0.3723128829431443
7285.34	0.8361708829431442
7287.01	0.7811538829431446
7288.68	1.2613858829431446
7290.35	1.0150418829431447
7292.01	1.2955138829431445
7293.68	1.0419538829431443
7295.35	1.0890178829431443
7297.02	0.6054418829431442
7298.69	0.5414158829431445
7300.35	-0.04277731705685546
7302.02	0.07144161294314451
7303.69	-0.13960901705685552
7305.36	0.3337485229431446
7307.02	0.4235675829431445
7308.69	0.9183838829431442
7310.36	0.7818068829431445
7312.03	1.1286548829431444
7313.7	0.7406498829431447
7315.36	0.7689808829431444
7317.03	0.29752688294314433
7318.7	0.45706788294314427
7320.37	0.1642058829431444
7322.04	0.6428948829431443
7323.7	0.6390828829431444
7325.37	1.1895498829431446
7327.04	1.0999478829431442
7328.71	1.3198718829431446
7330.38	0.9357648829431447
7332.04	1.0822938829431443
7333.71	0.6920848829431445
7335.38	1.0299698829431445
7337.05	0.8988708829431445
7338.71	1.2857598829431445
7340.38	1.1790848829431444
7342.05	1.5857068829431449
7343.72	1.3716158829431446
7345.39	1.5504908829431443
7347.05	1.0663168829431449
7348.72	1.0924588829431443
7350.39	0.5190368829431444
7352.06	0.6809185129431444
7353.73	0.3970441829431444
7355.39	0.6934827829431445
7357.06	0.48853148294314475
7358.73	0.8384136829431446
7360.4	0.6139407829431446
7362.07	1.1023198829431446
7363.73	0.9130228829431444
7365.4	1.3424008829431444
7367.07	1.1467738829431444
7368.74	1.3286198829431444
7370.4	0.9625908829431445
7372.07	1.1675478829431445
7373.74	0.7379888829431447
7375.41	0.9735818829431444
7377.08	0.5773502829431444
7378.74	0.7790175829431446
7380.41	0.4585816829431444
7382.08	0.5847688829431446
7383.75	0.31207888294314445
7385.42	0.6250858829431445
7387.08	0.43726788294314456
7388.75	0.8777158829431443
7390.42	0.6322798829431446
7392.09	0.9415238829431445
7393.76	0.5480738829431444
7395.42	0.7147698829431445
7397.09	0.3961567829431446
7398.76	0.6862685829431445
7400.43	0.4698716829431445
7402.09	0.9051108829431443
7403.76	0.6774478829431445
7405.43	1.0105848829431443
7407.1	0.7187428829431445
7408.77	0.9369238829431445
7410.43	0.5878688829431445
7412.1	0.7157768829431445
7413.77	0.3370313829431444
7415.44	0.5903878829431444
7417.11	0.2880067829431446
7418.77	0.5806228829431445
7420.44	0.4425978829431444
7422.11	0.8004738829431446
7423.78	0.6161628829431444
7425.45	0.9067388829431445
7427.11	0.6202738829431445
7428.78	0.9736158829431444
7430.45	0.7473558829431441
7432.12	1.1795478829431443
7433.78	1.1068158829431445
7435.45	1.5487158829431444
7437.12	1.3389978829431441
7438.79	1.6687078829431445
7440.46	1.3208788829431444
7442.12	1.4840368829431445
7443.79	1.0024478829431442
7445.46	1.132534882943144
7447.13	0.6168578829431444
7448.8	0.7846548829431444
7450.46	0.44148388294314456
7452.13	0.7827608829431445
7453.8	0.7001188829431443
7455.47	1.2110848829431444
7457.14	1.1077508829431444
7458.8	1.5347708829431443
7460.47	1.2490828829431444
7462.14	1.4288367829431445
7463.81	1.1000411829431447
7465.47	1.2156502829431446
7467.14	0.7983747829431442
7468.81	0.8335794829431447
7470.48	0.41847288294314433
7472.15	0.5774398829431445
7473.81	0.3261934829431444
7475.48	0.6350890829431445
7477.15	0.4643979829431446
7478.82	0.8406964829431445
7480.49	0.6993948829431443
7482.15	1.0495348829431443
7483.82	0.9127988829431445
7485.49	1.1899098829431443
7487.16	0.8075198829431445
7488.82	0.7965578829431447
7490.49	0.21073688294314447
7492.16	0.3937498829431444
7493.83	0.14743688294314466
7495.5	0.5881198829431443
7497.16	0.6235858829431443
7498.83	1.1678738829431443
7500.5	1.0841648829431445
7502.17	1.4103788829431443
7503.84	0.9412478829431443
7505.5	1.0083248829431446
7507.17	0.5151698829431446
7508.84	0.6369748829431446
7510.51	0.27442588294314463
7512.18	0.6645628829431443
7513.84	0.43500688294314466
7515.51	0.8315928829431446
7517.18	0.6798488829431445
7518.85	1.2203308829431445
7520.51	1.1564458829431445
7522.18	1.6252338829431445
7523.85	1.2619568829431445
7525.52	1.3817598829431446
7527.19	0.8379708829431444
7528.85	0.9520208829431447
7530.52	0.5841249829431445
7532.19	0.9826870829431446
7533.86	0.7639587829431446
7535.53	1.0468718829431447
7537.19	0.7649098829431444
7538.86	1.0207828829431445
7540.53	0.6778138829431446
7542.2	0.8192958829431444
7543.87	0.44465888294314426
7545.53	0.6782168829431443
7547.2	0.5606958829431445
7548.87	1.0634728829431441
7550.54	1.0663398829431443
7552.2	1.4641318829431442
7553.87	1.0460768829431446
7555.54	0.9904108829431444
7557.21	0.4879948829431444
7558.88	0.6955008829431443
7560.54	0.5180728829431445
7562.21	1.0120948829431444
7563.88	0.8754008829431446
7565.55	1.3922578829431442
7567.22	1.1941988829431442
7568.88	1.4543758829431446
7570.55	1.2146798829431444
7572.22	1.5734138829431439
7573.89	1.3065528829431445
7575.56	1.6157518829431443
7577.22	1.1972678829431447
7578.89	1.4216708829431446
7580.56	1.0648438829431444
7582.23	1.2665578829431445
7583.89	0.9392708829431445
7585.56	1.2702668829431445
7587.23	1.0827208829431443
7588.9	1.3927608829431444
7590.57	1.1087698829431445
7592.23	1.4423958829431442
7593.9	1.1542458829431443
7595.57	1.3387888829431445
7597.24	0.8565738829431446
7598.91	0.9347948829431445
7600.57	0.5183998829431441
7602.24	0.7444018829431445
7603.91	0.36379388294314446
7605.58	0.5447117829431447
7607.25	0.24086488294314456
7608.91	0.4519232829431443
7610.58	0.21761088294314454
7612.25	0.5088948829431446
7613.92	0.30511088294314437
7615.58	0.4767768829431446
7617.25	0.07324588294314442
7618.92	0.28556788294314445
7620.59	0.02871988294314447
7622.26	0.5019168829431443
7623.92	0.4796778829431445
7625.59	0.8039818829431443
7627.26	0.5885930829431445
7628.93	0.8214772829431448
7630.6	0.3651844829431445
7632.26	0.5545257829431446
7633.93	0.14711938294314453
7635.6	0.3937800829431443
7637.27	0.1475030829431444
7638.94	0.5073155929431443
7640.6	0.28508138294314433
7642.27	0.6234108829431445
7643.94	0.29586288294314456
7645.61	0.46166588294314426
7647.27	0.0910448829431445
7648.94	0.24980288294314423
7650.61	-0.004561317056855518
7652.28	0.3927565829431442
7653.95	0.3522038829431445
7655.61	0.8543328829431445
7657.28	0.8294958829431444
7658.95	1.168578882943144
7660.62	0.9420228829431446
7662.29	1.1572968829431447
7663.95	0.8049058829431444
7665.62	1.0575148829431444
7667.29	0.7499648829431446
7668.96	1.0068413829431446
7670.62	0.7923023829431445
7672.29	1.1681793829431446
7673.96	0.9548510829431442
7675.63	1.3304866829431443
7677.3	0.9104022829431445
7678.96	1.046723882943145
7680.63	0.5998668829431442
7682.3	0.7962918829431442
7683.97	0.6120608829431442
7685.64	1.0619968829431443
7687.3	0.8852978829431446
7688.97	1.2349218829431448
7690.64	0.8426878829431445
7692.31	1.0159318829431443
7693.98	0.7059438829431444
7695.64	0.7536558829431443
7697.31	0.37908788294314427
7698.98	0.5731708829431444
7700.65	0.3064548829431446
7702.31	0.7071018829431446
7703.98	0.5402638829431446
7705.65	0.8683728829431443
7707.32	0.7288168829431445
7708.99	1.0375098829431446
7710.65	0.8884898829431448
7712.32	1.2902378829431445
7713.99	1.0335738829431445
7715.66	1.2218268829431445
7717.33	0.6807008829431448
7718.99	0.6346018829431445
7720.66	0.26133468294314427
7722.33	0.6225008829431445
7724.0	0.44656588294314437
7725.67	0.8135328829431442
7727.33	0.5209438829431445
7729.0	0.7379468829431441
7730.67	0.4513708829431445
7732.34	0.7389918829431443
7734.0	0.5501818829431444
7735.67	1.0816478829431444
7737.34	0.8795308829431441
7739.01	1.282382882943144
7740.68	1.0894748829431447
7742.34	1.3944068829431449
7744.01	0.9877568829431447
7745.68	1.0727488829431444
7747.35	0.5768509829431446
7749.02	0.7695298829431446
7750.68	0.4159418829431446
7752.35	0.7669918829431447
7754.02	0.6317868829431443
7755.69	0.9990698829431442
7757.36	0.7982518829431444
7759.02	0.9693838829431447
7760.69	0.5784748829431443
7762.36	0.7421338829431445
7764.03	0.3677358829431444
7765.69	0.6549348829431444
7767.36	0.48862488294314455
7769.03	0.8384048829431443
7770.7	0.6583698829431444
7772.37	0.9267173829431442
7774.03	0.5927400829431442
7775.7	0.7755736829431443
7777.37	0.24154888294314442
7779.04	0.35746888294314455
7780.71	-0.15221511705685556
7782.37	0.07898188294314439
7784.04	-0.12581311705685536
7785.71	0.4006518829431447
7787.38	0.43720588294314433
7789.05	1.0893648829431446
7790.71	0.9830428829431442
7792.38	1.3944878829431444
7794.05	1.0528948829431444
7795.72	1.1704648829431443
7797.38	0.6528858829431444
7799.05	0.7729528829431442
7800.72	0.3504958829431445
7802.39	0.5517278829431446
7804.06	0.19655788294314464
7805.72	0.48789988294314474
7807.39	0.19738088294314465
7809.06	0.6108338829431446
7810.73	0.3982428829431446
7812.4	0.9261578829431446
7814.06	0.7908418829431445
7815.73	1.0814428829431446
7817.4	0.8307558829431446
7819.07	1.1087458829431447
7820.73	0.7553165829431446
7822.4	1.0550188829431444
7824.07	0.7192718829431446
7825.74	0.9802918829431446
7827.41	0.6907058829431444
7829.07	0.9952068829431445
7830.74	0.8875558829431445
7832.41	1.3088018829431447
7834.08	1.1011888829431444
7835.75	1.3151878829431447
7837.41	0.9013108829431445
7839.08	0.9624198829431444
7840.75	0.5363898829431447
7842.42	0.7607238829431445
7844.09	0.49269588294314437
7845.75	0.9171408829431444
7847.42	0.6760058829431442
7849.09	1.1249708829431446
7850.76	0.9123852829431444
7852.42	1.0452578829431447
7854.09	0.5491004529431444
7855.76	0.6448041829431445
7857.43	0.1259401829431443
7859.1	0.5524788829431444
7860.76	0.5041608829431448
7862.43	1.075756882943144
7864.1	1.1252318829431445
7865.77	1.4765158829431444
7867.44	1.0123078829431444
7869.1	1.1126678829431447
7870.77	0.5222818829431446
7872.44	0.6778118829431447
7874.11	0.3187188829431447
7875.78	0.5061698829431445
7877.44	0.29727488294314447
7879.11	0.5955088829431444
7880.78	0.21382088294314433
7882.45	0.5178548829431444
7884.11	0.16848788294314437
7885.78	0.5206408829431446
7887.45	0.3640178829431446
7889.12	0.6917098829431445
7890.79	0.5309768829431443
7892.45	0.9518128829431445
7894.12	0.6113128829431445
7895.79	0.9432328829431447
7897.46	0.7623578829431447
7899.13	1.0857982829431445
7900.79	0.9604304829431447
7902.46	1.3123778829431445
7904.13	1.0452848829431445
7905.8	1.3283058829431442
7907.47	0.9435668829431446
7909.13	1.1958698829431447
7910.8	0.8778748829431446
7912.47	0.9697378829431443
7914.14	0.5561718829431446
7915.8	0.7231348829431445
7917.47	0.5200058829431443
7919.14	0.9130498829431446
7920.81	0.7352888829431445
7922.48	1.0639528829431444
7924.14	0.7986268829431444
7925.81	0.9346238829431448
7927.48	0.5961105829431445
7929.15	0.9594999829431445
7930.82	0.8563938829431444
7932.48	1.2555208829431446
7934.15	1.1072608829431447
7935.82	1.2985538829431447
7937.49	0.8835328829431444
7939.16	1.1487288829431441
7940.82	0.7766458829431444
7942.49	1.1167698829431445
7944.16	0.8137198829431448
7945.83	0.9811708829431447
7947.49	0.6578298829431445
7949.16	0.8098008829431445
7950.83	0.5188618829431444
7952.5	0.9507638829431446
7954.17	0.8162580829431445
7955.83	1.2668548829431443
7957.5	0.9876578829431445
7959.17	1.2370928829431445
7960.84	0.9525382829431444
7962.51	1.2984622829431443
7964.17	1.2074346029431449
7965.84	1.6579047829431448
7967.51	1.4769712829431447
7969.18	1.8382582829431442
7970.85	1.4219250829431445
7972.51	1.6025503829431442
7974.18	1.1123716829431445
7975.85	1.4039878829431442
7977.52	1.0752868829431446
7979.18	1.3860668829431446
7980.85	1.1688788829431445
7982.52	1.6253908829431445
7984.19	1.4797038829431446
7985.86	1.9242078829431442
7987.52	1.5359358829431442
7989.19	1.7140338829431443
7990.86	1.1866438829431443
7992.53	1.2881958829431444
7994.2	0.8869488829431447
7995.86	1.0473688829431445
7997.53	0.7495078829431446
7999.2	1.0005318829431447
8000.87	0.6741058829431447
8002.53	1.0246778829431442
8004.2	0.7613378829431445
8005.87	1.1008988829431445
8007.54	0.8567508829431443
8009.21	0.9991398829431445
8010.87	0.7891328829431445
8012.54	1.0737178829431444
8014.21	0.8788898829431446
8015.88	1.1954758829431449
8017.55	0.9224468829431446
8019.21	1.1545768829431444
8020.88	0.8956548829431444
8022.55	1.0918198829431442
8024.22	0.7469678829431444
8025.89	0.9643148829431443
8027.55	0.6350618829431445
8029.22	0.9283218829431441
8030.89	0.6443898829431447
8032.56	0.8689698829431446
8034.22	0.3858418829431443
8035.89	0.40727008294314465
8037.56	-0.14084932705685546
8039.23	0.1415189829431447
8040.9	-0.07657111705685556
8042.56	0.4438348829431443
8044.23	0.2811698829431446
8045.9	0.7828748829431443
8047.57	0.6978448829431445
8049.24	1.2144598829431446
8050.9	1.1374186829431445
8052.57	1.4772637829431443
8054.24	1.0594543829431449
8055.91	1.1046754229431444
8057.58	0.5437239129431443
8059.24	0.7319478829431444
8060.91	0.32385308294314447
8062.58	0.6338578829431444
8064.25	0.3425153729431445
8065.91	0.7061083829431445
8067.58	0.5568317829431446
8069.25	1.0023768829431448
8070.92	0.9774888829431443
8072.59	1.6739378829431444
8074.25	1.6205048829431443
8075.92	2.026253882943144
8077.59	1.5603268829431443
8079.26	1.555244682943144
8080.93	0.9359027829431443
8082.59	1.0876907429431442
8084.26	0.9227603829431444
8085.93	1.5459608829431442
8087.6	1.6399348829431446
8089.27	2.1573168829431446
8090.93	1.7800008829431442
8092.6	1.9497878829431443
8094.27	1.2563898829431444
8095.94	1.2659038829431446
8097.6	0.7294848829431444
8099.27	0.8370508829431443
8100.94	0.5393758829431444
8102.61	0.9344518829431445
8104.28	0.6319605829431445
8105.94	0.9054164829431443
8107.61	0.5886608829431446
8109.28	0.8286268829431445
8110.95	0.5688528829431443
8112.62	0.9026399829431444
8114.28	0.6448046829431445
8115.95	0.9077358829431443
8117.62	0.5771718829431445
8119.29	0.7902078829431447
8120.96	0.5798208829431445
8122.62	0.9293688829431443
8124.29	0.6729878829431444
8125.96	0.9096128829431442
8127.63	0.5492428829431444
8129.29	0.7055408829431445
8130.96	0.2650208829431445
8132.63	0.5569608829431447
8134.3	0.30434188294314446
8135.97	0.6638638829431444
8137.63	0.5421868829431442
8139.3	1.0022998829431446
8140.97	1.0772698829431444
8142.64	1.7399768829431443
8144.31	1.7049818829431438
8145.97	2.0902258829431446
8147.64	1.6513978829431444
8149.31	1.5959038829431444
8150.98	0.8787678829431442
8152.65	0.7962978829431443
8154.31	0.40617858294314446
8155.98	0.7312203829431445
8157.65	0.5638468829431447
8159.32	1.0351308829431445
8160.98	0.8931408829431444
8162.65	1.2828518829431446
8164.32	1.0209188829431446
8165.99	1.2525978829431443
8167.66	0.9805218829431442
8169.32	1.2627368829431442
8170.99	0.9677068829431447
8172.66	1.3123068829431443
8174.33	1.0775978829431445
8176.0	1.2165478829431444
8177.66	0.9228528829431445
8179.33	1.017748882943144
8181.0	0.5588848829431443
8182.67	0.7569768829431445
8184.33	0.3971308829431444
8186.0	0.7095938829431443
8187.67	0.6673238829431444
8189.34	1.0764658829431442
8191.01	1.0666728829431444
8192.67	1.4535968829431447
8194.34	1.1173368829431443
8196.01	1.3761218829431445
8197.68	1.1206328829431447
8199.35	1.4443678829431446
8201.01	1.2130828829431441
8202.68	1.5249398829431442
8204.35	1.1217378829431446
8206.02	1.2039738829431443
8207.69	0.7568858829431446
8209.35	0.9326678829431444
8211.02	0.5942858829431444
8212.69	0.8107498829431445
8214.36	0.41890888294314454
8216.02	0.5488881829431443
8217.69	0.3071990829431444
8219.36	0.5936864529431443
8221.03	0.4280478929431446
8222.7	0.7816527829431443
8224.36	0.6682378829431445
8226.03	1.0986488829431442
8227.7	1.0056688829431444
8229.37	1.2503968829431444
8231.04	1.0271528829431444
8232.7	1.2137208829431445
8234.37	0.8184728829431446
8236.04	0.8753888829431444
8237.71	0.4909808829431445
8239.38	0.7322528829431445
8241.04	0.40459088294314444
8242.71	0.7229598829431445
8244.38	0.5918998829431443
8246.05	1.0536548829431447
8247.71	1.0124468829431446
8249.38	1.4987818829431445
8251.05	1.3434878829431443
8252.72	1.6360008829431443
8254.39	1.2272978829431445
8256.05	1.3272798829431443
8257.72	0.8928214829431443
8259.39	1.0552747829431444
8261.06	0.7404952429431444
8262.73	1.0506951829431446
8264.39	0.6230400829431446
8266.06	0.5458588829431447
8267.73	-0.024815017056855494
8269.4	0.04855488294314445
8271.07	-0.1616651170568555
8272.73	0.41762088294314437
8274.4	0.34685988294314446
8276.07	0.6952968829431445
8277.74	0.3148378829431444
8279.4	0.3694738829431444
8281.07	0.06346288294314457
8282.74	0.5189528829431447
8284.41	0.5446888829431444
8286.08	1.0378518829431445
8287.74	0.8421378829431443
8289.41	0.9449478829431444
8291.08	0.5220108829431443
8292.75	0.8442008829431445
8294.42	0.6978388829431444
8296.08	1.2565728829431444
8297.75	1.2214248829431444
8299.42	1.4307338829431442
8301.09	1.1597988829431447
8302.76	1.3280445829431444
8304.42	1.0108747829431448
8306.09	1.3807352829431443
8307.76	1.1089592829431443
8309.43	1.2531988829431444
8311.09	0.7029507829431445
8312.76	0.5759381829431443
8314.43	0.09534678294314461
8316.1	0.24113788294314425
8317.77	0.12312548294314452
8319.43	0.6832712829431444
8321.1	0.6829790829431446
8322.77	0.9576593829431443
8324.44	0.6829318829431446
8326.11	0.9688758829431444
8327.77	0.8805148829431447
8329.44	1.2904264829431444
8331.11	1.3300412829431445
8332.78	1.8699268829431446
8334.45	1.6509488829431447
8336.11	1.8493338829431445
8337.78	1.438686882943144
8339.45	1.6578278829431448
8341.12	1.3734868829431444
8342.78	1.4930168829431447
8344.45	1.1970178829431446
8346.12	1.3972138829431446
8347.79	0.9672538829431444
8349.46	1.0373068829431444
8351.12	0.5123318829431445
8352.79	0.6543318829431444
8354.46	0.4996318829431444
8356.13	1.0415808829431443
8357.8	1.2500598829431446
8359.46	1.7546328829431446
8361.13	1.6910969829431444
8362.8	1.7518558829431445
8364.47	1.1844728829431443
8366.13	1.2430878829431444
8367.8	0.8908776829431442
8369.47	1.1289498829431444
8371.14	0.9917298829431445
8372.81	1.4012670829431442
8374.47	1.3290685829431443
8376.14	1.8083378829431447
8377.81	1.5587018829431443
8379.48	1.8671098829431443
8381.15	1.3485658829431448
8382.81	1.1888088829431447
8384.48	0.38016488294314466
8386.15	0.3617298829431445
8387.82	0.04858188294314454
8389.49	0.6211218829431444
8391.15	0.7486788829431447
8392.82	1.5331148829431442
8394.49	1.4714708829431444
8396.16	1.7241788829431441
8397.82	1.2064728829431444
8399.49	1.2307558829431442
8401.16	0.8012228829431443
8402.83	1.0156428829431445
8404.5	0.5249542829431444
8406.16	0.7840788829431443
8407.83	0.5260278829431446
8409.5	0.8146828829431445
8411.17	0.6128028829431444
8412.84	1.0018268829431445
8414.5	0.8048648829431443
8416.17	1.1739668829431444
8417.84	0.7556298829431443
8419.51	0.9074198829431441
8421.18	0.48147088294314466
8422.84	0.6208547829431448
8424.51	0.34422398294314444
8426.18	0.8602608829431444
8427.85	0.9973838829431443
8429.51	1.609681882943144
8431.18	1.4624708829431445
8432.85	1.729563882943145
8434.52	1.4161558829431438
8436.19	1.6934128829431447
8437.85	1.4629048829431446
8439.52	1.7797848829431444
8441.19	1.4268428829431445
8442.86	1.7020668829431442
8444.53	1.4132868829431442
8446.19	1.7854628829431447
8447.86	1.7064678829431443
8449.53	2.1545858829431443
8451.2	1.9200618829431442
8452.87	1.9568698829431441
8454.53	1.3461438829431447
8456.2	1.1362150829431445
8457.87	0.5809978829431446
8459.54	0.6462438829431444
8461.2	0.43216358294314466
8462.87	0.7413430829431445
8464.54	0.5804793829431443
8466.21	0.7719062829431443
8467.88	0.5638548429431446
8469.54	0.924988392943144
8471.21	0.9868594829431444
8472.88	1.4303418829431447
8474.55	1.2182798829431445
8476.22	1.1760838829431446
8477.88	0.5702718829431445
8479.55	0.5881158829431444
8481.22	0.30511138294314444
8482.89	0.7723079829431445
8484.56	0.9045250829431444
8486.22	1.6260328829431443
8487.89	1.4632478829431446
8489.56	1.7447048829431444
8491.23	1.4644528829431447
8492.89	1.6539878829431445
8494.56	1.3732488829431442
8496.23	1.4733678829431445
8497.9	1.0077058829431444
8499.57	1.1260678829431445
8501.23	0.5271728829431446
8502.9	0.6107028829431443
8504.57	0.2749378829431445
8506.24	0.6177878829431442
8507.91	0.3978698829431445
8509.57	0.6492548829431443
8511.24	0.27639788294314444
8512.91	0.5315954829431444
8514.58	0.37010168294314455
8516.25	0.7899734829431443
8517.91	0.8022388829431442
8519.58	1.3698018829431444
8521.25	1.2128258829431444
8522.92	1.480506882943144
8524.58	1.0554438829431445
8526.25	1.1240328829431445
8527.92	0.8346269829431445
8529.59	1.0808298829431444
8531.26	0.9668998829431441
8532.92	1.3496298829431441
8534.59	1.0810648829431444
8536.26	1.1828338829431444
8537.93	0.6846248829431447
8539.6	0.7697785829431446
8541.26	0.3341355829431445
8542.93	0.6242764829431443
8544.6	0.43975588294314444
8546.27	0.8011648829431441
8547.93	0.7479438829431444
8549.6	1.2159478829431445
8551.27	1.0647468829431446
8552.94	1.5561668829431448
8554.61	1.383883882943144
8556.27	1.7661488829431442
8557.94	1.6217018829431447
8559.61	1.9114308829431448
8561.28	1.7093378829431447
8562.95	1.8081398829431443
8564.61	1.2190858829431446
8566.28	1.2631668829431444
8567.95	0.8800988829431443
8569.62	1.2327968829431444
8571.29	1.2177418829431443
8572.95	1.6607208829431446
8574.62	1.4982614829431442
8576.29	1.5883712829431447
8577.96	0.9286440829431445
8579.62	0.9068298829431441
8581.29	0.5142648829431444
8582.96	0.7996958829431445
8584.63	0.8160448829431444
8586.3	1.3812558829431445
8587.96	1.4292338829431444
8589.63	1.8683778829431443
8591.3	1.5593748829431449
8592.97	1.533678882943144
8594.64	0.7789418829431447
8596.3	0.6488838829431443
8597.97	0.07962688294314457
8599.64	0.44359888294314465
8601.31	0.39891588294314423
8602.98	0.9562022829431441
8604.64	0.8449937829431446
8606.31	1.1239115829431445
8607.98	0.6034316829431443
8609.65	0.7609025829431446
8611.31	0.45508048294314457
8612.98	0.9658289829431446
8614.65	0.8573490829431446
8616.32	1.2033095829431444
8617.99	0.9939941829431447
8619.65	1.2960360829431445
8621.32	1.0420206829431442
8622.99	1.2884428829431447
8624.66	0.9059018829431444
8626.33	1.1239768829431447
8627.99	0.7131398829431446
8629.66	0.7847858829431444
8631.33	0.5271051829431446
8633.0	0.9842055829431449
8634.67	0.9423144829431445
8636.33	1.4670748829431446
8638.0	1.1501248829431445
8639.67	1.4039438829431443
8641.34	0.8684928829431444
8643.0	0.8256498829431445
8644.67	0.4234758829431445
8646.34	0.7789998829431445
8648.01	0.6849788829431444
8649.68	1.3042038829431444
8651.34	1.1385568829431443
8653.01	1.5371398829431442
8654.68	1.1363518829431447
8656.35	1.2750468829431445
8658.02	1.0108058829431443
8659.68	1.315118882943144
8661.35	1.0841618829431443
8663.02	1.4833598829431442
8664.69	1.1667646829431442
8666.36	1.3930768829431446
8668.02	0.9374938829431441
8669.69	1.0226788829431444
8671.36	0.7589078829431445
8673.03	1.0634638829431444
8674.69	0.8962488829431446
8676.36	1.3167048829431443
8678.03	1.0384183829431446
8679.7	1.2012337829431445
8681.37	0.6894059829431445
8683.03	0.6784089829431446
8684.7	0.05804768294314426
8686.37	0.18142578294314418
8688.04	-0.23711991705685548
8689.71	-0.08574531705685566
8691.37	-0.37475561705685545
8693.04	0.0827232829431446
8694.71	0.057111182943144434
8696.38	0.6664288829431446
8698.04	0.6646438829431442
8699.71	1.2222878829431443
8701.38	1.0432918829431443
8703.05	1.2396278829431444
8704.72	0.7679298829431442
8706.38	0.8212708829431445
8708.05	0.46803988294314447
8709.72	0.6992668829431444
8711.39	0.6408838829431444
8713.06	1.3644328829431445
8714.72	1.3817698829431446
8716.39	1.8543578829431446
8718.06	1.4971458829431445
8719.73	1.6170538829431442
8721.4	1.188923882943144
8723.06	1.3848675829431447
8724.73	1.0749231829431447
8726.4	1.3186739129431446
8728.07	0.8853341829431445
8729.73	0.9325088829431444
8731.4	0.3416268829431444
8733.07	0.5839878829431443
8734.74	0.5165638829431447
8736.41	1.1062178829431444
8738.07	1.0756858829431444
8739.74	1.3590298829431444
8741.41	1.0825227829431445
8743.08	1.1477798829431447
8744.75	0.6011945829431445
8746.41	0.6152388829431443
8748.08	0.08340858294314471
8749.75	0.1365950829431446
8751.42	-0.22653441705685556
8753.09	0.10904828294314442
8754.75	0.16391688294314435
8756.42	0.7711190829431444
8758.09	0.7929868829431443
8759.76	1.2351788829431443
8761.42	0.9853238829431445
8763.09	1.2008468829431442
8764.76	0.8810978829431443
8766.43	1.0950538829431447
8768.1	0.7679858829431442
8769.76	1.1433698829431447
8771.43	1.0400008829431444
8773.1	1.3794808829431446
8774.77	0.9580878829431445
8776.44	0.8985758829431445
8778.1	0.25153848294314446
8779.77	0.3016842829431443
8781.44	0.0017378829431446085
8783.11	0.46205278294314434
8784.78	0.5138961829431445
8786.44	0.9704903829431446
8788.11	0.8391588829431443
8789.78	1.2551728829431448
8791.45	1.1407198829431446
8793.11	1.5411918829431446
8794.78	1.3892818829431444
8796.45	1.463620382943144
8798.12	1.0177623829431446
8799.79	1.0219828829431445
8801.45	0.6130208829431442
8803.12	1.0171448829431449
8804.79	0.9513868829431443
8806.46	1.3857198829431447
8808.13	1.2794208829431446
8809.79	1.5058288829431443
8811.46	1.1307658829431446
8813.13	1.1489378829431447
8814.8	0.6191698829431445
8816.47	0.7614388829431445
8818.13	0.5523968829431445
8819.8	0.8380458829431443
8821.47	0.6500528829431444
8823.14	0.9347418829431445
8824.8	0.6447128829431443
8826.47	0.6817148829431444
8828.14	0.23060488294314457
8829.81	0.42567888294314427
8831.48	0.32353288294314453
8833.14	0.7752288829431445
8834.81	0.6590588829431444
8836.48	1.0407268829431442
8838.15	0.7888738829431443
8839.82	1.0643198829431442
8841.48	0.6925108829431446
8843.15	1.0429558829431442
8844.82	1.0950418829431445
8846.49	1.7286838829431446
8848.16	1.5899118829431442
8849.82	1.8384088829431444
8851.49	1.3305548829431446
8853.16	1.3619078829431444
8854.83	0.7847608829431442
8856.49	0.8825878829431444
8858.16	0.6276748829431444
8859.83	1.0403648829431442
8861.5	0.7380368829431444
8863.17	0.8751958829431444
8864.83	0.5719979829431445
8866.5	0.7251728829431445
8868.17	0.4090798829431443
8869.84	0.6254528829431443
8871.51	0.3612188829431444
8873.17	0.6564408829431445
8874.84	0.5732048829431445
8876.51	0.9569238829431443
8878.18	1.0163968829431442
8879.84	1.4626858829431444
8881.51	1.4909958829431444
8883.18	1.9353438829431446
8884.85	1.6746708829431447
8886.52	1.8190838829431446
8888.18	1.4542928829431445
8889.85	1.6316541829431443
8891.52	1.4179160829431445
8893.19	1.8034861829431446
8894.86	1.6425935429431449
8896.52	2.0526102829431445
8898.19	1.5280358829431444
8899.86	1.5614248829431445
8901.53	0.9355058829431446
8903.2	0.9342428829431444
8904.86	0.5500458829431444
8906.53	0.8333868829431447
8908.2	0.5789442829431444
8909.87	0.9422461829431443
8911.53	0.6111767829431444
8913.2	1.1646179829431447
8914.87	1.0758649829431446
8916.54	1.4501618829431444
8918.21	1.1837858829431445
8919.87	1.2520678829431444
8921.54	0.7194238829431444
8923.21	0.7682618829431445
8924.88	0.29795088294314465
8926.55	0.8485648829431444
8928.21	0.9556488829431444
8929.88	1.6706598829431445
8931.55	1.722974882943144
8933.22	2.0235488829431447
8934.89	1.4665348829431448
8936.55	1.2687698829431446
8938.22	0.5515303829431443
8939.89	0.7211286829431446
8941.56	0.6285526829431445
8943.22	1.3233788829431445
8944.89	1.4051120829431443
8946.56	1.7826154829431444
8948.23	1.4315838029431445
8949.9	1.3271316129431445
8951.56	0.7434313629431445
8953.23	0.8305163829431443
8954.9	0.4647328829431444
8956.57	0.8935888829431444
8958.24	0.7995628829431445
8959.9	1.2060678829431446
8961.57	1.0588818829431443
8963.24	1.2758418829431446
8964.91	0.8070228829431443
8966.58	0.9273228829431442
8968.24	0.5394588829431446
8969.91	0.8514408829431442
8971.58	0.7708638829431445
8973.25	1.2172388829431446
8974.91	1.0894838829431444
8976.58	1.4222688829431445
8978.25	1.2482328829431446
8979.92	1.5702578829431446
8981.59	1.4788868829431443
8983.25	1.7652598829431443
8984.92	1.4635298829431445
8986.59	1.4781848829431445
8988.26	0.9203378829431443
8989.93	0.9462738829431444
8991.59	0.5624828829431444
8993.26	0.8116078829431442
8994.93	0.5097818829431449
8996.6	0.8040998829431445
8998.27	0.4332328829431444
8999.93	0.8514158829431444
9001.6	0.5575938829431444
9003.27	0.8996298829431444
9004.94	0.5732998829431445
9006.6	0.7554208829431446
9008.27	0.3009678829431445
9009.94	0.5692878829431446
9011.61	0.29348788294314476
9013.28	0.7376958829431443
9014.94	0.4702128829431446
9016.61	0.6975258829431448
9018.28	0.42365088294314457
9019.95	0.6986058829431443
9021.62	0.5361958829431444
9023.28	0.9201788829431445
9024.95	0.8486308829431447
9026.62	1.2407718829431444
9028.29	1.1256388829431445
9029.96	1.5013948829431443
9031.62	1.2044548829431445
9033.29	1.3420668829431444
9034.96	0.7447198829431444
9036.63	0.6491898829431444
9038.29	0.27218888294314436
9039.96	0.45080888294314436
9041.63	0.37527388294314445
9043.3	0.8136478829431446
9044.97	0.5505068829431442
9046.63	0.8213318829431442
9048.3	0.48349488294314424
9049.97	0.7470348829431445
9051.64	0.5344578829431444
9053.31	0.8000928829431446
9054.97	0.5035178829431446
9056.64	0.8096188829431442
9058.31	0.5151108829431446
9059.98	0.7968248829431446
9061.64	0.5544068829431448
9063.31	0.8192158829431442
9064.98	0.5182868829431445
9066.65	0.7671448829431444
9068.32	0.4758868829431446
9069.98	0.7574818829431443
9071.65	0.44173088294314444
9073.32	0.5306118829431445
9074.99	0.20639388294314437
9076.66	0.3824258829431444
9078.32	0.08364288294314441
9079.99	0.42677688294314453
9081.66	0.3855428829431446
9083.33	0.8487168829431445
9085.0	0.8291478829431445
9086.66	1.1099698829431446
9088.33	0.8776028829431443
9090.0	1.1985598829431443
9091.67	1.0434278829431443
9093.33	1.3961918829431446
9095.0	1.1062068829431442
9096.67	1.3088058829431444
9098.34	0.8137464829431446
9100.01	0.7177594829431444
9101.67	0.2573191829431444
9103.34	0.5187016829431444
9105.01	0.43738638294314436
9106.68	0.9968600829431443
9108.35	0.7853661829431446
9110.01	1.1363698829431443
9111.68	0.8858368829431444
9113.35	1.0808668829431445
9115.02	0.7671078829431446
9116.69	1.1018558829431442
9118.35	0.8367208829431443
9120.02	1.3633448829431445
9121.69	1.2038808829431442
9123.36	1.4308158829431445
9125.02	1.0546908829431445
9126.69	1.0924888829431445
9128.36	0.5876578829431444
9130.03	0.8302488829431443
9131.7	0.6493588829431445
9133.36	1.2647718829431442
9135.03	1.3076848829431447
9136.7	1.6117248829431445
9138.37	1.1213308829431445
9140.04	1.1613618829431447
9141.7	0.6731395829431446
9143.37	0.8493247829431443
9145.04	0.6102574029431447
9146.71	0.9583026829431442
9148.38	0.6092508829431444
9150.04	0.8710108829431444
9151.71	0.5500169829431445
9153.38	0.7303218829431446
9155.05	0.5963979829431445
9156.71	0.9167434829431441
9158.38	0.6102292829431442
9160.05	1.0856479229431444
9161.72	0.9874814929431446
9163.39	1.4712364829431444
9165.05	1.6018938829431442
9166.72	1.9594848829431442
9168.39	1.7999588829431445
9170.06	2.0375358829431445
9171.73	1.6858508829431442
9173.39	1.7533278829431445
9175.06	1.2043988829431447
9176.73	1.1066338829431444
9178.4	0.5791002829431445
9180.07	0.7943576829431446
9181.73	0.7248421829431445
9183.4	1.3173309829431443
9185.07	1.4316816829431445
9186.74	1.8964326829431446
9188.4	1.5344377829431441
9190.07	1.7813752829431444
9191.74	1.4647257829431446
9193.41	1.8924808829431445
9195.08	1.6451148829431446
9196.74	1.9471748829431448
9198.41	1.4121748829431444
9200.08	1.2214323829431444
9201.75	0.5322009829431446
9203.42	0.5884782829431445
9205.08	0.20419188294314453
9206.75	0.6583384329431443
9208.42	0.3038712829431443
9210.09	0.6363022829431444
9211.76	0.26833268294314455
9213.42	0.3006751829431445
9215.09	0.022523882943144537
9216.76	0.46566788294314454
9218.43	0.32107488294314424
9220.09	1.0236448829431446
9221.76	0.9424308829431446
9223.43	1.4746168829431447
9225.1	1.5484248829431446
9226.77	2.0741308829431446
9228.43	1.9537255829431444
9230.1	2.3790009829431447
9231.77	1.9711976829431443
9233.44	2.0748664829431447
9235.11	1.5287439329431445
9236.77	1.4889857829431445
9238.44	1.1983198829431445
9240.11	1.5797278829431447
9241.78	1.4237508829431447
9243.44	1.8181323829431448
9245.11	1.7282508829431449
9246.78	2.1051828829431445
9248.45	1.7898868829431442
9250.12	1.7032898829431447
9251.78	1.0839848829431442
9253.45	1.0416308829431442
9255.12	0.6069398829431444
9256.79	0.9300378829431446
9258.46	0.7681348829431446
9260.12	1.2612098829431446
9261.79	1.3704248829431445
9263.46	1.8384958829431448
9265.13	1.747097882943144
9266.8	2.2123708829431443
9268.46	1.7267088829431443
9270.13	1.6649458829431443
9271.8	0.8454678829431443
9273.47	0.7343558829431446
9275.13	0.3815968829431443
9276.8	0.7382318829431443
9278.47	0.5708078829431444
9280.14	0.9082938829431443
9281.81	0.46878328294314464
9283.47	0.6280278829431445
9285.14	0.2307978829431443
9286.81	0.6465928829431448
9288.48	0.5826358829431445
9290.15	1.0635798829431446
9291.81	0.9890278829431443
9293.48	1.3212858829431444
9295.15	1.0878048829431448
9296.82	1.5544178829431445
9298.49	1.5528158829431447
9300.15	2.2568118829431443
9301.82	2.295634882943144
9303.49	2.9188268829431445
9305.16	2.9072128829431447
9306.82	3.301524882943144
9308.49	2.902089882943144
9310.16	2.8178888829431443
9311.83	2.1466478829431446
9313.5	2.1761088829431445
9315.16	1.6891278829431442
9316.83	2.0797978829431445
9318.5	1.9901688829431443
9320.17	2.2777998829431447
9321.84	1.8110018829431447
9323.5	1.7570328829431445
9325.17	1.2265183729431446
9326.84	1.4153181829431443
9328.51	1.0787038829431446
9330.18	1.4555811829431444
9331.84	1.3106172829431446
9333.51	1.6184008829431449
9335.18	1.2020048829431447
9336.85	1.1934758829431444
9338.51	0.6544549829431445
9340.18	0.6889969829431444
9341.85	0.22160388294314468
9343.52	0.6382558829431443
9345.19	0.5029858829431445
9346.85	0.8588728829431446
9348.52	0.6206978829431447
9350.19	0.7128928829431445
9351.86	0.3409728829431443
9353.53	0.7178168829431446
9355.19	0.5339053829431444
9356.86	0.9892528829431443
9358.53	1.0223548829431444
9360.2	1.4364158829431442
9361.87	1.3609738829431446
9363.53	1.8296128829431446
9365.2	1.814229882943144
9366.87	2.201770882943144
9368.54	1.9423218829431448
9370.2	2.0687398829431443
9371.87	1.4896338829431444
9373.54	1.2582068829431443
9375.21	0.6183858829431443
9376.88	0.5859488829431443
9378.54	0.08132188294314453
9380.21	0.2201858829431444
9381.88	-0.10917311705685542
9383.55	0.5363328829431445
9385.22	0.6348058829431447
9386.88	1.2811588829431444
9388.55	1.4355238829431443
9390.22	1.9517698829431445
9391.89	1.6771488829431447
9393.56	1.7818798829431444
9395.22	1.2727908829431445
9396.89	1.4543248829431445
9398.56	1.0272058829431443
9400.23	1.2566728829431444
9401.89	1.1196508829431444
9403.56	1.6364138829431447
9405.23	1.6265268829431445
9406.9	2.0879018829431444
9408.57	2.035666882943145
9410.23	2.263030882943144
9411.9	1.7395768829431446
9413.57	1.7302288829431447
9415.24	1.1830068829431444
9416.91	1.3446228829431444
9418.57	1.0436228829431444
9420.24	1.1227078829431447
9421.91	0.6744288829431445
9423.58	0.7556298829431443
9425.24	0.33257588294314433
9426.91	0.5744038829431446
9428.58	0.6069118829431447
9430.25	1.2178378829431444
9431.92	1.2374198829431444
9433.58	1.635268882943145
9435.25	1.1495338829431445
9436.92	1.3682488829431443
9438.59	1.1955998829431445
9440.26	1.4321888829431444
9441.92	1.3211638829431442
9443.59	1.706383882943144
9445.26	1.3332118829431443
9446.93	1.5706468829431444
9448.6	0.9080468829431443
9450.26	0.8824328829431446
9451.93	0.44377688294314455
9453.6	0.41385588294314424
9455.27	0.16507268294314445
9456.93	0.7083272829431445
9458.6	0.7393982829431446
9460.27	1.4116298829431444
9461.94	1.4470918829431443
9463.61	1.9071308829431444
9465.27	1.6813748829431447
9466.94	1.8478118829431445
9468.61	1.2396858829431445
9470.28	1.2333108829431445
9471.95	0.6959607829431445
9473.61	0.8574364829431447
9475.28	0.9180683829431444
9476.95	1.7558688829431444
9478.62	1.8187878829431448
9480.29	2.408326882943145
9481.95	2.0363128829431445
9483.62	1.9912448829431448
9485.29	1.4253198829431448
9486.96	1.3622718829431446
9488.62	0.6658598829431444
9490.29	0.7665818829431446
9491.96	0.3364488829431442
9493.63	0.8957558829431445
9495.3	1.1738318829431447
9496.96	1.6869778829431445
9498.63	1.4718388829431444
9500.3	1.4789168829431445
9501.97	0.6790188829431444
9503.64	0.6602358829431444
9505.3	0.4126728829431444
9506.97	1.0005068829431447
9508.64	1.1406778829431445
9510.31	1.6837728829431442
9511.98	1.6262018829431448
9513.64	1.8934238829431442
9515.31	1.5875338829431447
9516.98	1.7300318829431451
9518.65	1.2827198829431443
9520.31	1.4128238829431443
9521.98	0.9828638829431446
9523.65	1.2586548829431448
9525.32	0.947090882943144
9526.99	1.3172208829431442
9528.65	1.1298302829431444
9530.32	1.4652692829431444
9531.99	1.2925255429431441
9533.66	1.4912099829431447
9535.33	1.1505128829431446
9536.99	1.5050698829431446
9538.66	1.1513198829431446
9540.33	1.4551846629431444
9542.0	1.2270105829431446
9543.67	1.4347638829431446
9545.33	1.1781728829431444
9547.0	1.3767898829431442
9548.67	0.9862868829431441
9550.34	1.4081758829431446
9552.0	1.1758308829431443
9553.67	1.5733608829431442
9555.34	1.4063268829431446
9557.01	1.5773028829431446
9558.68	1.0753726829431445
9560.34	1.0491651729431444
9562.01	0.5505292829431444
9563.68	1.2183730829431445
9565.35	1.4330055829431447
9567.02	2.2072898829431447
9568.68	2.0581148829431446
9570.35	1.9823297829431445
9572.02	1.2391043529431442
9573.69	1.0408175829431443
9575.35	0.5639330829431444
9577.02	0.8363929269431445
9578.69	0.8062876829431446
9580.36	1.1342368829431444
9582.03	0.9584388829431445
9583.69	1.3136318829431444
9585.36	1.2398558829431443
9587.03	1.6668572829431447
9588.7	1.6286565829431445
9590.37	1.8429169829431444
9592.03	1.6734223829431443
9593.7	1.8665520829431448
9595.37	1.3973448829431445
9597.04	1.4775398829431443
9598.71	0.8747848829431447
9600.37	0.7262918829431445
9602.04	0.3329318829431446
9603.71	0.5219538829431445
9605.38	0.4126878829431443
9607.04	1.2234798829431448
9608.71	1.2103608829431445
9610.38	1.5231178829431444
9612.05	1.0758599829431443
9613.72	0.9595812829431447
9615.38	0.5150655829431442
9617.05	0.8733818829431442
9618.72	0.9074418829431448
9620.39	1.7185789829431446
9622.06	1.807270882943144
9623.72	2.170821882943144
9625.39	1.9129348829431443
9627.06	2.1251558829431447
9628.73	1.7650688829431445
9630.4	1.8621578829431442
9632.06	1.4586038829431445
9633.73	1.5471718829431442
9635.4	1.0858064829431444
9637.07	1.1971218829431443
9638.73	0.8945966829431443
9640.4	1.0726278829431444
9642.07	0.9066488829431446
9643.74	1.1538538829431444
9645.41	0.9168288829431444
9647.07	1.1368738829431444
9648.74	0.7720538829431443
9650.41	0.9641718829431447
9652.08	0.7981908829431443
9653.75	1.0192818829431445
9655.41	1.0402868829431444
9657.08	1.4984428829431446
9658.75	1.3392348829431446
9660.42	1.6134898829431445
9662.09	1.2478978829431442
9663.75	1.4211248829431447
9665.42	1.071287882943144
9667.09	1.1880428829431444
9668.76	0.9889388829431442
9670.42	1.1864078829431444
9672.09	1.0025948829431441
9673.76	1.2482928829431446
9675.43	0.9206670829431447
9677.1	1.0687933829431442
9678.76	0.4833144829431446
9680.43	0.46207288294314414
9682.1	0.2183188829431443
9683.77	0.6263088829431445
9685.44	0.6954518829431444
9687.1	1.2910758829431441
9688.77	1.3311318829431442
9690.44	1.681013882943144
9692.11	1.3432588829431447
9693.78	1.5262978829431446
9695.44	1.1229878829431446
9697.11	1.4417208829431447
9698.78	1.1169508829431445
9700.45	1.6518468829431447
9702.11	1.7469078829431441
9703.78	2.3975368829431445
9705.45	2.234201882943144
9707.12	2.3170998829431446
9708.79	1.9139478829431442
9710.45	2.1879848829431445
9712.12	1.7138978829431448
9713.79	1.9675258829431441
9715.46	1.3073238829431446
9717.13	1.1787798829431444
9718.79	0.5948169829431442
9720.46	0.6742968829431446
9722.13	0.5476978829431444
9723.8	1.3047830829431444
9725.47	1.4499449829431446
9727.13	1.8826778829431448
9728.8	1.6606708829431445
9730.47	1.9374838829431442
9732.14	1.4982069829431448
9733.8	1.7119063829431447
9735.47	1.166520342943144
9737.14	1.3428717829431447
9738.81	1.1685193829431448
9740.48	1.5521828829431445
9742.14	1.3513068829431445
9743.81	1.9000888829431446
9745.48	1.6368038829431444
9747.15	1.9303808829431446
9748.82	1.3819882829431445
9750.48	1.5369206829431445
9752.15	0.8736352829431444
9753.82	0.8682881829431445
9755.49	0.3099748829431444
9757.15	0.5158978829431444
9758.82	0.26168488294314474
9760.49	0.8058628829431441
9762.16	0.7326672829431444
9763.83	1.4552974829431449
9765.49	1.4099758829431446
9767.16	1.6760948829431446
9768.83	1.2449648829431443
9770.5	1.4097138829431444
9772.17	0.9804668829431445
9773.83	1.1656668829431445
9775.5	1.0142808829431444
9777.17	1.4461025829431446
9778.84	1.4608838829431443
9780.51	1.983173882943144
9782.17	2.0096938829431443
9783.84	2.413473882943144
9785.51	2.102276882943144
9787.18	2.068745882943144
9788.84	1.5241928829431441
9790.51	1.4931578829431447
9792.18	1.2379208829431447
9793.85	1.650467882943144
9795.52	1.4735968829431445
9797.18	1.6337088829431443
9798.85	1.2157268829431445
9800.52	1.4157588829431442
9802.19	1.2720738829431444
9803.86	1.6042748829431446
9805.52	1.3797018829431447
9807.19	1.6685968829431446
9808.86	1.2409108829431446
9810.53	1.1265508829431439
9812.2	0.8217778829431447
9813.86	1.2331838829431447
9815.53	1.2716658829431444
9817.2	1.9287148829431449
9818.87	2.0054988829431446
9820.53	2.5296618829431443
9822.2	2.4386768829431444
9823.87	2.5928128829431443
9825.54	2.1925331829431443
9827.21	2.3166142829431444
9828.87	2.043270882943145
9830.54	2.3265838829431447
9832.21	2.1438668829431444
9833.88	2.4736248829431444
9835.55	2.1008748829431445
9837.21	2.097483882943144
9838.88	1.3709018829431443
9840.55	1.0887128829431445
9842.22	0.5249008829431445
9843.89	0.7352408829431444
9845.55	0.7446588829431444
9847.22	1.2999368829431444
9848.89	1.3065148829431446
9850.56	1.6065018829431446
9852.22	1.1722028829431443
9853.89	1.3809688829431446
9855.56	1.1445297829431444
9857.23	1.4100813829431444
9858.9	1.3812992829431443
9860.56	1.7358908829431443
9862.23	1.6012188829431444
9863.9	1.9321948829431441
9865.57	1.9045678829431445
9867.24	2.2172648829431445
9868.9	2.117809882943144
9870.57	2.2445588829431444
9872.24	1.9174941829431447
9873.91	2.0779510829431445
9875.58	1.6915038829431441
9877.24	1.6563248829431445
9878.91	1.2670188829431441
9880.58	1.2293418829431446
9882.25	0.8047858829431445
9883.91	1.0979148829431447
9885.58	1.0340946829431445
9887.25	1.7003408829431443
9888.92	1.7223338829431445
9890.59	2.2618138829431444
9892.25	2.1509298829431445
9893.92	2.5499978829431447
9895.59	2.282744882943144
9897.26	2.5347908829431445
9898.93	2.168072882943144
9900.59	2.3543938829431448
9902.26	1.836081882943144
9903.93	2.025781882943144
9905.6	1.8934678829431448
9907.27	2.407132882943144
9908.93	2.3648217829431446
9910.6	2.522904742943145
9912.27	2.043380882943145
9913.94	1.8190388829431445
9915.6	1.1951508829431448
9917.27	1.1624968829431441
9918.94	0.8282008829431448
9920.61	1.0783818829431444
9922.28	0.8013798829431448
9923.94	1.0996694829431441
9925.61	1.2029668829431446
9927.28	1.6181098829431448
9928.95	1.6393538829431442
9930.62	1.944103882943145
9932.28	1.4696738829431446
9933.95	1.6638548829431439
9935.62	1.2068248829431445
9937.29	1.4270818829431444
9938.95	1.3616376429431443
9940.62	1.6410966829431448
9942.29	1.0169318829431444
9943.96	1.0102099829431448
9945.63	0.2543164829431445
9947.29	0.5376914829431444
9948.96	0.4493962829431446
9950.63	1.1330871829431444
9952.3	1.347290682943145
9953.97	2.0170133829431443
9955.63	1.6740436129431449
9957.3	1.8195101829431448
9958.97	1.2374098829431446
9960.64	1.3793608829431443
9962.31	1.1482248829431445
9963.97	1.5099668829431445
9965.64	1.4066884829431445
9967.31	1.6455513829431443
9968.98	1.2660583829431447
9970.64	1.2013108829431445
9972.31	0.6638888829431442
9973.98	0.6130409829431446
9975.65	0.3289464829431443
9977.32	0.7374620829431443
9978.98	0.6049327829431445
9980.65	0.9113674829431446
9982.32	0.7283798829431445
9983.99	0.8544278829431441
9985.66	0.7376888829431445
9987.32	1.1138538829431441
9988.99	1.2077758829431444
9990.66	1.9137608829431447
9992.33	2.0681897829431444
9994.0	2.3443335829431446
9995.66	1.8473116829431444
9997.33	1.6388378829431443
9999.0	0.8816491829431445
10000.7	0.7646023829431445
10002.3	0.5414970829431446
10004.0	0.9378816829431441
10005.7	1.1140619829431442
10007.3	1.8107200829431445
10009.0	1.658472882943144
10010.7	1.8670948829431446
10012.3	1.2183148829431443
10014.0	0.9972318829431442
10015.7	0.3787958829431444
10017.3	0.5697608829431445
10019.0	0.5613158829431443
10020.7	1.5207428829431444
10022.3	1.6763268829431446
10024.0	2.057593882943145
10025.7	1.6393368829431445
10027.4	1.6121588829431446
10029.0	0.9100014829431444
10030.7	0.7874257829431445
10032.4	0.09603538294314432
10034.0	0.3315587829431445
10035.7	0.20682088294314466
10037.4	0.9000068829431445
10039.0	1.2901528829431446
10040.7	2.132422882943145
10042.4	1.9716398829431445
10044.0	2.068360882943144
10045.7	1.4112948829431444
10047.4	1.3328358829431446
10049.0	0.8111748829431444
10050.7	1.1537058829431444
10052.4	0.9632051829431443
10054.0	1.6587258829431444
10055.7	1.5814832829431444
10057.4	2.133315882943144
10059.0	2.1065158829431447
10060.7	2.5869208829431445
10062.4	2.4457308829431446
10064.0	3.053971882943144
10065.7	2.7893198829431447
10067.4	3.0955488829431443
10069.1	2.449619882943145
10070.7	2.4910278829431443
10072.4	2.0633718829431444
10074.1	2.3564458829431443
10075.7	2.3848828829431445
10077.4	2.828841882943144
10079.1	2.438750882943145
10080.7	2.5274148829431446
10082.4	1.8897108829431446
10084.1	1.9897618829431445
10085.7	1.6740828829431442
10087.4	1.941114882943144
10089.1	1.7848028829431442
10090.7	2.1071898829431444
10092.4	1.7990298829431446
10094.1	2.0698548829431442
10095.7	1.8004408829431444
10097.4	1.9676058829431446
10099.1	1.6042358829431447
10100.7	1.7421428829431445
10102.4	1.4099758829431444
10104.1	1.9451188829431445
10105.7	1.9683174829431445
10107.4	2.480903882943145
10109.1	2.2942098829431443
10110.7	2.208895882943145
10112.4	1.4529708829431442
10114.1	1.0473368829431444
10115.8	0.11923688294314436
10117.4	0.21295318294314436
10119.1	-0.022132017056855614
10120.8	0.2598868829431444
10122.4	0.3157088829431445
10124.1	1.0046626829431442
10125.8	1.1372772829431443
10127.4	1.7300018829431445
10129.1	1.6164408829431445
10130.8	1.7736308829431444
10132.4	1.3038748829431446
10134.1	1.4184368829431446
10135.8	1.3765248829431445
10137.4	2.1165688829431444
10139.1	2.4091538829431443
10140.8	2.9011348829431447
10142.4	2.4860288829431445
10144.1	2.1327728829431445
10145.8	1.2356845829431442
10147.4	0.9781829829431444
10149.1	0.5437148729431446
10150.8	0.5928836829431446
10152.4	0.3138428829431444
10154.1	0.6344638829431446
10155.8	0.5061438829431443
10157.4	0.5320278829431446
10159.1	0.2592668829431443
10160.8	0.5046928829431445
10162.5	0.4930538829431443
10164.1	1.1084098829431448
10165.8	1.4991278829431445
10167.5	2.185048882943144
10169.1	2.092098582943144
10170.8	2.0556060829431444
10172.5	1.3316504829431444
10174.1	1.1843178829431447
10175.8	0.7033948829431449
10177.5	0.8551408829431445
10179.1	0.45555388294314464
10180.8	0.6023818829431444
10182.5	0.04358288294314443
10184.1	0.16370988294314454
10185.8	0.1637928829431444
10187.5	0.6404968829431444
10189.1	0.6401158829431444
10190.8	1.1419298829431441
10192.5	0.9043488829431446
10194.1	1.1358668829431444
10195.8	0.7868038829431445
10197.5	1.043415882943144
10199.1	1.152209782943144
10200.8	1.735087782943144
10202.5	1.5778583829431445
10204.1	1.9466258829431442
10205.8	1.6091138829431446
10207.5	1.8121928829431444
10209.2	1.3906458829431445
10210.8	1.6821328829431443
10212.5	1.7394048829431443
10214.2	2.461602882943145
10215.8	2.3251258829431447
10217.5	2.6651018829431443
10219.2	2.2326038829431445
10220.8	2.1218818829431445
10222.5	1.1666118829431442
10224.2	0.8597008829431443
10225.8	0.3971550629431446
10227.5	0.7725457929431445
10229.2	0.8148274829431446
10230.8	1.2519376829431446
10232.5	1.0731378829431446
10234.2	1.2857918829431445
10235.8	0.7361328829431442
10237.5	0.9132708829431447
10239.2	0.7205442829431444
10240.8	1.2600728829431445
10242.5	1.6410648829431445
10244.2	2.3469048829431447
10245.8	2.6307258829431444
10247.5	3.160401882943145
10249.2	2.625893882943145
10250.9	2.3352488829431444
10252.5	1.3467048829431443
10254.2	1.0768798829431445
10255.9	0.7879747829431446
10257.5	1.2460828829431443
10259.2	1.3494066829431446
10260.9	1.8469578829431448
10262.5	1.4651658829431442
10264.2	1.4516398829431443
10265.9	0.7596058829431445
10267.5	0.7482548829431445
10269.2	0.28339388294314455
10270.9	0.7018458829431445
10272.5	0.8342988829431445
10274.2	1.4621088829431443
10275.9	1.3562908829431446
10277.5	1.6446718829431444
10279.2	1.0824774829431445
10280.9	1.3071018829431442
10282.5	1.0230948829431443
10284.2	1.5373774829431446
10285.9	1.5687835829431447
10287.5	2.1401578829431442
10289.2	1.9559648829431446
10290.9	2.359821882943144
10292.5	2.083504882943145
10294.2	2.400805882943144
10295.9	2.0066878829431447
10297.6	2.081322882943145
10299.2	1.4824508829431442
10300.9	1.5227058829431441
10302.6	1.0379018829431446
10304.2	1.2746828829431442
10305.9	1.4937728829431443
10307.6	2.126447882943144
10309.2	2.150835882943144
10310.9	2.5191428829431453
10312.6	2.0957098829431438
10314.2	2.3400718829431444
10315.9	1.9889578829431442
10317.6	2.1164828829431444
10319.2	1.8356378829431441
10320.9	1.759360882943144
10322.6	1.0194538829431443
10324.2	1.2064688829431447
10325.9	1.0363798829431445
10327.6	2.006283882943145
10329.2	2.5398125829431444
10330.9	3.280096882943144
10332.6	3.2086028829431443
10334.2	3.2993758829431443
10335.9	2.595688882943145
10337.6	2.536141482943145
10339.2	2.0066020829431443
10340.9	2.0404197829431445
10342.6	1.5788240829431448
10344.3	1.8500349829431442
10345.9	1.5673154229431443
10347.6	1.9979105629431448
10349.3	1.7792340829431446
10350.9	2.1370338829431446
10352.6	1.8667961829431445
10354.3	2.2440967829431444
10355.9	1.958580682943144
10357.6	2.568046882943144
10359.3	2.377027882943145
10360.9	2.8109348829431444
10362.6	2.3739778829431444
10364.3	2.455894882943144
10365.9	1.9767258829431449
10367.6	2.0553928829431443
10369.3	1.7396235829431443
10370.9	2.1092763829431447
10372.6	1.7911288829431444
10374.3	2.0037038829431446
10375.9	1.8235648829431443
10377.6	2.038216882943144
10379.3	1.7748498829431445
10380.9	2.098952882943144
10382.6	2.072452882943144
10384.3	2.6327948829431445
10385.9	2.7343868829431446
10387.6	2.9343578829431443
10389.3	2.6582718829431444
10391.0	2.583729882943144
10392.6	1.8157351829431447
10394.3	1.7903032829431447
10396.0	1.6014289829431447
10397.6	2.204857882943144
10399.3	2.423339082943145
10401.0	2.9600628829431446
10402.6	2.8883248829431443
10404.3	2.9784338829431443
10406.0	2.2497458829431447
10407.6	1.9854028829431443
10409.3	1.1746808829431443
10411.0	1.2147208829431446
10412.6	0.8585968829431442
10414.3	1.3139498829431442
10416.0	1.4494628829431444
10417.6	1.8714138829431444
10419.3	1.6876558829431443
10421.0	1.9336088829431446
10422.6	1.4566758829431443
10424.3	1.7456623829431444
10426.0	1.5348938829431447
10427.6	1.7734794229431443
10429.3	1.6045148829431448
10431.0	1.7263148829431443
10432.7	1.3190048829431447
10434.3	1.5262288829431443
10436.0	0.9871721829431446
10437.7	1.1409728829431447
10439.3	0.7784718829431443
10441.0	1.0684868829431446
10442.7	0.9857508829431444
10444.3	1.6593312829431448
10446.0	1.7837665829431444
10447.7	2.257504582943145
10449.3	1.9776818829431442
10451.0	2.215291882943144
10452.7	1.8082578829431448
10454.3	2.1975088829431444
10456.0	1.9297728829431446
10457.7	2.177847882943145
10459.3	2.0264358829431446
10461.0	2.1789968829431445
10462.7	2.0603658829431444
10464.3	2.5289028829431444
10466.0	2.3908238829431445
10467.7	2.663130882943144
10469.3	2.2842718829431448
10471.0	2.2327008829431443
10472.7	1.9864898829431445
10474.3	2.3701488829431447
10476.0	2.523002882943145
10477.7	3.1223948829431447
10479.4	3.0645108829431447
10481.0	3.1245721829431448
10482.7	2.6854466829431445
10484.4	2.287964682943144
10486.0	1.4084358829431445
10487.7	1.2512218829431443
10489.4	0.7805218829431444
10491.0	1.1173718829431443
10492.7	1.3686278829431449
10494.4	2.0147198829431447
10496.0	2.277724882943145
10497.7	2.799951882943144
10499.4	2.5901068829431444
10501.0	2.9831988829431446
10502.7	3.0116468829431446
10504.4	3.3620848829431447
10506.0	3.164454882943145
10507.7	3.1546668829431446
10509.4	2.300756882943144
10511.0	2.0920681829431444
10512.7	1.5046963829431448
10514.4	1.5938219829431444
10516.0	1.4692416829431443
10517.7	1.834272882943144
10519.4	1.5757918829431448
10521.0	1.9329598829431447
10522.7	1.5251567829431445
10524.4	1.672080182943144
10526.1	1.2505585079431445
10527.7	1.4795525829431444
10529.4	1.3084896829431445
10531.1	1.8275288829431446
10532.7	1.688435882943144
10534.4	2.2636030829431446
10536.1	2.0594853829431443
10537.7	2.4126911829431443
10539.4	2.3432573829431447
10541.1	2.8656979829431446
10542.7	2.859258882943144
10544.4	3.149922882943145
10546.1	2.6811358829431446
10547.7	2.765884882943144
10549.4	2.219360882943145
10551.1	2.0782158829431445
10552.7	1.2301358829431444
10554.4	0.8149488829431443
10556.1	0.26504288294314426
10557.7	0.41614688294314445
10559.4	0.6145818829431444
10561.1	1.5601128829431445
10562.7	1.747090782943144
10564.4	2.1345105829431446
10566.1	1.9361160829431447
10567.7	2.1927618829431443
10569.4	2.066376882943145
10571.1	2.5590398829431438
10572.8	2.370589882943144
10574.4	2.6095038829431445
10576.1	2.1539108829431446
10577.8	2.073870782943144
10579.4	1.7652265829431442
10581.1	2.3706868829431444
10582.8	2.2354398829431443
10584.4	2.8035288829431444
10586.1	2.674612882943145
10587.8	3.0846628829431446
10589.4	2.665902882943145
10591.1	2.9119178829431442
10592.8	2.4825158829431446
10594.4	2.5071078829431444
10596.1	2.0763168829431438
10597.8	1.9194888829431442
10599.4	1.3066018829431447
10601.1	1.6111618829431442
10602.8	1.3826598829431442
10604.4	1.9573658829431444
10606.1	2.1880028829431444
10607.8	2.514784882943144
10609.4	2.377200882943144
10611.1	2.3560428829431443
10612.8	1.7324368829431447
10614.5	1.6110108829431447
10616.1	1.1331708829431444
10617.8	1.290450882943144
10619.5	1.0289168829431445
10621.1	1.4062578829431445
10622.8	1.4001318829431446
10624.5	1.7556128829431448
10626.1	1.5871128829431442
10627.8	1.6439308829431447
10629.5	1.2296468829431446
10631.1	1.5816648829431443
10632.8	1.5499278829431444
10634.5	2.035007882943144
10636.1	2.090087882943144
10637.8	2.292135882943145
10639.5	1.7910060829431445
10641.1	1.9287518829431445
10642.8	1.283982282943144
10644.5	1.5819998829431443
10646.1	1.5234578829431444
10647.8	1.5861528829431442
10649.5	1.4572028829431447
10651.1	1.8510258829431447
10652.8	1.6103998829431443
10654.5	2.254611382943144
10656.1	2.194707882943145
10657.8	2.6072408829431444
10659.5	2.634401882943144
10661.2	2.807426782943145
10662.8	2.2906578829431448
10664.5	2.4065540829431447
10666.2	1.9184607829431441
10667.8	2.0870566829431443
10669.5	2.0686991829431447
10671.2	2.546125782943144
10672.8	2.559820882943145
10674.5	3.022382882943144
10676.2	2.725056882943144
10677.8	2.8964121729431445
10679.5	2.5928598829431446
10681.2	2.8020598829431447
10682.8	2.596041882943145
10684.5	2.7814639829431442
10686.2	2.4987358829431443
10687.8	2.4924358829431448
10689.5	1.9003748829431444
10691.2	1.9260168829431443
10692.8	1.6772788829431444
10694.5	1.9904888829431446
10696.2	2.1040532829431453
10697.8	2.4495780829431446
10699.5	2.2929403829431445
10701.2	2.582732882943144
10702.8	2.2844618829431447
10704.5	2.4709048829431444
10706.2	2.0819518829431445
10707.9	2.1017718829431447
10709.5	1.9125538829431445
10711.2	2.2296578829431444
10712.9	1.8814038829431445
10714.5	2.068182882943144
10716.2	1.6113478829431442
10717.9	1.4907248829431448
10719.5	1.0118208829431445
10721.2	1.121722882943144
10722.9	1.0881290829431447
10724.5	1.6233048829431447
10726.2	1.3687388829431444
10727.9	1.724800882943144
10729.5	1.4488628829431447
10731.2	1.4696868829431446
10732.9	1.1234258829431445
10734.5	1.1122908829431446
10736.2	0.7369468829431446
10737.9	1.1060148829431447
10739.5	1.2272928829431442
10741.2	2.036566882943144
10742.9	2.2848048829431447
10744.5	2.958580882943145
10746.2	2.8767068829431444
10747.9	3.2196208829431447
10749.5	3.005342882943144
10751.2	3.386908882943144
10752.9	3.3435228829431445
10754.6	3.520041882943145
10756.2	2.8680426829431447
10757.9	2.8196241829431443
10759.6	2.317401962943145
10761.2	2.381594882943144
10762.9	2.1188708829431446
10764.6	2.4104778829431446
10766.2	1.9973928829431444
10767.9	1.7934398829431442
10769.6	1.1966598829431445
10771.2	1.3534258829431447
10772.9	1.5322344829431445
10774.6	2.2410503829431443
10776.2	2.475166182943145
10777.9	2.9570048829431443
10779.6	2.6224358829431447
10781.2	2.2949278829431443
10782.9	1.6789988829431448
10784.6	1.5128508829431448
10786.2	0.9835248829431442
10787.9	1.0885077829431444
10789.6	0.7322080829431445
10791.2	1.0286748829431442
10792.9	0.9196468829431442
10794.6	1.1581678829431445
10796.3	0.7383415829431444
10797.9	0.8396373829431447
10799.6	0.24255638294314438
10801.3	0.5960258829431445
10802.9	0.32111588294314436
10804.6	0.7672208829431442
10806.3	0.5520558829431447
10807.9	1.0011518829431445
10809.6	0.8469808829431449
10811.3	1.3675888829431444
10812.9	1.3153238829431442
10814.6	2.116870882943145
10816.3	2.0029788829431445
10817.9	2.2512668829431446
10819.6	1.7108358829431445
10821.3	1.5937998829431443
10822.9	1.2369448829431444
10824.6	1.4440018829431442
10826.3	1.227280882943144
10827.9	1.6769635829431444
10829.6	1.5944086829431445
10831.3	1.9150035829431444
10832.9	1.4629286829431443
10834.6	1.7425898829431445
10836.3	1.6362891829431447
10837.9	1.865161082943144
10839.6	1.7166724829431446
10841.3	1.7292064829431446
10843.0	1.4054757829431443
10844.6	1.8310798829431447
10846.3	1.2355638829431443
10848.0	1.4441478829431444
10849.6	1.1523788829431445
10851.3	1.1971778829431443
10853.0	0.8994338829431445
10854.6	1.0333378829431443
10856.3	0.6238728829431445
10858.0	0.7433808829431444
10859.6	0.2161338829431445
10861.3	0.35071488294314446
10863.0	0.48957088294314444
10864.6	1.2768168829431445
10866.3	1.4684448829431445
10868.0	2.194801882943145
10869.6	2.0185738829431443
10871.3	2.1452638829431443
10873.0	1.8187038829431448
10874.6	2.038643882943145
10876.3	1.9931038829431447
10878.0	2.4097498829431445
10879.6	2.0076848829431446
10881.3	2.1188968829431443
10883.0	1.7820278829431444
10884.6	2.244169882943144
10886.3	2.319333882943144
10888.0	3.114666882943145
10889.7	2.8941898829431443
10891.3	2.678090882943144
10893.0	1.8445168829431444
10894.7	1.6544848829431444
10896.3	1.3219598829431445
10898.0	2.0252722829431447
10899.7	2.1833776929431443
10901.3	2.7820313829431442
10903.0	2.522962032943145
10904.7	2.372168809943144
10906.3	1.9359987829431442
10908.0	2.0333751829431446
10909.7	1.5363393829431444
10911.3	1.5702596829431443
10913.0	1.3121429829431441
10914.7	1.9515740229431444
10916.3	1.984523172943144
10918.0	2.571518982943145
10919.7	2.687247882943145
10921.3	2.5475318829431446
10923.0	1.6073618829431446
10924.7	1.2044078829431446
10926.3	0.5169898829431444
10928.0	0.9600588829431445
10929.7	0.8867338829431445
10931.3	1.4953598829431445
10933.0	1.7177998829431445
10934.7	2.0104868829431446
10936.4	1.727554882943145
10938.0	1.9603898829431448
10939.7	1.8524987829431445
10941.4	1.9998807829431446
10943.0	1.7325368829431447
10944.7	1.8497688829431447
10946.4	1.5520448829431446
10948.0	1.6154138829431441
10949.7	1.3430968829431442
10951.4	1.5975818829431443
10953.0	1.4026784829431442
10954.7	1.5011428829431446
10956.4	1.2898578829431444
10958.0	1.6541578829431445
10959.7	1.6429988829431443
10961.4	1.9869388829431442
10963.0	1.8526118829431446
10964.7	2.178341882943145
10966.4	1.893250882943145
10968.0	2.0563948829431444
10969.7	1.8502768829431446
10971.4	2.068590882943144
10973.0	1.8055158829431448
10974.7	1.6199894829431443
10976.4	0.9267405829431447
10978.1	0.8458247029431444
10979.7	0.5763671829431447
10981.4	0.9780198829431447
10983.1	0.9924348829431446
10984.7	1.6169668829431445
10986.4	1.5505808829431444
10988.1	1.851163982943144
10989.7	1.6701577829431442
10991.4	2.152959482943144
10993.1	1.9435638829431443
10994.7	2.6079628829431445
10996.4	2.235581882943144
10998.1	2.5642118829431446
10999.7	2.142122882943144
11001.4	2.0790548829431446
11003.1	1.304706882943144
11004.7	1.179908082943144
11006.4	0.4976122829431443
11008.1	0.9486528829431446
11009.7	1.1096668829431446
11011.4	2.0138508829431445
11013.1	2.0757568829431445
11014.7	2.3905728829431445
11016.4	1.9148298829431447
11018.1	1.6901801829431444
11019.7	1.3042154829431445
11021.4	1.4812368829431446
11023.1	1.2071408829431443
11024.8	1.6954708829431446
11026.4	1.6880958829431443
11028.1	2.1452648829431444
11029.8	2.427023882943144
11031.4	2.9207598829431447
11033.1	2.469365882943145
11034.8	2.0341585829431446
11036.4	0.9606783329431444
11038.1	0.5010492459431446
11039.8	0.33169658294314414
11041.4	0.7862188829431445
11043.1	1.2441678829431444
11044.8	2.066298882943144
11046.4	2.2329888829431446
11048.1	2.6066528829431443
11049.8	2.4142328829431445
11051.4	2.6072998829431446
11053.1	2.5060648829431447
11054.8	2.5664038829431446
11056.4	2.3218752829431444
11058.1	2.5616686829431443
11059.8	2.5124453829431443
11061.4	3.0548597829431445
11063.1	2.9554828829431448
11064.8	3.190086882943144
11066.4	2.9137188829431446
11068.1	2.8670838829431444
11069.8	2.2059558829431447
11071.5	2.098754882943145
11073.1	1.7609748829431446
11074.8	2.0967368829431448
11076.5	2.0610398829431444
11078.1	2.5175948829431447
11079.8	2.2248268829431437
11081.5	2.2086648829431446
11083.1	1.7694618829431448
11084.8	1.8005108829431447
11086.5	1.6640888829431446
11088.1	2.269519882943144
11089.8	2.6149008829431444
11091.5	3.3252678829431455
11093.1	3.1057088829431443
11094.8	3.1957518829431444
11096.5	2.8250958829431445
11098.1	3.1755548829431453
11099.8	3.138768882943144
11101.5	3.508869882943144
11103.1	3.364712882943144
11104.8	3.355430882943145
11106.5	2.424514882943144
11108.1	2.2806358829431437
11109.8	1.9965408829431446
11111.5	2.593157882943145
11113.1	2.6062308829431453
11114.8	2.827150882943145
11116.5	2.323491882943145
11118.2	2.225308882943145
11119.8	1.6292945829431442
11121.5	1.7104159829431445
11123.2	1.629920982943144
11124.8	2.0469443829431446
11126.5	1.8227298829431446
11128.2	2.1367998829431443
11129.8	1.7093769829431444
11131.5	2.001383582943144
11133.2	1.7773888829431441
11134.8	2.0395298829431447
11136.5	1.7539318829431445
11138.2	2.0282978829431446
11139.8	1.4958642829431443
11141.5	1.8291814829431445
11143.2	1.330643382943144
11144.8	1.5486866329431446
11146.5	1.3443587829431445
11148.2	1.782512382943144
11149.8	1.6053999829431445
11151.5	2.238688882943145
11153.2	2.2331442829431447
11154.8	2.647717882943144
11156.5	2.2516268829431447
11158.2	2.1676688829431443
11159.9	1.8140478829431443
11161.5	2.117736882943144
11163.2	2.1249028829431444
11164.9	2.684814882943145
11166.5	2.7491898829431447
11168.2	2.7746095829431443
11169.9	2.1070042829431443
11171.5	1.7080535829431447
11173.2	0.9556537829431448
11174.9	1.0619733829431444
11176.5	1.1000637829431448
11178.2	1.773645282943145
11179.9	2.2561918829431447
11181.5	2.664485382943144
11183.2	2.321280582943145
11184.9	2.3193248829431448
11186.5	1.6209668829431443
11188.2	1.6090588829431447
11189.9	1.3804238829431443
11191.5	1.529097882943144
11193.2	1.2709198829431443
11194.9	1.3437928829431443
11196.5	0.8124138829431444
11198.2	0.9037228829431447
11199.9	0.8435678829431442
11201.5	1.211308882943144
11203.2	1.3860358829431445
11204.9	2.124377882943145
11206.6	2.248831882943145
11208.2	2.6815128829431445
11209.9	2.504570582943144
11211.6	2.384721702943144
11213.2	2.036200082943145
11214.9	1.9636498829431441
11216.6	1.6666468829431444
11218.2	1.8918698829431442
11219.9	1.8541116829431445
11221.6	2.1050361229431447
11223.2	2.0771358829431446
11224.9	2.4920428829431445
11226.6	2.5433218829431445
11228.2	2.9248028829431445
11229.9	2.9149878829431453
11231.6	3.2799528829431446
11233.2	3.226370882943145
11234.9	3.3762208829431453
11236.6	2.7946201829431443
11238.2	2.4585087829431442
11239.9	1.2954178829431444
11241.6	0.7224758829431445
11243.2	0.015921882943144318
11244.9	0.21500448294314448
11246.6	0.3767135329431442
11248.2	1.0321588829431447
11249.9	1.029659882943145
11251.6	1.561001882943144
11253.3	1.0813420829431444
11254.9	1.1482849829431443
11256.6	1.0220705829431442
11258.3	1.4425717129431443
11259.9	1.4460713829431444
11261.6	2.1727678829431447
11263.3	2.0933088829431448
11264.9	2.5274378829431443
11266.6	2.1460898829431447
11268.3	2.396907882943145
11269.9	2.186821882943144
11271.6	2.6837538829431447
11273.3	2.422420882943144
11274.9	2.6110528829431447
11276.6	1.9550208829431448
11278.3	1.850928482943144
11279.9	1.2698877829431447
11281.6	1.8087988829431443
11283.3	2.0410858829431446
11284.9	2.7702758829431446
11286.6	2.9710578829431444
11288.3	3.3612168829431446
11289.9	2.7052985829431444
11291.6	2.6334746829431452
11293.3	1.9862558829431438
11294.9	1.7845418829431448
11296.6	1.5392908829431444
11298.3	1.8733208829431447
11300.0	1.9792898829431445
11301.6	2.727444882943144
11303.3	2.590899882943144
11305.0	2.7618298829431445
11306.6	2.2703138829431446
11308.3	2.071502882943144
11310.0	1.6801262829431445
11311.6	2.0544576829431445
11313.3	2.268220582943144
11315.0	2.949057882943144
11316.6	2.998908882943144
11318.3	3.294566882943144
11320.0	2.8690968829431442
11321.6	2.5514438829431447
11323.3	1.7215678529431444
11325.0	1.4557315829431443
11326.6	1.1218038829431443
11328.3	1.4747847829431444
11330.0	1.3831414829431443
11331.6	2.005760082943145
11333.3	2.0375303129431446
11335.0	2.3869696829431444
11336.6	1.9802200829431444
11338.3	1.9361557829431448
11340.0	1.4302581829431442
11341.7	1.6109901829431443
11343.3	1.3254873929431445
11345.0	1.7456563829431446
11346.7	1.4197688829431447
11348.3	1.6078708829431445
11350.0	1.1191918829431446
11351.7	1.2454838829431445
11353.3	1.1457002829431444
11355.0	1.5738714829431444
11356.7	1.5354392829431442
11358.3	1.6474828229431444
11360.0	1.2232496829431447
11361.7	1.4576738829431442
11363.3	1.2482091829431443
11365.0	1.8049837829431445
11366.7	2.0144884829431446
11368.3	2.7881298829431445
11370.0	3.0051798829431444
11371.7	3.442765882943145
11373.3	3.3101778829431447
11375.0	3.529384882943144
11376.7	2.853128882943145
11378.3	2.5943138829431445
11380.0	1.9467938829431446
11381.7	1.9720188829431442
11383.3	1.8708488829431444
11385.0	2.3122668829431445
11386.7	2.332526882943145
11388.4	2.7657678829431442
11390.0	2.447426882943144
11391.7	2.448764882943145
11393.4	2.0771768829431445
11395.0	2.280359882943144
11396.7	2.0920488829431445
11398.4	2.4220618829431446
11400.0	2.3465718829431443
11401.7	2.7711658829431447
11403.4	2.617017882943144
11405.0	2.679113882943144
11406.7	2.0857168829431445
11408.4	1.8717108829431446
11410.0	1.2866738829431448
11411.7	1.7690638829431446
11413.4	1.7488848829431443
11415.0	2.3699768829431447
11416.7	2.455868882943144
11418.4	2.8693538829431446
11420.0	2.829555882943145
11421.7	3.1553608829431448
11423.4	2.947226882943145
11425.0	3.0976528829431453
11426.7	2.4217728829431446
11428.4	2.2590768829431447
11430.0	1.6705448829431446
11431.7	1.7672712529431442
11433.4	1.2616738829431442
11435.1	1.3801358829431445
11436.7	1.0082178829431443
11438.4	1.1529478829431443
11440.1	0.9042615829431442
11441.7	1.4622915129431444
11443.4	1.6942650829431447
11445.1	2.5394728829431443
11446.7	2.8325738829431444
11448.4	3.536172882943145
11450.1	3.2187788829431447
11451.7	2.9643368829431442
11453.4	2.0698038829431438
11455.1	1.7611348829431441
11456.7	1.2205428829431446
11458.4	1.6038658829431445
11460.1	1.4481918829431446
11461.7	1.6711078829431443
11463.4	1.5374808829431443
11465.1	1.6802288829431447
11466.7	1.5687248829431446
11468.4	2.0062588829431443
11470.1	1.8795638829431442
11471.7	2.5230518829431445
11473.4	2.290594882943144
11475.1	2.3339018829431444
11476.7	2.252213882943144
11478.4	2.644953282943144
11480.1	2.8101727829431447
11481.8	3.389156592943145
11483.4	3.548038279943144
11485.1	3.903273582943144
11486.8	3.6271168829431444
11488.4	3.5177308829431446
11490.1	2.8682578829431447
11491.8	2.7123558829431444
11493.4	1.9269288829431446
11495.1	1.6779989829431443
11496.8	1.2301929829431444
11498.4	1.2470317829431443
11500.1	1.1314352829431444
11501.8	1.6982898829431445
11503.4	1.8624758829431443
11505.1	2.691648882943144
11506.8	2.7596608829431446
11508.4	3.3806128829431445
11510.1	3.0186128829431444
11511.8	3.0637298829431447
11513.4	2.390062882943145
11515.1	2.4508468829431442
11516.8	2.218163882943144
11518.4	2.541452882943145
11520.1	2.2250278829431442
11521.8	2.5064868829431446
11523.5	1.9217288829431447
11525.1	2.087049882943144
11526.8	1.7908438829431446
11528.5	2.218821882943144
11530.1	2.0096744829431445
11531.8	2.2098688829431445
11533.5	1.6647238829431443
11535.1	1.6511538829431445
11536.8	1.1201148829431442
11538.5	1.3584628829431442
11540.1	1.2978558829431446
11541.8	1.8218694229431442
11543.5	1.9394118829431441
11545.1	2.373488882943144
11546.8	2.2184298829431444
11548.5	2.584274882943144
11550.1	2.5113238829431443
11551.8	2.8679598829431443
11553.5	2.8230498829431445
11555.1	2.973630882943144
11556.8	2.8130688829431443
11558.5	2.7085181829431444
11560.1	2.1586418829431446
11561.8	2.2059118829431443
11563.5	1.7586558829431447
11565.1	1.8498704829431447
11566.8	1.5335381829431447
11568.5	1.7366098829431444
11570.2	1.6151398829431443
11571.8	1.7118778829431445
11573.5	1.1840348829431444
11575.2	1.0937449829431447
11576.8	0.3511038829431442
11578.5	0.39266988294314437
11580.2	0.27477188294314436
11581.8	0.9342494829431447
11583.5	1.0738109829431444
11585.2	1.2484108829431442
11586.8	0.894687882943144
11588.5	0.6856208829431444
11590.2	0.1267828829431445
11591.8	0.454980082943144
11593.5	0.40110377294314414
11595.2	0.9557108829431442
11596.8	0.9258818829431446
11598.5	1.3526678829431447
11600.2	1.3537538829431446
11601.8	1.9958728829431442
11603.5	2.0619228829431444
11605.2	2.550135982943145
11606.8	2.3370989829431443
11608.5	2.523733882943144
11610.2	2.2034528829431443
11611.8	2.929902882943145
11613.5	2.754043082943144
11615.2	3.2500538829431442
11616.9	2.7362748829431447
11618.5	2.4981798829431443
11620.2	1.5587528829431443
11621.9	1.324193882943145
11623.5	0.7447458829431441
11625.2	1.2917058829431445
11626.9	1.2791258829431442
11628.5	1.748439382943145
11630.2	1.808091882943144
11631.9	2.1229708829431444
11633.5	2.027721882943144
11635.2	2.565178982943144
11636.9	2.490082482943145
11638.5	2.8856818829431448
11640.2	2.5821168829431445
11641.9	2.583904882943144
11643.5	2.559758402943145
11645.2	3.067815482943144
11646.9	3.4472768829431444
11648.5	4.063145452943145
11650.2	3.5264551829431445
11651.9	3.458117882943145
11653.5	2.6892488829431445
11655.2	2.623649882943144
11656.9	2.2542728829431438
11658.5	2.248436182943144
11660.2	1.4624764829431447
11661.9	1.3045044829431443
11663.6	0.6896118829431448
11665.2	1.0686056829431445
11666.9	1.4466822829431445
11668.6	2.0315975829431445
11670.2	1.9667638829431446
11671.9	2.0673808829431444
11673.6	1.4458008829431443
11675.2	1.5639138829431447
11676.9	1.2920938829431445
11678.6	1.549518882943144
11680.2	1.5202018829431443
11681.9	1.7604168829431444
11683.6	1.7426968829431442
11685.2	2.0512058829431448
11686.9	1.9315248829431446
11688.6	2.4192158829431447
11690.2	2.2448301829431445
11691.9	2.2638800829431447
11693.6	2.0482888829431447
11695.2	2.349406082943144
11696.9	2.186996882943144
11698.6	2.8063419029431445
11700.2	2.823188582943144
11701.9	3.1898698829431447
11703.6	2.741887882943145
11705.3	2.3566558829431443
11706.9	1.6361568829431445
11708.6	1.7857628829431444
11710.3	1.3712398829431445
11711.9	1.8672148829431443
11713.6	1.6108700829431442
11715.3	1.7881488829431447
11716.9	1.2676278829431444
11718.6	1.3015181829431444
11720.3	1.0398843829431443
11721.9	1.540900482943144
11723.6	1.4972397829431445
11725.3	1.9720465829431444
11726.9	1.9268647829431447
11728.6	2.4509848829431444
11730.3	2.1895305829431444
11731.9	2.4802455329431448
11733.6	2.165043882943144
11735.3	2.5389798829431443
11736.9	2.6475018829431445
11738.6	3.0952564829431446
11740.3	3.008136982943145
11741.9	3.224286382943144
11743.6	2.569102982943144
11745.3	2.3186664829431445
11746.9	1.6553258829431445
11748.6	1.9235738829431448
11750.3	1.7546718829431445
11752.0	2.2370888829431443
11753.6	2.2283498829431445
11755.3	2.309636982943144
11757.0	1.9808218829431445
11758.6	1.8016638829431444
11760.3	1.0754158829431444
11762.0	0.9880448829431441
11763.6	0.5875688829431442
11765.3	0.9993238829431446
11767.0	1.3451688829431445
11768.6	2.236345482943144
11770.3	2.524715182943144
11772.0	2.970854682943144
11773.6	3.0096538829431445
11775.3	3.259472882943144
11777.0	3.1349198829431444
11778.6	3.844978882943144
11780.3	3.835544882943144
11782.0	4.329488882943144
11783.6	3.778928882943145
11785.3	3.3833268829431447
11787.0	2.5564528829431445
11788.6	2.621305882943144
11790.3	2.2909188829431444
11792.0	2.7887278829431446
11793.6	2.5239178829431443
11795.3	2.668600882943145
11797.0	2.074446882943145
11798.7	2.1273158829431447
11800.3	1.7579718829431443
11802.0	2.168322882943145
11803.7	2.0830298829431446
11805.3	2.3433968829431446
11807.0	1.8956867829431445
11808.7	1.9308724829431445
11810.3	1.3148368829431445
11812.0	1.2042578829431445
11813.7	0.6355268829431444
11815.3	0.9368408829431442
11817.0	0.9595231829431443
11818.7	1.8717298829431441
11820.3	2.2363106829431443
11822.0	2.826452882943144
11823.7	2.6663958829431444
11825.3	2.6910328829431442
11827.0	2.0676038829431445
11828.7	2.1620838829431444
11830.3	1.5925414829431443
11832.0	1.7060574829431445
11833.7	1.728247882943144
11835.3	2.107416882943144
11837.0	2.1345928829431444
11838.7	2.6321678829431447
11840.3	2.3724598829431445
11842.0	2.2716188829431445
11843.7	1.4622028829431444
11845.4	0.8795200829431442
11847.0	0.5155848829431445
11848.7	1.0607428829431444
11850.4	1.2237424829431445
11852.0	2.3608181829431447
11853.7	2.649427082943144
11855.4	2.9952256129431447
11857.0	2.7162952829431446
11858.7	2.443544082943144
11860.4	1.5654948829431445
11862.0	1.686044882943144
11863.7	0.8753388829431443
11865.4	0.9687658829431449
11867.0	0.9675698829431443
11868.7	1.491987882943144
11870.4	1.9278933829431444
11872.0	2.667628882943144
11873.7	2.451114382943144
11875.4	2.665786882943144
11877.0	2.1281168829431443
11878.7	1.6684168829431445
11880.4	0.9853656829431445
11882.0	1.0151248829431445
11883.7	0.7421578829431444
11885.4	0.8831168829431443
11887.1	0.9831118829431447
11888.7	1.187004882943144
11890.4	1.0952798829431445
11892.1	1.4169478829431443
11893.7	1.1783178829431444
11895.4	1.836183882943144
11897.1	2.0155168829431442
11898.7	2.469654882943145
11900.4	2.5461558829431445
11902.1	2.8697708829431443
11903.7	2.475149882943145
11905.4	2.6099428829431446
11907.1	2.2051698829431445
11908.7	2.300065882943144
11910.4	2.0340948829431444
11912.1	2.1230038829431446
11913.7	1.8650568829431442
11915.4	1.9223248829431447
11917.1	1.7106678829431448
11918.7	1.9208978829431445
11920.4	1.7323158829431446
11922.1	2.1024218829431445
11923.7	2.1791248829431447
11925.4	2.510654882943144
11927.1	2.589589882943144
11928.7	2.8229108829431437
11930.4	2.6790188829431445
11932.1	2.886444882943144
11933.8	2.1629359829431443
11935.4	2.177349982943145
11937.1	1.688448882943144
11938.8	1.7840036829431447
11940.4	1.4356098229431444
11942.1	2.009948882943145
11943.8	2.1793228829431444
11945.4	3.090125882943144
11947.1	3.133327882943145
11948.8	3.582590882943144
11950.4	3.383429882943145
11952.1	3.4538078829431442
11953.8	3.0051778829431446
11955.4	3.0151408829431445
11957.1	2.5536738829431442
11958.8	3.0109068829431442
11960.4	2.7438778829431443
11962.1	3.0749108829431444
11963.8	2.7421398829431447
11965.4	2.6834318829431445
11967.1	2.2843992829431445
11968.8	2.336161582943144
11970.4	1.8893188829431442
11972.1	2.3646848829431444
11973.8	2.1137188829431444
11975.4	2.4930308829431445
11977.1	2.316958882943145
11978.8	2.7418098829431448
11980.5	2.6286248829431442
11982.1	2.7399428829431445
11983.8	2.131756882943144
11985.5	2.217140882943144
11987.1	2.0119718829431443
11988.8	2.2856378829431443
11990.5	2.204966882943144
11992.1	2.734293882943144
11993.8	2.658382882943145
11995.5	3.0796088829431443
11997.1	2.7355948829431447
11998.8	3.074742682943144
12000.5	2.8320762619431448
12002.1	2.550607782943145
12003.8	1.7274928829431446
12005.5	1.7203318829431447
12007.1	1.5211978829431445
12008.8	2.1550778829431443
12010.5	2.1128088829431446
12012.1	2.9790168829431445
12013.8	3.253655882943144
12015.5	3.7155138829431444
12017.1	3.514663882943144
12018.8	3.4219138829431444
12020.5	2.7209648829431443
12022.1	2.411024882943144
12023.8	1.5457498829431442
12025.5	1.5515278829431443
12027.2	0.9470348829431445
12028.8	0.8206258829431444
12030.5	0.4347878829431444
12032.2	0.5847358829431444
12033.8	0.6807318829431442
12035.5	1.2949888829431444
12037.2	1.6514408829431448
12038.8	2.689632882943144
12040.5	2.955242882943144
12042.2	3.4262178829431447
12043.8	3.4723598829431443
12045.5	3.4428928829431436
12047.2	2.8128368829431443
12048.8	2.404132882943144
12050.5	1.7479438829431444
12052.2	1.7537498829431442
12053.8	1.5918005829431445
12055.5	1.8995036829431449
12057.2	1.8968669829431444
12058.8	2.2636063829431445
12060.5	2.092033982943145
12062.2	2.1673138829431444
12063.8	1.796370672943145
12065.5	1.8548568829431447
12067.2	1.6293158829431449
12068.9	1.9936418829431446
12070.5	1.8190478829431442
12072.2	2.157835882943144
12073.9	2.1840278829431448
12075.5	2.685441882943145
12077.2	2.8456847829431444
12078.9	3.2933741829431447
12080.5	3.0831418829431447
12082.2	3.214955882943144
12083.9	2.7090158829431443
12085.5	2.6315028829431446
12087.2	2.267095682943145
12088.9	2.525591692943144
12090.5	2.160344382943144
12092.2	2.3237720829431447
12093.9	1.7766758829431442
12095.5	1.918252882943144
12097.2	1.7059658829431446
12098.9	2.2243298829431444
12100.5	2.1463908829431446
12102.2	2.641222882943145
12103.9	2.4797328829431446
12105.5	2.8634873829431444
12107.2	2.515166882943144
12108.9	2.9913968829431448
12110.5	2.6545438829431443
12112.2	2.8642298829431443
12113.9	2.2675048829431446
12115.6	1.9316484829431446
12117.2	1.1596671829431444
12118.9	1.3676118829431445
12120.6	1.2659088829431444
12122.2	2.016848882943145
12123.9	1.817637882943145
12125.6	1.8768528829431446
12127.2	0.8893178829431445
12128.9	0.26444328294314445
12130.6	-0.45584411705685557
12132.2	-0.3809731170568555
12133.9	-0.2088011170568554
12135.6	0.9966028829431444
12137.2	1.3707698829431443
12138.9	2.1615748829431447
12140.6	2.288256882943144
12142.2	2.268445882943145
12143.9	2.147205882943145
12145.6	2.2349428829431446
12147.2	2.092446882943144
12148.9	2.703904882943145
12150.6	2.832612882943144
12152.2	3.014994182943145
12153.9	2.9061378829431446
12155.6	2.905943882943144
12157.2	2.8428268829431445
12158.9	3.2898428829431445
12160.6	3.218594882943144
12162.3	3.598441882943144
12163.9	3.289269882943144
12165.6	3.176391882943144
12167.3	2.6499568829431435
12168.9	2.4427648829431443
12170.6	1.7377738829431446
12172.3	1.8929558829431445
12173.9	1.5774588829431444
12175.6	2.399925882943145
12177.3	2.5829338829431445
12178.9	3.174550882943145
12180.6	3.0291728829431444
12182.3	3.0376288829431446
12183.9	2.322756882943144
12185.6	2.0224658829431443
12187.3	1.3881808829431446
12188.9	1.449870882943145
12190.6	0.9735098829431441
12192.3	1.3482128829431446
12193.9	1.4383568829431448
12195.6	2.076456882943144
12197.3	1.9241269829431444
12198.9	1.9683125829431447
12200.6	1.4679468829431443
12202.3	1.5578581829431444
12203.9	1.5014210829431445
12205.6	2.3651208829431445
12207.3	2.7208018829431446
12209.0	3.5449338829431447
12210.6	3.3753578829431445
12212.3	3.1977168829431446
12214.0	2.7089978829431445
12215.6	2.543582582943144
12217.3	2.2526818829431443
12219.0	2.821842882943145
12220.6	3.0325048829431447
12222.3	3.499813882943144
12224.0	3.3419018829431444
12225.6	3.3460698829431443
12227.3	2.8543428829431443
12229.0	3.0223228829431443
12230.6	2.5361138829431447
12232.3	2.726034882943144
12234.0	2.2931488829431443
12235.6	2.2535338829431444
12237.3	1.4106508829431448
12239.0	1.3672508829431445
12240.6	1.1691918829431447
12242.3	1.9363958829431447
12244.0	1.9240788829431446
12245.6	2.327961982943145
12247.3	1.7984548829431444
12249.0	1.7825338829431452
12250.7	1.2467408829431443
12252.3	1.1938627829431445
12254.0	1.0748214829431442
12255.7	1.8871278829431446
12257.3	2.0994148829431447
12259.0	2.8660798829431444
12260.7	3.1948008829431442
12262.3	3.711365882943144
12264.0	3.3984782829431452
12265.7	2.877520882943144
12267.3	1.9358478829431445
12269.0	1.7003745429431447
12270.7	1.2423907829431442
12272.3	1.4900808829431444
12274.0	1.4990628829431445
12275.7	1.9453698829431445
12277.3	1.8646688829431448
12279.0	1.8273108829431444
12280.7	1.5048222829431444
12282.3	1.3779966829431445
12284.0	0.9008475829431445
12285.7	0.9635788829431448
12287.3	0.7368598829431445
12289.0	1.4408558829431446
12290.7	1.9993318829431446
12292.3	2.9292748829431448
12294.0	3.2738678829431445
12295.7	3.662792882943144
12297.4	3.1546818829431436
12299.0	3.0616798829431437
12300.7	2.4821557829431447
12302.4	2.801160282943145
12304.0	3.053977882943145
12305.7	3.6800148829431443
12307.4	3.6135518829431446
12309.0	3.6932588829431445
12310.7	2.891437382943144
12312.4	2.4892548829431447
12314.0	1.8670328829431444
12315.7	1.9493068829431444
12317.4	2.0604058829431446
12319.0	2.537495882943145
12320.7	2.5071893829431446
12322.4	2.5789348829431438
12324.0	1.9702768829431445
12325.7	1.554380882943144
12327.4	0.9382648829431448
12329.0	0.8549174829431443
12330.7	0.5352168829431446
12332.4	0.5935705829431448
12334.0	0.05648888294314434
12335.7	0.05307488294314453
12337.4	-0.45233811705685545
12339.0	-0.42144011705685547
12340.7	-0.49750511705685563
12342.4	0.09913688294314435
12344.1	0.3248135829431448
12345.7	0.9513388829431444
12347.4	0.8940258829431447
12349.1	1.5015848829431442
12350.7	1.1145246829431446
12352.4	1.5108148829431445
12354.1	1.3486958829431444
12355.7	1.8195998829431446
12357.4	1.8695608829431447
12359.1	2.249121882943144
12360.7	1.8560978829431445
12362.4	2.0202297829431446
12364.1	1.110500882943144
12365.7	1.0458068829431446
12367.4	0.7015268829431445
12369.1	1.0165728829431444
12370.7	1.3028018829431445
12372.4	2.3591358829431446
12374.1	2.7921978829431446
12375.7	3.298363082943144
12377.4	3.1608413829431448
12379.1	2.836777882943145
12380.7	2.348157882943145
12382.4	2.464344882943145
12384.1	2.4155168829431446
12385.7	3.3228438829431446
12387.4	3.6455378829431444
12389.1	4.201469882943144
12390.8	4.116954882943145
12392.4	4.386592982943144
12394.1	3.827227282943144
12395.8	3.8072518829431443
12397.4	3.1905188829431443
12399.1	2.9668598829431447
12400.8	2.1995609829431446
12402.4	2.235017682943144
12404.1	1.4707106829431442
12405.8	1.5417118829431444
12407.4	1.1180533829431443
12409.1	1.3990822829431449
12410.8	1.684983802943145
12412.4	2.3594421829431447
12414.1	2.4865748829431444
12415.8	2.7698008829431453
12417.4	2.3647728829431442
12419.1	2.4570598829431445
12420.8	2.565671882943145
12422.4	2.965093882943145
12424.1	2.9580868829431446
12425.8	2.765921882943144
12427.4	1.765407882943144
12429.1	1.0151598829431445
12430.8	0.22327788294314432
12432.5	0.2584078829431443
12434.1	0.6150488829431444
12435.8	1.4862598829431446
12437.5	2.0305278829431446
12439.1	2.8477373229431446
12440.8	2.8383718829431444
12442.5	3.029669882943144
12444.1	2.5962928829431444
12445.8	2.4948098829431444
12447.5	1.8996350829431445
12449.1	1.9130094829431443
12450.8	1.3457218829431448
12452.5	1.440500882943144
12454.1	1.0040567829431442
12455.8	1.2534822829431445
12457.5	1.386869882943144
12459.1	2.2836418829431446
12460.8	2.532671882943144
12462.5	3.242926882943144
12464.1	2.9915790829431446
12465.8	3.137708882943145
12467.5	2.794611882943144
12469.1	2.9165613829431445
12470.8	2.788267482943144
12472.5	3.4590348829431448
12474.1	3.003029882943144
12475.8	3.058441882943144
12477.5	2.184898882943144
12479.2	1.8420489829431443
12480.8	1.1910134829431445
12482.5	1.1690808829431443
12484.2	1.0090708829431443
12485.8	1.739531482943144
12487.5	1.6048104829431444
12489.2	2.2385229829431443
12490.8	1.9575778829431443
12492.5	2.327273782943144
12494.2	2.0265588829431445
12495.8	2.1367145829431444
12497.5	1.7630708829431445
12499.2	1.8894298829431446
12500.8	1.4817418829431446
12502.5	2.0400908829431446
12504.2	1.9889198829431447
12505.8	2.8102778829431445
12507.5	2.8948188829431443
12509.2	3.148349882943144
12510.8	2.8373778829431444
12512.5	3.1975348829431445
12514.2	2.920457882943144
12515.8	3.5391388829431447
12517.5	3.519342882943144
12519.2	3.7960278829431444
12520.8	3.227179882943145
12522.5	2.920513882943144
12524.2	1.9895808829431438
12525.9	2.123497882943144
12527.5	1.7468648829431443
12529.2	2.456671882943144
12530.9	2.9808525029431445
12532.5	3.920099282943144
12534.2	3.6881712829431437
12535.9	4.018272882943145
12537.5	3.4099448829431447
12539.2	3.5077998829431443
12540.9	2.9844198829431448
12542.5	2.9666808829431446
12544.2	2.4530298829431443
12545.9	2.2854278829431443
12547.5	1.7160498829431443
12549.2	2.219493882943145
12550.9	2.341123882943145
12552.5	3.032114882943145
12554.2	2.9800308829431446
12555.9	3.3269898829431446
12557.5	3.258785882943145
12559.2	2.9760468829431446
12560.9	2.2454778829431445
12562.5	1.9863668829431447
12564.2	1.2433552829431447
12565.9	1.2848767429431445
12567.5	1.0613248829431443
12569.2	1.440550882943144
12570.9	1.428567882943144
12572.6	1.2302678829431446
12574.2	0.6264232829431444
12575.9	1.0935838829431443
12577.6	1.3070318829431444
12579.2	2.397666882943144
12580.9	3.1594968829431447
12582.6	4.2216108829431445
12584.2	4.489620882943144
12585.9	4.958319882943144
12587.6	4.356444882943144
12589.2	4.760044882943144
12590.9	4.125619982943145
12592.6	4.097201112943145
12594.2	3.6610697829431444
12595.9	3.3103447829431447
12597.6	2.507700882943145
12599.2	2.813084182943144
12600.9	2.2177568829431444
12602.6	2.6951903829431445
12604.2	2.4200258829431442
12605.9	2.6096998829431444
12607.6	2.518212882943145
12609.2	2.833130882943144
12610.9	3.126215282943144
12612.6	4.367853082943144
12614.3	4.688262582943145
12615.9	5.206249882943144
12617.6	4.965656882943145
12619.3	4.942669882943145
12620.9	4.257119882943144
12622.6	3.568468882943145
12624.3	2.6978718829431445
12625.9	2.318791882943144
12627.6	1.6648978829431442
12629.3	1.6259319629431441
12630.9	1.4784488829431444
12632.6	1.7086348829431444
12634.3	1.4063988829431444
12635.9	1.347269682943145
12637.6	0.8804375829431443
12639.3	0.7599804829431447
12640.9	0.4370174829431444
12642.6	0.6938118829431446
12644.3	0.9676748829431444
12645.9	1.7726818829431443
12647.6	1.9557188829431442
12649.3	2.634892882943144
12650.9	2.4435178829431448
12652.6	2.5006256329431444
12654.3	2.0000518829431444
12655.9	1.921670882943144
12657.6	1.7378610829431445
12659.3	1.8293612829431443
12661.0	1.9063448829431446
12662.6	2.6400335829431447
12664.3	2.7236108829431442
12666.0	2.835150882943145
12667.6	2.2135148829431444
12669.3	1.5428418829431447
12671.0	0.6151278829431444
12672.6	0.08634488294314427
12674.3	-0.09183611705685575
12676.0	0.24663858294314442
12677.6	0.4858873829431447
12679.3	1.0943808829431443
12681.0	1.5341168829431442
12682.6	2.4485238829431437
12684.3	2.6145997429431445
12686.0	3.0434808829431446
12687.6	2.9350658829431446
12689.3	3.0003558829431443
12691.0	2.9422338829431447
12692.6	3.392431882943144
12694.3	3.4143238829431453
12696.0	4.073433882943144
12697.6	3.9644008829431447
12699.3	4.128417882943145
12701.0	3.767401882943145
12702.6	3.3289648829431444
12704.3	2.592479382943144
12706.0	2.3660808829431446
12707.7	1.5154898829431447
12709.3	1.5141537829431448
12711.0	1.1890248829431447
12712.7	1.1601078829431448
12714.3	1.0215108829431443
12716.0	1.1567308829431446
12717.7	1.0138718829431446
12719.3	1.622105882943145
12721.0	1.622226882943145
12722.7	2.231265882943144
12724.3	2.2778318829431443
12726.0	2.7025218829431443
12727.7	2.6521748829431444
12729.3	3.1590718829431443
12731.0	3.0911258829431447
12732.7	3.600548882943145
12734.3	3.4534808829431447
12736.0	3.542216882943144
12737.7	2.7769618829431444
12739.3	2.3728018829431443
12741.0	1.1501618829431446
12742.7	0.7625168829431446
12744.3	-0.032582117056855694
12746.0	0.0006908829431444552
12747.7	0.18748788294314442
12749.3	1.0503068829431446
12751.0	1.6160028829431443
12752.7	3.0376908829431444
12754.4	3.519378882943144
12756.0	4.448955882943144
12757.7	4.519374882943144
12759.4	4.604381882943144
12761.0	3.8543768829431437
12762.7	3.473667882943144
12764.4	2.2556100829431447
12766.0	1.8272321829431444
12767.7	1.0615288829431446
12769.4	1.1332150829431442
12771.0	0.8791376429431443
12772.7	1.2183940829431446
12774.4	1.184815582943145
12776.0	2.0486288829431443
12777.7	2.238470882943144
12779.4	2.9331378829431443
12781.0	2.6867448829431453
12782.7	2.502562882943144
12784.4	1.6531009829431447
12786.0	1.4286961829431444
12787.7	1.0611268829431446
12789.4	1.702439882943145
12791.0	1.9919558829431445
12792.7	2.7279538829431447
12794.4	2.4442902829431445
12796.1	2.4109454629431446
12797.7	1.4327917829431445
12799.4	1.1459298829431446
12801.1	0.34479788294314445
12802.7	0.5940858829431447
12804.4	0.9340298829431444
12806.1	1.8794858829431444
12807.7	2.3266038829431444
12809.4	2.9886458829431444
12811.1	2.8118928829431447
12812.7	3.0252978829431436
12814.4	2.4923608829431445
12816.1	2.6320565829431444
12817.7	2.4519098829431445
12819.4	2.7084778829431446
12821.1	2.362588882943144
12822.7	2.747584882943145
12824.4	2.300971882943144
12826.1	2.201810882943145
12827.7	1.4171478829431448
12829.4	1.077951882943144
12831.1	0.37764598294314433
12832.7	0.9994824629431447
12834.4	0.8897092029431445
12836.1	1.6954548829431446
12837.7	1.7300888829431447
12839.4	2.0739518829431445
12841.1	1.7641428829431447
12842.8	1.8208528829431443
12844.4	1.578787882943144
12846.1	2.032375882943145
12847.8	1.9458598829431444
12849.4	2.091302882943144
12851.1	1.840293882943144
12852.8	2.1148308829431444
12854.4	1.880278882943145
12856.1	1.9740718829431443
12857.8	1.6025208829431445
12859.4	1.3778725829431444
12861.1	0.8387465829431443
12862.8	1.0210919429431444
12864.4	0.8591372829431444
12866.1	1.616607882943144
12867.8	1.9709558829431444
12869.4	2.419600282943145
12871.1	2.030902382943144
12872.8	2.024424882943144
12874.4	1.3470544829431443
12876.1	1.7588981829431443
12877.8	1.7306032829431444
12879.4	2.2222195829431444
12881.1	2.3368678829431446
12882.8	2.717618582943144
12884.4	2.281277682943144
12886.1	2.430239772943144
12887.8	2.090585882943145
12889.5	2.357219882943145
12891.1	2.303571882943144
12892.8	2.8849428829431445
12894.5	2.8671338829431443
12896.1	3.3696508829431444
12897.8	3.072936882943144
12899.5	3.073312882943144
12901.1	2.7470278829431445
12902.8	2.8630888829431442
12904.5	2.568372882943145
12906.1	2.7972568829431443
12907.8	2.5626578829431446
12909.5	2.869652882943144
12911.1	2.734763482943145
12912.8	3.057574882943144
12914.5	2.8054928829431445
12916.1	3.0048008829431443
12917.8	2.640528082943144
12919.5	2.8629798829431445
12921.1	2.6425198829431444
12922.8	3.1616798829431447
12924.5	2.859094882943144
12926.1	2.956783182943145
12927.8	2.6366398829431437
12929.5	2.982218882943145
12931.1	2.6888104829431443
12932.8	3.0519528829431444
12934.5	2.293492882943144
12936.2	2.035122182943144
12937.8	1.0161495829431442
12939.5	0.7154522829431447
12941.2	0.3320359829431444
12942.8	1.0391598829431445
12944.5	1.0109778829431442
12946.2	1.9208808829431443
12947.8	2.3215428829431444
12949.5	3.2594418829431446
12951.2	3.4898758829431444
12952.8	4.190719882943145
12954.5	4.039712882943145
12956.2	4.393624882943144
12957.8	3.9583398829431444
12959.5	4.171087882943144
12961.2	3.783936882943145
12962.8	3.9662098829431445
12964.5	3.3875588829431442
12966.2	3.223201882943144
12967.8	2.479852882943145
12969.5	2.3234768829431447
12971.2	1.6978968829431444
12972.8	1.809200882943145
12974.5	1.713479882943144
12976.2	2.4063498829431444
12977.9	2.6995708829431453
12979.5	3.296082882943145
12981.2	3.055502062943145
12982.9	3.3272430829431436
12984.5	2.993649882943144
12986.2	3.2844048829431443
12987.9	3.113483882943144
12989.5	3.459009882943144
12991.2	3.1262808829431443
12992.9	3.128532882943145
12994.5	2.695046882943145
12996.2	3.0497388829431444
12997.9	2.763543382943144
12999.5	3.055676482943144
13001.2	2.353275882943145
13002.9	2.136887882943144
13004.5	1.5401548829431448
13006.2	1.2861278829431444
13007.9	0.7763568829431443
13009.5	0.8932068829431443
13011.2	0.4087108829431445
13012.9	1.0647198829431446
13014.5	1.6256898829431443
13016.2	2.888609882943144
13017.9	3.7493938829431444
13019.5	4.2398348829431445
13021.2	3.7220288829431447
13022.9	3.295750882943144
13024.6	1.7861438829431442
13026.2	1.2646807829431443
13027.9	0.7224868829431446
13029.6	0.7975478829431446
13031.2	0.9830963829431443
13032.9	1.9504558829431442
13034.6	2.529202882943145
13036.2	3.9325288829431444
13037.9	4.498484882943144
13039.6	5.306729882943145
13041.2	5.074359882943144
13042.9	4.7350004829431445
13044.6	3.728554782943145
13046.2	3.0471049829431442
13047.9	2.1164228829431444
13049.6	2.176119982943144
13051.2	1.7895386729431444
13052.9	2.4166021829431443
13054.6	2.2121323829431447
13056.2	2.496551282943144
13057.9	2.5658610829431447
13059.6	2.927464882943144
13061.2	2.5577078829431446
13062.9	2.8443568829431447
13064.6	2.3583688829431444
13066.2	2.378912882943144
13067.9	1.8463888829431447
13069.6	2.2185498829431447
13071.3	2.2536408829431442
13072.9	3.038694882943145
13074.6	2.9650518829431447
13076.3	3.177648882943145
13077.9	2.6906018829431444
13079.6	2.6936298829431435
13081.3	1.9891321829431443
13082.9	1.8865398829431446
13084.6	1.7352418829431442
13086.3	1.8803248829431447
13087.9	1.5852868829431443
13089.6	2.1996908829431447
13091.3	2.1854408829431446
13092.9	3.039009882943144
13094.6	3.489252882943144
13096.3	4.219133882943145
13097.9	4.265100882943145
13099.6	4.265048882943145
13101.3	3.4256198829431446
13102.9	3.3024538829431442
13104.6	2.766290882943145
13106.3	3.4802328829431444
13107.9	3.866340882943144
13109.6	4.7606198829431445
13111.3	4.654466882943145
13112.9	4.601592882943145
13114.6	3.887028882943144
13116.3	3.7654068829431444
13118.0	3.1598438829431443
13119.6	3.3298758829431443
13121.3	3.1811428829431447
13123.0	3.279889882943145
13124.6	2.5785898829431444
13126.3	2.247722882943145
13128.0	1.4546498829431442
13129.6	1.3865968829431448
13131.3	1.339984882943145
13133.0	1.7628308829431443
13134.6	2.089516882943145
13136.3	2.478667882943145
13138.0	2.1524368829431437
13139.6	2.186116882943144
13141.3	1.9387908829431446
13143.0	2.3524178829431444
13144.6	2.6023878829431446
13146.3	2.873466882943145
13148.0	2.6607378829431445
13149.6	2.7499622829431445
13151.3	2.6586466829431448
13153.0	2.9164568829431445
13154.6	3.0310068829431445
13156.3	3.6101328829431436
13158.0	3.5517938829431444
13159.7	3.8557478829431444
13161.3	3.217979882943145
13163.0	2.7590558829431444
13164.7	2.2018590829431446
13166.3	1.8212588829431446
13168.0	1.3774048829431444
13169.7	1.7075398829431443
13171.3	1.475689282943144
13173.0	1.5717048829431444
13174.7	1.2106268829431444
13176.3	1.1328048829431445
13178.0	1.4040578829431443
13179.7	2.1756320829431446
13181.3	2.7196160829431446
13183.0	3.3696878829431443
13184.7	3.1534268829431444
13186.3	2.9426818829431447
13188.0	2.336040882943144
13189.7	2.081414882943144
13191.3	1.8834858829431447
13193.0	2.3422408829431447
13194.7	2.562011882943144
13196.3	3.2582446829431446
13198.0	3.3757258829431445
13199.7	3.4369818829431447
13201.3	3.0172598829431445
13203.0	3.203303882943145
13204.7	2.936335282943145
13206.4	3.3804518829431442
13208.0	3.1703438829431443
13209.7	3.033313882943144
13211.4	2.365969882943144
13213.0	2.4626398829431446
13214.7	2.372973882943144
13216.4	3.5342968829431443
13218.0	3.8355058829431443
13219.7	4.328031882943145
13221.4	3.5533078829431446
13223.0	3.0246648829431444
13224.7	2.3042478829431445
13226.4	2.7944278829431446
13228.0	3.1829578829431444
13229.7	4.321694882943144
13231.4	4.015997882943144
13233.0	4.053745882943144
13234.7	2.8774248829431444
13236.4	2.489507882943145
13238.0	1.8953068829431445
13239.7	1.8133208829431446
13241.4	1.4436388829431446
13243.0	1.4885938829431447
13244.7	0.9642758829431445
13246.4	1.4375058829431444
13248.0	1.350234682943144
13249.7	2.0285816829431447
13251.4	2.2259039829431444
13253.1	2.362810482943144
13254.7	2.4195337829431445
13256.4	2.735570331943145
13258.1	2.732052182943144
13259.7	3.213075482943144
13261.4	3.4746618829431446
13263.1	4.0402558829431445
13264.7	4.455300882943145
13266.4	5.062270882943144
13268.1	5.105561882943144
13269.7	5.0089776729431446
13271.4	4.401930382943145
13273.1	3.7651428829431444
13274.7	3.0997708829431447
13276.4	3.004345882943144
13278.1	2.6657288829431445
13279.7	2.8901288829431446
13281.4	2.587331482943145
13283.1	2.697605082943144
13284.7	2.7125368829431444
13286.4	3.0656297829431454
13288.1	3.0934732829431444
13289.7	3.5749098829431447
13291.4	3.413923882943144
13293.1	3.6347048829431445
13294.7	3.266005882943144
13296.4	3.2043234829431446
13298.1	2.702008182943144
13299.8	2.3294904829431444
13301.4	1.239690582943144
13303.1	0.9084107829431446
13304.8	0.3384228829431444
13306.4	0.7869808829431446
13308.1	0.9607408829431445
13309.8	1.8280678829431445
13311.4	2.063219882943144
13313.1	2.2196268829431447
13314.8	1.6736938829431445
13316.4	1.5640498829431446
13318.1	1.0854038829431445
13319.8	1.4622858829431444
13321.4	1.2655838829431445
13323.1	1.6533337529431447
13324.8	1.6263043829431445
13326.4	1.8574400829431439
13328.1	1.5367555829431445
13329.8	1.9166966829431449
13331.4	1.9385368829431446
13333.1	2.2208498829431447
13334.8	2.1423957829431446
13336.4	2.405142582943145
13338.1	2.3736576829431453
13339.8	2.781581882943144
13341.5	2.5150658829431443
13343.1	2.706910882943145
13344.8	2.810887882943144
13346.5	3.3673518829431446
13348.1	3.7372088829431447
13349.8	4.352096882943144
13351.5	4.270405882943145
13353.1	3.9185948829431445
13354.8	3.125114682943144
13356.5	2.9996408829431447
13358.1	2.9847678829431445
13359.8	3.6137598829431448
13361.5	3.8919288829431453
13363.1	4.655042882943144
13364.8	4.386886882943144
13366.5	4.1324678829431445
13368.1	3.364205882943145
13369.8	3.2302388829431443
13371.5	3.0300338829431435
13373.1	3.5727163829431454
13374.8	3.6776548829431457
13376.5	4.4569128829431435
13378.1	4.357935882943144
13379.8	4.299726882943144
13381.5	3.5091518829431445
13383.1	3.2591448829431444
13384.8	2.622384882943144
13386.5	2.6808748829431446
13388.2	2.1275758829431455
13389.8	2.134281582943145
13391.5	1.586043882943144
13393.2	1.687533882943145
13394.8	1.4988268829431441
13396.5	1.6279998829431441
13398.2	1.3083598829431446
13399.8	1.6428368829431446
13401.5	1.1370418829431443
13403.2	1.4255208829431445
13404.8	1.652694882943144
13406.5	1.9052828829431445
13408.2	1.8005088829431444
13409.8	1.6235898829431448
13411.5	0.9281937129431446
13413.2	1.2620072829431443
13414.8	1.4341739829431444
13416.5	2.0252189109431447
13418.2	2.538509282943145
13419.8	3.196953282943144
13421.5	3.511051582943144
13423.2	3.953758682943145
13424.8	3.9312583829431444
13426.5	4.325028882943144
13428.2	3.954890882943144
13429.8	3.790141882943145
13431.5	3.3301480829431447
13433.2	3.5000664829431445
13434.9	3.332271882943144
13436.5	3.3641938829431446
13438.2	2.8419868829431447
13439.9	3.2449068829431447
13441.5	3.053803882943144
13443.2	2.958066882943145
13444.9	2.6464998829431448
13446.5	2.863986682943145
13448.2	2.7417815429431442
13449.9	3.2700481829431447
13451.5	3.243181882943145
13453.2	3.871686882943145
13454.9	3.8918218829431446
13456.5	3.8938218829431444
13458.2	3.3874706829431447
13459.9	3.2513878829431446
13461.5	2.528601082943145
13463.2	2.4326358829431447
13464.9	2.0554308829431442
13466.5	2.1392517829431443
13468.2	2.0053049829431444
13469.9	2.376752882943145
13471.5	2.511319982943145
13473.2	3.0559908829431444
13474.9	3.227118882943145
13476.5	4.173331882943144
13478.2	4.432421882943144
13479.9	4.561921882943144
13481.6	4.175786882943145
13483.2	3.9019438829431436
13484.9	3.3094028829431443
13486.6	3.129974482943145
13488.2	2.6668271829431442
13489.9	3.1591488829431453
13491.6	3.089097882943144
13493.2	3.4148606829431443
13494.9	3.172397682943145
13496.6	3.3464548829431435
13498.2	3.136004882943145
13499.9	3.362092882943144
13501.6	3.124352882943144
13503.2	3.3204178829431448
13504.9	2.5705338829431446
13506.6	2.335078882943144
13508.2	1.4717858829431438
13509.9	0.9948038829431443
13511.6	0.3410681829431447
13513.2	0.27446688294314453
13514.9	0.04118268294314449
13516.6	0.9507087829431446
13518.2	1.9850878829431444
13519.9	3.5328618829431435
13521.6	4.037151882943144
13523.3	4.145145882943145
13524.9	3.9063418829431447
13526.6	3.6862888829431446
13528.3	3.0910698829431444
13529.9	3.244190182943145
13531.6	3.058909382943144
13533.3	3.463327282943144
13534.9	3.0078940829431446
13536.6	2.811884882943145
13538.3	2.6820948829431446
13539.9	2.9482167729431445
13541.6	2.699602782943144
13543.3	2.6009874829431445
13544.9	1.9666495829431443
13546.6	2.1653556829431446
13548.3	1.785111882943145
13549.9	2.3823982829431447
13551.6	2.8272333829431444
13553.3	3.6771728829431454
13554.9	4.028230882943144
13556.6	4.064163882943144
13558.3	3.5909328829431444
13559.9	3.610539882943145
13561.6	3.014725882943145
13563.3	2.9445593829431447
13564.9	2.5736268829431443
13566.6	2.3288888829431444
13568.3	2.2648098829431444
13570.0	2.669635882943144
13571.6	2.583247482943144
13573.3	3.421254882943144
13575.0	3.6361987829431444
13576.6	4.131585882943144
13578.3	4.1170518829431435
13580.0	4.194902882943145
13581.6	3.3051188829431455
13583.3	3.1091705829431446
13585.0	1.8850798829431448
13586.6	1.7677668829431443
13588.3	1.3687378829431445
13590.0	1.827840882943144
13591.6	1.7413368829431444
13593.3	2.6697755829431444
13595.0	2.8036176829431447
13596.6	3.3444828829431446
13598.3	3.004478882943144
13600.0	3.320739882943145
13601.6	2.8536078829431446
13603.3	2.972896882943145
13605.0	2.4111998829431442
13606.6	2.2970528829431442
13608.3	1.9528177829431441
13610.0	2.135877882943144
13611.6	2.2624728829431446
13613.3	3.4340528829431447
13615.0	4.081961882943145
13616.7	4.875508882943145
13618.3	4.934922882943145
13620.0	5.116233882943145
13621.7	4.520284382943144
13623.3	4.180013482943145
13625.0	3.8510578829431443
13626.7	4.135405882943144
13628.3	3.995318882943144
13630.0	4.343290882943145
13631.7	4.100896882943144
13633.3	3.9219048829431444
13635.0	3.0304796829431444
13636.7	2.418098282943144
13638.3	1.8562668829431446
13640.0	2.0535668829431444
13641.7	2.1358168829431445
13643.3	2.826532882943144
13645.0	3.1334958829431447
13646.7	3.499648082943144
13648.3	3.393797182943145
13650.0	3.1224686829431443
13651.7	2.2296638829431448
13653.3	1.7906998829431444
13655.0	1.6565398829431444
13656.7	2.2492538829431443
13658.3	2.7969428829431444
13660.0	4.108837882943145
13661.7	4.892739882943144
13663.4	5.324706882943145
13665.0	4.814034882943146
13666.7	4.217691782943144
13668.4	3.388158682943145
13670.0	3.1436315829431445
13671.7	2.4988956029431444
13673.4	2.923968882943145
13675.0	2.7983158829431445
13676.7	2.940504882943144
13678.4	2.916838882943145
13680.0	3.2826058829431437
13681.7	3.1291608829431445
13683.4	3.799968882943144
13685.0	3.7147568829431443
13686.7	4.188900882943144
13688.4	4.342666882943145
13690.0	5.009336882943144
13691.7	5.167398882943145
13693.4	5.740017882943144
13695.0	5.474199882943144
13696.7	5.468259882943146
13698.4	4.974481882943143
13700.0	4.781328882943145
13701.7	4.2314348829431445
13703.4	4.555586882943144
13705.0	4.325760882943145
13706.7	4.5419458829431445
13708.4	4.564189882943145
13710.1	4.504118882943144
13711.7	3.505429882943145
13713.4	2.898234882943144
13715.1	1.8271138829431444
13716.7	1.8756898829431445
13718.4	1.944209882943144
13720.1	2.4453038829431444
13721.7	2.5974548829431443
13723.4	3.010984882943145
13725.1	2.300220202943145
13726.7	2.3033259829431447
13728.4	2.2689355829431443
13730.1	3.222752882943144
13731.7	3.8579502829431447
13733.4	4.866543182943144
13735.1	4.6225298829431445
13736.7	4.529518882943145
13738.4	3.560221882943145
13740.1	2.944089282943144
13741.7	2.2831338829431447
13743.4	2.285074882943145
13745.1	2.0213818829431447
13746.7	2.3419928829431447
13748.4	2.3293987829431444
13750.1	3.114715282943144
13751.8	3.592880882943144
13753.4	4.306141882943145
13755.1	4.361138882943144
13756.8	4.294515882943144
13758.4	3.9070098829431443
13760.1	3.9112514829431446
13761.8	3.5777468829431442
13763.4	4.064349882943144
13765.1	4.000888882943144
13766.8	4.282628882943145
13768.4	3.965791882943145
13770.1	3.8742058829431443
13771.8	3.5342508829431445
13773.4	3.5880068829431435
13775.1	2.897850882943144
13776.8	2.810406882943145
13778.4	2.3738838829431446
13780.1	2.4132018829431443
13781.8	2.122120882943144
13783.4	2.1986386829431446
13785.1	1.8149906829431444
13786.8	2.007256282943145
13788.4	2.0371059829431446
13790.1	2.9329328829431445
13791.8	3.568478882943144
13793.4	4.727967882943144
13795.1	4.577720882943145
13796.8	4.599692882943144
13798.5	3.8760018829431444
13800.1	3.7095488829431447
13801.8	3.693039882943144
13803.5	4.020995882943145
13805.1	3.647461882943144
13806.8	3.632843882943144
13808.5	2.579527882943144
13810.1	1.8259227829431446
13811.8	0.8010078829431441
13813.5	0.3125708829431445
13815.1	-0.019028117056855275
13816.8	0.14695188294314415
13818.5	0.46134308294314463
13820.1	1.2928278829431445
13821.8	2.0023578829431443
13823.5	2.644898882943145
13825.1	2.818324882943144
13826.8	2.9852458829431443
13828.5	2.5042750829431446
13830.1	2.560001882943144
13831.8	2.2206612829431447
13833.5	2.2967790829431443
13835.1	2.177346182943144
13836.8	2.0120934829431443
13838.5	1.9093703829431448
13840.1	2.007781882943145
13841.8	1.6570422829431444
13843.5	2.235868782943144
13845.2	2.5474359829431448
13846.8	3.4606652829431446
13848.5	3.732175782943145
13850.2	4.238580882943144
13851.8	4.131798882943144
13853.5	4.412960782943144
13855.2	3.857891082943145
13856.8	3.8161378829431443
13858.5	3.6375258829431445
13860.2	3.8979978829431445
13861.8	3.781563882943144
13863.5	4.053763882943144
13865.2	3.555018882943145
13866.8	3.817881882943145
13868.5	3.701007882943144
13870.2	4.396079882943144
13871.8	4.483684882943145
13873.5	4.685427882943146
13875.2	4.3129367829431455
13876.8	3.5247414829431447
13878.5	2.3398058829431445
13880.2	2.0461788829431447
13881.8	2.049743162943144
13883.5	3.270858882943145
13885.2	3.7517128829431443
13886.8	4.445833882943146
13888.5	4.136634882943144
13890.2	4.081017882943145
13891.9	3.1278198829431445
13893.5	2.6844598829431447
13895.2	2.174985882943144
13896.9	2.100845882943145
13898.5	1.5993614829431446
13900.2	1.6321458829431446
13901.9	1.0177049829431442
13903.5	1.8738284829431442
13905.2	2.018245882943144
13906.9	2.6120578829431444
13908.5	2.8047828829431447
13910.2	2.9852338829431444
13911.9	2.2973958829431447
13913.5	2.0705868829431444
13915.2	1.6239468829431445
13916.9	2.360962882943144
13918.5	2.6941168829431446
13920.2	3.361078082943144
13921.9	3.368458882943144
13923.5	3.3203954829431455
13925.2	2.6645398829431444
13926.9	2.5495899829431443
13928.5	2.461911382943145
13930.2	2.7312298829431447
13931.9	2.3728878829431443
13933.6	2.0956078829431446
13935.2	1.6805338829431449
13936.9	1.9272218829431444
13938.6	1.977193382943144
13940.2	2.936934382943144
13941.9	3.492767582943145
13943.6	3.766811882943144
13945.2	3.3887278829431438
13946.9	3.3604458829431443
13948.6	2.673429882943145
13950.2	3.1025128829431443
13951.9	2.9868988829431453
13953.6	3.4863798829431447
13955.2	3.463312882943144
13956.9	3.774713882943145
13958.6	3.391961882943144
13960.2	3.8954098829431443
13961.9	3.174827882943144
13963.6	3.1865038829431445
13965.2	3.1761498829431445
13966.9	3.7097988829431445
13968.6	3.859195882943145
13970.2	4.549003882943143
13971.9	4.355973882943145
13973.6	4.113533882943144
13975.2	2.6278712729431444
13976.9	1.661577782943145
13978.6	1.2235804829431447
13980.3	1.3523357829431444
13981.9	1.8936458829431444
13983.6	2.8493628829431445
13985.3	3.3755738829431445
13986.9	3.6535968829431447
13988.6	2.7048374829431445
13990.3	2.233896882943145
13991.9	1.7125048829431442
13993.6	1.5471798829431447
13995.3	1.545795582943145
13996.9	2.097116882943144
13998.6	2.4632211829431445
14000.3	3.1989578829431444
14001.9	3.186131882943145
14003.6	3.9062918829431448
14005.3	3.9888868829431443
14006.9	4.507737882943144
14008.6	4.498779382943145
14010.3	4.523780882943145
14011.9	4.077494882943144
14013.6	3.861520882943144
14015.3	2.981852482943144
14016.9	3.2867990129431432
14018.6	2.9853568829431447
14020.3	3.5477898829431447
14021.9	4.347550882943144
14023.6	5.256075882943144
14025.3	5.579877882943144
14027.0	5.592186882943146
14028.6	3.8143968829431443
14030.3	2.8592218829431446
14032.0	1.586739882943144
14033.6	1.3926568829431445
14035.3	2.197203882943145
14037.0	4.175861082943145
14038.6	5.592508882943145
14040.3	6.639206882943144
14042.0	6.030163882943144
14043.6	5.494414882943144
14045.3	4.944388882943145
14047.0	4.895344882943145
14048.6	4.634790882943145
14050.3	4.868900882943145
14052.0	4.850833282943144
14053.6	4.691146382943144
14055.3	4.130888882943145
14057.0	3.9916678829431453
14058.6	3.571497882943144
14060.3	3.4104018829431446
14062.0	2.5330358829431447
14063.6	1.7128438829431445
14065.3	0.9189816829431443
14067.0	1.003745782943144
14068.6	1.0649252829431446
14070.3	1.8953222829431446
14072.0	2.4152218829431447
14073.7	3.416916882943144
14075.3	3.6331788829431444
14077.0	4.423370682943144
14078.7	4.461124882943144
14080.3	4.835519882943144
14082.0	4.726668882943145
14083.7	4.538351882943145
14085.3	3.927091882943145
14087.0	3.694703882943144
14088.7	2.9414978829431444
14090.3	2.908656882943144
14092.0	2.5245898829431446
14093.7	2.4937028829431447
14095.3	2.3980288829431453
14097.0	2.714208882943144
14098.7	2.8132638829431444
14100.3	3.540978882943145
14102.0	3.5488838829431444
14103.7	3.6628028829431445
14105.3	3.1155318829431446
14107.0	2.6368948829431447
14108.7	2.1247818829431444
14110.3	2.3855268829431444
14112.0	2.3233518829431445
14113.7	2.8257788829431445
14115.4	2.8940118829431443
14117.0	3.0522238829431445
14118.7	2.8069628829431443
14120.4	3.1080808829431446
14122.0	3.0228668829431444
14123.7	3.3380448829431444
14125.4	3.0205448829431445
14127.0	3.146812882943144
14128.7	3.2343118829431448
14130.4	3.9492258829431437
14132.0	3.9227938829431444
14133.7	4.1162708829431445
14135.4	3.715824882943145
14137.0	3.8920098829431446
14138.7	3.8793058829431444
14140.4	4.441922882943144
14142.0	4.808202882943145
14143.7	4.978462882943145
14145.4	4.3516381829431445
14147.0	3.6104218829431445
14148.7	2.9747761829431445
14150.4	2.6682516829431444
14152.0	2.6596668829431445
14153.7	2.979490882943145
14155.4	3.295099882943145
14157.0	3.8593898829431446
14158.7	4.176850782943145
14160.4	4.203451282943145
14162.1	4.046898882943145
14163.7	3.9742218829431453
14165.4	3.7701051829431456
14167.1	4.198900182943146
14168.7	4.512799882943144
14170.4	5.112430882943143
14172.1	5.469132882943144
14173.7	5.558809882943145
14175.4	4.717889882943146
14177.1	4.730302882943144
14178.7	4.213276882943144
14180.4	4.240215882943144
14182.1	3.835068882943145
14183.7	4.199755882943144
14185.4	4.4537428829431445
14187.1	5.043624882943144
14188.7	4.995887582943145
14190.4	5.743015182943145
14192.1	5.6124708829431444
14193.7	5.955909882943144
14195.4	5.477637882943144
14197.1	5.622441182943145
14198.7	5.536078882943145
14200.4	5.673445882943145
14202.1	5.330294882943144
14203.7	5.257838882943144
14205.4	4.582968882943144
14207.1	4.408344382943144
14208.8	4.055328882943145
14210.4	3.7799708829431444
14212.1	3.337130882943144
14213.8	2.959883882943145
14215.4	2.1746731829431445
14217.1	1.7483595829431444
14218.8	0.6803718829431445
14220.4	0.44790188294314454
14222.1	0.3956198829431445
14223.8	0.39246688294314447
14225.4	0.6359858829431444
14227.1	1.1059098829431442
14228.8	1.2538048829431445
14230.4	1.9775678829431442
14232.1	2.0849778829431442
14233.8	2.561863182943145
14235.4	2.7847078829431444
14237.1	2.810176882943144
14238.8	2.8666848829431446
14240.4	3.036629882943145
14242.1	3.0551411829431445
14243.8	3.4726138829431443
14245.4	3.550933882943145
14247.1	3.8190798829431443
14248.8	3.741396882943144
14250.4	3.7628168829431443
14252.1	3.8646128829431445
14253.8	4.003682882943144
14255.5	4.018461882943145
14257.1	4.372626882943145
14258.8	4.370409882943145
14260.5	4.533533882943145
14262.1	3.9120388829431447
14263.8	3.0809588829431447
14265.5	2.072115282943145
14267.1	1.4260538829431446
14268.8	1.1439228829431445
14270.5	1.9906858829431442
14272.1	2.602977882943145
14273.8	3.6781408829431443
14275.5	3.9361588829431446
14277.1	4.0666803829431455
14278.8	3.548278682943144
14280.5	3.218897582943145
14282.1	2.739566482943144
14283.8	3.0300074829431445
14285.5	2.8256945829431444
14287.1	3.3976218829431444
14288.8	3.454832882943145
14290.5	3.8701838829431443
14292.1	3.2746288829431442
14293.8	2.8191288829431445
14295.5	1.7505410829431445
14297.2	1.6344248829431443
14298.8	0.7885828829431442
14300.5	0.6774713829431445
14302.2	0.11939728294314449
14303.8	0.32336388294314455
14305.5	-0.1045681170568555
14307.2	0.47566488294314474
14308.8	0.8876968829431444
14310.5	2.145887882943144
14312.2	2.341731882943144
14313.8	2.3859508829431446
14315.5	1.8501928829431442
14317.2	2.1180055829431446
14318.8	2.2329608829431438
14320.5	3.111494882943145
14322.2	3.4797438829431444
14323.8	4.1597398829431445
14325.5	4.138514882943144
14327.2	4.011158882943144
14328.8	3.307993882943144
14330.5	3.2406820829431453
14332.2	2.618828882943144
14333.8	2.2537878829431444
14335.5	1.493941882943145
14337.2	1.4695658829431442
14338.8	1.5034191829431442
14340.5	2.174974882943144
14342.2	2.962815882943145
14343.9	3.8809958829431443
14345.5	4.350103882943144
14347.2	4.859142882943145
14348.9	4.484038882943144
14350.5	4.553703882943144
14352.2	4.0404303829431445
14353.9	3.751860882943144
14355.5	3.259835882943144
14357.2	3.045712882943145
14358.9	2.3629529829431446
14360.5	2.653586882943144
14362.2	2.7579616829431446
14363.9	3.6188089829431447
14365.5	3.8349963829431446
14367.2	4.348774292943145
14368.9	3.8567687829431443
14370.5	4.126077082943144
14372.2	3.9844418829431447
14373.9	4.3429888829431444
14375.5	4.459880882943144
14377.2	4.941355882943144
14378.9	4.746208882943145
14380.5	4.604485882943144
14382.2	3.714707882943144
14383.9	3.534481882943144
14385.5	3.0115523829431448
14387.2	3.0996028829431443
14388.9	3.219635292943144
14390.6	3.8400428829431448
14392.2	4.361684882943145
14393.9	5.066852882943143
14395.6	5.187693882943144
14397.2	5.514131882943145
14398.9	4.849401882943144
14400.6	4.1847340829431445
14402.2	3.226642882943145
14403.9	2.4115008829431437
14405.6	1.9049218829431438
14407.2	2.5181028829431447
14408.9	2.9930438829431445
14410.6	4.350740882943144
14412.2	4.788883882943145
14413.9	4.803104252943145
14415.6	3.952907882943145
14417.2	2.940458282943144
14418.9	1.4833776829431444
14420.6	1.0675968829431444
14422.2	0.4224278829431447
14423.9	1.0434768829431442
14425.6	1.5161672829431445
14427.2	2.226012082943144
14428.9	2.3717713829431446
14430.6	3.0395467829431446
14432.2	3.4133833829431444
14433.9	4.397200882943144
14435.6	4.529644882943144
14437.3	4.958089882943144
14438.9	4.236490882943144
14440.6	3.4904508829431444
14442.3	2.213222882943145
14443.9	1.6671448829431448
14445.6	1.2659574829431444
14447.3	1.6308863829431446
14448.9	1.0721678829431442
14450.6	1.2679877829431443
14452.3	0.8564524829431445
14453.9	0.8696471829431445
14455.6	0.2620557829431445
14457.3	0.40867258294314446
14458.9	0.4074686829431446
14460.6	1.2865768829431445
14462.3	1.9193685829431444
14463.9	3.6172333829431444
14465.6	4.648748882943144
14467.3	6.069342882943145
14468.9	6.164886882943145
14470.6	5.818393882943146
14472.3	4.710838882943145
14473.9	3.8876758829431446
14475.6	3.0499198829431444
14477.3	3.0743529829431444
14479.0	2.794134882943144
14480.6	2.9688178829431444
14482.3	2.6976398829431445
14484.0	2.437025882943144
14485.6	2.447555282943145
14487.3	3.204459882943145
14489.0	3.901723882943144
14490.6	4.527316882943144
14492.3	3.975111882943144
14494.0	3.5439012829431453
14495.6	2.774489182943145
14497.3	2.4094878829431443
14499.0	2.343877882943145
14500.6	2.909788882943144
14502.3	3.4266877829431435
14504.0	4.008685882943144
14505.6	4.122257882943145
14507.3	4.093690982943144
14509.0	3.9011338829431432
14510.6	4.014491882943145
14512.3	3.7440108829431438
14514.0	3.8067558829431443
14515.6	4.010874582943145
14517.3	4.378225882943144
14519.0	4.664604882943145
14520.6	4.927546882943145
14522.3	4.995096882943143
14524.0	5.357074882943143
14525.7	4.719795882943145
14527.3	4.161287882943144
14529.0	3.428600682943144
14530.7	3.0485078829431442
14532.3	2.9366528829431453
14534.0	3.2736358829431453
14535.7	3.3722718829431444
14537.3	3.8762424829431446
14539.0	3.733819482943145
14540.7	3.901676282943144
14542.3	4.4034048829431445
14544.0	4.992298882943144
14545.7	5.126807882943145
14547.3	5.336718882943145
14549.0	4.395742882943145
14550.7	3.7374438829431447
14552.3	3.0396848829431447
14554.0	2.816988882943144
14555.7	3.079118882943144
14557.3	4.060149882943144
14559.0	4.471493882943145
14560.7	5.429259782943143
14562.3	5.793077882943145
14564.0	5.927360882943145
14565.7	5.577387882943145
14567.3	5.519890882943144
14569.0	5.437201482943144
14570.7	5.916381982943145
14572.4	5.800507882943146
14574.0	5.7630218829431445
14575.7	5.073768882943145
14577.4	4.370422882943144
14579.0	3.507322882943144
14580.7	3.4555515829431456
14582.4	3.2883566829431445
14584.0	3.4492658829431435
14585.7	3.0681618829431443
14587.4	2.9468952829431445
14589.0	2.6775033829431445
14590.7	2.917912882943144
14592.4	2.7791288829431444
14594.0	2.9230275829431447
14595.7	2.640276082943145
14597.4	2.461236882943144
14599.0	2.3529698829431447
14600.7	3.0573998829431446
14602.4	3.305735882943145
14604.0	3.7875798829431444
14605.7	3.5647598829431444
14607.4	3.299039882943144
14609.0	2.884669882943144
14610.7	3.109475882943145
14612.4	3.1085748829431443
14614.0	3.8555868829431446
14615.7	4.140315882943144
14617.4	4.2099508829431445
14619.1	3.6330778829431436
14620.7	3.842413882943144
14622.4	3.616817882943144
14624.1	3.795703882943145
14625.7	3.705516082943144
14627.4	3.186707882943145
14629.1	2.1170068829431443
14630.7	1.8638188829431441
14632.4	1.5644698829431445
14634.1	2.3389748829431447
14635.7	3.232089882943145
14637.4	4.302185882943144
14639.1	4.507309882943145
14640.7	4.470519882943145
14642.4	4.037815882943145
14644.1	4.368668882943145
14645.7	4.6929424829431445
14647.4	5.066090882943144
14649.1	4.921201882943145
14650.7	5.296735882943145
14652.4	4.573821882943145
14654.1	4.195111882943144
14655.7	3.7879038829431435
14657.4	3.7653388829431442
14659.1	3.5089528829431442
14660.8	3.2916328829431434
14662.4	2.8744088829431442
14664.1	3.0555648829431448
14665.8	2.8987998829431443
14667.4	3.7909498829431443
14669.1	4.576336882943145
14670.8	4.988763282943145
14672.4	4.472116882943144
14674.1	3.569556882943145
14675.8	2.3178898829431445
14677.4	2.028572882943145
14679.1	1.9545854829431444
14680.8	3.047667582943145
14682.4	4.256215282943144
14684.1	5.173599102943144
14685.8	5.391402882943144
14687.4	6.014821082943145
14689.1	5.363723882943145
14690.8	4.739819882943146
14692.4	3.4452128829431445
14694.1	2.7871308829431447
14695.8	2.3043598829431446
14697.4	2.7671728829431443
14699.1	3.1100888829431446
14700.8	4.357638882943144
14702.4	4.457794882943145
14704.1	4.660987482943145
14705.8	4.021113882943145
14707.5	3.9990358829431445
14709.1	3.5427609829431455
14710.8	3.691739682943144
14712.5	3.6315873829431453
14714.1	3.978330882943145
14715.8	3.637322882943144
14717.5	3.780480882943144
14719.1	3.5886268829431445
14720.8	4.019049882943145
14722.5	4.0964968829431445
14724.1	4.549552882943144
14725.8	4.4163878829431455
14727.5	4.198783882943144
14729.1	3.405573582943144
14730.8	3.0441318829431445
14732.5	2.1084428829431445
14734.1	1.6138349029431445
14735.8	1.2134068829431448
14737.5	1.7158108829431449
14739.1	1.9597458829431447
14740.8	3.104568882943145
14742.5	3.8233718829431447
14744.1	4.682595882943144
14745.8	4.590737882943144
14747.5	4.430421882943145
14749.1	4.061672882943144
14750.8	4.009995882943144
14752.5	3.291846882943144
14754.2	2.9551638829431446
14755.8	2.587454882943144
14757.5	2.6668508829431445
14759.2	2.5827188829431442
14760.8	3.0430848829431447
14762.5	3.160409882943144
14764.2	3.531300882943144
14765.8	3.811341882943144
14767.5	4.463499882943144
14769.2	4.684707962943144
14770.8	5.106896882943144
14772.5	4.604819882943145
14774.2	3.9902478829431445
14775.8	3.041478882943144
14777.5	2.3585114829431446
14779.2	1.9656718829431448
14780.8	2.687753882943144
14782.5	3.2941729829431443
14784.2	4.721316882943144
14785.8	5.560064582943144
14787.5	6.177295882943144
14789.2	6.056342882943144
14790.8	6.013494882943144
14792.5	5.309393882943144
14794.2	5.729261882943145
14795.8	5.613320882943146
14797.5	6.113777882943144
14799.2	5.928018882943144
14800.9	5.772234882943144
14802.5	4.908461882943146
14804.2	4.695993122943144
14805.9	3.982311882943145
14807.5	3.930705882943144
14809.2	3.2228870829431444
14810.9	2.773356882943145
14812.5	1.8103448829431443
14814.2	1.6115918829431444
14815.9	1.5781328829431445
14817.5	2.5124858829431447
14819.2	3.6429148829431446
14820.9	4.666208882943144
14822.5	4.826581382943145
14824.2	4.581561782943145
14825.9	3.3595188829431444
14827.5	2.9114068829431443
14829.2	2.1975248829431444
14830.9	1.7137138829431442
14832.5	1.1186708829431447
14834.2	1.2959688829431444
14835.9	1.4742748829431442
14837.5	2.2350708829431447
14839.2	2.8901458829431452
14840.9	3.9226443829431448
14842.6	4.3098838829431445
14844.2	4.584734882943145
14845.9	3.9691148829431455
14847.6	4.145628882943145
14849.2	3.833250882943145
14850.9	3.728390882943144
14852.6	3.7872308829431445
14854.2	4.079271882943145
14855.9	4.247545882943145
14857.6	4.634196882943145
14859.2	4.450134882943145
14860.9	4.921292882943145
14862.6	4.618373882943144
14864.2	4.1170018829431445
14865.9	3.4605206829431445
14867.6	2.905268882943145
14869.2	2.4902048829431442
14870.9	3.187837282943145
14872.6	3.7656958829431453
14874.2	5.414460882943144
14875.9	5.988745882943145
14877.6	6.161211882943145
14879.2	5.301052882943144
14880.9	4.107189882943145
14882.6	2.3288527629431446
14884.2	1.5587108829431446
14885.9	0.9815868829431444
14887.6	1.9375158829431445
14889.3	2.9236828829431447
14890.9	4.349628882943145
14892.6	5.436339882943145
14894.3	6.5523348829431445
14895.9	6.901237882943144
14897.6	6.986949882943144
14899.3	6.375762882943144
14900.9	5.463804582943145
14902.6	4.110534882943144
14904.3	3.1682598829431443
14905.9	2.0963298829431443
14907.6	2.023681882943144
14909.3	2.095475882943145
14910.9	2.786791882943144
14912.6	3.1577778829431447
14914.3	3.784593882943143
14915.9	3.657784882943144
14917.6	3.8405678829431444
14919.3	3.455168882943144
14920.9	3.6074238829431438
14922.6	3.707007882943145
14924.3	4.797707882943144
14925.9	5.0101488829431435
14927.6	5.426374882943143
14929.3	5.2521808829431444
14930.9	5.074367882943145
14932.6	4.513136882943144
14934.3	4.216041882943145
14936.0	3.750890882943144
14937.6	3.9561939829431436
14939.3	3.906398282943144
14941.0	3.9515565829431445
14942.6	3.954812882943145
14944.3	3.824314882943144
14946.0	3.1030348829431444
14947.6	2.9018338829431443
14949.3	2.483456882943144
14951.0	2.2837438829431442
14952.6	2.0762676829431443
14954.3	2.650791182943144
14956.0	2.5188254829431442
14957.6	2.9473922029431447
14959.3	2.6814156829431446
14961.0	2.647504882943145
14962.6	2.575649882943145
14964.3	2.526980882943145
14966.0	2.2547358829431445
14967.6	3.2969878829431445
14969.3	3.596700782943144
14971.0	4.259642882943145
14972.6	4.337145882943145
14974.3	4.656303882943145
14976.0	4.6732254829431445
14977.6	4.998791882943144
14979.3	4.878847882943145
14981.0	5.124602882943145
14982.7	4.616449882943145
14984.3	4.2894878829431455
14986.0	3.4131138829431444
14987.7	3.4139018829431445
14989.3	2.741049882943144
14991.0	2.9521988829431445
14992.7	3.0522141939431444
14994.3	3.9771758829431447
14996.0	4.513440882943144
14997.7	4.867640882943144
14999.3	4.577519882943145
15001.0	4.778544882943144
15002.7	4.419710882943145
15004.3	5.129422882943144
15006.0	5.990280882943145
15007.7	7.477300882943143
15009.3	7.728142882943144
15011.0	7.370557882943146
15012.7	6.255538882943144
15014.3	5.226544882943144
15016.0	4.230518882943145
15017.7	4.515265882943145
15019.3	4.773226882943144
15021.0	6.101235882943144
15022.7	6.611211882943145
15024.4	6.940775882943143
15026.0	6.389186882943146
15027.7	5.462573882943145
15029.4	3.702131732943145
15031.0	2.651004882943144
15032.7	1.4352975829431447
15034.4	1.3048818829431443
15036.0	1.7582268829431449
15037.7	2.9548478829431444
15039.4	3.5530598829431446
15041.0	4.420077882943145
15042.7	3.9309148829431444
15044.4	3.4752538829431443
15046.0	2.863778882943145
15047.7	2.6122028829431447
15049.4	2.7004480829431445
15051.0	3.5259565829431443
15052.7	3.7466518829431443
15054.4	4.945874382943144
15056.0	5.0839408829431445
15057.7	5.449600882943145
15059.4	5.2728448829431445
15061.0	5.234528882943144
15062.7	4.975676882943145
15064.4	5.403374882943145
15066.0	5.113956882943144
15067.7	5.120359782943145
15069.4	4.287308882943144
15071.1	3.9029078829431443
15072.7	3.793925882943145
15074.4	4.296055882943145
15076.1	4.610516882943143
15077.7	5.170938882943145
15079.4	4.802654382943144
15081.1	4.301919882943144
15082.7	3.461796882943145
15084.4	3.2209868829431443
15086.1	2.8207440829431443
15087.7	3.008379882943145
15089.4	2.7129469829431443
15091.1	2.4130612829431444
15092.7	2.1351528829431445
15094.4	2.582246882943144
15096.1	2.842464982943145
15097.7	3.9051978829431446
15099.4	4.373788882943144
15101.1	5.196201882943145
15102.7	5.902380882943145
15104.4	6.616010882943145
15106.1	6.666744882943145
15107.7	6.748352882943145
15109.4	5.588607882943145
15111.1	5.015751882943144
15112.7	4.189310882943145
15114.4	4.212781882943144
15116.1	4.243561882943145
15117.8	5.045293882943144
15119.4	5.325611882943145
15121.1	5.846967882943145
15122.8	5.907480882943145
15124.4	6.226933882943145
15126.1	5.882975882943144
15127.8	5.4652058829431445
15129.4	4.2164948829431435
15131.1	3.3244298829431442
15132.8	2.5867044829431447
15134.4	2.135063882943144
15136.1	2.105343882943145
15137.8	2.5423358829431444
15139.4	2.962313882943145
15141.1	4.077023982943144
15142.8	4.769265582943144
15144.4	5.486062882943144
15146.1	5.3175796129431445
15147.8	4.685392882943145
15149.4	3.614440882943145
15151.1	2.9553518829431447
15152.8	2.3595868829431446
15154.4	2.9417048829431445
15156.1	3.2887198829431448
15157.8	3.9768528829431444
15159.4	3.817860882943144
15161.1	3.362159882943144
15162.8	2.5154013829431445
15164.5	1.8758199829431448
15166.1	1.5161928829431448
15167.8	2.0935098829431444
15169.5	2.650319882943145
15171.1	3.700382882943144
15172.8	4.190212882943144
15174.5	4.6633938829431445
15176.1	4.586575882943146
15177.8	4.854796582943146
15179.5	4.930155882943145
15181.1	6.017816882943144
15182.8	6.228120882943145
15184.5	6.413808882943144
15186.1	5.910182882943145
15187.8	4.786359982943145
15189.5	3.443194882943145
15191.1	2.922666882943145
15192.8	2.073669882943144
15194.5	2.4807628829431443
15196.1	2.3560938829431435
15197.8	2.4852968829431448
15199.5	2.3385722829431446
15201.1	2.0885658829431444
15202.8	1.3715218829431444
15204.5	2.0925208829431443
15206.2	2.8075508829431444
15207.8	4.130243882943145
15209.5	5.307098882943144
15211.2	6.3503218829431445
15212.8	6.352483882943144
15214.5	6.371040882943143
15216.2	5.000162882943145
15217.8	4.526336882943144
15219.5	3.877010882943144
15221.2	3.728908582943144
15222.8	3.770077882943145
15224.5	3.9407888829431448
15226.2	4.0795688829431445
15227.8	4.493084882943145
15229.5	4.058329882943144
15231.2	4.466390882943144
15232.8	4.180011882943144
15234.5	4.376941282943145
15236.2	4.2417706829431445
15237.8	4.467689882943145
15239.5	4.350436882943145
15241.2	4.587539282943145
15242.8	4.159738882943144
15244.5	4.419120882943145
15246.2	3.9186568829431443
15247.8	4.250086982943144
15249.5	4.067371882943145
15251.2	4.557364882943144
15252.9	4.733506882943145
15254.5	4.591906882943144
15256.2	4.043221882943144
15257.9	4.051255582943144
15259.5	3.704167682943144
15261.2	3.730013882943144
15262.9	3.407547882943144
15264.5	3.632973882943145
15266.2	3.7501598829431444
15267.9	4.018675982943145
15269.5	4.3708648829431445
15271.2	4.649446882943144
15272.9	4.337866882943144
15274.5	3.849775282943144
15276.2	3.1892907829431443
15277.9	3.2478101829431445
15279.5	3.726754882943144
15281.2	4.439050682943144
15282.9	5.097139882943145
15284.5	5.340102882943144
15286.2	4.226164882943145
15287.9	3.4611628829431447
15289.5	2.619889882943145
15291.2	2.514080282943144
15292.9	2.6633538829431447
15294.5	3.2588368829431444
15296.2	3.373572182943144
15297.9	3.642085882943145
15299.6	2.632178882943145
15301.2	1.9401432829431442
15302.9	1.0225535829431442
15304.6	0.5850758829431446
15306.2	0.04769298294314419
15307.9	0.4101908829431446
15309.6	0.3169629829431445
15311.2	1.3809618829431447
15312.9	2.8839438829431443
15314.6	4.474839882943144
15316.2	5.421455882943144
15317.9	5.919511882943145
15319.6	4.8523428829431445
15321.2	3.855558882943145
15322.9	2.5655308829431447
15324.6	2.4941628829431446
15326.2	3.094525882943144
15327.9	4.527268882943145
15329.6	5.049108882943145
15331.2	5.294337882943145
15332.9	4.363255882943145
15334.6	3.4479788829431435
15336.2	2.496497882943145
15337.9	2.4491247829431453
15339.6	2.6244858829431448
15341.2	3.5827547829431454
15342.9	4.183751482943144
15344.6	4.888313222943145
15346.3	4.869756882943144
15347.9	4.833404782943144
15349.6	4.198672882943145
15351.3	3.6405258829431446
15352.9	2.7144995829431444
15354.6	2.128525882943145
15356.3	1.3674288829431442
15357.9	1.2300478829431445
15359.6	1.3210088829431441
15361.3	2.0611988829431445
15362.9	2.401214882943145
15364.6	3.2196448829431445
15366.3	3.607961882943145
15367.9	3.8235318829431444
15369.6	3.7311638829431444
15371.3	3.8864568829431447
15372.9	4.063027882943145
15374.6	4.565462882943143
15376.3	4.348992882943145
15377.9	4.451164882943145
15379.6	4.128936882943144
15381.3	4.073116882943145
15382.9	4.209242882943144
15384.6	4.828950882943144
15386.3	5.098291882943143
15388.0	5.451082882943145
15389.6	4.371520882943144
15391.3	3.753063882943144
15393.0	2.6811709829431445
15394.6	2.2807508829431447
15396.3	2.435046882943144
15398.0	3.1586518829431443
15399.6	3.449974882943144
15401.3	4.342657882943145
15403.0	4.123798882943144
15404.6	4.455958882943143
15406.3	4.328483882943145
15408.0	4.157924882943144
15409.6	3.297620082943144
15411.3	2.566582882943144
15413.0	1.3753978829431444
15414.6	1.1621398829431444
15416.3	1.3289071829431445
15418.0	2.815099514943145
15419.6	4.4315277329431435
15421.3	6.318591882943144
15423.0	6.916159882943144
15424.6	7.312409882943145
15426.3	7.144019182943144
15428.0	7.094806882943144
15429.6	6.680414882943145
15431.3	6.2469328829431445
15433.0	5.326701882943145
15434.7	4.361216882943143
15436.3	2.8751028829431444
15438.0	2.8821398829431444
15439.7	3.151973182943145
15441.3	4.215126882943144
15443.0	4.714947882943145
15444.7	4.685844882943146
15446.3	4.523661882943145
15448.0	4.196564882943145
15449.7	3.532872882943144
15451.3	4.374282882943144
15453.0	4.864471882943144
15454.7	5.681072882943144
15456.3	5.840006882943145
15458.0	5.974861882943145
15459.7	5.978754882943145
15461.3	5.423196882943144
15463.0	4.582572882943145
15464.7	4.049442882943144
15466.3	3.5480358829431444
15468.0	3.2904928829431435
15469.7	2.801636882943144
15471.3	2.6137608829431445
15473.0	2.379571422943145
15474.7	1.9401398829431442
15476.3	1.596826882943144
15478.0	1.7437388829431442
15479.7	2.1301522829431447
15481.4	2.730213982943144
15483.0	2.9222728829431444
15484.7	3.1658108829431457
15486.4	3.1159368829431444
15488.0	3.616464882943144
15489.7	4.029056882943144
15491.4	5.132091882943145
15493.0	5.774669882943144
15494.7	6.518027882943144
15496.4	6.351602882943145
15498.0	6.076435882943145
15499.7	4.6325698829431445
15501.4	3.7903778829431447
15503.0	2.6173568829431444
15504.7	2.793055882943144
15506.4	2.8975678829431444
15508.0	3.762604882943145
15509.7	3.9987248829431445
15511.4	4.7174868829431436
15513.0	4.725575882943144
15514.7	5.393470882943145
15516.4	5.709202882943144
15518.0	6.220259882943145
15519.7	5.833225882943145
15521.4	6.015688882943144
15523.0	5.190677882943144
15524.7	5.205841882943145
15526.4	5.1490648829431445
15528.1	5.510217882943144
15529.7	5.049902882943144
15531.4	4.770331882943145
15533.1	3.6996928029431446
15534.7	3.972035882943145
15536.4	3.6784578829431447
15538.1	4.4286438829431445
15539.7	4.602329882943144
15541.4	5.844520882943144
15543.1	6.078328882943143
15544.7	6.418363882943145
15546.4	5.888954882943144
15548.1	5.702425882943145
15549.7	4.8613658829431445
15551.4	4.218455282943144
15553.1	3.1651038829431437
15554.7	3.0538028829431445
15556.4	2.4553200829431443
15558.1	2.4558838829431444
15559.7	2.6162438829431442
15561.4	3.577804882943144
15563.1	4.757294882943144
15564.7	5.985598882943146
15566.4	6.235272882943144
15568.1	6.299454882943146
15569.8	5.2919648829431445
15571.4	4.111885882943144
15573.1	2.6524608829431444
15574.8	2.410042882943144
15576.4	1.7148208829431446
15578.1	2.2882458829431442
15579.8	2.8299728829431445
15581.4	3.3893724829431435
15583.1	3.9070978829431446
15584.8	4.670200882943144
15586.4	4.787113082943145
15588.1	5.995507882943145
15589.8	6.455937882943144
15591.4	7.1771638829431454
15593.1	7.460932882943146
15594.8	7.542203882943144
15596.4	7.348166882943144
15598.1	7.366349882943145
15599.8	6.136511282943145
15601.4	5.176717782943145
15603.1	3.9197288829431445
15604.8	2.936671882943145
15606.4	2.388811882943145
15608.1	2.586035942943144
15609.8	2.6603138829431443
15611.4	3.197192882943144
15613.1	3.1632648829431433
15614.8	3.6574848829431446
15616.5	4.180018882943146
15618.1	4.592503882943145
15619.8	4.594244882943144
15621.5	4.829012882943145
15623.1	4.195675882943144
15624.8	4.050637882943144
15626.5	3.462152882943145
15628.1	3.612703882943145
15629.8	3.588449882943145
15631.5	3.7455848829431444
15633.1	3.771107882943144
15634.8	4.571267882943145
15636.5	4.812492882943145
15638.1	5.572871882943145
15639.8	5.646932882943146
15641.5	5.763527182943145
15643.1	5.217644882943145
15644.8	4.734723882943145
15646.5	3.7154848829431453
15648.1	3.3872148829431437
15649.8	3.5306598829431453
15651.5	4.7548698829431455
15653.1	5.799453882943143
15654.8	6.912557882943145
15656.5	7.131004882943143
15658.1	7.291576882943144
15659.8	6.325893882943145
15661.5	6.018471882943144
15663.2	5.468057882943145
15664.8	5.906542882943144
15666.5	5.737860482943145
15668.2	5.1471357829431446
15669.8	4.380793882943145
15671.5	3.307516882943145
15673.2	2.0801708829431442
15674.8	2.155912882943144
15676.5	2.349223882943144
15678.2	3.6648138829431445
15679.8	4.474093882943145
15681.5	4.739811582943145
15683.2	4.486993882943144
15684.8	3.821003782943145
15686.5	2.857887882943144
15688.2	3.0897238829431446
15689.8	3.367420882943145
15691.5	4.3180298829431445
15693.2	4.5624008829431455
15694.8	4.934777882943145
15696.5	4.394496882943145
15698.2	4.132179882943144
15699.8	3.404865682943144
15701.5	3.5966618829431445
15703.2	4.024538882943144
15704.8	5.3440438829431445
15706.5	6.036506882943144
15708.2	6.735181882943143
15709.9	6.889664882943144
15711.5	6.609534882943143
15713.2	5.928182282943144
15714.9	5.650254982943145
15716.5	5.252634882943144
15718.2	5.683177882943144
15719.9	5.573099882943144
15721.5	5.568066882943144
15723.2	5.821656882943144
15724.9	6.067390882943145
15726.5	5.9629058829431445
15728.2	6.076401882943144
15729.9	5.4949568829431445
15731.5	5.0948188829431444
15733.2	4.474514882943145
15734.9	4.416950882943144
15736.5	4.5072898829431445
15738.2	4.8591998829431455
15739.9	4.719302882943145
15741.5	5.1823494829431445
15743.2	4.949343882943144
15744.9	5.282488882943144
15746.5	5.327251882943145
15748.2	5.570950882943144
15749.9	4.689678882943144
15751.6	3.999883682943145
15753.2	3.093281882943144
15754.9	3.486245182943145
15756.6	3.5330648829431452
15758.2	4.490477882943145
15759.9	5.0563318829431445
15761.6	5.922063882943144
15763.2	5.622462882943145
15764.9	5.732764882943146
15766.6	5.484356882943144
15768.2	5.416070882943146
15769.9	5.124538882943144
15771.6	5.912475882943143
15773.2	6.209636882943145
15774.9	6.822773882943143
15776.6	6.487412882943145
15778.2	6.4320178829431445
15779.9	6.035866882943145
15781.6	5.677674882943145
15783.2	4.771334882943145
15784.9	4.584208882943145
15786.6	3.6000008829431445
15788.2	3.2625818829431443
15789.9	2.909662882943144
15791.6	3.7036268829431434
15793.2	4.286266882943144
15794.9	4.973482882943145
15796.6	5.228764882943144
15798.3	5.881466882943146
15799.9	6.109997782943145
15801.6	6.735613682943144
15803.3	6.960264582943145
15804.9	6.996862382943145
15806.6	6.457169482943145
15808.3	5.491316082943145
15809.9	4.858547282943144
15811.6	5.029957582943146
15813.3	5.018606882943145
15814.9	5.886777882943145
15816.6	6.620015882943145
15818.3	7.228998882943145
15819.9	7.2595958829431435
15821.6	6.644224882943145
15823.3	5.628695882943145
15824.9	5.546660882943145
15826.6	4.208142882943145
15828.3	3.702680882943144
15829.9	3.0780268829431443
15831.6	2.8319458829431445
15833.3	2.5976168829431447
15834.9	3.174381882943144
15836.6	3.544499882943144
15838.3	4.9320058829431455
15839.9	5.132926882943144
15841.6	5.601880882943145
15843.3	5.5267658829431445
15845.0	5.521450882943144
15846.6	4.867511882943146
15848.3	4.250113882943145
15850.0	2.851823882943145
15851.6	2.035366882943145
15853.3	0.7714751829431443
15855.0	0.9629214829431447
15856.6	1.0962774829431445
15858.3	1.8133259829431445
15860.0	2.181827882943144
15861.6	3.1571338829431443
15863.3	3.1621548829431445
15865.0	3.860968882943144
15866.6	4.130530882943145
15868.3	4.570077882943144
15870.0	4.169645882943144
15871.6	4.308888082943144
15873.3	3.6094066829431446
15875.0	3.787360882943144
15876.6	3.5098998829431443
15878.3	3.7282148829431434
15880.0	4.260939882943144
15881.6	5.105706882943144
15883.3	5.109191882943144
15885.0	5.587261882943144
15886.6	5.427054882943144
15888.3	5.026118882943145
15890.0	4.106406882943145
15891.7	3.5216078829431448
15893.3	2.7558438829431444
15895.0	2.7543498829431448
15896.7	3.1528668829431448
15898.3	3.9441418829431436
15900.0	4.625339882943145
15901.7	5.315318082943145
15903.3	4.817792582943144
15905.0	4.845457882943145
15906.7	4.488474882943144
15908.3	4.281770882943144
15910.0	4.340583882943145
15911.7	4.555967882943145
15913.3	4.034183882943145
15915.0	4.605790882943145
15916.7	4.549572882943144
15918.3	5.298309882943144
15920.0	5.781505882943144
15921.7	5.971482882943144
15923.3	5.508863882943146
15925.0	5.209212882943145
15926.7	4.413516882943144
15928.3	4.839201882943145
15930.0	4.978438882943144
15931.7	5.2693568829431445
15933.4	5.135925882943144
15935.0	4.814658882943144
15936.7	3.715299482943145
15938.4	2.866068882943145
15940.0	2.078339882943145
15941.7	2.2736118829431446
15943.4	2.699568882943144
15945.0	3.0184468829431443
15946.7	3.278471882943145
15948.4	3.8686868829431447
15950.0	3.973625882943144
15951.7	4.080729882943144
15953.4	4.332353382943144
15955.0	5.261861882943144
15956.7	6.112436882943145
15958.4	6.948511882943144
15960.0	7.528953882943144
15961.7	7.503623882943145
15963.4	6.831125882943144
15965.0	5.852035882943144
15966.7	4.645177882943145
15968.4	3.734226882943144
15970.0	2.7491348829431446
15971.7	2.6297676829431444
15973.4	2.449827782943145
15975.0	2.950033782943145
15976.7	3.299630882943144
15978.4	4.029515882943144
15980.1	4.795549882943144
15981.7	5.215674882943146
15983.4	4.921424882943144
15985.1	5.391821982943144
15986.7	4.678254482943144
15988.4	4.197947182943144
15990.1	3.5052613829431443
15991.7	3.267726882943145
15993.4	3.0686978829431446
15995.1	3.590069882943145
15996.7	3.664399882943145
15998.4	4.2833868829431445
16000.1	3.794945882943145
16001.7	3.3660578829431445
16003.4	2.7567213829431445
16005.1	3.591229582943144
16006.7	4.344389982943145
16008.4	6.476904882943144
16010.1	7.405153882943145
16011.7	8.437793882943145
16013.4	7.493872882943142
16015.1	6.741858882943144
16016.7	5.413513882943144
16018.4	5.172855882943145
16020.1	4.234481882943145
16021.7	4.2296900829431445
16023.4	3.3596420829431453
16025.1	3.5837896229431436
16026.8	3.7575238829431443
16028.4	5.048660882943144
16030.1	5.828503882943145
16031.8	6.648979482943143
16033.4	6.194502882943145
16035.1	5.842060082943144
16036.8	4.9290590829431435
16038.4	4.480490382943144
16040.1	3.4886628829431445
16041.8	3.193255882943145
16043.4	2.263919882943145
16045.1	1.9208418829431444
16046.8	1.2383508829431449
16048.4	1.1517528829431445
16050.1	1.1426618829431445
16051.8	1.890665882943145
16053.4	2.3461310829431445
16055.1	3.471435882943145
16056.8	4.105203882943145
16058.4	4.753834882943145
16060.1	4.437779882943145
16061.8	3.775154882943145
16063.4	2.841276882943145
16065.1	2.553755882943144
16066.8	2.6106528829431443
16068.4	3.5308328829431446
16070.1	4.125372682943145
16071.8	5.026645782943145
16073.5	4.832902882943145
16075.1	4.213993882943145
16076.8	3.151759882943144
16078.5	3.2576298829431445
16080.1	3.888030882943144
16081.8	5.576346382943144
16083.5	6.754381882943145
16085.1	8.189008882943146
16086.8	8.310355882943146
16088.5	7.990035882943144
16090.1	6.719986882943145
16091.8	5.926456882943144
16093.5	5.242582882943145
16095.1	5.1359748829431435
16096.8	5.2926888829431435
16098.5	5.881821882943145
16100.1	5.642628882943145
16101.8	5.471382882943145
16103.5	4.778089882943144
16105.1	4.257196682943144
16106.8	3.7149088829431443
16108.5	3.4911788829431445
16110.1	3.5605448829431445
16111.8	3.7456808829431445
16113.5	3.5912948829431444
16115.2	4.261563882943145
16116.8	4.380004882943145
16118.5	4.551684882943145
16120.2	4.092088882943144
16121.8	3.8089947829431443
16123.5	3.837895882943144
16125.2	4.555039882943145
16126.8	5.313850882943144
16128.5	7.076251082943145
16130.2	8.140824882943145
16131.8	9.213097882943142
16133.5	8.876199882943144
16135.2	8.634374882943145
16136.8	7.047190882943144
16138.5	6.073033882943145
16140.2	5.115319882943144
16141.8	5.527794882943144
16143.5	6.276443882943144
16145.2	7.920626882943144
16146.8	8.437652882943144
16148.5	8.538050882943143
16150.2	7.031763882943144
16151.8	5.887562882943145
16153.5	4.268518882943145
16155.2	4.145232882943144
16156.8	4.256737882943144
16158.5	5.019710882943145
16160.2	5.804382882943144
16161.9	5.804496882943146
16163.5	5.157885882943145
16165.2	4.920060792943144
16166.9	3.9845868829431446
16168.5	4.069869882943143
16170.2	4.181090882943145
16171.9	4.923056882943145
16173.5	5.3193008829431445
16175.2	5.253155882943143
16176.9	4.448719882943144
16178.5	3.833871882943145
16180.2	2.9828478829431444
16181.9	2.6356309829431446
16183.5	2.5000348829431442
16185.2	3.1913218829431442
16186.9	4.028357882943145
16188.5	5.382134882943144
16190.2	6.6301108829431445
16191.9	8.031342882943145
16193.5	8.381539882943146
16195.2	8.133402882943145
16196.9	7.594314382943146
16198.5	7.247936982943145
16200.2	6.520444882943143
16201.9	6.437521882943145
16203.5	5.824217682943145
16205.2	6.184411882943145
16206.9	6.727515882943143
16208.6	7.824772882943144
16210.2	8.691852882943147
16211.9	9.513399882943144
16213.6	8.954119882943145
16215.2	8.079859882943143
16216.9	6.980789882943145
16218.6	7.017746882943143
16220.2	6.822585882943143
16221.9	6.987181882943145
16223.6	5.925839182943145
16225.2	4.768789882943144
16226.9	3.7993358829431445
16228.6	3.8130368829431447
16230.2	4.3763168829431445
16231.9	6.042341882943143
16233.6	6.236951882943144
16235.2	6.730091882943144
16236.9	6.301689882943144
16238.6	6.5541898829431435
16240.2	6.613749882943145
16241.9	7.855189882943144
16243.6	8.930390882943144
16245.2	9.259298882943146
16246.9	8.386171882943144
16248.6	7.0656468829431445
16250.2	5.086998882943145
16251.9	4.062023882943144
16253.6	2.770394882943145
16255.3	2.5175408829431443
16256.9	3.2332318829431443
16258.6	4.262535882943145
16260.3	5.0951957829431445
16261.9	6.117322882943143
16263.6	6.190333882943145
16265.3	6.4543598829431446
16266.9	6.359505382943144
16268.6	6.255285882943143
16270.3	5.705160882943145
16271.9	5.926805882943145
16273.6	5.428487882943143
16275.3	5.395870882943145
16276.9	5.017121882943145
16278.6	5.308939882943145
16280.3	5.455856782943146
16281.9	5.453100482943144
16283.6	4.964537882943145
16285.3	4.738002882943144
16286.9	3.9250658829431444
16288.6	4.148997782943145
16290.3	3.884688082943144
16291.9	4.224403582943144
16293.6	4.587907552943145
16295.3	4.816050882943144
16297.0	4.574073882943145
16298.6	4.524730882943144
16300.3	3.744145882943144
16302.0	3.9344838829431446
16303.6	3.974140882943144
16305.3	4.591592882943145
16307.0	5.081560882943144
16308.6	5.641961882943145
16310.3	5.579583882943145
16312.0	5.785053882943144
16313.6	5.621077882943145
16315.3	5.809229882943145
16317.0	5.555039882943144
16318.6	5.189098882943145
16320.3	4.601804882943144
16322.0	4.754100882943145
16323.6	4.719759882943142
16325.3	5.284012882943145
16327.0	5.306747882943144
16328.6	5.570404882943143
16330.3	5.391721882943145
16332.0	5.884319882943144
16333.6	5.874702882943144
16335.3	6.4209998829431445
16337.0	6.119731882943145
16338.6	5.9512078829431445
16340.3	5.172822882943144
16342.0	5.571188882943145
16343.7	5.229797482943144
16345.3	5.430967882943145
16347.0	4.767710802943145
16348.7	4.369614282943145
16350.3	4.138935382943144
16352.0	4.834941882943145
16353.7	5.618950882943145
16355.3	6.980022182943145
16357.0	6.641422882943145
16358.7	5.545652882943145
16360.3	3.126079882943144
16362.0	1.0762970269431447
16363.7	-0.7157241170568555
16365.3	-0.9529931170568556
16367.0	-0.7859707570568555
16368.7	0.9614294829431443
16370.3	2.2471899829431448
16372.0	4.2171666829431445
16373.7	4.737586882943143
16375.3	6.040808882943145
16377.0	6.107818882943144
16378.7	6.565181882943143
16380.3	6.161302882943144
16382.0	6.534947882943145
16383.7	6.316952882943146
16385.3	6.521953882943144
16387.0	5.886565882943144
16388.7	5.333694698943144
16390.4	4.334317182943145
16392.0	4.041916482943145
16393.7	3.4239148829431443
16395.4	4.344559882943144
16397.0	5.059106882943144
16398.7	5.438896882943143
16400.4	4.979336882943144
16402.0	4.108155882943144
16403.7	3.2302380829431447
16405.4	3.4404918829431446
16407.0	2.981272882943144
16408.7	3.902699882943144
16410.4	4.306947882943144
16412.0	5.026140382943144
16413.7	4.683477882943144
16415.4	4.610858182943144
16417.0	4.2967998829431435
16418.7	4.676148882943144
16420.4	3.9409028829431434
16422.0	3.991077882943144
16423.7	4.195009882943145
16425.4	5.046558382943145
16427.0	5.395675882943144
16428.7	6.057202882943146
16430.4	5.945812882943145
16432.0	6.067424882943145
16433.7	5.186259882943145
16435.4	5.090704882943145
16437.1	5.436835882943145
16438.7	6.748156882943145
16440.4	7.024379882943146
16442.1	7.575972882943145
16443.7	7.132402882943145
16445.4	6.965133882943144
16447.1	6.4145438829431445
16448.7	6.598020382943143
16450.4	6.089318882943145
16452.1	6.343868882943144
16453.7	5.717889882943145
16455.4	4.821230882943144
16457.1	3.929812882943145
16458.7	2.7738538829431443
16460.4	2.446617782943144
16462.1	3.352504882943144
16463.7	4.298996382943144
16465.4	5.6158778829431455
16467.1	6.407874882943143
16468.7	5.890536882943145
16470.4	5.194656282943144
16472.1	4.137499682943144
16473.7	4.174260882943145
16475.4	4.514566882943145
16477.1	4.313821882943145
16478.8	4.558326882943144
16480.4	4.842672882943145
16482.1	5.679940882943145
16483.8	6.627391982943143
16485.4	7.224146482943145
16487.1	7.123795882943144
16488.8	7.047052882943144
16490.4	5.772969882943143
16492.1	5.449764882943145
16493.8	4.797279882943145
16495.4	4.655156882943144
16497.1	4.696362882943145
16498.8	5.532547882943144
16500.4	5.580656882943145
16502.1	6.465114482943145
16503.8	5.719500882943145
16505.4	5.112602882943145
16507.1	3.6504488829431443
16508.8	2.485274882943145
16510.4	1.743380882943144
16512.1	2.1391188829431442
16513.8	2.4074518829431444
16515.4	3.746643882943144
16517.1	4.243503882943145
16518.8	5.0350068829431445
16520.4	4.945401882943145
16522.1	4.526604882943145
16523.8	3.842419882943145
16525.5	3.9411788829431442
16527.1	3.9852838829431447
16528.8	4.654782882943144
16530.5	5.061724882943143
16532.1	5.256446882943146
16533.8	4.759751882943144
16535.5	4.210528882943145
16537.1	3.8078401829431443
16538.8	4.545038882943144
16540.5	5.612566282943145
16542.1	7.066824882943145
16543.8	8.236497882943144
16545.5	9.052759882943146
16547.1	8.734958882943145
16548.8	7.817863882943145
16550.5	6.424868882943146
16552.1	5.446928882943145
16553.8	4.263286882943144
16555.5	3.8058108829431445
16557.1	3.154826882943144
16558.8	3.7236138829431447
16560.5	4.433227882943144
16562.1	5.661853882943145
16563.8	6.368739882943145
16565.5	7.153778882943145
16567.1	7.6562578829431445
16568.8	8.267732882943145
16570.5	7.223449882943145
16572.2	6.547317882943145
16573.8	5.1062112829431445
16575.5	3.900750882943145
16577.2	3.5248918829431446
16578.8	3.525442882943145
16580.5	3.9263365829431445
16582.2	4.992107882943144
16583.8	5.003460282943144
16585.5	5.197174882943144
16587.2	5.306162882943145
16588.8	5.026109882943144
16590.5	5.141201882943145
16592.2	4.872905882943145
16593.8	3.8287228829431443
16595.5	3.7952508829431446
16597.2	4.113041882943144
16598.8	5.0660728829431445
16600.5	5.955382882943144
16602.2	6.826106382943143
16603.8	7.240474882943145
16605.5	7.688704882943145
16607.2	7.003512882943144
16608.8	6.737759882943143
16610.5	5.718016882943145
16612.2	5.348660882943144
16613.8	4.272649882943144
16615.5	3.900707882943144
16617.2	3.5867348829431442
16618.9	3.5503988829431443
16620.5	3.9087368829431446
16622.2	4.762860882943145
16623.9	5.259387882943145
16625.5	6.561841882943145
16627.2	7.091585882943145
16628.9	8.039027882943143
16630.5	8.463980882943144
16632.2	7.897703882943145
16633.9	7.273027882943145
16635.5	6.244458882943144
16637.2	5.142665882943144
16638.9	4.681011882943145
16640.5	4.410220282943145
16642.2	5.416920882943144
16643.9	6.338678982943145
16645.5	7.265623882943144
16647.2	8.018359882943146
16648.9	8.231779882943146
16650.5	7.977631882943145
16652.2	7.533137882943146
16653.9	6.351943882943145
16655.5	5.885449882943144
16657.2	5.035060882943144
16658.9	4.824785882943145
16660.6	4.918315882943144
16662.2	4.870084882943144
16663.9	4.4426228829431444
16665.6	4.4043198829431445
16667.2	3.880815882943145
16668.9	4.000621882943144
16670.6	3.8749648829431442
16672.2	3.7622148829431445
16673.9	4.0050408829431445
16675.6	4.265845882943145
16677.2	4.241112882943145
16678.9	4.641227882943144
16680.6	4.176329882943145
16682.2	4.055903882943144
16683.9	3.9217868829431444
16685.6	3.7844333829431442
16687.2	3.7236947829431437
16688.9	3.9204555829431436
16690.6	3.4912308829431438
16692.2	3.395188882943144
16693.9	3.648382882943146
16695.6	4.265948882943144
16697.2	4.8368508829431445
16698.9	5.762914882943145
16700.6	5.670931882943143
16702.2	5.399724882943145
16703.9	4.413915882943143
16705.6	3.529419882943145
16707.3	2.6853368829431448
16708.9	2.2322918829431444
16710.6	1.1283398829431444
16712.3	1.4650137829431444
16713.9	1.4501608829431443
16715.6	2.1725996829431446
16717.3	2.864024882943144
16718.9	3.9216568829431444
16720.6	4.587928882943144
16722.3	5.271298882943144
16723.9	4.8909188829431445
16725.6	5.323140682943145
16727.3	5.043239882943144
16728.9	4.432888582943145
16730.6	4.214814482943145
16732.3	4.302795882943144
16733.9	4.298194882943145
16735.6	5.128322882943145
16737.3	5.445598882943145
16738.9	6.393140882943144
16740.6	6.419648782943144
16742.3	6.135598882943144
16743.9	5.403724882943145
16745.6	5.893073882943144
16747.3	5.946757882943144
16748.9	7.241595882943145
16750.6	7.709697882943144
16752.3	8.783852882943144
16754.0	8.634239882943145
16755.6	8.716791882943143
16757.3	7.816074882943144
16759.0	7.662118882943143
16760.6	6.691466882943144
16762.3	6.445951882943144
16764.0	5.723922282943144
16765.6	5.921990582943144
16767.3	5.661695182943146
16769.0	6.2998188829431445
16770.6	6.547617882943145
16772.3	7.375877382943145
16774.0	7.534157982943144
16775.6	7.9280152139431435
16777.3	7.853058482943145
16779.0	7.9662988829431445
16780.6	7.232425882943145
16782.3	7.1153628829431455
16784.0	6.329871882943145
16785.6	5.978657882943144
16787.3	5.602858882943144
16789.0	5.630711882943144
16790.6	5.662307882943145
16792.3	6.299988882943144
16794.0	5.997118882943144
16795.6	6.442261882943145
16797.3	5.987224582943144
16799.0	5.996470882943145
16800.7	5.601442882943145
16802.3	5.448943882943144
16804.0	4.8238248829431445
16805.7	4.534926882943144
16807.3	3.259301612943145
16809.0	2.562213482943144
16810.7	1.6186228829431442
16812.3	2.015235882943145
16814.0	1.9166228829431442
16815.7	1.9757718829431439
16817.3	1.9137788829431444
16819.0	2.738232082943145
16820.7	3.4420138829431446
16822.3	4.967739882943144
16824.0	6.366990882943144
16825.7	7.491992882943146
16827.3	7.170638882943145
16829.0	6.420730882943145
16830.7	4.667801882943144
16832.3	4.266798882943144
16834.0	3.5020558829431443
16835.7	3.303000482943145
16837.3	3.694316882943144
16839.0	4.214574882943145
16840.7	4.939873882943145
16842.4	6.591713882943145
16844.0	7.075132882943144
16845.7	7.810663882943144
16847.4	7.741061882943145
16849.0	7.858024882943144
16850.7	8.062592882943147
16852.4	8.570387882943145
16854.0	9.455671882943147
16855.7	10.450507882943146
16857.4	10.412331882943144
16859.0	10.405687882943147
16860.7	9.553859882943145
16862.4	9.032667882943144
16864.0	8.478670882943142
16865.7	7.471308882943144
16867.4	7.115209882943145
16869.0	6.922705882943143
16870.7	6.5608878829431445
16872.4	6.772278882943145
16874.0	7.6187488829431445
16875.7	8.222851882943145
16877.4	8.741731882943144
16879.0	8.785250882943144
16880.7	8.080804882943145
16882.4	7.345283882943145
16884.0	6.199246882943146
16885.7	5.033707882943145
16887.4	4.564869882943145
16889.1	4.767300882943144
16890.7	4.995810882943145
16892.4	6.048431882943144
16894.1	6.223585882943145
16895.7	6.876666082943144
16897.4	6.475569882943144
16899.1	6.2281678829431435
16900.7	5.317267882943144
16902.4	4.965356882943144
16904.1	4.563022882943144
16905.7	4.849668982943145
16907.4	5.165930982943147
16909.1	6.256638382943145
16910.7	7.076164882943145
16912.4	8.114279882943144
16914.1	8.060715882943144
16915.7	7.957839882943145
16917.4	7.284421882943145
16919.1	6.549983882943145
16920.7	5.921671882943145
16922.4	5.349696882943144
16924.1	4.928219882943145
16925.7	4.690520882943145
16927.4	4.261259882943144
16929.1	4.169363882943145
16930.7	3.8306128829431443
16932.4	3.505589882943144
16934.1	3.387954682943145
16935.8	3.2065587829431434
16937.4	2.7366058829431443
16939.1	1.9563868829431446
16940.8	1.0902598829431442
16942.4	0.8538721829431445
16944.1	0.7933878829431446
16945.8	1.7283828829431447
16947.4	2.796218882943145
16949.1	4.089498882943144
16950.8	5.139137882943144
16952.4	5.615649882943144
16954.1	5.861765882943144
16955.8	6.373896882943145
16957.4	6.145071882943144
16959.1	5.978783882943145
16960.8	4.991385882943145
16962.4	3.5575538829431452
16964.1	3.0077238829431443
16965.8	3.1424548829431442
16967.4	3.7448748829431446
16969.1	4.852768882943144
16970.8	4.9304836829431435
16972.4	4.624358082943144
16974.1	3.9778908829431443
16975.8	3.756669882943144
16977.4	4.262520882943145
16979.1	5.550648882943144
16980.8	6.047042882943144
16982.5	6.266458882943145
16984.1	5.506445882943145
16985.8	4.689534482943144
16987.5	4.464146882943144
16989.1	5.427545882943145
16990.8	6.334592882943144
16992.5	7.404366882943144
16994.1	7.371507882943145
16995.8	6.967072882943145
16997.5	6.148800882943144
16999.1	5.2152758829431445
17000.8	4.562390882943144
17002.5	4.661540882943145
17004.1	4.405444482943144
17005.8	4.942756982943144
17007.5	4.8967702829431445
17009.1	5.122614182943144
17010.8	4.865049882943144
17012.5	4.894733882943145
17014.1	4.696449882943144
17015.8	5.312117882943144
17017.5	5.234198882943145
17019.1	5.884381182943145
17020.8	6.023099882943145
17022.5	6.104869892943144
17024.2	5.7135098829431445
17025.8	6.624281882943144
17027.5	7.341279882943144
17029.2	8.325133882943145
17030.8	8.748229882943145
17032.5	8.362314882943144
17034.2	8.117219882943143
17035.8	7.449003482943145
17037.5	6.535767882943143
17039.2	6.856483882943145
17040.8	6.832351882943145
17042.5	6.780079882943144
17044.2	6.842825882943144
17045.8	6.200978882943145
17047.5	6.147418882943144
17049.2	6.366441882943144
17050.8	6.193942882943143
17052.5	6.889394882943144
17054.2	7.239429882943145
17055.8	7.734404882943144
17057.5	7.442159882943145
17059.2	7.374369882943144
17060.8	6.781290882943145
17062.5	6.891145282943145
17064.2	6.768020882943145
17065.8	6.684589882943143
17067.5	6.216372882943142
17069.2	6.6278275829431434
17070.9	5.989023882943146
17072.5	6.968817882943144
17074.2	7.784736882943145
17075.9	8.808736882943142
17077.5	9.243823882943143
17079.2	9.305684882943144
17080.9	8.477262882943144
17082.5	8.397568882943144
17084.2	7.609459882943145
17085.9	7.829365882943144
17087.5	7.604475882943144
17089.2	6.791408882943145
17090.9	5.747075882943145
17092.5	5.1977578829431454
17094.2	4.828133882943145
17095.9	5.6022788829431445
17097.5	5.792815882943145
17099.2	6.278229882943145
17100.9	6.089171882943146
17102.5	5.539939882943143
17104.2	5.057813882943145
17105.9	5.458208882943145
17107.5	6.095813882943145
17109.2	7.322474882943145
17110.9	7.398728882943146
17112.5	7.834353882943144
17114.2	7.3080018829431435
17115.9	7.694171882943143
17117.6	7.997533882943145
17119.2	8.924361882943144
17120.9	9.358195782943145
17122.6	9.505519882943144
17124.2	8.151926882943144
17125.9	7.045798882943143
17127.6	5.434460882943145
17129.2	4.595757882943145
17130.9	3.9903418829431443
17132.6	3.926217882943144
17134.2	3.639209882943144
17135.9	3.934532882943144
17137.6	3.826591882943144
17139.2	4.389107482943145
17140.9	4.820994882943145
17142.6	5.428937882943144
17144.2	5.934640882943144
17145.9	6.610693882943146
17147.6	7.289910882943144
17149.2	8.274937882943146
17150.9	8.897704882943144
17152.6	9.514409882943145
17154.2	8.979492882943145
17155.9	8.678202282943143
17157.6	7.601997682943145
17159.2	6.897390682943144
17160.9	6.471137282943145
17162.6	6.461091882943144
17164.3	6.393537882943145
17165.9	6.519225882943145
17167.6	6.127747782943144
17169.3	6.373627182943144
17170.9	6.385569782943144
17172.6	6.763284882943144
17174.3	6.769540882943143
17175.9	7.029981582943146
17177.6	6.610585882943146
17179.3	6.114897882943144
17180.9	5.321475882943145
17182.6	5.247482882943145
17184.3	5.2180908829431445
17185.9	5.543061882943145
17187.6	5.846535882943144
17189.3	6.633008882943143
17190.9	6.7549138829431445
17192.6	7.423278882943144
17194.3	7.626820882943145
17195.9	8.346355882943143
17197.6	8.804566882943146
17199.3	8.284924882943145
17200.9	7.124864882943145
17202.6	6.221305882943144
17204.3	4.926658882943144
17206.0	4.641876882943145
17207.6	4.411647882943145
17209.3	5.077786882943146
17211.0	6.040297882943145
17212.6	6.935053882943144
17214.3	7.6406588829431445
17216.0	8.098808882943146
17217.6	8.296788882943144
17219.3	8.115730882943144
17221.0	7.389398882943145
17222.6	6.961642882943144
17224.3	6.034576882943144
17226.0	5.715156882943144
17227.6	6.379582882943145
17229.3	6.737104882943143
17231.0	7.269790882943146
17232.6	7.5661488829431445
17234.3	6.844952882943143
17236.0	5.809302882943145
17237.6	5.422894882943145
17239.3	5.059582882943145
17241.0	5.396283882943145
17242.6	5.719160382943144
17244.3	5.743279882943145
17246.0	6.211448882943144
17247.6	6.585278882943143
17249.3	6.591207882943143
17251.0	7.504737882943145
17252.7	7.999399882943145
17254.3	8.156776882943143
17256.0	8.814019882943144
17257.7	8.820408882943145
17259.3	8.564007882943145
17261.0	7.5313788829431445
17262.7	7.018224882943144
17264.3	6.517040882943145
17266.0	6.401615882943145
17267.7	5.724870482943144
17269.3	5.830587882943145
17271.0	5.091040882943145
17272.7	4.545032882943145
17274.3	3.7379488829431446
17276.0	4.354798882943144
17277.7	4.897194882943145
17279.3	6.194055882943145
17281.0	7.028023882943144
17282.7	8.023530882943144
17284.3	7.910009882943145
17286.0	7.296599882943146
17287.7	6.337667882943144
17289.3	5.532646882943145
17291.0	4.566462982943145
17292.7	4.179100782943144
17294.3	2.8818601829431447
17296.0	2.4849658829431447
17297.7	2.062263182943145
17299.4	2.538657882943144
17301.0	4.0468638829431445
17302.7	6.095580882943144
17304.4	7.487128472943145
17306.0	9.213456182943144
17307.7	9.784586882943143
17309.4	10.057494882943145
17311.0	9.331447882943143
17312.7	8.847507882943145
17314.4	7.382107882943144
17316.0	6.593030882943144
17317.7	5.400534882943145
17319.4	4.992262882943144
17321.0	5.6290428829431445
17322.7	6.495741882943145
17324.4	7.314888882943142
17326.0	8.383442682943144
17327.7	8.309589382943145
17329.4	8.815942882943144
17331.0	8.889838882943145
17332.7	9.510963882943146
17334.4	10.468569882943145
17336.0	10.872259882943144
17337.7	10.189754882943145
17339.4	8.937025882943143
17341.0	7.820281882943144
17342.7	7.325708882943144
17344.4	6.906449882943145
17346.1	6.872695882943144
17347.7	6.091701882943144
17349.4	5.297539882943144
17351.1	4.1551759829431445
17352.7	3.6132331829431443
17354.4	4.5497098829431435
17356.1	5.7149198829431445
17357.7	6.249290082943145
17359.4	6.354944882943145
17361.1	5.739134882943145
17362.7	5.200225882943144
17364.4	4.935492882943144
17366.1	5.443586882943145
17367.7	6.022949882943145
17369.4	6.696768882943144
17371.1	7.090887882943145
17372.7	6.985217882943144
17374.4	6.872308882943145
17376.1	7.160661882943147
17377.7	6.930864882943145
17379.4	7.371953882943146
17381.1	6.774932882943142
17382.7	6.5233668829431455
17384.4	5.612378882943144
17386.1	4.113301882943144
17387.8	3.3883966829431444
17389.4	4.051368682943145
17391.1	4.218424882943145
17392.8	5.095965182943145
17394.4	4.528352882943145
17396.1	4.652990882943145
17397.8	4.408182882943144
17399.4	3.945253882943143
17401.1	3.9124788829431454
17402.8	4.958660982943144
17404.4	5.034407882943144
17406.1	5.797827882943144
17407.8	5.485506182943145
17409.4	5.857264582943143
17411.1	6.080912882943146
17412.8	6.359049172943144
17414.4	6.454591882943144
17416.1	7.9222138829431445
17417.8	8.515517882943145
17419.4	9.855275882943143
17421.1	9.731981882943145
17422.8	8.917110882943145
17424.4	7.973411082943146
17426.1	6.918253182943145
17427.8	5.700325882943146
17429.4	6.243635882943145
17431.1	6.718506882943146
17432.8	7.821356882943144
17434.5	8.314003882943144
17436.1	7.899026882943145
17437.8	7.304026882943144
17439.5	6.726006882943144
17441.1	5.797529882943143
17442.8	5.582088882943144
17444.5	5.416220482943144
17446.1	5.302272882943144
17447.8	5.154490882943145
17449.5	5.170146882943145
17451.1	4.748918882943144
17452.8	4.825555882943145
17454.5	4.520481882943144
17456.1	4.789872882943145
17457.8	5.440557682943144
17459.5	6.702693782943145
17461.1	7.657830882943145
17462.8	7.8929768829431435
17464.5	7.869840882943144
17466.1	7.546262882943144
17467.8	7.615750882943146
17469.5	7.774309882943143
17471.1	7.590324882943145
17472.8	8.222077882943143
17474.5	8.527465882943144
17476.1	8.919001882943144
17477.8	9.204965682943145
17479.5	9.188075882943144
17481.2	8.843834882943145
17482.8	8.107258882943146
17484.5	7.119451882943146
17486.2	6.876070882943145
17487.8	6.3152528829431445
17489.5	6.733407882943143
17491.2	6.428411882943145
17492.8	6.806109882943145
17494.5	7.159354882943144
17496.2	8.067589882943144
17497.8	8.332112882943143
17499.5	8.180695882943146
17501.2	7.350796482943146
17502.8	7.063998582943144
17504.5	6.265027232943145
17506.2	6.6048938869431435
17507.8	6.291757882943143
17509.5	7.000591882943145
17511.2	7.0849898829431455
17512.8	7.076648882943144
17514.5	6.149587882943144
17516.2	5.841791882943145
17517.8	4.569208882943145
17519.5	3.8546368829431437
17521.2	2.484647882943144
17522.8	1.8959798829431442
17524.5	1.1897607829431447
17526.2	1.3891118829431441
17527.9	1.732507882943144
17529.5	2.293081782943145
17531.2	2.8284833829431433
17532.9	3.4878378829431447
17534.5	3.9319718829431443
17536.2	4.999328882943144
17537.9	5.734869882943144
17539.5	6.554136882943145
17541.2	7.315107882943144
17542.9	7.371919882943144
17544.5	7.273323882943146
17546.2	7.471031882943144
17547.9	7.447263882943145
17549.5	7.9723218829431435
17551.2	7.791398882943144
17552.9	8.133979882943143
17554.5	8.137149882943145
17556.2	8.394848882943146
17557.9	8.042793882943146
17559.5	8.125550882943145
17561.2	7.569234882943144
17562.9	7.689924882943146
17564.5	7.263373282943145
17566.2	8.265094882943146
17567.9	7.8896478829431445
17569.6	7.664704882943144
17571.2	6.7935588829431435
17572.9	5.883466682943143
17574.6	5.503873006943143
17576.2	5.660749882943145
17577.9	5.518697882943146
17579.6	6.691986882943145
17581.2	6.985791882943144
17582.9	7.0358968829431445
17584.6	6.867747882943145
17586.2	6.506637882943144
17587.9	5.6767048829431435
17589.6	5.228336882943145
17591.2	4.702742882943143
17592.9	5.5377578829431435
17594.6	6.144766882943146
17596.2	7.208513882943146
17597.9	7.296435882943145
17599.6	7.975718882943144
17601.2	7.767380882943144
17602.9	8.082737882943146
17604.6	7.404431882943145
17606.2	7.2040228829431445
17607.9	6.024777882943145
17609.6	5.729870882943145
17611.2	5.7257538829431445
17612.9	6.334967882943144
17614.6	6.358070882943144
17616.3	6.809755212943143
17617.9	6.021211882943144
17619.6	5.680303282943145
17621.3	5.120619882943144
17622.9	5.114214882943145
17624.6	5.003378882943144
17626.3	5.610136882943145
17627.9	6.479351882943144
17629.6	7.719890882943145
17631.3	8.299670882943143
17632.9	9.077155882943144
17634.6	8.856395882943144
17636.3	8.352009882943145
17637.9	6.803573782943144
17639.6	4.975310382943144
17641.3	3.245598882943144
17642.9	2.1328465829431447
17644.6	1.6874647829431446
17646.3	3.0988702829431447
17647.9	4.459573882943144
17649.6	5.571135882943144
17651.3	5.975895882943144
17652.9	5.844794882943145
17654.6	4.973608882943145
17656.3	4.695706882943144
17657.9	4.200334882943144
17659.6	4.351872882943145
17661.3	4.446165882943144
17663.0	4.887027882943144
17664.6	5.3677138829431446
17666.3	5.442235882943144
17668.0	4.097788882943144
17669.6	3.6223198829431444
17671.3	3.157821882943144
17673.0	4.121090882943145
17674.6	5.148324782943144
17676.3	6.815259882943144
17678.0	7.818348882943144
17679.6	7.835722882943143
17681.3	7.339242882943144
17683.0	6.815454882943145
17684.6	5.872988882943146
17686.3	5.6199758829431445
17688.0	4.449356882943144
17689.6	3.7706178829431445
17691.3	3.3229208829431442
17693.0	2.370262882943144
17694.6	2.364516682943144
17696.3	2.339711882943144
17698.0	2.998204782943145
17699.6	3.9975333829431463
17701.3	4.750060882943144
17703.0	5.590341382943144
17704.6	5.391658182943145
17706.3	4.914115882943145
17708.0	4.575873882943145
17709.7	4.2532988829431435
17711.3	4.677778602943144
17713.0	5.989996882943144
17714.7	7.101215882943146
17716.3	8.254808321943145
17718.0	8.640396082943145
17719.7	7.717984882943145
17721.3	6.8231698829431435
17723.0	5.584385882943144
17724.7	4.075306882943144
17726.3	3.8049908829431445
17728.0	3.502639882943145
17729.7	3.346760882943144
17731.3	4.242414882943145
17733.0	3.9640258829431447
17734.7	3.997338882943145
17736.3	4.132250882943144
17738.0	3.7557978829431446
17739.7	4.573320882943145
17741.3	5.293681882943146
17743.0	5.631409882943145
17744.7	6.642439882943146
17746.3	7.1376908829431445
17748.0	7.094528882943145
17749.7	7.618967882943144
17751.4	7.797808882943144
17753.0	8.293407282943145
17754.7	8.103543882943145
17756.4	7.4160698829431455
17758.0	5.990932882943144
17759.7	5.053755782943145
17761.4	3.8717338829431442
17763.0	3.513036482943144
17764.7	3.6689529829431438
17766.4	4.428795782943145
17768.0	5.283433882943145
17769.7	7.173214882943145
17771.4	9.283740882943146
17773.0	11.425319882943144
17774.7	12.565129882943147
17776.4	12.134825882943144
17778.0	10.729472882943144
17779.7	8.901749882943145
17781.4	7.961412882943145
17783.0	7.632681882943144
17784.7	7.843604952943146
17786.4	7.5355988829431455
17788.0	6.827272882943144
17789.7	6.275584882943145
17791.4	5.591288882943144
17793.0	5.401658882943145
17794.7	4.891302082943144
17796.4	4.569208882943145
17798.1	4.197773882943144
17799.7	4.262267882943144
17801.4	4.518951882943144
17803.1	5.805549882943145
17804.7	7.092529882943144
17806.4	8.758519882943144
17808.1	9.426527882943144
17809.7	9.936644882943146
17811.4	9.184970882943144
17813.1	8.425027882943144
17814.7	6.9942318829431445
17816.4	6.516264882943145
17818.1	6.270822882943145
17819.7	6.598522882943145
17821.4	6.618675882943146
17823.1	7.107397882943144
17824.7	6.612013882943144
17826.4	7.342348882943145
17828.1	7.450398882943145
17829.7	8.147901882943142
17831.4	7.922229882943144
17833.1	7.922513882943145
17834.7	6.884364582943145
17836.4	6.572954882943144
17838.1	6.152130882943145
17839.7	6.2921248829431455
17841.4	7.228818882943145
17843.1	7.8083328829431435
17844.8	7.381034882943146
17846.4	7.441926882943145
17848.1	7.284618882943145
17849.8	7.470862882943143
17851.4	8.328398882943144
17853.1	8.001582882943143
17854.8	7.577261882943145
17856.4	6.980135882943145
17858.1	5.825778882943143
17859.8	5.208848882943144
17861.4	5.2850448829431445
17863.1	5.740796882943145
17864.8	6.071785882943145
17866.4	6.563458882943143
17868.1	6.543174882943144
17869.8	7.015952882943145
17871.4	7.264586882943145
17873.1	7.641817882943146
17874.8	7.188228882943145
17876.4	6.766808882943144
17878.1	6.133124882943145
17879.8	6.318514882943144
17881.4	6.567811882943144
17883.1	7.488976882943144
17884.8	7.946036882943145
17886.4	8.295829682943147
17888.1	7.8142488829431445
17889.8	7.069580882943145
17891.5	6.680751882943144
17893.1	7.303781882943144
17894.8	8.060145882943145
17896.5	9.460841882943143
17898.1	10.554250882943144
17899.8	11.237866882943145
17901.5	10.494074882943144
17903.1	9.274626882943144
17904.8	7.012366882943144
17906.5	5.466325882943144
17908.1	4.408108882943145
17909.8	4.884290882943146
17911.5	6.103928882943145
17913.1	7.960937882943144
17914.8	9.251214082943147
17916.5	10.572896882943144
17918.1	10.718395882943145
17919.8	10.571590882943143
17921.5	10.107404882943145
17923.1	9.227739882943144
17924.8	8.371339882943143
17926.5	7.696548482943143
17928.1	6.156079882943145
17929.8	5.270043882943144
17931.5	4.496988182943144
17933.2	4.094375882943145
17934.8	4.671785882943143
17936.5	5.0120700829431435
17938.2	5.594085582943145
17939.8	6.7612488829431445
17941.5	7.339209882943145
17943.2	8.081445882943143
17944.8	8.152598882943144
17946.5	7.791187882943144
17948.2	6.833300882943144
17949.8	5.611808882943145
17951.5	5.320879882943144
17953.2	5.677191882943143
17954.8	5.927737882943145
17956.5	6.404941882943144
17958.2	6.623687882943145
17959.8	6.692044182943145
17961.5	6.642728882943144
17963.2	6.939562882943145
17964.8	7.714043882943145
17966.5	8.224632882943144
17968.2	7.897716882943145
17969.8	7.649144882943143
17971.5	7.149012882943144
17973.2	6.840756882943144
17974.8	6.979625882943144
17976.5	8.142433882943145
17978.2	9.795256882943146
17979.9	10.732627002943143
17981.5	11.092825582943144
17983.2	11.182168882943143
17984.9	10.612058882943144
17986.5	10.457606882943145
17988.2	10.069375882943145
17989.9	10.007621882943145
17991.5	9.400182882943144
17993.2	8.501478882943143
17994.9	7.8096434829431445
17996.5	7.846879282943145
17998.2	8.060907882943145
17999.9	8.643523882943146
18001.5	8.236285882943143
18003.2	7.792277882943145
18004.9	6.6034678829431455
18006.5	5.863978882943144
18008.2	4.832255022943144
18009.9	4.417243182943144
18011.5	3.671058482943144
18013.2	3.486680882943144
18014.9	3.1690248829431438
18016.5	3.830363882943144
18018.2	4.300335182943145
18019.9	5.248053882943145
18021.5	5.556179882943144
18023.2	6.164617882943145
18024.9	6.162417882943144
18026.6	6.231177882943145
18028.2	5.605989882943145
18029.9	5.373623882943145
18031.6	4.749057882943143
18033.2	4.563880882943145
18034.9	5.380271882943145
18036.6	6.828384882943143
18038.2	8.289887882943145
18039.9	9.791405882943144
18041.6	10.349464882943144
18043.2	10.688937882943145
18044.9	10.705044882943145
18046.6	9.753270882943145
18048.2	8.990632882943144
18049.9	8.512525882943144
18051.6	8.063544882943145
18053.2	7.714283882943145
18054.9	7.584559882943145
18056.6	7.976257882943145
18058.2	8.168163882943144
18059.9	8.396910882943144
18061.6	7.953044882943145
18063.2	8.153559882943146
18064.9	7.942501882943145
18066.6	7.5490758829431455
18068.2	6.534317882943145
18069.9	5.823164882943145
18071.6	4.796499882943144
18073.3	4.850619882943145
18074.9	4.587571882943145
18076.6	5.841359882943143
18078.3	6.381612882943145
18079.9	7.573554882943144
18081.6	7.980393882943145
18083.3	7.994084882943144
18084.9	7.781381882943144
18086.6	7.908184882943145
18088.3	7.362382882943145
18089.9	7.866815882943143
18091.6	8.411441882943146
18093.3	9.291128882943145
18094.9	10.007759882943144
18096.6	9.896330882943147
18098.3	8.830682882943142
18099.9	8.155503882943146
18101.6	7.064753882943144
18103.3	6.566851182943145
18104.9	7.087670182943144
18106.6	7.469702082943144
18108.3	8.103341882943145
18109.9	8.558121882943144
18111.6	8.952064882943144
18113.3	10.406656882943146
18115.0	11.748725882943145
18116.6	12.628799882943145
18118.3	12.432815882943146
18120.0	10.724039882943144
18121.6	8.454654882943144
18123.3	6.128571882943144
18125.0	3.966817882943144
18126.6	3.4159938829431447
18128.3	3.6458988829431447
18130.0	4.711949882943144
18131.6	5.945603882943145
18133.3	7.402919882943143
18135.0	8.237929782943144
18136.6	8.747546882943144
18138.3	7.917513882943145
18140.0	6.707142882943144
18141.6	5.138791882943146
18143.3	4.555402882943144
18145.0	4.259948882943145
18146.6	4.718251882943145
18148.3	4.959411382943143
18150.0	5.154720882943144
18151.6	4.831487882943145
18153.3	5.5119988829431446
18155.0	5.805307882943145
18156.6	6.8182148829431455
18158.3	7.981818882943143
18160.0	8.839680882943146
18161.7	8.788476882943144
18163.3	8.435852882943145
18165.0	7.226634882943145
18166.7	6.783340882943145
18168.3	6.135946882943145
18170.0	5.943769882943144
18171.7	6.211604882943145
18173.3	6.667776882943144
18175.0	6.683267882943144
18176.7	6.2748718829431445
18178.3	5.447016882943144
18180.0	4.512103482943144
18181.7	3.5362895829431453
18183.3	3.6533988829431445
18185.0	3.6724088829431443
18186.7	4.358445582943144
18188.3	4.490301882943144
18190.0	5.205946882943145
18191.7	6.271448882943146
18193.3	7.747635882943143
18195.0	8.356042882943143
18196.7	8.636102882943142
18198.3	7.4105376829431435
18200.0	5.7499188829431445
18201.7	3.555184882943144
18203.3	2.8704848829431446
18205.0	3.041789882943144
18206.7	4.256822882943144
18208.4	5.543365782943145
18210.0	6.171953082943143
18211.7	6.779903882943145
18213.4	6.852377482943145
18215.0	6.400273882943145
18216.7	6.009843482943144
18218.4	5.027683882943145
18220.0	4.1003788829431445
18221.7	3.996115882943145
18223.4	4.4465808829431435
18225.0	5.943714882943143
18226.7	8.413913882943143
18228.4	10.206819882943146
18230.0	12.174519882943146
18231.7	12.805871882943146
18233.4	12.352459882943144
18235.0	12.022539882943144
18236.7	12.009659882943144
18238.4	11.567789882943144
18240.0	12.003109882943146
18241.7	10.661319882943143
18243.4	8.845126882943145
18245.0	6.438156882943145
18246.7	3.650623782943145
18248.4	2.239542582943144
18250.0	2.562459882943145
18251.7	2.7721448829431443
18253.4	4.106142882943145
18255.1	4.4112268829431445
18256.7	4.564967882943145
18258.4	4.651778682943144
18260.1	5.059883082943145
18261.7	5.807499882943146
18263.4	7.2062028829431455
18265.1	7.123354882943144
18266.7	7.4462498829431425
18268.4	7.113081482943144
18270.1	7.029382882943144
18271.7	7.320047882943143
18273.4	8.255375882943145
18275.1	8.197482182943144
18276.7	8.150054882943147
18278.4	6.242533812943144
18280.1	4.902549782943145
18281.7	4.521204882943144
18283.4	4.898952882943144
18285.1	6.099827882943145
18286.7	7.708174882943145
18288.4	8.306846882943145
18290.1	9.182390882943142
18291.7	9.331401882943144
18293.4	9.457541882943143
18295.1	9.305259882943144
18296.8	8.643987882943145
18298.4	7.031287882943144
18300.1	5.533110882943145
18301.8	4.218882882943143
18303.4	4.217893782943145
18305.1	4.877260882943144
18306.8	6.4604528829431445
18308.4	8.029514882943145
18310.1	9.403520882943145
18311.8	9.947434882943146
18313.4	9.781855882943145
18315.1	8.317097882943145
18316.8	7.312325882943145
18318.4	5.680419482943145
18320.1	4.5657038829431436
18321.8	4.333707182943145
18323.4	4.722393882943145
18325.1	4.5897998829431454
18326.8	4.990929882943144
18328.4	4.9328058829431445
18330.1	5.183140682943145
18331.8	5.458932482943146
18333.4	6.141906882943144
18335.1	5.815051882943144
18336.8	7.387234582943142
18338.4	7.0987851829431445
18340.1	6.977303882943144
18341.8	7.288033882943145
18343.5	7.477409882943144
18345.1	7.542102882943145
18346.8	8.934411882943143
18348.5	9.218137482943145
18350.1	10.753876882943144
18351.8	11.157814882943144
18353.5	10.667631882943144
18355.1	9.559996882943143
18356.8	8.599533882943145
18358.5	7.3154428829431435
18360.1	6.653560882943144
18361.8	6.518811882943145
18363.5	6.670524882943144
18365.1	7.102116182943144
18366.8	6.700270882943144
18368.5	5.870724882943145
18370.1	5.680123882943144
18371.8	5.2936298829431445
18373.5	5.7424148829431445
18375.1	7.087378882943144
18376.8	8.253552582943145
18378.5	9.292174882943144
18380.1	9.236690882943146
18381.8	8.589039882943144
18383.5	8.404688882943145
18385.1	7.507365882943145
18386.8	7.2197238829431445
18388.5	6.7809658829431445
18390.2	6.807814882943144
18391.8	6.4064178829431455
18393.5	6.193608882943145
18395.2	6.503523882943145
18396.8	6.949128482943143
18398.5	7.352485682943144
18400.2	7.466460882943144
18401.8	7.404842882943145
18403.5	7.595286882943144
18405.2	7.456229182943143
18406.8	8.077129882943144
18408.5	9.146939882943144
18410.2	9.866595882943145
18411.8	10.399078882943144
18413.5	10.228620882943144
18415.2	9.123281782943144
18416.8	8.204261882943143
18418.5	6.685852882943143
18420.2	6.316885882943145
18421.8	6.334335882943145
18423.5	6.951792182943144
18425.2	7.080646882943145
18426.8	8.001800882943146
18428.5	8.200604882943143
18430.2	8.428014882943145
18431.8	8.569175582943144
18433.5	9.340102882943143
18435.2	9.605628882943146
18436.9	9.423507882943145
18438.5	8.710788882943145
18440.2	8.166260182943143
18441.9	8.229107582943143
18443.5	8.531471882943144
18445.2	8.627539882943145
18446.9	9.213815682943146
18448.5	8.801024882943144
18450.2	7.470080882943144
18451.9	6.266345882943144
18453.5	5.267670882943145
18455.2	4.681076882943144
18456.9	5.070059882943143
18458.5	5.261077782943144
18460.2	5.863163882943145
18461.9	6.491630882943146
18463.5	7.232324882943144
18465.2	8.022014882943145
18466.9	8.851530582943145
18468.5	9.478502882943145
18470.2	10.027699882943145
18471.9	9.836226882943143
18473.5	9.929846082943143
18475.2	9.316692882943144
18476.9	9.003223882943145
18478.6	8.625556882943142
18480.2	7.872677882943144
18481.9	7.545213882943145
18483.6	7.229223882943144
18485.2	6.500119882943144
18486.9	6.9337018829431445
18488.6	7.233716882943145
18490.2	7.455974882943144
18491.9	8.115019882943145
18493.6	8.090729882943144
18495.2	7.967285882943145
18496.9	8.223331882943144
18498.6	8.292789882943143
18500.2	8.886748882943143
18501.9	8.804018882943145
18503.6	8.785833882943145
18505.2	8.046332882943144
18506.9	7.725253282943143
18508.6	7.380124882943145
18510.2	7.720084882943143
18511.9	8.153005882943143
18513.6	8.710300782943145
18515.2	7.683126882943145
18516.9	7.510360882943145
18518.6	6.683685882943145
18520.2	6.221509382943145
18521.9	5.505549882943144
18523.6	5.099758882943145
18525.3	4.354941882943144
18526.9	4.205664882943145
18528.6	3.249912582943145
18530.3	3.3342458829431445
18531.9	3.403255582943145
18533.6	4.324253882943145
18535.3	4.766242982943146
18536.9	5.496573882943145
18538.6	6.419193882943143
18540.3	7.168538882943144
18541.9	7.779560882943144
18543.6	8.577999882943143
18545.3	9.404308882943145
18546.9	10.131522882943145
18548.6	10.790975182943145
18550.3	10.653940482943145
18551.9	10.451954882943145
18553.6	10.062767882943144
18555.3	9.162228882943147
18556.9	8.507009882943146
18558.6	7.9137178829431445
18560.3	7.522760882943144
18561.9	6.644693882943145
18563.6	6.018671882943145
18565.3	4.896007882943144
18566.9	4.744007382943145
18568.6	4.370135882943144
18570.3	5.698560682943145
18572.0	6.669218882943144
18573.6	8.176070882943145
18575.3	8.389611882943145
18577.0	8.239645882943146
18578.6	7.949953882943144
18580.3	8.539560882943144
18582.0	9.380932882943146
18583.6	11.389654882943145
18585.3	12.633859882943145
18587.0	12.748389882943146
18588.6	11.823029882943144
18590.3	10.748389882943144
18592.0	9.526236882943145
18593.6	8.973432882943145
18595.3	8.583192882943145
18597.0	8.820129882943146
18598.6	8.738067882943145
18600.3	8.375315882943145
18602.0	7.848585882943143
18603.6	8.522182882943143
18605.3	9.364722882943145
18607.0	10.338228882943145
18608.6	10.731392282943144
18610.3	11.446621882943147
18612.0	10.431991882943144
18613.6	9.019471882943144
18615.3	7.035529882943145
18617.0	6.409157882943143
18618.7	6.470251882943144
18620.3	7.9146908829431455
18622.0	8.665263882943146
18623.7	10.276433882943145
18625.3	10.850830582943145
18627.0	10.486871882943143
18628.7	9.885312682943143
18630.3	9.559574882943144
18632.0	8.601591882943145
18633.7	8.380375882943145
18635.3	6.693363882943143
18637.0	4.7782278829431455
18638.7	3.5897340829431443
18640.3	2.4348528829431446
18642.0	2.7009648829431447
18643.7	3.7978088829431442
18645.3	5.381310882943144
18647.0	6.271387382943145
18648.7	6.636204882943145
18650.3	6.318319882943145
18652.0	5.406724882943144
18653.7	4.676345882943144
18655.3	4.339884882943144
18657.0	4.099907882943144
18658.7	5.238266882943145
18660.4	5.866396882943144
18662.0	6.546496882943144
18663.7	7.094862882943145
18665.4	7.291893882943143
18667.0	7.225697882943145
18668.7	6.798917582943145
18670.4	7.118985882943145
18672.0	7.616447082943144
18673.7	8.516111882943145
18675.4	9.594347882943143
18677.0	9.577972882943143
18678.7	9.920989882943143
18680.4	9.431284882943144
18682.0	7.886667882943145
18683.7	7.193728882943144
18685.4	6.6418648829431435
18687.0	6.581734882943145
18688.7	7.0253038829431445
18690.4	7.375390882943146
18692.0	7.5815208829431455
18693.7	7.841446882943146
18695.4	7.857206882943144
18697.0	8.185142882943143
18698.7	8.897507882943145
18700.4	9.620158882943144
18702.0	10.098934882943144
18703.7	10.766632882943146
18705.4	10.576273882943145
18707.1	10.263565882943144
18708.7	9.942791882943144
18710.4	9.367019882943143
18712.1	8.698436882943145
18713.7	7.503615882943146
18715.4	6.081381582943145
18717.1	5.268069882943145
18718.7	4.701292982943144
18720.4	4.712386882943144
18722.1	5.604693882943144
18723.7	6.908327882943145
18725.4	7.570559682943144
18727.1	7.651038882943146
18728.7	6.5516368829431455
18730.4	5.965635882943145
18732.1	5.650694882943145
18733.7	5.711224482943144
18735.4	6.258835882943145
18737.1	6.951731882943145
18738.7	6.924172882943145
18740.4	6.674562882943145
18742.1	5.625699882943144
18743.7	5.341144882943144
18745.4	5.093476882943145
18747.1	5.253868882943143
18748.7	5.144178882943144
18750.4	4.881820882943145
18752.1	5.170823382943143
18753.8	5.626157182943144
18755.4	5.569919882943144
18757.1	6.622934582943143
18758.8	7.296211882943143
18760.4	8.095710882943145
18762.1	8.417916882943143
18763.8	7.7397578829431435
18765.4	7.911804382943144
18767.1	8.641265882943145
18768.8	8.960613882943145
18770.4	9.909745882943145
18772.1	10.308504882943145
18773.8	10.081940882943146
18775.4	10.124800882943143
18777.1	9.699107382943144
18778.8	9.706743882943144
18780.4	9.717306882943145
18782.1	9.219911882943144
18783.8	8.856045882943144
18785.4	8.243254882943145
18787.1	8.088546582943144
18788.8	8.204454882943145
18790.4	8.286803182943146
18792.1	8.023833482943143
18793.8	7.207658582943144
18795.4	6.880439882943145
18797.1	6.846490882943144
18798.8	7.134862882943144
18800.5	7.633465882943146
18802.1	8.481902882943146
18803.8	9.058874882943144
18805.5	9.170737882943147
18807.1	8.569181882943143
18808.8	7.911736882943143
18810.5	6.736696882943145
18812.1	5.959526882943145
18813.8	4.941324882943144
18815.5	4.613713882943144
18817.1	4.909256882943144
18818.8	5.322845882943144
18820.5	6.585850882943144
18822.1	7.216411882943144
18823.8	7.863945882943144
18825.5	8.420362882943145
18827.1	8.782838882943144
18828.8	8.717507882943144
18830.5	8.409194882943144
18832.1	7.090612882943144
18833.8	6.7200938829431465
18835.5	6.155639882943144
18837.1	7.356820282943145
18838.8	8.694509272943145
18840.5	10.289042882943143
18842.2	11.078700882943144
18843.8	11.010907882943146
18845.5	10.285537582943144
18847.2	10.389923882943144
18848.8	10.518972882943142
18850.5	12.232217882943143
18852.2	12.587025882943141
18853.8	12.519699882943145
18855.5	11.111519882943144
18857.2	8.860318882943144
18858.8	7.478621782943144
18860.5	6.501340582943143
18862.2	5.657792882943144
18863.8	6.728177882943145
18865.5	6.746097882943144
18867.2	6.930974882943145
18868.8	6.817206882943145
18870.5	6.142784982943144
18872.2	6.192472882943146
18873.8	5.812578882943145
18875.5	3.8887073829431444
18877.2	2.604244882943145
18878.8	1.3323166129431443
18880.5	1.4608797829431441
18882.2	3.107632882943145
18883.8	5.213743882943144
18885.5	7.430069882943146
18887.2	8.999843882943145
18888.9	9.463662882943144
18890.5	9.645422882943144
18892.2	9.323803582943144
18893.9	9.233244882943143
18895.5	9.124000882943147
18897.2	8.787388882943144
18898.9	8.207176882943145
18900.5	7.966746882943144
18902.2	8.076312882943144
18903.9	8.260554882943143
18905.5	8.056744882943146
18907.2	7.811676882943146
18908.9	6.583782882943143
18910.5	6.484009882943144
18912.2	5.855403882943145
18913.9	6.186475882943145
18915.5	7.221329882943143
18917.2	8.704425882943145
18918.9	9.532045882943144
18920.5	10.256718882943144
18922.2	9.086237882943145
18923.9	8.262993882943144
18925.5	7.179499882943145
18927.2	6.610562882943144
18928.9	6.979848882943143
18930.5	8.552934882943145
18932.2	9.772134882943144
18933.9	11.412630882943144
18935.6	11.416758882943146
18937.2	10.998066882943146
18938.9	10.568866882943144
18940.6	9.725156882943145
18942.2	9.015320882943143
18943.9	8.661559882943143
18945.6	7.890807882943145
18947.2	6.729736882943145
18948.9	5.194491882943144
18950.6	4.109534882943145
18952.2	3.519880882943145
18953.9	4.093709882943143
18955.6	5.0449391829431445
18957.2	5.505134382943145
18958.9	6.236131882943144
18960.6	6.387171882943144
18962.2	6.4347758829431445
18963.9	6.6614368829431445
18965.6	6.668625882943144
18967.2	6.994966882943144
18968.9	7.199169882943144
18970.6	6.8074998829431435
18972.2	6.609285882943145
18973.9	6.403193082943145
18975.6	6.189137882943145
18977.2	6.170539882943146
18978.9	6.233434882943144
18980.6	7.348636782943144
18982.3	7.9903888829431455
18983.9	8.711164282943143
18985.6	9.648201982943146
18987.3	10.002558882943143
18988.9	9.707364882943146
18990.6	9.654224082943147
18992.3	9.357840882943144
18993.9	9.659309882943145
18995.6	9.118145882943143
18997.3	8.841551882943145
18998.9	9.049032882943145
19000.6	8.932819882943146
19002.3	9.024278882943147
19003.9	9.534474882943144
19005.6	9.604575882943145
19007.3	9.774189462943147
19008.9	8.395802482943145
19010.6	7.327950882943145
19012.3	6.740106882943143
19013.9	6.302360882943145
19015.6	6.665611882943144
19017.3	7.622608882943145
19018.9	8.027269882943145
19020.6	8.710167882943145
19022.3	9.311202882943146
19024.0	10.317923882943145
19025.6	11.433772882943142
19027.3	11.602521882943147
19029.0	11.207980882943144
19030.6	10.615258882943143
19032.3	9.422720882943144
19034.0	8.310252882943145
19035.6	7.539980882943143
19037.3	7.234969882943145
19039.0	6.788560882943145
19040.6	6.412195882943145
19042.3	6.495209882943145
19044.0	7.3762028829431445
19045.6	8.028896882943144
19047.3	9.276724212943144
19049.0	10.185556382943144
19050.6	10.656431882943147
19052.3	10.730744882943146
19054.0	9.606023882943145
19055.6	8.903680882943146
19057.3	7.527569882943145
19059.0	6.303101882943143
19060.6	5.369202882943145
19062.3	4.777593982943145
19064.0	3.7061500829431444
19065.6	3.820506482943145
19067.3	3.6936958829431448
19069.0	5.0545018829431445
19070.7	6.291504882943146
19072.3	7.291917882943144
19074.0	7.196620082943144
19075.7	6.837992882943143
19077.3	6.165281882943144
19079.0	6.587749882943145
19080.7	7.5453698829431435
19082.3	8.717483882943146
19084.0	9.995591482943144
19085.7	10.499987882943145
19087.3	9.810726882943143
19089.0	8.948694882943144
19090.7	8.763647082943145
19092.3	8.475004382943144
19094.0	8.312390482943147
19095.7	8.239428882943143
19097.3	7.8696058829431434
19099.0	7.197727182943145
19100.7	6.603237382943144
19102.3	5.307281882943145
19104.0	4.977600882943145
19105.7	4.682607592943144
19107.3	4.737444882943144
19109.0	5.371245382943145
19110.7	5.553309882943144
19112.3	5.304310282943144
19114.0	4.983771982943145
19115.7	4.489001882943144
19117.4	4.947421882943145
19119.0	5.3767238829431445
19120.7	6.1197528829431445
19122.4	6.069350882943144
19124.0	5.526220982943143
19125.7	4.777521882943145
19127.4	3.916350882943145
19129.0	4.039640882943145
19130.7	5.718096982943144
19132.4	7.044850282943145
19134.0	8.427769882943144
19135.7	8.834496882943146
19137.4	8.678067882943145
19139.0	8.004877882943145
19140.7	6.647340882943145
19142.4	5.564216882943145
19144.0	5.974849882943144
19145.7	6.560373882943145
19147.4	7.510858882943145
19149.0	8.182236882943144
19150.7	8.352259682943146
19152.4	7.742770082943146
19154.0	6.549471882943145
19155.7	5.438564882943145
19157.4	5.565847882943144
19159.0	6.3855498829431445
19160.7	7.214114882943145
19162.4	7.771657882943144
19164.1	7.276462882943145
19165.7	5.915492982943144
19167.4	4.764669882943144
19169.1	3.506905882943145
19170.7	2.170480882943145
19172.4	1.8204738829431446
19174.1	1.6406608829431448
19175.7	2.790156782943144
19177.4	4.569587882943145
19179.1	6.955399882943143
19180.7	9.215092882943146
19182.4	10.949623882943145
19184.1	10.883258882943144
19185.7	10.491156882943145
19187.4	9.917189882943145
19189.1	9.699366882943144
19190.7	9.097911882943146
19192.4	7.8166128829431445
19194.1	6.6864268829431435
19195.7	5.049889882943145
19197.4	4.013909782943145
19199.1	3.785246682943145
19200.7	4.640763582943144
19202.4	5.044568882943144
19204.1	5.648613882943144
19205.8	5.957458382943145
19207.4	7.496154882943143
19209.1	7.930878882943143
19210.8	8.578017882943145
19212.4	8.284033882943145
19214.1	7.801704882943144
19215.8	6.916165882943145
19217.4	6.187817882943145
19219.1	5.996996482943144
19220.8	6.373392882943144
19222.4	5.990742882943144
19224.1	5.821725882943144
19225.8	6.277124882943145
19227.4	7.449709882943145
19229.1	9.725362882943143
19230.8	11.298846882943145
19232.4	11.473652882943146
19234.1	10.388110882943144
19235.8	8.404835882943145
19237.4	6.724044882943145
19239.1	5.5903458829431445
19240.8	5.5468378829431435
19242.4	6.248100882943145
19244.1	7.135099882943145
19245.8	7.465395882943144
19247.4	8.227247882943143
19249.1	8.752068882943144
19250.8	9.559234682943146
19252.5	9.681545982943144
19254.1	9.366274882943145
19255.8	8.109536882943145
19257.5	6.6181778829431455
19259.1	5.148247682943145
19260.8	4.272917382943145
19262.5	3.560216182943144
19264.1	4.002315882943145
19265.8	4.809163882943144
19267.5	5.833905882943144
19269.1	6.924755882943143
19270.8	8.026682882943145
19272.5	8.984941882943147
19274.1	9.558811882943145
19275.8	8.295903882943142
19277.5	6.945650882943144
19279.1	6.2626658829431445
19280.8	6.250073882943143
19282.5	7.385549882943144
19284.1	9.972443882943143
19285.8	11.669757882943147
19287.5	12.146747882943144
19289.1	10.141392882943144
19290.8	7.285761882943146
19292.5	5.551382882943145
19294.1	4.821334882943145
19295.8	4.968101502943144
19297.5	6.898846082943145
19299.2	8.251063982943144
19300.8	8.738473882943143
19302.5	8.147989882943145
19304.2	7.466791682943146
19305.8	7.398826882943145
19307.5	7.807789882943145
19309.2	8.204196882943144
19310.8	8.578460882943144
19312.5	8.538140882943145
19314.2	8.346888882943144
19315.8	7.8001058829431456
19317.5	7.044335882943145
19319.2	6.191825882943145
19320.8	5.711279882943143
19322.5	5.479641882943144
19324.2	6.004887882943144
19325.8	7.268058882943144
19327.5	9.329716882943144
19329.2	10.942506882943146
19330.8	11.069570882943145
19332.5	10.092242882943145
19334.2	8.798440082943143
19335.8	7.667405952943144
19337.5	7.256297882943144
19339.2	6.885024882943144
19340.8	6.465554882943145
19342.5	6.085758882943144
19344.2	5.026396882943145
19345.9	4.891436882943144
19347.5	4.949123782943145
19349.2	5.434364882943145
19350.9	6.057458882943145
19352.5	6.154620882943144
19354.2	6.049959882943144
19355.9	6.329052882943143
19357.5	7.000187882943145
19359.2	8.475579882943144
19360.9	9.209862882943145
19362.5	9.635098882943144
19364.2	9.441484882943145
19365.9	8.623696882943143
19367.5	7.5478678829431445
19369.2	6.659990882943144
19370.9	6.642138882943145
19372.5	7.9939848829431455
19374.2	9.060183982943144
19375.9	9.810468882943145
19377.5	9.558654882943145
19379.2	8.280245882943145
19380.9	6.983558882943145
19382.5	5.723717882943144
19384.2	5.205523882943145
19385.9	5.490932082943145
19387.6	5.680113082943145
19389.2	5.772324582943145
19390.9	5.828812582943145
19392.6	5.927052882943145
19394.2	6.325391882943144
19395.9	6.924549882943144
19397.6	7.209352882943146
19399.2	7.3164278829431435
19400.9	7.214976882943145
19402.6	7.151369482943144
19404.2	6.789721882943144
19405.9	7.0218848829431435
19407.6	6.334504882943144
19409.2	6.234035882943144
19410.9	7.278850482943144
19412.6	8.415658882943145
19414.2	10.320387992943143
19415.9	11.832449882943143
19417.6	11.916355882943146
19419.2	11.596439882943146
19420.9	9.915318882943145
19422.6	8.243591882943145
19424.2	7.870176882943144
19425.9	7.0308248829431435
19427.6	6.828992882943146
19429.2	7.042456882943144
19430.9	8.046398082943146
19432.6	9.817708882943142
19434.3	11.029073882943145
19435.9	11.754145482943146
19437.6	12.128830882943143
19439.3	11.618949882943145
19440.9	11.429749882943145
19442.6	11.196268882943144
19444.3	12.166549882943144
19445.9	12.087362882943143
19447.6	11.893710882943143
19449.3	11.664983882943144
19450.9	11.046373682943145
19452.6	10.031193982943146
19454.3	9.084013882943143
19455.9	7.617059882943144
19457.6	7.030342882943144
19459.3	6.171426882943146
19460.9	6.331237882943145
19462.6	7.391844882943144
19464.3	8.290525882943143
19465.9	8.462248882943143
19467.6	8.112029882943144
19469.3	7.652588882943144
19470.9	7.231470382943144
19472.6	6.788804882943144
19474.3	7.240789882943145
19475.9	7.649643882943144
19477.6	8.298535882943145
19479.3	8.073761882943145
19481.0	7.728439882943145
19482.6	7.709349882943146
19484.3	8.214584882943145
19486.0	8.458445582943146
19487.6	9.346036882943142
19489.3	9.655722882943143
19491.0	10.161360182943145
19492.6	9.321108882943145
19494.3	8.234087882943145
19496.0	7.134932882943145
19497.6	6.4662348729431445
19499.3	6.943680882943144
19501.0	8.423372882943145
19502.6	9.760842882943145
19504.3	11.169666882943144
19506.0	11.567358882943143
19507.6	10.550253882943144
19509.3	9.281119882943145
19511.0	7.477498882943143
19512.6	6.594735882943145
19514.3	6.440276882943143
19516.0	6.311887882943144
19517.6	6.473484882943144
19519.3	6.257663882943146
19521.0	5.375913382943144
19522.6	5.008162882943145
19524.3	5.973416582943145
19526.0	7.2894108829431445
19527.7	8.546795882943146
19529.3	8.917902882943144
19531.0	8.227269882943144
19532.7	6.558401882943144
19534.3	5.109659882943144
19536.0	4.439648882943144
19537.7	5.230270882943144
19539.3	6.162896882943144
19541.0	7.121262882943145
19542.7	7.775560482943145
19544.3	8.016517882943145
19546.0	8.055533882943143
19547.7	8.145226882943144
19549.3	8.006705882943145
19551.0	8.243710882943144
19552.7	8.227707882943145
19554.3	8.199748882943144
19556.0	8.187074882943145
19557.7	8.502835882943144
19559.3	8.555076882943144
19561.0	8.902996782943145
19562.7	8.377972882943144
19564.3	8.264888882943143
19566.0	8.293653482943146
19567.7	8.166958882943145
19569.4	8.492563482943144
19571.0	9.160489882943144
19572.7	9.655593882943144
19574.4	9.785195882943144
19576.0	8.899256882943144
19577.7	8.028340882943144
19579.4	7.2777381829431445
19581.0	7.276622882943146
19582.7	7.780816882943144
19584.4	8.877218882943144
19586.0	10.346515882943143
19587.7	11.360882882943143
19589.4	10.983465882943145
19591.0	9.768572882943143
19592.7	8.300998882943144
19594.4	6.048343882943145
19596.0	4.245869782943144
19597.7	4.435918582943145
19599.4	5.423474882943145
19601.0	8.237241882943145
19602.7	11.295996882943143
19604.4	13.407106482943144
19606.0	14.427935882943146
19607.7	13.838418882943145
19609.4	13.025542682943145
19611.0	12.820091882943146
19612.7	13.104326882943147
19614.4	13.433321882943147
19616.1	13.392827882943143
19617.7	13.274246882943146
19619.4	11.800066882943145
19621.1	10.850126882943146
19622.7	10.696573882943145
19624.4	10.060676882943143
19626.1	10.530768782943145
19627.7	10.437067882943143
19629.4	10.235587982943144
19631.1	10.163584882943145
19632.7	9.837886182943146
19634.4	10.374068882943144
19636.1	11.178687882943146
19637.7	10.578619882943142
19639.4	10.457507882943146
19641.1	9.450162882943147
19642.7	8.240021882943143
19644.4	8.145935882943146
19646.1	8.481835882943145
19647.7	9.214455882943145
19649.4	10.548680882943145
19651.1	10.504235882943144
19652.7	10.804705882943145
19654.4	11.115049882943143
19656.1	10.790535882943143
19657.7	10.902884782943143
19659.4	10.791253882943144
19661.1	10.196791882943144
19662.8	9.530445882943145
19664.4	9.175896882943146
19666.1	10.391806882943143
19667.8	11.415566882943143
19669.4	12.312036882943143
19671.1	13.003305882943147
19672.8	13.401742882943143
19674.4	13.680001882943142
19676.1	14.355365882943147
19677.8	14.950676882943146
19679.4	16.301429882943143
19681.1	16.596622882943144
19682.8	15.673764882943143
19684.4	13.803982182943145
19686.1	11.567453882943143
19687.8	9.366120882943145
19689.4	8.552475882943144
19691.1	7.4325268829431455
19692.8	7.707943882943144
19694.4	8.230384882943145
19696.1	8.491926882943144
19697.8	8.741204882943146
19699.4	8.512593882943145
19701.1	8.505204882943143
19702.8	8.722639882943144
19704.4	7.714055182943144
19706.1	7.7020788829431455
19707.8	7.651999882943144
19709.5	7.491198882943145
19711.1	7.298772882943145
19712.8	6.6663653829431455
19714.5	7.200180682943144
19716.1	8.415275882943144
19717.8	9.63699688294314
19719.5	12.125733882943145
19721.1	13.233537882943143
19722.8	13.295979882943147
19724.5	12.605007882943145
19726.1	10.212436882943143
19727.8	8.975386882943146
19729.5	9.183426082943146
19731.1	9.877311882943145
19732.8	11.298386882943145
19734.5	11.857554882943143
19736.1	11.548401882943143
19737.8	11.373086882943145
19739.5	10.222152882943146
19741.1	9.475049582943143
19742.8	8.249293082943144
19744.5	7.369179882943145
19746.1	6.650012782943145
19747.8	6.388310882943145
19749.5	7.388310882943143
19751.2	9.119496882943144
19752.8	10.790160882943145
19754.5	12.401625882943147
19756.2	12.943451882943146
19757.8	13.300455882943146
19759.5	13.384727802943143
19761.2	12.862935882943145
19762.8	12.430900882943146
19764.5	11.063857882943145
19766.2	9.304139882943144
19767.8	6.606224882943144
19769.5	3.904353482943145
19771.2	2.224420282943144
19772.8	2.306135882943144
19774.5	3.217876882943144
19776.2	5.155947882943145
19777.8	7.030766882943145
19779.5	7.754159882943145
19781.2	7.539568882943146
19782.8	7.382702382943142
19784.5	7.581391882943146
19786.2	8.084487882943144
19787.8	8.037008182943143
19789.5	7.307216882943145
19791.2	6.3270338829431445
19792.8	5.1371958829431446
19794.5	4.362047882943145
19796.2	4.233279882943146
19797.9	4.706644962943145
19799.5	5.4126568829431445
19801.2	6.249067982943144
19802.9	7.640741882943146
19804.5	9.102437882943144
19806.2	9.726122882943145
19807.9	10.723529882943145
19809.5	10.750243882943144
19811.2	10.499571882943144
19812.9	10.748613882943143
19814.5	10.799113882943143
19816.2	11.129187882943143
19817.9	11.321640882943145
19819.5	10.403191882943144
19821.2	10.243142882943143
19822.9	9.930932882943145
19824.5	9.231769882943144
19826.2	8.825441882943144
19827.9	7.841106882943144
19829.5	6.892378882943144
19831.2	5.892096882943144
19832.9	4.921620882943144
19834.5	5.025213882943143
19836.2	6.1432536529431445
19837.9	7.623137882943142
19839.5	8.750239882943145
19841.2	10.023006882943143
19842.9	10.327538682943146
19844.6	9.779414882943147
19846.2	8.584844882943145
19847.9	7.765713282943144
19849.6	7.545699882943144
19851.2	7.740951882943145
19852.9	7.647014882943145
19854.6	7.758825882943145
19856.2	7.356276882943145
19857.9	6.939777882943145
19859.6	6.141446882943145
19861.2	6.350741282943145
19862.9	6.917886882943144
19864.6	7.804814882943143
19866.2	8.604889882943144
19867.9	9.120085882943146
19869.6	9.539228882943146
19871.2	10.196204882943144
19872.9	10.998344882943142
19874.6	11.539546882943146
19876.2	10.839445882943142
19877.9	9.631469982943145
19879.6	8.116960882943147
19881.2	7.181806882943144
19882.9	7.696538882943143
19884.6	8.750806882943145
19886.2	9.105685882943144
19887.9	8.960767882943145
19889.6	7.407145882943143
19891.3	6.280408882943145
19892.9	6.290877682943146
19894.6	7.793294682943144
19896.3	8.986069882943145
19897.9	10.201163882943145
19899.6	9.172233882943143
19901.3	8.384001882943144
19902.9	7.321952882943144
19904.6	7.228671582943145
19906.3	7.439049882943143
19907.9	7.651957882943142
19909.6	7.192077882943144
19911.3	6.383786882943145
19912.9	4.857906882943145
19914.6	4.683274882943143
19916.3	4.850374882943143
19917.9	5.587986882943145
19919.6	6.566450882943144
19921.3	6.599463882943144
19922.9	5.909375882943144
19924.6	5.227984882943144
19926.3	4.755415882943144
19927.9	4.858303882943145
19929.6	5.458899882943145
19931.3	6.166793282943145
19933.0	6.731592882943144
19934.6	7.398762982943144
19936.3	8.266646882943144
19938.0	8.953407882943145
19939.6	10.863787882943145
19941.3	12.937409882943143
19943.0	14.841739882943141
19944.6	15.791779882943143
19946.3	14.982439882943146
19948.0	13.16284988294314
19949.6	11.309131882943145
19951.3	9.601185882943145
19953.0	8.564193582943144
19954.6	8.605184882943146
19956.3	9.517456882943144
19958.0	10.353030882943145
19959.6	10.503099882943145
19961.3	11.090526582943145
19963.0	10.261649882943145
19964.6	9.206018882943145
19966.3	7.367119282943145
19968.0	6.2575948829431445
19969.6	6.2975790829431455
19971.3	8.009989082943145
19973.0	9.353406582943142
19974.6	11.126958282943146
19976.3	11.143418782943142
19978.0	10.771299882943143
19979.7	9.512021882943145
19981.3	9.712958882943145
19983.0	8.983197882943143
19984.7	9.387321882943144
19986.3	9.594245882943145
19988.0	9.198618882943142
19989.7	8.555898882943143
19991.3	8.043296882943144
19993.0	6.552009882943144
19994.7	6.032763882943145
19996.3	5.066091882943144
19998.0	5.1064867829431435
19999.7	5.890232882943145
20001.3	7.167998882943145
20003.0	8.789473882943144
20004.7	9.714480882943146
20006.3	10.115077882943144
20008.0	9.504536882943146
20009.7	8.650096882943144
20011.3	8.409825882943144
20013.0	8.060266882943143
20014.7	8.167704882943145
20016.3	8.136023882943144
20018.0	7.748846882943144
20019.7	7.168700882943145
20021.3	6.163666282943145
20023.0	6.114236382943145
20024.7	6.995069882943144
20026.4	8.827918882943145
20028.0	10.766833882943144
20029.7	11.767595882943146
20031.4	12.579346182943144
20033.0	12.660217882943144
20034.7	12.092139882943146
20036.4	11.535925882943145
20038.0	10.435768882943144
20039.7	9.856424882943145
20041.4	9.145562882943143
20043.0	8.764640882943144
20044.7	9.569494882943143
20046.4	11.224983882943144
20048.0	12.881574882943141
20049.7	13.979264882943145
20051.4	13.914906882943143
20053.0	13.642391882943148
20054.7	13.100082882943145
20056.4	12.506050882943146
20058.0	12.005495882943146
20059.7	10.714187882943145
20061.4	9.410463882943144
20063.0	8.004726882943142
20064.7	7.178455282943143
20066.4	6.601477382943145
20068.0	7.635440482943146
20069.7	7.898921882943144
20071.4	8.386140382943145
20073.1	7.553196882943143
20074.7	7.515314882943144
20076.4	7.122401882943146
20078.1	7.808997882943144
20079.7	8.306997882943147
20081.4	9.735051382943144
20083.1	10.278126882943143
20084.7	10.821143882943147
20086.4	10.401752882943144
20088.1	10.489319882943144
20089.7	10.176742382943145
20091.4	9.317057282943145
20093.1	9.089138882943143
20094.7	9.279849882943143
20096.4	8.874832882943142
20098.1	9.222543882943146
20099.7	8.884770882943146
20101.4	8.656919882943145
20103.1	8.366203882943145
20104.7	7.4932788829431445
20106.4	6.878690882943144
20108.1	7.042221882943144
20109.7	6.490258582943144
20111.4	6.984677882943143
20113.1	6.793784082943145
20114.8	7.1524778829431455
20116.4	7.024758882943145
20118.1	7.536929882943146
20119.8	8.147670882943142
20121.4	9.247690882943143
20123.1	9.481181882943144
20124.8	9.058545882943145
20126.4	8.522868882943145
20128.1	8.416721882943145
20129.8	8.367300882943145
20131.4	9.429985882943146
20133.1	10.586471882943144
20134.8	11.155358882943142
20136.4	11.296035882943146
20138.1	11.335923882943145
20139.8	12.018492882943145
20141.4	13.299792882943146
20143.1	15.226781882943143
20144.8	15.781179882943144
20146.4	16.070899882943145
20148.1	15.313918882943147
20149.8	13.676766882943145
20151.4	13.031316882943145
20153.1	12.478316182943146
20154.8	12.227577882943146
20156.4	12.452856882943145
20158.1	12.164819882943144
20159.8	12.390153882943144
20161.5	12.292761882943145
20163.1	11.774111882943146
20164.8	11.369529882943146
20166.5	10.541218882943145
20168.1	10.125404882943144
20169.8	9.696593882943144
20171.5	9.801646882943146
20173.1	11.217458882943143
20174.8	11.485101882943145
20176.5	11.471180882943145
20178.1	10.898234482943144
20179.8	9.815402882943145
20181.5	9.466842882943144
20183.1	9.383532882943147
20184.8	9.753116882943143
20186.5	11.493099882943145
20188.1	11.444471882943144
20189.8	11.056307882943143
20191.5	10.103517882943146
20193.1	8.160991882943144
20194.8	6.466042382943144
20196.5	5.849569882943143
20198.1	5.248227482943144
20199.8	6.125892882943145
20201.5	6.411643882943144
20203.1	6.771609882943143
20204.8	6.1533288829431445
20206.5	5.989632882943145
20208.2	5.797410882943145
20209.8	5.955934882943145
20211.5	6.096767882943142
20213.2	6.936258882943146
20214.8	8.236474882943146
20216.5	10.247453882943145
20218.2	11.463493182943143
20219.8	12.072581882943146
20221.5	12.600819882943146
20223.2	11.599449882943144
20224.8	10.723740882943144
20226.5	10.257618882943145
20228.2	10.806201882943144
20229.8	11.333213882943145
20231.5	11.333553882943143
20233.2	11.069249882943145
20234.8	10.388887882943143
20236.5	9.041740882943145
20238.2	8.631247782943143
20239.8	7.7808248829431435
20241.5	7.724066882943146
20243.2	7.6897008829431455
20244.8	7.666784882943143
20246.5	8.162041882943146
20248.2	8.488633882943144
20249.8	8.307832882943144
20251.5	7.934953182943144
20253.2	6.5613758829431434
20254.9	5.801479882943145
20256.5	4.796838682943144
20258.2	5.119310882943145
20259.9	5.912515882943144
20261.5	6.857351682943144
20263.2	7.789708682943143
20264.9	8.397600882943147
20266.5	8.035167882943144
20268.2	8.810747882943144
20269.9	8.899612882943144
20271.5	9.494121882943142
20273.2	9.439804882943145
20274.9	9.333257882943144
20276.5	9.054917882943146
20278.2	8.945505882943145
20279.9	8.699492882943144
20281.5	9.432299882943145
20283.2	10.010273882943144
20284.9	10.586401882943145
20286.5	9.953832882943143
20288.2	8.691887782943144
20289.9	6.761234482943143
20291.5	5.6902101829431455
20293.2	5.880064752943145
20294.9	7.397157882943145
20296.6	9.661293882943145
20298.2	10.893353882943146
20299.9	11.268801882943144
20301.6	10.874368782943144
20303.2	9.656037882943146
20304.9	8.767701882943145
20306.6	7.837780882943145
20308.2	6.671055882943145
20309.9	6.104275882943145
20311.6	6.3025068829431445
20313.2	8.248538882943144
20314.9	10.356128882943143
20316.6	12.655049882943144
20318.2	13.304078882943145
20319.9	13.213382882943147
20321.6	12.712536882943144
20323.2	11.608913982943145
20324.9	11.080222682943146
20326.6	10.332238482943145
20328.2	9.107011882943143
20329.9	8.910540882943144
20331.6	8.586351882943145
20333.2	9.500527882943144
20334.9	10.487298882943142
20336.6	10.586545882943144
20338.2	11.316135882943147
20339.9	11.959422882943144
20341.6	12.988369282943145
20343.3	14.364966882943142
20344.9	14.895220882943146
20346.6	14.425720882943144
20348.3	12.950987882943142
20349.9	10.764271882943143
20351.6	9.521056882943144
20353.3	9.390019882943145
20354.9	10.279179882943144
20356.6	10.972272882943146
20358.3	11.564646882943144
20359.9	12.614864882943143
20361.6	13.145086882943144
20363.3	13.652494882943145
20364.9	13.511995882943145
20366.6	12.274630882943145
20368.3	11.157843882943144
20369.9	9.906419882943144
20371.6	8.358172882943144
20373.3	8.008582882943143
20374.9	7.780028182943144
20376.6	7.067284882943144
20378.3	6.629156882943144
20379.9	6.328562882943145
20381.6	6.486673882943146
20383.3	7.501679882943144
20384.9	8.959909882943144
20386.6	9.921697882943144
20388.3	11.311209882943142
20390.0	12.294858882943142
20391.6	13.161473882943145
20393.3	13.625431882943143
20395.0	13.564233882943142
20396.6	12.822225882943144
20398.3	12.735962882943145
20400.0	12.275106882943145
20401.6	11.929489282943145
20403.3	11.463093882943145
20405.0	10.532933882943144
20406.6	9.618444882943146
20408.3	9.679393882943145
20410.0	9.907130882943145
20411.6	10.924090882943144
20413.3	11.676120882943145
20415.0	11.273910882943143
20416.6	10.961659882943147
20418.3	9.902648882943144
20420.0	9.299347882943145
20421.6	10.063845882943145
20423.3	10.553965882943144
20425.0	11.586432882943143
20426.6	13.526782882943143
20428.3	14.297956882943145
20430.0	15.443917882943145
20431.6	15.865899882943145
20433.3	16.04295688294314
20435.0	16.429725882943146
20436.7	15.749926882943146
20438.3	14.583904882943141
20440.0	13.285339882943143
20441.7	10.967069882943143
20443.3	8.703111882943144
20445.0	6.484575082943145
20446.7	5.471975982943144
20448.3	4.994513882943144
20450.0	4.5581732829431445
20451.7	5.025236582943144
20453.3	6.412939282943144
20455.0	8.223815882943143
20456.7	10.461341882943143
20458.3	11.801466882943144
20460.0	13.373972882943141
20461.7	14.387787882943147
20463.3	14.105363882943143
20465.0	13.513049882943147
20466.7	12.544848882943146
20468.3	11.065308882943144
20470.0	10.434096882943145
20471.7	9.562797882943144
20473.3	10.341081882943145
20475.0	11.413313882943145
20476.7	11.963066882943144
20478.4	12.447501882943145
20480.0	11.868004882943145
20481.7	11.516214882943146
20483.4	11.113308882943144
20485.0	10.759683882943145
20486.7	10.865424882943145
20488.4	11.051209882943143
20490.0	10.194611882943146
20491.7	10.481650882943146
20493.4	9.858370882943145
20495.0	9.647546882943145
20496.7	8.800946882943144
20498.4	8.183344882943143
20500.0	7.591212882943144
20501.7	7.366673882943145
20503.4	6.649699882943144
20505.0	7.1795078829431445
20506.7	7.8448138829431455
20508.4	8.248286882943145
20510.0	8.105643382943144
20511.7	7.781458882943144
20513.4	8.010706882943145
20515.0	7.633475882943147
20516.7	7.510160882943145
20518.4	7.284434882943145
20520.0	6.474449882943145
20521.7	5.864163882943144
20523.4	5.542354882943144
20525.1	5.7700298829431445
20526.7	7.455339882943145
20528.4	9.621192882943145
20530.1	12.089095882943145
20531.7	14.165463882943143
20533.4	14.225471882943145
20535.1	13.884725882943144
20536.7	13.098629882943143
20538.4	12.384735882943144
20540.1	11.633831882943147
20541.7	11.666084882943146
20543.4	11.252193882943144
20545.1	10.961211882943145
20546.7	10.431232882943144
20548.4	10.187224882943145
20550.1	10.334161882943146
20551.7	10.109661882943145
20553.4	8.481759882943145
20555.1	6.482769782943144
20556.7	3.9438278829431446
20558.4	2.0294438829431445
20560.1	2.5133035829431445
20561.7	3.332507782943144
20563.4	4.826735882943143
20565.1	6.447026682943144
20566.7	6.483295882943144
20568.4	6.295801882943145
20570.1	6.050004882943144
20571.8	5.753096882943144
20573.4	6.1246208829431446
20575.1	6.300051882943145
20576.8	6.969885882943143
20578.4	7.9907428829431435
20580.1	8.917089882943143
20581.8	10.379992882943146
20583.4	11.006195882943143
20585.1	11.244356882943146
20586.8	10.585381882943144
20588.4	9.441260882943146
20590.1	9.387475882943146
20591.8	9.730926882943143
20593.4	9.172655882943145
20595.1	9.175483882943144
20596.8	8.237556882943144
20598.4	7.2783608829431445
20600.1	8.151025882943145
20601.8	9.323192882943145
20603.4	12.316513882943147
20605.1	14.583079882943144
20606.8	15.211484882943143
20608.4	14.173526882943145
20610.1	12.224358882943141
20611.8	9.454623882943144
20613.4	7.931564882943144
20615.1	6.401499082943144
20616.8	6.893297882943145
20618.5	7.984423882943145
20620.1	10.074606882943147
20621.8	11.534244882943145
20623.5	12.456891882943145
20625.1	11.824665882943144
20626.8	11.002549882943143
20628.5	10.359099882943145
20630.1	9.911698882943144
20631.8	10.195296882943143
20633.5	10.267201882943144
20635.1	9.538934882943144
20636.8	8.453989882943144
20638.5	6.776024882943145
20640.1	5.962572982943145
20641.8	6.693213882943144
20643.5	8.784984882943144
20645.1	11.116431882943147
20646.8	12.732889882943144
20648.5	13.775529882943143
20650.1	13.288349882943143
20651.8	12.430289882943145
20653.5	11.479289882943146
20655.1	11.050065882943144
20656.8	12.082572882943145
20658.5	12.491852882943144
20660.2	12.439594882943144
20661.8	11.743034882943146
20663.5	10.366465882943144
20665.2	9.565459882943143
20666.8	9.043405882943144
20668.5	9.492110882943145
20670.2	9.516410882943145
20671.8	9.042507882943145
20673.5	8.577483882943145
20675.2	7.053410882943145
20676.8	5.735561882943145
20678.5	5.855941882943144
20680.2	6.550237882943144
20681.8	8.890840882943145
20683.5	10.130791882943146
20685.2	11.188654882943144
20686.8	11.893154882943145
20688.5	11.210599882943146
20690.2	10.910548882943145
20691.8	10.710781582943145
20693.5	10.449473882943144
20695.2	10.408959882943144
20696.8	9.679448582943143
20698.5	8.879801882943145
20700.2	9.034907882943145
20701.8	7.626115882943144
20703.5	6.826172882943143
20705.2	5.947256282943145
20706.9	5.380705792943145
20708.5	5.324169982943145
20710.2	5.598935532943145
20711.9	5.759917582943144
20713.5	6.934285582943145
20715.2	7.930258882943145
20716.9	9.277506882943145
20718.5	11.751248882943145
20720.2	14.111476882943146
20721.9	16.431688882943142
20723.5	17.185129882943144
20725.2	16.997629882943148
20726.9	16.787745882943145
20728.5	15.679604882943144
20730.2	13.869233882943144
20731.9	12.308612882943143
20733.5	10.508479882943144
20735.2	9.382466882943145
20736.9	8.737003882943146
20738.5	7.580601882943145
20740.2	7.532186882943142
20741.9	7.354269442943144
20743.5	7.084208882943146
20745.2	7.206331782943144
20746.9	6.568093882943144
20748.5	5.723983882943145
20750.2	5.9128978829431444
20751.9	6.266622882943145
20753.6	7.185096982943145
20755.2	8.692493882943145
20756.9	9.438028882943145
20758.6	10.062553882943146
20760.2	9.368102882943145
20761.9	8.495882882943146
20763.6	8.022868882943145
20765.2	8.561148882943145
20766.9	9.120232882943146
20768.6	10.669921882943147
20770.2	12.164402882943145
20771.9	13.315488882943146
20773.6	13.610339882943142
20775.2	12.843659882943147
20776.9	11.661502882943143
20778.6	10.925510282943144
20780.2	9.213763882943145
20781.9	6.775584882943145
20783.6	4.339236882943145
20785.2	2.3523088829431447
20786.9	2.0420008829431446
20788.6	2.9586168829431445
20790.2	4.685733582943144
20791.9	7.445589882943144
20793.6	9.826809882943145
20795.2	11.121328882943144
20796.9	11.980219882943143
20798.6	12.288199882943143
20800.3	11.670081882943144
20801.9	11.817691882943146
20803.6	11.334217882943143
20805.3	11.305388882943145
20806.9	11.546966882943144
20808.6	11.390463882943145
20810.3	11.080511882943144
20811.9	10.407523682943145
20813.6	10.303738682943143
20815.3	11.011831882943145
20816.9	11.382641882943144
20818.6	11.315348882943145
20820.3	11.338100882943145
20821.9	11.526778882943145
20823.6	11.707334882943144
20825.3	11.636017882943143
20826.9	11.569465882943145
20828.6	10.954939882943146
20830.3	10.246177582943144
20831.9	9.346670882943146
20833.6	9.439765882943146
20835.3	9.916364882943144
20836.9	10.175519482943145
20838.6	10.762352882943144
20840.3	11.760805482943145
20842.0	12.607946882943143
20843.6	13.842326882943144
20845.3	14.296849882943144
20847.0	14.194661882943143
