0.0	-1.4345886589297663
1.66789	-0.909846778929766
3.33578	-0.870242778929766
5.00367	-0.13846177892976613
6.67156	-0.043101778929765855
8.33945	0.2652608210702342
10.0073	-0.11716277892976593
11.6752	0.22384472107023395
13.3431	-0.09992417892976593
15.011	0.227079621070234
16.6789	-0.12255877892976592
18.3468	0.19019502107023414
20.0147	-0.13245577892976593
21.6826	0.2243894210702341
23.3505	-0.05538977892976597
25.0183	0.290088221070234
26.6862	-0.024640778929765884
28.3541	0.2945455210702341
30.022	-0.06607077892976587
31.6899	0.4425563540702342
33.3578	0.2774082210702339
35.0257	0.7957122210702341
36.6936	0.4925602210702341
38.3615	0.7667502210702342
40.0294	0.23291412107023396
41.6972	0.4941270610702341
43.3651	0.05777432107023408
45.033	0.559404721070234
46.7009	0.26593403107023406
48.3688	0.8296073210702343
50.0367	0.757122221070234
51.7046	1.497901621070234
53.3725	1.6425076210702336
55.0404	2.2331632210702343
56.7083	1.8544762210702346
58.3761	2.025707221070234
60.044	0.8973614210702341
61.7119	0.501739021070234
63.3798	-0.28585477892976596
65.0477	-0.2833288789297659
66.7156	-0.4227967789297661
68.3835	0.24861062107023396
70.0514	0.3101239210702341
71.7193	1.0733845210702337
73.3871	0.8136326210702339
75.055	1.0186854210702339
76.7229	0.580152021070234
78.3908	0.8092139210702343
80.0587	0.384883921070234
81.7266	0.6455112210702342
83.3945	0.3470160210702341
85.0624	0.670102821070234
86.7303	0.39849012107023407
88.3982	0.7488090210702341
90.066	0.6708931810702341
91.7339	1.6623042210702341
93.4018	1.7093798210702338
95.0697	2.274050521070234
96.7376	1.7912747210702342
98.4055	1.6838701210702343
100.073	0.8644237210702341
101.741	0.6514888210702339
103.409	0.006473421070234031
105.077	0.5134271210702341
106.745	0.24281222107023398
108.413	0.5808472210702339
110.081	0.33287532107023393
111.749	0.7622149210702339
113.417	0.456256521070234
115.084	0.755709821070234
116.752	0.213382721070234
118.42	0.452916721070234
120.088	-0.023928378929765914
121.756	0.19139192107023403
123.424	-0.09136537892976597
125.092	0.43516772107023394
126.76	0.259539221070234
128.428	0.684224921070234
130.095	0.2864359210702341
131.763	0.6308832210702341
133.431	0.19363142107023404
135.099	0.40148732107023416
136.767	0.08626622107023403
138.435	0.5112395210702342
140.103	0.26459322107023403
141.771	0.5356232210702341
143.439	0.13741372107023397
145.106	0.48005812107023405
146.774	0.128222321070234
148.442	0.45613482107023395
150.11	0.14683292107023416
151.778	0.5663840210702341
153.446	0.19854402107023397
155.114	0.48052345107023414
156.782	0.023790621070234063
158.45	0.37485685107023403
160.117	0.03540982107023405
161.785	0.5411668010702342
163.453	0.27588372107023407
165.121	0.7166879210702342
166.789	0.35247502107023404
168.457	0.7665000210702341
170.125	0.41512672107023396
171.793	0.8893955210702341
173.461	0.5237978210702339
175.128	1.1113624910702342
176.796	1.488059421070234
178.464	2.868989821070234
180.132	3.4928955920702336
181.8	4.5881922210702335
183.468	4.126157221070235
185.136	3.8720862210702336
186.804	2.480678121070234
188.472	1.7432057210702339
190.139	0.8141292210702339
191.807	0.9335112210702341
193.475	0.385718221070234
195.143	0.792677921070234
196.811	0.511203521070234
198.479	1.245738121070234
200.147	1.658384021070234
201.815	3.4401335210702344
203.483	5.020797221070235
205.15	7.771330621070234
206.818	10.506791221070234
208.486	12.495854221070235
210.154	12.462056221070235
211.822	11.330125221070233
213.49	7.835430221070233
215.158	5.205789591070234
216.826	2.2883174510702338
218.494	1.0816695210702338
220.161	0.9524364210702337
221.829	2.5477773210702344
223.497	3.6481134210702337
225.165	7.7861272210702355
226.833	12.236839221070232
228.501	15.921312221070234
230.169	17.198343221070235
231.837	16.04247522107023
233.505	11.786169221070233
235.172	7.984715221070234
236.84	3.674366221070234
238.508	1.7890282210702337
240.176	1.667383181070234
241.844	1.3061407210702338
243.512	0.9469280910702338
245.18	0.6666644710702341
246.848	0.4987641210702341
248.516	0.6814485210702339
250.183	0.805793421070234
251.851	1.368260921070234
253.519	1.168549921070234
255.187	1.5530936210702344
256.855	1.624522241070234
258.523	2.363515021070234
260.191	2.869075221070234
261.859	3.904583721070234
263.527	4.162768721070234
265.194	4.851639061070234
266.862	4.079851921070234
268.53	4.098668521070233
270.198	3.4625629210702344
271.866	3.3187504210702334
273.534	2.6862916210702346
275.202	2.516690021070234
276.87	1.5079827210702341
278.538	1.3252080210702342
280.205	0.5425972210702341
281.873	0.6639852210702339
283.541	0.5424922210702341
285.209	0.9445204210702339
286.877	0.791098621070234
288.545	1.110744721070234
290.213	0.675039921070234
291.881	0.967240619070234
293.549	0.813107721070234
295.216	1.2156281360702341
296.884	1.190703921070234
298.552	1.8362270210702338
300.22	2.4291510210702336
301.888	4.706100221070234
303.556	6.790792221070234
305.224	8.822170221070234
306.892	9.821510221070234
308.56	11.113274221070235
310.227	11.406621221070235
311.895	13.532559221070235
313.563	16.256062421070233
315.231	22.365643521070233
316.899	28.561025721070234
318.567	31.101067221070235
320.235	29.510729221070232
321.903	24.449189221070235
323.571	15.954527221070233
325.238	8.788226221070234
326.906	2.798398221070234
328.574	0.896773421070234
330.242	1.229965221070234
331.91	1.1165816210702342
333.578	0.889337321070234
335.246	0.821971721070234
336.914	0.48003522107023383
338.582	0.8554152210702342
340.25	0.46545552107023414
341.917	0.811023421070234
343.585	0.9622942210702341
345.253	1.8134684210702339
346.921	3.5464415210702342
348.589	6.107108521070234
350.257	8.658004421070235
351.925	10.649736221070233
353.593	10.878835221070235
355.261	9.785734221070237
356.928	7.337401221070235
358.596	4.8499982110702335
360.264	2.913714221070234
361.932	1.7773282210702341
363.6	1.530323321070234
365.268	1.9813391210702342
366.936	2.557841521070234
368.604	3.850577221070234
370.272	7.863072221070233
371.939	16.389548221070235
373.607	23.054707221070235
375.275	27.770707221070232
376.943	27.296827221070238
378.611	22.583027221070232
380.279	15.187666221070234
381.947	8.182448221070235
383.615	2.466882521070234
385.283	1.8163827710702343
386.95	0.09204522107023409
388.618	-0.9622087789297659
390.286	-1.790550978929766
391.954	-1.355513478929766
393.622	-1.303351118929766
395.29	-0.36651784492976586
396.958	-0.48481507892976594
398.626	-0.058295778929765965
400.294	-0.069980778929766
401.961	0.4212068910702341
403.629	0.3627708210702341
405.297	1.2082019210702342
406.965	1.1986350210702341
408.633	2.417492621070234
410.301	4.413280421070234
411.969	6.9771022210702345
413.637	8.502882221070234
415.305	9.339194221070235
416.972	7.864236221070233
418.64	6.097941021070232
420.308	3.1963990210702344
421.976	1.209744321070234
423.644	0.12556033007023393
425.312	0.1616213210702342
426.98	-0.24791707892976605
428.648	-0.11804101892976582
430.316	-0.35090387892976593
431.983	-0.05650997892976597
433.651	-0.30048247892976593
435.319	0.12833652107023416
436.987	-0.038962678929765994
438.655	0.37155192107023416
440.323	0.1445410210702341
441.991	0.259805321070234
443.659	-0.08852947892976593
445.327	0.12294872107023398
446.994	-0.15882097892976593
448.662	0.25590552107023395
450.33	0.05306552107023408
451.998	0.34017542107023413
453.666	0.03827832107023408
455.334	0.28002542107023415
457.002	0.0247953210702341
458.67	0.32529784077023405
460.338	-0.022125778929765926
462.005	0.20676712107023404
463.673	-0.22285577892976596
465.341	-0.057708978929765876
467.009	-0.410952778929766
468.677	-0.15049537892976592
470.345	-0.47298867892976587
472.013	-0.1435594789297659
473.681	-0.4100117789297659
475.349	-0.032032678929766
477.016	-0.22214877892976587
478.684	0.14948792107023418
480.352	-0.053930278929765915
482.02	0.3514900210702341
483.688	0.055349521070234074
485.356	0.38780820107023395
487.024	0.079994721070234
488.692	0.30354962107023414
490.36	-0.05006277892976589
492.027	0.18496532107023406
493.695	-0.12438177892976592
495.363	0.34860812107023403
497.031	0.15378292107023409
498.699	0.5784800510702341
500.367	0.35579562107023405
502.035	0.6394101210702341
503.703	0.2849660210702341
505.371	0.502206021070234
507.038	0.08227862107023402
508.706	0.354807221070234
510.374	0.015086821070234003
512.042	0.2618721210702341
513.71	-0.11302227892976605
515.378	0.12089833107023402
517.046	-0.19568837892976587
518.714	0.15755232107023415
520.382	-0.12211107892976596
522.049	0.20422242107023408
523.717	-0.12884017892976585
525.385	0.06816672107023405
527.053	-0.26728867892976593
528.721	0.02829112107023395
530.389	-0.05030957892976602
532.057	0.8515616210702339
533.725	1.4724712210702342
535.393	2.716975221070234
537.06	3.1259802210702343
538.728	3.6104012210702345
540.396	2.986106421070234
542.064	2.507222021070234
543.732	1.322345221070234
545.4	0.9385211210702341
547.068	0.29173062107023406
548.736	0.38026092107023407
550.404	-0.07722507892976607
552.072	0.11916342107023406
553.739	-0.21318817892976596
555.407	0.09284812107023402
557.075	-0.16267117892976607
558.743	0.16564432107023402
560.411	-0.0996333789297659
562.079	0.1903812210702341
563.747	-0.09214247892976593
565.415	0.16340222107023408
567.083	-0.15755777892976602
568.75	-0.019458978929766002
570.418	-0.32089577892976595
572.086	0.01749522107023399
573.754	-0.1675187789297659
575.422	0.3575853210702341
577.09	0.18756802107023413
578.758	0.439465221070234
580.426	0.03249392107023401
582.094	0.096320021070234
583.761	-0.281399978929766
585.429	0.06845242107023401
587.097	-0.21237987892976595
588.765	0.15893612107023408
590.433	-0.15513147892976598
592.101	0.134017821070234
593.769	-0.21595877892976598
595.437	0.05117182107023401
597.105	-0.28363177892976593
598.772	-0.022084578929766053
600.44	-0.359444778929766
602.108	-0.111798778929766
603.776	-0.45305777892976584
605.444	-0.1290557789297659
607.112	-0.39306277892976593
608.78	-0.01960997892976598
610.448	-0.24501877892976584
612.116	0.11779092107023396
613.783	-0.12388777892976596
615.451	0.155022421070234
617.119	-0.199014778929766
618.787	0.09570602107023403
620.455	-0.21513777892976585
622.123	0.0657976210702341
623.791	-0.21266077892976593
625.459	0.087017521070234
627.127	-0.16485577892976594
628.794	0.17615042107023404
630.462	-0.08868677892976592
632.13	0.25588492107023403
633.798	-0.04667177892976602
635.466	0.19476052107023406
637.134	-0.15136977892976605
638.802	0.11314722107023396
640.47	-0.18891377892976596
642.138	0.121084221070234
643.805	-0.14933277892976587
645.473	0.20697322107023414
647.141	-0.05476277892976596
648.809	0.285747221070234
650.477	0.371404221070234
652.145	0.8592342210702342
653.813	0.8704020210702341
655.481	1.3082887210702339
657.149	0.9229684210702341
658.816	1.025491621070234
660.484	0.491627721070234
662.152	0.390996721070234
663.82	0.07987162107023402
665.488	0.21876592107023413
667.156	-0.11179847892976598
668.824	0.21284236107023405
670.492	-0.09886167892976598
672.16	0.19513033107023395
673.827	-0.09064477892976583
675.495	0.17237962107023402
677.163	-0.1565769789297659
678.831	0.14434822107023404
680.499	-0.15142207892976586
682.167	0.164864221070234
683.835	-0.1042985789297659
685.503	0.251695821070234
687.171	-0.02331087892976602
688.838	0.26910172107023395
690.506	-0.10637977892976598
692.174	0.12612222107023405
693.842	-0.19687377892976593
695.51	0.10717532107023411
697.178	-0.14455677892976598
698.846	0.23679712107023393
700.514	-0.021455778929765978
702.182	0.311459021070234
703.849	-0.017289878929765877
705.517	0.260940321070234
707.185	-0.05183637892976591
708.853	0.22346862107023405
710.521	-0.0914067789297659
712.189	0.20358792107023396
713.857	-0.10924777892976603
715.525	0.19202922107023399
717.193	-0.15252177892976587
718.86	0.11260992107023408
720.528	-0.2171257789297661
722.196	0.08438052107023411
723.864	-0.19238277892976594
725.532	0.133583921070234
727.2	-0.152919078929766
728.868	0.15869092107023403
730.536	-0.14957267892976592
732.204	0.14290302107023406
733.871	-0.15855677892976586
735.539	0.14662542107023416
737.207	-0.14429777892976597
738.875	0.14845522107023398
740.543	-0.14869577892976596
742.211	0.15768982107023408
743.879	-0.12067177892976595
745.547	0.18121162107023397
747.215	-0.11677577892976596
748.882	0.16309762107023404
750.55	-0.14690177892976597
752.218	0.13927832107023405
753.886	-0.15950977892976598
755.554	0.13676002107023405
757.222	-0.15984467892976598
758.89	0.13425012107023399
760.558	-0.15503077892976594
762.226	0.165008221070234
763.894	-0.11734777892976593
765.561	0.18761692107023403
767.229	-0.101532678929766
768.897	0.20809812107023395
770.565	-0.059816878929765935
772.233	0.274820021070234
773.901	0.019193121070234086
775.569	0.325836221070234
777.237	-0.0022514789297659265
778.905	0.23175942107023406
780.572	-0.13142777892976593
782.24	0.12171672107023408
783.908	-0.17752977892976593
785.576	0.11737602107023411
787.244	-0.15992477892976603
788.912	0.14089792107023408
790.58	-0.14508477892976593
792.248	0.1644242210702339
793.916	-0.11247197892976599
795.583	0.18861822107023402
797.251	-0.098621378929766
798.919	0.17680552107023395
800.587	-0.12852557892976596
802.255	0.14538712107023408
803.923	-0.13661277892976592
805.591	0.15437352107023405
807.259	-0.11881577892976596
808.927	0.200320421070234
810.594	-0.07183787892976601
812.262	0.23078002107023413
813.93	-0.04362597892976585
815.598	0.21598582107023406
817.266	-0.09718297892976593
818.934	0.1414818210702339
820.602	-0.1874717789297659
822.27	0.10088122107023403
823.938	-0.19737957892976601
825.605	0.1016267210702341
827.273	-0.17678787892976594
828.941	0.11910622107023401
830.609	-0.15638307892976594
832.277	0.14452152107023403
833.945	-0.11609407892976584
835.613	0.21199682107023402
837.281	-0.059251578929766
838.949	0.24659652107023394
840.616	-0.060473978929765915
842.284	0.21350502107023406
843.952	-0.09176887892976597
845.62	0.16256642107023406
847.288	-0.14422637892976592
848.956	0.12313202107023402
850.624	-0.17734747892976604
852.292	0.11624242107023397
853.96	-0.15760107892976602
855.627	0.15889552107023408
857.295	-0.09397027892976598
858.963	0.20423332107023398
860.631	-0.090409178929766
862.299	0.201204021070234
863.967	-0.07752077892976594
865.635	0.22495502107023402
867.303	-0.052591678929765975
868.971	0.23567922107023404
870.638	-0.05399687892976597
872.306	0.2978367210702339
873.974	0.05385962107023408
875.642	0.5052385610702339
877.31	0.34164769107023407
878.978	0.5378332210702341
880.646	-0.5616815789297659
882.314	-1.3298733089297659
883.982	-2.533501478929766
885.649	-2.7557002189297655
887.317	-2.900072778929766
888.985	-1.970174278929766
890.653	-1.436944778929766
892.321	-0.446690778929766
893.989	-0.5174497789297661
895.657	-0.2945847789297659
897.325	-0.46015377892976594
898.993	-0.21248017892976595
900.66	-0.4381467789297659
902.328	-0.22961517892976602
903.996	-0.478333778929766
905.664	-0.250731378929766
907.332	-0.48694577892976587
909.0	-0.24569187892976604
910.668	-0.47877077892976605
912.336	-0.30793797892976604
914.004	-0.5490247789297659
915.671	-0.294036278929766
917.339	-0.44991687892976595
919.007	-0.12659497892976596
920.675	-0.24165497892976603
922.343	0.06713919507023398
924.011	-0.127174378929766
925.679	0.052538051070233995
927.347	-0.20898937892976602
929.015	-0.05424607892976594
930.682	-0.2534408789297661
932.35	-0.08331303892976608
934.018	-0.267747578929766
935.686	-0.1643168789297659
937.354	-0.37960923892976595
939.022	-0.3247875789297659
940.69	-0.42012107892976597
942.358	-0.327029578929766
944.026	-0.3702983789297658
945.693	-0.3078800189297659
947.361	-0.2409890789297659
949.029	-0.543240878929766
950.697	-0.3650355389297659
952.365	-1.9437020789297654
954.033	5.4659217210702336
955.701	22.070447221070232
957.369	36.22735722107023
959.037	48.20027722107024
960.704	48.97608722107024
962.372	39.22073722107024
964.04	24.785717221070236
965.708	8.520362221070233
967.376	-1.2210090789297658
969.044	0.37617262107023414
970.712	-0.43703067892976594
972.38	0.544068321070234
974.048	-0.14762527892976599
975.715	0.603845921070234
977.383	-0.14063677892976592
979.051	0.365496921070234
980.719	-0.24476177892976594
982.387	0.4280602210702339
984.055	-0.1714417789297659
985.723	0.3065232210702341
987.391	-0.376027778929766
989.059	0.5648497210702341
990.727	0.8115532210702341
992.394	3.073390221070234
994.062	5.140869621070234
995.73	9.110423221070233
997.398	11.330524221070235
999.066	13.022903221070232
1000.73	11.850810221070235
1002.4	9.961503221070235
1004.07	6.382454221070234
1005.74	3.9017742210702338
1007.41	1.4248382210702344
1009.07	1.0318372210702342
1010.74	0.386245421070234
1012.41	0.5519511210702339
1014.08	0.19661715107023398
1015.74	0.4351516210702341
1017.41	0.11530405107023407
1019.08	0.45966142107023417
1020.75	0.157878881070234
1022.42	0.45748642107023424
1024.08	0.01651392107023395
1025.75	0.323831921070234
1027.42	-0.09235427892976596
1029.09	0.237313821070234
1030.76	-0.10171177892976586
1032.42	0.22337942107023406
1034.09	-0.08488777892976591
1035.76	0.268019821070234
1037.43	-0.09913117892976597
1039.1	0.2865525210702341
1040.76	-0.031137178929765908
1042.43	0.36668692107023415
1044.1	0.02234802107023397
1045.77	0.3450519210702341
1047.43	-0.008002078929765899
1049.1	0.331798701070234
1050.77	-0.03109597892976592
1052.44	0.34681195107023394
1054.11	0.05518082107023407
1055.77	0.4371632210702339
1057.44	0.12142222107023395
1059.11	0.45795712107023406
1060.78	0.18772102407023405
1062.45	0.6691716610702342
1064.11	0.481365821070234
1065.78	0.8375391210702341
1067.45	0.09861159107023405
1069.12	-0.2836742789297659
1070.79	-1.3033776789297662
1072.45	-1.567243778929766
1074.12	-1.9317168789297656
1075.79	-1.287900478929766
1077.46	-1.063276778929766
1079.12	-0.21469097892976588
1080.79	-0.309510778929766
1082.46	0.030507221070234004
1084.13	-0.21975977892976598
1085.8	0.091257221070234
1087.46	-0.20677277892976598
1089.13	0.07458722107023404
1090.8	-0.223594778929766
1092.47	0.050554221070234016
1094.14	-0.25689277892976603
1095.8	0.07974522107023403
1097.47	-0.22666577892976597
1099.14	0.10577732107023397
1100.81	-0.228290778929766
1102.48	0.07612112107023401
1104.14	-0.187850778929766
1105.81	0.16966922107023405
1107.48	-0.08021377892976593
1109.15	0.27303022107023406
1110.81	-0.039019778929765894
1112.48	0.26060282107023414
1114.15	-0.07919477892976592
1115.82	0.22266522107023407
1117.49	-0.07559277892976599
1119.15	0.24885422107023408
1120.82	-0.03633877892976596
1122.49	0.273103221070234
1124.16	-0.03063477892976594
1125.83	0.29342622107023403
1127.49	-0.0070247789297659844
1129.16	0.33058922107023403
1130.83	0.01724622107023408
1132.5	0.30408622107023403
1134.17	0.021389221070234044
1135.83	0.34843822107023403
1137.5	0.077274221070234
1139.17	0.41727522107023407
1140.84	0.1373262210702341
1142.5	0.47290262107023395
1144.17	0.370764221070234
1145.84	0.371966121070234
1147.51	-0.10939077892976586
1149.18	0.275399221070234
1150.84	0.17027262107023405
1152.51	1.128835321070234
1154.18	2.233068321070234
1155.85	5.002599421070234
1157.52	6.962109221070233
1159.18	8.457053221070236
1160.85	7.850902221070234
1162.52	6.473490221070236
1164.19	3.515616221070234
1165.85	1.2533813510702339
1167.52	-0.945941778929766
1169.19	-0.8009861789297663
1170.86	-0.9337037789297659
1172.53	-0.284013178929766
1174.19	-0.266448478929766
1175.86	0.15765412107023385
1177.53	-0.20915617892976596
1179.2	0.07436372107023392
1180.87	-0.25672377892976594
1182.53	0.019979821070233994
1184.2	-0.386185978929766
1185.87	-0.13429717892976592
1187.54	-0.47317677892976595
1189.21	-0.15360557892976595
1190.87	-0.4312747789297659
1192.54	-0.017241978929765978
1194.21	-0.253525778929766
1195.88	0.11464842107023406
1197.54	-0.22612377892976596
1199.21	0.06334482107023391
1200.88	-0.33376077892976597
1202.55	-0.04039067892976598
1204.22	-0.385336778929766
1205.88	-0.07300797892976596
1207.55	-0.3644597789297659
1209.22	-0.03517787892976598
1210.89	-0.3422467789297659
1212.56	-0.016272778929765995
1214.22	-0.36462777892976594
1215.89	-0.005945878929766035
1217.56	-0.2858447789297659
1219.23	0.025845521070234058
1220.9	-0.281492778929766
1222.56	0.03057782107023397
1224.23	-0.279336778929766
1225.9	0.04155092107023406
1227.57	-0.256827778929766
1229.23	0.090435321070234
1230.9	-0.2078217789297659
1232.57	0.103568221070234
1234.24	-0.1980437789297659
1235.91	0.13799082107023405
1237.57	-0.15800677892976597
1239.24	0.15399562107023407
1240.91	-0.175760778929766
1242.58	0.1270649210702339
1244.25	-0.173931778929766
1245.91	0.13868952107023397
1247.58	-0.169037478929766
1249.25	0.14208802107023408
1250.92	-0.13553817892976597
1252.59	0.249721921070234
1254.25	-0.01751377892976591
1255.92	0.3744425210702341
1257.59	0.696474521070234
1259.26	1.9913981210702343
1260.92	2.502558321070234
1262.59	3.3950902210702347
1264.26	2.962976221070234
1265.93	2.588800221070233
1267.6	1.312099421070234
1269.26	0.6519762210702341
1270.93	-0.12010297892976611
1272.6	0.2747687210702341
1274.27	-0.038397278929766035
1275.94	0.338962981070234
1277.6	0.01116202107023403
1279.27	0.283827921070234
1280.94	-0.09131367892976597
1282.61	0.19696772107023408
1284.28	-0.1641085789297659
1285.94	0.13780792107023404
1287.61	-0.18660077892976581
1289.28	0.13613082107023403
1290.95	-0.19944577892976598
1292.61	0.10604672107023409
1294.28	-0.20524477892976595
1295.95	0.10738142107023411
1297.62	-0.17003977892976593
1299.29	0.165561821070234
1300.95	-0.1745417789297659
1302.62	0.12068672107023408
1304.29	-0.2710677789297659
1305.96	0.00037452107023410174
1307.63	-0.32010277892976596
1309.29	-0.00935687892976591
1310.96	-0.3065427789297659
1312.63	0.0383852210702341
1314.3	-0.250536778929766
1315.97	0.08694802107023407
1317.63	-0.222288578929766
1319.3	0.09423802107023405
1320.97	-0.257559778929766
1322.64	0.040444221070234085
1324.3	-0.30621277892976595
1325.97	-0.010559778929766016
1327.64	-0.312328778929766
1329.31	-0.00844177892976603
1330.98	-0.30034377892976594
1332.64	0.09672232107023401
1334.31	-0.16348077892976595
1335.98	0.23131232107023408
1337.65	-0.02303617892976594
1339.32	0.268646421070234
1340.98	-0.040597778929765946
1342.65	0.19244622107023393
1344.32	-0.14225077892976593
1345.99	0.13310242107023407
1347.65	-0.1545447789297659
1349.32	0.11111922107023404
1350.99	-0.1663997789297659
1352.66	0.028257521070234003
1354.33	0.16296702107023403
1355.99	1.911941421070234
1357.66	2.7076002210702343
1359.33	3.8889582210702343
1361.0	3.593870221070234
1362.67	2.907229221070234
1364.33	1.227371621070234
1366.0	0.14464022107023394
1367.67	-1.117189778929766
1369.34	-0.4662717789297659
1371.01	-0.6018347789297659
1372.67	-0.17019637892976597
1374.34	0.1520292210702341
1376.01	3.619372221070234
1377.68	5.479621321070233
1379.34	7.822801021070234
1381.01	7.826598221070235
1382.68	6.584870221070235
1384.35	3.835606221070235
1386.02	1.7039652210702343
1387.68	-0.7734943789297659
1389.35	0.12621882107023408
1391.02	-0.22583510892976594
1392.69	0.25509282107023407
1394.36	-0.019366878929765984
1396.02	0.39783272107023393
1397.69	0.14212322107023406
1399.36	0.47192372107023406
1401.03	0.12948722107023397
1402.7	0.425578321070234
1404.36	-0.03512077892976597
1406.03	0.306583321070234
1407.7	-0.057047978929765986
1409.37	0.33386092107023396
1411.03	-0.07214537892976595
1412.7	0.25642220107023395
1414.37	-0.20059977892976585
1416.04	0.06002622107023403
1417.71	-0.3714137789297659
1419.37	-0.05692077892976592
1421.04	-0.3848417789297659
1422.71	0.1005500210702341
1424.38	-0.21710477892976598
1426.05	0.21358002107023405
1427.71	-0.08647237892976593
1429.38	0.28284081107023407
1431.05	-0.07870387892976605
1432.72	0.18417042107023393
1434.39	-0.27594777892976596
1436.05	-0.09989677892976587
1437.72	-0.590733778929766
1439.39	-0.33445877892976605
1441.06	-0.7291367789297659
1442.72	-0.424992978929766
1444.39	-0.6071047789297659
1446.06	0.0701163210702341
1447.73	0.32691162107023397
1449.4	1.224282021070234
1451.06	1.304768221070234
1452.73	1.834445591070234
1454.4	1.3253606210702338
1456.07	1.274803521070234
1457.74	0.5627144210702341
1459.4	0.671764731070234
1461.07	0.210847921070234
1462.74	0.49487802107023404
1464.41	0.06614022107023407
1466.08	0.386707721070234
1467.74	-0.012192778929765913
1469.41	0.325143221070234
1471.08	-0.12416077892976599
1472.75	0.214916821070234
1474.41	-0.272385778929766
1476.08	0.1425739210702341
1477.75	-0.18176347892976596
1479.42	2.7751697210702337
1481.09	6.424531421070233
1482.75	10.424294721070234
1484.42	12.470033221070235
1486.09	12.607334221070234
1487.76	9.635500021070234
1489.43	6.467382221070233
1491.09	2.291647121070234
1492.76	0.8990551570702341
1494.43	0.5399697210702341
1496.1	0.6828869210702342
1497.76	0.28068182107023415
1499.43	0.490108421070234
1501.1	0.22659382107023407
1502.77	0.48240632107023407
1504.44	0.20117222107023397
1506.1	0.48464672107023415
1507.77	0.18153522107023395
1509.44	0.42500682107023396
1511.11	0.07974922107023415
1512.78	0.3223566210702341
1514.44	-0.03947577892976595
1516.11	0.20749122107023404
1517.78	-0.09588577892976588
1519.45	0.19055822107023418
1521.12	-0.06733677892976594
1522.78	0.2634602210702341
1524.45	0.01817322107023407
1526.12	0.41379522107023414
1527.79	0.19535522107023406
1529.45	0.6340842210702342
1531.12	0.4970492210702341
1532.79	0.8865072210702343
1534.46	0.7380482210702342
1536.13	1.421979221070234
1537.79	1.6138112210702338
1539.46	2.649095021070234
1541.13	4.870910021070235
1542.8	8.511455221070234
1544.47	10.447999221070233
1546.13	11.610225221070234
1547.8	9.535464221070233
1549.47	6.521351221070235
1551.14	2.577573221070234
1552.81	-0.351098478929766
1554.47	-1.782977878929766
1556.14	-0.8513780789297659
1557.81	-0.9631768689297662
1559.48	-0.3791863789297659
1561.14	-0.5969018789297659
1562.81	-0.20466727892976594
1564.48	-0.315513678929766
1566.15	0.286869721070234
1567.82	0.07318032107023416
1569.48	0.43642332107023396
1571.15	-0.07400353892976592
1572.82	-0.07927915892976597
1574.49	-0.6212414789297659
1576.16	-0.511999578929766
1577.82	-0.910009778929766
1579.49	-0.6026337789297658
1581.16	-0.967077778929766
1582.83	-0.612934778929766
1584.5	-0.869877778929766
1586.16	-0.43707777892976596
1587.83	-0.6672617789297659
1589.5	-0.27227877892976604
1591.17	-0.5980497789297657
1592.83	-0.3773767789297661
1594.5	-0.8981131889297658
1596.17	-0.7592514789297657
1597.84	-0.666615778929766
1599.51	6.034770921070234
1601.17	21.779080221070235
1602.84	41.96180722107023
1604.51	57.04337722107024
1606.18	63.29426722107023
1607.85	55.64626722107023
1609.51	39.81388722107024
1611.18	20.270396221070236
1612.85	5.986123721070234
1614.52	0.339476221070234
1616.19	1.7662513410702334
1617.85	2.7100959210702347
1619.52	4.519177321070235
1621.19	5.1720923210702345
1622.86	5.632738621070234
1624.52	4.335312221070234
1626.19	3.366792721070234
1627.86	1.325869221070234
1629.53	0.818572821070234
1631.2	0.3619401210702341
1632.86	0.5600110210702341
1634.53	0.16020092107023398
1636.2	0.42327382107023404
1637.87	0.066928721070234
1639.54	0.408266221070234
1641.2	0.11359612107023416
1642.87	0.44503522107023424
1644.54	0.09948092107023403
1646.21	0.3847172210702341
1647.88	-0.004124878929765874
1649.54	0.2899126210702341
1651.21	-0.04909847892976602
1652.88	0.303637121070234
1654.55	-0.008413388929766008
1656.21	0.34401282107023406
1657.88	0.021155721070234022
1659.55	0.35121342107023396
1661.22	0.048736321070234026
1662.89	0.3585864210702341
1664.55	0.01071342107023412
1666.22	0.3188696210702341
1667.89	-0.05223397892976593
1669.56	0.24884966107023404
1671.23	-0.08253577892976593
1672.89	0.2904113810702341
1674.56	0.05998852107023402
1676.23	0.376369651070234
1677.9	0.008210921070234134
1679.56	0.31147272107023405
1681.23	0.17868822107023394
1682.9	0.676934221070234
1684.57	0.492734221070234
1686.24	1.4394972210702341
1687.9	2.1851101210702337
1689.57	3.472822631070234
1691.24	3.763753721070235
1692.91	4.012118521070233
1694.58	3.0085255210702337
1696.24	2.222061221070234
1697.91	0.6185156210702341
1699.58	0.17991032107023397
1701.25	-0.22145817892976596
1702.92	0.14822192107023416
1704.58	-0.14084307892976605
1706.25	0.20135892107023406
1707.92	-0.09160907892976593
1709.59	0.264610221070234
1711.25	-0.018603778929766012
1712.92	0.3017587210702341
1714.59	-0.009330978929765865
1716.26	0.275031161070234
1717.93	-0.07950717892976607
1719.59	0.198115721070234
1721.26	-0.1280496789297661
1722.93	0.1824261210702341
1724.6	-0.15992907892976596
1726.27	0.13763432107023404
1727.93	-0.1946726789297659
1729.6	0.14257042107023404
1731.27	-0.1439753789297659
1732.94	0.22998661107023408
1734.61	-0.03483157892976594
1736.27	0.319019531070234
1737.94	0.009352221070234035
1739.61	0.33370662107023397
1741.28	0.010994921070234054
1742.94	0.330491511070234
1744.61	0.005447221070234054
1746.28	0.3195430210702341
1747.95	0.01123962107023394
1749.62	0.31756552107023406
1751.28	0.011957221070234026
1752.95	0.3333910210702341
1754.62	0.020066121070234144
1756.29	0.337554761070234
1757.96	0.03485592107023409
1759.62	0.34451927107023406
1761.29	0.03465672107023402
1762.96	0.29798820107023405
1764.63	-0.03324637892976604
1766.3	0.28192904107023403
1767.96	-0.01030987892976607
1769.63	0.337047321070234
1771.3	0.06498812107023398
1772.97	0.379996721070234
1774.63	0.06276582107023412
1776.3	0.33960252107023414
1777.97	0.002869721070233999
1779.64	0.3117993210702341
1781.31	0.031123121070234017
1782.97	0.3492148110702341
1784.64	0.06873982107023409
1786.31	0.3937420210702341
1787.98	0.09738032107023406
1789.65	0.416706931070234
1791.31	0.19102052107023393
1792.98	0.549318321070234
1794.65	0.644313021070234
1796.32	1.6433601210702338
1797.99	1.727496701070234
1799.65	2.247316821070234
1801.32	1.6821943210702344
1802.99	1.3706817610702342
1804.66	0.397935221070234
1806.32	0.09007902107023402
1807.99	-0.5629417789297658
1809.66	-0.10951317892976586
1811.33	-0.4462307789297659
1813.0	-0.10134207892976603
1814.66	-0.4041137789297661
1816.33	-0.05096537892976598
1818.0	-0.340444978929766
1819.67	0.05164922107023404
1821.34	-0.218460878929766
1823.0	0.18244284107023398
1824.67	-0.08062727892976604
1826.34	0.240732621070234
1828.01	-0.10566647892976597
1829.68	0.16100172107023414
1831.34	-0.21560597892976596
1833.01	0.09333882107023402
1834.68	-0.24784477892976597
1836.35	0.05843912107023404
1838.01	-0.2924717789297659
1839.68	0.0061497210702341045
1841.35	-0.30354477892976595
1843.02	0.05031052107023408
1844.69	-0.22753177892976595
1846.35	0.14275072107023415
1848.02	-0.15942467892976597
1849.69	0.160529121070234
1851.36	-0.1566047789297659
1853.03	0.16568552107023402
1854.69	-0.12211527892976597
1856.36	0.2201763210702341
1858.03	-0.0901517789297659
1859.7	0.2286966210702342
1861.36	-0.086353778929766
1863.03	0.2153896210702341
1864.7	-0.123703778929766
1866.37	0.16952842107023405
1868.04	-0.17731977892976603
1869.7	0.13340122107023392
1871.37	-0.157946778929766
1873.04	0.1833337210702341
1874.71	-0.12374877892976595
1876.38	0.18486162107023407
1878.04	-0.17334397892976589
1879.71	0.1195693210702341
1881.38	-0.2071090789297659
1883.05	0.11350692107023401
1884.72	-0.18670377892976595
1886.38	0.15342942107023413
1888.05	-0.15419677892976597
1889.72	0.16545902107023402
1891.39	-0.158190778929766
1893.05	0.13902772107023398
1894.72	-0.200609778929766
1896.39	0.09926812107023397
1898.06	-0.23609677892976597
1899.73	0.0931986210702341
1901.39	-0.20910677892976587
1903.06	0.121832421070234
1904.73	-0.18848677892976595
1906.4	0.138270121070234
1908.07	-0.15374677892976596
1909.73	0.20606052107023398
1911.4	-0.06985457892976596
1913.07	0.297707921070234
1914.74	0.011819121070234051
1916.41	0.3549415210702341
1918.07	0.032750121070234096
1919.74	0.3380712210702341
1921.41	0.00785022107023411
1923.08	0.28898112107023416
1924.74	-0.07548277892976607
1926.41	0.18293352107023397
1928.08	-0.17389077892976595
1929.75	0.14852882107023407
1931.42	-0.15487677892976595
1933.08	0.2069156210702341
1934.75	-0.06605617892976588
1936.42	0.2668963210702341
1938.09	-0.05436397892976584
1939.76	0.22324692107023392
1941.42	-0.13661877892976593
1943.09	0.145589221070234
1944.76	-0.21753677892976592
1946.43	0.07329972107023393
1948.1	-0.2639987789297659
1949.76	0.06541112107023409
1951.43	-0.22578377892976595
1953.1	0.13091212107023414
1954.77	-0.14754377892976592
1956.43	0.19790262107023404
1958.1	-0.11014777892976588
1959.77	0.19547172107023397
1961.44	-0.13299177892976602
1963.11	0.17270532107023398
1964.77	-0.15351287892976595
1966.44	0.17507562107023406
1968.11	-0.11300277892976593
1969.78	0.23112242107023412
1971.45	-0.049119778929765975
1973.11	0.2896383210702341
1974.78	-0.005379778929765777
1976.45	0.332586421070234
1978.12	0.03332322107023398
1979.79	0.35981262107023393
1981.45	0.05273722107023402
1983.12	0.36128602107023405
1984.79	0.04003022107023409
1986.46	0.37828722107023405
1988.12	0.08186622107023402
1989.79	0.410296521070234
1991.46	0.004615221070234066
1993.13	0.221358421070234
1994.8	-0.21055377892976596
1996.46	0.019702821070234022
1998.13	-0.2964034789297661
1999.8	0.07363592107023402
2001.47	-0.18323607892976596
2003.14	0.19249442107023396
2004.8	-0.14792947892976605
2006.47	0.14558832107023406
2008.14	-0.19346877892976605
2009.81	0.08702332107023403
2011.48	-0.25340877892976593
2013.14	0.06155232107023405
2014.81	-0.242878778929766
2016.48	0.08835092107023404
2018.15	-0.202077378929766
2019.81	0.13216862107023408
2021.48	-0.17413367892976592
2023.15	0.14961312107023395
2024.82	-0.17101177892976596
2026.49	0.12498392107023401
2028.15	-0.19942477892976593
2029.82	0.07764222107023407
2031.49	-0.285623778929766
2033.16	-0.013131978929765998
2034.83	-0.351226378929766
2036.49	-0.043612378929765924
2038.16	-0.339692778929766
2039.83	-0.00218267892976598
2041.5	-0.2581717789297659
2043.16	0.08886362107023396
2044.83	-0.20325277892976593
2046.5	0.13046642107023398
2048.17	-0.15307527892976602
2049.84	0.186194921070234
2051.5	-0.10527387892976592
2053.17	0.21706192107023398
2054.84	-0.10030757892976597
2056.51	0.183766921070234
2058.18	-0.17177577892976598
2059.84	0.10988702107023407
2061.51	-0.206840778929766
2063.18	0.10828862107023399
2064.85	-0.19413577892976597
2066.52	0.13059902107023397
2068.18	-0.18159677892976592
2069.85	0.14226092107023397
2071.52	-0.16684137892976597
2073.19	0.15300562107023405
2074.85	-0.16735277892976602
2076.52	0.13414952107023392
2078.19	-0.19574177892976596
2079.86	0.11089112107023413
2081.53	-0.20298877892976602
2083.19	0.11967342107023408
2084.86	-0.18472077892976596
2086.53	0.14738882107023404
2088.2	-0.16319177892976597
2089.87	0.16002962107023416
2091.53	-0.16017977892976595
2093.2	0.15665582107023404
2094.87	-0.16783477892976598
2096.54	0.13283042107023407
2098.21	-0.18859577892976587
2099.87	0.130638521070234
2101.54	-0.192300778929766
2103.21	0.11565472107023407
2104.88	-0.256481778929766
2106.54	0.051989421070234035
2108.21	-0.2455767789297659
2109.88	0.12511712107023407
2111.55	-0.12166377892976592
2113.22	0.25309472107023406
2114.88	-0.055005778929765846
2116.55	0.2380480210702341
2118.22	-0.16112977892976593
2119.89	0.11006302107023402
2121.56	-0.22719777892976598
2123.22	0.09970462107023403
2124.89	-0.20765877892976597
2126.56	0.13310462107023402
2128.23	-0.16560977892976597
2129.9	0.15897782107023398
2131.56	-0.17115877892976586
2133.23	0.13589332107023408
2134.9	-0.20203077892976595
2136.57	0.10930852107023395
2138.23	-0.2157907789297659
2139.9	0.10138932107023395
2141.57	-0.19940777892976586
2143.24	0.132331821070234
2144.91	-0.185296778929766
2146.57	0.13373632107023414
2148.24	-0.18490777892976595
2149.91	0.1387376210702341
2151.58	-0.16956947892976584
2153.25	0.15806342107023413
2154.91	-0.145899078929766
2156.58	0.17830102107023404
2158.25	-0.1396148789297659
2159.92	0.18567232107023401
2161.59	-0.12187277892976614
2163.25	0.21868122107023397
2164.92	-0.08054687892976589
2166.59	0.23957052107023405
2168.26	-0.07471857892976601
2169.92	0.226639821070234
2171.59	-0.11220377892976599
2173.26	0.18731982107023404
2174.93	-0.14034277892976593
2176.6	0.17610852107023395
2178.26	-0.13448477892976599
2179.93	0.17646002107023404
2181.6	-0.14481777892976594
2183.27	0.1664315210702341
2184.94	-0.153528778929766
2186.6	0.16643802107023403
2188.27	-0.139043778929766
2189.94	0.17957302107023393
2191.61	-0.15517677892976592
2193.28	0.138816421070234
2194.94	-0.20335577892976592
2196.61	0.10686122107023403
2198.28	-0.20687477892976588
2199.95	0.12625412107023404
2201.61	-0.164201778929766
2203.28	0.17330542107023406
2204.95	-0.12929777892976593
2206.62	0.20522182107023407
2208.29	-0.10495477892976593
2209.95	0.21901372107023404
2211.62	-0.10675877892976585
2213.29	0.19913822107023413
2214.96	-0.12419077892976596
2216.63	0.19531202107023404
2218.29	-0.13230077892976597
2219.96	0.18177342107023403
2221.63	-0.1482002789297659
2223.3	0.14956812107023407
2224.96	-0.1860717789297659
2226.63	0.11229322107023405
2228.3	-0.20051767892976588
2229.97	0.13873442107023404
2231.64	-0.16084977892976604
2233.3	0.1696357210702341
2234.97	-0.130790778929766
2236.64	0.18949832107023404
2238.31	-0.12516277892976596
2239.98	0.1883371210702341
2241.64	-0.11090607892976596
2243.31	0.204346621070234
2244.98	-0.10614837892976589
2246.65	0.19942582107023407
2248.32	-0.12889247892976585
2249.98	0.18916082107023408
2251.65	-0.12029377892976592
2253.32	0.20502702107023407
2254.99	-0.091134278929766
2256.65	0.24285792107023405
2258.32	-0.05551057892976595
2259.99	0.265041221070234
2261.66	-0.06769777892976579
2263.33	0.20860002107023398
2264.99	-0.16728077892976595
2266.66	0.06232992107023401
2268.33	-0.319937778929766
2270.0	-0.030702378929765982
2271.67	-0.33634977892976603
2273.33	0.013123921070234013
2275.0	-0.2728687789297659
2276.67	0.055048421070234076
2278.34	-0.24925977892976597
2280.01	0.05745492107023401
2281.67	-0.24838877892976594
2283.34	0.08805352107023394
2285.01	-0.20043677892976586
2286.68	0.14607972107023404
2288.34	-0.13990277892976605
2290.01	0.19324582107023408
2291.68	-0.10762377892976586
2293.35	0.21250552107023402
2295.02	-0.11683497892976591
2296.68	0.18825222107023398
2298.35	-0.14641577892976593
2300.02	0.1491980210702341
2301.69	-0.181609778929766
2303.36	0.11637542107023399
2305.02	-0.20035977892976592
2306.69	0.13808962107023406
2308.36	-0.16126377892976587
2310.03	0.18259052107023402
2311.7	-0.10920977892976605
2313.36	0.23545572107023408
2315.03	-0.0460947789297661
2316.7	0.27088612107023413
2318.37	-0.06781677892976594
2320.03	0.19762592107023402
2321.7	-0.182189778929766
2323.37	0.07744742107023408
2325.04	-0.26474777892976603
2326.71	0.052122121070234076
2328.37	-0.23814877892976596
2330.04	0.11199792107023399
2331.71	-0.17105577892976598
2333.38	0.16722152107023408
2335.05	-0.14704577892976595
2336.71	0.150795921070234
2338.38	-0.184300778929766
2340.05	0.13262212107023408
2341.72	-0.16075077892976603
2343.39	0.20143522107023407
2345.05	-0.09401077892976593
2346.72	0.18468722107023408
2348.39	-0.1937377789297659
2350.06	0.06861792107023404
2351.72	-0.24516077892976593
2353.39	0.14183842107023403
2355.06	-0.10229777892976606
2356.73	0.24288492107023402
2358.4	-0.09223477892976595
2360.06	0.1283937210702341
2361.73	-0.2837327789297659
2363.4	-0.03910577892976604
2365.07	-0.363233778929766
2366.74	0.003106921070234037
2368.4	-0.25153177892976597
2370.07	0.10392392107023403
2371.74	-0.16490077892976598
2373.41	0.15513712107023409
2375.07	-0.15641327892976592
2376.74	0.13872102107023404
2378.41	-0.1889847789297659
2380.08	0.12116492107023406
2381.75	-0.1900927789297659
2383.41	0.12553952107023397
2385.08	-0.16467777892976593
2386.75	0.172469121070234
2388.42	-0.13710677892976603
2390.09	0.17322262107023412
2391.75	-0.14949327892976605
2393.42	0.15979142107023403
2395.09	-0.15193427892976596
2396.76	0.16508442107023402
2398.43	-0.154942778929766
2400.09	0.16317912107023402
2401.76	-0.17070877892976605
2403.43	0.1355846210702341
2405.1	-0.17224577892976595
2406.76	0.15783012107023406
2408.43	-0.140672678929766
2410.1	0.17412682107023408
2411.77	-0.15459277892976603
2413.44	0.135565521070234
2415.1	-0.2099487789297659
2416.77	0.10332112107023406
2418.44	-0.18670377892976603
2420.11	0.1472907210702341
2421.78	-0.15878377892976606
2423.44	0.13573682107023405
2425.11	-0.22190477892976584
2426.78	0.07376342107023404
2428.45	-0.2314217789297659
2430.12	0.12475872107023404
2431.78	-0.12553627892976596
2433.45	0.22277302107023406
2435.12	-0.08686097892976594
2436.79	0.21682292107023401
2438.45	-0.14702247892976597
2440.12	0.134982121070234
2441.79	-0.19531877892976604
2443.46	0.09732672107023392
2445.13	-0.21795477892976592
2446.79	0.08768942107023403
2448.46	-0.23893977892976595
2450.13	0.08450082107023406
2451.8	-0.231033778929766
2453.47	0.10493692107023396
2455.13	-0.17794777892976582
2456.8	0.16071112107023405
2458.47	-0.13331877892976593
2460.14	0.192875421070234
2461.81	-0.12049177892976588
2463.47	0.197612821070234
2465.14	-0.11082277892976596
2466.81	0.207299821070234
2468.48	-0.11783477892976597
2470.14	0.19300342107023405
2471.81	-0.12657777892976602
2473.48	0.1983107210702341
2475.15	-0.08755177892976604
2476.82	0.232434221070234
2478.48	-0.092940778929766
2480.15	0.17956722107023407
2481.82	-0.19066677892976597
2483.49	0.08392472107023403
2485.16	-0.2351787789297659
2486.82	0.10507732107023401
2488.49	-0.16187677892976599
2490.16	0.20137312107023408
2491.83	-0.08621977892976598
2493.5	0.233604821070234
2495.16	-0.08663847892976598
2496.83	0.197057721070234
2498.5	-0.1554757789297659
2500.17	0.10383612107023403
2501.83	-0.29559077892976593
2503.5	-0.03496977892976606
2505.17	-0.40878477892976595
2506.84	-0.08908427892976589
2508.51	-0.334865778929766
2510.17	0.073815921070234
2511.84	-0.122425978929766
2513.51	0.27853772107023395
2515.18	0.0016662210702339975
2516.85	0.333800821070234
2518.51	-0.01241077892976591
2520.18	0.27234902107023407
2521.85	-0.06377787892976602
2523.52	0.24042642107023404
2525.19	-0.07773377892976596
2526.85	0.2315602210702341
2528.52	-0.057172678929766
2530.19	0.27589132107023406
2531.86	-0.030414078929765997
2533.52	0.2794838210702342
2535.19	-0.062613278929766
2536.86	0.21056992107023403
2538.53	-0.14639637892976595
2540.2	0.14180082107023403
2541.86	-0.1537817789297659
2543.53	0.19528402107023407
2545.2	-0.08292477892976596
2546.87	0.24959132107023407
2548.54	-0.0577457789297659
2550.2	0.2215913210702341
2551.87	-0.1011827789297659
2553.54	0.20238792107023404
2555.21	-0.1196687789297659
2556.87	0.18575652107023402
2558.54	-0.150897778929766
2560.21	0.12011832107023412
2561.88	-0.2232777789297659
2563.55	0.06407392107023405
2565.21	-0.22694577892976592
2566.88	0.12759552107023409
2568.55	-0.14806477892976594
2570.22	0.18339492107023408
2571.89	-0.10524577892976587
2573.55	0.23218192107023414
2575.22	-0.0489019789297659
2576.89	0.3148288210702341
2578.56	0.033944321070234054
2580.23	0.3416777210702339
2581.89	-0.012281878929765977
2583.56	0.22800592107023396
2585.23	-0.14939057892976595
2586.9	0.13550012107023413
2588.56	-0.17676567892976588
2590.23	0.1503421210702341
2591.9	-0.15450477892976594
2593.57	0.15680772107023397
2595.24	-0.16164677892976592
2596.9	0.15143562107023398
2598.57	-0.15894577892976597
2600.24	0.176342821070234
2601.91	-0.12288377892976592
2603.58	0.20092102107023413
2605.24	-0.11442177892976595
2606.91	0.17381192107023408
2608.58	-0.15821977892976608
2610.25	0.10804812107023394
2611.92	-0.22158877892976592
2613.58	0.08618222107023403
2615.25	-0.22640877892976602
2616.92	0.13390412107023403
2618.59	-0.128853778929766
2620.25	0.2134634210702341
2621.92	-0.050975678929766045
2623.59	0.2494836210702342
2625.26	-0.062265778929765946
2626.93	0.23872142107023406
2628.59	-0.11031177892976593
2630.26	0.1991448210702341
2631.93	-0.07086477892976593
2633.6	0.286417521070234
2635.27	0.021408221070234046
2636.93	0.33329822107023405
2638.6	-0.056659778929766036
2640.27	0.17076582107023408
2641.94	-0.21998577892976606
2643.61	0.03366522107023413
2645.27	-0.284615778929766
2646.94	0.02856922107023404
2648.61	-0.289239778929766
2650.28	0.03738352107023404
2651.94	-0.26856377892976596
2653.61	0.09812862107023404
2655.28	-0.14474667892976592
2656.95	0.240224421070234
2658.62	-0.030677878929765923
2660.28	0.31025212107023403
2661.95	0.01196762107023407
2663.62	0.33942722107023404
2665.29	0.01908252107023405
2666.96	0.31254992107023405
2668.62	-0.05975947892976593
2670.29	0.2216872210702341
2671.96	-0.11583607892976593
2673.63	0.2058240210702341
2675.3	-0.08306177892976602
2676.96	0.26006912107023394
2678.63	-0.04759977892976606
2680.3	0.253793421070234
2681.97	-0.11499577892976602
2683.63	0.14385232107023405
2685.3	-0.22425677892976603
2686.97	0.05801702107023403
2688.64	-0.26498077892976596
2690.31	0.07989622107023417
2691.97	-0.17365767892976594
2693.64	0.2758978210702341
2695.31	0.06326002107023415
2696.98	0.4514251310702339
2698.65	0.13303802107023413
2700.31	0.39779052107023405
2701.98	-0.0010897789297660166
2703.65	0.24600262107023402
2705.32	-0.09653477892976592
2706.99	0.270590501070234
2708.65	-0.013498278929766095
2710.32	0.33157512107023407
2711.99	0.021076821070234054
2713.66	0.291095301070234
2715.32	-0.05207007892976603
2716.99	0.2206893210702341
2718.66	-0.11365177892976593
2720.33	0.20570742107023401
2722.0	-0.09690477892976594
2723.66	0.2237379210702341
2725.33	-0.06412077892976598
2727.0	0.25360272107023407
2728.67	-0.05719177892976601
2730.34	0.26421432107023396
2732.0	-0.05472587892976596
2733.67	0.24654892107023402
2735.34	-0.051523178929766
2737.01	0.2626279210702341
2738.67	-0.030493778929765958
2740.34	0.3132810210702342
2742.01	0.03188422107023402
2743.68	0.35120732107023406
2745.35	0.02106052107023413
2747.01	0.324768321070234
2748.68	0.01937432107023407
2750.35	0.3364034210702341
2752.02	0.09906742107023411
2753.69	0.469530131070234
2755.35	0.19105832107023404
2757.02	0.4712297210702342
2758.69	-0.022587178929765937
2760.36	0.07129362107023396
2762.03	-0.45726197892976594
2763.69	-0.30131517892976595
2765.36	-0.6224847789297661
2767.03	-0.24097777892976588
2768.7	-0.4585747789297659
2770.36	-0.0008736789297659753
2772.03	-0.245870778929766
2773.7	0.14903762107023408
2775.37	-0.07215477892976599
2777.04	0.287920121070234
2778.7	-0.02583877892976587
2780.37	0.24841352107023412
2782.04	-0.13378677892976593
2783.71	0.1513653210702341
2785.38	-0.190866878929766
2787.04	0.16217894107023395
2788.71	-0.07208877892976598
2790.38	0.27686742107023404
2792.05	-0.03375427892976592
2793.72	0.25953022107023405
2795.38	-0.09532547892976591
2797.05	0.1925220610702342
2798.72	-0.11580467892976594
2800.39	0.25573362107023406
2802.05	0.031801131070234134
2803.72	0.37628792107023407
2805.39	0.020208121070234154
2807.06	0.277927521070234
2808.73	-0.10290640892976596
2810.39	0.14743762107023398
2812.06	-0.23522387892976598
2813.73	0.05892822107023401
2815.4	-0.31839249892976595
2817.07	0.07537532107023401
2818.73	-0.07318557892976611
2820.4	0.785008121070234
2822.07	1.0842414210702338
2823.74	2.4305941210702344
2825.41	3.2623868210702343
2827.07	4.978147521070234
2828.74	5.638612821070234
2830.41	6.320061221070234
2832.08	5.662981221070234
2833.74	5.020778221070235
2835.41	3.275550421070234
2837.08	2.293642821070234
2838.75	0.964895321070234
2840.42	0.7835214210702339
2842.08	0.23301622107023406
2843.75	0.242831221070234
2845.42	-0.13207277892976604
2847.09	0.08904722107023408
2848.76	-0.13327177892976586
2850.42	0.30841422107023403
2852.09	0.20691022107023413
2853.76	0.637809421070234
2855.43	0.354747221070234
2857.1	0.4924079210702342
2858.76	-0.0007967789297658844
2860.43	0.09259122107023399
2862.1	-0.24810677892976601
2863.77	0.08875422107023408
2865.43	-0.1304908789297659
2867.1	0.310868421070234
2868.77	0.1195262210702341
2870.44	0.523745561070234
2872.11	0.327798821070234
2873.77	0.7157740210702341
2875.44	0.5174840210702341
2877.11	0.9009846010702341
2878.78	0.567923121070234
2880.45	0.8361629210702339
2882.11	0.4805263210702342
2883.78	0.8139294210702342
2885.45	0.4656654210702339
2887.12	0.7867370210702342
2888.79	0.31249212107023394
2890.45	0.5673493210702343
2892.12	0.08813902107023411
2893.79	0.1451451210702342
2895.46	-0.21909717892976605
2897.12	0.08955242107023383
2898.79	-0.19452297892976594
2900.46	0.406308671070234
2902.13	0.609974621070234
2903.8	1.6737338210702344
2905.46	1.888056421070234
2907.13	2.2673411810702335
2908.8	1.7847469210702336
2910.47	1.6541818210702346
2912.14	0.860123021070234
2913.8	0.611460621070234
2915.47	0.1524805810702341
2917.14	0.48579172107023394
2918.81	0.5618019210702341
2920.47	1.7559226210702341
2922.14	3.183745721070234
2923.81	8.271993821070234
2925.48	15.564608221070234
2927.15	23.504705221070235
2928.81	28.241438221070233
2930.48	28.95892822107023
2932.15	24.420202221070234
2933.82	17.532166221070234
2935.49	9.367368221070233
2937.15	4.322550221070234
2938.82	2.024152498070234
2940.49	1.932685421070234
2942.16	1.2661975210702339
2943.83	1.130526911070234
2945.49	0.5986868210702341
2947.16	0.490537321070234
2948.83	-0.142723178929766
2950.5	0.050916921070234045
2952.16	-0.16447737892976594
2953.83	0.347390021070234
2955.5	0.261398221070234
2957.17	0.7329059210702338
2958.84	0.24455022107023408
2960.5	0.4988192210702341
2962.17	0.24127852107023404
2963.84	0.844504821070234
2965.51	0.795801121070234
2967.18	1.1588672210702338
2968.84	0.612593221070234
2970.51	0.5458287210702342
2972.18	-0.4383957789297659
2973.85	-0.5190217789297658
2975.52	-0.9705288789297661
2977.18	-0.575541778929766
2978.85	-0.7673382789297659
2980.52	-0.3360336989297661
2982.19	-0.40338706892976595
2983.85	0.223753621070234
2985.52	0.10992142107023391
2987.19	0.49779875607023405
2988.86	-0.12412787892976596
2990.53	0.2549879210702341
2992.19	-0.17100117892976607
2993.86	0.3110267610702338
2995.53	-0.1051432789297662
2997.2	3.526812511070234
2998.87	14.086239721070234
3000.53	29.083644421070233
3002.2	41.73411522107024
3003.87	48.787400221070236
3005.54	45.42461822107023
3007.21	34.72302422107023
3008.87	19.809333221070233
3010.54	7.327468221070232
3012.21	1.803624321070234
3013.88	1.1589269010702337
3015.54	0.751845321070234
3017.21	0.474180121070234
3018.88	-0.03913557892976618
3020.55	-0.07877077892976585
3022.22	-0.37069227892976586
3023.88	-0.27879577892976587
3025.55	-0.341628378929766
3027.22	0.23364322107023378
3028.89	0.825105021070234
3030.56	1.882595221070234
3032.22	2.948326921070234
3033.89	5.181096221070233
3035.56	6.616788691070234
3037.23	7.453638221070233
3038.9	6.488529621070233
3040.56	4.7990908210702345
3042.23	2.2386523210702345
3043.9	0.328932621070234
3045.57	-1.304421678929766
3047.23	-0.909876778929766
3048.9	-0.5695001789297656
3050.57	0.06671437107023417
3052.24	-0.07734927892976598
3053.91	0.266007221070234
3055.57	0.03507032107023407
3057.24	0.3496584210702338
3058.91	0.1305871210702339
3060.58	0.3375659210702341
3062.25	-0.044454738929765994
3063.91	0.042785421070233906
3065.58	-0.3476177789297658
3067.25	-0.14952507892976588
3068.92	-0.1671760789297659
3070.59	0.3866442210702338
3072.25	0.9200782210702341
3073.92	2.0990746910702347
3075.59	4.186868221070234
3077.26	8.829761221070234
3078.92	15.242159221070233
3080.59	24.049986321070236
3082.26	30.891292221070238
3083.93	34.41779422107023
3085.6	33.009719221070235
3087.26	27.19771222107023
3088.93	18.910281221070235
3090.6	11.715076221070234
3092.27	5.653611221070234
3093.94	3.1840698210702336
3095.6	1.3431442210702342
3097.27	0.7652280210702341
3098.94	0.1809044210702339
3100.61	0.383580221070234
3102.27	0.10331592107023395
3103.94	0.5376875210702339
3105.61	0.1877732210702341
3107.28	0.5030142210702341
3108.95	0.008793921070233912
3110.61	0.2525282210702341
3112.28	-0.19792327892976597
3113.95	0.11698522107023401
3115.62	-0.2193227789297661
3117.29	0.215015221070234
3118.95	-0.033109778929766034
3120.62	0.41418782107023394
3122.29	0.21951272107023403
3123.96	0.9746620210702339
3125.63	1.484579821070234
3127.29	2.5250367210702342
3128.96	2.649464221070234
3130.63	2.868194981070234
3132.3	1.862675221070234
3133.96	1.196836221070234
3135.63	-0.15635077892976595
3137.3	-0.5152737789297659
3138.97	-0.856321778929766
3140.64	-0.4047850789297659
3142.3	-0.5230457789297658
3143.97	-0.08317997892976596
3145.64	-0.3159794789297659
3147.31	-0.01613697892976602
3148.98	-0.3938162789297659
3150.64	-0.13944977892976587
3152.31	-0.42433977892976593
3153.98	0.004556521070234032
3155.65	-0.14949527892976594
3157.32	0.31545492107023404
3158.98	0.08927842107023398
3160.65	0.47207296107023405
3162.32	0.169414621070234
3163.99	0.458852721070234
3165.65	0.07173032107023411
3167.32	0.359565621070234
3168.99	-0.036777478929765864
3170.66	0.22220432107023397
3172.33	-0.134781778929766
3173.99	0.2069725210702341
3175.66	-0.05025977892976594
3177.33	0.36201722107023404
3179.0	0.06579522107023408
3180.67	0.38965652107023413
3182.33	0.023201721070234084
3184.0	0.300767021070234
3185.67	-0.07333267892976605
3187.34	0.2569483210702341
3189.01	-0.06980677892976606
3190.67	0.23332882107023395
3192.34	-0.113097278929766
3194.01	0.18302072107023407
3195.68	-0.1815151789297659
3197.34	0.150649321070234
3199.01	-0.17702787892976596
3200.68	0.13213322107023404
3202.35	-0.17006687892976596
3204.02	0.09622172107023408
3205.68	-0.277187578929766
3207.35	0.007771821070234108
3209.02	-0.30783977892976594
3210.69	-0.004422778929765869
3212.36	-0.28957977892976594
3214.02	0.006272821070233947
3215.69	-0.293838878929766
3217.36	0.010055911070234158
3219.03	-0.326116678929766
3220.7	-0.0021477789297658758
3222.36	-0.249279978929766
3224.03	0.14405972107023396
3225.7	-0.06881167892976596
3227.37	0.35058902107023404
3229.03	0.11158622107023411
3230.7	0.428088921070234
3232.37	0.061344521070233936
3234.04	0.28739582107023404
3235.71	-0.1254125789297659
3237.37	0.1236711210702341
3239.04	-0.2373039789297659
3240.71	0.052894021070234
3242.38	-0.249882578929766
3244.05	0.03619552107023401
3245.71	-0.27084877892976594
3247.38	0.056901021070234
3249.05	-0.19255737892976602
3250.72	0.19795792107023397
3252.38	-0.0010851789297659843
3254.05	0.3806821210702341
3255.72	0.10919722107023407
3257.39	0.37516202107023416
3259.06	-0.014323578929765945
3260.72	0.299162721070234
3262.39	0.09390692107023405
3264.06	0.46617822107023404
3265.73	0.14309012107023406
3267.4	0.41105272107023405
3269.06	-0.05654177892976597
3270.73	0.11812682107023402
3272.4	-0.30092567892976596
3274.07	0.026088021070234068
3275.74	-0.21141757892976604
3277.4	0.15135072107023406
3279.07	-0.21907877892976604
3280.74	0.07556732107023403
3282.41	-0.26928377892976596
3284.07	0.08683142107023407
3285.74	-0.14887477892976592
3287.41	0.27193742107023405
3289.08	0.02030732107023401
3290.75	0.3406578310702339
3292.41	-0.021311778929766045
3294.08	0.21663019107023396
3295.75	-0.18421467892976606
3297.42	0.09509212107023401
3299.09	-0.2714327789297659
3300.75	-0.012000278929766007
3302.42	-0.36435577892976595
3304.09	-0.04445857892976597
3305.76	-0.2877367789297659
3307.43	0.0781521210702341
3309.09	-0.19968877892976597
3310.76	0.12365182107023406
3312.43	-0.22466077892976602
3314.1	0.03781932107023406
3315.76	-0.3020527789297659
3317.43	-0.014719778929765958
3319.1	-0.291756778929766
3320.77	0.03696122107023404
3322.44	-0.25088577892976593
3324.1	0.09132922107023407
3325.77	-0.178752778929766
3327.44	0.138905221070234
3329.11	-0.16155177892976594
3330.78	0.167824221070234
3332.44	-0.09618177892976591
3334.11	0.265870421070234
3335.78	-0.022436478929765913
3337.45	0.24576442107023394
3339.12	-0.1346976789297659
3340.78	0.07830972107023396
3342.45	-0.284450778929766
3344.12	0.009637621070234003
3345.79	-0.26034297892976604
3347.45	0.11667348107023412
3349.12	-0.14592157892976587
3350.79	0.22132286107023402
3352.46	-0.08972897892976592
3354.13	0.188956821070234
3355.79	-0.16304377892976601
3357.46	0.06282882107023405
3359.13	-0.33424677892976595
3360.8	-0.05144777892976591
3362.47	-0.397299778929766
3364.13	-0.04901677892976601
3365.8	-0.33740177892976597
3367.47	0.00876132107023414
3369.14	-0.285292778929766
3370.81	0.02650342107023399
3372.47	-0.29064227892976596
3374.14	0.01128792107023402
3375.81	-0.30794577892976605
3377.48	0.005850321070234055
3379.14	-0.311190778929766
3380.81	0.026439221070234033
3382.48	-0.26378477892976604
3384.15	0.07566822107023406
3385.82	-0.203001778929766
3387.48	0.12380442107023404
3389.15	-0.19944277892976592
3390.82	0.10656552107023405
3392.49	-0.24013777892976598
3394.16	0.06888552107023405
3395.82	-0.2552937789297659
3397.49	0.06895702107023394
3399.16	-0.2691997789297659
3400.83	0.015573021070234038
3402.5	-0.3206257789297659
3404.16	0.005456321070233927
3405.83	-0.261512778929766
3407.5	0.12442172107023393
3409.17	-0.14875577892976605
3410.83	0.22585512107023406
3412.5	-0.07929447892976602
3414.17	0.27544362107023396
3415.84	0.001115921070234016
3417.51	0.352552921070234
3419.17	0.09298622107023405
3420.84	0.38509252107023406
3422.51	0.02020492107023415
3424.18	0.3068909210702341
3425.85	-0.0736047789297659
3427.51	0.2194932210702341
3429.18	-0.10186477892976593
3430.85	0.1967655210702341
3432.52	-0.09240477892976591
3434.18	0.23117792107023405
3435.85	-0.06656947892976592
3437.52	0.24633202107023405
3439.19	-0.09471377892976598
3440.86	0.192849921070234
3442.52	-0.15391677892976602
3444.19	0.155202021070234
3445.86	-0.162490778929766
3447.53	0.163170721070234
3449.2	-0.10630077892976604
3450.86	0.22543682107023405
3452.53	-0.11550277892976593
3454.2	0.17450812107023395
3455.87	-0.18912777892976593
3457.54	0.07728812107023417
3459.2	-0.26294177892976595
3460.87	0.04686952107023401
3462.54	-0.24245477892976597
3464.21	0.11459482107023407
3465.87	-0.19639977892976596
3467.54	0.11708532107023406
3469.21	-0.20878277892976596
3470.88	0.11313892107023413
3472.55	-0.218715778929766
3474.21	0.10949772107023399
3475.88	-0.2050947789297659
3477.55	0.11354672107023397
3479.22	-0.213064778929766
3480.89	0.09730152107023389
3482.55	-0.257253778929766
3484.22	0.06354762107023401
3485.89	-0.2686557789297659
3487.56	0.06362952107023415
3489.23	-0.2349877789297659
3490.89	0.10267932107023406
3492.56	-0.23334777892976594
3494.23	0.06987982107023395
3495.9	-0.294552778929766
3497.56	0.03457522107023416
3499.23	-0.25902777892976603
3500.9	0.08985472107023416
3502.57	-0.17241577892976584
3504.24	0.20218752107023405
3505.9	-0.09052277892976587
3507.57	0.22723282107023413
3509.24	-0.12920977892976587
3510.91	0.16641112107023415
3512.58	-0.1946097789297659
3514.24	0.13300782107023407
3515.91	-0.10929777892976597
3517.58	0.32064042107023405
3519.25	0.09463952107023403
3520.92	0.4270905210702341
3522.58	0.06153122107023412
3524.25	0.3191358210702341
3525.92	-0.08505777892976596
3527.59	0.182265421070234
3529.25	-0.149374778929766
3530.92	0.16161622107023393
3532.59	-0.1574607789297659
3534.26	0.1458986210702342
3535.93	-0.16644777892976595
3537.59	0.13928562107023396
3539.26	-0.15866177892976596
3540.93	0.19524752107023402
3542.6	-0.09630777892976594
3544.27	0.26301372107023396
3545.93	-0.027148578929765865
3547.6	0.28782692107023405
3549.27	-0.017726178929765978
3550.94	0.309231521070234
3552.61	-0.013873778929765912
3554.27	0.32108102107023406
3555.94	-0.03774477892976598
3557.61	0.22293872107023405
3559.28	-0.16978977892976585
3560.94	0.08542652107023407
3562.61	-0.265252778929766
3564.28	0.059861421070233976
3565.95	-0.25507277892976604
3567.62	0.055644221070234014
3569.28	-0.29069677892976586
3570.95	0.02089712107023405
3572.62	-0.31390007892976596
3574.29	0.04058329107023399
3575.96	-0.222036378929766
3577.62	0.14087872107023394
3579.29	-0.19765577892976602
3580.96	0.08091017107023393
3582.63	-0.32222057892976597
3584.3	-0.015819478929766005
3585.96	-0.333725678929766
3587.63	0.044573121070234124
3589.3	-0.21437527892976607
3590.97	0.21566462107023407
3592.63	-0.07552937892976597
3594.3	0.31339422107023396
3595.97	-0.02381947892976599
3597.64	0.28368222107023405
3599.31	-0.017346778929765928
3600.97	0.935049221070234
3602.64	1.501603221070234
3604.31	2.7219074210702336
3605.98	2.905523891070234
3607.65	3.1164922210702337
3609.31	2.052554221070234
3610.98	1.4383952210702342
3612.65	0.13402099107023413
3614.32	0.08918322107023405
3615.98	-0.31214557892976597
3617.65	0.035634611070234135
3619.32	-0.31306817892976596
3620.99	0.09915452107023412
3622.66	-0.23358577892976595
3624.32	0.27923032107023393
3625.99	-0.04077757892976595
3627.66	0.5016333210702341
3629.33	0.02220052107023398
3631.0	1.339548321070234
3632.66	3.1884747210702336
3634.33	5.238989221070234
3636.0	6.217676721070235
3637.67	6.5679054210702335
3639.34	4.7303454210702345
3641.0	3.1740752210702343
3642.67	0.7033704510702339
3644.34	-0.14408997892976597
3646.01	-0.2820865789297659
3647.67	0.9461475210702337
3649.34	4.774614221070234
3651.01	11.039673221070235
3652.68	15.981037221070235
3654.35	19.086307221070236
3656.01	17.653052221070233
3657.68	13.460655221070231
3659.35	7.3214752210702345
3661.02	2.290882021070234
3662.69	-0.22871477892976616
3664.35	0.002587321070233939
3666.02	-0.1753912389297659
3667.69	0.07572812107023412
3669.36	0.04284647107023409
3671.03	0.36886722107023406
3672.69	0.5011058210702342
3674.36	0.960414221070234
3676.03	0.723146921070234
3677.7	0.6693214210702341
3679.36	0.018404221070233893
3681.03	-0.13175877892976592
3682.7	-0.5027227789297661
3684.37	-0.28506777892976587
3686.04	-0.2831487789297659
3687.7	0.15077472107023415
3689.37	-0.036207378929765846
3691.04	0.12088519107023403
3692.71	-0.2326792789297659
3694.38	-0.08086447892976593
3696.04	-0.40837957892976595
3697.71	-0.2327612789297659
3699.38	-0.5682833789297661
3701.05	-0.4542515789297662
3702.72	-0.8781243789297658
3704.38	-0.7557949789297659
3706.05	-1.1271552789297659
3707.72	-0.820230178929766
3709.39	-1.2388958789297662
3711.05	-0.8272315789297661
3712.72	-1.1466579789297662
3714.39	4.019597221070234
3716.06	13.905673471070234
3717.73	23.131738621070234
3719.39	29.545884221070235
3721.06	35.630861221070234
3722.73	47.64225722107024
3724.4	58.844567221070236
3726.07	73.63795722107022
3727.73	90.18707722107024
3729.4	94.78359722107022
3731.07	87.32412722107023
3732.74	65.97578722107022
3734.41	39.490120221070235
3736.07	21.944962121070233
3737.74	7.655716221070233
3739.41	-0.5644597789297657
3741.08	1.3444568210702341
3742.74	0.3980742210702341
3744.41	1.172133121070234
3746.08	0.506375921070234
3747.75	1.0543269110702342
3749.42	0.558073131070234
3751.08	1.0224571210702345
3752.75	0.500749621070234
3754.42	0.893875221070234
3756.09	0.4126937310702341
3757.76	0.8344312210702342
3759.42	0.43118912107023394
3761.09	0.769126437070234
3762.76	0.3306547210702341
3764.43	0.7208955610702342
3766.1	0.2894279310702341
3767.76	0.6384217210702341
3769.43	0.31986172107023403
3771.1	0.685611311070234
3772.77	0.38772642107023403
3774.43	0.7652682210702342
3776.1	0.42860532107023397
3777.77	0.8226236210702342
3779.44	0.35936542107023406
3781.11	0.5818742210702341
3782.77	0.26069562107023403
3784.44	0.669557721070234
3786.11	0.480323721070234
3787.78	0.915115021070234
3789.45	0.689848721070234
3791.11	1.072155121070234
3792.78	0.6543150210702339
3794.45	0.9159594210702341
3796.12	0.515949821070234
3797.78	0.7541852210702341
3799.45	0.3181390810702341
3801.12	0.5214350310702341
3802.79	0.12729632107023398
3804.46	0.4710954710702341
3806.12	0.11269472107023408
3807.79	0.4321368210702342
3809.46	0.06261782107023403
3811.13	0.351018621070234
3812.8	-0.0016131789297659238
3814.46	0.357448121070234
3816.13	0.09164542107023403
3817.8	0.5522562210702341
3819.47	0.30244782107023405
3821.14	0.715376521070234
3822.8	0.3849616210702341
3824.47	0.666097421070234
3826.14	0.22149292107023397
3827.81	0.40707497107023405
3829.47	-0.03743117892976584
3831.14	0.20627312107023407
3832.81	-0.12360307892976592
3834.48	0.25867052107023414
3836.15	-0.010918778929766015
3837.81	0.3639633210702341
3839.48	0.060753621070233944
3841.15	0.39164332107023403
3842.82	0.07989572107023402
3844.49	0.40508929107023395
3846.15	0.08870102107023398
3847.82	0.3841493210702341
3849.49	0.0016295210702340635
3851.16	0.2597510210702341
3852.83	-0.0980577789297659
3854.49	0.21398072107023408
3856.16	-0.03298417892976602
3857.83	0.371013401070234
3859.5	0.14756332107023412
3861.16	0.515112601070234
3862.83	0.195322021070234
3864.5	0.4716810210702341
3866.17	0.11240712107023407
3867.84	0.366910121070234
3869.5	0.02934232107023398
3871.17	0.29612642107023407
3872.84	-0.03638617892976592
3874.51	0.279468421070234
3876.18	-0.007074678929765899
3877.84	0.3224585210702341
3879.51	0.028135021070234068
3881.18	0.3226623210702339
3882.85	0.007406621070234087
3884.52	0.32221712107023404
3886.18	0.02795682107023405
3887.85	0.38560212107023406
3889.52	0.11898702107023404
3891.19	0.453310521070234
3892.85	0.15359472107023403
3894.52	0.4572992210702339
3896.19	0.10276872107023413
3897.86	0.369068521070234
3899.53	-0.019212878929765864
3901.19	0.23147641107023414
3902.86	-0.12589777892976595
3904.53	0.18586622107023407
3906.2	-0.106526778929766
3907.87	0.25772832107023413
3909.53	-0.019662178929766093
3911.2	0.33806272107023405
3912.87	0.040373921070234096
3914.54	0.350846421070234
3916.21	0.012012421070234014
3917.87	0.24909152107023388
3919.54	-0.11450277892976599
3921.21	0.1821963210702339
3922.88	-0.07877127892976592
3924.54	0.30863030107023404
3926.21	0.12441352107023404
3927.88	0.5532753910702342
3929.55	0.33161592107023397
3931.22	0.687044621070234
3932.88	0.3450729210702341
3934.55	0.573381621070234
3936.22	0.14281112107023403
3937.89	0.291518621070234
3939.56	-0.17689877892976597
3941.22	0.05378322107023412
3942.89	-0.283446778929766
3944.56	0.06637532107023406
3946.23	-0.213235778929766
3947.9	0.12263352107023402
3949.56	-0.184141778929766
3951.23	0.16741962107023403
3952.9	-0.10002477892976595
3954.57	0.274436021070234
3956.23	0.01850322107023409
3957.9	0.3745202210702341
3959.57	0.06297322107023406
3961.24	0.380414321070234
3962.91	0.05834122107023414
3964.57	0.353512121070234
3966.24	0.04078842107023415
3967.91	0.3044213210702341
3969.58	-0.06974537892976601
3971.25	0.22138942107023402
3972.91	-0.11055347892976597
3974.58	0.24617192107023395
3976.25	-0.014831778929765938
3977.92	0.33185502107023407
3979.58	0.03878802107023405
3981.25	0.360899021070234
3982.92	0.05180222107023401
3984.59	0.37128872107023414
3986.26	0.03047922107023395
3987.92	0.30321402107023404
3989.59	-0.06531777892976609
3991.26	0.20697662107023412
3992.93	-0.11220667892976599
3994.6	0.23726192107023397
3996.26	0.016898821070233973
3997.93	0.40988692107023406
3999.6	0.11353652107023407
4001.27	0.402276721070234
4002.94	0.03908362107023398
4004.6	0.258786921070234
4006.27	-0.10782667892976587
4007.94	0.1463073210702341
4009.61	-0.18640377892976606
4011.27	0.13824182107023392
4012.94	-0.162797978929766
4014.61	0.1850191210702341
4016.28	-0.08310977892976586
4017.95	0.23002412107023407
4019.61	-0.058604078929766046
4021.28	0.25895912107023406
4022.95	-0.05510747892976595
4024.62	0.25157142107023406
4026.29	-0.057746778929766006
4027.95	0.25648532107023403
4029.62	-0.03610637892976596
4031.29	0.3183665210702341
4032.96	0.08027962107023413
4034.63	0.4476166210702341
4036.29	0.158120021070234
4037.96	0.44800882107023404
4039.63	0.08336582107023396
4041.3	0.32774572107023403
4042.96	-0.03502917892976596
4044.63	0.25808772107023414
4046.3	-0.07613077892976597
4047.97	0.18461402107023397
4049.64	-0.18282477892976595
4051.3	0.08276602107023408
4052.97	-0.2461757789297659
4054.64	0.09111232107023408
4056.31	-0.1295777789297658
4057.98	0.2809695210702342
4059.64	0.018813221070234042
4061.31	0.3232323210702341
4062.98	-0.03110477892976591
4064.65	0.22906632107023409
4066.32	-0.12294477892976596
4067.98	0.2046466210702341
4069.65	-0.06731177892976598
4071.32	0.31523972107023396
4072.99	0.007843521070234005
4074.65	0.31301942107023406
4076.32	-0.024011678929766002
4077.99	0.290869271070234
4079.66	-0.046069578929765945
4081.33	0.26400553107023406
4082.99	-0.08442827892976597
4084.66	0.20939312107023408
4086.33	-0.14089977892976596
4088.0	0.1395547210702341
4089.67	-0.23114777892976587
4091.33	0.09456832107023402
4093.0	-0.21403977892976594
4094.67	0.12081762107023404
4096.34	-0.13152947892976594
4098.01	0.24415792107023404
4099.67	-0.013457178929766023
4101.34	0.2858810210702341
4103.01	-0.11303957892976599
4104.68	0.14710622107023405
4106.34	-0.14803377892976602
4108.01	0.21197522107023406
4109.68	-0.007916778929765967
4111.35	0.4221306210702339
4113.02	0.19839422107023402
4114.68	0.517742261070234
4116.35	0.17425992107023408
4118.02	0.4417275210702341
4119.69	0.10869822107023386
4121.36	0.379256921070234
4123.02	-0.002511678929766037
4124.69	0.29280952107023406
4126.36	-0.04337167892976601
4128.03	0.24279392107023412
4129.69	-0.07466927892976591
4131.36	0.227047121070234
4133.03	-0.09922117892976592
4134.7	0.156131121070234
4136.37	-0.261024778929766
4138.03	0.0032469210702340766
4139.7	-0.3322747789297661
4141.37	-0.0008477789297659411
4143.04	-0.21293377892976592
4144.71	0.166543721070234
4146.37	-0.12059757892976597
4148.04	0.20367352107023406
4149.71	-0.13710227892976595
4151.38	0.1877272210702341
4153.05	-0.10152437892976607
4154.71	0.23431712107023403
4156.38	-0.03915377892976592
4158.05	0.27719982107023405
4159.72	-0.06722177892976608
4161.38	0.23134462107023399
4163.05	-0.07792877892976598
4164.72	0.2417474210702341
4166.39	-0.06286677892976597
4168.06	0.26240362107023396
4169.72	-0.06462377892976603
4171.39	0.2473100210702341
4173.06	-0.083334778929766
4174.73	0.22008542107023404
4176.4	-0.06355247892976594
4178.06	0.25843702107023414
4179.73	-0.04280647892976591
4181.4	0.2899729210702341
4183.07	-0.04697857892976599
4184.74	0.246106421070234
4186.4	-0.13119777892976603
4188.07	0.09617142107023398
4189.74	-0.256122778929766
4191.41	0.03355982107023407
4193.07	-0.23582977892976595
4194.74	0.17179472107023414
4196.41	-0.06142507892976599
4198.08	0.28138012107023397
4199.75	-0.042395778929766016
4201.41	0.22571942107023407
4203.08	-0.08683637892976596
4204.75	0.24526692107023398
4206.42	0.015310221070234064
4208.09	0.362974731070234
4209.75	0.07525642107023416
4211.42	0.30970952107023403
4213.09	-0.10262817892976597
4214.76	0.11021252107023397
4216.43	-0.276079778929766
4218.09	0.013955321070234117
4219.76	-0.254546778929766
4221.43	0.07362312107023414
4223.1	-0.19118937892976592
4224.76	0.14885032107023397
4226.43	-0.13178967892976604
4228.1	0.2126314210702341
4229.77	-0.11424317892976595
4231.44	0.18161392107023394
4233.1	-0.1482672789297661
4234.77	0.15684885807023408
4236.44	-0.10907377892976595
4238.11	0.2554795210702341
4239.78	0.00020612107023395553
4241.44	0.3404930780702341
4243.11	0.03336292107023414
4244.78	0.3261107710702341
4246.45	-0.008123078929765982
4248.12	0.265802821070234
4249.78	-0.087548478929766
4251.45	0.18202032107023403
4253.12	-0.15759187892976603
4254.79	0.12145292107023402
4256.45	-0.1656350789297659
4258.12	0.15144402107023405
4259.79	-0.1523969789297659
4261.46	0.214760521070234
4263.13	-0.08066537892976586
4264.79	0.28859102107023404
4266.46	-0.02205777892976597
4268.13	0.21929312107023408
4269.8	-0.11486377892976596
4271.47	0.16004312107023405
4273.13	-0.17694907892976594
4274.8	0.13019372107023414
4276.47	-0.23704557892976602
4278.14	0.04778702107023405
4279.81	-0.29213577892976594
4281.47	0.01091572107023404
4283.14	-0.2481282789297659
4284.81	0.13541512107023396
4286.48	-0.11849117892976598
4288.14	0.20398122107023403
4289.81	-0.1046992789297659
4291.48	0.22545962107023404
4293.15	-0.09201517892976593
4294.82	0.24104932107023402
4296.48	-0.084932978929766
4298.15	0.21574902107023405
4299.82	-0.13443617892976603
4301.49	0.12047802107023406
4303.16	-0.230159578929766
4304.82	0.06391122107023403
4306.49	-0.22776677892976607
4308.16	0.17424422107023402
4309.83	-0.04978477892976598
4311.49	0.329824021070234
4313.16	0.056547221070234056
4314.83	0.361796221070234
4316.5	0.029267221070233995
4318.17	0.3309217210702341
4319.83	0.008837921070233989
4321.5	0.276774421070234
4323.17	-0.10418597892976589
4324.84	0.11463572107023405
4326.51	-0.255047778929766
4328.17	0.07333522107023405
4329.84	-0.19270677892976598
4331.51	0.2191382210702341
4333.18	0.010258221070233952
4334.85	0.38173872107023404
4336.51	0.07972362107023398
4338.18	0.32679122107023406
4339.85	-0.07990927892976582
4341.52	0.11527042107023418
4343.18	-0.29436677892976604
4344.85	-0.03500387892976599
4346.52	-0.336591778929766
4348.19	-0.00470857892976595
4349.86	-0.242482478929766
4351.52	0.07916592107023401
4353.19	-0.21519867892976602
4354.86	0.15992922107023402
4356.53	-0.130375778929766
4358.2	0.19483982107023406
4359.86	-0.081164778929766
4361.53	0.23184852107023407
4363.2	-0.04597977892976592
4364.87	0.29819742107023406
4366.54	-0.0158667789297659
4368.2	0.33287282107023414
4369.87	-0.0045857789297659825
4371.54	0.2750347210702341
4373.21	-0.07186467892976602
4374.87	0.208026221070234
4376.54	-0.14544637892976595
4378.21	0.1269434210702341
4379.88	-0.24953277892976594
4381.55	0.021615621070234004
4383.21	-0.290693778929766
4384.88	0.028791521070234048
4386.55	-0.21288437892976594
4388.22	0.156670121070234
4389.89	-0.088796778929766
4391.55	0.25695872107023404
4393.22	-0.04629977892976607
4394.89	0.2840589210702341
4396.56	0.02301922107023402
4398.23	0.33230492107023407
4399.89	0.051143721070233975
4401.56	0.34037373107023405
4403.23	0.022369421070234076
4404.9	0.257981021070234
4406.56	-0.13610577892976594
4408.23	0.10809102107023402
4409.9	-0.22494077892976594
4411.57	0.044938121070234024
4413.24	-0.2555037789297659
4414.9	0.05763682107023397
4416.57	-0.25763577892976597
4418.24	0.04710212107023415
4419.91	-0.28021677892976604
4421.58	0.006822521070234111
4423.24	-0.2654687789297659
4424.91	0.09311972107023406
4426.58	-0.12384277892976595
4428.25	0.284364621070234
4429.92	0.016247321070234067
4431.58	0.36138062107023405
4433.25	0.03084272107023408
4434.92	0.3054022210702341
4436.59	-0.034369678929765966
4438.25	0.26777062107023397
4439.92	-0.015205778929766068
4441.59	0.24892712107023404
4443.26	-0.10850977892976599
4444.93	0.11213412107023406
4446.59	-0.2904717789297659
4448.26	-0.03709817892976598
4449.93	-0.351567778929766
4451.6	0.010600221070234072
4453.27	-0.19767377892976606
4454.93	0.21728482107023406
4456.6	-0.021620778929765994
4458.27	0.328540421070234
4459.94	0.025825221070234106
4461.61	0.30688602107023394
4463.27	-0.0014380789297660068
4464.94	0.3456023210702341
4466.61	0.03626742107023397
4468.28	0.37572629107023403
4469.94	0.04053922107023413
4471.61	0.31387489107023414
4473.28	-0.029330078929765923
4474.95	0.26039932107023406
4476.62	-0.0402207789297659
4478.28	0.34674782107023405
4479.95	0.11985322107023415
4481.62	0.5196039210702341
4483.29	0.3074892210702341
4484.96	0.638672421070234
4486.62	0.278892221070234
4488.29	0.4513746210702341
4489.96	-0.05655577892976593
4491.63	0.09191102107023412
4493.29	-0.313423778929766
4494.96	-0.03967077892976595
4496.63	-0.26800977892976585
4498.3	0.162511021070234
4499.97	-0.021653778929766
4501.63	0.38966902107023393
4503.3	0.16194122107023395
4504.97	0.48856812107023406
4506.64	0.16352822107023407
4508.31	0.3891802210702339
4509.97	-0.058295778929765965
4511.64	0.14985582107023404
4513.31	-0.2145297789297659
4514.98	0.08578322107023402
4516.65	-0.17613177892976592
4518.31	0.164312021070234
4519.98	-0.131443778929766
4521.65	0.1707552210702341
4523.32	-0.16045477892976595
4524.98	0.116034721070234
4526.65	-0.1382932789297659
4528.32	0.25800312107023393
4529.99	-0.004583678929765989
4531.66	0.3432878210702341
4533.32	0.00969872107023404
4534.99	0.30075562107023407
4536.66	0.006417221070234102
4538.33	0.33092182107023405
4540.0	0.037679221070234005
4541.66	0.3879988210702341
4543.33	0.041086921070234025
4545.0	0.317150021070234
4546.67	-0.03942677892976589
4548.34	0.26103022107023405
4550.0	-0.02433677892976598
4551.67	0.336294821070234
4553.34	0.021508821070234063
4555.01	0.31471192107023405
4556.67	-0.0300619789297659
4558.34	0.26064002107023404
4560.01	-0.06297977892976596
4561.68	0.254906121070234
4563.35	-0.06304707892976591
4565.01	0.24172262107023412
4566.68	-0.12161807892976592
4568.35	0.13334632107023403
4570.02	-0.22749577892976597
4571.69	0.084881721070234
4573.35	-0.18468977892976596
4575.02	0.15873252107023406
4576.69	-0.11656177892976598
4578.36	0.22606122107023405
4580.03	-0.08744577892976604
4581.69	0.2013272210702341
4583.36	-0.12283677892976601
4585.03	0.14074222107023404
4586.7	-0.17843877892976595
4588.36	0.12729102107023396
4590.03	-0.14860777892976595
4591.7	0.23618432107023396
4593.37	-0.032526778929765986
4595.04	0.272061021070234
4596.7	-0.06028177892976592
4598.37	0.18452142107023403
4600.04	-0.179664778929766
4601.71	0.13395802107023405
4603.38	-0.15573477892976592
4605.04	0.22684842107023404
4606.71	-0.03139677892976587
4608.38	0.3274415210702341
4610.05	0.04468222107023401
4611.72	0.354431821070234
4613.38	0.03375322107023395
4615.05	0.335714321070234
4616.72	0.02887422107023414
4618.39	0.32382972107023406
4620.05	0.032908221070234146
4621.72	0.3551888210702341
4623.39	0.037010221070234064
4625.06	0.3305504210702339
4626.73	0.008822221070234093
4628.39	0.328083021070234
4630.06	0.03140722107023399
4631.73	0.30604222107023416
4633.4	-0.008900778929765974
4635.07	0.25832792107023406
4636.73	-0.094982778929766
4638.4	0.18756392107023406
4640.07	-0.12906377892976595
4641.74	0.2344331210702341
4643.41	-0.029545778929765863
4645.07	0.334796421070234
4646.74	0.056512221070234014
4648.41	0.39889182107023397
4650.08	0.12613722107023406
4651.74	0.471853121070234
4653.41	0.13208322107023412
4655.08	0.48901772107023406
4656.75	0.185910221070234
4658.42	0.5077507210702341
4660.08	0.20197412107023416
4661.75	0.47043502107023405
4663.42	0.10065472107023403
4665.09	0.34912382107023404
4666.76	-0.10793077892976602
4668.42	0.13660442107023404
4670.09	-0.19863277892976589
4671.76	0.09874832107023401
4673.43	-0.16020277892976598
4675.09	0.17709922107023396
4676.76	-0.09767477892976599
4678.43	0.221117221070234
4680.1	-0.13114677892976606
4681.77	0.09775022107023415
4683.43	-0.292162778929766
4685.1	-0.05024207892976603
4686.77	-0.3517737789297659
4688.44	0.02659332107023411
4690.11	-0.21122937892976598
4691.77	0.20398332107023406
4693.44	-0.03552434892976599
4695.11	0.3012341210702342
4696.78	0.027813821070234036
4698.45	0.36435262107023403
4700.11	0.05388462107023403
4701.78	0.3775806710702341
4703.45	-0.008989378929765923
4705.12	0.23697732107023411
4706.78	-0.13859377892976604
4708.45	0.159755121070234
4710.12	-0.10703677892976597
4711.79	0.2740015210702341
4713.46	0.017117221070234022
4715.12	0.35597602107023396
4716.79	0.022579221070234023
4718.46	0.30605782107023394
4720.13	-0.064171778929766
4721.8	0.20938642107023409
4723.46	-0.132665778929766
4725.13	0.16186052107023402
4726.8	-0.1531877789297659
4728.47	0.16942692107023388
4730.14	-0.11658577892976592
4731.8	0.24620382107023397
4733.47	-0.0024175789297660177
4735.14	0.3760803210702341
4736.81	0.05964922107023416
4738.47	0.35291162107023405
4740.14	0.007032621070234113
4741.81	0.24365842107023408
4743.48	-0.088133078929766
4745.15	0.20576142107023393
4746.81	-0.12195587892976585
4748.48	0.21053902107023403
4750.15	-0.150749778929766
4751.82	0.164433321070234
4753.49	-0.135669778929766
4755.15	0.1975102210702341
4756.82	-0.0740187789297659
4758.49	0.28424222107023395
4760.16	-0.03702877892976595
4761.83	0.24852172107023388
4763.49	-0.15127777892976604
4765.16	0.12788972107023405
4766.83	-0.20519377892976598
4768.5	0.140755221070234
4770.16	-0.09293377892976591
4771.83	0.299014021070234
4773.5	0.02406722107023407
4775.17	0.333601221070234
4776.84	-0.025038778929766005
4778.5	0.23845392107023403
4780.17	-0.08429277892976587
4781.84	0.23125422107023405
4783.51	-0.057619778929765844
4785.18	0.2801619210702341
4786.84	-0.01672277892976596
4788.51	0.2815274210702341
4790.18	-0.054549778929766056
4791.85	0.260892521070234
4793.52	-0.07263777892976589
4795.18	0.250177021070234
4796.85	-0.07237177892976598
4798.52	0.17943272107023409
4800.19	-0.18319677892976588
4801.85	0.05044572107023406
4803.52	-0.305538778929766
4805.19	0.041583321070233936
4806.86	-0.20230587892976595
4808.53	0.1899207210702341
4810.19	-0.06552617892976587
4811.86	0.2448176210702341
4813.53	-0.10595187892976599
4815.2	0.1140258210702341
4816.87	-0.22849077892976605
4818.53	0.08002922107023407
4820.2	-0.1760337789297659
4821.87	0.2675419210702341
4823.54	0.05389922107023404
4825.21	0.4800875210702341
4826.87	0.23228022107023416
4828.54	0.551703321070234
4830.21	0.1690442210702341
4831.88	0.3738541210702341
4833.54	-0.06159277892976585
4835.21	0.16294152107023407
4836.88	-0.20552477892976598
4838.55	0.06276962107023402
4840.22	-0.2764187789297659
4841.88	0.10315092107023408
4843.55	-0.14625207892976588
4845.22	0.22531222107023408
4846.89	0.007535321070234069
4848.56	0.36753572107023397
4850.22	0.10644852107023399
4851.89	0.434016621070234
4853.56	0.14430542107023409
4855.23	0.47311062107023416
4856.89	0.13093332107023398
4858.56	0.393894221070234
4860.23	-0.007131778929765941
4861.9	0.28659922107023406
4863.57	-0.012161778929766064
4865.23	0.28163602107023417
4866.9	-0.04131577892976588
4868.57	0.22947132107023407
4870.24	-0.16373677892976599
4871.91	0.10912522107023404
4873.57	-0.2899027789297659
4875.24	0.003748421070234087
4876.91	-0.3054677789297659
4878.58	0.0316111210702341
4880.25	-0.24960517892976603
4881.91	0.12028168107023411
4883.58	-0.12178337892976607
4885.25	0.2758188210702341
4886.92	-0.0024033799297660694
4888.58	0.39525922107023403
4890.25	0.12409812107023402
4891.92	0.4640294210702341
4893.59	0.11436552107023398
4895.26	0.3459419210702339
4896.92	-0.041287778929766004
4898.59	0.25424022107023403
4900.26	-0.046356278929765994
4901.93	0.3243964210702341
4903.6	0.08610932107023408
4905.26	0.4176867210702341
4906.93	0.08819732107023397
4908.6	0.392049501070234
4910.27	0.056064021070234005
4911.94	0.379031021070234
4913.6	0.100130421070234
4915.27	0.402431851070234
4916.94	0.1335673210702341
4918.61	0.44493390107023406
4920.27	0.06693022107023405
4921.94	0.357588021070234
4923.61	-0.014734978929765951
4925.28	0.2343687210702341
4926.95	-0.09399477892976597
4928.61	0.20835622107023402
4930.28	-0.07806277892976596
4931.95	0.30287042107023404
4933.62	0.04078322107023408
4935.29	0.361774921070234
4936.95	0.032233821070234
4938.62	0.2936169210702341
4940.29	-0.06563447892976597
4941.96	0.21264682107023408
4943.63	-0.13231487892976604
4945.29	0.21799957107023404
4946.96	-0.0033985789297659606
4948.63	0.33264882107023397
4950.3	0.034796621070233916
4951.96	0.323025421070234
4953.63	-0.006897778929765919
4955.3	0.24864922107023407
4956.97	-0.130160778929766
4958.64	0.167568221070234
4960.3	-0.11844077892976586
4961.97	0.2414833210702339
4963.64	-0.001241778929765891
4965.31	0.3531518210702341
4966.98	0.0632985210702341
4968.64	0.3686843210702342
4970.31	0.02533322107023408
4971.98	0.3273237210702339
4973.65	0.021287221070233953
4975.32	0.3351762210702341
4976.98	0.057713221070234154
4978.65	0.356629321070234
4980.32	0.018845221070233988
4981.99	0.29816122107023396
4983.65	0.0010492210702339744
4985.32	0.297260321070234
4986.99	0.03541312107023399
4988.66	0.3516505210702341
4990.33	0.04155122107023398
4991.99	0.331700421070234
4993.66	-0.042187778929765954
4995.33	0.18905632107023404
4997.0	-0.16400747892976594
4998.67	0.09024542107023403
5000.33	-0.22408937892976594
5002.0	0.08635322107023406
5003.67	-0.23942617892976598
5005.34	0.09439122107023415
5007.0	-0.17809977892976595
5008.67	0.1906879210702341
5010.34	-0.08421977892976598
5012.01	0.26559502107023397
5013.68	-0.004989778929765909
5015.34	0.30582592107023415
5017.01	-0.056083678929765936
5018.68	0.19716252107023396
5020.35	-0.15484077892976597
5022.02	0.16180222107023412
5023.68	-0.08348677892976601
5025.35	0.320056321070234
5027.02	0.10939522107023394
5028.69	0.44070662107023395
5030.36	0.04341622107023402
5032.02	0.27620122107023404
5033.69	-0.0890007789297659
5035.36	0.20806402107023397
5037.03	-0.03942177892976595
5038.69	0.3289736210702341
5040.36	0.05742922107023411
5042.03	0.38405022107023395
5043.7	0.06717312107023402
5045.37	0.3513785210702341
5047.03	-0.015535478929765967
5048.7	0.19242122107023402
5050.37	-0.20353377892976598
5052.04	0.033756221070234016
5053.71	-0.29832877892976606
5055.37	0.0023852210702338893
5057.04	-0.27435977892976593
5058.71	0.08322502107023404
5060.38	-0.11671267892976592
5062.05	0.330112721070234
5063.71	0.193422921070234
5065.38	0.5803567590702339
5067.05	0.23278332107023406
5068.72	0.424665521070234
5070.38	-0.02538277892976599
5072.05	0.18782532107023417
5073.72	-0.13536477892976606
5075.39	0.19525622107023394
5077.06	-0.10132977892976607
5078.72	0.21216922107023412
5080.39	-0.10306377892976584
5082.06	0.185233621070234
5083.73	-0.10587977892976594
5085.4	0.21634582107023403
5087.06	-0.08616377892976605
5088.73	0.288188221070234
5090.4	0.062316221070233976
5092.07	0.41003772107023406
5093.74	0.14420822107023407
5095.4	0.359825121070234
5097.07	-0.05292447892976595
5098.74	0.14805242107023395
5100.41	-0.22319607892976595
5102.07	0.13114792107023412
5103.74	-0.09628007892976594
5105.41	0.23191192107023406
5107.08	-0.04137777892976602
5108.75	0.30044282107023407
5110.41	0.02416992107023406
5112.08	0.3717115210702341
5113.75	0.018387421070233965
5115.42	0.247489821070234
5117.09	-0.19263577892976608
5118.75	-0.031556978929765986
5120.42	-0.423813778929766
5122.09	-0.01936147892976594
5123.76	-0.19161477892976592
5125.43	0.31240242107023397
5127.09	0.15203812107023412
5128.76	0.526779221070234
5130.43	0.14730102107023405
5132.1	0.3710633210702341
5133.76	-0.06968547892976604
5135.43	0.2200409210702341
5137.1	-0.08137477892976602
5138.77	0.24235682107023404
5140.44	-0.11017777892976603
5142.1	0.14387952107023402
5143.77	-0.26339177892976595
5145.44	0.0018458210702339884
5147.11	-0.31404777892976593
5148.78	0.06176172107023405
5150.44	-0.174810778929766
5152.11	0.21312582107023398
5153.78	-0.05810717892976587
5155.45	0.318518021070234
5157.12	0.03860322107023406
5158.78	0.40744112107023406
5160.45	0.09767022107023408
5162.12	0.37863482107023416
5163.79	0.016362221070233975
5165.45	0.30777592107023394
5167.12	-0.0009934789297659564
5168.79	0.398854621070234
5170.46	0.17732862107023403
5172.13	0.578963621070234
5173.79	0.3035272210702341
5175.46	0.5637374210702342
5177.13	0.1926403210702341
5178.8	0.450436621070234
5180.47	0.1231253210702341
5182.13	0.44989942107023406
5183.8	0.225011821070234
5185.47	0.5595265310702341
5187.14	0.21200222107023406
5188.8	0.42767900107023393
5190.47	-0.035303078929766016
5192.14	0.13855242107023408
5193.81	-0.22107177892976598
5195.48	0.101968221070234
5197.14	-0.1394347789297659
5198.81	0.2532502210702342
5200.48	-0.045785778929766076
5202.15	0.280454221070234
5203.82	0.001836221070234023
5205.48	0.343698421070234
5207.15	0.10096322107023399
5208.82	0.44984102107023405
5210.49	0.09401022107023405
5212.16	0.39774632107023405
5213.82	0.060720221070234136
5215.49	0.30401042107023396
5217.16	-0.01531277892976588
5218.83	0.2929917210702341
5220.49	-0.04310477892976592
5222.16	0.23885622107023413
5223.83	-0.08563377892976601
5225.5	0.25719002107023403
5227.17	0.014743121070234056
5228.83	0.38888692107023415
5230.5	0.17011152107023406
5232.17	0.5563686210702341
5233.84	0.18657122107023402
5235.51	0.407664221070234
5237.17	0.030150221070234063
5238.84	0.30332322107023413
5240.51	0.02779722107023406
5242.18	0.396955921070234
5243.85	0.18224722107023417
5245.51	0.5289568210702341
5247.18	0.2374035210702341
5248.85	0.536209421070234
5250.52	0.19443742107023407
5252.18	0.42242172107023396
5253.85	0.005292221070234105
5255.52	0.21071822107023408
5257.19	-0.165661778929766
5258.86	0.08092622107023409
5260.52	-0.18169277892976599
5262.19	0.1657152210702341
5263.86	-0.07751477892976599
5265.53	0.25056022107023407
5267.2	-0.029962778929765975
5268.86	0.3381702210702341
5270.53	0.07334622107023411
5272.2	0.425188221070234
5273.87	0.184275221070234
5275.54	0.476257721070234
5277.2	0.174400821070234
5278.87	0.40755958107023404
5280.54	0.05175772107023392
5282.21	0.33003241107023407
5283.87	0.02292402107023399
5285.54	0.33168972107023403
5287.21	0.05499322107023415
5288.88	0.34522782107023403
5290.55	0.0029595210702340947
5292.21	0.21130492107023408
5293.88	-0.19214777892976587
5295.55	0.04319622107023404
5297.22	-0.28970977892976596
5298.89	0.03421622107023401
5300.55	-0.1947937789297658
5302.22	0.16146512107023409
5303.89	-0.13249877892976603
5305.56	0.21170362107023402
5307.23	-0.006567078929766002
5308.89	0.454398121070234
5310.56	0.2631599210702341
5312.23	0.6039175210702339
5313.9	0.263603671070234
5315.56	0.4203080210702341
5317.23	-0.061775778929765976
5318.9	0.229548921070234
5320.57	0.03372622107023411
5322.24	0.539320321070234
5323.9	0.3519312210702341
5325.57	0.740099121070234
5327.24	0.4256632210702341
5328.91	0.5958818340702341
5330.58	0.16330322107023415
5332.24	0.369084321070234
5333.91	-0.02495037892976588
5335.58	0.19497602107023412
5337.25	-0.21763047892976592
5338.92	0.05386482107023403
5340.58	-0.1598883789297659
5342.25	0.21516062107023406
5343.92	0.0786392210702341
5345.59	0.48321512107023407
5347.25	0.224684221070234
5348.92	0.5116445210702338
5350.59	0.17984922107023393
5352.26	0.47713662107023397
5353.93	0.15858542107023407
5355.59	0.42646758107023397
5357.26	0.13324982107023411
5358.93	0.4216709210702341
5360.6	0.15025832107023396
5362.27	0.46821722107023406
5363.93	0.1498482210702341
5365.6	0.42714222107023403
5367.27	0.0006972210702340664
5368.94	0.188828021070234
5370.6	-0.23626577892976602
5372.27	-0.052974878929766045
5373.94	-0.3987657789297659
5375.61	-0.13495597892976596
5377.28	-0.3625687789297659
5378.94	0.09588462107023413
5380.61	-0.0637697789297658
5382.28	0.384080221070234
5383.95	0.14937792107023404
5385.62	0.4968431210702341
5387.28	0.23266142107023408
5388.95	0.6218662210702341
5390.62	0.39946422107023405
5392.29	0.704949321070234
5393.96	0.3307635210702341
5395.62	0.48017212107023416
5397.29	-0.018569478929765904
5398.96	0.21347172107023407
5400.63	-0.12655307892976603
5402.29	0.23051782107023402
5403.96	0.010039921070234048
5405.63	0.367956221070234
5407.3	0.12840662107023398
5408.97	0.4775536210702341
5410.63	0.18664052107023413
5412.3	0.5125187210702341
5413.97	0.16925922107023397
5415.64	0.4401033210702342
5417.31	0.05143372107023404
5418.97	0.379672221070234
5420.64	0.09880322107023405
5422.31	0.3997223210702342
5423.98	0.058560221070234154
5425.65	0.24687732107023405
5427.31	-0.22009777892976595
5428.98	-0.035143878929765913
5430.65	-0.48671177892976586
5432.32	-0.17795197892976597
5433.98	-0.40023977892976587
5435.65	-0.03728157892976591
5437.32	-0.2801107789297659
5438.99	0.041445221070234205
5440.66	-0.263867778929766
5442.32	0.01874122107023406
5443.99	-0.22203777892976598
5445.66	0.18243422107023405
5447.33	0.023090221070233997
5449.0	0.4465256210702341
5450.66	0.20434622107023404
5452.33	0.523266221070234
5454.0	0.23014722107023422
5455.67	0.47479692107023413
5457.34	0.140051721070234
5459.0	0.4046828210702341
5460.67	0.052652921070234046
5462.34	0.3350079210702339
5464.01	0.06854942107023405
5465.67	0.3607391210702341
5467.34	-0.014990878929766005
5469.01	0.22093902107023408
5470.68	-0.17614837892976593
5472.35	0.08305842107023402
5474.01	-0.290203578929766
5475.68	0.03116402107023406
5477.35	-0.2047017789297659
5479.02	0.17511902107023397
5480.69	-0.08341667892976605
5482.35	0.309475021070234
5484.02	0.021670421070233915
5485.69	0.35714075107023413
5487.36	-0.025028078929765885
5489.03	0.26460295107023396
5490.69	0.011733821070234018
5492.36	0.38615492107023397
5494.03	0.16993552107023402
5495.7	0.5643855310702339
5497.36	0.28821652107023404
5499.03	0.5387451210702341
5500.7	0.09445122107023392
5502.37	0.25643762107023393
5504.04	-0.14283777892976599
5505.7	0.072704221070234
5507.37	-0.2092857789297659
5509.04	0.153535221070234
5510.71	-0.06114477892976602
5512.38	0.31213722107023417
5514.04	0.017978221070234123
5515.71	0.3454272210702341
5517.38	0.07939922107023398
5519.05	0.39058292107023396
5520.72	0.08066932107023408
5522.38	0.37773742107023406
5524.05	0.07900682107023396
5525.72	0.395979521070234
5527.39	0.066725221070234
5529.05	0.36162252107023407
5530.72	0.07071122107023409
5532.39	0.418540321070234
5534.06	0.08370132107023401
5535.73	0.359018121070234
5537.39	0.01084322107023401
5539.06	0.30169582107023407
5540.73	0.04682922107023404
5542.4	0.4548310210702341
5544.07	0.3250252210702341
5545.73	0.7923894210702341
5547.4	0.48401322107023415
5549.07	0.7304030210702341
5550.74	0.287598221070234
5552.4	0.461772921070234
5554.07	0.035725221070234084
5555.74	0.26496622107023404
5557.41	-0.06455777892976604
5559.08	0.22458822107023405
5560.74	-0.13608377892976603
5562.41	0.09204522107023397
5564.08	-0.26236877892976596
5565.75	0.013899121070234033
5567.42	-0.29016977892976603
5569.08	0.023382621070233957
5570.75	-0.20105437892976594
5572.42	0.20325632107023406
5574.09	0.02410322107023417
5575.76	0.460078221070234
5577.42	0.271632221070234
5579.09	0.574202221070234
5580.76	0.20052532107023407
5582.43	0.3283566210702341
5584.09	-0.17128527892976594
5585.76	0.04866472107023405
5587.43	-0.24259677892976592
5589.1	0.13456932107023406
5590.77	-0.06949077892976593
5592.43	0.27910462107023404
5594.1	-0.009171778929765973
5595.77	0.288960021070234
5597.44	-0.05259977892976604
5599.11	0.27588582107023407
5600.77	0.01363222107023404
5602.44	0.36334012107023395
5604.11	0.08513282107023401
5605.78	0.37162102107023404
5607.45	0.062414221070234074
5609.11	0.3209646210702341
5610.78	-0.04174177892976592
5612.45	0.194424221070234
5614.12	-0.20613977892976593
5615.78	0.021061221070234115
5617.45	-0.33760877892976593
5619.12	0.00035722107023401507
5620.79	-0.222970778929766
5622.46	0.19140422107023408
5624.12	0.006226221070234006
5625.79	0.383772221070234
5627.46	0.16448222107023405
5629.13	0.509903221070234
5630.8	0.2024242210702341
5632.46	0.483566721070234
5634.13	0.10202022107023404
5635.8	0.3350967210702341
5637.47	0.010864221070234058
5639.14	0.31797742107023397
5640.8	0.10088194107023414
5642.47	0.44893402107023406
5644.14	0.0741891210702341
5645.81	0.2951112210702341
5647.47	-0.16713597892976595
5649.14	0.03682592107023401
5650.81	-0.335313068929766
5652.48	-0.029474678929766008
5654.15	-0.2594767789297659
5655.81	0.1860383540702339
5657.48	-0.04359937892976595
5659.15	0.3529283210702341
5660.82	0.08272202107023396
5662.49	0.40923352107023403
5664.15	0.07628752107023402
5665.82	0.34071792107023396
5667.49	-0.0014749789297658466
5669.16	0.295391821070234
5670.83	0.002193421070234081
5672.49	0.30752607107023405
5674.16	0.07158552107023405
5675.83	0.42411142107023403
5677.5	0.15670092107023412
5679.16	0.409798821070234
5680.83	-0.005530578929766061
5682.5	0.2448420510702341
5684.17	-0.12368537892976597
5685.84	0.10388974107023405
5687.5	-0.22057957892976607
5689.17	0.08556722107023411
5690.84	-0.19324497892976597
5692.51	0.13648219107023415
5694.18	-0.172571178929766
5695.84	0.17071462107023402
5697.51	-0.03829187892976593
5699.18	0.286511721070234
5700.85	0.029377721070233998
5702.52	0.35776382107023397
5704.18	0.021053221070234107
5705.85	0.3061744210702341
5707.52	-0.06677077892976602
5709.19	0.25062592107023407
5710.85	0.06676242107023404
5712.52	0.463782221070234
5714.19	0.273848821070234
5715.86	0.5978021210702339
5717.53	0.28131722107023405
5719.19	0.5925142210702341
5720.86	0.14637522107023399
5722.53	0.332535521070234
5724.2	-0.08730877892976596
5725.87	0.08498972107023398
5727.53	-0.21839277892976608
5729.2	0.13831322107023403
5730.87	-0.04946577892976607
5732.54	0.43673592107023407
5734.2	0.187463221070234
5735.87	0.470135221070234
5737.54	0.08332222107023415
5739.21	0.28400422107023404
5740.88	-0.08998197892976587
5742.54	0.22540962107023402
5744.21	0.001691521070234181
5745.88	0.41083732107023396
5747.55	0.23054922107023407
5749.22	0.565948421070234
5750.88	0.2378572210702341
5752.55	0.4357217210702341
5754.22	0.02978422107023393
5755.89	0.24310522107023408
5757.56	-0.07682477892976598
5759.22	0.22802422107023412
5760.89	-0.008111778929766045
5762.56	0.339690521070234
5764.23	0.07734022107023393
5765.89	0.3585909210702341
5767.56	0.08670222107023404
5769.23	0.38322282107023403
5770.9	0.069656421070234
5772.57	0.3608618210702341
5774.23	0.02433532107023404
5775.9	0.3836724110702341
5777.57	0.12258902107023402
5779.24	0.39981922107023404
5780.91	0.1508578760702341
5782.57	0.447934011070234
5784.24	0.17608902107023403
5785.91	0.5397062210702341
5787.58	0.23325142107023406
5789.25	0.516763521070234
5790.91	0.12984817107023408
5792.58	0.211018921070234
5794.25	-0.261367978929766
5795.92	-0.12835857892976593
5797.58	-0.4641557789297659
5799.25	-0.03937477892976593
5800.92	-0.192532778929766
5802.59	0.2648488210702339
5804.26	0.11322672107023402
5805.92	0.45625982107023405
5807.59	0.13186322107023404
5809.26	0.3655982210702339
5810.93	0.048050221070234045
5812.6	0.3773928210702341
5814.26	0.0885609210702341
5815.93	0.381868921070234
5817.6	0.013061521070234061
5819.27	0.275935721070234
5820.94	-0.08417577892976591
5822.6	0.16030142107023404
5824.27	-0.10061577892976596
5825.94	0.28290752107023415
5827.61	0.03802292107023395
5829.27	0.40116582107023396
5830.94	0.11248972107023403
5832.61	0.357296521070234
5834.28	0.09626912107023408
5835.95	0.425121891070234
5837.61	0.15876352107023411
5839.28	0.5273902210702341
5840.95	0.25662122107023394
5842.62	0.5430572210702341
5844.29	0.3105532210702341
5845.95	0.5805842210702339
5847.62	0.32764122107023413
5849.29	0.5537462210702342
5850.96	0.0723342210702342
5852.63	0.19776662107023396
5854.29	-0.14076777892976594
5855.96	0.25838812107023396
5857.63	0.12429922107023401
5859.3	0.5364810210702339
5860.96	0.36898122107023407
5862.63	0.632708831070234
5864.3	0.2277775210702341
5865.97	0.43184012107023406
5867.64	0.13574122107023415
5869.3	0.473437621070234
5870.97	0.15185722107023408
5872.64	0.30623722107023404
5874.31	-0.11083277892976602
5875.98	0.15134812107023404
5877.64	-0.12040967892976595
5879.31	0.3217328210702341
5880.98	0.19384872107023407
5882.65	0.5855055210702341
5884.32	0.24992922107023402
5885.98	0.469095921070234
5887.65	0.004083221070234089
5889.32	0.30772032107023406
5890.99	-0.04859777892976593
5892.65	0.20928942107023402
5894.32	-0.20783877892976593
5895.99	0.02992752107023411
5897.66	-0.327371778929766
5899.33	-0.010896978929765978
5900.99	-0.369988778929766
5902.66	-0.04136467892976596
5904.33	-0.31723777892976596
5906.0	0.0458896210702342
5907.67	-0.05102277892976601
5909.33	0.4570553210702341
5911.0	0.335609821070234
5912.67	0.7096853210702342
5914.34	0.3438203210702341
5916.0	0.5348162210702341
5917.67	0.1703414210702341
5919.34	0.38216132107023404
5921.01	0.12344362107023402
5922.68	0.47053107107023406
5924.34	0.19086982107023404
5926.01	0.49877842107023407
5927.68	0.16804139207023408
5929.35	0.45581032107023417
5931.02	0.21448126207023396
5932.68	0.6534212210702341
5934.35	0.492684021070234
5936.02	0.9079890710702344
5937.69	0.566626621070234
5939.36	0.724010621070234
5941.02	0.19696482107023405
5942.69	0.314600121070234
5944.36	-0.10568537892976607
5946.03	0.19168742107023395
5947.69	-0.05639577892976592
5949.36	0.3530822210702341
5951.03	0.12244212107023397
5952.7	0.483947921070234
5954.37	0.2378282210702341
5956.03	0.5145064210702341
5957.7	0.15032822107023408
5959.37	0.35006732107023397
5961.04	0.0014853210702340026
5962.71	0.35787082107023405
5964.37	0.15864882107023398
5966.04	0.520722821070234
5967.71	0.2979108210702339
5969.38	0.6138781210702341
5971.05	0.26894039107023415
5972.71	0.541043221070234
5974.38	0.23620201107023403
5976.05	0.557484451070234
5977.72	0.336688521070234
5979.38	0.6993483210702343
5981.05	0.427156421070234
5982.72	0.7685717910702341
5984.39	0.3748855210702341
5986.06	0.480449921070234
5987.72	0.0013702210702340345
5989.39	0.14697422107023406
5991.06	-0.22038677892976585
5992.73	0.15653522107023404
5994.4	-0.035116778929766036
5996.06	0.4279962210702342
5997.73	0.20634322107023398
5999.4	0.5341022210702341
6001.07	0.2391444210702339
6002.74	0.6147266210702341
6004.4	0.4387917210702339
6006.07	0.9221592210702341
6007.74	0.7049946210702339
6009.41	0.9656425210702337
6011.07	0.4237050210702341
6012.74	0.4869326210702341
6014.41	-0.019340778929765844
6016.08	0.2286932210702341
6017.75	0.01950122107023411
6019.41	0.523238221070234
6021.08	0.34415822107023414
6022.75	0.6958174210702343
6024.42	0.34912422107023405
6026.09	0.5642892210702339
6027.75	0.18117122107023406
6029.42	0.4108943210702341
6031.09	0.1264546210702341
6032.76	0.5079549210702341
6034.43	0.271408321070234
6036.09	0.5551355210702342
6037.76	0.16401022107023402
6039.43	0.28348442107023397
6041.1	-0.18791177892976604
6042.76	-0.019629778929765963
6044.43	-0.302764778929766
6046.1	0.09618852107023415
6047.77	-0.08478647892976601
6049.44	0.22312000807023397
6051.1	-0.14322547892976595
6052.77	0.0320424210702341
6054.44	-0.34773977892976593
6056.11	-0.012815778929765997
6057.78	-0.2028797789297659
6059.44	0.2838901210702342
6061.11	0.138053421070234
6062.78	0.494918221070234
6064.45	0.19937602107023408
6066.11	0.43250042107023406
6067.78	0.10240332107023402
6069.45	0.40135922107023403
6071.12	0.057192821070234025
6072.79	0.369656321070234
6074.45	0.0663360210702341
6076.12	0.33546332107023413
6077.79	0.05820602107023416
6079.46	0.40598282107023403
6081.13	0.15807552107023407
6082.79	0.558833521070234
6084.46	0.185656021070234
6086.13	0.368742631070234
6087.8	-0.06012237892976598
6089.47	0.10764522107023415
6091.13	-0.23621777892976606
6092.8	0.08156712107023402
6094.47	-0.2249687789297659
6096.14	0.16624122107023398
6097.8	-0.058592778929766
6099.47	0.30579172107023417
6101.14	0.031036521070233913
6102.81	0.3091998710702342
6104.48	-0.035291078929765976
6106.14	0.15905992107023398
6107.81	-0.20245577892976593
6109.48	0.1390743210702341
6111.15	-0.11972577892976596
6112.82	0.24089802107023398
6114.48	-0.02615457892976596
6116.15	0.2581474210702341
6117.82	-0.024768778929765967
6119.49	0.24113952107023412
6121.16	-0.0976057789297661
6122.82	0.19999922107023402
6124.49	-0.11917077892976588
6126.16	0.10554742107023407
6127.83	-0.274502778929766
6129.49	-0.06771807892976592
6131.16	-0.408372778929766
6132.83	-0.030435678929765918
6134.5	-0.195720778929766
6136.17	0.229677321070234
6137.83	-0.059462678929765866
6139.5	0.1392700210702342
6141.17	-0.32989537892976595
6142.84	-0.09956677892976602
6144.51	-0.37369277892976605
6146.17	0.09569862107023411
6147.84	-0.056261778929766006
6149.51	0.4300495210702341
6151.18	0.20275422107023405
6152.85	0.535360221070234
6154.51	0.2861532210702341
6156.18	0.577343921070234
6157.85	0.231740221070234
6159.52	0.495185621070234
6161.18	0.05244442107023408
6162.85	0.2811553310702341
6164.52	-0.045211578929765905
6166.19	0.16402612107023407
6167.86	-0.04785077892976601
6169.52	0.35361722107023413
6171.19	0.10667922107023417
6172.86	0.44460822107023407
6174.53	0.05292322107023417
6176.2	0.247369221070234
6177.86	-0.087841778929766
6179.53	0.07431222107023401
6181.2	-0.226782778929766
6182.87	0.15820622107023397
6184.54	-0.04713677892976591
6186.2	0.2901920210702339
6187.87	0.014798721070233977
6189.54	0.2753953210702341
6191.21	-0.06950467892976604
6192.87	0.17312682107023405
6194.54	-0.088452978929766
6196.21	0.2779982210702341
6197.88	0.019642621070234068
6199.55	0.19318712107023397
6201.21	-0.2866707789297661
6202.88	-0.17193577892976603
6204.55	-0.5784777789297658
6206.22	-0.23580577892976598
6207.89	-0.350441778929766
6209.55	0.0440884210702341
6211.22	-0.19133077892976597
6212.89	0.16779552107023393
6214.56	-0.09732747892976597
6216.23	0.2886742210702341
6217.89	0.05465212107023394
6219.56	0.376975821070234
6221.23	0.12849822107023398
6222.9	0.3220962210702341
6224.56	-0.06626677892976596
6226.23	0.22525922107023405
6227.9	-0.06367777892976592
6229.57	0.23865172107023405
6231.24	-0.16632177892976602
6232.9	0.04601462107023405
6234.57	-0.32122077892976586
6236.24	-0.07066147892976593
6237.91	-0.302952778929766
6239.58	0.18082782107023404
6241.24	0.12632772107023418
6242.91	0.5901958210702339
6244.58	0.278249321070234
6246.25	0.49656484107023413
6247.91	0.03056652107023409
6249.58	0.1757084210702339
6251.25	-0.21137777892976586
6252.92	0.05606022107023403
6254.59	-0.12823077892976595
6256.25	0.23697932107023406
6257.92	-0.010666778929765952
6259.59	0.29896502107023404
6261.26	0.010928221070234034
6262.93	0.28489602107023404
6264.59	-0.007569078929765905
6266.26	0.25264742107023413
6267.93	-0.028936778929766004
6269.6	0.28257892107023413
6271.27	0.021969221070234024
6272.93	0.2868346210702341
6274.6	0.023242221070234104
6276.27	0.37143252107023395
6277.94	0.14599122107023402
6279.6	0.5039488210702341
6281.27	0.23655492107023396
6282.94	0.5685961710702341
6284.61	0.30873842107023397
6286.28	0.5393039210702341
6287.94	0.14254022107023395
6289.61	0.35153342107023405
6291.28	-0.15637077892976592
6292.95	0.06796222107023411
6294.62	-0.25718577892976596
6296.28	0.16579622107023395
6297.95	0.06372522107023401
6299.62	0.5039977210702341
6301.29	0.1839989210702341
6302.96	0.40928322107023407
6304.62	-0.08715067892976602
6306.29	0.17194922107023408
6307.96	-0.10313087892976594
6309.63	0.31526662107023407
6311.29	0.1897310310702341
6312.96	0.6388317210702341
6314.63	0.4735035210702341
6316.3	0.7297298210702341
6317.97	0.42089672107023396
6319.63	0.7079215210702341
6321.3	0.34403272107023397
6322.97	0.5804487210702339
6324.64	0.30607352107023394
6326.31	0.573238921070234
6327.97	0.3146582210702341
6329.64	0.581036221070234
6331.31	0.297776221070234
6332.98	0.6185366210702341
6334.65	0.2741926210702341
6336.31	0.512615141070234
6337.98	0.173839721070234
6339.65	0.3977725210702341
6341.32	-0.0016328989297659025
6342.98	0.1906353210702341
6344.65	-0.183544478929766
6346.32	0.032724421070234024
6347.99	-0.27343777892976584
6349.66	0.067256021070234
6351.32	-0.14416577892976595
6352.99	0.28114242107023396
6354.66	0.09212232107023403
6356.33	0.472395021070234
6358.0	0.22937112107023405
6359.66	0.46371456107023395
6361.33	0.09660202107023404
6363.0	0.27770462107023414
6364.67	-0.100525778929766
6366.34	0.1556082210702341
6368.0	-0.14211777892976601
6369.67	0.15385022107023408
6371.34	-0.15897977892976592
6373.01	0.170776221070234
6374.67	-0.08365777892976597
6376.34	0.29452052107023396
6378.01	-0.012830578929765935
6379.68	0.319876921070234
6381.35	0.002084841070234056
6383.01	0.3527816710702341
6384.68	0.10472382107023401
6386.35	0.40190672107023406
6388.02	0.06632682107023391
6389.69	0.35253860107023416
6391.35	-0.091909578929766
6393.02	0.2274083210702341
6394.69	-0.027436778929765905
6396.36	0.33995446107023397
6398.03	0.05437752107023408
6399.69	0.302201021070234
6401.36	-0.092425778929766
6403.03	0.20148422107023398
6404.7	-0.039259778929766044
6406.36	0.287244721070234
6408.03	0.03581852107023402
6409.7	0.3150721210702342
6411.37	-0.07504777892976607
6413.04	0.2049112210702341
6414.7	-0.13766677892976595
6416.37	0.19678322107023413
6418.04	-0.046207778929765866
6419.71	0.25703022107023415
6421.38	-0.0016737789297659677
6423.04	0.2923922210702342
6424.71	0.03528722107023401
6426.38	0.4115463210702341
6428.05	0.10907392107023398
6429.71	0.42596713107023393
6431.38	0.07580012107023411
6433.05	0.2369644210702341
6434.72	-0.19845887892976594
6436.39	0.020434921070233945
6438.05	-0.263486778929766
6439.72	0.10873322107023405
6441.39	-0.07212877892976595
6443.06	0.35928412107023394
6444.73	0.14872332107023406
6446.39	0.5195803210702341
6448.06	0.15905022107023403
6449.73	0.4575735210702339
6451.4	0.12021482107023407
6453.07	0.43545492107023415
6454.73	0.09601642107023398
6456.4	0.3988945210702341
6458.07	0.08984802107023411
6459.74	0.389933721070234
6461.4	-0.02976777892976603
6463.07	0.21622222107023403
6464.74	-0.21448077892976594
6466.41	0.12846322107023406
6468.08	-0.12583577892976588
6469.74	0.16047522107023404
6471.41	-0.1616497789297659
6473.08	0.02785382107023402
6474.75	-0.44352407892976586
6476.42	-0.2027131789297659
6478.08	-0.49445167892976594
6479.75	-0.032150278929765984
6481.42	-0.075873898929766
6483.09	0.292574921070234
6484.76	0.016785031070234026
6486.42	0.3015541210702341
6488.09	-0.03461357892976595
6489.76	0.3464246210702341
6491.43	0.175843821070234
6493.09	0.547171421070234
6494.76	0.316139721070234
6496.43	0.4890004210702341
6498.1	0.0809621210702339
6499.77	0.322493201070234
6501.43	-0.09827207892976593
6503.1	0.17044482107023412
6504.77	-0.1870657789297659
6506.44	0.056969221070234034
6508.11	-0.23571177892976597
6509.77	0.09749242107023393
6511.44	-0.17215477892976597
6513.11	0.20987562107023408
6514.78	-0.07679577892976593
6516.45	0.2504162210702341
6518.11	-0.027925078929765944
6519.78	0.2671527210702339
6521.45	-0.08348077892976588
6523.12	0.14444122107023416
6524.78	-0.3107977789297659
6526.45	-0.07570577892976596
6528.12	-0.32692577892976604
6529.79	0.029399221070234027
6531.46	-0.11259377892976605
6533.12	0.288322421070234
6534.79	0.01507422107023415
6536.46	0.287617321070234
6538.13	-0.09938377892976594
6539.8	0.10377092107023408
6541.46	-0.19792077892976595
6543.13	0.11963948107023406
6544.8	-0.07007047892976595
6546.47	0.3344670810702341
6548.14	0.1113909210702341
6549.8	0.41362922107023403
6551.47	0.1589042210702341
6553.14	0.44500722107023405
6554.81	0.19471222107023398
6556.47	0.6247592210702342
6558.14	0.40516222107023403
6559.81	0.7315562210702341
6561.48	0.40902522107023404
6563.15	0.6137182210702341
6564.81	0.17341422107023413
6566.48	0.31827822107023407
6568.15	-0.08385877892976597
6569.82	0.20199722107023396
6571.49	-0.12642877892976584
6573.15	0.168917821070234
6574.82	-0.15683777892976597
6576.49	0.12850622107023404
6578.16	-0.19744277892976586
6579.83	0.03337522107023394
6581.49	-0.25957677892976594
6583.16	0.017034821070234085
6584.83	-0.2176157789297659
6586.5	0.17330432107023414
6588.16	-0.09357937892976599
6589.83	0.26077592107023406
6591.5	-0.08143327892976596
6593.17	0.094596321070234
6594.84	-0.3147257789297659
6596.5	-0.04670577892976606
6598.17	-0.29249867892976605
6599.84	0.13746116107023404
6601.51	-0.055128758929765896
6603.18	0.4357310210702341
6604.84	0.264183741070234
6606.51	0.747485521070234
6608.18	0.5586759210702341
6609.85	0.932206121070234
6611.51	0.6138042210702338
6613.18	0.7234784210702341
6614.85	0.2367547310702341
6616.52	0.441740821070234
6618.19	0.13595092107023402
6619.85	0.5087214210702339
6621.52	0.30060333107023396
6623.19	0.598921421070234
6624.86	0.2112992210702341
6626.53	0.350231121070234
6628.19	0.007195221070234003
6629.86	0.3756161210702341
6631.53	0.21458472107023407
6633.2	0.6015790210702341
6634.87	0.27528302107023406
6636.53	0.47776682107023405
6638.2	0.12609712107023405
6639.87	0.29316332107023413
6641.54	-0.04643077892976595
6643.2	0.2733142210702341
6644.87	0.019735221070234087
6646.54	0.30244182107023415
6648.21	0.007490321070233996
6649.88	0.18861732107023416
6651.54	-0.157023778929766
6653.21	0.062061221070234
6654.88	-0.2983857789297658
6656.55	0.13411152107023408
6658.22	0.03929732107023405
6659.88	0.43946040107023404
6661.55	0.145227421070234
6663.22	0.2973569210702341
6664.89	-0.21864927892976588
6666.56	-0.04586647892976594
6668.22	-0.4523799789297659
6669.89	-0.0454894589297659
6671.56	-0.21969647892976596
6673.23	0.2579837210702339
6674.89	0.15023852107023414
6676.56	0.617915721070234
6678.23	0.32944692107023404
6679.9	0.5234869210702341
6681.57	-0.08753077892976599
6683.23	-0.08090577892976594
6684.9	-0.669538778929766
6686.57	-0.49225677892976594
6688.24	-0.7264387789297658
6689.91	-0.146742178929766
6691.57	-0.23395777892976607
6693.24	0.240310221070234
6694.91	0.024892221070233988
6696.58	0.366046421070234
6698.25	0.11860032107023413
6699.91	0.5679359210702339
6701.58	0.38100942107023394
6703.25	0.7759617210702341
6704.92	0.43396312107023405
6706.58	0.5051737210702341
6708.25	0.07807752107023402
6709.92	0.24717342107023402
6711.59	-0.021113078929765994
6713.26	0.40626772107023407
6714.92	0.18516632107023398
6716.59	0.48627622107023394
6718.26	0.11216652107023398
6719.93	0.289726721070234
6721.6	-0.05242827892976605
6723.26	0.145700421070234
6724.93	-0.13999207892976595
6726.6	0.24374032107023408
6728.27	0.013053621070234134
6729.94	0.4550256210702341
6731.6	0.2219121210702341
6733.27	0.6103427210702339
6734.94	0.3405094210702341
6736.61	0.562720921070234
6738.27	0.18587122107023396
6739.94	0.46057592107023393
6741.61	0.04205302107023408
6743.28	0.3300331210702341
6744.95	-0.012113978929766001
6746.61	0.276556421070234
6748.28	0.013267221070234037
6749.95	0.3636412210702339
6751.62	0.04687422107023407
6753.29	0.32902422107023405
6754.95	-0.0666327789297659
6756.62	0.19363122107023403
6758.29	-0.05102477892976594
6759.96	0.3709006210702341
6761.63	0.27527992107023397
6763.29	0.762110021070234
6764.96	0.546642021070234
6766.63	0.8300797210702342
6768.3	0.506803421070234
6769.96	0.7382414210702339
6771.63	0.420559621070234
6773.3	0.613037171070234
6774.97	0.24876492107023407
6776.64	0.346748021070234
6778.3	-0.15755187892976602
6779.97	0.03582902107023398
6781.64	-0.31960777892976605
6783.31	-0.046303778929766046
6784.98	-0.24315577892976595
6786.64	0.15377612107023403
6788.31	-0.038934478929766
6789.98	0.28788512107023395
6791.65	-0.05160577892976588
6793.31	0.17241822107023425
6794.98	-0.24617977892976595
6796.65	-0.11575277892976601
6798.32	-0.580482778929766
6799.99	-0.2174987789297659
6801.65	-0.444530778929766
6803.32	0.00770692107023403
6804.99	-0.2559667789297659
6806.66	0.03512332107023388
6808.33	-0.32517767892976596
6809.99	-0.04978617892976587
6811.66	-0.32399507892976603
6813.33	0.25151962107023407
6815.0	0.16980232107023402
6816.67	0.7623880210702341
6818.33	0.5739888210702342
6820.0	0.903369521070234
6821.67	0.5445233910702341
6823.34	0.8423887210702341
6825.0	0.47671992107023414
6826.67	0.8378141210702342
6828.34	0.463921221070234
6830.01	0.682420521070234
6831.68	0.28133852107023405
6833.34	0.5834459210702341
6835.01	0.19479922107023406
6836.68	0.5357252210702339
6838.35	0.157736221070234
6840.02	0.3789122210702341
6841.68	-0.12182177892976584
6843.35	0.04759222107023402
6845.02	-0.383123778929766
6846.69	-0.09445777892976599
6848.36	-0.32948377892976605
6850.02	0.05512322107023402
6851.69	-0.15328577892976586
6853.36	0.257130221070234
6855.03	-0.12158277892976602
6856.69	0.17633622107023408
6858.36	-0.1320387789297659
6860.03	0.1471842210702341
6861.7	-0.022836778929765968
6863.37	0.34747732107023405
6865.03	0.08367622107023416
6866.7	0.45036822107023394
6868.37	0.14986922107023398
6870.04	0.556990021070234
6871.71	0.334681421070234
6873.37	0.6207672210702342
6875.04	0.22487082107023407
6876.71	0.323530521070234
6878.38	-0.11870277892976602
6880.05	0.13815212107023395
6881.71	-0.15674917892976592
6883.38	0.171665221070234
6885.05	-0.13333916892976597
6886.72	0.1992639210702341
6888.38	0.009339621070234028
6890.05	0.367433321070234
6891.72	0.16439422107023405
6893.39	0.5088466210702339
6895.06	0.16869322107023405
6896.72	0.359948321070234
6898.39	-0.05459477892976592
6900.06	0.18235122107023397
6901.73	-0.037522778929765896
6903.4	0.2571662210702341
6905.06	-0.03097277892976589
6906.73	0.20395222107023417
6908.4	-0.11387377892976587
6910.07	0.2166556210702341
6911.74	-0.00933537892976597
6913.4	0.3469393010702341
6915.07	0.09061782107023401
6916.74	0.3836540410702341
6918.41	-0.009000278929765848
6920.07	0.1721173210702341
6921.74	-0.11143677892976589
6923.41	0.22727022107023406
6925.08	0.060772221070234125
6926.75	0.5243002210702341
6928.41	0.296171221070234
6930.08	0.711656221070234
6931.75	0.351993221070234
6933.42	0.548111821070234
6935.09	0.08455112107023399
6936.75	0.246944421070234
6938.42	-0.160692178929766
6940.09	0.16955832107023405
6941.76	-0.07127857892976604
6943.42	0.34511832107023405
6945.09	0.029422221070234
6946.76	0.4242188210702339
6948.43	0.14081942107023399
6950.1	0.5262807710702341
6951.76	0.227377521070234
6953.43	0.5813653210702341
6955.1	0.3248283210702342
6956.77	0.534047521070234
6958.44	0.12269952107023405
6960.1	0.319924021070234
6961.77	-0.0426105789297659
6963.44	0.22372662107023392
6965.11	-0.08682877892976588
6966.78	0.3230571210702341
6968.44	0.32047322107023407
6970.11	0.6509716210702339
6971.78	0.3923146210702342
6973.45	0.5983065210702342
6975.11	0.124423421070234
6976.78	0.250911821070234
6978.45	-0.18087877892976595
6980.12	0.08452422107023416
6981.79	-0.07132177892976585
6983.45	0.32909922107023404
6985.12	0.230123521070234
6986.79	0.722675721070234
6988.46	0.49321382107023404
6990.13	0.8514882210702341
6991.79	0.5049446210702341
6993.46	0.7704607210702339
6995.13	0.410598621070234
6996.8	0.647015821070234
6998.47	0.26331522107023403
7000.13	0.4594552210702341
7001.8	0.039025221070234074
7003.47	0.3675772210702341
7005.14	0.10071422107023409
7006.8	0.49049112107023396
7008.47	0.14312922107023404
7010.14	0.4234524210702341
7011.81	0.01337422107023405
7013.48	0.26939931107023407
7015.14	-0.11626357892976605
7016.81	0.278076121070234
7018.48	0.0676867210702341
7020.15	0.516856321070234
7021.82	0.267371821070234
7023.48	0.7093126210702341
7025.15	0.4589424110702341
7026.82	0.8463526210702341
7028.49	0.44919682107023406
7030.16	0.667132821070234
7031.82	0.218570221070234
7033.49	0.36769722107023406
7035.16	-0.06791477892976597
7036.83	0.18295022107023398
7038.49	-0.17763577892976593
7040.16	0.11168922107023396
7041.83	-0.250703778929766
7043.5	0.02672522107023414
7045.17	-0.2774037789297659
7046.83	0.06603302107023401
7048.5	-0.11253117892976598
7050.17	0.34056115107023394
7051.84	0.15330612107023409
7053.51	0.5350082210702342
7055.17	0.27886632107023407
7056.84	0.5992610210702342
7058.51	0.20633052107023406
7060.18	0.445414721070234
7061.85	0.012844621070234074
7063.51	0.15323632107023402
7065.18	-0.31001927892976605
7066.85	-0.12493037892976593
7068.52	-0.5047664789297659
7070.18	-0.07349867892976598
7071.85	-0.25457567892976596
7073.52	0.30281712107023406
7075.19	0.17208932107023403
7076.86	0.5216150210702339
7078.52	0.251782221070234
7080.19	0.519653621070234
7081.86	0.144610721070234
7083.53	0.42889362107023404
7085.2	0.087354021070234
7086.86	0.40350602107023403
7088.53	0.09211722107023412
7090.2	0.260765421070234
7091.87	-0.055905578929766
7093.54	0.18308822107023398
7095.2	-0.21190787892976592
7096.87	0.09154132107023409
7098.54	-0.244465578929766
7100.21	0.09769732107023406
7101.87	-0.188527778929766
7103.54	0.11797082107023407
7105.21	-0.2458837789297661
7106.88	0.013932121070234116
7108.55	-0.35359477892976604
7110.21	0.028010321070234177
7111.88	-0.1735777789297659
7113.55	0.32205322107023393
7115.22	0.11849622107023397
7116.89	0.5167902210702341
7118.55	0.18481522107023393
7120.22	0.43763852107023415
7121.89	0.05195772107023404
7123.56	0.32031762107023404
7125.22	-0.04210027892976596
7126.89	0.164118521070234
7128.56	-0.127113778929766
7130.23	0.13580522107023404
7131.9	-0.17670877892976602
7133.56	0.12369822107023398
7135.23	-0.21177677892976593
7136.9	0.08681722107023404
7138.57	-0.160253878929766
7140.24	-0.019716278929765928
7141.9	-0.41509217892976596
7143.57	-0.216322778929766
7145.24	-0.5313137789297658
7146.91	-0.0760337789297659
7148.58	-0.163100778929766
7150.24	0.40257412107023394
7151.91	0.439821031070234
7153.58	0.862287621070234
7155.25	0.6554382210702341
7156.91	0.974276891070234
7158.58	0.6196442210702341
7160.25	0.8082173210702341
7161.92	0.3349917210702341
7163.59	0.550581521070234
7165.25	0.354587621070234
7166.92	0.8330761210702342
7168.59	0.799802321070234
7170.26	1.3121261210702344
7171.93	1.105516721070234
7173.59	1.2716587210702344
7175.26	0.791618221070234
7176.93	0.7824639210702341
7178.6	0.26130182107023403
7180.27	0.324704021070234
7181.93	-0.16047307892976598
7183.6	0.06991622107023414
7185.27	-0.32306477892976615
7186.94	-0.05205577892976589
7188.6	-0.18329277892976598
7190.27	0.32632912107023426
7191.94	0.466389421070234
7193.61	1.172470621070234
7195.28	1.1039080210702341
7196.94	1.525217921070234
7198.61	0.9099867210702339
7200.28	0.8383767610702341
7201.95	0.20278162107023415
7203.62	0.26390692107023406
7205.28	-0.09906097892976592
7206.95	0.295163221070234
7208.62	0.06116902107023407
7210.29	0.4528626210702343
7211.96	0.1763166210702341
7213.62	0.5230538210702339
7215.29	0.32520482107023396
7216.96	0.6544332210702339
7218.63	0.20242302107023408
7220.29	0.33550752107023407
7221.96	-0.055278978929765986
7223.63	0.215070221070234
7225.3	0.006608221070233999
7226.97	0.4166962210702339
7228.63	0.30976252107023416
7230.3	0.7023749210702339
7231.97	0.401425221070234
7233.64	0.7183639210702338
7235.31	0.44633322107023404
7236.97	0.8187196210702341
7238.64	0.5079168210702341
7240.31	0.8110083210702342
7241.98	0.468436821070234
7243.65	0.653450521070234
7245.31	0.16195722107023403
7246.98	0.383541121070234
7248.65	0.011987221070234044
7250.32	0.32249932107023416
7251.98	0.060261121070234
7253.65	0.5168978510702341
7255.32	0.22792782107023396
7256.99	0.5295526210702339
7258.66	0.12639652107023397
7260.32	0.390350291070234
7261.99	0.054015121070234026
7263.66	0.25811456107023406
7265.33	-0.08326597892976602
7267.0	0.25968865107023403
7268.66	-0.022142478929765952
7270.33	0.339265921070234
7272.0	0.056279221070233955
7273.67	0.4760932210702341
7275.34	0.265733221070234
7277.0	0.569131721070234
7278.67	0.2840298210702341
7280.34	0.560481521070234
7282.01	0.23854542107023394
7283.67	0.597789221070234
7285.34	0.30187222107023404
7287.01	0.638338421070234
7288.68	0.394345621070234
7290.35	0.627011021070234
7292.01	0.3031267210702341
7293.68	0.538764721070234
7295.35	0.299044021070234
7297.02	0.6759949210702341
7298.69	0.45259052107023406
7300.35	0.7266531210702342
7302.02	0.3686924210702341
7303.69	0.6071782210702341
7305.36	0.3160003210702342
7307.02	0.612212721070234
7308.69	0.39513232107023416
7310.36	0.8265666210702338
7312.03	0.6207519210702339
7313.7	0.9078459210702338
7315.36	0.4973512210702341
7317.03	0.800062221070234
7318.7	0.5084412210702342
7320.37	0.9174571210702339
7322.04	0.5807798210702341
7323.7	0.8296362210702342
7325.37	0.36847152107023406
7327.04	0.524053621070234
7328.71	0.00754322107023424
7330.38	0.28195542107023386
7332.04	0.029919421070234042
7333.71	0.46798802107023396
7335.38	0.2431877210702341
7337.05	0.5732138210702341
7338.71	0.3502028210702341
7340.38	0.8072362210702341
7342.05	0.6009059210702341
7343.72	0.9837482010702342
7345.39	0.6002240210702341
7347.05	0.6879026210702341
7348.72	0.10542022107023401
7350.39	0.09993522107023396
7352.06	-0.22704677892976596
7353.73	0.17880522107023392
7355.39	0.11534622107023398
7357.06	0.5749924210702337
7358.73	0.35127222107023415
7360.4	0.6241522210702342
7362.07	0.419124221070234
7363.73	0.872966621070234
7365.4	0.8202099710702342
7367.07	1.202914421070234
7368.74	0.8343537210702341
7370.4	0.9133342210702338
7372.07	0.3886912210702341
7373.74	0.612872221070234
7375.41	0.47633222107023415
7377.08	0.9696362210702342
7378.74	0.701551221070234
7380.41	0.9814092210702341
7382.08	0.445086221070234
7383.75	0.451915521070234
7385.42	-0.09747957892976591
7387.08	0.12152652107023401
7388.75	-0.13728677892976596
7390.42	0.2865194210702341
7392.09	0.05107522107023403
7393.76	0.43912322107023405
7395.42	0.0310909210702341
7397.09	0.19559222107023416
7398.76	-0.19607677892976588
7400.43	0.201048221070234
7402.09	0.11348652107023409
7403.76	0.577455221070234
7405.43	0.35316322107023407
7407.1	0.6063616210702341
7408.77	-0.001151778929766012
7410.43	0.11865262107023414
7412.1	-0.23621687892976598
7413.77	0.15284562107023408
7415.44	0.04517922107023403
7417.11	0.5241227210702342
7418.77	0.345072221070234
7420.44	0.7367192210702342
7422.11	0.48752722107023405
7423.78	0.766950221070234
7425.45	0.41094222107023415
7427.11	0.45000022107023413
7428.78	-0.18164977892976603
7430.45	-0.15880277892976585
7432.12	-0.6113877789297656
7433.78	-0.2603917789297661
7435.45	-0.287542178929766
7437.12	0.16589692107023413
7438.79	0.03206702107023411
7440.46	0.3381531210702341
7442.12	-0.012232408929765981
7443.79	0.15985332107023412
7445.46	-0.22467775892976602
7447.13	0.03179812107023405
7448.8	-0.10468017892976592
7450.46	0.41877572107023403
7452.13	0.38431663107023406
7453.8	1.096061121070234
7455.47	1.0835255210702341
7457.14	1.3971436210702344
7458.8	1.016561221070234
7460.47	1.1404709210702342
7462.14	0.6315911210702339
7463.81	0.8001873210702343
7465.47	0.33889882107023406
7467.14	0.599511521070234
7468.81	0.24696632107023406
7470.48	0.4742963210702341
7472.15	0.11729722107023402
7473.81	0.38685322107023423
7475.48	0.036771221070233964
7477.15	0.23628322107023392
7478.82	-0.1400747789297659
7480.49	0.15660302107023402
7482.15	-0.24107417892976582
7483.82	0.06324755107023408
7485.49	-0.314705578929766
7487.16	-0.03196087892976607
7488.82	-0.27993777892976596
7490.49	0.15341882107023394
7492.16	-0.06446577892976588
7493.83	0.283842321070234
7495.5	-0.0287037789297659
7497.16	0.27775322107023415
7498.83	-0.1066197789297659
7500.5	0.22976622107023412
7502.17	-0.03072677892976592
7503.84	0.30170292107023416
7505.5	0.04179302107023415
7507.17	0.32495722107023395
7508.84	0.07767632107023399
7510.51	0.43937732107023386
7512.18	0.07661862107023398
7513.84	0.33568872107023406
7515.51	-0.06756977892976605
7517.18	0.12842632107023397
7518.85	-0.269653378929766
7520.51	-0.004918878929765924
7522.18	-0.370272578929766
7523.85	-0.08254327892976594
7525.52	-0.34933827892976593
7527.19	0.05326912107023398
7528.85	-0.1826087789297659
7530.52	0.15008422107023414
7532.19	-0.158060778929766
7533.86	0.12425432107023404
7535.53	-0.27802377892976604
7537.19	-0.10659877892976613
7538.86	-0.46041477892976584
7540.53	-0.18793177892976595
7542.2	-0.39716977892976574
7543.87	0.01585522107023407
7545.53	0.039285221070234
7547.2	0.524076021070234
7548.87	0.38257492107023405
7550.54	0.7209876610702339
7552.2	0.399439921070234
7553.87	0.512001821070234
7555.54	0.12899622107023406
7557.21	0.34063722107023414
7558.88	0.15967122107023402
7560.54	0.5715099210702341
7562.21	0.41527722107023396
7563.88	0.7428522210702341
7565.55	0.4847582210702341
7567.22	0.692219221070234
7568.88	0.3239812210702341
7570.55	0.558115221070234
7572.22	0.20434922107023396
7573.89	0.36408822107023403
7575.56	-0.11291577892976598
7577.22	-0.0379737789297659
7578.89	-0.48990677892976586
7580.56	-0.2027287789297661
7582.23	-0.31692077892976594
7583.89	0.14024012107023398
7585.56	0.051973221070233944
7587.23	0.4810168210702342
7588.9	0.260552221070234
7590.57	0.6431922210702341
7592.23	0.425135221070234
7593.9	0.681928221070234
7595.57	0.432307221070234
7597.24	0.7234318210702342
7598.91	0.338829921070234
7600.57	0.574827721070234
7602.24	0.14141722107023397
7603.91	0.23880792107023407
7605.58	-0.228834778929766
7607.25	-0.12972777892976603
7608.91	-0.4642607789297659
7610.58	-0.023186778929765905
7612.25	-0.18573577892976592
7613.92	0.29078032107023405
7615.58	0.12466692107023403
7617.25	0.4835001210702341
7618.92	0.203012821070234
7620.59	0.432031021070234
7622.26	0.07023722107023404
7623.92	0.310546221070234
7625.59	-0.07259877892976604
7627.26	0.18978522107023393
7628.93	-0.082366778929766
7630.6	0.25650032107023396
7632.26	0.07047922107023397
7633.93	0.5069430910702342
7635.6	0.35658012107023423
7637.27	0.8033712210702341
7638.94	0.603725851070234
7640.6	0.8447811210702341
7642.27	0.5296771810702341
7643.94	0.6705125210702338
7645.61	0.13863482107023403
7647.27	0.21776522107023416
7648.94	-0.19501977892976607
7650.61	0.040149821070233974
7652.28	-0.154179878929766
7653.95	0.2195326210702341
7655.61	0.08213352107023411
7657.28	0.46200282107023394
7658.95	0.203024721070234
7660.62	0.3718956210702341
7662.29	-0.05861677892976593
7663.95	0.1312087210702341
7665.62	-0.2778287789297659
7667.29	0.061388221070233936
7668.96	-0.04148677892976589
7670.62	0.4601902210702341
7672.29	0.29689922107023414
7673.96	0.5528159210702339
7675.63	0.04727132107023402
7677.3	0.22599122107023403
7678.96	-0.19850807892976602
7680.63	0.10245982107023413
7682.3	-0.23685037892976593
7683.97	-0.04189047892976601
7685.64	-0.49443267892976606
7687.3	-0.23393347892976596
7688.97	-0.477093778929766
7690.64	0.01577222107023406
7692.31	-0.010935778929765983
7693.98	0.5472412210702341
7695.64	0.36857022107023396
7697.31	0.5416898210702341
7698.98	0.007953821070233968
7700.65	0.18591472107023405
7702.31	-0.15854927892976592
7703.98	0.26287212107023394
7705.65	0.30661972107023416
7707.32	1.027374021070234
7708.99	1.1033832210702341
7710.65	1.426194921070234
7712.32	0.973683721070234
7713.99	1.055319511070234
7715.66	0.488956721070234
7717.33	0.6418497210702341
7718.99	0.41113143107023403
7720.66	0.784184621070234
7722.33	0.687719748070234
7724.0	1.0491849210702338
7725.67	0.8253537910702342
7727.33	1.1653529210702342
7729.0	0.864865921070234
7730.67	1.172242421070234
7732.34	1.0183901210702342
7734.0	1.301706421070234
7735.67	0.9984636210702341
7737.34	1.1400389210702342
7739.01	0.570847221070234
7740.68	0.5245192210702341
7742.34	0.01954122107023406
7744.01	0.2906282210702341
7745.68	0.23477222107023404
7747.35	0.762623221070234
7749.02	0.6223075210702341
7750.68	1.0257479210702343
7752.35	0.6721931210702341
7754.02	0.8739638010702342
7755.69	0.5326091210702342
7757.36	0.7122688210702341
7759.02	0.3597024210702339
7760.69	0.5839570210702341
7762.36	0.156869221070234
7764.03	0.39153742107023415
7765.69	0.03042212107023401
7767.36	0.449783321070234
7769.03	0.22052742107023415
7770.7	0.6581578210702339
7772.37	0.48189972107023404
7774.03	0.7785005210702343
7775.7	0.33114942107023415
7777.37	0.4469402210702341
7779.04	0.03672322107023414
7780.71	0.33770522107023415
7782.37	-0.0006229789297659937
7784.04	0.28171422107023414
7785.71	0.06288752107023417
7787.38	0.480802121070234
7789.05	0.351998921070234
7790.71	0.8314112610702342
7792.38	0.669081961070234
7794.05	0.839027111070234
7795.72	0.3846941210702341
7797.38	0.5250702210702339
7799.05	0.20528222107023403
7800.72	0.5348652210702339
7802.39	0.1507152210702341
7804.06	0.2848822210702341
7805.72	-0.28441377892976616
7807.39	-0.18968877892976596
7809.06	-0.4950397789297659
7810.73	-0.04670377892976596
7812.4	-0.224976778929766
7814.06	0.26518222107023404
7815.73	0.027108221070233984
7817.4	0.37480022107023403
7819.07	-0.02161457892976588
7820.73	0.20313752107023397
7822.4	-0.20894977892976602
7824.07	-0.010098778929765916
7825.74	-0.39266177892976584
7827.41	-0.01223777892976594
7829.07	-0.18676907892976602
7830.74	0.21803022107023412
7832.41	-0.07607157892976582
7834.08	0.22755322107023396
7835.75	-0.09031677892976604
7837.41	0.19981922107023395
7839.08	0.029133021070234077
7840.75	0.38115302107023397
7842.42	0.07408062107023412
7844.09	0.2683404210702341
7845.75	-0.23670527892976598
7847.42	0.019244651070234077
7849.09	-0.251132778929766
7850.76	0.02931402107023402
7852.42	-0.195411878929766
7854.09	-0.029070688929765963
7855.76	-0.44713957892976597
7857.43	0.019737021070234097
7859.1	-0.10572527892976602
7860.76	0.499946021070234
7862.43	0.4305919210702342
7864.1	0.6843760510702341
7865.77	0.2187822210702341
7867.44	0.18830722107023412
7869.1	-0.330341778929766
7870.77	-0.012968978929765961
7872.44	-0.17485297892976584
7874.11	0.228279821070234
7875.78	0.10374512107023393
7877.44	0.422863921070234
7879.11	0.12033394107023407
7880.78	0.34174532107023414
7882.45	0.06544352107023399
7884.11	0.43836722107023396
7885.78	0.34267242107023405
7887.45	0.794147221070234
7889.12	0.6336407210702341
7890.79	0.8922123710702341
7892.45	0.4680059210702341
7894.12	0.5668057210702342
7895.79	0.08895432107023411
7897.46	0.243047521070234
7899.13	-0.13468387892976605
7900.79	0.22159682107023398
7902.46	-0.0009358789297658543
7904.13	0.31634852107023403
7905.8	0.039602221070234124
7907.47	0.34052422107023406
7909.13	0.08377922107023399
7910.8	0.45047122107023385
7912.47	0.20451522107023412
7914.14	0.6655954210702338
7915.8	0.448863921070234
7917.47	0.772251031070234
7919.14	0.572407611070234
7920.81	0.9102497210702343
7922.48	0.6702011210702341
7924.14	1.010258221070234
7925.81	0.659270221070234
7927.48	0.8379975210702341
7929.15	0.512091221070234
7930.82	0.6522302210702341
7932.48	0.35442422107023386
7934.15	0.5974432210702341
7935.82	0.15782022107023405
7937.49	0.312349221070234
7939.16	-0.10005377892976597
7940.82	0.17415422107023412
7942.49	0.007777221070234042
7944.16	0.373787021070234
7945.83	0.2444994210702341
7947.49	0.586369421070234
7949.16	0.2140045210702341
7950.83	0.3263637210702341
7952.5	-0.2489557789297659
7954.17	0.008252221070234
7955.83	-0.228774778929766
7957.5	0.205554221070234
7959.17	0.24063022107023407
7960.84	0.7153082210702341
7962.51	0.7020132210702341
7964.17	1.135913221070234
7965.84	0.892627221070234
7967.51	1.143464521070234
7969.18	0.660482721070234
7970.85	0.6275262410702341
7972.51	0.042431221070234136
7974.18	-0.01899597892976601
7975.85	-0.3585509789297661
7977.52	0.00722312107023404
7979.18	-0.16275477892976595
7980.85	0.31640072107023415
7982.52	0.13373502107023408
7984.19	0.5727292210702342
7985.86	0.421829821070234
7987.52	0.847169221070234
7989.19	0.790912221070234
7990.86	1.319669221070234
7992.53	1.0962743210702341
7994.2	1.5234797210702342
7995.86	1.152557921070234
7997.53	1.323349521070234
7999.2	0.9200147680702342
8000.87	1.073851321070234
8002.53	0.753666421070234
8004.2	0.9955122210702338
8005.87	0.554514421070234
8007.54	0.859859821070234
8009.21	0.530558007070234
8010.87	0.9022872210702338
8012.54	0.7465665210702341
8014.21	1.0627720640702338
8015.88	0.738034621070234
8017.55	0.9059397210702343
8019.21	0.3090141210702341
8020.88	0.309809421070234
8022.55	-0.3480349689297658
8024.22	-0.306997978929766
8025.89	-0.670507948929766
8027.55	-0.2792377289297659
8029.22	-0.37743107892976596
8030.89	0.13995922107023398
8032.56	0.02054422107023406
8034.22	0.26558922107023414
8035.89	-0.0847005789297659
8037.56	0.19453062107023414
8039.23	-0.02565577892976605
8040.9	0.4555180210702341
8042.56	0.39032892107023404
8044.23	0.7702886210702342
8045.9	0.5635252210702342
8047.57	0.825735221070234
8049.24	0.4503122210702341
8050.9	0.7406932210702342
8052.57	0.33350122107023406
8054.24	0.5518503210702341
8055.91	0.22093922107023412
8057.58	0.351878121070234
8059.24	-0.08929677892976598
8060.91	0.09933522107023403
8062.58	-0.2808137789297657
8064.25	0.1318779210702341
8065.91	0.032473621070234104
8067.58	0.578694221070234
8069.25	0.557494221070234
8070.92	0.863311221070234
8072.59	0.49042082107023405
8074.25	0.6392068210702341
8075.92	0.24184922107023402
8077.59	0.503379221070234
8079.26	0.36586922107023395
8080.93	0.8168830210702339
8082.59	0.7122142210702341
8084.26	1.019114521070234
8085.93	0.614443221070234
8087.6	0.700006121070234
8089.27	0.27744042107023387
8090.93	0.507053921070234
8092.6	0.323277121070234
8094.27	0.7975889210702343
8095.94	0.675280221070234
8097.6	1.056424721070234
8099.27	0.6243115210702339
8100.94	0.734040821070234
8102.61	0.4067825910702341
8104.28	0.6988228210702341
8105.94	0.31683922107023405
8107.61	0.577436521070234
8109.28	0.1449066210702341
8110.95	0.282301821070234
8112.62	-0.189129078929766
8114.28	0.0885931510702342
8115.95	-0.11172467892976581
8117.62	0.3320171210702341
8119.29	0.011042221070234115
8120.96	0.40102222107023405
8122.62	0.24237922107023416
8124.29	0.7042750210702342
8125.96	0.46156432107023415
8127.63	0.8926779210702339
8129.29	0.48311972107023393
8130.96	0.743418421070234
8132.63	0.34434752107023414
8134.3	0.640529221070234
8135.97	0.4519642210702342
8137.63	0.812760621070234
8139.3	0.418335321070234
8140.97	0.527527121070234
8142.64	-0.047450678929765955
8144.31	0.07885682107023402
8145.97	-0.1465527789297659
8147.64	0.34709822107023414
8149.31	0.245319021070234
8150.98	0.760860221070234
8152.65	0.4249301210702341
8154.31	0.5227274210702341
8155.98	-0.0007264289297659321
8157.65	0.14908612107023403
8159.32	-0.10853477892976601
8160.98	0.258079221070234
8162.65	-0.2816067789297661
8164.32	-0.18556077892976605
8165.99	-0.682434778929766
8167.66	-0.3889547789297659
8169.32	-0.458815778929766
8170.99	0.2763377210702339
8172.66	0.38012742107023406
8174.33	1.0099876210702337
8176.0	0.8211102210702341
8177.66	0.9997089210702338
8179.33	0.6659707210702341
8181.0	0.9033058210702339
8182.67	0.464825591070234
8184.33	0.6538489210702341
8186.0	0.21849422107023408
8187.67	0.377197221070234
8189.34	0.04532222107023407
8191.01	0.2699104210702341
8192.67	-0.15499187892976596
8194.34	0.034102621070234006
8196.01	-0.2789387789297658
8197.68	0.014173921070234075
8199.35	-0.08902577892976597
8201.01	0.5770525210702342
8202.68	0.5263022210702342
8204.35	0.935856221070234
8206.02	0.5233942210702341
8207.69	0.5510792210702341
8209.35	0.12069122107023404
8211.02	0.24436022107023395
8212.69	-0.19954177892976585
8214.36	-0.027938778929765908
8216.02	-0.339349778929766
8217.69	0.07935942107023401
8219.36	-0.022227578929765946
8221.03	0.734012521070234
8222.7	0.9200455210702341
8224.36	1.3910292210702337
8226.03	1.2716817210702338
8227.7	1.478470021070234
8229.37	1.066914221070234
8231.04	1.2857122210702339
8232.7	0.7045632210702338
8234.37	0.9052122210702338
8236.04	0.594591521070234
8237.71	0.6922322210702341
8239.38	0.31605552107023405
8241.04	0.6461486210702343
8242.71	0.2867320210702341
8244.38	0.6689232210702339
8246.05	0.306115221070234
8247.71	0.5942222210702341
8249.38	0.27119122107023413
8251.05	0.4248832210702339
8252.72	-0.06816577892976587
8254.39	0.232778221070234
8256.05	-0.16976487892976594
8257.72	0.15490892107023396
8259.39	-0.3282435789297658
8261.06	-0.05952397892976595
8262.73	-0.27802717892976586
8264.39	0.19267442107023397
8266.06	0.10541122107023404
8267.73	0.6792723210702342
8269.4	0.6178392210702343
8271.07	1.273378521070234
8272.73	1.165158621070234
8274.4	1.453375551070234
8276.07	1.222443321070234
8277.74	1.426029321070234
8279.4	1.0529882210702344
8281.07	1.3376170210702338
8282.74	1.0832515210702343
8284.41	1.4151025210702342
8286.08	1.1855449210702342
8287.74	1.2849052210702339
8289.41	0.8730365210702342
8291.08	0.9724596910702342
8292.75	0.4287502210702339
8294.42	0.5974642210702339
8296.08	0.281457821070234
8297.75	0.6433694210702339
8299.42	0.4844534310702341
8301.09	0.895158921070234
8302.76	0.648941321070234
8304.42	1.0148639210702342
8306.09	0.5689801210702341
8307.76	0.7034997210702338
8309.43	0.180074021070234
8311.09	0.18050552107023407
8312.76	-0.30615577892976586
8314.43	-0.15868607892976588
8316.1	-0.298979678929766
8317.77	0.281325221070234
8319.43	0.2797603210702341
8321.1	0.7845395610702339
8322.77	0.6618483210702342
8324.44	0.9278352210702338
8326.11	0.6752325210702341
8327.77	1.025578721070234
8329.44	0.887957951070234
8331.11	1.3213278210702337
8332.78	1.0316219210702342
8334.45	1.1614962210702342
8336.11	0.691299721070234
8337.78	0.666775421070234
8339.45	-0.052185478929765994
8341.12	0.011370061070233995
8342.78	-0.400741978929766
8344.45	-0.08486877892976588
8346.12	-0.15276037892976596
8347.79	0.4789070210702341
8349.46	0.5443124210702341
8351.12	1.115876921070234
8352.79	0.8637079210702339
8354.46	1.0803897210702342
8356.13	0.7900531210702341
8357.8	0.955817421070234
8359.46	0.6120143210702341
8361.13	0.808062821070234
8362.8	0.31435332107023406
8364.47	0.4865851210702341
8366.13	0.016716221070234072
8367.8	0.23287022107023408
8369.47	0.015919221070234045
8371.14	0.2419672210702341
8372.81	-0.030173778929765895
8374.47	0.2142202210702339
8376.14	-0.13885377892976608
8377.81	0.18304612107023416
8379.48	-0.109373778929766
8381.15	0.18832472107023404
8382.81	0.00910222107023415
8384.48	0.279011021070234
8386.15	0.09886292107023405
8387.82	0.5096895210702341
8389.49	0.34668197107023396
8391.15	0.864417221070234
8392.82	0.7612316210702341
8394.49	0.9945955210702341
8396.16	0.6307550210702342
8397.82	0.6329062210702341
8399.49	0.25105122107023414
8401.16	0.586423221070234
8402.83	0.43689322107023393
8404.5	1.0007722210702341
8406.16	0.8860082210702339
8407.83	1.0150232210702341
8409.5	0.530587221070234
8411.17	0.7125132210702342
8412.84	0.44739712107023416
8414.5	0.8253135210702336
8416.17	0.665867521070234
8417.84	0.9321136410702341
8419.51	0.5151210210702339
8421.18	0.6722110210702341
8422.84	0.262547421070234
8424.51	0.5553656210702339
8426.18	0.418078621070234
8427.85	0.7011917241702339
8429.51	0.5084455210702339
8431.18	0.8745212210702341
8432.85	0.49918322107023416
8434.52	0.6481312210702338
8436.19	0.16568582107023405
8437.85	0.09745692107023403
8439.52	-0.4568028789297659
8441.19	-0.3919274789297659
8442.86	-0.638627978929766
8444.53	-0.1606820789297659
8446.19	-0.1929309789297659
8447.86	0.41048028107023404
8449.53	0.504153821070234
8451.2	1.058038221070234
8452.87	0.9037330210702341
8454.53	1.1319438210702342
8456.2	0.7903093210702339
8457.87	0.9714712210702341
8459.54	0.5364488210702342
8461.2	0.6750942210702341
8462.87	0.3412632210702341
8464.54	0.5363632210702339
8466.21	0.15876622107023416
8467.88	0.45112122107023406
8469.54	0.20333522107023402
8471.21	0.657628921070234
8472.88	0.4415509210702339
8474.55	0.5884950210702341
8476.22	0.09814875982023405
8477.88	0.15247552107023393
8479.55	-0.334166778929766
8481.22	-0.07446477892976584
8482.89	-0.22037177892976598
8484.56	0.24234422107023396
8486.22	0.222084221070234
8487.89	0.705606121070234
8489.56	0.5257105210702341
8491.23	0.9210811210702339
8492.89	0.6160631510702341
8494.56	0.8258449210702341
8496.23	0.4820812210702341
8497.9	0.576383221070234
8499.57	0.09973022107023395
8501.23	0.2865462210702341
8502.9	-0.01510697892976598
8504.57	0.3425832210702341
8506.24	0.13364222107023402
8507.91	0.5196492210702341
8509.57	0.24774472107023415
8511.24	0.4442895210702341
8512.91	0.08287342107023395
8514.58	0.2744536210702339
8516.25	0.09587122107023402
8517.91	0.5593605210702338
8519.58	0.475702321070234
8521.25	0.800802771070234
8522.92	0.5646396910702339
8524.58	0.7511281210702341
8526.25	0.39080322107023413
8527.92	0.5444162210702341
8529.59	0.2527382210702342
8531.26	0.539200221070234
8532.92	0.3307548210702341
8534.59	0.582586621070234
8536.26	0.306000121070234
8537.93	0.4895302210702341
8539.6	0.1453195210702341
8541.26	0.30810772107023404
8542.93	-0.012915878929765912
8544.6	0.1945394210702341
8546.27	-0.23682677892976586
8547.93	0.010576621070234004
8549.6	-0.267029778929766
8551.27	0.20650502107023408
8552.94	0.18733222107023423
8554.61	0.7860158210702339
8556.27	0.6273512210702342
8557.94	0.7400802210702341
8559.61	0.07436722107023405
8561.28	0.1798102210702342
8562.95	-0.2076837789297657
8564.61	0.3147352210702338
8566.28	0.2619148210702341
8567.95	0.7843128210702339
8569.62	0.4987552210702342
8571.29	0.623290021070234
8572.95	0.1774198710702341
8574.62	0.338015921070234
8576.29	-0.10121387892976594
8577.96	0.05566832107023405
8579.62	-0.4914717789297661
8581.29	-0.5249797789297659
8582.96	-1.0885067789297662
8584.63	-0.840228778929766
8586.3	-0.8897937789297659
8587.96	-0.2559212789297659
8589.63	-0.14442877892976608
8591.3	0.4465331210702339
8592.97	0.3379074210702341
8594.64	0.6966822010702339
8596.3	0.3651483210702339
8597.97	0.605568621070234
8599.64	0.2007347210702341
8601.31	0.24464792107023406
8602.98	-0.15363887892976602
8604.64	-0.012081878929765954
8606.31	-0.37794965892976606
8607.98	-0.04401707892976603
8609.65	-0.125838778929766
8611.31	0.3444208210702341
8612.98	0.38542812107023394
8614.65	0.8535946210702339
8616.32	0.7091332210702341
8617.99	0.931909221070234
8619.65	0.45271622107023407
8621.32	0.585557221070234
8622.99	0.2664382210702342
8624.66	0.494973221070234
8626.33	0.49077862107023407
8627.99	0.8800110210702341
8629.66	0.6273376210702339
8631.33	0.8581591210702338
8633.0	0.5157586210702341
8634.67	0.7781983210702341
8636.33	0.46804122107023416
8638.0	0.6136113210702339
8639.67	0.36752242107023414
8641.34	0.44584462107023415
8643.0	0.04680472107023399
8644.67	0.2051925210702341
8646.34	0.015893221070234054
8648.01	0.508745621070234
8649.68	0.30813322107023405
8651.34	0.6675418210702341
8653.01	0.35993264107023404
8654.68	0.3818475210702342
8656.35	-0.12297717892976587
8658.02	-0.02145587892976595
8659.68	-0.394192878929766
8661.35	-0.004389278929765927
8663.02	-0.215919778929766
8664.69	0.186036021070234
8666.36	-0.10218377892976585
8668.02	0.053596221070234054
8669.69	-0.273105778929766
8671.36	0.002445221070234016
8673.03	-0.06584977892976593
8674.69	0.391764221070234
8676.36	0.30791642107023404
8678.03	0.760620481070234
8679.7	0.46428322107023395
8681.37	0.5733741210702342
8683.03	0.15221252107023403
8684.7	0.254983321070234
8686.37	0.047400221070234096
8688.04	0.4261462210702341
8689.71	0.362318021070234
8691.37	0.8342751210702339
8693.04	0.5125422210702342
8694.71	0.622054221070234
8696.38	0.1087168210702341
8698.04	0.13682022107023398
8699.71	-0.28842967892976595
8701.38	-0.1727685789297661
8703.05	-0.4925521789297661
8704.72	-0.15922377892976583
8706.38	-0.32821977892976595
8708.05	0.14061502107023405
8709.72	0.13079742107023407
8711.39	0.5990764210702342
8713.06	0.493544791070234
8714.72	0.7181679210702341
8716.39	0.3384846210702341
8718.06	0.5561871210702339
8719.73	0.211376021070234
8721.4	0.5241312910702339
8723.06	0.38585292107023417
8724.73	0.918099321070234
8726.4	0.7081474210702341
8728.07	0.9092375210702341
8729.73	0.308049921070234
8731.4	0.28674062107023407
8733.07	-0.2639081789297659
8734.74	-0.09804517892976587
8736.41	-0.3877477789297659
8738.07	0.1295742210702341
8739.74	-0.12695877892976593
8741.41	0.2573372210702341
8743.08	-0.13832877892976597
8744.75	0.08832022107023403
8746.41	-0.253540778929766
8748.08	0.15666222107023414
8749.75	0.013153221070234044
8751.42	0.5410612210702339
8753.09	0.3158622210702339
8754.75	0.6765002210702339
8756.42	0.21751822107023416
8758.09	0.3111604210702341
8759.76	-0.21141927892976606
8761.42	-0.06869447892976588
8763.09	-0.41778527892976597
8764.76	-0.22601457892976598
8766.43	-0.6540469789297658
8768.1	-0.3781453789297659
8769.76	-0.754539278929766
8771.43	-0.4978231789297659
8773.1	-0.7411167789297659
8774.77	-0.5035247789297659
8776.44	-0.7415777789297662
8778.1	-0.5198507789297659
8779.77	-0.801394778929766
8781.44	-0.3251447789297659
8783.11	-0.3796087789297659
8784.78	0.11867022107023403
8786.44	0.10512722107023395
8788.11	0.6413822210702341
8789.78	0.7617645210702341
8791.45	1.4254361210702342
8793.11	1.4226895210702342
8794.78	1.6965581210702338
8796.45	1.2285527410702342
8798.12	1.0980942210702338
8799.79	0.40614812107023396
8801.45	0.43842512107023407
8803.12	0.02861037107023412
8804.79	0.34472322107023406
8806.46	0.11311302107023406
8808.13	0.453915021070234
8809.79	0.22702622107023407
8811.46	0.5018252210702342
8813.13	0.08065022107023405
8814.8	0.2826932210702342
8816.47	-0.13081377892976592
8818.13	0.3298372210702341
8819.8	0.28627722107023396
8821.47	0.726043221070234
8823.14	0.553708221070234
8824.8	0.7474178510702341
8826.47	0.35827162107023397
8828.14	0.578544921070234
8829.81	0.29106112107023396
8831.48	0.571478221070234
8833.14	0.26162812107023414
8834.81	0.441732607070234
8836.48	0.259175021070234
8838.15	0.5770792210702341
8839.82	0.39619922107023403
8841.48	0.6836312210702339
8843.15	0.293272821070234
8844.82	0.32975222107023405
8846.49	-0.03763777892976594
8848.16	0.25115822107023417
8849.82	0.18419792107023397
8851.49	0.6534964610702342
8853.16	0.3027341210702341
8854.83	0.46706342107023396
8856.49	-0.03241597892976604
8858.16	-0.04260367892976604
8859.83	-0.36935337892976594
8861.5	-0.009855878929766027
8863.17	-0.3513955789297659
8864.83	0.03591462107023417
8866.5	-0.511468278929766
8868.17	-0.42341340692976603
8869.84	-0.704903078929766
8871.51	-0.4488264789297659
8873.17	-0.5701247789297659
8874.84	0.10152822107023396
8876.51	0.008440221070233988
8878.18	0.6038702210702339
8879.84	0.4005082210702341
8881.51	0.7349899210702341
8883.18	0.560833621070234
8884.85	0.844301721070234
8886.52	0.504234711070234
8888.18	0.8797395210702341
8889.85	0.36725382107023397
8891.52	0.402269221070234
8893.19	-0.07457047892976595
8894.86	0.08801812107023403
8896.52	0.053982121070234035
8898.19	0.7750544210702339
8899.86	0.964423421070234
8901.53	1.751945521070234
8903.2	1.404003081070234
8904.86	1.5967540210702338
8906.53	1.215644221070234
8908.2	1.261964321070234
8909.87	0.947465221070234
8911.53	1.186189821070234
8913.2	0.8608466210702339
8914.87	1.1150247210702342
8916.54	0.6345112210702342
8918.21	0.702064861070234
8919.87	0.14873212107023398
8921.54	0.13395172107023404
8923.21	-0.37138797892976594
8924.88	-0.09164657892976587
8926.55	-0.05013627892976604
8928.21	0.6334816210702342
8929.88	0.527000881070234
8931.55	0.6087944210702341
8933.22	-0.018356778929765838
8934.89	-0.1457927789297658
8936.55	-0.6929317789297661
8938.22	-0.38625177892976603
8939.89	-0.21710477892976598
8941.56	0.759324821070234
8943.22	1.0610088210702338
8944.89	1.8695966210702342
8946.56	2.000394621070234
8948.23	2.584947321070234
8949.9	2.3013930210702336
8951.56	2.298033221070234
8953.23	1.6903130210702344
8954.9	1.7125513210702341
8956.57	1.233188621070234
8958.24	1.508052821070234
8959.9	1.227924121070234
8961.57	1.4407461210702341
8963.24	0.9323662210702341
8964.91	0.837653221070234
8966.58	0.17710522107023405
8968.24	0.2592579210702341
8969.91	0.12361212107023398
8971.58	0.5156170210702341
8973.25	0.4461162210702342
8974.91	0.7554522210702339
8976.58	0.43094722107023403
8978.25	0.613319221070234
8979.92	0.26494322107023394
8981.59	0.5314290210702339
8983.25	0.387633221070234
8984.92	0.6161522210702342
8986.59	0.08769522107023411
8988.26	0.010729221070233974
8989.93	-0.44530577892976586
8991.59	-0.27027177892976584
8993.26	-0.49961287892976597
8994.93	-0.05623557892976594
8996.6	-0.29159217892976586
8998.27	0.07017712107023395
8999.93	-0.17242057892976584
9001.6	0.28143792107023397
9003.27	0.283814021070234
9004.94	0.8088344210702341
9006.6	0.6303851210702339
9008.27	0.952078921070234
9009.94	0.642963421070234
9011.61	0.9544172210702339
9013.28	0.7560915210702339
9014.94	1.0944621210702343
9016.61	0.650947221070234
9018.28	0.7493722210702339
9019.95	0.302662821070234
9021.62	0.34275696107023396
9023.28	0.008003221070234056
9024.95	0.27699422107023414
9026.62	0.0398492210702341
9028.29	0.5244892210702341
9029.96	0.2553842210702339
9031.62	0.6527091210702342
9033.29	0.1777692210702341
9034.96	0.16339422107023416
9036.63	-0.27951377892976603
9038.29	-0.022693778929765828
9039.96	-0.17662927892976596
9041.63	0.383688421070234
9043.3	0.287425921070234
9044.97	0.879011421070234
9046.63	0.553594421070234
9048.3	0.7357153210702341
9049.97	0.4675644210702341
9051.64	0.610649221070234
9053.31	0.2528503210702341
9054.97	0.4367953210702341
9056.64	0.1618809210702341
9058.31	0.634730821070234
9059.98	0.6552952210702341
9061.64	1.1506006210702338
9063.31	1.088861881070234
9064.98	1.402287021070234
9066.65	0.869394021070234
9068.32	0.8175032210702341
9069.98	0.09325722107023408
9071.65	0.17310992107023399
9073.32	-0.328156778929766
9074.99	-0.08272697892976599
9076.66	-0.41683637892976594
9078.32	-0.12084370892976586
9079.99	-0.29662577892976594
9081.66	0.26950472107023404
9083.33	0.2084172210702341
9085.0	0.7599187210702342
9086.66	0.4103064210702341
9088.33	0.5733009210702341
9090.0	0.12903522107023413
9091.67	0.353960221070234
9093.33	0.05182322107023407
9095.0	0.37212152107023394
9096.67	0.2588062210702341
9098.34	0.570666521070234
9100.01	0.31905742107023394
9101.67	0.7463274210702341
9103.34	0.5950230210702341
9105.01	1.314524321070234
9106.68	1.383085381070234
9108.35	1.7926765210702342
9110.01	1.511399021070234
9111.68	1.414938321070234
9113.35	0.575832221070234
9115.02	0.388907421070234
9116.69	-0.2922838789297659
9118.35	0.041293121070234085
9120.02	-0.0008537789297661025
9121.69	0.655551221070234
9123.36	0.8339292210702339
9125.02	1.6216544210702337
9126.69	1.407045221070234
9128.36	1.6661412210702342
9130.03	0.9642602210702342
9131.7	0.8309042210702341
9133.36	0.13329222107023417
9135.03	0.2513582210702341
9136.7	-0.17549777892976604
9138.37	0.253924421070234
9140.04	-0.08270867892976597
9141.7	0.41138842107023416
9143.37	0.29893722107023385
9145.04	0.692190221070234
9146.71	0.5101763210702341
9148.38	0.898383021070234
9150.04	0.759552181070234
9151.71	1.1077849210702344
9153.38	0.7762799210702339
9155.05	1.081102021070234
9156.71	0.7840785210702341
9158.38	0.9209392210702341
9160.05	0.748971121070234
9161.72	1.171090521070234
9163.39	0.950737021070234
9165.05	1.122266521070234
9166.72	0.6133992210702341
9168.39	0.7213552210702341
9170.06	0.2669442210702341
9171.73	0.5437341210702342
9173.39	0.2658408210702339
9175.06	0.6715112210702341
9176.73	0.40046722107023414
9178.4	0.6662202210702342
9180.07	0.36035492107023415
9181.73	0.7277844210702341
9183.4	0.23432042107023393
9185.07	0.47031992107023407
9186.74	0.018927121070234067
9188.4	0.26605219107023415
9190.07	0.016638821070234046
9191.74	0.566295821070234
9193.41	0.5460373210702341
9195.08	1.0869822210702338
9196.74	0.8175862210702339
9198.41	1.0435142210702342
9200.08	0.5488252210702341
9201.75	0.7110173210702342
9203.42	0.24435672107023404
9205.08	0.4286671210702342
9206.75	-0.02224047892976606
9208.42	0.09946512107023406
9210.09	-0.25794807892976596
9211.76	0.014619221070234056
9213.42	-0.13126227892976602
9215.09	0.34597352107023405
9216.76	0.10701593407023405
9218.43	0.4801449610702341
9220.09	0.26997292107023396
9221.76	0.670422621070234
9223.43	0.49905422107023406
9225.1	0.6929172210702338
9226.77	0.3259982210702341
9228.43	0.4527892210702339
9230.1	-0.03841577892976589
9231.77	0.4212092210702343
9233.44	0.3173722210702341
9235.11	0.8558532210702342
9236.77	0.789845221070234
9238.44	0.9624582210702339
9240.11	0.5044722210702339
9241.78	0.663930921070234
9243.44	0.1877301210702341
9245.11	0.6905896210702339
9246.78	0.6081225210702342
9248.45	1.032320211070234
9250.12	0.778293921070234
9251.78	0.9827772210702339
9253.45	0.2923022210702342
9255.12	0.36698222107023415
9256.79	0.024612321070234124
9258.46	0.38567572107023407
9260.12	0.22949742107023408
9261.79	0.545339221070234
9263.46	0.1030939210702341
9265.13	0.30018312107023387
9266.8	-0.15553477892976594
9268.46	0.10222982107023407
9270.13	-0.010768678929765896
9271.8	0.458708921070234
9273.47	0.5015332210702341
9275.13	1.121925521070234
9276.8	0.9674452210702341
9278.47	1.1803590210702342
9280.14	0.663267221070234
9281.81	0.644313221070234
9283.47	0.2916614210702341
9285.14	0.648047421070234
9286.81	0.540026521070234
9288.48	1.024204121070234
9290.15	0.6138202210702339
9291.81	0.6025542210702339
9293.48	0.12700922107023405
9295.15	0.36615622107023404
9296.82	0.2569072210702339
9298.49	0.771637221070234
9300.15	0.407159221070234
9301.82	0.588514121070234
9303.49	0.266960221070234
9305.16	0.586201121070234
9306.82	0.511154221070234
9308.49	1.042104321070234
9310.16	0.773925021070234
9311.83	0.9238727210702342
9313.5	0.26567122107023416
9315.16	0.16987232107023406
9316.83	-0.153261578929766
9318.5	0.17141232107023402
9320.17	-0.09542027892976575
9321.84	0.21495952107023403
9323.5	-0.1862074789297659
9325.17	-0.20282007892976597
9326.84	-0.5108157789297658
9328.51	-0.24319647892976598
9330.18	-0.45044557892976594
9331.84	0.07248222107023405
9333.51	0.03059522107023409
9335.18	0.4649682210702341
9336.85	0.3596284210702342
9338.51	0.601942521070234
9340.18	0.20122012107023401
9341.85	0.37901452107023414
9343.52	-0.027196778929765974
9345.19	0.338464221070234
9346.85	0.49940532107023383
9348.52	1.026309221070234
9350.19	0.990047221070234
9351.86	1.188231421070234
9353.53	0.6420839510702341
9355.19	0.658429121070234
9356.86	0.2899326210702341
9358.53	0.654427421070234
9360.2	0.7543542010702341
9361.87	1.118160101070234
9363.53	0.9981074210702342
9365.2	1.111718321070234
9366.87	0.43849422107023417
9368.54	0.28840522107023414
9370.2	-0.4916607789297659
9371.87	-0.5653507789297659
9373.54	-0.8935937789297658
9375.21	-0.8019118789297659
9376.88	-1.0969564789297659
9378.54	-0.7844351789297659
9380.21	-0.9334822789297659
9381.88	-0.45805627892976586
9383.55	-0.48549227892976593
9385.22	-0.09170023892976605
9386.88	-0.1273269789297661
9388.55	0.14643882107023404
9390.22	-0.08907147892976593
9391.89	0.16525542107023417
9393.56	0.10687992107023407
9395.22	0.4118862210702341
9396.89	0.08068111107023404
9398.56	0.06749542107023405
9400.23	-0.527625678929766
9401.89	-0.388630478929766
9403.56	-0.7921310789297661
9405.23	-0.4681037789297659
9406.9	-0.499475778929766
9408.57	0.06816472107023404
9410.23	0.06648022107023413
9411.9	0.7279793210702339
9413.57	0.673042221070234
9415.24	1.275277921070234
9416.91	1.159117221070234
9418.57	1.379407221070234
9420.24	0.8486172210702343
9421.91	0.8074112210702339
9423.58	0.06452402107023399
9425.24	0.16919192107023417
9426.91	-0.07148487892976592
9428.58	0.3474849210702341
9430.25	0.408579221070234
9431.92	0.8802655510702341
9433.58	0.5924687210702339
9435.25	0.7587649210702342
9436.92	0.16015972107023396
9438.59	0.20634172107023394
9440.26	-0.17512647892976588
9441.92	0.05384152107023392
9443.59	-0.22272677892976583
9445.26	0.23477922107023388
9446.93	0.10546822107023401
9448.6	0.5993257210702341
9450.26	0.4717086210702339
9451.93	0.844407921070234
9453.6	0.459757221070234
9455.27	0.5813394010702341
9456.93	0.12393412107023387
9458.6	0.31348062107023406
9460.27	-0.0023102789297660296
9461.94	0.2762702210702339
9463.61	-0.22342497892976593
9465.27	-0.023283778929766054
9466.94	-0.631786778929766
9468.61	-0.676207778929766
9470.28	-0.9496471789297661
9471.95	-0.6022585789297661
9473.61	-0.6336129789297658
9475.28	0.0529348210702341
9476.95	-0.03197377892976587
9478.62	0.5261454210702341
9480.29	0.29019212107023407
9481.95	0.5010250210702341
9483.62	0.14031912107023392
9485.29	0.5406423210702342
9486.96	0.25255492107023403
9488.62	0.5323403210702341
9490.29	0.10609422107023399
9491.96	0.3357282210702339
9493.63	-0.038721778929766026
9495.3	0.30410922107023414
9496.96	0.14529322107023396
9498.63	0.785339241070234
9500.3	0.773214221070234
9501.97	1.343227821070234
9503.64	1.123636621070234
9505.3	1.536025921070234
9506.97	1.416187901070234
9508.64	1.721990821070234
9510.31	1.101053721070234
9511.98	1.0454242210702342
9513.64	0.3149492210702341
9515.31	0.2666996210702341
9516.98	-0.191692278929766
9518.65	0.09534518107023393
9520.31	0.12673642107023403
9521.98	0.886143421070234
9523.65	0.8364450210702341
9525.32	1.260701021070234
9526.99	1.097658221070234
9528.65	1.2952712210702342
9530.32	0.7227352210702342
9531.99	0.824968901070234
9533.66	0.5100125710702341
9535.33	0.889726321070234
9536.99	0.754674821070234
9538.66	1.2030326210702342
9540.33	0.8203443210702337
9542.0	1.0013655510702342
9543.67	0.369966221070234
9545.33	0.596024621070234
9547.0	0.2883916210702341
9548.67	0.560971501070234
9550.34	0.22976162107023418
9552.0	0.6903582210702341
9553.67	0.391358121070234
9555.34	0.614301421070234
9557.01	0.17953082107023394
9558.68	0.39250522107023406
9560.34	0.038982721070234
9562.01	0.18335092107023399
9563.68	-0.364597778929766
9565.35	-0.10557077892976588
9567.02	-0.444700778929766
9568.68	-0.10323077892976591
9570.35	-0.23400997892976605
9572.02	0.1924542210702341
9573.69	0.19794072107023405
9575.35	0.8604107210702339
9577.02	0.7630271210702341
9578.69	1.373004221070234
9580.36	1.186432221070234
9582.03	1.489935221070234
9583.69	1.0584025210702341
9585.36	1.1398750210702342
9587.03	0.768630821070234
9588.7	1.117725921070234
9590.37	0.873400021070234
9592.03	1.0264360210702341
9593.7	0.7042928210702339
9595.37	0.900959821070234
9597.04	0.582558721070234
9598.71	1.2738801210702342
9600.37	1.194929131070234
9602.04	1.5505778210702341
9603.71	1.0267139210702338
9605.38	0.6245489210702342
9607.04	-0.28168877892976607
9608.71	-0.4654191989297661
9610.38	-0.8681219789297661
9612.05	-0.2582794789297659
9613.72	-0.11267977892976573
9615.38	0.26207452107023405
9617.05	-0.12450947892976594
9618.72	-0.07978807892976598
9620.39	-0.5940079789297659
9622.06	-0.530601578929766
9623.72	-0.7121628889297659
9625.39	-0.5692910789297659
9627.06	-0.6538245789297659
9628.73	-0.3394797789297659
9630.4	-0.3367857789297659
9632.06	0.43507052107023403
9633.73	0.583439321070234
9635.4	0.979420121070234
9637.07	0.7680506210702341
9638.73	0.9901773310702339
9640.4	0.8703801210702341
9642.07	1.272405121070234
9643.74	1.2493202210702339
9645.41	1.5693810210702341
9647.07	1.153534221070234
9648.74	1.092164421070234
9650.41	0.200185191070234
9652.08	0.19990335107023394
9653.75	-0.143959678929766
9655.41	0.17912632107023407
9657.08	0.21486992107023398
9658.75	1.036393521070234
9660.42	1.251530421070234
9662.09	1.9777800210702339
9663.75	1.8583231210702345
9665.42	1.8513485310702342
9667.09	1.229258221070234
9668.76	1.1505086210702342
9670.42	0.35073422107023405
9672.09	0.38506492107023405
9673.76	-0.04198347892976595
9675.43	0.148261411070234
9677.1	0.009858721070234
9678.76	0.25854812107023406
9680.43	0.022399821070234038
9682.1	0.39311302107023394
9683.77	0.31331582107023404
9685.44	0.728949521070234
9687.1	0.5876730210702339
9688.77	1.0789756210702341
9690.44	0.8393680210702342
9692.11	1.1993467210702338
9693.78	0.8388439210702338
9695.44	0.945536921070234
9697.11	0.5626046610702339
9698.78	0.598180241070234
9700.45	0.1714167210702342
9702.11	0.422279821070234
9703.78	0.070504721070234
9705.45	0.5964099210702342
9707.12	0.3509467210702339
9708.79	0.6708243910702341
9710.45	0.271894021070234
9712.12	0.4312323210702339
9713.79	-0.013502678929766043
9715.46	0.23929202107023412
9717.13	-0.16175837892976594
9718.79	0.23919422107023403
9720.46	-0.031116778929766074
9722.13	0.28505922107023407
9723.8	-0.11926777892976603
9725.47	0.18227122107023425
9727.13	-0.15409077892976586
9728.8	0.2621272210702339
9730.47	0.0760972210702339
9732.14	0.4346418210702342
9733.8	0.06131442107023406
9735.47	0.18118882107023387
9737.14	-0.27997167892976604
9738.81	-0.03170387892976585
9740.48	-0.150696678929766
9742.14	0.5045268810702341
9743.81	0.5239870210702341
9745.48	1.171483821070234
9747.15	1.185175806070234
9748.82	1.5222154210702339
9750.48	1.2482676210702341
9752.15	1.3429415210702342
9753.82	0.582176221070234
9755.49	0.4892431210702341
9757.15	-0.38111687892976603
9758.82	-0.32979787892976603
9760.49	-0.538282778929766
9762.16	0.05189202107023405
9763.83	0.3584166210702341
9765.49	1.221207721070234
9767.16	1.3343831210702342
9768.83	1.8686289010702342
9770.5	1.5016285210702338
9772.17	1.559920821070234
9773.83	0.822304421070234
9775.5	0.675935321070234
9777.17	0.18560222107023402
9778.84	0.41825542107023417
9780.51	0.312931221070234
9782.17	0.9963850210702343
9783.84	1.0566433210702337
9785.51	1.436696221070234
9787.18	1.0022572210702339
9788.84	0.9307962210702343
9790.51	0.335458521070234
9792.18	0.4738559210702341
9793.85	0.1923022210702341
9795.52	0.7034732210702341
9797.18	0.5850062210702341
9798.85	1.004143221070234
9800.52	0.7555562210702341
9802.19	1.0199942210702342
9803.86	0.6976192210702341
9805.52	0.916627721070234
9807.19	0.6166599210702339
9808.86	0.709432821070234
9810.53	0.27408932107023387
9812.2	0.391315221070234
9813.86	-0.20510987892976593
9815.53	-0.014575558929766008
9817.2	-0.23371997892976587
9818.87	0.112974321070234
9820.53	0.132249221070234
9822.2	0.49937962107023387
9823.87	0.3129925210702339
9825.54	0.7495773210702339
9827.21	0.719373611070234
9828.87	1.2632151210702343
9830.54	1.2477730210702345
9832.21	1.3522509210702343
9833.88	0.7537492210702342
9835.55	0.7014132210702344
9837.21	0.204602221070234
9838.88	0.42446722107023405
9840.55	0.26196722107023396
9842.22	0.589222021070234
9843.89	0.2989087210702341
9845.55	0.5397095210702341
9847.22	0.253055921070234
9848.89	0.6406774210702341
9850.56	0.5585198210702341
9852.22	1.002524421070234
9853.89	0.9068758210702341
9855.56	1.3512531210702339
9857.23	1.118006571070234
9858.9	1.365203221070234
9860.56	0.820510221070234
9862.23	0.757869221070234
9863.9	0.12024922107023403
9865.57	0.011282221070234045
9867.24	-0.521608778929766
9868.9	-0.508173778929766
9870.57	-0.9228887789297661
9872.24	-0.5126337789297659
9873.91	-0.4981857789297659
9875.58	0.3466662210702341
9877.24	0.7837482210702341
9878.91	1.583472221070234
9880.58	1.6114162210702339
9882.25	1.9101072210702341
9883.91	1.347589221070234
9885.58	1.483667821070234
9887.25	1.0985412210702339
9888.92	1.4579189210702341
9890.59	1.2508590010702343
9892.25	1.676915021070234
9893.92	1.2700492210702339
9895.59	1.4138631210702342
9897.26	0.8912623210702341
9898.93	1.0858302210702342
9900.59	0.718711221070234
9902.26	1.1155650210702341
9903.93	0.7222066210702341
9905.6	0.984523391070234
9907.27	0.5710109210702341
9908.93	0.7502402210702341
9910.6	0.3948882210702339
9912.27	0.6357613210702343
9913.94	0.3449042210702341
9915.6	0.476785221070234
9917.27	0.041678621070234144
9918.94	0.307589421070234
9920.61	0.06368252107023395
9922.28	0.6207048210702341
9923.94	0.6165529210702341
9925.61	1.075626021070234
9927.28	0.7694398210702341
9928.95	0.6190328610702339
9930.62	-0.16169207892976606
9932.28	-0.1671264789297661
9933.95	-0.5891244789297659
9935.62	-0.05981127892976592
9937.29	0.11178212107023393
9938.95	0.9097904210702339
9940.62	0.9351610110702341
9942.29	1.2118692210702338
9943.96	0.8866092210702341
9945.63	1.1458022210702339
9947.29	0.8680009210702341
9948.96	1.138319721070234
9950.63	0.8652302210702342
9952.3	1.1314212210702341
9953.97	0.937616221070234
9955.63	1.238665221070234
9957.3	1.089324621070234
9958.97	1.570042161070234
9960.64	1.330759621070234
9962.31	1.6332401210702336
9963.97	1.363712521070234
9965.64	1.533697751070234
9967.31	1.280151621070234
9968.98	1.547172321070234
9970.64	1.211492421070234
9972.31	1.332359221070234
9973.98	0.6297582210702338
9975.65	0.5942267210702342
9977.32	-0.05452567892976599
9978.98	0.03676071107023415
9980.65	-0.1647349789297659
9982.32	0.15496702107023413
9983.99	-0.001174938929766034
9985.66	0.13463592107023398
9987.32	-0.4484102289297661
9988.99	-0.062117478929766004
9990.66	-0.375623878929766
9992.33	0.13930232107023413
9994.0	0.0029872210702339697
9995.66	0.2956932210702341
9997.33	0.08429112107023404
9999.0	0.49082702107023407
10000.7	0.3759604210702341
10002.3	0.9704796210702339
10004.0	0.605982861070234
10005.7	0.5792760210702339
10007.3	-0.2969719789297659
10009.0	-0.33899047892976597
10010.7	-0.6704508789297658
10012.3	-0.23812577892976589
10014.0	-0.15919477892976594
10015.7	0.19551522107023406
10017.3	0.005388221070233934
10019.0	0.3438032210702341
10020.7	-0.103717778929766
10022.3	0.4124102210702342
10024.0	0.3442832210702343
10025.7	0.6195242210702343
10027.4	0.447020221070234
10029.0	0.6382192210702342
10030.7	0.42333322107023397
10032.4	0.805492221070234
10034.0	0.528648121070234
10035.7	0.8702930210702341
10037.4	0.6841797210702338
10039.0	1.0968631210702342
10040.7	0.8689492210702341
10042.4	1.117271221070234
10044.0	0.8779994210702341
10045.7	1.1571597210702342
10047.4	0.6051962210702341
10049.0	0.6252612210702339
10050.7	0.14317022107023397
10052.4	0.26748752107023405
10054.0	0.01659822107023401
10055.7	0.49767112107023415
10057.4	0.494633221070234
10059.0	1.136732221070234
10060.7	0.7243962210702339
10062.4	0.808290221070234
10064.0	0.42630422107023414
10065.7	0.6945262210702341
10067.4	0.428865921070234
10069.1	0.9495889210702343
10070.7	0.677753831070234
10072.4	0.7326989610702341
10074.1	0.20581522107023412
10075.7	0.332379221070234
10077.4	0.26883922107023406
10079.1	0.927051221070234
10080.7	0.9039109210702339
10082.4	1.462678121070234
10084.1	1.207691221070234
10085.7	1.2822722210702338
10087.4	0.894582821070234
10089.1	0.8718794210702342
10090.7	0.518394321070234
10092.4	0.6932560210702341
10094.1	0.148888421070234
10095.7	0.31805162107023405
10097.4	-0.2778707789297658
10099.1	-0.12583277892976605
10100.7	-0.521794778929766
10102.4	-0.24435277892976578
10104.1	-0.21194867892976585
10105.7	0.6851122210702342
10107.4	0.7958445210702342
10109.1	1.5202702210702341
10110.7	1.297269661070234
10112.4	1.658015921070234
10114.1	1.0679290210702341
10115.8	0.908778221070234
10117.4	0.1985832210702342
10119.1	0.3027932210702341
10120.8	-0.11285577892976587
10122.4	0.07813772107023395
10124.1	-0.22065447892976592
10125.8	0.24028645107023405
10127.4	0.15514422107023407
10129.1	0.8301882210702342
10130.8	0.8910912210702339
10132.4	1.4939829210702342
10134.1	1.237828481070234
10135.8	1.161042621070234
10137.4	0.37094812107023406
10139.1	0.01840142107023395
10140.8	-1.032975778929766
10142.4	-1.114964178929766
10144.1	-1.600795778929766
10145.8	-1.0717097789297658
10147.4	-0.701172678929766
10149.1	0.18401972107023418
10150.8	0.41796622107023407
10152.4	1.0760487210702339
10154.1	0.628459721070234
10155.8	0.6993801210702341
10157.4	0.225845521070234
10159.1	0.483691821070234
10160.8	0.318220721070234
10162.5	0.6584620210702339
10164.1	0.367730221070234
10165.8	0.595700221070234
10167.5	0.2858970210702341
10169.1	0.30042882107023405
10170.8	-0.2208747789297659
10172.5	0.07138822107023408
10174.1	-0.3397807789297659
10175.8	-0.1827167789297659
10177.5	-0.446794678929766
10179.1	-0.10737467892976596
10180.8	-0.06928707892976597
10182.5	0.5421125210702341
10184.1	0.43026872107023395
10185.8	0.8413952210702341
10187.5	0.400523021070234
10189.1	0.4830742210702342
10190.8	-0.1343957789297659
10192.5	0.043152221070234156
10194.1	-0.08446117892976587
10195.8	0.39943502107023404
10197.5	0.29671762107023414
10199.1	0.6162301910702339
10200.8	0.16959132107023406
10202.5	0.33099532107023394
10204.1	-0.10659697892976605
10205.8	0.260527221070234
10207.5	0.425642221070234
10209.2	1.3328699210702344
10210.8	1.6444725210702338
10212.5	2.253402221070234
10214.2	2.1567395210702345
10215.8	2.214527421070234
10217.5	1.6183439110702338
10219.2	1.379749911070234
10220.8	0.764128721070234
10222.5	1.025479721070234
10224.2	0.7451889210702343
10225.8	0.910676421070234
10227.5	0.502166321070234
10229.2	0.491056421070234
10230.8	0.07420822107023409
10232.5	0.11840722107023409
10234.2	-0.29381117892976605
10235.8	0.20385752107023403
10237.5	0.04427902107023396
10239.2	0.5153026210702341
10240.8	0.304430100070234
10242.5	0.8126572210702342
10244.2	0.4843992210702341
10245.8	0.6117851210702342
10247.5	0.052893721070234004
10249.2	0.08617992107023405
10250.9	-0.19660277892976602
10252.5	0.33103172107023404
10254.2	0.3157453210702341
10255.9	0.934532021070234
10257.5	0.731501621070234
10259.2	0.881057921070234
10260.9	0.539490221070234
10262.5	0.7222962210702342
10264.2	0.6804662210702339
10265.9	1.4598321210702339
10267.5	1.652246721070234
10269.2	2.2905218210702336
10270.9	1.8849150210702341
10272.5	1.8948522210702343
10274.2	1.2724752210702341
10275.9	1.338757221070234
10277.5	0.8938642210702341
10279.2	1.2294252210702339
10280.9	0.7198345210702339
10282.5	0.8787713210702339
10284.2	0.14256722107023392
10285.9	0.24499322107023408
10287.5	0.04107622107023412
10289.2	0.749897221070234
10290.9	0.8310191210702342
10292.5	1.383157421070234
10294.2	1.108178021070234
10295.9	1.1700742210702344
10297.6	0.42858322107023394
10299.2	0.35538152107023396
10300.9	-0.0277466789297661
10302.6	0.4932540210702343
10304.2	0.330379021070234
10305.9	0.8500466210702342
10307.6	0.7190672210702339
10309.2	1.2093559210702343
10310.9	1.100914221070234
10312.6	1.681385221070234
10314.2	1.642891621070234
10315.9	2.084086271070234
10317.6	1.5146142010702337
10319.2	1.360038721070234
10320.9	0.43181722107023407
10322.6	0.17065422107023406
10324.2	-0.48311877892976585
10325.9	-0.22814077892976597
10327.6	-0.18494877892976605
10329.2	0.5492382210702342
10330.9	0.6254485210702342
10332.6	1.0301242210702342
10334.2	0.5575478210702339
10335.9	0.599147321070234
10337.6	0.18972762107023405
10339.2	0.5031786210702341
10340.9	0.5384392210702341
10342.6	1.264295221070234
10344.3	1.133043621070234
10345.9	1.475159921070234
10347.6	1.089829221070234
10349.3	1.2573242210702338
10350.9	0.7985115910702341
10352.6	0.7610565210702338
10354.3	0.20798622107023398
10355.9	0.34114832107023396
10357.6	-0.059432078929766076
10359.3	0.06042992107023393
10360.9	-0.14111127892976588
10362.6	0.422188421070234
10364.3	0.4618397210702341
10365.9	1.068215421070234
10367.6	1.222047321070234
10369.3	1.762702621070234
10370.9	1.736122721070234
10372.6	1.799310921070234
10374.3	1.2235018210702342
10375.9	1.202816021070234
10377.6	0.471519691070234
10379.3	0.4718087910702341
10380.9	-0.010100478929765889
10382.6	0.2973619210702341
10384.3	0.08748022107023408
10385.9	0.4010978910702339
10387.6	0.07412762107023414
10389.3	0.30106722107023404
10391.0	-0.38401957892976596
10392.6	-0.1390367789297659
10394.3	-0.32767517892976594
10396.0	0.1332865210702341
10397.6	0.227880621070234
10399.3	0.8860412210702343
10401.0	0.8241052210702339
10402.6	1.2680958210702342
10404.3	0.7141292210702339
10406.0	0.582006121070234
10407.6	0.13516922107023407
10409.3	0.11894382107023405
10411.0	0.06426502107023406
10412.6	0.8059852210702342
10414.3	1.0312492210702338
10416.0	1.6860132210702339
10417.6	1.432627221070234
10419.3	1.304616721070234
10421.0	0.5698388210702341
10422.6	0.4413449210702338
10424.3	-0.046275778929766045
10426.0	0.474861521070234
10427.6	0.627174521070234
10429.3	1.270544221070234
10431.0	1.3106522210702338
10432.7	1.753161721070234
10434.3	1.5098147210702342
10436.0	1.788796821070234
10437.7	1.4896102210702342
10439.3	1.9149002210702342
10441.0	1.6231882210702342
10442.7	1.8238114210702334
10444.3	1.4110103210702338
10446.0	1.6148352210702335
10447.7	1.2827160210702342
10449.3	1.0333972210702342
10451.0	0.2366062210702339
10452.7	0.09706772107023398
10454.3	-0.7939369789297659
10456.0	-0.827634678929766
10457.7	-1.078245978929766
10459.3	-0.6311507789297659
10461.0	-0.2947207789297659
10462.7	0.28498422107023424
10464.3	0.22325922107023413
10466.0	0.7117365210702342
10467.7	0.323207121070234
10469.3	0.33716992107023397
10471.0	-0.09729827892976592
10472.7	-0.056195378929766095
10474.3	-0.35172157892976574
10476.0	0.10150834107023399
10477.7	-0.17857327892976596
10479.4	0.2603705210702342
10481.0	-0.02216727892976591
10482.7	0.22890392107023402
10484.4	-0.06319224892976587
10486.0	0.2840868210702341
10487.7	0.04034462107023411
10489.4	0.6312739210702342
10491.0	0.4262143210702341
10492.7	0.7541652210702341
10494.4	0.355551621070234
10496.0	0.29535842107023413
10497.7	-0.3887545789297659
10499.4	-0.20767322892976575
10501.0	-0.366394478929766
10502.7	0.328056321070234
10504.4	0.4173845210702341
10506.0	0.8962018210702342
10507.7	0.5500122210702341
10509.4	0.6672642210702339
10511.0	0.06399122107023394
10512.7	0.3155716210702341
10514.4	0.13148812107023405
10516.0	0.6282975510702339
10517.7	0.45143532107023415
10519.4	0.7789445210702342
10521.0	0.390331921070234
10522.7	0.6166860210702341
10524.4	0.38423802107023397
10526.1	0.6735558210702343
10527.7	0.3779591210702341
10529.4	0.540273221070234
10531.1	-0.031554178929765794
10532.7	-0.04073107892976609
10534.4	-0.4307483789297658
10536.1	-0.29585677892976603
10537.7	-0.2761117789297658
10539.4	0.24353522107023418
10541.1	0.11701822107023378
10542.7	0.483167221070234
10544.4	0.19084122107023407
10546.1	0.5042242210702341
10547.7	0.5330004210702342
10549.4	1.023555021070234
10551.1	1.095154221070234
10552.7	1.451621221070234
10554.4	1.0827584210702337
10556.1	1.2421877210702341
10557.7	0.9455612210702341
10559.4	1.445417021070234
10561.1	1.4387534210702342
10562.7	1.838856921070234
10564.4	1.6172542210702339
10566.1	1.795572221070234
10567.7	1.414270221070234
10569.4	1.6634862210702337
10571.1	1.0762463210702342
10572.8	0.8403312210702341
10574.4	-0.38653877892976596
10576.1	-1.162499478929766
10577.8	-2.3483507789297664
10579.4	-2.3231587789297663
10581.1	-2.385904778929766
10582.8	-1.444217678929766
10584.4	-0.6964857789297659
10586.1	0.548169221070234
10587.8	0.9104842210702341
10589.4	1.218838521070234
10591.1	0.6419098210702341
10592.8	0.6787973210702342
10594.4	0.0006102210702340294
10596.1	0.23048982107023389
10597.8	0.20715076107023397
10599.4	0.6995565210702341
10601.1	0.7601241210702341
10602.8	1.009863221070234
10604.4	0.769329221070234
10606.1	1.1699447210702338
10607.8	0.8287465410702339
10609.4	1.1388061210702343
10611.1	0.964613821070234
10612.8	1.3335398210702345
10614.5	1.2677832210702338
10616.1	1.516758221070234
10617.8	1.268001221070234
10619.5	1.475121421070234
10621.1	1.228887481070234
10622.8	1.6860287210702338
10624.5	1.5398180210702341
10626.1	1.7002752210702337
10627.8	1.215980821070234
10629.5	1.143005221070234
10631.1	0.5201324610702341
10632.8	0.6793498010702341
10634.5	0.301711521070234
10636.1	0.607828221070234
10637.8	0.27533622107023403
10639.5	0.2627427210702339
10641.1	-0.43345797892976606
10642.8	-0.40696907892976597
10644.5	-0.8742449789297659
10646.1	-0.572417178929766
10647.8	-0.36576247892976593
10649.5	0.584144821070234
10651.1	0.812129221070234
10652.8	1.5336144210702343
10654.5	1.364676531070234
10656.1	1.4013588510702342
10657.8	1.068683221070234
10659.5	1.1872908210702342
10661.2	0.7632403210702341
10662.8	0.8855062210702339
10664.5	0.023429321070233877
10666.2	-0.10721947892976598
10667.8	-0.27750297892976594
10669.5	0.07402302107023391
10671.2	0.27745792107023404
10672.8	0.9567152210702339
10674.5	1.128788673070234
10676.2	1.664795421070234
10677.8	1.605896221070234
10679.5	2.0838839710702337
10681.2	2.0941582210702334
10682.8	2.231113221070234
10684.5	2.038721921070234
10686.2	1.8783102210702338
10687.8	1.4508351210702344
10689.5	1.428489731070234
10691.2	0.7823471510702342
10692.8	1.0165352210702339
10694.5	0.758645401070234
10696.2	0.9142578610702341
10697.8	0.8473601210702342
10699.5	1.0845152210702342
10701.2	0.6317194210702339
10702.8	0.612165221070234
10704.5	-0.008203578929765865
10706.2	0.26232412107023395
10707.9	0.07903942107023401
10709.5	0.588444421070234
10711.2	0.4505834210702341
10712.9	0.9415412210702341
10714.5	0.5162592210702343
10716.2	0.673651221070234
10717.9	0.21576422107023405
10719.5	0.46301222107023426
10721.2	0.007151221070234115
10722.9	-0.0893617789297659
10724.5	-0.799624778929766
10726.2	-0.6401597789297659
10727.9	-0.7839128789297661
10729.5	0.2806289210702341
10731.2	0.683064221070234
10732.9	1.510484021070234
10734.5	1.4164542210702344
10736.2	1.3117202210702341
10737.9	0.701015121070234
10739.5	0.6502862210702343
10741.2	0.4213402210702341
10742.9	0.9985616110702342
10744.5	1.0564900210702342
10746.2	1.6297452210702343
10747.9	1.6320764210702339
10749.5	2.057774721070234
10751.2	1.931583421070234
10752.9	2.032488421070234
10754.6	1.3877295210702343
10756.2	1.208737911070234
10757.9	0.5254148210702342
10759.6	0.4409954210702341
10761.2	-0.0319517789297659
10762.9	0.34663048107023403
10764.6	0.22928202107023413
10766.2	0.7653692210702342
10767.9	0.810149421070234
10769.6	1.2189202210702341
10771.2	1.1151632210702338
10772.9	1.4212863210702342
10774.6	1.0117972210702342
10776.2	1.2709562210702343
10777.9	0.9156123210702344
10779.6	0.8202919210702341
10781.2	0.24051722107023413
10782.9	0.07745122107023401
10784.6	-0.41224177892976605
10786.2	-0.12482677892976608
10787.9	-0.1945211789297659
10789.6	0.34954996107023406
10791.2	0.559339821070234
10792.9	1.069034421070234
10794.6	0.783605721070234
10796.3	0.9645225210702343
10797.9	0.5632323210702341
10799.6	0.7990121210702343
10801.3	0.6860291210702341
10802.9	0.978539421070234
10804.6	0.9846344210702341
10806.3	1.519954221070234
10807.9	1.220885621070234
10809.6	1.508765221070234
10811.3	1.176490021070234
10812.9	1.270660121070234
10814.6	0.973801221070234
10816.3	1.0024822210702342
10817.9	0.569596821070234
10819.6	0.8818316510702339
10821.3	0.617729221070234
10822.9	0.796681221070234
10824.6	0.6614702210702341
10826.3	1.0901152210702338
10827.9	0.9506102210702341
10829.6	1.2224992210702341
10831.3	0.9369612210702339
10832.9	1.2204772210702342
10834.6	0.9338832210702339
10836.3	1.142718111070234
10837.9	0.6612180210702339
10839.6	0.8180752210702341
10841.3	0.37700592107023395
10843.0	0.5979230210702341
10844.6	0.343086021070234
10846.3	0.801777021070234
10848.0	0.1788183210702341
10849.6	0.10521802107023404
10851.3	-0.594845078929766
10853.0	-0.6097325089297657
10854.6	-0.6570143789297659
10856.3	0.08265642107023392
10858.0	0.4396373610702339
10859.6	1.4569732210702342
10861.3	1.510402021070234
10863.0	1.7850713210702338
10864.6	1.350213721070234
10866.3	1.1820916710702338
10868.0	0.8905848210702338
10869.6	0.9589682210702339
10871.3	0.7006503210702342
10873.0	1.092924621070234
10874.6	0.8868552210702341
10876.3	1.2432392210702343
10878.0	1.1689922210702341
10879.6	1.4802493210702339
10881.3	1.537082421070234
10883.0	1.6582542210702342
10884.6	1.250183321070234
10886.3	1.2913566210702343
10888.0	0.793145121070234
10889.7	0.998192221070234
10891.3	0.7009272210702341
10893.0	1.005733221070234
10894.7	0.9486435210702343
10896.3	1.4319378210702343
10898.0	1.541871121070234
10899.7	1.9346811210702346
10901.3	1.5489013190702337
10903.0	1.5489596210702339
10904.7	0.8445084210702344
10906.3	0.6274761210702342
10908.0	0.16914842107023403
10909.7	0.28646562107023393
10911.3	0.15189802107023392
10913.0	0.6278841210702342
10914.7	0.6248845210702341
10916.3	1.1887837210702343
10918.0	1.2055780210702338
10919.7	1.4000708210702342
10921.3	1.248660621070234
10923.0	1.584862921070234
10924.7	1.2569412210702342
10926.3	1.7397642210702344
10928.0	1.6297621210702338
10929.7	2.144344121070234
10931.3	1.9560907210702343
10933.0	2.0569996210702337
10934.7	1.454697521070234
10936.4	1.3575502210702342
10938.0	0.36315692107023406
10939.7	0.11312182107023405
10941.4	-0.3998619789297658
10943.0	-0.08992677892976597
10944.7	0.01710122107023415
10946.4	0.820490221070234
10948.0	0.9712192210702341
10949.7	1.4824472210702342
10951.4	1.1947830210702342
10953.0	1.2411605210702341
10954.7	0.741258921070234
10956.4	0.660982221070234
10958.0	0.3276792210702341
10959.7	0.8010153210702342
10961.4	0.683608221070234
10963.0	1.0074067210702342
10964.7	0.645096621070234
10966.4	0.8245408210702341
10968.0	0.41140122107023397
10969.7	0.5290098210702341
10971.4	0.31147622107023404
10973.0	0.8734598210702341
10974.7	0.7098912210702341
10976.4	1.021273221070234
10978.1	0.546127221070234
10979.7	0.678805221070234
10981.4	0.24826602107023404
10983.1	0.24160267107023406
10984.7	-0.24104927892976588
10986.4	-0.05849477892976598
10988.1	-0.313876878929766
10989.7	0.150180721070234
10991.4	-0.022581878929766087
10993.1	0.32522332107023405
10994.7	0.09607302107023412
10996.4	0.3086175210702339
10998.1	0.058837321070234164
10999.7	0.3639732210702341
11001.4	-0.039510678929765855
11003.1	0.18786562107023402
11004.7	-0.5187960789297659
11006.4	-0.40568347892976603
11008.1	-0.8217861789297659
11009.7	-0.386376778929766
11011.4	-0.5602821789297658
11013.1	-0.06630917892976589
11014.7	-0.394858078929766
11016.4	-0.005380778929766006
11018.1	-0.1935257789297662
11019.7	0.458515421070234
11021.4	0.4300096210702339
11023.1	0.9236358210702338
11024.8	0.7413279210702338
11026.4	1.1019772210702339
11028.1	0.8121942210702342
11029.8	0.9612672210702339
11031.4	0.6746392210702342
11033.1	1.081474221070234
11034.8	0.873061221070234
11036.4	0.962084721070234
11038.1	0.480498421070234
11039.8	0.3760929110702339
11041.4	-0.16802281892976595
11043.1	0.10337012107023402
11044.8	0.23612822107023385
11046.4	1.0486562210702342
11048.1	1.310174221070234
11049.8	1.753676221070234
11051.4	1.410113281070234
11053.1	1.314516221070234
11054.8	0.6389532210702342
11056.4	0.4503292210702342
11058.1	-0.07953807892976603
11059.8	-0.05627317892976595
11061.4	-0.08067916892976586
11063.1	0.584539221070234
11064.8	0.6532098210702341
11066.4	1.3513093210702338
11068.1	1.3191171210702342
11069.8	1.643303221070234
11071.5	1.374212221070234
11073.1	1.6044242210702344
11074.8	1.3613915210702343
11076.5	1.6341049210702336
11078.1	1.3358149210702341
11079.8	1.7347981210702343
11081.5	1.448159721070234
11083.1	1.3681244490702338
11084.8	0.5924390210702339
11086.5	0.48958412107023397
11088.1	-0.11285818892976578
11089.8	0.19747142107023424
11091.5	0.1869082210702339
11093.1	0.7646968210702341
11094.8	0.8185803210702343
11096.5	1.090008256070234
11098.1	0.8501932210702341
11099.8	1.0429066210702342
11101.5	0.4859325210702341
11103.1	0.5172499210702342
11104.8	-0.238210138929766
11106.5	-0.3827823789297659
11108.1	-0.770694678929766
11109.8	-0.23774221192976594
11111.5	0.04236522107023406
11113.1	0.9123046210702341
11114.8	1.195415421070234
11116.5	1.790017221070234
11118.2	1.560819221070234
11119.8	1.5023692210702342
11121.5	0.9261562210702339
11123.2	0.945031221070234
11124.8	0.40387222107023407
11126.5	0.5289082210702338
11128.2	0.338493221070234
11129.8	0.431722221070234
11131.5	0.15268582107023404
11133.2	0.310998421070234
11134.8	-0.039451278929765896
11136.5	0.380561721070234
11138.2	0.27985812107023395
11139.8	0.7047958210702342
11141.5	0.640356921070234
11143.2	1.0885017910702341
11144.8	0.6126960210702341
11146.5	0.976791221070234
11148.2	0.582179321070234
11149.8	0.920932591070234
11151.5	0.5617451310702342
11153.2	0.5743428210702339
11154.8	-0.034732678929765816
11156.5	0.18576702107023393
11158.2	-0.25017277892976597
11159.9	0.03332982107023419
11161.5	-0.271208178929766
11163.2	-0.15485247892976597
11164.9	-0.49831537892976596
11166.5	-0.42305857892976595
11168.2	-0.5807183489297661
11169.9	-0.03827937892976596
11171.5	-0.043733078929765856
11173.2	0.5098043610702341
11174.9	0.3111725210702341
11176.5	0.577867521070234
11178.2	0.6407392210702338
11179.9	1.0981202210702343
11181.5	1.2713295210702342
11183.2	1.8849302210702341
11184.9	1.8838802210702341
11186.5	2.4535672210702346
11188.2	2.235368221070234
11189.9	2.275869221070234
11191.5	1.672274621070234
11193.2	1.5720622210702342
11194.9	0.9485212210702342
11196.5	0.979623321070234
11198.2	0.5447886210702342
11199.9	0.8015484210702338
11201.5	0.4763462210702342
11203.2	0.8444162210702342
11204.9	0.36898222107023393
11206.6	0.772921521070234
11208.2	0.646237521070234
11209.9	1.050873521070234
11211.6	0.9069449210702338
11213.2	1.472920221070234
11214.9	1.079040221070234
11216.6	1.364828221070234
11218.2	0.6687272210702341
11219.9	0.37280322107023417
11221.6	-0.3327133889297661
11223.2	-0.6762376789297659
11224.9	-1.2023846789297656
11226.6	-0.8591821789297658
11228.2	-1.1444921789297655
11229.9	-0.441491778929766
11231.6	-0.24246977892976607
11233.2	0.4684583210702343
11234.9	0.8301958210702342
11236.6	1.421931921070234
11238.2	1.5813887210702342
11239.9	2.234548721070234
11241.6	2.058350221070234
11243.2	2.3609545210702336
11244.9	2.051958621070234
11246.6	2.124102521070234
11248.2	1.468368221070234
11249.9	1.679914721070234
11251.6	1.336394421070234
11253.3	1.718941221070234
11254.9	1.405486221070234
11256.6	1.449863221070234
11258.3	0.8306812210702343
11259.9	1.2368839210702343
11261.6	1.092896721070234
11263.3	2.1667230210702337
11264.9	2.6577735210702342
11266.6	3.339150221070234
11268.3	2.9231882210702342
11269.9	2.484240121070234
11271.6	1.0943009110702342
11273.3	0.472901821070234
11274.9	-0.424259978929766
11276.6	-0.33240747892976596
11278.3	-0.3920521789297659
11279.9	0.3080932210702341
11281.6	0.529614221070234
11283.3	1.014798221070234
11284.9	0.7263512210702339
11286.6	1.049406221070234
11288.3	0.840788221070234
11289.9	1.2650082210702338
11291.6	1.278433021070234
11293.3	1.7963562210702342
11294.9	1.6656882210702335
11296.6	2.0271250210702343
11298.3	1.6273077210702342
11300.0	2.091946261070234
11301.6	2.1586199210702337
11303.3	2.586848721070234
11305.0	2.293481821070234
11306.6	2.1476939710702343
11308.3	1.2174168210702343
11310.0	0.9507173210702342
11311.6	0.10698462107023428
11313.3	0.3190103210702342
11315.0	0.3000972210702342
11316.6	0.6428092210702341
11318.3	0.3124802210702342
11320.0	0.5086902210702343
11321.6	0.21889622107023393
11323.3	0.4703752210702339
11325.0	0.49622992107023406
11326.6	1.1005908310702341
11328.3	1.4702053410702338
11330.0	2.241723821070234
11331.6	2.0463669210702333
11333.3	2.041096321070234
11335.0	1.453063821070234
11336.6	0.8594078210702338
11338.3	0.178636221070234
11340.0	0.14832822107023397
11341.7	-0.03090977892976605
11343.3	0.5307801210702341
11345.0	0.578338321070234
11346.7	0.7421479210702343
11348.3	0.6365656210702341
11350.0	0.8670326210702342
11351.7	0.766692221070234
11353.3	1.1981832210702341
11355.0	0.991548621070234
11356.7	1.139660921070234
11358.3	0.711882321070234
11360.0	0.7502838210702338
11361.7	0.313587821070234
11363.3	0.3390222210702341
11365.0	-0.16295977892976615
11366.7	-0.08348697892976595
11368.3	-0.6071356789297659
11370.0	-0.638496518929766
11371.7	-0.8507516789297658
11373.3	-0.451801248929766
11375.0	-0.472924018929766
11376.7	0.04167272107023399
11378.3	0.12992312107023407
11380.0	0.6642842210702342
11381.7	0.854559021070234
11383.3	1.2520379210702341
11385.0	1.1889421210702342
11386.7	1.6234883210702342
11388.4	1.4023593210702345
11390.0	1.4339206210702344
11391.7	0.986152221070234
11393.4	0.888746221070234
11395.0	0.5356592210702342
11396.7	0.950608321070234
11398.4	0.738760221070234
11400.0	1.257740221070234
11401.7	1.312475221070234
11403.4	1.496655221070234
11405.0	1.112292621070234
11406.7	1.053732761070234
11408.4	0.36497722107023406
11410.0	0.3437562210702342
11411.7	-0.04182551892976618
11413.4	0.13736001107023404
11415.0	0.2675119210702338
11416.7	0.8152963210702339
11418.4	0.8977422210702344
11420.0	1.447648121070234
11421.7	1.3379350210702339
11423.4	1.6849482210702345
11425.0	1.1768229210702343
11426.7	0.7868892210702342
11428.4	0.03656332107023417
11430.0	-0.17430776892976593
11431.7	-0.4975320789297658
11433.4	0.057031021070234056
11435.1	-0.034939878929766
11436.7	0.307883221070234
11438.4	-0.363087778929766
11440.1	-0.586841778929766
11441.7	-1.0407176789297659
11443.4	-0.5547099789297661
11445.1	-0.31696617892976603
11446.7	0.5336726210702342
11448.4	0.7611461010702342
11450.1	1.208385291070234
11451.7	0.9739729210702339
11453.4	1.3329162210702339
11455.1	0.9162132210702338
11456.7	0.9479512210702341
11458.4	0.3841864210702338
11460.1	0.4329185210702341
11461.7	0.31707752107023385
11463.4	0.9112026210702338
11465.1	0.8510622210702341
11466.7	1.2436655210702339
11468.4	0.7241489210702341
11470.1	0.7047102210702338
11471.7	0.31820722107023414
11473.4	0.820866221070234
11475.1	0.6124002210702342
11476.7	0.967677221070234
11478.4	0.4482087210702341
11480.1	0.47053592107023406
11481.8	-0.008669378929766002
11483.4	0.35383064107023415
11485.1	0.2303172210702343
11486.8	0.7242722210702339
11488.4	0.25444951107023395
11490.1	0.2817329210702341
11491.8	-0.030472778929765944
11493.4	0.3174962210702343
11495.1	0.3883348410702338
11496.8	1.3977585210702341
11498.4	1.881854721070234
11500.1	2.4874972210702344
11501.8	2.3380322210702342
11503.4	2.491250221070234
11505.1	2.092118221070234
11506.8	2.114918321070234
11508.4	1.5830998210702343
11510.1	1.5826522410702342
11511.8	0.9978820210702339
11513.4	0.9659240210702341
11515.1	0.36036732107023406
11516.8	0.4111162210702341
11518.4	0.415196221070234
11520.1	0.926397221070234
11521.8	0.801622021070234
11523.5	1.0997531910702338
11525.1	0.711882621070234
11526.8	0.906133821070234
11528.5	0.535710221070234
11530.1	0.5848632210702341
11531.8	0.390666621070234
11533.5	0.8739922210702339
11535.1	0.452778221070234
11536.8	0.5510332210702342
11538.5	0.053681321070234087
11540.1	0.312286621070234
11541.8	0.08042372107023414
11543.5	0.4789268210702341
11545.1	0.31847052107023427
11546.8	0.9937864010702342
11548.5	0.6511552210702344
11550.1	1.043828521070234
11551.8	0.6475736210702341
11553.5	1.1724842210702342
11555.1	1.1940502210702337
11556.8	1.7988052210702343
11558.5	1.7720792210702343
11560.1	2.0836382210702338
11561.8	1.6544842210702337
11563.5	1.493038221070234
11565.1	0.8736984910702341
11566.8	1.2255730210702338
11568.5	1.235773221070234
11570.2	1.909903571070234
11571.8	1.9739585210702337
11573.5	2.1290851210702337
11575.2	1.5678855810702341
11576.8	1.259329921070234
11578.5	0.533829921070234
11580.2	0.548296521070234
11581.8	-0.1474681789297661
11583.5	-0.15485817892976614
11585.2	-0.756758378929766
11586.8	-0.5670655389297661
11588.5	-0.44123497892976593
11590.2	0.5891956210702339
11591.8	0.9105882210702341
11593.5	1.470913221070234
11595.2	1.104235221070234
11596.8	1.1131182210702342
11598.5	0.783471321070234
11600.2	0.9456192210702342
11601.8	0.717108421070234
11603.5	1.066704121070234
11605.2	0.706421221070234
11606.8	0.9388472210702339
11608.5	1.0017762210702341
11610.2	1.509859121070234
11611.8	1.3734615210702341
11613.5	1.2261553210702343
11615.2	0.3429422210702341
11616.9	0.22885172107023405
11618.5	-0.10523311892976599
11620.2	0.5664048210702339
11621.9	0.8140954210702341
11623.5	1.4461577610702339
11625.2	0.9615745210702343
11626.9	0.940728421070234
11628.5	0.49264922107023407
11630.2	0.7566431210702341
11631.9	0.966935921070234
11633.5	1.5687732210702339
11635.2	1.610966221070234
11636.9	2.1599581210702334
11638.5	1.920089021070234
11640.2	2.036162021070234
11641.9	1.4239994210702343
11643.5	1.1611307210702342
11645.2	0.7407970210702339
11646.9	0.8226875210702342
11648.5	0.8468952210702341
11650.2	1.4277479210702342
11651.9	1.361922155070234
11653.5	1.4086512210702342
11655.2	0.660633021070234
11656.9	0.3738777510702339
11658.5	-0.0007827789297662147
11660.2	0.28512222107023383
11661.9	0.36677122107023413
11663.6	0.893528121070234
11665.2	0.812127600070234
11666.9	1.0837125810702342
11668.6	0.867947185070234
11670.2	1.131478921070234
11671.9	1.055901221070234
11673.6	1.4808775210702338
11675.2	1.359163221070234
11676.9	1.5028422210702341
11678.6	0.8812612210702344
11680.2	0.5994852210702339
11681.9	-0.233615778929766
11683.6	-0.2330267789297659
11685.2	-0.3174644789297659
11686.9	0.5498466210702341
11688.6	1.0105492210702338
11690.2	2.020856221070234
11691.9	2.1284332210702344
11693.6	2.2731612210702337
11695.2	1.524392221070234
11696.9	1.2917713210702337
11698.6	0.7987329210702342
11700.2	1.0322792210702343
11701.9	1.1209162210702341
11703.6	1.9627268210702336
11705.3	2.199034221070234
11706.9	2.602168421070234
11708.6	2.1801454210702342
11710.3	1.8127865210702339
11711.9	1.1394302110702341
11713.6	0.7753234210702339
11715.3	0.11762462107023408
11716.9	0.1579567810702341
11718.6	0.025075221070234167
11720.3	0.3934682210702341
11721.9	0.671790221070234
11723.6	1.328502221070234
11725.3	1.717702221070234
11726.9	2.5610465910702342
11728.6	2.6138046210702344
11730.3	2.931558521070234
11731.9	2.687045421070234
11733.6	2.317350521070234
11735.3	1.4604811820702341
11736.9	1.0225907210702339
11738.6	0.38404592107023416
11740.3	0.44732522107023415
11741.9	0.18462922107023413
11743.6	0.4026782210702341
11745.3	0.28940792107023394
11746.9	0.601514221070234
11748.6	0.5264922210702341
11750.3	0.8314937210702343
11752.0	0.638125921070234
11753.6	0.8052432210702338
11755.3	0.648960221070234
11757.0	1.1528542210702342
11758.6	1.269014221070234
11760.3	1.8822172210702341
11762.0	1.832703221070234
11763.6	1.722142001070234
11765.3	1.0886134210702338
11767.0	1.1326932210702338
11768.6	0.8057862210702342
11770.3	1.2000852210702342
11772.0	1.074689221070234
11773.6	1.3915132210702341
11775.3	1.2789932210702344
11777.0	1.2649972210702338
11778.6	0.9094102210702341
11780.3	0.812356921070234
11782.0	0.311583721070234
11783.6	0.462463121070234
11785.3	0.218545581070234
11787.0	0.9497716210702339
11788.6	1.0898442210702342
11790.3	1.302239221070234
11792.0	1.0050872210702342
11793.6	0.991637021070234
11795.3	0.5252865210702341
11797.0	0.6784919210702341
11798.7	0.2827382210702341
11800.3	0.6352162210702339
11802.0	0.24749303107023385
11803.7	0.4346191210702342
11805.3	0.05731762107023388
11807.0	0.23436212107023394
11808.7	0.021004991070233948
11810.3	0.3887121110702342
11812.0	0.20813622107023413
11813.7	1.159393221070234
11815.3	1.423797221070234
11817.0	2.3804360210702344
11818.7	2.344881221070234
11820.3	2.390443821070234
11822.0	1.6005073210702339
11823.7	1.567215021070234
11825.3	1.1072840210702342
11827.0	1.6982277210702343
11828.7	1.619356421070234
11830.3	2.5365292210702344
11832.0	2.518234721070234
11833.7	3.0001487210702336
11835.3	2.5859055210702344
11837.0	2.779679821070234
11838.7	2.251646221070234
11840.3	2.0190612210702343
11842.0	1.1293366210702342
11843.7	1.116576421070234
11845.4	0.7386451210702338
11847.0	1.0871212210702343
11848.7	1.0460182210702342
11850.4	1.5264612210702342
11852.0	1.2973062210702342
11853.7	1.2324634210702339
11855.4	0.666698221070234
11857.0	0.9151392210702338
11858.7	1.167291221070234
11860.4	1.9456032210702339
11862.0	2.4602090210702343
11863.7	2.982824921070234
11865.4	2.522962421070234
11867.0	2.1248877210702344
11868.7	1.1263651210702341
11870.4	0.9380466210702337
11872.0	0.47266107107023403
11873.7	0.8496329210702338
11875.4	0.6080219210702339
11877.0	0.7648252210702339
11878.7	0.5495962210702339
11880.4	0.8276212210702341
11882.0	0.6860632210702339
11883.7	1.1862542210702345
11885.4	0.972026521070234
11887.1	1.2780732210702344
11888.7	1.0038052210702344
11890.4	1.3968009210702341
11892.1	1.348961221070234
11893.7	1.7943608210702344
11895.4	1.395816121070234
11897.1	1.4013648210702339
11898.7	0.6540252210702342
11900.4	0.4839252210702341
11902.1	-0.29836377892976584
11903.7	-0.1457077789297659
11905.4	-0.6281337789297659
11907.1	-0.308730878929766
11908.7	-0.296040778929766
11910.4	0.9270922210702341
11912.1	1.471902121070234
11913.7	2.712915221070234
11915.4	2.6329652210702337
11917.1	2.8189612210702335
11918.7	2.1749749210702336
11920.4	1.7640372210702338
11922.1	1.0034862210702342
11923.7	1.0502804210702341
11925.4	0.5376682210702342
11927.1	0.7627162210702341
11928.7	0.48207922107023415
11930.4	0.8903452210702341
11932.1	0.659845221070234
11933.8	0.791382421070234
11935.4	-0.026877731929765857
11937.1	-0.387966368929766
11938.8	-1.2406700789297662
11940.4	-0.901823778929766
11942.1	-0.6237067789297661
11943.8	0.6737943210702344
11945.4	1.5116202210702339
11947.1	2.791814221070234
11948.8	2.604781721070234
11950.4	2.4402789210702345
11952.1	1.2194007210702342
11953.8	0.792592121070234
11955.4	0.009156221070234238
11957.1	0.16458522107023402
11958.8	0.179265121070234
11960.4	0.7435022510702342
11962.1	0.7562111210702344
11963.8	1.074489721070234
11965.4	1.0527607000702344
11967.1	1.6999457410702337
11968.8	1.6474531110702337
11970.4	1.986612751070234
11972.1	1.5954089210702338
11973.8	1.3085098210702342
11975.4	0.7137942210702339
11977.1	0.7130245210702341
11978.8	0.3434275123702339
11980.5	0.5026072210702338
11982.1	0.3660092210702342
11983.8	0.8074198910702339
11985.5	0.606801021070234
11987.1	0.777851221070234
11988.8	0.22300862107023406
11990.5	0.35001102107023413
11992.1	-0.26511497892976593
11993.8	-0.316917778929766
11995.5	-0.44178377892976595
11997.1	0.1357139210702341
11998.8	-0.05328277892976589
12000.5	0.6245702210702341
12002.1	0.18842082107023406
12003.8	0.43837362107023425
12005.5	0.002192031070234135
12007.1	-0.07967287892976604
12008.8	-0.35997877892976604
12010.5	-0.17594377892976584
12012.1	-0.5432607789297659
12013.8	0.09826322107023425
12015.5	0.037881921070234005
12017.1	0.5644002210702339
12018.8	0.558166221070234
12020.5	0.8474532210702342
12022.1	0.886456721070234
12023.8	1.062538021070234
12025.5	1.0187049210702341
12027.2	1.4504494210702341
12028.8	1.1827902210702341
12030.5	1.4009343210702339
12032.2	1.2597967210702343
12033.8	1.6846770210702346
12035.5	1.782334221070234
12037.2	2.366883021070234
12038.8	2.374309121070234
12040.5	2.7231680210702343
12042.2	2.296049001070234
12043.8	2.037451221070234
12045.5	1.4034642210702342
12047.2	1.556347221070234
12048.8	1.1723078210702342
12050.5	1.4742892210702343
12052.2	1.191015221070234
12053.8	1.042283221070234
12055.5	0.2214612210702341
12057.2	-0.212852778929766
12058.8	-0.722599078929766
12060.5	-0.22308327892976587
12062.2	-0.2669520789297658
12063.8	0.11258072107023409
12065.5	-0.05984977892976588
12067.2	0.510796221070234
12068.9	0.6526072210702341
12070.5	1.393036221070234
12072.2	1.5929546210702341
12073.9	2.155487221070234
12075.5	1.541036721070234
12077.2	1.3348635210702338
12078.9	0.695796221070234
12080.5	0.926031721070234
12082.2	0.9364212210702337
12083.9	1.1857342210702337
12085.5	0.5889242210702342
12087.2	0.1746222210702339
12088.9	-0.8238227789297662
12090.5	-0.9917767789297658
12092.2	-0.9381508789297659
12093.9	0.11685772107023382
12095.5	0.9308434210702339
12097.2	1.862262501070234
12098.9	1.749504221070234
12100.5	1.6719102210702341
12102.2	0.7795555210702341
12103.9	0.5783112210702339
12105.5	-0.021674978929765977
12107.2	0.2621262210702343
12108.9	0.22033412107023378
12110.5	0.694787221070234
12112.2	0.457200021070234
12113.9	0.47187022107023385
12115.6	-0.03546077892976598
12117.2	0.520525221070234
12118.9	0.6736222210702341
12120.6	1.613291221070234
12122.2	1.733925221070234
12123.9	1.9459473210702338
12125.6	1.5268344210702343
12127.2	1.179765721070234
12128.9	0.534142221070234
12130.6	0.7245182210702341
12132.2	0.24197582107023408
12133.9	0.26757042107023404
12135.6	-0.09537017892976593
12137.2	0.02467202107023394
12138.9	0.26143659107023404
12140.6	1.349787221070234
12142.2	1.840944821070234
12143.9	2.5176222210702344
12145.6	2.288630221070234
12147.2	1.955005221070234
12148.9	1.045284121070234
12150.6	0.7866537210702342
12152.2	0.238331921070234
12153.9	0.3896552210702341
12155.6	-0.25080677892976616
12157.2	-0.49961377892976594
12158.9	-1.0909687789297662
12160.6	-0.737331778929766
12162.3	-0.3794967789297661
12163.9	0.5252900210702341
12165.6	0.7267302210702338
12167.3	0.9636362210702341
12168.9	0.3197310410702341
12170.6	0.17987992107023407
12172.3	-0.3380333789297659
12173.9	-0.3814367789297659
12175.6	-0.5840587789297659
12177.3	0.13886062107023395
12178.9	0.48592422107023403
12180.6	1.498228421070234
12182.3	1.8482122210702343
12183.9	2.1612712210702343
12185.6	1.5588472210702342
12187.3	1.4428892210702342
12188.9	0.743791221070234
12190.6	0.7806252210702339
12192.3	0.5416826210702339
12193.9	0.8514622210702341
12195.6	0.5236252210702339
12197.3	0.7230392210702342
12198.9	0.4074763210702339
12200.6	0.655886721070234
12202.3	0.4823762210702339
12203.9	0.4054565210702342
12205.6	-0.08532577892976603
12207.3	0.23363592107023406
12209.0	0.14811102107023416
12210.6	0.667266521070234
12212.3	0.752544621070234
12214.0	0.913440221070234
12215.6	0.4641492210702342
12217.3	0.153912821070234
12219.0	-0.583053518929766
12220.6	-0.342822778929766
12222.3	-0.5217248989297659
12224.0	0.016592321070234207
12225.6	0.18222872107023408
12227.3	0.7018111710702342
12229.0	0.8484831210702339
12230.6	1.133796321070234
12232.3	0.8495089810702341
12234.0	1.4759812210702339
12235.6	1.1594534210702343
12237.3	1.5083726210702342
12239.0	1.6079564210702344
12240.6	2.156346241070234
12242.3	2.045233121070234
12244.0	1.9990386210702336
12245.6	1.342101221070234
12247.3	1.370648221070234
12249.0	0.861733221070234
12250.7	0.6475590210702341
12252.3	0.10325722107023405
12254.0	0.31485322107023395
12255.7	-0.130924778929766
12257.3	0.013618221070234115
12259.0	-0.2827240789297659
12260.7	-0.0398370989297661
12262.3	-0.4526727789297659
12264.0	-0.2544217789297659
12265.7	-0.49069877892976566
12267.3	0.07596522107023404
12269.0	-0.07743777892976614
12270.7	0.500406221070234
12272.3	0.29443822107023415
12274.0	0.826498531070234
12275.7	0.5234902210702341
12277.3	0.6323449210702341
12279.0	0.21826052107023405
12280.7	0.35950222107023416
12282.3	-0.33414557892976626
12284.0	-0.06646527892976599
12285.7	-0.3438147789297659
12287.3	0.001125561070234138
12289.0	-0.3155323789297659
12290.7	-0.29385977892976595
12292.3	-0.529167478929766
12294.0	0.06938111707023378
12295.7	0.09415792107023399
12297.4	0.8782391210702339
12299.0	0.8532445210702342
12300.7	1.4543453210702342
12302.4	1.1507992210702338
12304.0	1.2942325210702343
12305.7	0.670521521070234
12307.4	0.7695074910702341
12309.0	0.5240983210702339
12310.7	0.9820110210702339
12312.4	1.051747121070234
12314.0	1.679932321070234
12315.7	1.642481721070234
12317.4	1.9616877210702337
12319.0	1.390586321070234
12320.7	1.5137728210702341
12322.4	1.323047321070234
12324.0	1.411843921070234
12325.7	1.1480426210702341
12327.4	1.192482921070234
12329.0	1.1105355210702341
12330.7	1.721935221070234
12332.4	1.547161221070234
12334.0	1.8739782210702345
12335.7	1.6930862210702338
12337.4	1.2145982210702342
12339.0	0.4314292210702342
12340.7	-0.10814677892976605
12342.4	-0.651067778929766
12344.1	-0.24913977892976585
12345.7	0.01290472107023426
12347.4	1.1207802210702342
12349.1	1.9791306210702337
12350.7	2.937673621070234
12352.4	2.880237821070234
12354.1	2.926654521070234
12355.7	2.1673582210702333
12357.4	1.7431902210702337
12359.1	0.994092621070234
12360.7	0.9523067210702341
12362.4	0.6259362210702341
12364.1	1.1379432210702338
12365.7	1.1632820210702342
12367.4	1.6903912210702337
12369.1	1.6266121210702338
12370.7	1.9649804210702342
12372.4	1.9042819210702344
12374.1	2.1774952210702336
12375.7	2.2166019210702337
12377.4	2.5365906210702343
12379.1	2.428198901070234
12380.7	2.443313221070234
12382.4	2.0049229210702344
12384.1	1.9605264010702341
12385.7	1.0965639210702343
12387.4	0.414211461070234
12389.1	-0.7396773789297659
12390.8	-1.2468887689297656
12392.4	-1.656835678929766
12394.1	-1.0457735789297664
12395.8	-0.507762888929766
12397.4	0.780315221070234
12399.1	1.057770221070234
12400.8	1.248977221070234
12402.4	0.6539175210702342
12404.1	0.4603161210702341
12405.8	0.15743322107023397
12407.4	0.751591121070234
12409.1	0.8360674210702339
12410.8	1.6552940210702338
12412.4	1.4172660010702338
12414.1	1.394462321070234
12415.8	0.7272082210702341
12417.4	0.839878221070234
12419.1	0.7093907210702339
12420.8	1.3134362210702342
12422.4	1.176294121070234
12424.1	1.6560112210702342
12425.8	1.246366021070234
12427.4	1.4026912210702343
12429.1	1.031732221070234
12430.8	1.1355456210702342
12432.5	0.937802221070234
12434.1	1.2143502210702342
12435.8	0.8078492210702344
12437.5	1.1091162210702339
12439.1	0.419776921070234
12440.8	0.0677772210702341
12442.5	-0.500824778929766
12444.1	-0.5277703189297659
12445.8	-0.28018757892976587
12447.5	0.5678198210702341
12449.1	0.775024821070234
12450.8	1.6965470210702343
12452.5	1.6133723210702342
12454.1	1.805727621070234
12455.8	1.5123161210702338
12457.5	1.2662630210702341
12459.1	0.803074321070234
12460.8	0.8492122210702341
12462.5	0.43277512107023375
12464.1	1.0967218210702343
12465.8	1.3920643210702341
12467.5	2.235896421070234
12469.1	2.3343068210702342
12470.8	2.482806821070235
12472.5	1.6932623210702338
12474.1	1.6041302210702342
12475.8	1.206336121070234
12477.5	1.392798321070234
12479.2	1.3656392210702342
12480.8	2.0069272210702342
12482.5	1.6777749210702342
12484.2	1.7065525210702337
12485.8	1.2162839210702339
12487.5	1.2965610310702342
12489.2	1.116639221070234
12490.8	1.5291442210702342
12492.5	1.551819721070234
12494.2	2.000493351070234
12495.8	1.8900742210702344
12497.5	1.752294221070234
12499.2	1.160810921070234
12500.8	1.158556721070234
12502.5	0.6377252210702339
12504.2	0.9215682210702342
12505.8	1.0295088210702343
12507.5	1.507274121070234
12509.2	1.571218721070234
12510.8	1.550895321070234
12512.5	0.9076923910702337
12514.2	0.4799531410702341
12515.8	-0.141565578929766
12517.5	-0.02270717892976597
12519.2	-0.15933677892976594
12520.8	0.28050922107023424
12522.5	0.4053032210702339
12524.2	0.6798433210702339
12525.9	0.5343658210702339
12527.5	0.35097622107023396
12529.2	-0.18217297892976597
12530.9	0.17738122107023385
12532.5	0.22042592107023412
12534.2	0.9951912210702341
12535.9	1.5139542210702337
12537.5	2.3186581210702344
12539.2	2.380427521070234
12540.9	2.554074421070234
12542.5	1.8514041210702339
12544.2	2.005855221070234
12545.9	2.032604221070234
12547.5	2.537962221070234
12549.2	2.2016221210702343
12550.9	2.301694221070234
12552.5	1.3865343810702342
12554.2	1.2022786810702342
12555.9	0.4883629210702338
12557.5	0.10135422107023415
12559.2	-0.3343977789297661
12560.9	-0.062072778929766016
12562.5	-0.523041178929766
12564.2	0.033432221070234025
12565.9	-0.031218278929765964
12567.5	0.5743635210702343
12569.2	0.5388731810702341
12570.9	0.6639623410702342
12572.6	0.22516322107023407
12574.2	0.3988023210702341
12575.9	0.163734921070234
12577.6	0.6266422210702342
12579.2	0.877537221070234
12580.9	1.5650095210702344
12582.6	1.017895221070234
12584.2	0.9242888210702341
12585.9	0.16975522107023422
12587.6	0.1614345210702341
12589.2	0.07282262107023421
12590.9	0.7876002210702341
12592.6	1.1028892210702341
12594.2	1.6795082210702343
12595.9	1.545932121070234
12597.6	1.8081686210702341
12599.2	1.8480038210702339
12600.9	2.199561221070234
12602.6	1.745086741070234
12604.2	1.423326521070234
12605.9	0.7715966910702339
12607.6	0.4328465810702339
12609.2	0.020906801070234148
12610.9	0.12492562107023417
12612.6	0.19920572107023418
12614.3	0.7605439410702342
12615.9	1.087664821070234
12617.6	1.4570793210702342
12619.3	1.481432421070234
12620.9	1.8714062210702338
12622.6	1.6796932210702344
12624.3	1.965435721070234
12625.9	1.6805616210702339
12627.6	1.5929632210702338
12629.3	1.046433821070234
12630.9	0.9042215210702341
12632.6	0.6593850210702341
12634.3	1.550223021070234
12635.9	1.8831122210702342
12637.6	2.728154221070234
12639.3	2.785191221070234
12640.9	2.8476652210702342
12642.6	2.522339481070234
12644.3	2.456575921070234
12645.9	1.488803221070234
12647.6	1.6046379210702342
12649.3	1.063992721070234
12650.9	1.219378721070234
12652.6	1.000013171070234
12654.3	1.0110464210702337
12655.9	0.5147142210702341
12657.6	0.5952312210702342
12659.3	0.3173479210702342
12661.0	1.150576221070234
12662.6	1.302520221070234
12664.3	1.703388121070234
12666.0	1.081774821070234
12667.6	0.9138939210702341
12669.3	0.5277680210702341
12671.0	0.973742221070234
12672.6	1.2838799210702343
12674.3	1.895673221070234
12676.0	1.198878721070234
12677.6	0.985074621070234
12679.3	0.28019322107023403
12681.0	0.413587221070234
12682.6	0.22167322107023413
12684.3	0.48399922107023413
12686.0	0.186222221070234
12687.6	0.512070221070234
12689.3	-0.023995578929766205
12691.0	0.275471111070234
12692.6	0.40822142107023396
12694.3	1.242908621070234
12696.0	1.048366221070234
12697.6	1.0315253210702338
12699.3	0.33717922107023407
12701.0	0.11763752107023398
12702.6	-0.4539962789297659
12704.3	-0.7306734789297662
12706.0	-1.075785678929766
12707.7	-0.3542236789297658
12709.3	-0.1311181789297659
12711.0	0.5497337210702338
12712.7	0.7584692610702339
12714.3	1.2961509210702342
12716.0	1.0478075210702342
12717.7	1.2171251210702343
12719.3	1.0818527210702342
12721.0	1.435071221070234
12722.7	1.228564221070234
12724.3	1.251811221070234
12726.0	0.33111322107023405
12727.7	0.19867822107023395
12729.3	-0.490692678929766
12731.0	0.11404292107023392
12732.7	0.6734438210702341
12734.3	1.399700221070234
12736.0	1.573856221070234
12737.7	1.812414821070234
12739.3	1.2511355210702337
12741.0	1.574666221070234
12742.7	1.2033631210702342
12744.3	1.6396841210702338
12746.0	1.5778360210702342
12747.7	1.4760382210702343
12749.3	0.9108939510702342
12751.0	0.7226992210702342
12752.7	-0.03959877892976591
12754.4	0.20829372107023397
12756.0	-0.10612177892976611
12757.7	0.3275652210702339
12759.4	0.43766122107023425
12761.0	0.9443686810702342
12762.7	0.682870221070234
12764.4	0.8864422210702336
12766.0	0.6356342610702341
12767.7	0.9206382210702341
12769.4	0.4011000110702341
12771.0	0.569466721070234
12772.7	-0.08886347892976612
12774.4	-0.09892437892976594
12776.0	-0.647754578929766
12777.7	-0.31182137892976575
12779.4	-0.37068909892976604
12781.0	0.0560967210702342
12782.7	-0.27002157892976586
12784.4	-0.3721970789297659
12786.0	-0.504262978929766
12787.7	0.02635222107023418
12789.4	0.16350222107023388
12791.0	1.1749337210702342
12792.7	1.234823321070234
12794.4	1.523702921070234
12796.1	1.3595362210702342
12797.7	1.0740575980702338
12799.4	0.3536182210702342
12801.1	0.2689073210702341
12802.7	-0.3367287789297661
12804.4	0.07939322107023417
12806.1	0.28486312107023404
12807.7	1.017537731070234
12809.4	0.7996082210702342
12811.1	1.1728084210702339
12812.7	0.8344445210702338
12814.4	1.3602831210702342
12816.1	1.591546341070234
12817.7	2.0748258210702337
12819.4	1.9168437410702341
12821.1	1.924668021070234
12822.7	1.3269502210702337
12824.4	1.2476982210702343
12826.1	0.600881221070234
12827.7	0.4289512210702339
12829.4	-0.3141237789297657
12831.1	-0.6188807789297659
12832.7	-0.941634778929766
12834.4	-0.325127778929766
12836.1	0.26508742107023403
12837.7	1.0128183210702342
12839.4	0.908429221070234
12841.1	1.0298610210702344
12842.8	0.7744581210702339
12844.4	1.042459521070234
12846.1	0.6223787210702338
12847.8	0.331129921070234
12849.4	-0.2539906189297661
12851.1	-0.8007517789297663
12852.8	-1.6051937789297661
12854.4	-1.2263507789297663
12856.1	-0.8630707789297659
12857.8	0.49780022107023403
12859.4	1.307315811070234
12861.1	1.6784996210702343
12862.8	0.9171982210702341
12864.4	0.08975872107023397
12866.1	-1.486727778929766
12867.8	-1.8442039689297658
12869.4	-1.916499308929766
12871.1	-1.237200278929766
12872.8	-0.8801572789297658
12874.4	-0.25598093892976603
12876.1	-0.7719839789297657
12877.8	-0.4755913789297659
12879.4	-0.420301678929766
12881.1	0.6522282210702341
12882.8	1.382908121070234
12884.4	2.184093221070234
12886.1	2.015803221070234
12887.8	2.1595332210702343
12889.5	1.558258161070234
12891.1	1.6043892210702342
12892.8	1.3154210210702342
12894.5	1.9117722110702338
12896.1	1.9053018210702344
12897.8	2.033921321070234
12899.5	1.4275197210702337
12901.1	1.283970921070234
12902.8	0.7204046210702341
12904.5	0.9479042210702339
12906.1	1.0417315210702338
12907.8	1.7341965210702341
12909.5	1.8795453210702338
12911.1	2.1274442210702342
12912.8	1.5506163210702344
12914.5	1.4022944110702344
12916.1	0.852366921070234
12917.8	0.8444867210702339
12919.5	0.6389201210702338
12921.1	0.966243421070234
12922.8	0.8874569210702337
12924.5	1.4349825210702334
12926.1	1.2156885210702337
12927.8	1.2800150210702343
12929.5	0.703595421070234
12931.1	0.451450221070234
12932.8	-0.32478777892976585
12934.5	-0.08651797892976595
12936.2	-0.03311137892976608
12937.8	0.6687877210702338
12939.5	0.7494273210702341
12941.2	1.4048023110702341
12942.8	1.2814212210702336
12944.5	1.835733221070234
12946.2	1.553314221070234
12947.8	1.7161533210702342
12949.5	1.470019221070234
12951.2	1.276933221070234
12952.8	0.615074221070234
12954.5	0.6559402210702341
12956.2	0.3742871210702339
12957.8	0.9815452210702338
12959.5	1.2905352210702339
12961.2	1.804677221070234
12962.8	1.608452221070234
12964.5	1.3838762210702342
12966.2	0.7494302210702342
12967.8	0.4159568810702341
12969.5	-0.05296217892976598
12971.2	0.5298242210702341
12972.8	0.6792572210702341
12974.5	1.021614421070234
12976.2	1.050440321070234
12977.9	1.043752641070234
12979.5	0.912442021070234
12981.2	1.1821784210702342
12982.9	0.8118277210702342
12984.5	1.338287821070234
12986.2	1.3717141210702342
12987.9	1.6524342210702343
12989.5	1.6913403210702334
12991.2	2.0927422210702344
12992.9	1.5293612210702343
12994.5	1.473909721070234
12996.2	0.48967400807023387
12997.9	0.1831002210702341
12999.5	-0.39497027892976605
13001.2	-0.053427778929766134
13002.9	-0.021951778929766075
13004.5	1.117838241070234
13006.2	1.4882082210702339
13007.9	2.450253221070234
13009.5	2.655227021070234
13011.2	3.034949559070234
13012.9	2.357702221070234
13014.5	2.041654221070234
13016.2	1.106842221070234
13017.9	1.1615439210702339
13019.5	0.9620532610702339
13021.2	1.5727083210702337
13022.9	1.680197121070234
13024.6	2.1327472210702343
13026.2	1.8616551210702337
13027.9	1.8251004210702342
13029.6	1.344586821070234
13031.2	1.8396752210702343
13032.9	1.6128632210702343
13034.6	1.7556092210702343
13036.2	1.3832862210702341
13037.9	1.3462642210702342
13039.6	1.407335221070234
13041.2	2.297133121070234
13042.9	2.864306721070234
13044.6	4.017135221070234
13046.2	3.9263926210702342
13047.9	3.3398701410702336
13049.6	1.953279921070234
13051.2	0.8609404210702337
13052.9	-0.29184107892976596
13054.6	-0.08681123992976598
13056.2	0.0844222210702339
13057.9	1.2200272210702339
13059.6	1.8108822210702342
13061.2	2.326750221070234
13062.9	1.8726552210702336
13064.6	1.6209552210702338
13066.2	0.6443287210702342
13067.9	0.667130321070234
13069.6	0.5385412210702338
13071.3	1.418415221070234
13072.9	1.993628821070234
13074.6	3.0811522210702345
13076.3	3.0293982210702333
13077.9	3.3029622210702336
13079.6	2.645278221070234
13081.3	2.430309221070234
13082.9	1.498235921070234
13084.6	1.3481962210702343
13086.3	0.5771452210702339
13087.9	0.3285122210702339
13089.6	-0.5195961789297661
13091.3	-0.418591278929766
13092.9	-0.44612677892976615
13094.6	0.20137372107023377
13096.3	0.5602740210702338
13097.9	0.978023321070234
13099.6	0.7613982210702337
13101.3	0.8624552210702341
13102.9	0.5454372210702342
13104.6	1.005025221070234
13106.3	1.167509521070234
13107.9	1.2081592210702343
13109.6	1.007575821070234
13111.3	0.8239853210702339
13112.9	0.44541122107023395
13114.6	0.6431342210702339
13116.3	0.6078315210702339
13118.0	0.9922172210702342
13119.6	0.6573102210702337
13121.3	0.7031001210702339
13123.0	0.048413721070233784
13124.6	-0.26507577892976586
13126.3	-0.4594587789297659
13128.0	-0.06555417892976596
13129.6	0.16321632107023393
13131.3	0.977809421070234
13133.0	1.2245198210702342
13134.6	1.7501572210702339
13136.3	1.566410221070234
13138.0	1.221755401070234
13139.6	0.637516721070234
13141.3	0.633978721070234
13143.0	0.322329191070234
13144.6	0.7644823210702341
13146.3	1.2157919210702341
13148.0	1.706134121070234
13149.6	1.7389508210702338
13151.3	1.7091792210702337
13153.0	1.1765392210702337
13154.6	0.9596312210702337
13156.3	0.3209211210702341
13158.0	0.363116421070234
13159.7	0.39640222107023404
13161.3	1.2213362210702337
13163.0	1.8034335210702341
13164.7	2.8452022210702346
13166.3	3.2423072210702335
13168.0	3.7732222210702346
13169.7	3.189812221070234
13171.3	2.867126831070234
13173.0	1.649147221070234
13174.7	1.1948039210702341
13176.3	0.2908699210702342
13178.0	-0.04702258892976605
13179.7	-0.5413457789297655
13181.3	-0.35508617892976596
13183.0	-0.6359567789297659
13184.7	-0.2730917789297658
13186.3	-0.6693707789297659
13188.0	-0.2732647789297659
13189.7	0.1248140210702342
13191.3	1.1713654210702338
13193.0	2.156237521070234
13194.7	3.413128721070234
13196.3	4.010108221070235
13198.0	4.328405321070234
13199.7	3.2045840210702337
13201.3	2.0679452210702336
13203.0	0.854525521070234
13204.7	0.4636582210702339
13206.4	0.02058912107023403
13208.0	0.2252973210702341
13209.7	0.3953567210702338
13211.4	0.9220139210702338
13213.0	1.050079221070234
13214.7	1.653673221070234
13216.4	2.026463121070234
13218.0	2.473677221070234
13219.7	2.1162756210702343
13221.4	1.773129021070234
13223.0	1.1826027210702343
13224.7	1.320506821070234
13226.4	1.269774921070234
13228.0	1.664499821070234
13229.7	1.6305967210702341
13231.4	1.818901221070234
13233.0	1.7138052210702341
13234.7	1.9755405210702341
13236.4	1.989808521070234
13238.0	2.538712221070234
13239.7	2.449312921070234
13241.4	2.402440721070234
13243.0	1.8099816210702344
13244.7	1.9590652210702337
13246.4	1.4443594710702339
13248.0	1.187031021070234
13249.7	0.26332370107023395
13251.4	-0.5001231789297661
13253.1	-1.439538378929766
13254.7	-1.5869758789297657
13256.4	-1.826369278929766
13258.1	-0.6957183789297658
13259.7	-0.01833857892976587
13261.4	0.7751733210702341
13263.1	0.8640022210702339
13264.7	0.9609495310702341
13266.4	0.524844221070234
13268.1	0.5371353210702339
13269.7	-0.044594278929766154
13271.4	0.11114572107023397
13273.1	0.08107922107023446
13274.7	0.37312612107023413
13276.4	0.07333912107023396
13278.1	0.1543478210702342
13279.7	-0.46226377892976583
13281.4	-0.474273678929766
13283.1	-0.8146496789297659
13284.7	0.0008940210702340412
13286.4	0.815946721070234
13288.1	2.4862471210702344
13289.7	3.4584403210702335
13291.4	4.6921843210702345
13293.1	4.644358921070234
13294.7	4.581777621070233
13296.4	3.458059221070234
13298.1	2.4809005210702337
13299.8	0.787800621070234
13301.4	-0.02909867892976612
13303.1	-0.8774047789297658
13304.8	-0.41354677892976605
13306.4	-0.08286487892976586
13308.1	0.991836521070234
13309.8	1.589500221070234
13311.4	2.340821021070234
13313.1	2.4613642210702347
13314.8	2.7559479210702342
13316.4	2.0903273210702342
13318.1	1.678506421070234
13319.8	0.8017486210702337
13321.4	0.5331343210702342
13323.1	0.235364421070234
13324.8	0.9806320210702341
13326.4	1.605079421070234
13328.1	2.7978255210702345
13329.8	3.2116302210702337
13331.4	3.303856221070234
13333.1	2.717329321070234
13334.8	2.227300621070234
13336.4	1.072951821070234
13338.1	1.0823703210702338
13339.8	0.8352792210702342
13341.5	1.190179221070234
13343.1	1.441486121070234
13344.8	1.7560125210702338
13346.5	1.6897234210702337
13348.1	1.9066801210702338
13349.8	1.193618821070234
13351.5	0.687634271070234
13353.1	-0.23781857892976607
13354.8	-0.38634777892976585
13356.5	-0.49867977892976584
13358.1	0.07081422107023419
13359.8	0.6359666210702339
13361.5	1.3893652210702343
13363.1	1.1152302210702343
13364.8	1.280009721070234
13366.5	0.6454344210702339
13368.1	0.9024098210702342
13369.8	0.5683980210702337
13371.5	0.377934221070234
13373.1	0.144180921070234
13374.8	0.6717044210702342
13376.5	0.2853412210702341
13378.1	0.6862369210702339
13379.8	0.3021029210702339
13381.5	0.6967312210702342
13383.1	0.3619545210702341
13384.8	0.9195221750702338
13386.5	1.002232221070234
13388.2	1.6214972210702343
13389.8	1.6767604210702338
13391.5	1.8939657210702343
13393.2	1.560371421070234
13394.8	1.606686551070234
13396.5	1.090646921070234
13398.2	1.307677821070234
13399.8	0.947881721070234
13401.5	1.3109146210702343
13403.2	1.167235421070234
13404.8	1.618174221070234
13406.5	1.616786221070234
13408.2	1.483859021070234
13409.8	1.2126197210702336
13411.5	1.1842561210702338
13413.2	0.7367326210702341
13414.8	1.2290032210702342
13416.5	0.6035720210702337
13418.2	0.818606721070234
13419.8	0.623682021070234
13421.5	0.8218356210702341
13423.2	1.164959121070234
13424.8	1.5044327210702342
13426.5	1.294486121070234
13428.2	1.5599275210702341
13429.8	1.1255414210702341
13431.5	1.191415621070234
13433.2	0.899814951070234
13434.9	0.9199281210702341
13436.5	0.5443482210702342
13438.2	0.637237421070234
13439.9	0.4781542210702342
13441.5	1.178732221070234
13443.2	1.3945722210702343
13444.9	1.933780241070234
13446.5	1.7359282410702341
13448.2	1.840597421070234
13449.9	1.0576727210702341
13451.5	1.126637421070234
13453.2	0.19604752107023424
13454.9	0.21011322107023403
13456.5	-0.15201317892976593
13458.2	0.21845722107023385
13459.9	0.28103442107023396
13461.5	0.9051572210702341
13463.2	0.4020192210702339
13464.9	0.2630814210702341
13466.5	-0.48332717892976584
13468.2	-0.8744358789297657
13469.9	-1.5559501789297663
13471.5	-1.591052178929766
13473.2	-1.5098129789297658
13474.9	-0.583081878929766
13476.5	0.24256622107023404
13478.2	1.391842021070234
13479.9	2.200110821070234
13481.6	2.9583812210702343
13483.2	2.6957492210702343
13484.9	2.424890221070234
13486.6	1.7630363210702342
13488.2	1.6585092210702341
13489.9	0.9912042210702342
13491.6	0.967164121070234
13493.2	0.9986572210702341
13494.9	1.2952258210702339
13496.6	1.3764842210702342
13498.2	1.6308698210702341
13499.9	1.295918221070234
13501.6	1.829955430070234
13503.2	1.3560882210702343
13504.9	1.4774722210702336
13506.6	1.8441473210702342
13508.2	2.2301652210702336
13509.9	2.3187002210702343
13511.6	2.430100621070234
13513.2	1.525740321070234
13514.9	2.005469121070234
13516.6	1.7640443210702343
13518.2	2.182033721070234
13519.9	2.3166902610702342
13521.6	2.3388960210702336
13523.3	1.8695832210702341
13524.9	1.8845212210702342
13526.6	1.5657922210702342
13528.3	2.4424799510702337
13529.9	2.776446221070234
13531.6	3.107702221070234
13533.3	2.6971802210702336
13534.9	2.332897221070234
13536.6	1.989483321070234
13538.3	2.4031432210702333
13539.9	2.627167221070234
13541.6	3.2381012210702345
13543.3	3.0920254210702334
13544.9	2.764401721070234
13546.6	1.6804972210702338
13548.3	0.9144644210702338
13549.9	0.06750622107023396
13551.6	0.17797322107023406
13553.3	-0.050152778929765995
13554.9	0.536939221070234
13556.6	0.4119161210702341
13558.3	0.9205258210702336
13559.9	0.7762842210702342
13561.6	1.1677812210702343
13563.3	1.257729421070234
13564.9	1.996576221070234
13566.6	2.1301392210702343
13568.3	2.9100640210702347
13570.0	2.546987221070234
13571.6	2.469318301070234
13573.3	1.7749446600702339
13575.0	1.4851837210702339
13576.6	1.1311817210702342
13578.3	1.6046309810702344
13580.0	1.646413721070234
13581.6	2.2199876610702334
13583.3	2.072690021070234
13585.0	2.087856121070234
13586.6	1.699617021070234
13588.3	1.373805591070234
13590.0	0.9584674210702342
13591.6	0.8819711210702341
13593.3	0.09210578107023407
13595.0	0.19394292107023406
13596.6	-0.2962950589297658
13598.3	0.39057532107023396
13600.0	0.8088398210702341
13601.6	1.508466921070234
13603.3	1.9960132210702342
13605.0	2.488342221070234
13606.6	1.899795621070234
13608.3	2.005465521070234
13610.0	1.0669950210702341
13611.6	0.9597664210702341
13613.3	0.2481949210702339
13615.0	0.08016322107023419
13616.7	-0.2788937789297659
13618.3	0.271772821070234
13620.0	0.06788488107023394
13621.7	0.5995685210702342
13623.3	0.40248352107023405
13625.0	0.5896682210702343
13626.7	-0.0766629789297661
13628.3	-0.272750778929766
13630.0	-1.153505778929766
13631.7	-1.1414922789297663
13633.3	-1.352557678929766
13635.0	-0.49481207892976586
13636.7	0.23037722107023387
13638.3	1.6475772210702342
13640.0	1.763537221070234
13641.7	1.757051221070234
13643.3	0.7122542210702337
13645.0	0.2827769210702339
13646.7	-0.08805877892976585
13648.3	0.7609429210702341
13650.0	1.3604388210702338
13651.7	2.6660252210702344
13653.3	2.955771221070234
13655.0	2.8769419210702343
13656.7	1.6145258210702338
13658.3	0.9984243610702339
13660.0	-0.06539167892976598
13661.7	-0.1609530789297658
13663.4	-0.44370657892976606
13665.0	-0.3545714789297659
13666.7	-0.648837278929766
13668.4	-0.4268088789297659
13670.0	-0.6931779789297661
13671.7	-0.008618978929765885
13673.4	0.05777622107023413
13675.0	0.45936452107023407
13676.7	0.4104934210702341
13678.4	0.7846443210702339
13680.0	0.6293346210702341
13681.7	1.4532472210702339
13683.4	1.5590022210702341
13685.0	1.8930182210702342
13686.7	1.252061221070234
13688.4	1.382006921070234
13690.0	1.1886484210702342
13691.7	1.780709121070234
13693.4	1.9439600210702346
13695.0	2.2618913210702343
13696.7	1.9687316210702335
13698.4	1.926270321070234
13700.0	1.2776249210702342
13701.7	1.1343013210702337
13703.4	0.9173290210702341
13705.0	1.049112221070234
13706.7	1.3801042210702341
13708.4	1.568227221070234
13710.1	1.4876852210702338
13711.7	1.5487559110702338
13713.4	1.0365210210702342
13715.1	0.5448095210702341
13716.7	0.16309573107023412
13718.4	-0.08171128892976584
13720.1	-0.292128578929766
13721.7	-0.060921778929766024
13723.4	-0.41637527892976606
13725.1	0.2941173210702341
13726.7	0.420800921070234
13728.4	1.1775122210702342
13730.1	1.7551294050702342
13731.7	2.1145932210702343
13733.4	1.9690047810702338
13735.1	2.4385622210702342
13736.7	2.325188221070234
13738.4	2.9503032210702336
13740.1	3.1091832210702344
13741.7	3.4857592210702335
13743.4	3.208438921070234
13745.1	2.7854668210702336
13746.7	2.298397921070234
13748.4	2.1592321210702337
13750.1	2.023847221070234
13751.8	2.1032759210702343
13753.4	1.9268565210702342
13755.1	2.0046218210702342
13756.8	1.648890421070234
13758.4	2.2100634210702337
13760.1	2.529422521070234
13761.8	3.055621621070234
13763.4	2.8253804210702342
13765.1	2.5080896210702344
13766.8	1.496887621070234
13768.4	1.073326621070234
13770.1	0.28941412107023384
13771.8	0.703404621070234
13773.4	1.0553733210702338
13775.1	1.7503677210702342
13776.8	1.8466731210702343
13778.4	1.629722221070234
13780.1	0.550199221070234
13781.8	0.10755822107023394
13783.4	-0.3277207789297659
13785.1	-0.1409587789297661
13786.8	-0.025890978929765752
13788.4	0.5420392210702341
13790.1	0.5701272210702341
13791.8	0.5267922210702339
13793.4	0.20873122107023426
13795.1	0.44448922107023386
13796.8	0.5995302210702338
13798.5	0.885513221070234
13800.1	0.6510308210702339
13801.8	0.8092007110702341
13803.5	0.557691821070234
13805.1	0.25054922107023414
13806.8	-0.319406778929766
13808.5	-0.44351337892976606
13810.1	-0.6202761789297659
13811.8	-0.5253916789297659
13813.5	-0.46595567892976586
13815.1	0.042734021070234184
13816.8	0.49835322107023394
13818.5	0.9488456210702338
13820.1	1.148388021070234
13821.8	1.318924221070234
13823.5	0.582970121070234
13825.1	0.0860396210702341
13826.8	-1.1294591789297657
13828.5	-1.0261666789297659
13830.1	-0.6779173789297658
13831.8	0.47329622107023395
13833.5	1.6033429210702341
13835.1	2.698292221070234
13836.8	2.5109332210702346
13838.5	2.254040221070234
13840.1	0.8716455210702339
13841.8	0.4367519210702341
13843.5	-0.33285777892976603
13845.2	-0.10564657892976607
13846.8	0.043397221070233846
13848.5	0.719957221070234
13850.2	0.810949221070234
13851.8	1.441860121070234
13853.5	1.6498523210702338
13855.2	2.706951821070234
13856.8	3.2661303210702344
13858.5	3.985302021070234
13860.2	4.160713221070234
13861.8	4.220559221070234
13863.5	3.391681221070234
13865.2	3.517733221070234
13866.8	2.6812841210702336
13868.5	2.580019221070234
13870.2	2.073031121070234
13871.8	1.722281821070234
13873.5	1.204775121070234
13875.2	1.453755321070234
13876.8	1.108224321070234
13878.5	1.8435943210702341
13880.2	1.7969582210702342
13881.8	2.296875421070234
13883.5	2.1193630210702343
13885.2	2.526930121070234
13886.8	1.8532846210702338
13888.5	1.9585098210702339
13890.2	1.169970221070234
13891.9	1.0176372210702338
13893.5	0.7008682210702343
13895.2	1.269332221070234
13896.9	1.332374421070234
13898.5	2.006911721070234
13900.2	1.8971078210702341
13901.9	2.0292148210702337
13903.5	1.264836021070234
13905.2	0.8062942210702339
13906.9	0.1911002210702339
13908.5	0.4251742210702343
13910.2	0.396158911070234
13911.9	0.5506316210702341
13913.5	0.05636222107023396
13915.2	0.2596242210702339
13916.9	-0.34333927892976596
13918.5	-0.418098478929766
13920.2	-0.4614983789297658
13921.9	0.322778411070234
13923.5	0.6469064710702338
13925.2	1.516905121070234
13926.9	1.423228221070234
13928.5	2.3515481210702345
13930.2	2.3973510210702345
13931.9	2.662531221070234
13933.6	2.277332521070234
13935.2	2.4182416210702335
13936.9	1.6749203210702341
13938.6	1.3640036210702342
13940.2	0.601332221070234
13941.9	0.604302221070234
13943.6	0.47615702107023417
13945.2	0.7691975210702342
13946.9	0.7656686210702339
13948.6	1.3531517210702342
13950.2	1.254900321070234
13951.9	1.3266782210702341
13953.6	1.113502221070234
13955.2	1.4131342210702345
13956.9	1.5613132210702338
13958.6	2.170142221070234
13960.2	2.170177221070234
13961.9	2.3008302210702345
13963.6	1.1711356210702342
13965.2	0.4863112210702344
13966.9	-0.355071778929766
13968.6	0.03126422107023434
13970.2	0.17022522107023405
13971.9	0.9964462210702341
13973.6	0.954536221070234
13975.2	1.0123512210702343
13976.9	0.015900821070234182
13978.6	-0.418420478929766
13980.3	-0.791280678929766
13981.9	-0.16854827892976604
13983.6	0.48436652107023404
13985.3	1.546238521070234
13986.9	2.064891221070234
13988.6	2.2855727210702343
13990.3	1.6379579210702342
13991.9	1.396272221070234
13993.6	0.895244221070234
13995.3	1.0840922210702342
13996.9	1.1136955210702342
13998.6	1.059205821070234
14000.3	0.6097661210702341
14001.9	0.5640985210702341
14003.6	-0.036531578929765864
14005.3	0.17694122107023413
14006.9	-0.49866071892976616
14008.6	-0.503973478929766
14010.3	-0.795239318929766
14011.9	-0.14383017892976588
14013.6	0.16994532107023402
14015.3	1.4231032210702341
14016.9	1.8329393210702343
14018.6	2.5482187210702336
14020.3	1.9717492210702343
14021.9	2.081015221070234
14023.6	1.4867392210702342
14025.3	1.446083121070234
14027.0	0.6646224210702343
14028.6	0.6780745210702339
14030.3	0.42850802107023406
14032.0	0.683810721070234
14033.6	0.4795771210702341
14035.3	1.1522833210702341
14037.0	1.2709925010702343
14038.6	1.9667146210702342
14040.3	1.7511346210702343
14042.0	1.644782221070234
14043.6	0.962772821070234
14045.3	0.029562921070233904
14047.0	-0.8158937789297658
14048.6	-0.6295987789297659
14050.3	-0.493132778929766
14052.0	0.8007212210702341
14053.6	0.973266521070234
14055.3	1.3444312210702343
14057.0	1.1591983210702341
14058.6	1.096035221070234
14060.3	0.8634427210702341
14062.0	0.9834172210702341
14063.6	0.4746811210702341
14065.3	0.471544221070234
14067.0	-0.22641017892976611
14068.6	-0.04849977892976596
14070.3	-0.06876067892976603
14072.0	0.4617326210702341
14073.7	0.828249221070234
14075.3	1.3037621210702341
14077.0	1.3794431210702343
14078.7	1.713359541070234
14080.3	1.3193113210702339
14082.0	1.3116778210702342
14083.7	0.718491421070234
14085.3	0.16234782107023388
14087.0	-0.013303778929765909
14088.7	0.45067922107023417
14090.3	0.7703229210702339
14092.0	1.7165910210702342
14093.7	1.8985406210702336
14095.3	1.9014781210702338
14097.0	1.1786948210702342
14098.7	0.5547034210702343
14100.3	-0.2984177789297659
14102.0	-0.6762367789297663
14103.7	-1.1443047789297658
14105.3	-0.44718767892976563
14107.0	-0.004679778929766165
14108.7	0.8432692210702338
14110.3	1.2523052210702343
14112.0	2.0466525210702335
14113.7	2.2622054210702336
14115.4	2.011999991070234
14117.0	1.1300965210702343
14118.7	0.5438829110702341
14120.4	-0.46692917892976593
14122.0	-0.477835918929766
14123.7	-0.7727802789297658
14125.4	-0.09851477892976587
14127.0	0.17664822107023417
14128.7	0.34684022107023427
14130.4	0.023628921070233934
14132.0	0.34562560107023405
14133.7	0.44986842107023384
14135.4	1.723785221070234
14137.0	1.9436462210702339
14138.7	2.2299524210702337
14140.4	1.2879188010702336
14142.0	0.655009121070234
14143.7	-0.223774778929766
14145.4	-0.11538777892976607
14147.0	-0.01680777892976586
14148.7	0.661176221070234
14150.4	0.9156098210702341
14152.0	0.866496221070234
14153.7	0.5164872210702341
14155.4	0.6234862210702341
14157.0	0.790325221070234
14158.7	1.437865121070234
14160.4	1.535178021070234
14162.1	1.9600082210702339
14163.7	1.9213312210702338
14165.4	2.0260502210702334
14167.1	1.536016121070234
14168.7	1.4554502210702343
14170.4	1.175255421070234
14172.1	1.0655910210702342
14173.7	0.4565147210702339
14175.4	0.7471732210702341
14177.1	0.5026521210702342
14178.7	1.2196772610702342
14180.4	1.433360521070234
14182.1	2.1580914910702345
14183.7	2.7750182210702348
14185.4	3.203254171070234
14187.1	2.5516872210702344
14188.7	2.4494836210702338
14190.4	1.697659021070234
14192.1	1.751432221070234
14193.7	1.2812172210702342
14195.4	1.7282172210702342
14197.1	1.8935642210702341
14198.7	2.436280921070234
14200.4	2.095502221070234
14202.1	2.5656212210702334
14203.7	2.077353621070234
14205.4	1.7059644210702338
14207.1	0.0437761210702341
14208.8	-0.7225303789297661
14210.4	-1.6691408789297664
14212.1	-1.582492878929766
14213.8	-1.268381878929766
14215.4	-0.021994178929765962
14217.1	0.44374452107023404
14218.8	0.8208493210702341
14220.4	0.506903221070234
14222.1	1.0455962210702343
14223.8	1.118544221070234
14225.4	1.3990112210702343
14227.1	1.537360621070234
14228.8	1.8326939210702342
14230.4	1.6228233210702343
14232.1	1.374634221070234
14233.8	1.0355706210702338
14235.4	1.1313968210702339
14237.1	0.47348762107023407
14238.8	0.3484869210702338
14240.4	0.465484221070234
14242.1	1.067311821070234
14243.8	1.5636852210702339
14245.4	2.2178313210702343
14247.1	2.4332822210702343
14248.8	3.257454118070234
14250.4	3.192799421070234
14252.1	3.9783222210702336
14253.8	4.322289421070233
14255.5	4.9525901210702346
14257.1	4.9144391210702345
14258.8	5.177746221070235
14260.5	4.673388221070234
14262.1	4.628786821070235
14263.8	3.658564221070234
14265.5	3.331424121070234
14267.1	2.321936221070234
14268.8	1.497193221070234
14270.5	0.7196510210702338
14272.1	0.39337622107023407
14273.8	-0.138500778929766
14275.5	0.36066622107023427
14277.1	0.5772732210702343
14278.8	1.674320221070234
14280.5	2.3191322210702348
14282.1	3.269826221070234
14283.8	3.8136562210702336
14285.5	4.017621221070234
14287.1	3.430625221070234
14288.8	3.028621221070234
14290.5	2.1727962210702345
14292.1	2.3141042210702336
14293.8	2.047141721070234
14295.5	2.4725259410702343
14297.2	2.1964627210702345
14298.8	1.561551221070234
14300.5	0.7654622210702339
14302.2	0.290034621070234
14303.8	-0.46947417892976606
14305.5	-0.20112707892976597
14307.2	-0.22033877892976578
14308.8	0.3234892210702339
14310.5	0.48256012107023416
14312.2	1.0967257210702344
14313.8	1.214468321070234
14315.5	1.5116157210702341
14317.2	0.7567374110702343
14318.8	0.6618926210702343
14320.5	0.3489888210702342
14322.2	0.648861521070234
14323.8	0.6870273210702338
14325.5	1.3450942210702341
14327.2	1.3885856210702339
14328.8	2.145905221070234
14330.5	1.8751192210702343
14332.2	2.2551802210702343
14333.8	2.126976221070234
14335.5	2.162713721070234
14337.2	1.5685812210702341
14338.8	1.289906121070234
14340.5	0.7512484210702338
14342.2	1.131120221070234
14343.9	1.0863972210702342
14345.5	1.7850632210702344
14347.2	2.114351521070234
14348.9	2.2159544210702338
14350.5	1.5634042210702341
14352.2	1.209999291070234
14353.9	0.8331372210702341
14355.5	1.1588652210702342
14357.2	1.2484662210702342
14358.9	1.648258221070234
14360.5	1.7049642210702338
14362.2	1.7287482210702343
14363.9	1.3309852210702338
14365.5	2.006732221070234
14367.2	2.273231221070234
14368.9	2.994243321070234
14370.5	3.161910221070234
14372.2	3.161214221070234
14373.9	2.5104552210702336
14375.5	1.887219321070234
14377.2	0.4811405210702338
14378.9	0.26867622107023414
14380.5	-0.035636708929766135
14382.2	0.5824716210702341
14383.9	0.734716821070234
14385.5	1.220497221070234
14387.2	1.3321366210702341
14388.9	1.9775718210702344
14390.6	2.222426821070234
14392.2	2.900728221070234
14393.9	3.0004059210702345
14395.6	2.9410965210702344
14397.2	1.8046363210702339
14398.9	1.397449121070234
14400.6	0.7096484910702341
14402.2	0.5783837010702338
14403.9	0.24428942107023408
14405.6	-0.041653778929766
14407.2	-0.2385509789297661
14408.9	0.21926972107023399
14410.6	0.576528221070234
14412.2	1.5722202210702343
14413.9	2.288124221070234
14415.6	2.692352221070234
14417.2	2.3666382210702337
14418.9	1.8300232210702336
14420.6	0.9618618210702341
14422.2	0.589258521070234
14423.9	0.6124862210702341
14425.6	1.0684831210702341
14427.2	1.297353321070234
14428.9	1.5671652210702343
14430.6	1.145531221070234
14432.2	0.694690221070234
14433.9	-0.19025977892976614
14435.6	-0.5765427789297662
14437.3	-0.7951641789297657
14438.9	-0.27565867892976614
14440.6	0.23855122107023402
14442.3	1.206497221070234
14443.9	1.8872232210702342
14445.6	2.7269976210702342
14447.3	2.465843141070234
14448.9	2.060487221070234
14450.6	1.313602111070234
14452.3	0.9484632210702341
14453.9	0.3359781910702342
14455.6	0.46869162107023427
14457.3	0.4841310210702339
14458.9	0.9159332210702342
14460.6	0.7423178210702341
14462.3	0.7942722210702338
14463.9	0.15977422107023426
14465.6	0.3686383210702342
14467.3	0.4582283710702339
14468.9	0.8839582210702339
14470.6	1.2487414210702341
14472.3	2.033436221070234
14473.9	2.448201221070234
14475.6	3.1210642210702337
14477.3	2.948080921070234
14479.0	2.649860021070234
14480.6	2.0583650210702342
14482.3	1.5582765210702338
14484.0	1.3720322210702336
14485.6	1.785328221070234
14487.3	2.5396432210702344
14489.0	3.3111332210702344
14490.6	2.983581221070234
14492.3	2.4792008210702337
14494.0	1.5306402210702341
14495.6	0.9106152210702338
14497.3	0.5086878210702338
14499.0	0.785203221070234
14500.6	1.015379321070234
14502.3	2.020563821070234
14504.0	2.456745321070234
14505.6	2.7925250210702344
14507.3	2.606088921070234
14509.0	2.518300221070234
14510.6	1.802881221070234
14512.3	1.9425983210702342
14514.0	1.5829392210702338
14515.6	1.484371221070234
14517.3	0.749495221070234
14519.0	0.19974572107023403
14520.6	-0.7585063789297658
14522.3	-0.8206601789297661
14524.0	-0.7215820789297658
14525.7	0.07574663107023394
14527.3	0.490321521070234
14529.0	1.089636021070234
14530.7	0.7128585210702341
14532.3	0.6435567910702339
14534.0	0.13144300007023393
14535.7	0.21286542107023415
14537.3	0.4076267210702339
14539.0	1.0257827210702342
14540.7	0.990458521070234
14542.3	1.629157221070234
14544.0	1.0718738210702343
14545.7	0.882294921070234
14547.3	0.5347072210702342
14549.0	1.2660102210702342
14550.7	1.4262246210702343
14552.3	2.0988014210702337
14554.0	1.8867497210702342
14555.7	2.2305035210702338
14557.3	1.743536521070234
14559.0	1.758472021070234
14560.7	1.569804221070234
14562.3	2.3004410210702337
14564.0	2.5279345210702346
14565.7	3.124319821070234
14567.3	3.1551083210702338
14569.0	3.1494132210702337
14570.7	2.414980621070234
14572.4	1.7401843430702342
14574.0	0.793348921070234
14575.7	0.5602152210702338
14577.4	0.28081734107023426
14579.0	0.628325221070234
14580.7	0.31678122107023426
14582.4	0.23846022107023387
14584.0	-0.4914047789297659
14585.7	-0.42477537892976597
14587.4	-0.6272522789297661
14589.0	0.17235412107023412
14590.7	0.5111902210702339
14592.4	0.805829221070234
14594.0	0.3748902210702338
14595.7	-0.039912478929765835
14597.4	-1.083624278929766
14599.0	-1.268685978929766
14600.7	-1.4828360789297659
14602.4	-0.608472878929766
14604.0	0.3674472210702342
14605.7	1.036203221070234
14607.4	1.443513521070234
14609.0	1.8809476210702336
14610.7	1.747072221070234
14612.4	2.2262382210702336
14614.0	2.1157219210702345
14615.7	2.4205442210702337
14617.4	2.458261221070234
14619.1	2.243957221070234
14620.7	1.6057669210702339
14622.4	1.5785533210702338
14624.1	1.059325221070234
14625.7	1.0724072210702342
14627.4	0.31549552107023415
14629.1	-0.05412777892976619
14630.7	-0.555152278929766
14632.4	-0.3873019789297659
14634.1	-0.4730958789297661
14635.7	0.06786092107023407
14637.4	0.6337615210702339
14639.1	1.2939739210702341
14640.7	1.5391729610702343
14642.4	2.451793421070234
14644.1	2.522743221070234
14645.7	3.1356846210702343
14647.4	3.390007381070234
14649.1	3.8961990210702337
14650.7	4.448301021070234
14652.4	4.699395221070233
14654.1	4.176280521070234
14655.7	3.5348352210702343
14657.4	2.0529492210702345
14659.1	1.169988121070234
14660.8	0.28496304507023407
14662.4	0.45675162107023387
14664.1	0.737599821070234
14665.8	1.0137636210702343
14667.4	1.293279421070234
14669.1	1.854615721070234
14670.8	1.7011028210702335
14672.4	2.264900221070234
14674.1	2.0597972210702333
14675.8	2.1735952210702343
14677.4	2.050507221070234
14679.1	2.079907221070234
14680.8	2.0389063210702343
14682.4	2.6508238210702335
14684.1	2.388420021070234
14685.8	2.438659901070234
14687.4	1.802696221070234
14689.1	1.4064072210702339
14690.8	1.027568221070234
14692.4	1.139580321070234
14694.1	0.8303922210702339
14695.8	0.9315161210702343
14697.4	0.668679221070234
14699.1	0.509675221070234
14700.8	0.19334322107023416
14702.4	0.6853802210702338
14704.1	0.975816821070234
14705.8	2.1563532210702343
14707.5	2.325616221070234
14709.1	2.3682732210702335
14710.8	1.977603221070234
14712.5	1.232821221070234
14714.1	0.3265164210702337
14715.8	0.3803630210702339
14717.5	0.091759221070234
14719.1	0.6492684210702337
14720.8	0.7351589210702342
14722.5	0.7478662210702343
14724.1	0.5661802210702342
14725.8	0.30445687107023406
14727.5	0.10120422107023419
14729.1	0.648373521070234
14730.8	0.9361075210702341
14732.5	1.5112572210702342
14734.1	2.031054321070234
14735.8	2.342479321070234
14737.5	1.995996221070234
14739.1	1.292708221070234
14740.8	0.1579677210702341
14742.5	-0.5710937789297654
14744.1	-1.3856098789297662
14745.8	-1.528933778929766
14747.5	-1.4425647789297655
14749.1	-1.1460417789297659
14750.8	-0.9083919789297663
14752.5	-0.27526597892976595
14754.2	0.01371182107023392
14755.8	1.0959318210702338
14757.5	1.5987202210702343
14759.2	2.0640721210702337
14760.8	1.7779152210702343
14762.5	1.104090621070234
14764.2	-0.00851757892976579
14765.8	-0.19534077892976587
14767.5	-0.5887497789297658
14769.2	-0.09282977892976581
14770.8	0.14989022107023403
14772.5	1.155221221070234
14774.2	1.7456017210702341
14775.8	2.5347403210702337
14777.5	2.7797921210702343
14779.2	3.1921994210702342
14780.8	2.8588215110702344
14782.5	2.824989621070234
14784.2	1.799438221070234
14785.8	1.532739121070234
14787.5	0.7446426210702338
14789.2	0.6768041010702339
14790.8	0.5281036210702343
14792.5	1.139763221070234
14794.2	1.064795221070234
14795.8	1.3784572210702342
14797.5	1.2800083210702344
14799.2	1.8266982210702338
14800.9	1.6307681210702338
14802.5	1.622401921070234
14804.2	0.9426292210702341
14805.9	0.44191422107023437
14807.5	-0.4431147789297666
14809.2	-0.6390157789297659
14810.9	-0.41506577892976554
14812.5	0.585338821070234
14814.2	0.992618821070234
14815.9	1.2629330210702339
14817.5	1.0990062210702343
14819.2	1.2359902210702338
14820.9	1.1102442210702341
14822.5	1.5557832210702336
14824.2	1.633261221070234
14825.9	1.564774221070234
14827.5	0.915723221070234
14829.2	0.680468221070234
14830.9	0.419760721070234
14832.5	0.778291221070234
14834.2	1.000917221070234
14835.9	1.3941942210702343
14837.5	1.2633862210702342
14839.2	1.039656221070234
14840.9	0.23161322107023397
14842.6	0.198925221070234
14844.2	0.145902221070234
14845.9	0.7390652210702339
14847.6	0.9647912210702341
14849.2	1.852816721070234
14850.9	2.0548502210702337
14852.6	2.8560466210702335
14854.2	2.3989332210702337
14855.9	2.475428221070234
14857.6	1.905004221070234
14859.2	2.3465277110702343
14860.9	2.161862621070234
14862.6	2.4780964710702342
14864.2	2.046781821070234
14865.9	2.8342222210702337
14867.6	2.570569321070234
14869.2	3.041385421070234
14870.9	2.9984773210702342
14872.6	3.4038517210702337
14874.2	2.5705302210702343
14875.9	2.0071299210702342
14877.6	1.0884904210702342
14879.2	1.3429592210702344
14880.9	1.5611872610702342
14882.6	2.619591321070234
14884.2	2.872992221070234
14885.9	3.5484609210702347
14887.6	2.991065521070234
14889.3	2.706907221070234
14890.9	2.1396963210702338
14892.6	2.072197221070234
14894.3	1.8350331210702344
14895.9	2.370834221070234
14897.6	2.2483304310702343
14899.3	2.146718021070234
14900.9	2.0054209210702343
14902.6	2.4790718210702343
14904.3	2.746855421070234
14905.9	3.234353121070234
14907.6	3.3143072210702345
14909.3	3.2266156210702333
14910.9	2.530456221070234
14912.6	1.723899021070234
14914.3	0.9675677210702339
14915.9	0.977785721070234
14917.6	1.3837729210702339
14919.3	1.5528796810702343
14920.9	1.5614037510702343
14922.6	1.7730005210702338
14924.3	1.6876208210702341
14925.9	1.744907221070234
14927.6	1.129923421070234
14929.3	1.090447321070234
14930.9	1.0475882210702345
14932.6	1.3211352210702338
14934.3	1.312487221070234
14936.0	1.586370221070234
14937.6	1.466574621070234
14939.3	1.9690800210702342
14941.0	1.653550221070234
14942.6	2.0500559210702343
14944.3	2.2939742210702345
14946.0	2.491765521070234
14947.6	2.045125821070234
14949.3	1.7543785210702336
14951.0	0.9143529910702342
14952.6	1.283216721070234
14954.3	1.361067621070234
14956.0	1.425478021070234
14957.6	1.390671481070234
14959.3	1.5171488210702335
14961.0	1.131177221070234
14962.6	1.5358548210702339
14964.3	1.471902421070234
14966.0	2.004874921070234
14967.6	1.7559655210702345
14969.3	1.7065772000702342
14971.0	1.3503742210702339
14972.6	1.694192221070234
14974.3	1.7794575210702341
14976.0	2.287099121070234
14977.6	2.033946621070234
14979.3	1.979530021070234
14981.0	1.480119221070234
14982.7	1.1888012210702341
14984.3	0.9267445210702338
14986.0	1.100870621070234
14987.7	0.7892576210702341
14989.3	0.8688509210702339
14991.0	0.4914744210702341
14992.7	0.47074452107023423
14994.3	0.725409221070234
14996.0	1.224278221070234
14997.7	1.2259207210702339
14999.3	1.6130836210702342
15001.0	1.1688640210702341
15002.7	1.3106573210702341
15004.3	0.9809329210702339
15006.0	0.9886507210702339
15007.7	1.073326021070234
15009.3	1.4628844010702342
15011.0	1.6308008710702342
15012.7	2.2890701210702344
15014.3	2.1940422210702337
15016.0	2.3895582210702337
15017.7	1.5208582210702337
15019.3	0.7254312210702336
15021.0	-0.33969977892976627
15022.7	-1.006350778929766
15024.4	-1.5527377789297663
15026.0	-1.262826778929766
15027.7	-1.277432878929766
15029.4	-0.34306787892976576
15031.0	0.29469502107023404
15032.7	1.4837365210702338
15034.4	2.022692121070234
15036.0	2.5046997210702338
15037.7	2.6838995210702343
15039.4	2.772907021070234
15041.0	2.5628239210702333
15042.7	2.710535821070234
15044.4	2.263156321070234
15046.0	2.009723321070234
15047.7	1.260006621070234
15049.4	0.7444072210702342
15051.0	0.4602593610702339
15052.7	0.5568622210702341
15054.4	0.5236313310702339
15056.0	1.4682804210702343
15057.7	1.695636821070234
15059.4	2.437541431070234
15061.0	2.782313421070234
15062.7	3.333478121070234
15064.4	3.027099021070234
15066.0	2.9095450210702345
15067.7	1.749022421070234
15069.4	1.3220936210702336
15071.1	0.524509221070234
15072.7	0.5337042210702337
15074.4	0.562440721070234
15076.1	1.230065221070234
15077.7	1.192927221070234
15079.4	1.114298221070234
15081.1	0.7586122210702343
15082.7	0.8875043210702339
15084.4	1.179736221070234
15086.1	2.020356221070234
15087.7	2.149346721070234
15089.4	2.055695221070234
15091.1	0.9991695090702338
15092.7	-0.314049778929766
15094.4	-1.3642437789297657
15096.1	-1.5053577789297659
15097.7	-1.035938078929766
15099.4	0.4651672210702342
15101.1	2.050480221070234
15102.7	3.556786221070234
15104.4	4.517707821070235
15106.1	5.0356758210702335
15107.7	4.789192221070233
15109.4	4.196130421070234
15111.1	3.020385511070234
15112.7	1.9236587210702338
15114.4	0.8096053210702341
15116.1	0.032174621070233965
15117.8	-0.5159370789297661
15119.4	-0.32641727892976574
15121.1	-0.1683145789297662
15122.8	0.12637952107023437
15124.4	0.11239822107023412
15126.1	0.32668102107023395
15127.8	0.25732122107023425
15129.4	0.46384542107023397
15131.1	0.8744187210702339
15132.8	1.6880250210702343
15134.4	2.232240221070234
15136.1	2.635375381070234
15137.8	2.046643921070234
15139.4	1.7888417210702343
15141.1	1.216449721070234
15142.8	1.202008121070234
15144.4	1.0498664210702342
15146.1	1.2592822210702341
15147.8	1.177462221070234
15149.4	1.454631701070234
15151.1	1.116528221070234
15152.8	1.5946750210702338
15154.4	1.8843492210702337
15156.1	2.9130135210702344
15157.8	3.4025642210702345
15159.4	3.8386016210702336
15161.1	3.6910134210702337
15162.8	3.5294652210702337
15164.5	2.858891221070234
15166.1	2.6691278210702345
15167.8	2.0992875210702344
15169.5	2.031475221070234
15171.1	1.615104921070234
15172.8	1.383503221070234
15174.5	1.0349652210702343
15176.1	1.1856808210702336
15177.8	1.2632487210702341
15179.5	1.7849172210702338
15181.1	1.3956725210702339
15182.8	0.9131557210702343
15184.5	0.08177122107023385
15186.1	-0.28559416892976597
15187.8	-0.639678478929766
15189.5	-0.09384487892976576
15191.1	0.3349926210702341
15192.8	1.6288642210702338
15194.5	2.390626321070234
15196.1	2.948323221070234
15197.8	3.2684402210702346
15199.5	3.241141521070234
15201.1	2.136216421070234
15202.8	1.7098662210702344
15204.5	0.7247122210702341
15206.2	0.9692432210702341
15207.8	1.1933555410702341
15209.5	1.2250449310702343
15211.2	1.9505564210702342
15212.8	2.7355062210702337
15214.5	2.9947726210702337
15216.2	3.877289621070234
15217.8	3.738451221070233
15219.5	3.585492421070234
15221.2	2.9102480210702337
15222.8	1.8659699810702342
15224.5	1.6194642210702344
15226.2	2.127506721070234
15227.8	2.4851171210702345
15229.5	3.2972140510702346
15231.2	3.3429902210702336
15232.8	3.511504321070235
15234.5	3.058849721070234
15236.2	2.832984021070234
15237.8	2.2375916210702345
15239.5	1.5054094210702342
15241.2	0.4912832210702341
15242.8	-0.03388437892976581
15244.5	-0.4561729789297658
15246.2	0.24412872107023426
15247.8	0.4646362210702339
15249.5	1.550995521070234
15251.2	2.325646721070234
15252.9	2.907479221070234
15254.5	3.0114502210702345
15256.2	3.121721221070234
15257.9	2.5286742210702338
15259.5	2.324323221070234
15261.2	1.6260973210702343
15262.9	1.3112842210702342
15264.5	0.5709056210702339
15266.2	0.2720742210702339
15267.9	-0.3161137789297661
15269.5	0.09151632107023407
15271.2	1.4177470210702343
15272.9	3.267141021070234
15274.5	4.816470221070235
15276.2	5.125154221070234
15277.9	4.0515092210702335
15279.5	2.554395221070234
15281.2	0.2816255210702339
15282.9	-0.972560578929766
15284.5	-1.393907778929766
15286.2	-0.7103327789297661
15287.9	0.026076221070233795
15289.5	0.7171422210702341
15291.2	1.4649262210702338
15292.9	2.265063221070234
15294.5	2.6288172210702334
15296.2	2.819627221070234
15297.9	2.2001823210702343
15299.6	1.964796021070234
15301.2	1.1013344710702342
15302.9	0.4966748210702341
15304.6	0.3005779510702341
15306.2	0.4687161210702341
15307.9	1.021724791070234
15309.6	1.8468203210702339
15311.2	2.166894421070234
15312.9	2.7810656210702343
15314.6	2.620449421070234
15316.2	2.401381521070234
15317.9	1.502896921070234
15319.6	1.460319921070234
15321.2	1.4138918210702343
15322.9	2.122787121070234
15324.6	2.361988221070234
15326.2	2.755830221070234
15327.9	2.2931652210702342
15329.6	2.052372221070234
15331.2	1.1293182210702342
15332.9	1.2898362210702339
15334.6	1.561616221070234
15336.2	2.6985162210702343
15337.9	3.658654221070235
15339.6	4.346199121070233
15341.2	4.258232221070234
15342.9	4.124959021070234
15344.6	3.5108333210702343
15346.3	3.2036801210702337
15347.9	2.781953721070234
15349.6	2.6107712210702343
15351.3	2.1926142210702344
15352.9	1.6205142210702341
15354.6	0.650170221070234
15356.3	0.17793032107023402
15357.9	-0.4686535789297663
15359.6	-0.6542874389297658
15361.3	-0.5708962789297659
15362.9	0.48324492107023403
15364.6	1.400949721070234
15366.3	2.7057380210702338
15367.9	3.0850000210702335
15369.6	3.5234189210702347
15371.3	2.9616353080702345
15372.9	2.213199731070234
15374.6	1.265424491070234
15376.3	1.0538492210702342
15377.9	1.2625176210702342
15379.6	2.131294821070234
15381.3	2.8248393210702343
15382.9	2.8212869210702345
15384.6	2.037772721070234
15386.3	1.154670221070234
15388.0	0.05228549607023396
15389.6	-0.530711078929766
15391.3	-0.5571387789297659
15393.0	-0.4283292789297658
15394.6	-0.12847470892976592
15396.3	0.24397322107023411
15398.0	0.41026972107023385
15399.6	1.274059531070234
15401.3	1.7429140210702343
15403.0	2.037178821070234
15404.6	2.254389721070234
15406.3	2.548295321070234
15408.0	2.076162221070234
15409.6	1.817403221070234
15411.3	1.1158507210702342
15413.0	0.7583642210702342
15414.6	0.3887862210702339
15416.3	0.5403683210702341
15418.0	0.4525446910702339
15419.6	0.8424652210702339
15421.3	0.6521122210702339
15423.0	1.1050692210702344
15424.6	1.4172192210702341
15426.3	2.0513232210702346
15428.0	2.169146621070234
15429.6	2.5624522210702336
15431.3	2.473299221070234
15433.0	2.729153221070234
15434.7	2.4508452210702343
15436.3	3.0045592210702337
15438.0	2.792017221070234
15439.7	2.534244721070235
15441.3	2.308198621070234
15443.0	2.598721421070234
15444.7	2.9811285210702345
15446.3	3.6435996210702344
15448.0	3.4322356210702347
15449.7	3.5116147810702345
15451.3	2.5663722210702344
15453.0	1.633653921070234
15454.7	0.9044332210702339
15456.3	0.9449462210702345
15458.0	1.2528953210702338
15459.7	1.849616271070234
15461.3	2.131912521070234
15463.0	2.598285721070234
15464.7	2.6424815210702333
15466.3	2.8982478210702345
15468.0	3.019601609070234
15469.7	3.291071221070234
15471.3	3.159077421070234
15473.0	2.633521231070234
15474.7	1.8496212210702339
15476.3	1.1030138210702338
15478.0	0.36085272107023386
15479.7	0.3265713110702338
15481.4	0.39443422107023424
15483.0	0.6954077210702339
15484.7	0.4698923210702343
15486.4	0.5001613210702341
15488.0	-0.10868817892976593
15489.7	-0.3123984789297657
15491.4	-0.7961162789297658
15493.0	-1.0424683789297657
15494.7	-1.328750658929766
15496.4	-0.8356115789297665
15498.0	-0.8298553789297658
15499.7	0.431516221070234
15501.4	0.5426322210702343
15503.0	0.667672221070234
15504.7	-0.21214877892976586
15506.4	-0.8337087789297657
15508.0	-1.0882872789297657
15509.7	-0.49128977892976594
15511.4	-0.07132927892976607
15513.0	1.7085748210702338
15514.7	2.502648491070234
15516.4	2.860170021070234
15518.0	2.100223721070234
15519.7	1.0988155210702337
15521.4	0.026070621070234168
15523.0	-0.5660013789297659
15524.7	-0.997678578929766
15526.4	-0.20674447892976588
15528.1	0.28608730107023406
15529.7	0.7213269210702342
15531.4	0.04282942107023384
15533.1	-0.1673399789297659
15534.7	-0.504156778929766
15536.4	-0.7129248789297657
15538.1	-0.7793261789297657
15539.7	0.017532821070234128
15541.4	0.3738260210702341
15543.1	1.7235552210702338
15544.7	2.5101952210702336
15546.4	3.6323342210702343
15548.1	3.862586721070234
15549.7	3.592310221070234
15551.4	2.508022621070234
15553.1	2.4734808210702344
15554.7	2.462549821070234
15556.4	2.601736221070234
15558.1	2.451892221070234
15559.7	2.4025662210702348
15561.4	1.7743066210702334
15563.1	1.2935415210702341
15564.7	0.8455893210702344
15566.4	0.7012128210702341
15568.1	0.7195490210702339
15569.8	1.173451121070234
15571.4	1.237840221070234
15573.1	1.554253221070234
15574.8	0.997948221070234
15576.4	-0.28385857892976585
15578.1	-1.1962697789297663
15579.8	-1.7684954789297656
15581.4	-2.036234346929766
15583.1	-0.8527003789297657
15584.8	0.032771021070233886
15586.4	0.8598599210702342
15588.1	1.2775561210702344
15589.8	1.4964932210702337
15591.4	1.7800050210702338
15593.1	2.606565221070234
15594.8	2.893051221070234
15596.4	3.374357621070234
15598.1	3.4330866010702343
15599.8	3.5549652210702347
15601.4	3.666169221070235
15603.1	4.527878221070234
15604.8	4.7415702210702335
15606.4	5.333382621070234
15608.1	4.994522221070234
15609.8	4.517461721070234
15611.4	3.2308752210702343
15613.1	2.578091221070234
15614.8	1.817401221070234
15616.5	2.1161922210702335
15618.1	2.0292011210702343
15619.8	2.278792121070234
15621.5	1.780939821070234
15623.1	1.5915442210702342
15624.8	1.464625021070234
15626.5	2.0442695210702335
15628.1	2.818237221070235
15629.8	3.968409921070235
15631.5	4.208451221070233
15633.1	4.181126221070234
15634.8	3.3650860210702342
15636.5	2.290880221070234
15638.1	1.253164921070234
15639.8	0.47336663107023413
15641.5	-0.08191377892976578
15643.1	0.1474852210702336
15644.8	0.7000936210702343
15646.5	2.284277521070234
15648.1	3.240681221070234
15649.8	4.334327521070234
15651.5	4.832197221070233
15653.1	4.881288221070234
15654.8	4.292775221070234
15656.5	3.614391221070234
15658.1	2.3137322210702336
15659.8	1.731270221070234
15661.5	0.49212922107023405
15663.2	0.14451992107023362
15664.8	0.34897602107023384
15666.5	0.9111177210702339
15668.2	1.415466421070234
15669.8	2.1035766210702342
15671.5	1.9007789210702335
15673.2	2.343216821070234
15674.8	1.998597281070234
15676.5	1.351890221070234
15678.2	0.4668172210702344
15679.8	-0.8111317789297658
15681.5	-1.7505166789297657
15683.2	-1.6086015789297659
15684.8	-1.412926078929766
15686.5	0.2914619210702343
15688.2	1.441775221070234
15689.8	2.468210221070234
15691.5	2.634343321070234
15693.2	2.3165156210702342
15694.8	2.183704321070234
15696.5	2.4058662210702346
15698.2	2.718192221070234
15699.8	3.6086842210702335
15701.5	3.129699021070234
15703.2	3.0872240210702344
15704.8	2.208959741070234
15706.5	1.7133803210702339
15708.2	1.3769432210702341
15709.9	1.5183044210702341
15711.5	1.783074221070234
15713.2	2.825639221070234
15714.9	2.806064121070234
15716.5	3.5414454210702337
15718.2	3.2743866210702337
15719.9	3.2937248210702337
15721.5	2.7513642210702343
15723.2	2.469397221070234
15724.9	1.889039221070234
15726.5	1.7914508210702345
15728.2	1.105576221070234
15729.9	1.001451621070234
15731.5	0.1102454210702342
15733.2	-0.3663797789297659
15734.9	-1.0287937789297656
15736.5	-0.894211778929766
15738.2	-0.4307259789297656
15739.9	0.25581422107023377
15741.5	0.4946132210702334
15743.2	0.8978542210702347
15744.9	0.5069242210702339
15746.5	0.1096102210702341
15748.2	0.05760122107023413
15749.9	0.5187192210702343
15751.6	0.9609449210702341
15753.2	1.7537152210702343
15754.9	1.791050221070234
15756.6	2.2973102210702345
15758.2	2.646338221070234
15759.9	2.679701221070234
15761.6	2.3084782210702337
15763.2	2.149825221070234
15764.9	1.3817126210702337
15766.6	1.2652202210702341
15768.2	0.8529872210702338
15769.9	1.643508221070234
15771.6	2.3193478210702336
15773.2	3.8020711210702336
15774.9	3.688356521070234
15776.6	3.4077698210702336
15778.2	1.5832565210702338
15779.9	0.11594932107023381
15781.6	-1.386414678929766
15783.2	-1.2745351789297659
15784.9	-0.527308678929766
15786.6	1.2146596210702338
15788.2	1.744746221070234
15789.9	1.9116242210702339
15791.6	0.7077792210702339
15793.2	-0.04897037892976606
15794.9	-1.099769778929766
15796.6	-1.392697578929766
15798.3	-1.229084478929766
15799.9	-0.41716587892976625
15801.6	0.281273021070234
15803.3	0.9425122210702341
15804.9	0.758798221070234
15806.6	1.1030872210702338
15808.3	0.649550821070234
15809.9	1.044140221070234
15811.6	1.200353221070234
15813.3	2.1261208210702343
15814.9	2.4678266210702344
15816.6	2.869266021070234
15818.3	2.1277562210702343
15819.9	1.7279939210702338
15821.6	0.7044752210702336
15823.3	1.338203221070234
15824.9	1.591138021070234
15826.6	3.106023221070234
15828.3	3.9365052210702345
15829.9	4.385695221070234
15831.6	3.828687221070234
15833.3	2.809012521070234
15834.9	0.661305021070234
15836.6	0.014237921070234005
15838.3	-0.9271180789297657
15839.9	-0.4953072789297659
15841.6	0.754247221070234
15843.3	2.0499412210702337
15845.0	3.086384221070234
15846.6	4.001993521070235
15848.3	3.702754221070234
15850.0	4.173068221070233
15851.6	4.163625221070234
15853.3	4.181709221070234
15855.0	3.697715921070234
15856.6	2.537906221070234
15858.3	0.5284052210702338
15860.0	-0.35132777892976585
15861.6	-1.1903660789297663
15863.3	-0.9752703789297661
15865.0	-0.854485028929766
15866.6	-0.5225192789297658
15868.3	-0.4564007789297661
15870.0	-0.2888598789297664
15871.6	-0.6977434789297658
15873.3	-0.14675077892976612
15875.0	-0.024359778929765864
15876.6	0.6303272210702341
15878.3	0.3178732210702339
15880.0	-0.015101778929766052
15881.6	-1.0468390689297657
15883.3	-2.1186477789297657
15885.0	-3.652701778929765
15886.6	-4.1048347789297654
15888.3	-4.051537308929767
15890.0	-2.206185718929766
15891.7	-0.6756017789297657
15893.3	1.3123638210702342
15895.0	1.9799763210702346
15896.7	2.414850021070234
15898.3	1.8155963210702342
15900.0	1.3951216710702343
15901.7	0.9290842210702344
15903.3	1.5470962210702341
15905.0	1.7497692210702342
15906.7	2.5306496210702343
15908.3	2.012517221070234
15910.0	1.5230452210702343
15911.7	0.4826792210702342
15913.3	-0.012302578929765851
15915.0	-0.6541137789297657
15916.7	0.05577922107023388
15918.3	0.052496021070233836
15920.0	0.798609921070234
15921.7	1.0097652210702344
15923.3	1.464127221070234
15925.0	1.4912542210702342
15926.7	2.0237672210702344
15928.3	1.450836121070234
15930.0	1.7802712210702338
15931.7	0.1624212210702339
15933.4	-1.112095178929766
15935.0	-2.569223478929766
15936.7	-3.077832378929766
15938.4	-2.9480887789297663
15940.0	-1.3686863789297656
15941.7	-0.5598637789297662
15943.4	1.0199720810702342
15945.0	1.0600827210702342
15946.7	1.3813087210702342
15948.4	1.3485373210702343
15950.0	1.3986164210702343
15951.7	0.8748723210702337
15953.4	0.5672142210702343
15955.0	-0.17154477892976558
15956.7	-0.6389107789297659
15958.4	-0.7675800789297659
15960.0	0.2158553410702341
15961.7	1.021680421070234
15963.4	2.2924693210702345
15965.0	3.0869291210702343
15966.7	3.720432721070234
15968.4	3.159978851070234
15970.0	2.1989615210702342
15971.7	1.121521121070234
15973.4	0.5664472210702337
15975.0	-0.08111557892976595
15976.7	0.16697572107023415
15978.4	-0.16303877892976598
15980.1	0.20790922107023402
15981.7	0.03786642107023388
15983.4	0.30145712107023404
15985.1	1.0188112210702343
15986.7	1.9301052210702339
15988.4	2.3335992210702337
15990.1	3.0956472210702346
15991.7	3.579604221070234
15993.4	4.3404352210702335
15995.1	4.235884021070234
15996.7	4.533589221070234
15998.4	3.714355221070234
16000.1	3.0816256210702337
16001.7	2.305688221070234
16003.4	2.047914921070234
16005.1	1.557966221070234
16006.7	2.3862872210702344
16008.4	1.8433082210702338
16010.1	1.9758722210702337
16011.7	1.2511552210702344
16013.4	1.050385221070234
16015.1	0.8870101210702341
16016.7	2.183911221070234
16018.4	2.828361691070234
16020.1	4.320611921070234
16021.7	4.474641301070234
16023.4	4.859236521070233
16025.1	4.134873221070234
16026.8	4.012246721070234
16028.4	3.146789021070234
16030.1	2.9264869210702344
16031.8	1.9959532210702338
16033.4	1.6794722210702346
16035.1	0.4345652210702339
16036.8	0.9961612210702342
16038.4	1.4952999210702347
16040.1	3.374486121070234
16041.8	4.927434521070235
16043.4	6.161430621070234
16045.1	5.945493821070234
16046.8	4.983856521070234
16048.4	2.5728569210702337
16050.1	1.1605030210702345
16051.8	0.38165452107023395
16053.4	0.7608801210702342
16055.1	1.7947564210702338
16056.8	2.931723221070234
16058.4	3.7725182210702344
16060.1	4.457213721070235
16061.8	3.873941221070234
16063.4	3.3133742210702346
16065.1	2.5109082210702347
16066.8	1.711418621070234
16068.4	0.5943338210702341
16070.1	0.043958821070233925
16071.8	-0.17180277892976595
16073.5	0.24093092107023412
16075.1	0.8355678210702342
16076.8	1.5649193210702343
16078.5	1.9730082210702338
16080.1	2.129216221070234
16081.8	0.8068900210702342
16083.5	-0.03708977892976613
16085.1	-0.48648077892976627
16086.8	-0.5211607789297659
16088.5	-0.03703997892976578
16090.1	0.9581411210702342
16091.8	1.263785221070234
16093.5	1.848544221070234
16095.1	1.784608221070234
16096.8	2.4412122210702343
16098.5	3.0117622210702337
16100.1	3.339396221070234
16101.8	2.7134662210702336
16103.5	2.688268221070234
16105.1	1.7673702210702338
16106.8	1.2056872210702338
16108.5	0.4033455210702341
16110.1	0.014653221070234146
16111.8	-0.717687778929766
16113.5	-1.5285373789297658
16115.2	-2.639936778929766
16116.8	-2.4038127789297663
16118.5	-1.9569817789297654
16120.2	-0.7802181789297661
16121.8	-0.14754327892976615
16123.5	0.7356306210702338
16125.2	0.790478721070234
16126.8	0.5500913210702341
16128.5	-0.20496987892976598
16130.2	-0.17223587892976594
16131.8	-0.2717150789297661
16133.5	0.11265133107023413
16135.2	0.16657272107023413
16136.8	0.6408312210702342
16138.5	0.5455432210702339
16140.2	0.3839131210702342
16141.8	0.09495852107023381
16143.5	0.3592652210702341
16145.2	0.23203972107023393
16146.8	0.749597821070234
16148.5	1.664335621070234
16150.2	2.9759916210702344
16151.8	3.7625908210702343
16153.5	3.871047521070234
16155.2	3.261688021070234
16156.8	2.2269343210702344
16158.5	0.5373332210702342
16160.2	-0.295350078929766
16161.9	-0.5166955789297658
16163.5	0.1157424210702338
16165.2	0.4032962210702336
16166.9	0.819500621070234
16168.5	0.8361758210702339
16170.2	0.49138722107023425
16171.9	0.04632422107023384
16173.5	0.003169221070233874
16175.2	-0.36395277892976613
16176.9	-0.04519377892976628
16178.5	0.14508022107023422
16180.2	0.9086692210702338
16181.9	1.1959352210702343
16183.5	1.514057221070234
16185.2	1.736076221070234
16186.9	2.863760221070234
16188.5	3.5938666710702343
16190.2	4.586013221070234
16191.9	4.854761221070234
16193.5	5.185187221070234
16195.2	3.805135221070233
16196.9	2.678378331070234
16198.5	0.9094842210702339
16200.2	0.5662882210702344
16201.9	0.14708192107023396
16203.5	0.6592412210702342
16205.2	0.7682185210702344
16206.9	1.0609112210702343
16208.6	0.4315762210702344
16210.2	0.024588321070233832
16211.9	-0.4271083789297661
16213.6	0.516557951070234
16215.2	1.4198597210702346
16216.9	2.394083921070234
16218.6	2.9353587210702345
16220.2	3.221911711070234
16221.9	2.8600762210702335
16223.6	2.8891559210702336
16225.2	2.8351667687702347
16226.9	3.049045621070234
16228.6	3.1723275210702333
16230.2	2.708722221070234
16231.9	2.0376372210702334
16233.6	2.2719992210702338
16235.2	2.455368521070234
16236.9	3.395998021070234
16238.6	4.368882221070234
16240.2	4.952835021070234
16241.9	4.913901321070234
16243.6	4.155443221070234
16245.2	2.584442221070234
16246.9	2.055256221070234
16248.6	2.1385072210702343
16250.2	2.9957882210702342
16251.9	3.363701171070234
16253.6	3.762287221070234
16255.3	2.918636221070234
16256.9	1.9099032210702345
16258.6	0.10287092107023428
16260.3	-0.9624537789297657
16261.9	-1.5423637789297657
16263.6	-1.343325778929766
16265.3	-1.493477578929766
16266.9	-1.026316778929766
16268.6	-1.0897837789297657
16270.3	-1.0886497789297658
16271.9	-1.1142398789297663
16273.6	-0.7731517789297659
16275.3	-0.20796977892976592
16276.9	0.337508221070234
16278.6	0.44887822107023434
16280.3	0.904706621070234
16281.9	0.4638962210702343
16283.6	0.04356792107023426
16285.3	-0.6377749489297656
16286.9	-1.367279778929766
16288.6	-1.791492678929766
16290.3	-1.863415778929766
16291.9	-1.8544087789297656
16293.6	-0.5646594389297659
16295.3	0.0364892210702342
16297.0	0.6469392210702342
16298.6	0.9248512210702341
16300.3	0.9146098210702338
16302.0	0.8583637210702344
16303.6	1.5478062210702341
16305.3	1.894505321070234
16307.0	2.9012947210702342
16308.6	2.771027021070234
16310.3	1.9656842210702343
16312.0	0.8253214210702338
16313.6	0.5275472210702346
16315.3	0.18391022107023397
16317.0	1.0424519210702339
16318.6	1.1744482210702338
16320.3	1.7524932210702342
16322.0	1.7098882210702342
16323.6	1.398721221070234
16325.3	0.905211221070234
16327.0	0.8321932210702343
16328.6	0.583898321070234
16330.3	0.892590221070234
16332.0	0.7981242210702341
16333.6	1.865452221070234
16335.3	2.803774221070234
16337.0	3.172255321070234
16338.6	3.132103221070234
16340.3	2.9547092210702344
16342.0	2.2629069210702335
16343.7	1.7178828210702342
16345.3	0.8231785210702341
16347.0	0.3202829210702342
16348.7	0.030304221070233783
16350.3	0.5232092210702339
16352.0	1.359406121070234
16353.7	2.586960431070234
16355.3	3.5968594210702336
16357.0	4.183461321070235
16358.7	3.8506902210702334
16360.3	3.1953072210702342
16362.0	2.159133821070234
16363.7	1.5159132210702342
16365.3	1.1188212210702342
16367.0	0.8340602210702339
16368.7	0.585230221070234
16370.3	0.810580221070234
16372.0	0.948624221070234
16373.7	1.169253221070234
16375.3	1.6375632210702342
16377.0	2.668453921070234
16378.7	2.9965323210702346
16380.3	3.073328221070234
16382.0	2.4573612210702342
16383.7	2.0783422210702343
16385.3	1.4574212210702338
16387.0	1.7704732210702345
16388.7	1.832688221070234
16390.4	2.525182221070234
16392.0	2.906774221070234
16393.7	3.2375102210702345
16395.4	2.5594626210702343
16397.0	2.7086235210702343
16398.7	1.9534762210702339
16400.4	1.8768852210702338
16402.0	1.5599070210702337
16403.7	2.0499782210702344
16405.4	1.9890262210702345
16407.0	2.769401221070234
16408.7	2.6999132210702337
16410.4	2.9581568210702343
16412.0	2.5381364210702335
16413.7	2.512087521070234
16415.4	2.2300670210702345
16417.0	2.9053603210702343
16418.7	3.3610335210702345
16420.4	4.193394421070234
16422.0	4.283376521070234
16423.7	4.476158821070234
16425.4	3.9036012210702338
16427.0	3.228458221070235
16428.7	2.832447221070234
16430.4	2.630087621070234
16432.0	2.6762646210702337
16433.7	3.061396221070234
16435.4	2.6433040270702337
16437.1	2.682423421070234
16438.7	2.618786551070234
16440.4	2.5973124410702337
16442.1	2.339921221070234
16443.7	2.7965542210702337
16445.4	2.8821388210702343
16447.1	3.133396421070234
16448.7	2.476107221070234
16450.4	2.414168121070234
16452.1	1.8432386210702336
16453.7	2.1087732210702343
16455.4	1.5885703210702338
16457.1	1.3162172210702343
16458.7	0.893523221070234
16460.4	0.8575982210702339
16462.1	0.578634321070234
16463.7	1.0444528210702342
16465.4	0.728949221070234
16467.1	0.736320221070234
16468.7	0.009523221070234022
16470.4	-0.164840078929766
16472.1	0.32781979107023396
16473.7	1.5184312210702344
16475.4	3.198124351070234
16477.1	4.314130221070235
16478.8	3.6287252210702343
16480.4	2.6388776210702343
16482.1	0.958845321070234
16483.8	0.285735221070234
16485.4	0.3104952210702342
16487.1	0.6439142210702341
16488.8	1.508069221070234
16490.4	2.291353221070234
16492.1	2.1780632210702344
16493.8	2.611883221070234
16495.4	2.4702992210702344
16497.1	2.645272221070234
16498.8	1.801232221070234
16500.4	1.5774682210702342
16502.1	1.720137221070234
16503.8	2.534555221070234
16505.4	2.9688992210702336
16507.1	3.7257175210702345
16508.8	3.431695221070233
16510.4	3.379250721070234
16512.1	2.3773772210702337
16513.8	2.187638021070234
16515.4	1.9137857710702337
16517.1	2.401489521070234
16518.8	1.9996498210702343
16520.4	2.0695214610702344
16522.1	1.171864521070234
16523.8	0.7613791210702339
16525.5	-0.4215897789297659
16527.1	-0.9679897789297662
16528.8	-0.9740907789297658
16530.5	0.07720722107023388
16532.1	0.6183558210702341
16533.8	1.8952949210702337
16535.5	2.087358021070234
16537.1	2.034659221070234
16538.8	1.5343822210702336
16540.5	0.7518992210702342
16542.1	0.5201232210702338
16543.8	0.6908272210702343
16545.5	0.6289072210702341
16547.1	1.343762221070234
16548.8	2.2348302210702338
16550.5	2.768108621070234
16552.1	3.4703762210702336
16553.8	3.8648562210702346
16555.5	3.6459692210702337
16557.1	2.976421221070234
16558.8	2.360449221070234
16560.5	1.443087331070234
16562.1	1.064675821070234
16563.8	1.587060321070234
16565.5	2.139581021070234
16567.1	2.6529102210702336
16568.8	2.389676221070233
16570.5	1.740815921070234
16572.2	1.645749221070234
16573.8	1.7070302210702337
16575.5	1.6852252210702339
16577.2	2.3118552210702346
16578.8	1.9635092210702338
16580.5	1.7926782210702341
16582.2	1.065646221070234
16583.8	1.606197221070234
16585.5	2.4936392210702336
16587.2	3.585255221070234
16588.8	3.507116221070234
16590.5	3.160972121070234
16592.2	1.4583543210702339
16593.8	0.1732102210702343
16595.5	-1.3488027789297665
16597.2	-1.674279778929766
16598.8	-1.1144787789297663
16600.5	-0.14606467892976616
16602.2	0.4288508210702339
16603.8	0.7665533210702341
16605.5	1.0297047210702341
16607.2	1.1007139210702341
16608.8	0.9314082210702341
16610.5	1.030175521070234
16612.2	1.289193821070234
16613.8	1.5313052210702338
16615.5	1.3399476210702344
16617.2	0.630116221070234
16618.9	0.2662958210702341
16620.5	0.533958121070234
16622.2	0.3994765210702342
16623.9	0.501557321070234
16625.5	0.38410322107023404
16627.2	0.851575221070234
16628.9	0.7388052210702339
16630.5	1.1618945210702343
16632.2	1.213156021070234
16633.9	1.5728901610702342
16635.5	1.4248801210702335
16637.2	1.4876137210702345
16638.9	1.4032648210702336
16640.5	1.7688632210702342
16642.2	1.696882521070234
16643.9	1.536620221070234
16645.5	0.8362742210702339
16647.2	-0.20884877892976608
16648.9	-1.0441517789297665
16650.5	-0.6132007789297655
16652.2	0.5043788210702338
16653.9	1.896877221070234
16655.5	2.840636221070233
16657.2	3.1546112210702337
16658.9	2.709808221070234
16660.6	2.126005221070234
16662.2	1.3783282210702343
16663.9	1.8190012210702338
16665.6	2.280579621070234
16667.2	2.6380742210702337
16668.9	1.7732692210702339
16670.6	0.6510301510702341
16672.2	-0.23343867892976605
16673.9	-0.014944678929765764
16675.6	0.7189055210702339
16677.2	2.4689936210702337
16678.9	3.613174821070234
16680.6	4.330780821070235
16682.2	3.2225202210702344
16683.9	2.110741221070234
16685.6	1.3451172210702338
16687.2	1.4112452210702338
16688.9	1.086884221070234
16690.6	0.944608221070234
16692.2	0.6360830210702337
16693.9	0.46314822107023385
16695.6	-0.289237718929766
16697.2	0.1888499210702342
16698.9	0.716712221070234
16700.6	1.4999412210702339
16702.2	1.9400132210702339
16703.9	1.4290092210702339
16705.6	1.3768052210702342
16707.3	1.461485721070234
16708.9	0.8502556210702344
16710.6	0.7938099210702341
16712.3	1.3722089210702344
16713.9	1.9608292210702345
16715.6	3.068751221070234
16717.3	3.820410221070234
16718.9	4.212898221070233
16720.6	4.535129221070234
16722.3	3.8946892210702337
16723.9	3.320546021070234
16725.6	3.275014921070234
16727.3	3.6382952210702344
16728.9	3.826060121070234
16730.6	3.5866688210702344
16732.3	2.8761792210702337
16733.9	2.471929171070234
16735.6	1.8155262210702339
16737.3	1.926474121070234
16738.9	2.247907021070234
16740.6	2.8216520210702343
16742.3	3.1349242210702344
16743.9	3.033278321070234
16745.6	2.140954221070234
16747.3	1.9864725210702339
16748.9	1.260110421070234
16750.6	1.4051775210702337
16752.3	1.8823648210702342
16754.0	2.246580691070234
16755.6	2.650548621070234
16757.3	3.149810221070234
16759.0	2.853549221070234
16760.6	3.1540560210702338
16762.3	2.9298005210702343
16764.0	2.8774837210702335
16765.6	2.219894221070234
16767.3	1.803116221070234
16769.0	0.5647782210702342
16770.6	-0.3506647789297658
16772.3	-0.7753837789297657
16774.0	-0.6409447789297656
16775.6	-0.05617477892976623
16777.3	1.3848964210702341
16779.0	1.889568721070234
16780.6	3.018808221070234
16782.3	3.2937212210702342
16784.0	3.059369251070234
16785.6	2.5713082210702343
16787.3	2.303710221070234
16789.0	1.8962992210702343
16790.6	1.8739434210702341
16792.3	1.7130430210702343
16794.0	2.085082121070234
16795.6	2.472992521070234
16797.3	2.384959121070234
16799.0	1.7125252210702342
16800.7	1.622994221070234
16802.3	1.091954221070234
16804.0	1.204950921070234
16805.7	1.3196289210702343
16807.3	2.0933402210702345
16809.0	2.7536342210702345
16810.7	2.6906002210702344
16812.3	1.8536801210702343
16814.0	1.175922221070234
16815.7	-0.1879563789297661
16817.3	-0.8739702789297661
16819.0	-1.247182778929766
16820.7	-0.6423430089297657
16822.3	-0.29162757892976604
16824.0	0.019723581070234086
16825.7	0.07128142107023408
16827.3	0.591447221070234
16829.0	1.0761502210702338
16830.7	1.8668059210702346
16832.3	2.4005119210702337
16834.0	3.2100392210702338
16835.7	3.2390936210702335
16837.3	3.304716221070234
16839.0	2.951862221070234
16840.7	3.116589221070234
16842.4	3.360391221070234
16844.0	3.7106176210702335
16845.7	3.6830312210702347
16847.4	4.424469221070234
16849.0	4.194914421070234
16850.7	3.812304221070234
16852.4	2.828180021070234
16854.0	2.295620621070234
16855.7	1.8057322210702338
16857.4	2.153960221070234
16859.0	1.9847062210702344
16860.7	2.9575602210702336
16862.4	3.072258221070234
16864.0	3.4931672210702347
16865.7	3.0446372210702335
16867.4	2.503364221070234
16869.0	1.2331100210702342
16870.7	0.6905392210702346
16872.4	-0.726806778929766
16874.0	-1.3148897789297658
16875.7	-1.7719770789297662
16877.4	-1.1953138789297661
16879.0	-0.6281777789297659
16880.7	0.5478943210702342
16882.4	1.1628033210702342
16884.0	2.1997732210702337
16885.7	2.324164221070234
16887.4	1.599842221070234
16889.1	0.8277194210702341
16890.7	0.4096647410702339
16892.4	0.007595841070233966
16894.1	0.04994402107023408
16895.7	0.09124872107023405
16897.4	0.671927021070234
16899.1	0.9779942210702341
16900.7	0.7805377210702339
16902.4	0.15612262107023386
16904.1	-0.8550314789297658
16905.7	-2.2255697589297663
16907.4	-2.395176778929766
16909.1	-2.102163978929766
16910.7	-0.7714105789297658
16912.4	0.6034552210702342
16914.1	1.8887006210702342
16915.7	2.8431142210702345
16917.4	3.5132972210702342
16919.1	3.4104002210702347
16920.7	3.7805400210702347
16922.4	3.532181021070234
16924.1	3.539133121070234
16925.7	3.3231101210702336
16927.4	3.592569621070234
16929.1	4.180877221070235
16930.7	4.397849221070235
16932.4	3.9228702210702338
16934.1	2.877064221070234
16935.8	0.8969314210702339
16937.4	-0.2687597789297662
16939.1	-0.608285478929766
16940.8	-0.01609377892976598
16942.4	1.1539422210702341
16944.1	2.4136169210702336
16945.8	2.819208221070234
16947.4	2.526370221070234
16949.1	1.4501193210702341
16950.8	1.1381082210702338
16952.4	0.5445622210702341
16954.1	-0.1064577789297659
16955.8	-1.2017177789297657
16957.4	-1.694926078929766
16959.1	-1.4496332789297661
16960.8	-0.08694777892976582
16962.4	0.7220092210702338
16964.1	2.0222089210702343
16965.8	2.070954621070234
16967.4	1.454354221070234
16969.1	0.34581622107023396
16970.8	-0.220921378929766
16972.4	0.1032212210702339
16974.1	1.1972462210702342
16975.8	2.0937887210702337
16977.4	3.340168221070234
16979.1	3.4785922210702345
16980.8	2.9071254210702335
16982.5	1.2270961210702338
16984.1	-0.8355097789297659
16985.8	-1.700316778929766
16987.5	-1.828029778929766
16989.1	-1.4369913789297657
16990.8	-0.14321867892976625
16992.5	-0.26899477892976564
16994.1	-0.08983127892976554
16995.8	0.1647560210702345
16997.5	0.5379896210702343
16999.1	1.384795421070234
17000.8	2.2445977110702344
17002.5	2.1639752210702343
17004.1	2.2219212210702346
17005.8	1.410340221070234
17007.5	1.386284421070234
17009.1	1.8114712210702337
17010.8	2.9955502210702343
17012.5	3.278007221070234
17014.1	3.1721224210702337
17015.8	2.6287122210702343
17017.5	1.423413321070234
17019.1	-0.17193887892976614
17020.8	-1.1491723789297656
17022.5	-1.4493216789297665
17024.2	-0.7271119789297655
17025.8	-0.16796767892976608
17027.5	-0.12768607892976638
17029.2	-0.3580114789297658
17030.8	-0.5188767789297661
17032.5	-1.279211078929766
17034.2	-0.9383701909297659
17035.8	-0.05967667892976616
17037.5	1.2814142210702344
17039.2	2.2826503210702342
17040.8	3.482179221070234
17042.5	3.8067762210702343
17044.2	4.560449221070234
17045.8	4.139236321070234
17047.5	4.438955221070233
17049.2	4.326034221070234
17050.8	4.495789221070234
17052.5	4.367895221070234
17054.2	4.335160221070234
17055.8	3.704490221070234
17057.5	2.684435221070234
17059.2	1.2771022210702339
17060.8	0.46971272107023426
17062.5	-0.4685807789297659
17064.2	-0.041997578929765786
17065.8	0.156030221070234
17067.5	0.8765082210702339
17069.2	2.088325221070234
17070.9	2.100404721070234
17072.5	1.8075472210702341
17074.2	1.2447204210702343
17075.9	0.3699688210702341
17077.5	0.7269039210702338
17079.2	0.30128782107023416
17080.9	0.19285402107023408
17082.5	0.5743202210702341
17084.2	0.20477862107023403
17085.9	-0.292572478929766
17087.5	-1.0561205789297659
17089.2	-1.5279741789297658
17090.9	-0.873574378929766
17092.5	-0.8125154789297658
17094.2	-0.6093219789297659
17095.9	0.6320926210702345
17097.5	1.7530332210702348
17099.2	2.857095821070234
17100.9	4.164388901070234
17102.5	4.641628921070234
17104.2	4.991029221070233
17105.9	3.792357721070234
17107.5	2.4490022110702343
17109.2	1.060846221070234
17110.9	0.502219121070234
17112.5	0.6318600210702338
17114.2	1.4750246210702336
17115.9	2.683998221070234
17117.6	4.262413221070235
17119.2	4.163371221070234
17120.9	4.190041221070234
17122.6	2.945373221070234
17124.2	1.817248421070234
17125.9	1.121294421070234
17127.6	1.6304332210702337
17129.2	2.2740418210702344
17130.9	3.543533221070234
17132.6	3.5584580210702343
17134.2	2.7407070210702345
17135.9	1.1717818210702342
17137.6	0.03521402107023382
17139.2	-0.9524370789297659
17140.9	-0.6369957789297658
17142.6	0.22486022107023435
17144.2	1.9330553210702341
17145.9	2.804674221070234
17147.6	3.567076521070234
17149.2	3.3610032210702343
17150.9	2.6985674210702335
17152.6	2.1874062210702343
17154.2	1.462251641070234
17155.9	0.7839822210702339
17157.6	0.6366682210702338
17159.2	0.15831492107023398
17160.9	0.9664281520702339
17162.6	1.9945806210702337
17164.3	3.6035669210702337
17165.9	4.539734121070234
17167.6	4.578965721070235
17169.3	3.510698221070234
17170.9	1.8682053210702338
17172.6	0.36846722107023394
17174.3	0.015300421070234105
17175.9	-0.20725077892976604
17177.6	0.5844552210702341
17179.3	0.7321322210702341
17180.9	1.2738362210702345
17182.6	2.135460221070234
17184.3	2.940966921070234
17185.9	3.8321012210702343
17187.6	4.507394221070235
17189.3	3.954635221070233
17190.9	3.2632965210702336
17192.6	1.7727090210702336
17194.3	0.7829191210702342
17195.9	-0.1917897789297661
17197.6	-0.337827778929766
17199.3	0.176024221070234
17200.9	1.8307412210702338
17202.6	2.805536221070234
17204.3	3.726641221070234
17206.0	3.908480221070234
17207.6	3.9577532210702335
17209.3	2.998720221070234
17211.0	2.7328920210702337
17212.6	2.725412021070234
17214.3	3.227230621070234
17216.0	3.576619221070234
17217.6	3.1087462210702346
17219.3	2.899593581070234
17221.0	3.0341902210702343
17222.6	2.6492147210702344
17224.3	3.6843419110702333
17226.0	4.866910521070234
17227.6	5.542206921070234
17229.3	5.834943141070235
17231.0	4.527848121070234
17232.6	3.1245211210702335
17234.3	2.442081221070234
17236.0	1.5393151210702338
17237.6	1.7116975210702343
17239.3	2.412448221070234
17241.0	2.9389029210702344
17242.6	2.6734922210702345
17244.3	2.526529221070234
17246.0	2.315600361070234
17247.6	2.721222921070234
17249.3	2.710936221070234
17251.0	2.984051221070234
17252.7	2.5898272210702347
17254.3	1.9575272210702341
17256.0	0.20090082107023394
17257.7	-0.5471855789297657
17259.3	-0.7956924789297662
17261.0	0.5440780210702338
17262.7	1.759155221070234
17264.3	3.243992521070234
17266.0	3.317917221070234
17267.7	2.400117221070234
17269.3	0.8285202210702337
17271.0	-0.21439937892976593
17272.7	-0.9112587789297661
17274.3	-0.05636947892976592
17276.0	0.8584567710702341
17277.7	2.683894221070234
17279.3	3.668445721070234
17281.0	4.716552221070234
17282.7	5.248862421070234
17284.3	5.677093121070234
17286.0	4.774072221070234
17287.7	4.065624221070235
17289.3	2.652571951070234
17291.0	2.069217321070233
17292.7	1.3272262210702341
17294.3	1.566071221070234
17296.0	1.8630102210702346
17297.7	2.9391999910702347
17299.4	3.2153048210702337
17301.0	3.5366262210702337
17302.7	3.4032641910702344
17304.4	3.6130402210702335
17306.0	3.036423221070234
17307.7	2.7385675210702343
17309.4	2.156121021070234
17311.0	2.078223821070234
17312.7	1.211821721070234
17314.4	1.0426462210702336
17316.0	0.6013552210702339
17317.7	1.560357221070234
17319.4	2.293760221070234
17321.0	3.246300321070234
17322.7	3.684324621070233
17324.4	3.726033921070234
17326.0	2.3180024210702337
17327.7	1.3631712210702343
17329.4	0.32746152107023396
17331.0	0.5914422210702339
17332.7	1.1034462210702343
17334.4	1.9353852210702343
17336.0	3.106003721070234
17337.7	4.631119221070234
17339.4	5.029436221070233
17341.0	4.962448221070234
17342.7	3.6399480210702335
17344.4	2.628067921070234
17346.1	1.3969758210702339
17347.7	1.4012562210702342
17349.4	1.4418513210702337
17351.1	1.8372198210702337
17352.7	1.033585221070234
17354.4	0.04211322107023356
17356.1	-1.091832778929766
17357.7	-0.8099687789297662
17359.4	-0.3093707789297663
17361.1	1.010071621070234
17362.7	1.9098222210702336
17364.4	2.373336221070234
17366.1	2.5375604210702347
17367.7	3.4863708210702335
17369.4	4.409319521070234
17371.1	4.957315021070235
17372.7	5.302613121070234
17374.4	4.975394221070234
17376.1	4.436461221070234
17377.7	4.3144038210702345
17379.4	4.691276321070234
17381.1	5.768715721070234
17382.7	6.571936101070234
17384.4	6.387984421070234
17386.1	5.489920291070234
17387.8	4.3438612210702345
17389.4	2.5517592210702347
17391.1	1.0338070210702337
17392.8	0.34189632107023404
17394.4	0.533225421070234
17396.1	0.6803135210702339
17397.8	1.257146221070234
17399.4	1.3261520210702338
17401.1	1.526585221070234
17402.8	1.8599012210702341
17404.4	2.4429882210702343
17406.1	2.5462556210702343
17407.8	2.843918221070234
17409.4	1.733434721070234
17411.1	1.4054694210702343
17412.8	0.9511072210702342
17414.4	1.0407212210702341
17416.1	1.6719962210702342
17417.8	2.9617142210702343
17419.4	2.9557725210702346
17421.1	3.3016236210702337
17422.8	3.0660915210702337
17424.4	3.254495421070234
17426.1	3.763073221070234
17427.8	3.4991014210702347
17429.4	3.1061746210702337
17431.1	3.1163222210702344
17432.8	2.595372221070234
17434.5	2.5222912210702337
17436.1	2.8615816210702336
17437.8	4.2670252210702335
17439.5	5.390785021070235
17441.1	5.733563221070234
17442.8	4.657098221070234
17444.5	2.8843132210702347
17446.1	0.44117022107023374
17447.8	-0.7403408789297657
17449.5	-1.1531944789297663
17451.1	0.06373922107023385
17452.8	0.5135225810702339
17454.5	0.37800942107023416
17456.1	-1.269809778929766
17457.8	-2.9126727789297666
17459.5	-3.9895181789297665
17461.1	-3.276147878929766
17462.8	-1.7477196789297662
17464.5	0.851237721070234
17466.1	2.474091221070234
17467.8	3.7935552210702355
17469.5	3.9336957210702352
17471.1	3.5749752210702335
17472.8	2.907592221070234
17474.5	2.668344221070234
17476.1	1.8077512210702344
17477.8	2.0184420210702343
17479.5	1.305084221070234
17481.2	0.9071099210702339
17482.8	0.679904321070234
17484.5	0.6479290210702339
17486.2	0.24323862107023383
17487.8	0.4773899210702342
17489.5	0.38617762107023423
17491.2	1.4611592210702335
17492.8	2.021861221070234
17494.5	2.205317221070234
17496.2	2.280326421070234
17497.8	3.036384121070234
17499.5	3.1131795210702338
17501.2	3.371467221070234
17502.8	3.407984221070234
17504.5	3.728504521070234
17506.2	2.895936421070234
17507.8	2.0578607210702344
17509.5	0.947774221070234
17511.2	0.739326221070234
17512.8	0.986753221070234
17514.5	0.994011221070234
17516.2	0.645999271070234
17517.8	0.8560092210702337
17519.5	0.39919622107023345
17521.2	0.6612792210702342
17522.8	1.3114092210702342
17524.5	2.224265221070234
17526.2	3.2524128210702345
17527.9	3.732012221070234
17529.5	3.2076312210702342
17531.2	2.5972569210702345
17532.9	1.2605551210702337
17534.5	0.8236168210702344
17536.2	0.6164180210702339
17537.9	1.169276221070234
17539.5	1.8044932210702342
17541.2	2.4083442210702346
17542.9	1.9667296210702347
17544.5	1.441581921070234
17546.2	-0.15066577892976607
17547.9	-0.9688429789297656
17549.5	-1.8464621789297655
17551.2	-1.6628017889297655
17552.9	-1.2589227789297663
17554.5	-0.451600778929766
17556.2	-0.1255865789297655
17557.9	0.40239282107023355
17559.5	0.4343052210702341
17561.2	0.5936852210702335
17562.9	0.8243732210702344
17564.5	1.7677382210702342
17566.2	2.107149621070234
17567.9	2.520261021070234
17569.6	2.069433221070234
17571.2	1.553809321070234
17572.9	0.578727021070234
17574.6	0.24982052107023395
17576.2	-0.09488777892976588
17577.9	0.6587483210702338
17579.6	1.0319560210702339
17581.2	1.6614245510702343
17582.9	1.8071496210702342
17584.6	2.207638221070234
17586.2	1.9619340010702337
17587.9	2.2267913210702344
17589.6	1.9269257210702342
17591.2	1.663128221070234
17592.9	1.7302612210702342
17594.6	2.264542221070234
17596.2	3.194133221070234
17597.9	4.521400221070235
17599.6	5.034873021070235
17601.2	5.762623591070233
17602.9	6.069098921070235
17604.6	5.781115221070235
17606.2	4.895057521070234
17607.9	4.081482221070234
17609.6	2.953556221070234
17611.2	3.251226221070234
17612.9	3.055708221070234
17614.6	4.145588421070235
17616.3	5.177530021070235
17617.9	6.137086221070233
17619.6	5.9847851880702345
17621.3	6.461067121070234
17622.9	6.137591861070234
17624.6	6.454635221070234
17626.3	5.528905921070234
17627.9	4.982081821070234
17629.6	4.104341521070235
17631.3	3.4453922210702337
17632.9	2.5848800210702345
17634.6	1.727674221070234
17636.3	0.308320821070234
17637.9	-0.7280717789297659
17639.6	-1.7959860789297664
17641.3	-1.702664478929766
17642.9	-0.8185010789297659
17644.6	-0.060723778929766326
17646.3	-0.0275207789297653
17647.9	-0.22938157892976604
17649.6	-1.4094109789297655
17651.3	-1.7373418789297657
17652.9	-2.1080264789297662
17654.6	-0.7942877789297663
17656.3	0.8055382210702344
17657.9	3.3555522210702344
17659.6	4.241517221070234
17661.3	5.072662421070234
17663.0	3.701323521070235
17664.6	2.049825221070234
17666.3	0.3527262210702341
17668.0	-0.3945397789297658
17669.6	-0.9462107789297661
17671.3	0.404539321070234
17673.0	1.1975532210702342
17674.6	1.6852535710702345
17676.3	1.4415728210702337
17678.0	0.9667982210702337
17679.6	1.222194221070234
17681.3	1.6111582210702342
17683.0	1.791303221070234
17684.6	2.6191452210702337
17686.3	3.1651377210702334
17688.0	3.1736151210702346
17689.6	2.648589221070234
17691.3	2.612418221070234
17693.0	1.6912412210702343
17694.6	1.002461221070234
17696.3	-0.1569469789297659
17698.0	-0.4385787789297663
17699.6	-0.5524787789297662
17701.3	0.0297322210702343
17703.0	0.892228921070234
17704.6	2.4406322210702336
17706.3	3.3935382210702345
17708.0	4.231298221070234
17709.7	4.2392762210702335
17711.3	4.124959321070234
17713.0	3.2255663210702337
17714.7	1.6193932210702342
17716.3	0.03980422107023367
17718.0	-1.5012621789297653
17719.7	-2.4972227789297663
17721.3	-2.252423778929766
17723.0	-1.4774737789297654
17724.7	0.2970662210702336
17726.3	1.475709021070234
17728.0	2.294032621070234
17729.7	2.623915401870234
17731.3	3.546765221070234
17733.0	4.087112921070234
17734.7	5.229147221070233
17736.3	5.802348421070234
17738.0	6.248534421070234
17739.7	5.089503621070234
17741.3	3.944496221070234
17743.0	1.847165521070234
17744.7	0.258219221070234
17746.3	-1.278826778929766
17748.0	-2.0595487789297655
17749.7	-2.1634253589297665
17751.4	-1.315706778929766
17753.0	-1.0290237789297656
17754.7	-0.719512978929766
17756.4	-0.5414257789297665
17758.0	-0.10747417892976605
17759.7	0.6528077210702341
17761.4	1.582441821070234
17763.0	2.3671369210702347
17764.7	3.1334552610702335
17766.4	3.577040948070234
17768.0	3.7514070210702344
17769.7	3.6972962210702343
17771.4	3.9230444210702347
17773.0	3.8233942210702336
17774.7	3.271732121070234
17776.4	2.9325002210702342
17778.0	2.9482049210702344
17779.7	2.982534421070234
17781.4	3.2874242210702347
17783.0	2.5935802210702334
17784.7	2.3931043210702336
17786.4	1.909849221070234
17788.0	1.5964843210702342
17789.7	1.7994342210702339
17791.4	1.8338672210702343
17793.0	1.461607921070234
17794.7	1.704913221070234
17796.4	1.055737621070234
17798.1	0.8103772210702344
17799.7	0.47898722107023384
17801.4	0.15601922107023417
17803.1	0.5454417210702343
17804.7	0.661527221070234
17806.4	0.8061892210702337
17808.1	1.4251852210702343
17809.7	0.995962321070234
17811.4	0.15460422107023336
17813.1	-0.7661817789297659
17814.7	-1.5464179909297657
17816.4	-1.132221778929766
17818.1	0.0793089210702341
17819.7	1.3995162210702343
17821.4	3.2826102210702337
17823.1	4.003075221070234
17824.7	4.358079221070233
17826.4	3.5709011210702335
17828.1	2.547506821070234
17829.7	1.154243221070234
17831.4	0.305950421070234
17833.1	-0.9857758789297659
17834.7	-1.215020278929766
17836.4	-1.108380178929766
17838.1	0.3485800210702343
17839.7	1.2708182210702337
17841.4	2.860787021070234
17843.1	4.175614821070233
17844.8	5.179725221070234
17846.4	6.275272121070233
17848.1	7.510155221070235
17849.8	7.806347221070236
17851.4	7.344533221070233
17853.1	5.283504221070234
17854.8	2.5520422210702334
17856.4	0.999581221070234
17858.1	0.478886221070234
17859.8	1.6293522210702343
17861.4	3.4842662210702335
17863.1	4.876009221070234
17864.8	5.417980221070233
17866.4	4.607606921070234
17868.1	3.6128240810702343
17869.8	2.3707429210702338
17871.4	2.188779421070234
17873.1	1.813608221070234
17874.8	1.8438442210702342
17876.4	1.457462221070234
17878.1	1.4780462210702339
17879.8	0.4089514210702344
17881.4	0.2655138210702342
17883.1	0.2813312210702341
17884.8	0.9928132210702341
17886.4	1.924346221070234
17888.1	3.200589821070234
17889.8	3.627319321070234
17891.5	3.9393886210702336
17893.1	3.736029221070234
17894.8	3.088414661070234
17896.5	3.452520221070234
17898.1	3.7899032210702344
17899.8	4.3358042210702346
17901.5	5.6251242210702355
17903.1	6.011653621070233
17904.8	6.116681221070235
17906.5	5.627828721070234
17908.1	5.145955221070234
17909.8	4.035441021070234
17911.5	3.854513021070234
17913.1	3.718964121070234
17914.8	4.6834422210702344
17916.5	5.818842721070235
17918.1	7.400234221070235
17919.8	6.977002221070234
17921.5	6.968277221070233
17923.1	4.875254221070234
17924.8	3.2999862210702338
17926.5	2.236702221070234
17928.1	1.819944921070234
17929.8	1.713314721070234
17931.5	2.260699221070234
17933.2	1.930851221070234
17934.8	1.7569993210702344
17936.5	0.840954921070234
17938.2	1.0879491210702343
17939.8	1.2995342210702339
17941.5	1.9780442210702347
17943.2	2.402116221070234
17944.8	2.5804048210702346
17946.5	2.364128221070234
17948.2	2.5806079210702344
17949.8	2.007360221070234
17951.5	2.2578932210702334
17953.2	2.4870214210702337
17954.8	2.6755954210702337
17956.5	2.189665921070234
17958.2	2.120622221070234
17959.8	1.5527172210702336
17961.5	1.6963212210702345
17963.2	1.5824612210702345
17964.8	1.7043082210702338
17966.5	2.123477521070234
17968.2	2.907278221070234
17969.8	3.999169221070234
17971.5	4.639286221070234
17973.2	4.800688821070234
17974.8	4.117952221070234
17976.5	2.2910892210702345
17978.2	1.0772592210702339
17979.9	-0.7260661789297661
17981.5	-1.745405978929766
17983.2	-1.9449718789297659
17984.9	-2.1422507789297662
17986.5	-1.3064457789297659
17988.2	-0.29120077892976576
17989.9	0.4521369210702339
17991.5	1.6980932210702337
17993.2	1.2928592210702339
17994.9	1.2004772210702344
17996.5	0.836720721070234
17998.2	0.8434528210702338
17999.9	1.313883221070234
18001.5	1.9949942210702338
18003.2	1.776487621070234
18004.9	1.584650221070234
18006.5	0.8542940210702344
18008.2	1.2548382210702338
18009.9	1.472250221070234
18011.5	2.7603382210702336
18013.2	3.077458221070234
18014.9	3.868709221070233
18016.5	3.0898769210702337
18018.2	2.9850803210702344
18019.9	1.8167052210702337
18021.5	1.792629221070234
18023.2	1.5953452210702344
18024.9	2.170409221070234
18026.6	1.3020672210702338
18028.2	1.2324023210702344
18029.9	0.21853480107023393
18031.6	0.525358921070234
18033.2	0.3421992210702342
18034.9	0.9329571210702339
18036.6	1.0483662210702336
18038.2	1.5946763210702342
18039.9	0.7860391210702342
18041.6	-0.014459678929765962
18043.2	-0.3022432789297659
18044.9	-0.0994033789297661
18046.6	0.020153121070234193
18048.2	0.38715202107023416
18049.9	0.8440672210702342
18051.6	1.5955599210702338
18053.2	3.260255221070234
18054.9	3.554871221070234
18056.6	3.574648221070234
18058.2	2.2267454010702337
18059.9	-0.1758414789297657
18061.6	-2.3928912789297656
18063.2	-3.576835878929766
18064.9	-4.1517747789297665
18066.6	-3.5048150789297656
18068.2	-2.5686287789297655
18069.9	-1.5220832789297658
18071.6	-0.1267097789297659
18073.3	0.09873022107023384
18074.9	0.5499722210702345
18076.6	0.4777452210702343
18078.3	0.483474221070234
18079.9	0.371353121070234
18081.6	1.1019092210702337
18083.3	1.874345321070234
18084.9	3.1302179210702343
18086.6	3.122318021070234
18088.3	3.1574072210702337
18089.9	2.8440112210702337
18091.6	2.7323576210702343
18093.3	2.572411721070234
18094.9	3.279780021070235
18096.6	3.2485820110702344
18098.3	3.701585661070234
18099.9	3.055284221070234
18101.6	1.8688222210702345
18103.3	0.372432221070234
18104.9	-0.38271277892976596
18106.6	-1.1200115789297658
18108.3	-0.11065587892976589
18109.9	0.3038885210702341
18111.6	1.4868935210702339
18113.3	2.417841141070234
18115.0	2.727323721070234
18116.6	2.260967221070234
18118.3	1.816608221070234
18120.0	1.0167532210702341
18121.6	0.6269185210702339
18123.3	0.46300602107023386
18125.0	0.5017282210702341
18126.6	-0.14460577892976598
18128.3	-0.9101267789297658
18130.0	-2.4226880489297655
18131.6	-3.1814262789297656
18133.3	-2.9497557789297657
18135.0	-2.056984378929766
18136.6	-1.0226313389297659
18138.3	0.563532221070234
18140.0	1.273266521070234
18141.6	2.0644722210702344
18143.3	2.353776221070234
18145.0	2.867581221070234
18146.6	2.750007221070234
18148.3	2.949633621070234
18150.0	1.9907963210702342
18151.6	1.7218289210702338
18153.3	1.134395821070234
18155.0	1.1654664210702341
18156.6	1.280755921070234
18158.3	2.0143708210702345
18160.0	1.810113721070234
18161.7	2.1855738210702342
18163.3	0.9145667210702341
18165.0	0.5349422210702339
18166.7	0.1746872210702341
18168.3	0.6874608210702343
18170.0	1.6311491210702336
18171.7	3.138612566070234
18173.3	3.187729221070234
18175.0	4.023508221070235
18176.7	3.4975121210702342
18178.3	3.328914221070234
18180.0	2.800273621070234
18181.7	2.3778068210702346
18183.3	2.252637021070234
18185.0	2.007423821070234
18186.7	1.4455535210702344
18188.3	1.583566011070234
18190.0	1.5033107210702341
18191.7	1.6024182210702342
18193.3	1.4343422210702343
18195.0	1.8016173210702338
18196.7	2.2724562210702337
18198.3	2.521306221070234
18200.0	2.9171412210702345
18201.7	3.3277337210702336
18203.3	3.6443642210702345
18205.0	3.9450670210702343
18206.7	3.3935092210702336
18208.4	3.493058621070234
18210.0	3.115040221070234
18211.7	3.1636472210702338
18213.4	3.092870221070234
18215.0	3.519587221070234
18216.7	3.301833121070234
18218.4	2.8127162210702337
18220.0	1.6867452210702338
18221.7	0.5106701210702344
18223.4	-0.635437778929766
18225.0	-0.6226437789297661
18226.7	-0.9108497789297662
18228.4	0.4024782210702343
18230.0	1.626894021070234
18231.7	1.8821432210702334
18233.4	2.117022821070234
18235.0	2.022807321070234
18236.7	1.7427131210702342
18238.4	2.290168221070234
18240.0	2.002995221070234
18241.7	2.178929221070234
18243.4	2.0316412210702337
18245.0	0.9858632210702337
18246.7	-0.2911997789297661
18248.4	-0.5771207789297665
18250.0	-1.335948608929766
18251.7	-1.2240837789297656
18253.4	-0.44785577892976597
18255.1	1.0323493210702341
18256.7	2.432943221070234
18258.4	3.909348221070234
18260.1	3.5221332210702343
18261.7	3.1241192210702335
18263.4	1.877452221070234
18265.1	0.8864146210702337
18266.7	0.7818902210702342
18268.4	1.6100112210702342
18270.1	2.157018721070234
18271.7	3.4574492210702337
18273.4	3.8776262210702335
18275.1	4.622755821070235
18276.7	5.112864521070234
18278.4	5.427382921070234
18280.1	4.692857221070234
18281.7	3.9587382210702335
18283.4	2.644974221070234
18285.1	2.375730971070234
18286.7	2.163160221070234
18288.4	2.189047221070234
18290.1	2.4536998110702344
18291.7	2.757223221070234
18293.4	2.3758976210702336
18295.1	2.335792221070234
18296.8	2.041439221070234
18298.4	1.9526047610702342
18300.1	2.0258602210702343
18301.8	3.143653221070234
18303.4	4.3502342210702345
18305.1	6.417899721070233
18306.8	7.542140221070234
18308.4	7.751238221070234
18310.1	6.4941052210702335
18311.8	4.543639221070234
18313.4	2.3592532210702344
18315.1	1.4512850210702337
18316.8	-0.3267928789297655
18318.4	-1.0125867789297658
18320.1	-1.218336778929766
18321.8	-0.8705133789297659
18323.4	-0.13227517892976604
18325.1	0.786811821070234
18326.8	1.4890182210702336
18328.4	2.377653621070235
18330.1	2.3567991910702344
18331.8	1.8632412210702345
18333.4	2.0188911210702343
18335.1	1.845459221070234
18336.8	1.1961227210702339
18338.4	1.487255221070234
18340.1	1.329028221070234
18341.8	1.1143413210702344
18343.5	0.8696375210702337
18345.1	0.3906872210702339
18346.8	0.21243172107023384
18348.5	0.834673321070234
18350.1	0.7615681210702341
18351.8	1.912467221070234
18353.5	2.2935382210702344
18355.1	3.3609642210702333
18356.8	4.748399221070234
18358.5	6.398086221070234
18360.1	7.412436221070235
18361.8	7.778980221070233
18363.5	6.777989221070234
18365.1	5.540837221070234
18366.8	2.815611221070234
18368.5	0.8261088410702342
18370.1	-0.5697387789297659
18371.8	-0.36955347892976587
18373.5	0.773820101070234
18375.1	2.789692021070234
18376.8	4.822408221070234
18378.5	5.716444421070234
18380.1	4.9945243210702355
18381.8	4.221057361070235
18383.5	2.960089221070234
18385.1	2.662900221070234
18386.8	2.2160635910702338
18388.5	2.202222221070234
18390.2	1.5902929210702343
18391.8	1.6577722210702341
18393.5	1.922725221070234
18395.2	2.7263412210702342
18396.8	3.739091221070234
18398.5	4.455164221070233
18400.2	4.468933221070235
18401.8	4.521434221070234
18403.5	3.7009215010702343
18405.2	3.276310221070234
18406.8	2.8916012210702347
18408.5	2.569590221070234
18410.2	1.9576196710702345
18411.8	1.503331221070234
18413.5	1.5020512210702337
18415.2	1.9634992310702337
18416.8	2.156328721070234
18418.5	2.953432221070234
18420.2	3.634349621070234
18421.8	3.714978221070234
18423.5	3.9082507210702344
18425.2	3.441207221070234
18426.8	2.9094242210702337
18428.5	2.408607221070234
18430.2	0.8468612210702343
18431.8	0.47324502107023425
18433.5	2.0063692210702344
18435.2	3.3331145610702344
18436.9	5.596459921070235
18438.5	7.641942221070235
18440.2	8.713143221070235
18441.9	9.349858221070233
18443.5	8.342027221070234
18445.2	6.685787221070234
18446.9	5.488869121070233
18448.5	4.044946421070234
18450.2	1.936827221070234
18451.9	1.1630362810702342
18453.5	0.20122982107023368
18455.2	-0.031002578929765788
18456.9	0.2203532210702342
18458.5	0.9550732210702344
18460.2	2.212878221070234
18461.9	4.025122621070234
18463.5	3.719570121070234
18465.2	2.695502121070234
18466.9	0.875463221070234
18468.5	-1.002088778929766
18470.2	-2.0519390789297662
18471.9	-2.065339778929766
18473.5	-1.794285778929766
18475.2	-0.9881700789297664
18476.9	-0.43801947892976595
18478.6	0.22321322107023392
18480.2	0.8478632210702338
18481.9	2.144901271070234
18483.6	3.4519792210702334
18485.2	4.6012822210702335
18486.9	4.870308221070234
18488.6	4.594138921070234
18490.2	3.934236221070234
18491.9	3.4930322210702345
18493.6	3.393416221070234
18495.2	4.270643221070235
18496.9	4.949348221070234
18498.6	5.5051692210702345
18500.2	4.436020951070233
18501.9	3.1352342210702346
18503.6	2.344275421070234
18505.2	2.5766209410702343
18506.9	3.3493731210702338
18508.6	4.3367822210702345
18510.2	3.861012221070234
18511.9	2.517896221070234
18513.6	1.1302952210702337
18515.2	0.37931722107023436
18516.9	0.2769055210702335
18518.6	1.2327902210702342
18520.2	1.2599292210702342
18521.9	0.7390412210702337
18523.6	0.15421522107023383
18525.3	-0.14084487892976566
18526.9	0.48112022107023406
18528.6	1.3751331210702342
18530.3	1.913666221070234
18531.9	2.8290122210702338
18533.6	3.2586302210702343
18535.3	4.226811221070234
18536.9	4.902976221070235
18538.6	5.482462221070234
18540.3	4.954569521070233
18541.9	3.794647021070234
18543.6	2.219664421070234
18545.3	1.4561670210702338
18546.9	0.9784408210702342
18548.6	1.6860472210702349
18550.3	2.4478635210702335
18551.9	3.4326522210702337
18553.6	4.197320221070234
18555.3	5.164095221070234
18556.9	5.604424221070234
18558.6	5.625403121070233
18560.3	5.092251221070233
18561.9	4.777340221070234
18563.6	4.586396221070234
18565.3	4.287226221070233
18566.9	3.814667221070235
18568.6	3.575036521070234
18570.3	3.099285221070234
18572.0	2.5735124210702334
18573.6	2.698643221070234
18575.3	3.192582621070234
18577.0	3.815018521070234
18578.6	4.1370869210702335
18580.3	3.2032530210702346
18582.0	2.0930710210702337
18583.6	1.280859081070234
18585.3	0.6650792210702339
18587.0	1.382102121070234
18588.6	2.901864421070234
18590.3	4.064714321070234
18592.0	4.517091221070234
18593.6	3.663151221070234
18595.3	2.899439921070234
18597.0	2.6669257810702343
18598.6	3.080815721070234
18600.3	3.297700121070234
18602.0	4.018015221070234
18603.6	3.550522221070234
18605.3	2.799662421070234
18607.0	1.802390751070234
18608.6	1.7478547210702342
18610.3	2.213408721070234
18612.0	3.371335221070234
18613.6	4.646260221070233
18615.3	6.227384221070233
18617.0	6.958785221070234
18618.7	7.069260221070233
18620.3	5.977363221070234
18622.0	4.877027221070234
18623.7	3.944897521070234
18625.3	4.167874721070233
18627.0	5.262991121070233
18628.7	6.666396221070235
18630.3	6.5704572210702334
18632.0	6.019428221070233
18633.7	4.547395321070235
18635.3	3.6552624210702342
18637.0	2.7092492210702344
18638.7	3.530090621070234
18640.3	4.636033271070234
18642.0	5.657571821070234
18643.7	5.551045221070234
18645.3	4.417908241070234
18647.0	2.1754482210702344
18648.7	0.27284512107023423
18650.3	-1.304398778929766
18652.0	-1.244394778929766
18653.7	-0.011677778929765825
18655.3	1.117236221070234
18657.0	2.0344852210702338
18658.7	2.8446332210702336
18660.4	3.0268272210702336
18662.0	3.393103821070234
18663.7	3.1856182210702335
18665.4	2.581746221070234
18667.0	0.921038221070234
18668.7	-0.3533087789297662
18670.4	-1.717870078929766
18672.0	-1.6515660789297661
18673.7	-1.2922948789297661
18675.4	0.006963221070234127
18677.0	1.484743221070234
18678.7	2.8559801210702345
18680.4	3.6524208210702342
18682.0	4.1903492210702336
18683.7	3.574426221070233
18685.4	3.515562221070234
18687.0	2.6771911210702344
18688.7	3.0375826210702344
18690.4	4.352495621070235
18692.0	5.630209521070234
18693.7	6.884328221070234
18695.4	7.201309667070234
18697.0	5.932800021070234
18698.7	4.737252021070234
18700.4	3.3632800210702336
18702.0	2.754522721070234
18703.7	2.796958721070234
18705.4	3.338962921070234
18707.1	4.038247121070233
18708.7	4.049533221070234
18710.4	4.105091921070234
18712.1	3.8709022210702337
18713.7	3.910707221070234
18715.4	4.129428221070234
18717.1	4.314189221070235
18718.7	4.224278221070234
18720.4	4.470643121070234
18722.1	4.252329221070234
18723.7	4.0290786210702345
18725.4	3.2457997210702336
18727.1	2.7855924210702336
18728.7	2.8912056210702333
18730.4	2.940296221070234
18732.1	3.0203962210702344
18733.7	3.068698721070234
18735.4	2.950059621070234
18737.1	2.9170292210702344
18738.7	2.6573694210702343
18740.4	2.4354882210702344
18742.1	2.587452221070234
18743.7	1.7443752210702343
18745.4	1.0861292210702342
18747.1	1.229913381070234
18748.7	2.050528921070234
18750.4	2.843370721070234
18752.1	3.6689582610702347
18753.8	3.3255872210702337
18755.4	2.2600502210702342
18757.1	0.9726283210702338
18758.8	0.11828622107023393
18760.4	-0.326330778929766
18762.1	0.44285512107023406
18763.8	0.8126884210702341
18765.4	1.400871221070234
18767.1	2.247927221070234
18768.8	2.4037128310702345
18770.4	2.8108391210702344
18772.1	3.912815221070234
18773.8	3.5958645210702342
18775.4	4.632088121070234
18777.1	4.887504221070235
18778.8	5.3479902210702335
18780.4	6.156256221070235
18782.1	5.903776121070235
18783.8	4.8590738210702344
18785.4	4.251917921070235
18787.1	2.1934589210702335
18788.8	1.3734936210702344
18790.4	0.8038752210702338
18792.1	1.3307382210702339
18793.8	1.636229921070234
18795.4	1.0547542210702343
18797.1	0.24744522107023395
18798.8	-0.12331512892976586
18800.5	-0.6067147789297657
18802.1	0.37932122107023397
18803.8	1.230243221070234
18805.5	1.7537182210702345
18807.1	0.978835521070234
18808.8	-0.5618627789297659
18810.5	-1.203623778929766
18812.1	-0.5638687789297661
18813.8	-0.09567047892976568
18815.5	1.8754129210702337
18817.1	4.321647221070235
18818.8	5.884621021070234
18820.5	6.645421221070235
18822.1	5.914947221070234
18823.8	4.382756311070233
18825.5	2.6644042210702343
18827.1	0.868806221070234
18828.8	-0.3800406789297662
18830.5	0.31743322107023353
18832.1	1.3638837210702337
18833.8	3.483237421070234
18835.5	4.727789321070235
18837.1	5.504223221070234
18838.8	6.444661121070235
18840.5	6.013918221070234
18842.2	5.020868821070233
18843.8	4.204316821070234
18845.5	3.418314821070234
18847.2	2.9264565210702345
18848.8	1.308406621070234
18850.5	-0.8130061789297658
18852.2	-1.4936923789297658
18853.8	-2.4391885589297657
18855.5	-2.2175769789297677
18857.2	-1.0078786789297662
18858.8	1.9938372210702344
18860.5	4.376017221070233
18862.2	5.5838234210702336
18863.8	6.046344221070234
18865.5	6.447095721070234
18867.2	5.152405221070234
18868.8	3.914156221070234
18870.5	2.214952521070234
18872.2	1.3417522210702342
18873.8	-0.03485617892976593
18875.5	-0.9694807789297663
18877.2	-2.2638597789297656
18878.8	-2.4442938789297664
18880.5	-3.018261978929766
18882.2	-2.6535995789297657
18883.8	-2.132461678929766
18885.5	-1.3960390789297663
18887.2	-1.4491247789297659
18888.9	-1.056341368929766
18890.5	-0.44184977892976585
18892.2	0.532785121070234
18893.9	1.8382402210702344
18895.5	3.490437221070235
18897.2	4.229401221070234
18898.9	4.1663372210702345
18900.5	3.6059472210702337
18902.2	2.462738221070234
18903.9	1.621139321070234
18905.5	1.474829121070234
18907.2	0.510912621070234
18908.9	0.3638632210702341
18910.5	0.8807932210702338
18912.2	1.760238421070234
18913.9	2.660375321070234
18915.5	3.6091162210702343
18917.2	2.863096221070234
18918.9	2.8155922410702336
18920.5	1.7968726210702344
18922.2	1.337341221070234
18923.9	0.8868057210702338
18925.5	0.8024652210702345
18927.2	0.4853792210702344
18928.9	0.6171094110702338
18930.5	0.5370257210702339
18932.2	1.510430921070234
18933.9	3.057452221070234
18935.6	5.3106282210702345
18937.2	6.867317221070235
18938.9	7.332010281070234
18940.6	7.291873961070235
18942.2	6.777903081070233
18943.9	6.1700342210702335
18945.6	5.716629221070233
18947.2	5.2744492510702345
18948.9	4.871209221070234
18950.6	3.563137221070234
18952.2	2.1983048210702347
18953.9	1.2482782210702337
18955.6	1.2718762210702343
18957.2	1.8820690210702338
18958.9	2.7600812210702346
18960.6	3.3989042210702336
18962.2	3.8473412210702342
18963.9	3.363954221070233
18965.6	3.252524221070234
18967.2	2.790176921070234
18968.9	2.980339221070234
18970.6	2.4344282210702337
18972.2	1.8202358210702343
18973.9	1.7762152210702342
18975.6	1.9986887210702335
18977.2	2.008235221070234
18978.9	2.805442221070234
18980.6	3.399500419070234
18982.3	4.417553221070234
18983.9	4.204717221070235
18985.6	3.2622069210702334
18987.3	1.9781349210702337
18988.9	1.162523921070234
18990.6	0.39835572107023387
18992.3	0.3985856210702343
18993.9	0.9372072210702342
18995.6	2.530922221070234
18997.3	3.6099992210702347
18998.9	3.7998171210702347
19000.6	3.8139382210702344
19002.3	3.6153152210702344
19003.9	2.232654181070234
19005.6	0.8861432210702341
19007.3	-0.1406857789297657
19008.9	-0.14219757892976626
19010.6	0.5787002210702338
19012.3	1.4378376210702342
19013.9	2.2643572210702345
19015.6	2.886975221070234
19017.3	1.983822321070234
19018.9	1.2782642210702342
19020.6	0.4997952210702339
19022.3	0.5690248210702344
19024.0	0.24772222107023395
19025.6	0.16089622107023435
19027.3	0.11130522107023415
19029.0	0.7080752210702345
19030.6	0.774915221070234
19032.3	2.2067882210702345
19034.0	2.762101121070234
19035.6	3.364567821070234
19037.3	3.180905221070234
19039.0	2.361951221070234
19040.6	1.5126581210702341
19042.3	1.6426432210702337
19044.0	1.097134221070234
19045.6	1.4837152210702342
19047.3	1.0823238210702342
19049.0	1.120025621070234
19050.6	0.950089121070234
19052.3	1.1326595210702344
19054.0	1.3878422210702344
19055.6	2.0299502210702345
19057.3	2.247317221070234
19059.0	2.861808221070234
19060.6	3.158381221070234
19062.3	4.659487021070233
19064.0	5.295671121070235
19065.6	6.377960821070234
19067.3	7.207223991070234
19069.0	7.8959912210702345
19070.7	7.872585221070234
19072.3	8.195386221070233
19074.0	7.363379121070234
19075.7	6.741391221070233
19077.3	5.426653221070234
19079.0	3.9502602210702342
19080.7	2.670985221070234
19082.3	2.546813221070234
19084.0	1.7331272210702344
19085.7	1.547707221070234
19087.3	1.547558221070234
19089.0	1.9610741210702343
19090.7	3.0660092210702343
19092.3	4.172723221070234
19094.0	5.065548221070235
19095.7	5.7189242210702345
19097.3	5.151762221070234
19099.0	4.0366263210702344
19100.7	3.097461821070234
19102.3	2.360628221070234
19104.0	2.206410821070234
19105.7	1.6707898210702345
19107.3	1.062798591070234
19109.0	1.0021506210702342
19110.7	1.148245221070234
19112.3	1.802029221070234
19114.0	3.5436825210702336
19115.7	5.429600221070234
19117.4	7.923321221070234
19119.0	9.699505221070236
19120.7	9.887337721070235
19122.4	10.235651221070233
19124.0	10.296471601070236
19125.7	9.834664221070234
19127.4	9.628106221070235
19129.0	9.345121221070235
19130.7	8.183504221070233
19132.4	7.160512221070233
19134.0	5.060814221070234
19135.7	3.6486336210702333
19137.4	2.754331321070234
19139.0	2.243984111070234
19140.7	1.8824175210702343
19142.4	2.522462221070234
19144.0	3.032599221070234
19145.7	4.173664221070235
19147.4	5.303994221070234
19149.0	5.978486621070234
19150.7	5.424496981070234
19152.4	5.119968221070234
19154.0	3.6598322210702343
19155.7	2.048716221070234
19157.4	0.9129992210702345
19159.0	0.31312822107023364
19160.7	0.057797221070234175
19162.4	0.36726632107023355
19164.1	0.8499056210702344
19165.7	1.7350301210702337
19167.4	2.792513221070234
19169.1	3.748758221070234
19170.7	4.736777221070234
19172.4	6.074843221070234
19174.1	6.827999221070234
19175.7	6.5801802210702345
19177.4	6.385400421070234
19179.1	5.813473421070233
19180.7	5.341595821070234
19182.4	6.016255421070234
19184.1	6.324729921070235
19185.7	7.466238221070233
19187.4	8.179200621070235
19189.1	8.537883221070235
19190.7	8.172860021070234
19192.4	7.6346083210702345
19194.1	5.6597013210702345
19195.7	4.076245521070234
19197.4	2.2711232210702343
19199.1	1.423053921070234
19200.7	1.2901320210702336
19202.4	2.424704221070234
19204.1	3.0430332210702336
19205.8	3.3619282210702344
19207.4	2.7839792210702345
19209.1	1.6058402210702343
19210.8	0.7449866210702343
19212.4	0.19400822107023413
19214.1	0.27307592107023393
19215.8	1.645736221070234
19217.4	3.0037402210702346
19219.1	4.227706621070235
19220.8	5.324908921070234
19222.4	5.411010221070233
19224.1	4.7948002210702345
19225.8	3.9469972210702347
19227.4	2.7725054210702345
19229.1	2.292081221070234
19230.8	2.2645112210702343
19232.4	2.5237832210702345
19234.1	3.5160762210702337
19235.8	4.187389221070234
19237.4	4.819503221070233
19239.1	5.218456221070234
19240.8	4.309345021070234
19242.4	3.9805902210702335
19244.1	3.5912636410702348
19245.8	4.136604221070233
19247.4	5.071445221070234
19249.1	6.431617421070234
19250.8	7.4206262210702345
19252.5	7.9503762210702345
19254.1	7.020972221070234
19255.8	5.556089521070234
19257.5	3.6884292210702343
19259.1	2.373868221070234
19260.8	0.9565132210702341
19262.5	1.187746121070234
19264.1	1.6297659210702342
19265.8	2.526175221070234
19267.5	3.302106221070234
19269.1	3.945284221070234
19270.8	3.7071152210702345
19272.5	4.278161621070234
19274.1	3.818200221070234
19275.8	4.094199221070235
19277.5	3.788986221070234
19279.1	3.725354221070235
19280.8	3.133153221070234
19282.5	3.168376221070234
19284.1	2.673939421070234
19285.8	2.6480832210702343
19287.5	2.0502355210702343
19289.1	2.3503292210702336
19290.8	2.2911202210702335
19292.5	3.621546221070235
19294.1	4.902136221070235
19295.8	5.681981221070234
19297.5	6.196704521070234
19299.2	5.918155021070234
19300.8	4.103586421070235
19302.5	3.0290244210702335
19304.2	1.5663271210702336
19305.8	1.9908723210702337
19307.5	2.335555021070234
19309.2	3.462758421070234
19310.8	3.548855421070234
19312.5	3.2666911210702336
19314.2	1.8781572210702335
19315.8	0.907374521070234
19317.5	-0.09388737892976602
19319.2	0.45524142107023413
19320.8	0.14190562107023394
19322.5	0.16012222107023363
19324.2	0.05417722107023417
19325.8	-0.14263777892976534
19327.5	0.25528121107023427
19329.2	1.2413483210702339
19330.8	2.2627788210702335
19332.5	2.556261721070234
19334.2	2.4075865210702343
19335.8	1.4170399210702345
19337.5	1.067023521070234
19339.2	1.6956603210702341
19340.8	2.867547121070234
19342.5	3.5577695210702345
19344.2	4.065488221070234
19345.9	4.2733206210702335
19347.5	3.610800721070234
19349.2	4.032418221070235
19350.9	4.098844221070234
19352.5	4.634795221070234
19354.2	4.239790421070234
19355.9	3.077739721070234
19357.5	1.4368115410702338
19359.2	1.0560542210702337
19360.9	0.8404779210702342
19362.5	1.9752959210702343
19364.2	2.664026621070234
19365.9	3.5740832210702336
19367.5	3.892378221070234
19369.2	3.273211221070235
19370.9	2.8887012210702343
19372.5	2.1151252210702345
19374.2	1.5489625210702342
19375.9	0.4881352210702339
19377.5	-0.2788959789297656
19379.2	-1.0296237789297664
19380.9	-1.0621573789297658
19382.5	-1.3455157789297656
19384.2	-1.3540129789297655
19385.9	-1.4131457789297666
19387.6	-0.47019177892976616
19389.2	-0.017806778929766322
19390.9	1.039656818070234
19392.6	1.9508492210702344
19394.2	1.925491221070234
19395.9	2.061430521070234
19397.6	2.8853852210702344
19399.2	3.777783021070234
19400.9	5.587406221070234
19402.6	7.130045221070233
19404.2	7.703793221070233
19405.9	7.388140221070233
19407.6	5.394834221070235
19409.2	3.5279949210702335
19410.9	2.3307558210702335
19412.6	1.289306421070234
19414.2	0.16915722107023412
19415.9	-0.8387024789297659
19417.6	-1.5470124789297661
19419.2	-2.196503778929766
19420.9	-2.074183578929765
19422.6	-0.9848487789297657
19424.2	-0.09224327892976607
19425.9	1.3428482210702342
19427.6	1.5617382210702337
19429.2	1.5170182210702337
19430.9	2.0386982210702342
19432.6	2.843825221070234
19434.3	3.801445221070234
19435.9	5.515480221070233
19437.6	5.674785221070234
19439.3	6.011682221070234
19440.9	5.466141921070235
19442.6	4.357873921070235
19444.3	4.183207421070233
19445.9	5.602612221070233
19447.6	6.511033621070235
19449.3	7.984319221070234
19450.9	7.9164572210702335
19452.6	7.7350122210702335
19454.3	6.726091491070235
19455.9	5.506552221070235
19457.6	5.227325221070234
19459.3	5.514040721070233
19460.9	5.856127321070234
19462.6	5.821312821070235
19464.3	4.867801621070234
19465.9	4.020912321070234
19467.6	2.085739221070234
19469.3	0.1717232210702339
19470.9	-0.821434778929766
19472.6	-0.869010778929766
19474.3	0.12412770107023388
19475.9	1.4595584810702342
19477.6	2.117080221070234
19479.3	3.285258221070234
19481.0	2.865282221070234
19482.6	3.429279221070233
19484.3	3.017420121070234
19486.0	3.416980221070234
19487.6	3.113208421070234
19489.3	2.8643631910702343
19491.0	2.784955921070234
19492.6	3.573948021070234
19494.3	3.944970821070234
19496.0	5.051244621070234
19497.6	5.851950121070234
19499.3	6.539281321070234
19501.0	6.614791221070233
19502.6	5.132103221070234
19504.3	3.777984021070234
19506.0	2.7172312210702336
19507.6	2.007920221070234
19509.3	1.4126902210702341
19511.0	1.207100821070234
19512.6	0.9911941210702343
19514.3	0.12418762107023414
19516.0	-0.36276777892976586
19517.6	-0.8073378789297656
19519.3	-0.034309778929766034
19521.0	0.430847721070234
19522.6	0.5725415210702343
19524.3	-0.060484978929765544
19526.0	-0.09080097892976582
19527.7	-0.48762457892976563
19529.3	0.5424552210702343
19531.0	1.4615402210702346
19532.7	2.8137640110702336
19534.3	4.114646221070235
19536.0	4.908218821070234
19537.7	4.523376221070234
19539.3	3.3420072210702343
19541.0	1.7282963210702345
19542.7	0.8223052210702345
19544.3	-0.02603537892976595
19546.0	-0.668081478929766
19547.7	0.07547422107023376
19549.3	0.9149649210702341
19551.0	2.2096822210702345
19552.7	2.4206252210702344
19554.3	2.798640221070234
19556.0	3.3580952210702337
19557.7	3.6173304210702346
19559.3	3.376691521070234
19561.0	3.6897992210702335
19562.7	3.561228221070235
19564.3	3.4271082210702337
19566.0	2.606854221070234
19567.7	2.544974921070234
19569.4	3.079878221070234
19571.0	3.341696221070234
19572.7	3.819159221070234
19574.4	3.7060042210702333
19576.0	3.0596802210702343
19577.7	2.5069067210702345
19579.4	2.317768221070234
19581.0	2.112495221070234
19582.7	2.902346221070234
19584.4	2.870485221070234
19586.0	3.427371221070234
19587.7	4.142747021070234
19589.4	4.002526061070233
19591.0	3.5241251210702336
19592.7	3.6189665210702344
19594.4	3.189673221070234
19596.0	3.3294602210702338
19597.7	2.6683122210702344
19599.4	2.4593589210702342
19601.0	1.6659914740702337
19602.7	0.9667322210702342
19604.4	0.008421221070234085
19606.0	-0.3513057789297661
19607.7	-0.19983387892976587
19609.4	1.253358773070234
19611.0	2.103421121070234
19612.7	3.250736221070234
19614.4	3.4693892210702346
19616.1	3.4737492210702334
19617.7	3.182291811070234
19619.4	2.992423221070234
19621.1	2.9611614010702345
19622.7	3.044021221070234
19624.4	2.720828221070234
19626.1	2.025432221070234
19627.7	1.6768252210702337
19629.4	2.4897794210702338
19631.1	4.168755221070233
19632.7	4.980511221070233
19634.4	5.353384421070234
19636.1	4.154114021070233
19637.7	2.961528221070234
19639.4	2.3986788560702337
19641.1	2.618601221070234
19642.7	3.6314752210702337
19644.4	3.9411262210702334
19646.1	3.6651542210702344
19647.7	4.237692221070235
19649.4	4.375904221070234
19651.1	4.926729221070234
19652.7	5.414750121070233
19654.4	4.944898691070233
19656.1	4.577027421070234
19657.7	3.8257101210702347
19659.4	3.568109221070234
19661.1	4.323931221070234
19662.8	4.801061221070233
19664.4	4.399299221070234
19666.1	4.199470421070234
19667.8	3.9268198210702336
19669.4	4.500432221070233
19671.1	5.535477221070235
19672.8	6.138945221070235
19674.4	6.155754221070234
19676.1	5.590142221070233
19677.8	4.682167621070233
19679.4	3.9652492210702333
19681.1	3.6415532210702337
19682.8	4.432643221070234
19684.4	4.815833221070234
19686.1	4.706669221070234
19687.8	3.9983690210702343
19689.4	4.103881221070234
19691.1	4.726915121070233
19692.8	6.170084221070234
19694.4	7.662356221070233
19696.1	9.393555221070233
19697.8	9.305551221070235
19699.4	8.332210221070234
19701.1	5.361478321070234
19702.8	3.1615362210702345
19704.4	0.12299142107023382
19706.1	-2.462043778929766
19707.8	-4.435373778929765
19709.5	-5.813955778929766
19711.1	-6.887735478929767
19712.8	-6.164295678929766
19714.5	-5.152609778929767
19716.1	-3.1956728789297664
19717.8	-1.0625847789297658
19719.5	0.45887132107023404
19721.1	1.007520221070234
19722.8	1.786028221070234
19724.5	1.990730221070234
19726.1	2.807918421070234
19727.8	3.7225142210702336
19729.5	4.349094221070234
19731.1	5.162972221070234
19732.8	5.290040221070234
19734.5	5.288757221070233
19736.1	5.777145921070234
19737.8	6.841449221070235
19739.5	7.1988886310702345
19741.1	7.540103421070233
19742.8	7.874680221070233
19744.5	7.264326121070235
19746.1	5.293928221070234
19747.8	3.7285163210702335
19749.5	1.1163812210702342
19751.2	-0.49216477892976596
19752.8	-2.190479478929766
19754.5	-3.069312778929766
19756.2	-2.0384109089297655
19757.8	-0.6327106789297661
19759.5	0.533564621070234
19761.2	2.4399372210702337
19762.8	3.8072022210702343
19764.5	4.417783821070234
19766.2	4.702557221070235
19767.8	4.551069221070234
19769.5	4.247948121070235
19771.2	4.335469954070234
19772.8	4.869164221070234
19774.5	5.087947391070235
19776.2	5.6995562210702335
19777.8	5.209530221070234
19779.5	3.954166221070234
19781.2	3.104276221070234
19782.8	1.670569821070234
19784.5	0.8522679610702338
19786.2	1.0140738210702338
19787.8	0.567209221070234
19789.5	1.0958312210702341
19791.2	1.652572221070234
19792.8	3.0007732210702343
19794.5	5.402779621070235
19796.2	6.401313221070234
19797.9	5.935518021070234
19799.5	4.866334221070234
19801.2	2.3209523210702345
19802.9	1.0420972210702337
19804.5	0.17785382107023393
19806.2	0.542735221070234
19807.9	1.710020321070234
19809.5	2.685403221070234
19811.2	2.549726921070234
19812.9	2.5730682210702343
19814.5	1.696165221070234
19816.2	1.4642222210702343
19817.9	1.3112030210702343
19819.5	1.7339690210702337
19821.2	1.7535557800702335
19822.9	1.508371221070234
19824.5	0.38345022107023397
19826.2	-0.7287232789297665
19827.9	-1.4063373789297655
19829.5	-1.1609467789297663
19831.2	-0.19666277892976627
19832.9	1.1615308210702342
19834.5	2.3336213210702335
19836.2	3.1252422210702333
19837.9	3.600575221070234
19839.5	3.4313452210702353
19841.2	4.045716621070236
19842.9	3.675443642070234
19844.6	3.810293021070234
19846.2	3.5958036210702344
19847.9	2.7758902210702336
19849.6	2.758843021070234
19851.2	2.8268828210702344
19852.9	3.294092221070234
19854.6	4.098739421070235
19856.2	3.9029142210702346
19857.9	3.0022452210702344
19859.6	2.707682221070234
19861.2	2.097496221070234
19862.9	2.595116221070234
19864.6	3.3683469210702333
19866.2	4.330986321070235
19867.9	4.069252221070235
19869.6	3.678052221070234
19871.2	3.3129557210702343
19872.9	3.5096977510702336
19874.6	4.452673221070234
19876.2	5.3231316210702335
19877.9	5.936756221070234
19879.6	6.568256221070234
19881.2	5.775802221070235
19882.9	4.650227321070234
19884.6	3.8036616210702348
19886.2	3.438370221070234
19887.9	3.171945321070235
19889.6	3.4997784210702334
19891.3	2.972231821070234
19892.9	2.616428221070234
19894.6	1.3966916210702345
19896.3	1.0542242210702337
19897.9	2.0585812210702334
19899.6	3.6391122210702336
19901.3	5.016196221070234
19902.9	6.436621221070235
19904.6	6.455144221070235
19906.3	6.173779221070234
19907.9	5.290398221070234
19909.6	3.8002712210702336
19911.3	3.398901221070234
19912.9	2.7126535210702345
19914.6	2.6242062210702333
19916.3	3.338252221070235
19917.9	3.6479802210702337
19919.6	3.6045742210702345
19921.3	3.931370021070234
19922.9	3.3372126210702335
19924.6	3.384569521070234
19926.3	2.6876577210702344
19927.9	2.6830479210702345
19929.6	2.8546062210702337
19931.3	3.364712621070234
19933.0	4.366880721070235
19934.6	5.868002221070235
19936.3	6.1113162210702345
19938.0	7.329996221070234
19939.6	7.816489221070235
19941.3	8.166659221070233
19943.0	8.250186221070233
19944.6	7.754108221070235
19946.3	6.287412221070235
19948.0	5.067898221070235
19949.6	3.3927916210702342
19951.3	3.051595421070234
19953.0	3.830756221070234
19954.6	4.473132321070234
19956.3	4.953436521070235
19958.0	5.478438221070233
19959.6	5.424551221070233
19961.3	4.752509221070235
19963.0	4.187752121070234
19964.6	3.8799681210702346
19966.3	3.827958321070234
19968.0	4.1831404210702345
19969.6	4.194743221070234
19971.3	3.5503172210702347
19973.0	3.046875221070234
19974.6	2.4330999210702338
19976.3	2.036439021070234
19978.0	2.4669282210702344
19979.7	2.9222612210702343
19981.3	3.1563912210702343
19983.0	3.1378052210702343
19984.7	2.266400221070234
19986.3	2.372214221070234
19988.0	2.766874221070234
19989.7	4.530417221070233
19991.3	5.878140221070234
19993.0	7.305627221070234
19994.7	7.607121221070234
19996.3	6.993737121070234
19998.0	4.918738421070234
19999.7	3.824693821070235
20001.3	2.588387221070234
20003.0	3.342083621070234
20004.7	3.513072221070234
20006.3	3.786723121070234
20008.0	3.468122721070235
20009.7	3.2600752210702337
20011.3	3.2960442210702348
20013.0	4.183848221070234
20014.7	4.5323069210702345
20016.3	4.7401494210702335
20018.0	4.199018221070235
20019.7	3.2709650210702335
20021.3	2.2920712210702336
20023.0	3.0404396210702345
20024.7	4.217951021070234
20026.4	5.501049221070234
20028.0	6.975091321070233
20029.7	7.606527221070235
20031.4	8.695061221070235
20033.0	8.977656221070232
20034.7	8.725686221070234
20036.4	9.176537221070234
20038.0	9.784436221070234
20039.7	9.931153371070234
20041.4	10.408231221070235
20043.0	10.111002221070231
20044.7	9.997437631070236
20046.4	8.041445221070234
20048.0	5.632991221070233
20049.7	3.799570821070234
20051.4	2.172192221070234
20053.0	1.4411512210702342
20054.7	0.954090321070234
20056.4	0.300206221070234
20058.0	0.2554253210702342
20059.7	0.12003922107023408
20061.4	0.41487362107023407
20063.0	1.5749552210702338
20064.7	2.9857151210702337
20066.4	3.603063921070235
20068.0	3.0038286210702343
20069.7	1.8595222210702342
20071.4	1.520157221070234
20073.1	2.3674912210702344
20074.7	4.810021221070234
20076.4	7.1242912210702345
20078.1	8.183105521070233
20079.7	7.684819221070235
20081.4	5.908374221070234
20083.1	4.030742221070234
20084.7	3.197737221070234
20086.4	1.9966209010702332
20088.1	0.9755922210702342
20089.7	0.46160622107023386
20091.4	-0.8280537789297657
20093.1	-1.5004071789297662
20094.7	-0.7834141089297655
20096.4	0.8796805210702339
20098.1	2.978740121070234
20099.7	4.1124909210702345
20101.4	3.992975221070234
20103.1	3.722971321070234
20104.7	2.7253838210702344
20106.4	1.4075040210702336
20108.1	1.028580521070234
20109.7	1.6331872210702343
20111.4	2.556241221070234
20113.1	3.8789222210702343
20114.8	5.044476791070235
20116.4	5.897703221070233
20118.1	6.201790121070235
20119.8	5.603567221070234
20121.4	5.1981332210702345
20123.1	4.900077821070235
20124.8	4.465516221070234
20126.4	3.963885821070234
20128.1	3.793270021070234
20129.8	3.3376692210702337
20131.4	3.932074221070234
20133.1	3.9861845210702334
20134.8	4.489588731070233
20136.4	5.513247221070235
20138.1	6.182501221070234
20139.8	6.2970042210702335
20141.4	6.512129221070235
20143.1	5.957191121070235
20144.8	5.985765221070233
20146.4	5.726259221070235
20148.1	5.291583221070234
20149.8	6.071260221070235
20151.4	6.919211221070233
20153.1	6.520608221070233
20154.8	6.113062621070234
20156.4	4.068590221070234
20158.1	2.366923921070234
20159.8	0.524694221070234
20161.5	-0.6627857789297655
20163.1	-0.11917457892976539
20164.8	1.2475132210702342
20166.5	2.053689221070234
20168.1	2.719363221070234
20169.8	2.0410832210702337
20171.5	1.0152642210702338
20173.1	0.17890622107023404
20174.8	0.43142322107023395
20176.5	1.9561221210702342
20178.1	3.9982263210702342
20179.8	5.590207221070234
20181.5	6.648397121070235
20183.1	6.763702991070232
20184.8	5.748740621070234
20186.5	4.630831621070234
20188.1	4.728819941070234
20189.8	4.940202421070234
20191.5	5.827604821070234
20193.1	5.650997221070234
20194.8	4.721370521070234
20196.5	3.4731579210702344
20198.1	2.2667800210702342
20199.8	1.007373821070234
20201.5	0.18529252107023417
20203.1	0.12464462107023397
20204.8	0.19113052107023415
20206.5	0.42318322107023415
20208.2	0.0810012210702336
20209.8	0.33057722107023435
20211.5	0.6868572210702342
20213.2	0.5640082210702342
20214.8	-0.5882293789297659
20216.5	-0.5324951979297662
20218.2	-0.16541777892976567
20219.8	-0.11651877892976588
20221.5	-0.7911157789297661
20223.2	-0.8790977789297664
20224.8	-0.052763778929766046
20226.5	1.4114086110702337
20228.2	2.5416872210702337
20229.8	3.4849762210702346
20231.5	4.619301721070234
20233.2	3.649454821070234
20234.8	2.078285221070234
20236.5	0.21556822107023416
20238.2	-1.0680677789297657
20239.8	-0.7387499789297659
20241.5	1.328160221070234
20243.2	3.733260221070234
20244.8	6.782308011070233
20246.5	7.7899962210702345
20248.2	7.584218221070235
20249.8	6.661173621070233
20251.5	5.464559221070234
20253.2	5.2563762210702345
20254.9	5.296073251070235
20256.5	4.8841380210702345
20258.2	3.5320362210702343
20259.9	3.367385221070234
20261.5	3.5842586210702336
20263.2	4.707837763070234
20264.9	4.912798221070235
20266.5	5.420203221070233
20268.2	4.833810221070235
20269.9	4.749431221070234
20271.5	4.321824221070234
20273.2	6.038491221070233
20274.9	7.633263221070233
20276.5	8.642777021070234
20278.2	7.258274221070233
20279.9	5.656948121070234
20281.5	3.2708809210702343
20283.2	1.3634519210702336
20284.9	0.19314409107023373
20286.5	0.48173082107023363
20288.2	1.3817113210702348
20289.9	2.607446221070234
20291.5	2.647660221070234
20293.2	2.959808221070233
20294.9	2.750683221070234
20296.6	2.0367992210702335
20298.2	1.7011277010702344
20299.9	2.171779221070234
20301.6	2.552545221070235
20303.2	4.088488221070234
20304.9	5.683819421070234
20306.6	7.395305221070234
20308.2	8.682393221070235
20309.9	9.074630221070233
20311.6	8.370954021070235
20313.2	7.328556221070234
20314.9	4.496481221070233
20316.6	2.3914193210702344
20318.2	0.5713653810702343
20319.9	0.2462582210702343
20321.6	0.8167122210702338
20323.2	1.9866000210702335
20324.9	2.913318821070234
20326.6	3.326125021070234
20328.2	3.616493221070234
20329.9	4.366456221070234
20331.6	4.629792611070234
20333.2	4.951702121070234
20334.9	4.596350221070234
20336.6	4.014005221070234
20338.2	3.0320172210702343
20339.9	1.6433362210702334
20341.6	1.1323978010702338
20343.3	1.4855332210702348
20344.9	2.8958222210702345
20346.6	4.501436721070234
20348.3	6.265463321070234
20349.9	7.802854221070236
20351.6	7.675123221070234
20353.3	6.6992402210702355
20354.9	5.297541221070235
20356.6	4.393105221070234
20358.3	4.261216421070234
20359.9	4.583353221070235
20361.6	4.492417221070235
20363.3	4.150914221070234
20364.9	3.0301748210702337
20366.6	1.858845021070234
20368.3	0.581312321070234
20369.9	-0.08006377892976602
20371.6	-1.387763778929766
20373.3	-1.5429687789297664
20374.9	-1.8508677789297665
20376.6	-1.587983778929766
20378.3	-1.2966611789297653
20379.9	-0.033416978929765764
20381.6	0.5124382210702336
20383.3	1.1173139210702343
20384.9	1.7814114210702339
20386.6	3.149961721070234
20388.3	3.7508422210702337
20390.0	4.9746619210702345
20391.6	4.928261621070234
20393.3	5.132563221070234
20395.0	5.099044721070234
20396.6	4.765231421070235
20398.3	4.550564521070234
20400.0	4.356204221070234
20401.6	3.021082221070235
20403.3	2.2024282210702344
20405.0	1.833982721070234
20406.6	2.1637449410702336
20408.3	3.169601221070234
20410.0	4.004625021070234
20411.6	4.432989221070233
20413.3	3.7003024210702344
20415.0	3.0114026210702347
20416.6	3.0672996210702346
20418.3	3.7167853210702346
20420.0	4.912200221070234
20421.6	6.664072221070233
20423.3	7.0433452210702345
20425.0	7.1720992210702335
20426.6	5.942050221070234
20428.3	4.173193221070234
20430.0	4.059340221070234
20431.6	3.963370221070234
20433.3	3.816811221070233
20435.0	4.401449221070234
20436.7	3.844893221070234
20438.3	3.2947872210702336
20440.0	2.848529221070234
20441.7	2.2862022210702344
20443.3	3.500872221070234
20445.0	4.481472221070233
20446.7	5.707818221070235
20448.3	6.537914221070233
20450.0	6.719147921070234
20451.7	6.893665921070235
20453.3	6.714882821070233
20455.0	5.707294221070234
20456.7	5.780969221070234
20458.3	4.662697221070234
20460.0	4.017314221070234
20461.7	3.400880221070234
20463.3	3.323812221070235
20465.0	4.250277221070235
20466.7	4.579059221070234
20468.3	4.684705821070233
20470.0	4.269621221070234
20471.7	2.3081852210702345
20473.3	0.7204125210702342
20475.0	-0.4513477789297663
20476.7	-0.812394778929766
20478.4	-0.30867377892976516
20480.0	-0.17689027892976536
20481.7	0.20649242107023474
20483.4	0.8740432210702334
20485.0	1.202359521070234
20486.7	2.140233221070234
20488.4	2.184538221070234
20490.0	1.6254242310702338
20491.7	1.627031321070234
20493.4	2.702536221070234
20495.0	4.777349421070233
20496.7	5.974902221070234
20498.4	5.364933521070235
20500.0	3.8121022210702336
20501.7	0.8060693210702343
20503.4	-1.8263628789297663
20505.0	-2.3307902789297663
20506.7	-1.2901895789297668
20508.4	0.3218168210702341
20510.0	0.5758434010702345
20511.7	-0.11173029892976585
20513.4	-0.9026915789297656
20515.0	-2.0528174789297657
20516.7	-2.126310408929765
20518.4	-1.6548528789297658
20520.0	-0.2304107789297662
20521.7	1.4590542210702337
20523.4	3.0870502210702337
20525.1	3.9994093210702344
20526.7	4.3432002210702345
20528.4	4.203622221070233
20530.1	4.343704221070235
20531.7	5.086399421070235
20533.4	6.168253221070235
20535.1	6.4751072210702345
20536.7	7.5679802210702345
20538.4	7.733815121070235
20540.1	7.688787621070235
20541.7	7.346378321070235
20543.4	6.289853221070234
20545.1	5.021661221070234
20546.7	4.076650521070234
20548.4	2.545010221070234
20550.1	2.925380621070234
20551.7	3.1101062210702337
20553.4	3.6230512210702344
20555.1	4.712637221070234
20556.7	5.225884221070234
20558.4	6.313436221070234
20560.1	7.701884221070233
20561.7	8.255402021070235
20563.4	9.019672221070234
20565.1	8.726689421070233
20566.7	7.816694221070233
20568.4	6.616816221070233
20570.1	4.437042221070234
20571.8	2.5149371210702354
20573.4	2.1064482210702353
20575.1	2.4768032210702335
20576.8	4.841874221070233
20578.4	8.061787221070233
20580.1	10.843941221070235
20581.8	12.029252221070234
20583.4	11.511991221070236
20585.1	8.983361221070234
20586.8	6.639341921070233
20588.4	4.9412278210702345
20590.1	4.072665621070233
20591.8	4.5492222210702336
20593.4	4.238053221070234
20595.1	3.3133306210702345
20596.8	1.914314921070234
20598.4	-0.09575977892976542
20600.1	-1.4276157789297663
20601.8	-1.6919207789297652
20603.4	-0.4517573789297661
20605.1	1.9556312210702338
20606.8	2.984013921070234
20608.4	4.321899721070234
20610.1	5.764999031070234
20611.8	5.964672221070234
20613.4	6.622663221070233
20615.1	7.212349221070234
20616.8	6.996525221070233
20618.5	6.700558521070233
20620.1	5.258543221070234
20621.8	2.6279222210702344
20623.5	0.9655255210702338
20625.1	-0.27359537892976615
20626.8	0.04716422107023384
20628.5	2.4453917210702336
20630.1	4.617244121070234
20631.8	5.289808221070233
20633.5	5.322022921070234
20635.1	3.353566221070235
20636.8	1.9496472210702342
20638.5	0.6462271210702345
20640.1	1.0427182210702335
20641.8	1.7805732210702339
20643.5	3.029804221070234
20645.1	3.9767872210702335
20646.8	4.643767421070233
20648.5	5.132942221070234
20650.1	6.465355221070233
20651.8	7.189429221070235
20653.5	7.595685221070234
20655.1	7.536950621070234
20656.8	7.315085221070234
20658.5	7.110099221070234
20660.2	6.832594821070233
20661.8	6.651475221070234
20663.5	7.104415721070235
20665.2	7.888542221070233
20666.8	8.510455221070234
20668.5	8.863164221070233
20670.2	9.358336221070234
20671.8	9.111143221070234
20673.5	8.069744521070234
20675.2	6.750632991070235
20676.8	4.961949321070234
20678.5	3.6806040210702333
20680.2	2.786693221070234
20681.8	2.6957247210702344
20683.5	2.6742042210702346
20685.2	2.717165221070234
20686.8	2.5928478210702344
20688.5	2.4368272210702338
20690.2	2.7101377210702338
20691.8	3.780169221070234
20693.5	4.225250021070234
20695.2	4.944380221070234
20696.8	5.622615221070234
20698.5	5.040542221070234
20700.2	4.118208221070234
20701.8	2.7029676210702336
20703.5	1.6563100210702337
20705.2	1.223439821070234
20706.9	2.1460892210702345
20708.5	3.244753021070234
20710.2	4.7260972210702334
20711.9	5.301422021070234
20713.5	5.219618421070234
20715.2	4.572476521070234
20716.9	3.853489421070235
20718.5	3.0607477210702343
20720.2	2.4005082210702335
20721.9	2.8264762210702337
20723.5	2.2117115210702343
20725.2	1.4527083210702343
20726.9	1.1159768610702343
20728.5	0.7739406210702338
20730.2	-0.43868482892976635
20731.9	0.10526512107023418
20733.5	0.4535946210702342
20735.2	2.247300221070234
20736.9	3.464855021070234
20738.5	3.829323021070234
20740.2	3.654325121070234
20741.9	4.056670121070234
20743.5	3.6403515210702344
20745.2	4.132302721070234
20746.9	4.286055021070234
20748.5	4.036589221070234
20750.2	3.391306321070234
20751.9	2.719477721070234
20753.6	2.203733221070234
20755.2	2.705610221070234
20756.9	3.1619202210702335
20758.6	3.622607221070234
20760.2	3.650989221070234
20761.9	3.654281821070235
20763.6	3.146453321070234
20765.2	3.3849159210702338
20766.9	4.051092021070234
20768.6	5.284936021070234
20770.2	6.915184221070234
20771.9	7.794089221070235
20773.6	8.058930221070232
20775.2	7.721414421070234
20776.9	6.667742021070234
20778.6	6.123226221070235
20780.2	6.767661221070233
20781.9	7.553887721070234
20783.6	8.939131221070234
20785.2	8.774100221070233
20786.9	7.706343121070233
20788.6	6.055931221070233
20790.2	3.879408021070234
20791.9	2.838449421070234
20793.6	2.5338442210702343
20795.2	2.964796421070234
20796.9	4.114911121070234
20798.6	4.658011221070234
20800.3	4.803842021070234
20801.9	4.872506921070235
20803.6	4.400873221070235
20805.3	4.403692721070234
20806.9	4.250587221070234
20808.6	3.626859811070234
20810.3	2.7803129310702337
20811.9	1.669558221070234
20813.6	0.843478221070234
20815.3	0.898483821070234
20816.9	2.384301021070234
20818.6	4.550080221070234
20820.3	6.2640256210702345
20821.9	7.651275221070234
20823.6	7.6866529810702335
20825.3	7.2669882210702355
20826.9	6.263083221070234
20828.6	4.688239221070234
20830.3	2.575838221070234
20831.9	0.5312663210702343
20833.6	-1.166742378929766
20835.3	-1.2902385789297661
20836.9	-0.03528767892976585
20838.6	2.141814221070234
20840.3	4.0134707210702345
20842.0	5.112175221070234
20843.6	5.437629221070234
20845.3	5.213940021070234
20847.0	5.215313121070235
