0.0	4.636552616254181
1.66789	3.3716865162541807
3.33578	3.107640616254181
5.00367	1.078581816254181
6.67156	0.6965744562541811
8.33945	-0.3864220837458191
10.0073	0.3399051162541809
11.6752	-0.44527698374581914
13.3431	0.3865663162541809
15.011	-0.3746259837458191
16.6789	0.508714716254181
18.3468	-0.2357612837458189
20.0147	0.626695816254181
21.6826	-0.13292888374581896
23.3505	0.7477894462541809
25.0183	0.10315970625418092
26.6862	0.992406716254181
28.3541	0.283625716254181
30.022	1.048324016254181
31.6899	0.12182601625418096
33.3578	0.7883130162541808
35.0257	-0.19904308374581897
36.6936	0.562226936254181
38.3615	-0.13190578374581913
40.0294	0.6498610162541809
41.6972	-0.13015278374581926
43.3651	0.6209479482541809
45.033	-0.24582928374581905
46.7009	0.578969306254181
48.3688	-0.14136202374581916
50.0367	0.672114816254181
51.7046	0.0021596162541807963
53.3725	0.897285116254181
55.0404	0.22063791625418078
56.7083	1.376025516254181
58.3761	0.9327891162541808
60.044	2.236585916254181
61.7119	1.8209425162541808
63.3798	2.647659316254181
65.0477	1.6836287162541808
66.7156	2.172860916254181
68.3835	0.9940741162541811
70.0514	1.6599595162541807
71.7193	0.5234157162541809
73.3871	1.1854758162541807
75.055	0.22812645625418085
76.7229	0.765987116254181
78.3908	-0.14742468374581916
80.0587	0.7058288162541808
81.7266	0.14325891625418102
83.3945	1.292998016254181
85.0624	0.7491159162541808
86.7303	1.7366332162541809
88.3982	0.8852123162541808
90.066	1.4649899162541806
91.7339	0.25802241625418076
93.4018	0.6192322162541812
95.0697	-0.462644683745819
96.7376	0.05173581625418082
98.4055	-0.6765758937458191
100.073	0.5971635162541811
101.741	0.35246417625418097
103.409	1.638881816254181
105.077	1.048563666254181
106.745	1.6206492162541806
108.413	0.4494812162541811
110.081	0.6924044162541808
111.749	-0.4957741837458192
113.417	0.2041978162541811
115.084	-0.6720352837458188
116.752	0.18416261625418104
118.42	-0.5354602937458189
120.088	0.2629099162541809
121.756	-0.18218461374581918
123.424	0.9571451162541809
125.092	0.446690416254181
126.76	1.583773316254181
128.428	0.9891539162541811
130.095	1.822117386254181
131.763	1.0834262162541808
133.431	1.916490838254181
135.099	0.9767145162541808
136.767	1.548280416254181
138.435	0.36480701625418094
140.103	0.722206476254181
141.771	-0.22111298374581906
143.439	0.5380916162541809
145.106	-0.009764083745819186
146.774	1.4039552162541808
148.442	0.8230954362541809
150.11	1.675036616254181
151.778	0.7226056162541811
153.446	1.580729816254181
155.114	0.7044080162541807
156.782	1.6358517162541808
158.45	1.0490916162541808
160.117	1.9970062162541808
161.785	1.2647600062541813
163.453	1.9182499162541806
165.121	0.9581591162541809
166.789	1.865400416254181
168.457	0.8736000162541806
170.125	1.9068450162541812
171.793	1.431573216254181
173.461	2.5662662162541814
175.128	2.501732116254181
176.796	3.6216939162541815
178.464	3.365031616254181
180.132	4.829127616254181
181.8	4.03173291625418
183.468	4.87318564325418
185.136	3.5423070162541803
186.804	3.4122094162541807
188.472	1.794045916254181
190.139	1.7912578162541812
191.807	0.618075816254181
193.475	1.454798016254181
195.143	0.8964586162541808
196.811	2.140266016254181
198.479	1.7217522162541812
200.147	2.8092896162541807
201.815	1.8663985162541805
203.483	2.291484116254181
205.15	1.002465056254181
206.818	1.101756016254181
208.486	-0.027440283745818972
210.154	0.707666716254181
211.822	-0.0060545837458189315
213.49	0.9886908162541808
215.158	0.25007071625418104
216.826	1.0714333162541811
218.494	0.32365131625418087
220.161	1.137019516254181
221.829	0.3440660162541809
223.497	1.174632196254181
225.165	0.26410691625418103
226.833	0.949052716254181
228.501	0.07808071625418085
230.169	0.8875103162541811
231.837	0.15429366625418087
233.505	0.9906082162541813
235.172	0.36212261625418085
236.84	1.248506756254181
238.508	0.6276209162541809
240.176	1.597512016254181
241.844	0.877213216254181
243.512	1.5783146162541808
245.18	0.2557060162541811
246.848	0.42817911625418115
248.516	-0.8748353837458188
250.183	-0.2122427837458191
251.851	-0.6736083837458191
253.519	1.042241116254181
255.187	1.062121316254181
256.855	2.7983915162541804
258.523	2.531995816254181
260.191	3.7106474162541807
261.859	3.033509716254181
263.527	3.868107416254181
265.194	2.813333116254181
266.862	3.2238415762541814
268.53	1.7744711162541809
270.198	1.9108184162541808
271.866	0.5849751462541809
273.534	1.0065525162541809
275.202	-0.08500468374581911
276.87	0.5668702162541809
278.538	-0.30898962174581923
280.205	0.3673516162541809
281.873	-0.37004508374581924
283.541	0.472007116254181
285.209	-0.3257452337458192
286.877	0.605370906254181
288.545	-0.12832688374581908
290.213	0.7746958162541812
291.881	0.013203076254180967
293.549	0.7626091162541808
295.216	-0.2503682837458191
296.884	0.34584141625418097
298.552	-0.7496833337458193
300.22	-0.05503508374581911
301.888	-0.7674311137458194
303.556	0.13847351625418097
305.224	-0.49872438374581896
306.892	0.3735855162541811
308.56	-0.5146797837458191
310.227	0.24479101625418087
311.895	-0.678378983745819
313.563	0.099532216254181
315.231	-0.7021609837458194
316.899	0.17944121625418094
318.567	-0.5668826837458191
320.235	0.22388661625418083
321.903	-0.03365698374581896
323.571	2.646611616254181
325.238	4.66720461625418
326.906	8.796476516254181
328.574	10.362214316254182
330.242	12.059218616254181
331.91	10.04409731625418
333.578	8.402692306254181
335.246	4.68841121625418
336.914	3.4645276162541814
338.582	1.436490016254181
340.25	1.6693000162541807
341.917	0.370966456254181
343.585	1.037624616254181
345.253	-0.0595567137458191
346.921	0.7584014162541809
348.589	0.04932241625418077
350.257	1.0069279862541807
351.925	0.29261941625418086
353.593	1.1266569662541812
355.261	0.25161771625418095
356.928	1.0653300162541808
358.596	0.10081601625418113
360.264	0.859196016254181
361.932	-0.013894583745819011
363.6	0.7025369162541807
365.268	-0.12059178374581898
366.936	0.7014144162541809
368.604	-0.0436520737458191
370.272	0.9068895752541813
371.939	0.06520761625418103
373.607	0.7919524702541809
375.275	-0.11913368374581892
376.943	0.5232893362541808
378.611	-0.343624883745819
380.279	0.5499430162541811
381.947	-0.18620233374581904
383.615	0.738025616254181
385.283	0.01495103825418106
386.95	0.8274266362541809
388.618	0.07103331625418095
390.286	0.8860347162541811
391.954	0.16602711625418087
393.622	1.043542206254181
395.29	0.19210811625418095
396.958	0.9240054762541812
398.626	-0.019501883745819026
400.294	0.7769802162541811
401.961	0.11272831625418092
403.629	1.004428016254181
405.297	0.30423261625418085
406.965	1.185253316254181
408.633	0.3922606162541812
410.301	1.7459435162541805
411.969	1.354559316254181
413.637	2.536071846254181
415.305	1.7948980162541808
416.972	2.287936916254181
418.64	0.8917579162541808
420.308	1.2375173062541809
421.976	-0.000598983745818904
423.644	0.8465255562541809
425.312	0.03560991625418097
426.98	0.767603616254181
428.648	-0.126635383745819
430.316	0.6754432162541809
431.983	-0.10742308374581895
433.651	0.707972776254181
435.319	-0.06679748374581898
436.987	0.7798369962541812
438.655	-0.010552083745819152
440.323	0.7953588062541809
441.991	-0.0010396837458190645
443.659	0.8059624062541811
445.327	-0.025343753745819163
446.994	0.730113116254181
448.662	-0.15153558374581905
450.33	0.6034523162541807
451.998	-0.2770825837458189
453.666	0.46573711625418107
455.334	-0.375390183745819
457.002	0.41366861625418105
458.67	-0.4434218837458189
460.338	0.37059921625418113
462.005	-0.436408483745819
463.673	0.4445945162541811
465.341	-0.28056808374581915
467.009	0.602436146254181
468.677	-0.1629315837458191
470.345	0.6530506662541811
472.013	-0.23559958374581913
473.681	0.528228716254181
475.349	-0.3327122837458192
477.016	0.4487905162541811
478.684	-0.35369728374581916
480.352	0.476555716254181
482.02	-0.3295270837458192
483.688	0.5071369162541808
485.356	-0.30744678374581913
487.024	0.5229325162541809
488.692	-0.27124988374581893
490.36	0.5516356162541809
492.027	-0.22617348374581897
493.695	0.6122249162541811
495.363	-0.16615848374581912
497.031	0.6687989962541809
498.699	-0.12764678374581914
500.367	0.6857250152541808
502.035	-0.1538152837458191
503.703	0.609198016254181
505.371	-0.23796578374581895
507.038	0.5216116162541811
508.706	-0.2904302837458191
510.374	0.548180316254181
512.042	-0.2200795837458191
513.71	0.620195706254181
515.378	-0.1423103837458191
517.046	0.6680848462541809
518.714	-0.11995518374581904
520.382	0.716277976254181
522.049	-0.09485598374581901
523.717	0.709569516254181
525.385	-0.171961483745819
527.053	0.5148047362541809
528.721	-0.3792727837458192
530.389	0.39674058625418107
532.057	-0.41231128374581905
533.725	0.4378315562541809
535.393	0.14217261625418087
537.06	1.9968471162541808
538.728	2.1179170162541814
540.396	3.4259222162541803
542.064	2.5432974162541813
543.732	2.622501416254181
545.4	0.843661616254181
547.068	0.688058416254181
548.736	-0.6107116837458191
550.404	0.3237629162541809
552.072	-0.3054417837458189
553.739	0.5083618162541811
555.407	-0.2465847637458189
557.075	0.5949959162541809
558.743	-0.20226798374581895
560.411	0.602028646254181
562.079	-0.212492083745819
563.747	0.6119013001841809
565.415	-0.20161408374581918
567.083	0.597341116254181
568.75	-0.25318288374581893
570.418	0.5040512462541809
572.086	-0.34207058374581906
573.754	0.447088492254181
575.422	-0.372790083745819
577.09	0.4844114162541809
578.758	-0.304423383745819
580.426	0.5309661772541808
582.094	-0.271725883745819
583.761	0.5453479162541811
585.429	-0.279195583745819
587.097	0.5279290162541809
588.765	-0.31045498374581915
590.433	0.5045007162541809
592.101	-0.30973828374581897
593.769	0.5189134162541811
595.437	-0.2814417837458192
597.105	0.5583054362541808
598.772	-0.243031583745819
600.44	0.5749154962541809
602.108	-0.2465343837458191
603.776	0.5547825162541808
605.444	-0.26952758374581914
607.112	0.5373138162541811
608.78	-0.288964883745819
610.448	0.5157636162541809
612.116	-0.2989839837458192
613.783	0.5119073162541811
615.451	-0.29958778374581907
617.119	0.5311691162541811
618.787	-0.26576358374581904
620.455	0.5704453162541809
622.123	-0.23472378374581893
623.791	0.5826004162541809
625.459	-0.243949883745819
627.127	0.5498949162541809
628.794	-0.28702088374581913
630.462	0.526008816254181
632.13	-0.294218283745819
633.798	0.5229074162541808
635.466	-0.3102944837458189
637.134	0.500163016254181
638.802	-0.343097983745819
640.47	0.437667516254181
642.138	-0.37743348374581903
643.805	0.4805211162541811
645.473	-0.27136408374581894
647.141	0.6124411162541807
648.809	-0.1713005837458192
650.477	0.654877416254181
652.145	-0.19105138374581904
653.813	0.570025316254181
655.481	-0.285891983745819
657.149	0.5146352162541811
658.816	-0.3150607837458189
660.484	0.513044416254181
662.152	-0.26024418374581915
663.82	0.6617116162541811
665.488	-0.115636283745819
667.156	0.8099006162541809
668.824	0.0549047162541809
670.492	0.9462246562541807
672.16	0.23236921625418092
673.827	1.0852002162541807
675.495	0.25254161625418103
677.163	1.0050411162541808
678.831	0.007677916254181061
680.499	0.6849277162541809
682.167	-0.2363993537458191
683.835	0.5039935462541811
685.503	-0.29329074374581887
687.171	0.512630316254181
688.838	-0.28017308374581906
690.506	0.5358892162541812
692.174	-0.2447033837458191
693.842	0.5811800162541808
695.51	-0.21517618374581904
697.178	0.5961302362541809
698.846	-0.21261338374581906
700.514	0.5985981162541811
702.182	-0.21459838374581913
703.849	0.5902310162541811
705.517	-0.22323401374581903
707.185	0.584184116254181
708.853	-0.22367298374581898
710.521	0.5948604762541808
712.189	-0.20802418374581907
713.857	0.6029220362541808
715.525	-0.21982408374581913
717.193	0.575095816254181
718.86	-0.2517095837458191
720.528	0.5516321162541808
722.196	-0.26102138374581907
723.864	0.5461680162541811
725.532	-0.2548798837458189
727.2	0.5590363162541809
728.868	-0.25573678374581904
730.536	0.549173816254181
732.204	-0.2677372837458191
733.871	0.5292808762541811
735.539	-0.28594078374581905
737.207	0.5250640962541812
738.875	-0.28310788374581897
740.543	0.539217976254181
742.211	-0.28036408374581895
743.879	0.5266846162541807
745.547	-0.294253283745819
747.215	0.5129373162541808
748.882	-0.3033969837458191
750.55	0.5217163162541809
752.218	-0.28706818374581916
753.886	0.5345616162541809
755.554	-0.2803401837458191
757.222	0.5385014162541809
758.89	-0.28498168374581917
760.558	0.5227896162541809
762.226	-0.2913314837458189
763.894	0.5257706162541806
765.561	-0.2836722837458191
767.229	0.5347563162541809
768.897	-0.2804074837458191
770.565	0.5322939162541809
772.233	-0.289947883745819
773.901	0.5196335162541809
775.569	-0.2871528837458191
777.237	0.540927816254181
778.905	-0.267682683745819
780.572	0.5499981162541812
782.24	-0.2751957837458191
783.908	0.5335854162541809
785.576	-0.29248538374581895
787.244	0.5108340162541808
788.912	-0.33659058374581907
790.58	0.4664276162541811
792.248	-0.36921058374581905
793.916	0.4532189162541808
795.583	-0.3390507837458191
797.251	0.5236158862541812
798.919	-0.24452958374581896
800.587	0.6240031762541809
802.255	-0.19015028374581894
803.923	0.6361695962541809
805.591	-0.19361788374581917
807.259	0.6073292062541811
808.927	-0.24308918374581906
810.594	0.5540364162541809
812.262	-0.2920475837458191
813.93	0.5269204162541807
815.598	-0.2961538837458191
817.266	0.5498451162541809
818.934	-0.23702788374581915
820.602	0.6245654162541812
822.27	-0.17239578374581915
823.938	0.6778590162541811
825.605	-0.14013998374581907
827.273	0.6760672962541809
828.941	-0.1799658837458192
830.609	0.618058136254181
832.277	-0.234722783745819
833.945	0.5745838562541811
835.613	-0.2648768837458191
837.281	0.5680438362541811
838.949	-0.2532082837458189
840.616	0.5853414662541809
842.284	-0.23085948374581905
843.952	0.620261216254181
845.62	-0.19567168374581906
847.288	0.6578906562541809
848.956	-0.16152658374581905
850.624	0.667354656254181
852.292	-0.177654883745819
853.96	0.6567600562541811
855.627	-0.2366356837458191
857.295	0.6052997162541811
858.963	-0.26955208374581896
860.631	0.7355085162541808
862.299	0.15322511625418087
863.967	1.2566836162541812
865.635	0.6820418162541811
867.303	1.4773866162541813
868.971	0.4285746162541809
870.638	0.8983024162541808
872.306	-0.33829306374581897
873.974	0.2461966162541808
875.642	-0.657939483745819
877.31	0.10993201625418092
878.978	-0.613869783745819
880.646	0.1636123162541807
882.314	-0.596402783745819
883.982	0.23033431625418072
885.649	-0.531067183745819
887.317	0.3206869162541811
888.985	-0.47137168374581917
890.653	0.38979911625418084
892.321	-0.352260583745819
893.989	0.7152384062541808
895.657	1.0577488162541806
897.325	3.8197532162541803
898.993	5.321609616254181
900.66	8.09853761625418
902.328	8.270969216254182
903.996	8.81905081625418
905.664	6.602092616254181
907.332	5.32171561625418
909.0	2.710431616254181
910.668	2.2528856162541806
912.336	0.6695387462541807
914.004	0.9880195162541808
915.671	-0.019767483745819093
917.339	0.7908835502541809
919.007	-0.029835583745819027
920.675	0.7264204162541811
922.343	-0.11188208374581901
924.011	0.643807216254181
925.679	-0.1995071837458191
927.347	0.5985115162541809
929.015	-0.21147898374581908
930.682	0.6305580162541811
932.35	-0.1448798837458191
934.018	0.6679880162541811
935.686	-0.13316138374581923
937.354	0.6439996162541809
939.022	-0.22069738374581913
940.69	0.577579516254181
942.358	-0.210564683745819
944.026	0.6750306162541808
945.693	-0.07978558374581904
947.361	0.764479816254181
949.029	-0.05235278374581913
950.697	0.7339154162541808
952.365	-0.11513738374581899
954.033	0.6875600162541808
955.701	-0.12401968374581904
957.369	0.7086235162541809
959.037	-0.12007468374581902
960.704	0.675312216254181
962.372	-0.159736083745819
964.04	0.647845316254181
965.708	-0.16690928374581895
967.376	0.6573322162541809
969.044	-0.15119798374581897
970.712	0.6570945162541809
972.38	-0.16257758374581904
974.048	0.6925116462541808
975.715	-0.09924318374581904
977.383	0.7568842162541808
979.051	-0.06300268374581912
980.719	0.7590214662541811
982.387	-0.11825358374581904
984.055	0.6748420162541809
985.723	-0.18317519374581914
987.391	0.6976999162541809
989.059	-0.090974883745819
990.727	0.812996626254181
992.394	0.02972521625418101
994.062	0.955038580654181
995.73	0.1288083162541809
997.398	1.0095447162541809
999.066	0.15193384625418097
1000.73	1.175293576254181
1002.4	0.5117520462541808
1004.07	1.887460016254181
1005.74	1.801854916254181
1007.41	3.1735741162541813
1009.07	2.9383622162541814
1010.74	3.8157436162541805
1012.41	2.592719436254181
1014.08	2.7891591162541816
1015.74	1.0877879762541809
1017.41	1.1764696762541809
1019.08	0.02454121625418095
1020.75	0.45275671625418107
1022.42	-0.2956310837458189
1024.08	0.539486116254181
1025.75	-0.17430298374581907
1027.42	0.6768723462541809
1029.09	-0.08605508374581916
1030.76	0.7745808162541811
1032.42	0.012709416254181094
1034.09	0.892418756254181
1035.76	0.08411181625418082
1037.43	0.849326516254181
1039.1	0.015729516254180932
1040.76	0.879988916254181
1042.43	0.2908728062541809
1044.1	3.284327116254181
1045.77	5.642708216254181
1047.43	11.597630616254182
1049.1	16.06571881625418
1050.77	21.10716661625418
1052.44	22.20706961625418
1054.11	22.06808561625418
1055.77	17.04966961625418
1057.44	13.007461016254183
1059.11	6.894193116254181
1060.78	3.604624516254181
1062.45	0.161176316254181
1064.11	-0.37555448374581907
1065.78	-1.528232583745819
1067.45	-0.6125653837458191
1069.12	-1.2412444837458192
1070.79	-0.421209483745819
1072.45	-0.969367083745819
1074.12	-0.16193848374581904
1075.79	-0.7251095837458191
1077.46	0.13278328625418084
1079.12	-0.48276248374581937
1080.79	0.10882021625418101
1082.46	1.3047108162541812
1084.13	8.54335961625418
1085.8	15.359844616254179
1087.46	22.24541761625418
1089.13	23.885189616254184
1090.8	21.61310061625418
1092.47	14.402198916254182
1094.14	7.476055716254183
1095.8	0.556082956254181
1097.47	-0.107499383745819
1099.14	-0.661139183745819
1100.81	0.17716611625418083
1102.48	-0.5392896337458192
1104.14	0.3554153162541809
1105.81	-0.30618118374581904
1107.48	0.6638910162541811
1109.15	-0.23724408374581918
1110.81	0.386794616254181
1112.48	-0.6498575837458193
1114.15	-0.020670253745819055
1115.82	-0.815450783745819
1117.49	0.13422951625418084
1119.15	-0.5011169837458193
1120.82	0.5120260962541809
1122.49	-0.33501899374581906
1124.16	0.3419337662541811
1125.83	-0.580489383745819
1127.49	0.15541290925418116
1129.16	-0.6534723837458192
1130.83	0.1839125962541809
1132.5	-0.5711298637458191
1134.17	0.2764766162541809
1135.83	-0.49083711374581895
1137.5	0.3295715162541809
1139.17	-0.47527048374581915
1140.84	0.34312041625418094
1142.5	-0.4481321837458189
1144.17	0.36538622625418093
1145.84	-0.428327783745819
1147.51	0.37018121625418093
1149.18	-0.4230919837458191
1150.84	0.390317316254181
1152.51	-0.421062383745819
1154.18	0.34654535625418104
1155.85	-0.5034900837458189
1157.52	0.23115511625418095
1159.18	-0.5997583837458192
1160.85	0.23145981625418094
1162.52	-0.5246744837458192
1164.19	0.34809221625418096
1165.85	-0.41772748374581903
1167.52	0.391674316254181
1169.19	-0.41936708374581927
1170.86	0.35855101625418095
1172.53	-0.4648696837458191
1174.19	0.3435181162541809
1175.86	-0.45333838374581903
1177.53	0.35716271625418095
1179.2	-0.46187898374581915
1180.87	0.32810191625418095
1182.53	-0.5151587837458191
1184.2	0.2188893162541809
1185.87	-0.573543683745819
1187.54	0.302758116254181
1189.21	-0.41085778374581905
1190.87	0.5358376562541809
1192.54	-0.210465483745819
1194.21	0.5949251662541811
1195.88	-0.2645824237458192
1197.54	0.4513568462541809
1199.21	-0.41972858374581906
1200.88	0.39608371625418093
1202.55	-0.4397395337458191
1204.22	0.37785181625418096
1205.88	-0.4402095837458192
1207.55	0.37595661625418086
1209.22	-0.44186228374581893
1210.89	0.37264251625418093
1212.56	-0.4578630837458192
1214.22	0.369827116254181
1215.89	-0.4057193837458192
1217.56	0.41231851625418087
1219.23	-0.38694728374581916
1220.9	0.4270344162541811
1222.56	-0.3934453837458191
1224.23	0.41908261625418086
1225.9	-0.40192971374581904
1227.57	0.41795461625418096
1229.23	-0.36579438374581896
1230.9	0.44344441625418096
1232.57	-0.38228468374581903
1234.24	0.44201810625418086
1235.91	-0.39697848374581907
1237.57	0.41037917625418086
1239.24	-0.41921138374581907
1240.91	0.3907158562541811
1242.58	-0.42351988374581906
1244.25	0.40161354625418094
1245.91	-0.42139568374581915
1247.58	0.395342836254181
1249.25	-0.46544148374581906
1250.92	0.3719955162541811
1252.59	-0.4233272837458191
1254.25	0.4486911162541807
1255.92	-0.345988553745819
1257.59	0.49978063525418104
1259.26	-0.2873165037458191
1260.92	0.5810646162541809
1262.59	-0.22208508374581903
1264.26	0.573858416254181
1265.93	-0.2999084837458189
1267.6	0.6517762162541806
1269.26	-0.08317178374581913
1270.93	0.8840131762541809
1272.6	0.1357246162541811
1274.27	0.920019216254181
1275.94	-0.028514583745819166
1277.6	0.624168516254181
1279.27	-0.3926749837458191
1280.94	0.44944341625418094
1282.61	-0.38746198374581897
1284.28	0.44096641625418087
1285.94	-0.43169078374581876
1287.61	0.378971096254181
1289.28	-0.6064957837458189
1290.95	0.38848431625418095
1292.61	-0.054113683745819284
1294.28	1.4108931162541807
1295.95	1.253754716254181
1297.62	2.359125536254181
1299.29	1.3701319962541811
1300.95	1.690837916254181
1302.62	0.03025561625418103
1304.29	0.28470371625418095
1305.96	-0.8032487837458188
1307.63	-0.011255083745819072
1309.29	-0.6881349837458192
1310.96	0.1954128162541809
1312.63	-0.5648087837458189
1314.3	0.29893631625418104
1315.97	-0.5053148837458192
1317.63	0.332254716254181
1319.3	-0.4744251837458192
1320.97	0.38478310625418094
1322.64	-0.438276883745819
1324.3	0.41072851625418105
1325.97	-0.4321390837458191
1327.64	0.451632986254181
1329.31	-0.382216183745819
1330.98	0.5045712162541808
1332.64	-0.3686028837458192
1334.31	0.4645312162541808
1335.98	-0.4969172537458192
1337.65	0.3225776562541808
1339.32	-0.6224313837458191
1340.98	0.2944622162541809
1342.65	-0.6664040837458193
1344.32	0.2923842162541811
1345.99	-0.6648846837458189
1347.65	0.35223731625418103
1349.32	-0.48329538374581915
1350.99	2.502104216254181
1352.66	5.979015916254182
1354.33	13.43407961625418
1355.99	22.009268616254182
1357.66	29.581703716254186
1359.33	31.356474616254182
1361.0	29.474787816254185
1362.67	21.07580661625418
1364.33	13.26137561625418
1366.0	5.679572106254181
1367.67	1.5487119162541805
1369.34	0.16416913625418075
1371.01	0.6789254162541811
1372.67	-0.07952374574581915
1374.34	0.5075730162541807
1376.01	-0.30280578374581896
1377.68	0.3377579162541809
1379.34	-0.4096535237458193
1381.01	0.29338281625418083
1382.68	-0.3934036837458189
1384.35	0.42368551625418105
1386.02	-0.26329618374581903
1387.68	0.5181817162541809
1389.35	-0.22572318374581918
1391.02	0.4829089162541809
1392.69	-0.28724148374581915
1394.36	0.364113786254181
1396.02	-0.43626138374581913
1397.69	0.3342438162541809
1399.36	-0.43431208374581887
1401.03	0.29812721625418087
1402.7	-0.5260029837458192
1404.36	0.16810711625418123
1406.03	-0.6562087837458189
1407.7	0.07303321625418084
1409.37	-0.7017251237458192
1411.03	0.131922916254181
1412.7	-0.6747869837458189
1414.37	0.1429622162541808
1416.04	-0.4628067937458192
1417.71	0.4327986162541812
1419.37	-0.03218718374581897
1421.04	1.0245361162541813
1422.71	0.8384315162541809
1424.38	3.9343687162541814
1426.05	5.652026616254181
1427.71	9.607142616254182
1429.38	11.37998331625418
1431.05	12.682870616254181
1432.72	10.84198291625418
1434.39	9.18567961625418
1436.05	5.2357231162541815
1437.72	4.155068016254181
1439.39	1.848640316254181
1441.06	1.940232546254181
1442.72	0.9599812162541808
1444.39	1.538926816254181
1446.06	0.6504017162541811
1447.73	1.347919416254181
1449.4	0.597684416254181
1451.06	1.331070316254181
1452.73	0.4793181162541808
1454.4	1.218497016254181
1456.07	0.34945459625418096
1457.74	1.1315681162541809
1459.4	0.3611534162541809
1461.07	1.1392107162541811
1462.74	0.346017016254181
1464.41	1.069493916254181
1466.08	0.20565923625418092
1467.74	1.2975530162541808
1469.41	0.6927458162541809
1471.08	1.8836025662541807
1472.75	1.4624670162541809
1474.41	2.385124396254181
1476.08	1.4963609162541809
1477.75	2.043247916254181
1479.42	0.7517152162541809
1481.09	1.308658816254181
1482.75	0.166498616254181
1484.42	0.7522120162541808
1486.09	-0.06674848374581907
1487.76	0.7413361162541809
1489.43	-0.09095662374581914
1491.09	0.6604089162541811
1492.76	-0.20400568374581915
1494.43	0.5494019162541809
1496.1	-0.22150788374581903
1497.76	0.651710616254181
1499.43	-0.037516393745819165
1501.1	0.900478616254181
1502.77	-0.055918353745819126
1504.44	1.3054593162541812
1506.1	1.7416527162541808
1507.77	3.883959616254181
1509.44	4.684452616254181
1511.11	6.35457585625418
1512.78	5.638586116254181
1514.44	5.909013516254181
1516.11	3.8064986162541805
1517.78	3.5093633162541815
1519.45	2.151019816254181
1521.12	2.190786616254181
1522.78	0.995421616254181
1524.45	1.417424616254181
1526.12	0.405068016254181
1527.79	1.058177316254181
1529.45	0.129799716254181
1531.12	0.8255778962541809
1532.79	-0.007487883745818902
1534.46	0.7399176162541808
1536.13	-0.09515670374581889
1537.79	0.6329374162541809
1539.46	-0.200912423745819
1541.13	0.6088921162541808
1542.8	-0.15901074374581906
1544.47	0.729912016254181
1546.13	0.010319316254180911
1547.8	0.823804216254181
1549.47	0.0571381862541809
1551.14	0.8405361162541807
1552.81	0.1102394162541808
1554.47	0.958258116254181
1556.14	0.19994691625418098
1557.81	0.9754478162541809
1559.48	0.18506861625418097
1561.14	0.9056581162541809
1562.81	0.14561621625418092
1564.48	0.9959088162541809
1566.15	0.28219161625418093
1567.82	1.1177062162541813
1569.48	0.36080931625418083
1571.15	1.1425440162541811
1572.82	0.389845416254181
1574.49	1.1295838262541809
1576.16	0.361225516254181
1577.82	1.1243719162541812
1579.49	0.339128516254181
1581.16	1.154942816254181
1582.83	0.5223088162541811
1584.5	1.445719616254181
1586.16	0.9092339162541808
1587.83	1.911401416254181
1589.5	1.9310519162541808
1591.17	4.7214946762541805
1592.83	8.77199151625418
1594.5	13.771046916254182
1596.17	15.063107516254181
1597.84	15.211405616254183
1599.51	10.412633416254183
1601.17	5.96010331625418
1602.84	0.5961144162541807
1604.51	-1.5728323837458191
1606.18	-2.2724593837458187
1607.85	-0.49124748374581884
1609.51	-1.206859983745819
1611.18	0.22628221625418093
1612.85	-0.2726909837458194
1614.52	0.9161783162541811
1616.19	0.019503786254180942
1617.85	0.8184112162541812
1619.52	-0.5189685837458191
1621.19	0.29263491625418103
1622.86	0.6577179162541811
1624.52	4.712534616254182
1626.19	8.45036201625418
1627.86	12.430908916254179
1629.53	12.971485616254181
1631.2	12.468890116254181
1632.86	9.609146616254181
1634.53	8.44686761625418
1636.2	8.018638016254181
1637.87	9.89833461625418
1639.54	10.322768616254184
1641.2	9.71163191625418
1642.87	6.250955416254181
1644.54	3.4919317362541813
1646.21	0.5076690162541809
1647.88	-0.17571408374581915
1649.54	-0.9061810837458195
1651.21	-0.05008908374581911
1652.88	-0.7541220837458191
1654.55	0.01593426625418102
1656.21	-0.726039683745819
1657.88	0.07389631625418103
1659.55	-0.6537388837458188
1661.22	0.18402487625418104
1662.89	-0.542971313745819
1664.55	0.26645351625418096
1666.22	-0.4592723837458193
1667.89	0.3881074062541809
1669.56	-0.36183558374581903
1671.23	0.41418125625418084
1672.89	-0.39507518374581896
1674.56	0.3436426162541809
1676.23	-0.5055540837458189
1677.9	0.22638641625418096
1679.56	-0.6004689137458191
1681.23	0.28000801625418104
1682.9	-0.38106628374581897
1684.57	0.614539516254181
1686.24	-0.005745383745818944
1687.9	0.822507216254181
1689.57	-0.047266883745819145
1691.24	0.5936762162541812
1692.91	-0.395728883745819
1694.58	0.32027191625418105
1696.24	-0.516780083745819
1697.91	0.2778993162541811
1699.58	-0.49778808374581923
1701.25	0.27479091625418084
1702.92	-0.5131742837458189
1704.58	0.3037524162541809
1706.25	-0.48133838374581883
1707.92	0.3174039162541811
1709.59	-0.4755184837458192
1711.25	0.320269384254181
1712.92	-0.42824428374581897
1714.59	0.434195616254181
1716.26	-0.2768988837458191
1717.93	0.5764304162541809
1719.59	-0.22456328374581908
1721.26	0.5328671862541811
1722.93	-0.2943509837458188
1724.6	0.4616542162541809
1726.27	-0.352612183745819
1727.93	0.4742601162541809
1729.6	-0.2899898837458191
1731.27	0.5455013162541809
1732.94	-0.2484997837458191
1734.61	0.5528807962541811
1736.27	-0.23830928374581903
1737.94	0.565953016254181
1739.61	-0.20955088374581904
1741.28	0.618717316254181
1742.94	-0.17178638374581914
1744.61	0.6195875262541808
1746.28	-0.22049818374581903
1747.95	0.5550070162541811
1749.62	-0.2612064837458191
1751.28	0.5249774162541809
1752.95	-0.27444738374581895
1754.62	0.5237305162541809
1756.29	-0.279263683745819
1757.96	0.5307280586541809
1759.62	-0.2598151237458191
1761.29	0.5621791162541809
1762.96	-0.21784868374581898
1764.63	0.6269955162541809
1766.3	-0.18526848374581895
1767.96	0.612452566254181
1769.63	-0.22096728374581903
1771.3	0.5630140072541809
1772.97	-0.24878888374581906
1774.63	0.603032116254181
1776.3	-0.16517728374581903
1777.97	0.724004716254181
1779.64	-0.063086713745819
1781.31	0.8013888162541809
1782.97	0.007565216254180762
1784.64	0.8957855062541811
1786.31	0.1191022162541808
1787.98	1.052446316254181
1789.65	0.27295581625418086
1791.31	1.2902239162541809
1792.98	0.6655556162541808
1794.65	2.858766716254181
1796.32	3.4749586462541813
1797.99	5.085509416254181
1799.65	6.31632361625418
1801.32	7.906358616254181
1802.99	7.16036461625418
1804.66	7.26904761625418
1806.32	4.513659616254181
1807.99	3.447473816254181
1809.66	1.224738616254181
1811.33	-0.115430683745819
1813.0	-0.974049483745819
1814.66	-0.2049449337458189
1816.33	-0.905224983745819
1818.0	-0.10134348374581889
1819.67	-0.7671616837458191
1821.34	0.02129401625418099
1823.0	-0.6833573837458191
1824.67	0.09039511625418087
1826.34	-0.6473544837458192
1828.01	0.13178151625418089
1829.68	-0.6135749837458191
1831.34	0.17799281625418076
1833.01	-0.5593708837458189
1834.68	0.22071371625418088
1836.35	-0.5231084837458191
1838.01	0.2550122162541809
1839.68	-0.503782683745819
1841.35	0.2880652162541808
1843.02	-0.4631956837458189
1844.69	0.32124821625418093
1846.35	-0.442138683745819
1848.02	0.32792391625418094
1849.69	-0.45235658374581894
1851.36	0.295228516254181
1853.03	-0.5069717837458192
1854.69	0.2512229162541811
1856.36	-0.5256345837458191
1858.03	0.266866416254181
1859.7	-0.473791983745819
1861.36	0.321661616254181
1863.03	-0.430655983745819
1864.7	0.347948216254181
1866.37	-0.42168368374581905
1868.04	0.3649818162541808
1869.7	-0.3945135837458192
1871.37	0.398459216254181
1873.04	-0.36282158374581897
1874.71	0.38780151625418097
1876.38	-0.4125015837458189
1878.04	0.33923151625418096
1879.71	-0.45121738374581905
1881.38	0.3204110162541809
1883.05	-0.4755952837458189
1884.72	0.28491131625418087
1886.38	-0.5027007837458191
1888.05	0.27463561625418087
1889.72	-0.468383583745819
1891.39	0.35426871625418094
1893.05	-0.38377938374581905
1894.72	0.42921761625418087
1896.39	-0.3448011837458191
1898.06	0.44024441625418104
1899.73	-0.3248871837458191
1901.39	0.47134731625418097
1903.06	-0.314263583745819
1904.73	0.43777921625418087
1906.4	-0.4036402837458192
1908.07	0.3223580162541809
1909.73	-0.4969551837458191
1911.4	0.27125891625418114
1913.07	-0.5089113837458191
1914.74	0.30166661625418095
1916.41	-0.47248818374581913
1918.07	0.333552916254181
1919.74	-0.4354770837458193
1921.41	0.3499411162541808
1923.08	-0.4328544837458191
1924.74	0.3526747862541809
1926.41	-0.42642708374581917
1928.08	0.3802285162541811
1929.75	-0.3884978837458191
1931.42	0.413211076254181
1933.08	-0.3776046837458191
1934.75	0.3847595162541809
1936.42	-0.41882878374581906
1938.09	0.36264531625418084
1939.76	-0.399494783745819
1941.42	0.41641401625418106
1943.09	-0.3522124837458192
1944.76	0.43407961625418084
1946.43	-0.383116483745819
1948.1	0.366497416254181
1949.76	-0.4438837837458191
1951.43	0.3311636162541809
1953.1	-0.44674268374581894
1954.77	0.35728221625418094
1956.43	-0.41943358374581924
1958.1	0.37546081625418093
1959.77	-0.409846783745819
1961.44	0.36902151625418095
1963.11	-0.4251188837458191
1964.77	0.36473311625418103
1966.44	-0.421365683745819
1968.11	0.3847473162541809
1969.78	-0.3890212837458191
1971.45	0.4040994662541809
1973.11	-0.38654878374581897
1974.78	0.39459641625418085
1976.45	-0.3960116837458191
1978.12	0.396001816254181
1979.79	-0.37429548374581906
1981.45	0.4401157162541808
1983.12	-0.31135818374581914
1984.79	0.5060699162541811
1986.46	-0.28792618374581913
1988.12	0.4930873762541809
1989.79	-0.316636483745819
1991.46	0.430317016254181
1993.13	-0.39008728374581886
1994.8	0.3724254162541811
1996.46	-0.431414083745819
1998.13	0.35781531625418084
1999.8	-0.4393048837458192
2001.47	0.3635513162541809
2003.14	-0.41802488374581925
2004.8	0.3721626162541809
2006.47	-0.43282398374581915
2008.14	0.3488939162541809
2009.81	-0.440549983745819
2011.48	0.36522021625418083
2013.14	-0.406194383745819
2014.81	0.40260731625418095
2016.48	-0.38411978374581895
2018.15	0.40560411625418097
2019.81	-0.391071783745819
2021.48	0.39306301625418094
2023.15	-0.403277083745819
2024.82	0.3784509162541809
2026.49	-0.42695138374581887
2028.15	0.3587173162541811
2029.82	-0.4277831837458191
2031.49	0.38394321625418104
2033.16	-0.37688158374581915
2034.83	0.42177101625418095
2036.49	-0.37084768374581906
2038.16	0.40482621625418086
2039.83	-0.41273368374581887
2041.5	0.363648016254181
2043.16	-0.43337588374581915
2044.83	0.367089516254181
2046.5	-0.3997210837458191
2048.17	0.4097425562541808
2049.84	-0.35209528374581917
2051.5	0.440246666254181
2053.17	-0.3494481837458191
2054.84	0.4155947162541809
2056.51	-0.3970465837458192
2058.18	0.36388681625418096
2059.84	-0.445310083745819
2061.51	0.3315318162541808
2063.18	-0.43902698374581917
2064.85	0.35358111625418087
2066.52	-0.4218580837458189
2068.18	0.3700997162541809
2069.85	-0.408195683745819
2071.52	0.38354751625418093
2073.19	-0.38941198374581915
2074.85	0.410778216254181
2076.52	-0.35893898374581906
2078.19	0.4300364162541811
2079.86	-0.375790583745819
2081.53	0.38313061625418077
2083.19	-0.41374278374581924
2084.86	0.3645674162541809
2086.53	-0.4109643837458191
2088.2	0.36884511625418104
2089.87	-0.3806574837458191
2091.53	0.415652466254181
2093.2	-0.32215688374581913
2094.87	0.5373429162541807
2096.54	-0.20269298374581904
2098.21	0.6176354162541813
2099.87	-0.198070983745819
2101.54	0.5209841262541811
2103.21	-0.2793070837458192
2104.88	0.49551192625418106
2106.54	-0.27369388374581916
2108.21	0.5755494462541808
2109.88	-0.2115976437458192
2111.55	0.580443016254181
2113.22	-0.2738856837458189
2114.88	0.46792705625418096
2116.55	-0.3707705437458193
2118.22	0.385182716254181
2119.89	-0.4363271837458191
2121.56	0.3468111162541809
2123.22	-0.443537283745819
2124.89	0.3791880162541809
2126.56	-0.4044900837458192
2128.23	0.41543741625418085
2129.9	-0.36344778374581893
2131.56	0.4332682162541809
2133.23	-0.36755508374581886
2134.9	0.41258211625418095
2136.57	-0.3858173837458191
2138.23	0.41340291625418113
2139.9	-0.3761143837458191
2141.57	0.4350106162541808
2143.24	-0.341305083745819
2144.91	0.4651509162541808
2146.57	-0.328328483745819
2148.24	0.4573661162541809
2149.91	-0.355779383745819
2151.58	0.417151816254181
2153.25	-0.40804448374581914
2154.91	0.3806958162541809
2156.58	-0.4225243837458187
2158.25	0.36588611625418094
2159.92	-0.44393878374581897
2161.59	0.34716691625418117
2163.25	-0.4509649837458191
2164.92	0.36340801625418095
2166.59	-0.40309578374581906
2168.26	0.4350559162541809
2169.92	-0.3287583837458189
2171.59	0.4773611162541808
2173.26	-0.328592483745819
2174.93	0.443511716254181
2176.6	-0.3940365837458191
2178.26	0.3698763162541808
2179.93	-0.4397967837458191
2181.6	0.3625457162541809
2183.27	-0.40702838374581896
2184.94	0.41661251625418094
2186.6	-0.35406378374581915
2188.27	0.44581286625418093
2189.94	-0.349515283745819
2191.61	0.43956341625418094
2193.28	-0.36386568374581907
2194.94	0.412843116254181
2196.61	-0.379296783745819
2198.28	0.417899316254181
2199.95	-0.36776738374581897
2201.61	0.4051555162541808
2203.28	-0.42165398374581925
2204.95	0.33765251625418097
2206.62	-0.4722580837458191
2208.29	0.3083863162541811
2209.95	-0.4529645837458192
2211.62	0.3624877162541809
2213.29	-0.40839398374581926
2214.96	0.3853657162541808
2216.63	-0.41584678374581896
2218.29	0.38401571625418096
2219.96	-0.3932153837458191
2221.63	0.4023453162541809
2223.3	-0.3723125837458191
2224.96	0.4277479162541809
2226.63	-0.34590668374581923
2228.3	0.45329291625418094
2229.97	-0.3345336837458191
2231.64	0.465573716254181
2233.3	-0.3220345837458191
2234.97	0.46800621625418104
2236.64	-0.32235398374581903
2238.31	0.461290416254181
2239.98	-0.34297118374581914
2241.64	0.428256216254181
2243.31	-0.37674108374581905
2244.98	0.406949416254181
2246.65	-0.3859709837458191
2248.32	0.408095916254181
2249.98	-0.38491988374581904
2251.65	0.4088989162541809
2253.32	-0.38942368374581904
2254.99	0.392510016254181
2256.65	-0.3991879837458191
2258.32	0.397844316254181
2259.99	-0.390120283745819
2261.66	0.3995854162541809
2263.33	-0.38375628374581905
2264.99	0.4023025162541809
2266.66	-0.39433918374581917
2268.33	0.390677416254181
2270.0	-0.40244058374581915
2271.67	0.3992663162541811
2273.33	-0.3910005837458189
2275.0	0.382743816254181
2276.67	-0.4175344837458189
2278.34	0.3530922162541808
2280.01	-0.4561926837458191
2281.67	0.32545041625418086
2283.34	-0.4750596837458188
2285.01	0.320814116254181
2286.68	-0.4642047837458191
2288.34	0.32370211625418105
2290.01	-0.4649262837458189
2291.68	0.319181516254181
2293.35	-0.4752928837458191
2295.02	0.32480921625418097
2296.68	-0.4549712837458192
2298.35	0.3649796162541809
2300.02	-0.400929083745819
2301.69	0.39876661625418086
2303.36	-0.3909682837458192
2305.02	0.38621181625418094
2306.69	-0.41055618374581904
2308.36	0.375595116254181
2310.03	-0.43126128374581907
2311.7	0.3574292162541809
2313.36	-0.4510328837458191
2315.03	0.32791221625418093
2316.7	-0.45026738374581915
2318.37	0.36237901625418095
2320.03	-0.3953151837458192
2321.7	0.4295077162541808
2323.37	-0.34774028374581917
2325.04	0.44222051625418074
2326.71	-0.35918148374581904
2328.37	0.4119304162541811
2330.04	-0.3875059837458191
2331.71	0.4058604162541812
2333.38	-0.3807689837458189
2335.05	0.42032741625418113
2336.71	-0.372052083745819
2338.38	0.3954247162541808
2340.05	-0.435360083745819
2341.72	0.3275227162541809
2343.39	-0.4932646837458191
2345.05	0.30332521625418096
2346.72	-0.4723635437458193
2348.39	0.34935461625418085
2350.06	-0.4167255837458191
2351.72	0.3882813162541809
2353.39	-0.40265138374581894
2355.06	0.3904775162541809
2356.73	-0.422607283745819
2358.4	0.35432111625418095
2360.06	-0.451375983745819
2361.73	0.34698491625418104
2363.4	-0.43494868374581913
2365.07	0.377870616254181
2366.74	-0.395157583745819
2368.4	0.40722691625418106
2370.07	-0.3956476837458191
2371.74	0.3769747162541809
2373.41	-0.4394101837458189
2375.07	0.341750616254181
2376.74	-0.4638896837458192
2378.41	0.33257571625418103
2380.08	-0.46366738374581906
2381.75	0.3432619162541809
2383.41	-0.44436158374581913
2385.08	0.3514505162541809
2386.75	-0.4373207837458192
2388.42	0.36003511625418083
2390.09	-0.4335543837458192
2391.75	0.363869416254181
2393.42	-0.434589483745819
2395.09	0.35249871625418094
2396.76	-0.44271248374581906
2398.43	0.33834261625418105
2400.09	-0.45519628374581894
2401.76	0.35371551625418096
2403.43	-0.4310976837458192
2405.1	0.38021941625418104
2406.76	-0.402253283745819
2408.43	0.39219491625418085
2410.1	-0.38324878374581905
2411.77	0.41996121625418104
2413.44	-0.352585883745819
2415.1	0.462701016254181
2416.77	-0.3298963837458188
2418.44	0.4585538562541808
2420.11	-0.352957083745819
2421.78	0.4240809062541809
2423.44	-0.36853338374581923
2425.11	0.429186706254181
2426.78	-0.35598168374581907
2428.45	0.44328491625418087
2430.12	-0.352289183745819
2431.78	0.424915516254181
2433.45	-0.392121383745819
2435.12	0.37842681625418084
2436.79	-0.4302844837458192
2438.45	0.3577566362541809
2440.12	-0.43798918374581924
2441.79	0.35801553625418103
2443.46	-0.4284349837458189
2445.13	0.3718627162541809
2446.79	-0.4205618837458191
2448.46	0.3645293162541807
2450.13	-0.43199818374581894
2451.8	0.35630881625418087
2453.47	-0.44113488374581883
2455.13	0.354396316254181
2456.8	-0.417227083745819
2458.47	0.4081420162541809
2460.14	-0.3589448837458192
2461.81	0.427642216254181
2463.47	-0.38202058374581915
2465.14	0.3827995162541808
2466.81	-0.436687683745819
2468.48	0.3399461162541809
2470.14	-0.4416219837458192
2471.81	0.3602193162541809
2473.48	-0.4201720837458189
2475.15	0.36394591625418093
2476.82	-0.43253928374581907
2478.48	0.3618630162541808
2480.15	-0.41798858374581904
2481.82	0.39158191625418076
2483.49	-0.38817528374581906
2485.16	0.4045578162541809
2486.82	-0.3911589837458189
2488.49	0.3978681162541809
2490.16	-0.38957635374581895
2491.83	0.4146190162541809
2493.5	-0.38035718374581906
2495.16	0.3977020162541809
2496.83	-0.4254710837458191
2498.5	0.33201541625418096
2500.17	-0.48680138374581894
2501.83	0.30837841625418094
2503.5	-0.45736918374581903
2505.17	0.37394421625418095
2506.84	-0.38677758374581916
2508.51	0.411653516254181
2510.17	-0.38974788374581915
2511.84	0.3856550162541811
2513.51	-0.42900128374581925
2515.18	0.3458843162541809
2516.85	-0.44992248374581906
2518.51	0.3430351162541811
2520.18	-0.447334583745819
2521.85	0.349404816254181
2523.52	-0.4444056837458191
2525.19	0.3429539162541809
2526.85	-0.44898748374581904
2528.52	0.3354773162541808
2530.19	-0.4574901837458191
2531.86	0.35279851625418096
2533.52	-0.4171533537458192
2535.19	0.40472751625418085
2536.86	-0.3390251337458191
2538.53	0.47487361625418084
2540.2	-0.2856355837458191
2541.86	0.5070892162541809
2543.53	-0.29938678374581906
2545.2	0.47292161625418105
2546.87	-0.35067798374581904
2548.54	0.3973852162541809
2550.2	-0.41412968374581904
2551.87	0.34220141625418077
2553.54	-0.4534012837458191
2555.21	0.3322643162541809
2556.87	-0.45627028374581924
2558.54	0.3404371162541811
2560.21	-0.4510143837458189
2561.88	0.332680616254181
2563.55	-0.4613779837458189
2565.21	0.3278406162541809
2566.88	-0.44257288374581905
2568.55	0.3663518162541809
2570.22	-0.41009838374581903
2571.89	0.398627616254181
2573.55	-0.37693568374581904
2575.22	0.41768841625418085
2576.89	-0.3646658837458191
2578.56	0.43330911625418106
2580.23	-0.355180683745819
2581.89	0.4208246162541808
2583.56	-0.4044822837458192
2585.23	0.35089991625418104
2586.9	-0.46723098374581895
2588.56	0.30762491625418104
2590.23	-0.4748221837458189
2591.9	0.3542810162541808
2593.57	-0.399546483745819
2595.24	0.41453681625418104
2596.9	-0.361149383745819
2598.57	0.44278241625418097
2600.24	-0.35011918374581896
2601.91	0.46295021625418115
2603.58	-0.3032744837458191
2605.24	0.503003816254181
2606.91	-0.30341548374581906
2608.58	0.45159251625418106
2610.25	-0.39494058374581914
2611.92	0.35498161625418095
2613.58	-0.472895183745819
2615.25	0.27113084625418093
2616.92	-0.5396214837458189
2618.59	0.23138811625418082
2620.25	-0.567052883745819
2621.92	0.22284611625418083
2623.59	-0.49495318374581904
2625.26	0.34194901625418084
2626.93	-0.39239609374581924
2628.59	0.40755831625418104
2630.26	-0.3752637837458191
2631.93	0.41122281625418095
2633.6	-0.37113098374581904
2635.27	0.38749981625418095
2636.93	-0.3831538837458191
2638.6	0.3978076162541808
2640.27	-0.411590583745819
2641.94	0.354545016254181
2643.61	-0.43340978374581896
2645.27	0.372550516254181
2646.94	-0.39541228374581916
2648.61	0.4005301962541809
2650.28	-0.3693577837458192
2651.94	0.43246735625418087
2653.61	-0.37138058374581917
2655.28	0.36960681625418085
2656.95	-0.45757928374581913
2658.62	0.2775946162541809
2660.28	-0.525349683745819
2661.95	0.25622561625418094
2663.62	-0.497010683745819
2665.29	0.3276490162541808
2666.96	-0.42306498374581897
2668.62	0.335484916254181
2670.29	-0.45805448374581914
2671.96	0.308858116254181
2673.63	-0.4706364837458189
2675.3	0.34103291625418086
2676.96	-0.4054789837458189
2678.63	0.41351601625418083
2680.3	-0.3373294837458191
2681.97	0.458463616254181
2683.63	-0.34207478374581923
2685.3	0.42769961625418096
2686.97	-0.3788080837458191
2688.64	0.41585901625418104
2690.31	-0.3710540537458189
2691.97	0.46931671625418103
2693.64	-0.30941108374581894
2695.31	0.5016956162541808
2696.98	-0.28651416374581906
2698.65	0.48457661625418097
2700.31	-0.34817317374581913
2701.98	0.4017069262541809
2703.65	-0.41615329374581905
2705.32	0.38934020625418075
2706.99	-0.42529843974581905
2708.65	0.359007316254181
2710.32	-0.433477723745819
2711.99	0.339873536254181
2713.66	-0.4789359837458191
2715.32	0.27374375625418096
2716.99	-0.5269355837458193
2718.66	0.30609774625418096
2720.33	-0.4960408837458189
2722.0	0.3148403162541808
2723.66	-0.46271508374581904
2725.33	0.3425757162541808
2727.0	-0.45462908374581906
2728.67	0.32259425625418103
2730.34	-0.4669742837458191
2732.0	0.3465609962541809
2733.67	-0.4364427837458191
2735.34	0.37814233025418087
2737.01	-0.406398153745819
2738.67	0.4539872962541809
2740.34	-0.256794083745819
2742.01	0.5965194162541809
2743.68	-0.15866908374581878
2745.35	0.6129458162541811
2747.01	-0.20938838374581917
2748.68	0.4790872162541809
2750.35	-0.44443938374581915
2752.02	0.25230366625418094
2753.69	-0.5777133837458193
2755.35	0.2400154962541809
2757.02	-0.5166724837458192
2758.69	0.354281316254181
2760.36	-0.3612571837458191
2762.03	0.4830698162541811
2763.69	-0.310746693745819
2765.36	0.4277313262541811
2767.03	-0.46205831374581907
2768.7	0.21184483625418107
2770.36	-0.7364453837458191
2772.03	0.014883196254180987
2773.7	-0.7968488837458192
2775.37	0.06155811625418091
2777.04	-0.5911905577458189
2778.7	0.317159216254181
2780.37	-0.4012068837458191
2782.04	0.47985851625418086
2783.71	-0.3021309837458191
2785.38	0.4903638362541809
2787.04	-0.34056908374581923
2788.71	0.372936216254181
2790.38	-0.442970583745819
2792.05	0.3545209162541808
2793.72	-0.421260083745819
2795.38	0.4185210162541811
2797.05	-0.34832388374581924
2798.72	0.4389515162541807
2800.39	-0.397668583745819
2802.05	0.333366716254181
2803.72	-0.4925043837458191
2805.39	0.2507383162541809
2807.06	-0.535815183745819
2808.73	0.25443871625418096
2810.39	-0.517863983745819
2812.06	0.302663816254181
2813.73	-0.438716363745819
2815.4	0.35502921625418093
2817.07	-0.40050488374581905
2818.73	0.3551643162541809
2820.4	-0.44238298374581914
2822.07	0.3198914162541808
2823.74	-0.463799183745819
2825.41	0.38449125625418107
2827.07	-0.3042452837458192
2828.74	0.563531616254181
2830.41	-0.17893978374581918
2832.08	0.5845871162541811
2833.74	-0.2328182837458189
2835.41	0.527448216254181
2837.08	-0.30987398374581915
2838.75	0.457135516254181
2840.42	-0.3447861837458191
2842.08	0.39539921625418084
2843.75	-0.40577848374581915
2845.42	0.37827301625418097
2847.09	-0.3721460837458191
2848.76	0.479437916254181
2850.42	-0.22920312874581916
2852.09	0.5824732162541808
2853.76	-0.13642078374581906
2855.43	0.7073293162541809
2857.1	0.1280426162541808
2858.76	1.145165616254181
2860.43	0.503135616254181
2862.1	2.078643616254181
2863.77	1.8477367162541802
2865.43	3.0903802162541814
2867.1	3.176453216254181
2868.77	4.50139301625418
2870.44	4.144710016254181
2872.11	4.803356916254181
2873.77	2.996054716254181
2875.44	2.537869416254181
2877.11	0.1677435162541808
2878.78	-0.6801107837458191
2880.45	-2.0198141837458192
2882.11	-1.2888033837458193
2883.78	-1.6455313837458188
2885.45	-0.531470083745819
2887.12	-0.9607796637458191
2888.79	-0.08230738374581906
2890.45	-0.7924324837458189
2892.12	-0.005476583745819075
2893.79	-0.7264302237458191
2895.46	0.029294346254180946
2897.12	-0.822166083745819
2898.79	-0.12608148374581912
2900.46	-0.9197009837458193
2902.13	-0.24514138374581887
2903.8	-1.0676263837458189
2905.46	-0.3944413837458189
2907.13	-1.2485351837458192
2908.8	-0.5243316837458192
2910.47	-1.2343060837458188
2912.14	-0.4272173837458192
2913.8	-1.100897383745819
2915.47	-0.472768383745819
2917.14	-1.3437816837458192
2918.81	-0.9042254837458191
2920.47	-1.8830828837458191
2922.14	-1.491110683745819
2923.81	-2.451594383745819
2925.48	-1.9691696536458188
2927.15	-2.7889251837458184
2928.81	-2.217434983745819
2930.48	-1.5900133837458192
2932.15	5.71194231625418
2933.82	17.09876171625418
2935.49	33.45302361625418
2937.15	45.546707616254174
2938.82	54.38745351625418
2940.49	55.114286616254184
2942.16	51.68838561625419
2943.83	44.09899461625418
2945.49	40.60580601625418
2947.16	36.97020133625419
2948.83	34.909835286254186
2950.5	28.176649616254185
2952.16	21.431260276254182
2953.83	13.450421116254182
2955.5	8.46057301625418
2957.17	3.3047833662541812
2958.84	2.535335116254181
2960.5	1.683955516254181
2962.17	2.344350316254181
2963.84	1.679747216254181
2965.51	2.4199858162541807
2967.18	1.291982316254181
2968.84	1.942402616254181
2970.51	0.6728752162541812
2972.18	1.166748916254181
2973.85	0.1354903162541809
2975.52	0.8997456162541809
2977.18	-0.0078105837458189555
2978.85	0.837702616254181
2980.52	-0.09219890374581911
2982.19	0.757605316254181
2983.85	-0.015994313745818924
2985.52	1.031476916254181
2987.19	0.3900780162541809
2988.86	1.470279686254181
2990.53	0.725629016254181
2992.19	1.5256178162541807
2993.86	0.5826996162541809
2995.53	1.229687416254181
2997.2	0.29474001625418084
2998.87	1.080436906254181
3000.53	0.24522391625418086
3002.2	1.040544506254181
3003.87	0.24429581625418093
3005.54	1.0065387162541808
3007.21	0.11516841625418098
3008.87	0.8566310762541809
3010.54	-0.07748058374581915
3012.21	0.693346916254181
3013.88	-0.22423298374581924
3015.54	0.541586516254181
3017.21	-0.327480383745819
3018.88	0.511670616254181
3020.55	-0.31432638374581906
3022.22	0.587796816254181
3023.88	-0.003744383745819069
3025.55	1.1382598162541808
3027.22	0.5888887162541809
3028.89	1.6232204162541808
3030.56	0.8801130162541811
3032.22	1.618536216254181
3033.89	0.6675123162541811
3035.56	1.1997160162541811
3037.23	0.17333501625418105
3038.9	0.8200394162541809
3040.56	-0.15728778374581903
3042.23	0.5591979662541811
3043.9	-0.24417214374581903
3045.57	0.6217226162541808
3047.23	-0.11996238374581905
3048.9	0.7157727162541809
3050.57	-0.09444458374581899
3052.24	0.7198752162541808
3053.91	-0.127911883745819
3055.57	0.6537248862541809
3057.24	-0.1914043837458191
3058.91	0.568218116254181
3060.58	-0.31061718374581915
3062.25	0.4016004462541809
3063.91	-0.4423900837458191
3065.58	0.3184613562541808
3067.25	-0.15854333374581908
3068.92	2.122892916254181
3070.59	3.404697116254181
3072.25	6.00994522625418
3073.92	6.119939516254182
3075.59	6.466407416254181
3077.26	4.0635998162541815
3078.92	2.845279116254181
3080.59	0.23500001625418063
3082.26	0.3787303462541809
3083.93	-0.3078099837458193
3085.6	0.6080163392541811
3087.26	-0.17255858374581917
3088.93	0.6529406162541808
3090.6	-0.194940883745819
3092.27	0.540338316254181
3093.94	-0.3067921837458189
3095.6	0.45146391625418103
3097.27	-0.3484136837458188
3098.94	0.444836516254181
3100.61	-0.3428135837458191
3102.27	0.46448054325418103
3103.94	-0.333219683745819
3105.61	0.4891334562541811
3107.28	-0.3244149837458189
3108.95	0.4747982902541811
3110.61	-0.3312725397458191
3112.28	0.537856716254181
3113.95	-0.20520168374581912
3115.62	0.6676859162541809
3117.29	-0.16618088374581924
3118.95	0.6618339162541809
3120.62	-0.26609223374581903
3122.29	0.46683191625418113
3123.96	-0.3132763837458189
3125.63	0.7604516462541809
3127.29	0.23305321625418104
3128.96	1.3612962282541812
3130.63	0.794510516254181
3132.3	2.2362825562541806
3133.96	1.752278916254181
3135.63	2.2302379162541808
3137.3	1.0442916162541809
3138.97	1.6361830162541806
3140.64	0.7857576162541811
3142.3	1.9329458862541806
3143.97	1.463511616254181
3145.64	2.6034147262541807
3147.31	1.8131127662541808
3148.98	1.8991202162541811
3150.64	0.4581949162541809
3152.31	1.005575466254181
3153.98	0.15407961625418104
3155.65	0.8647316462541808
3157.32	0.04395891625418087
3158.98	0.7156674662541809
3160.65	-0.15911348374581907
3162.32	0.548512016254181
3163.99	-0.3195300837458191
3165.65	0.417647216254181
3167.32	-0.3756007837458192
3168.99	0.3906167162541809
3170.66	-0.4072748837458189
3172.33	0.377532416254181
3173.99	-0.4563121837458189
3175.66	0.3220978162541809
3177.33	-0.47979548374581904
3179.0	0.3360906162541811
3180.67	-0.41254108374581894
3182.33	0.42810561625418087
3184.0	-0.35708218374581896
3185.67	0.4556293162541808
3187.34	-0.346772183745819
3189.01	0.43913831625418104
3190.67	-0.3444903837458192
3192.34	0.45693922225418104
3194.01	-0.356980583745819
3195.68	0.4365464362541808
3197.34	-0.3515902837458189
3199.01	0.4652792162541809
3200.68	-0.269005983745819
3202.35	0.5661346162541809
3204.02	-0.199064483745819
3205.68	0.5713453162541808
3207.35	-0.29583618374581905
3209.02	0.433970616254181
3210.69	-0.40058938374581904
3212.36	0.36347391625418096
3214.02	-0.42846858374581903
3215.69	0.378331516254181
3217.36	-0.3986757837458189
3219.03	0.38844791625418085
3220.7	-0.4434745837458191
3222.36	0.3283414162541809
3224.03	-0.48608458374581903
3225.7	0.295369416254181
3227.37	-0.5245420837458189
3229.03	0.27655051625418103
3230.7	-0.5237693837458188
3232.37	0.2840534162541809
3234.04	-0.48501588374581894
3235.71	0.34140233885418103
3237.37	-0.43473988374581934
3239.04	0.40579512625418096
3240.71	-0.369740083745819
3242.38	0.4389792162541809
3244.05	-0.3333943837458191
3245.71	0.48100201625418093
3247.38	-0.33435238374581905
3249.05	0.43258961625418096
3250.72	-0.44955488374581887
3252.38	0.2798550062541811
3254.05	-0.577397683745819
3255.72	0.17596568625418102
3257.39	-0.602030183745819
3259.06	0.25942961625418104
3260.72	-0.49901258374581925
3262.39	0.353019316254181
3264.06	-0.411265583745819
3265.73	0.4194333162541809
3267.4	-0.3665875837458191
3269.06	0.422919550254181
3270.73	-0.3807988837458192
3272.4	0.38446943625418084
3274.07	-0.47548208374581896
3275.74	0.2550325162541809
3277.4	-0.578953283745819
3279.07	0.18177111625418085
3280.74	-0.582653383745819
3282.41	0.23123561625418096
3284.07	-0.5194213837458189
3285.74	0.2631124162541808
3287.41	-0.561869283745819
3289.08	0.18872671625418086
3290.75	-0.6172900837458191
3292.41	0.14192161625418104
3294.08	-0.6124504837458191
3295.75	0.19179751625418082
3297.42	-0.5712557837458192
3299.09	0.26371041625418107
3300.75	-0.4885841837458192
3302.42	0.35108961625418106
3304.09	-0.4119720837458189
3305.76	0.368946116254181
3307.43	-0.4436827837458191
3309.09	0.29998831625418093
3310.76	-0.5322764837458188
3312.43	0.2299842162541811
3314.1	-0.5619151837458191
3315.76	0.23854771625418078
3317.43	-0.5488841837458192
3319.1	0.22562991625418097
3320.77	-0.5893777837458188
3322.44	0.14403111625418089
3324.1	-0.6868664837458192
3325.77	0.06825341625418102
3327.44	-0.7533949837458191
3329.11	-0.008357983745818975
3330.78	-0.8635833837458191
3332.44	-0.1627566837458192
3334.11	-1.0619504837458191
3335.78	-0.372950483745819
3337.45	-1.2432013837458187
3339.12	-0.5062863867458189
3340.78	-1.337737183745819
3342.45	-0.5909355737458191
3344.12	-1.4633863837458192
3345.79	-0.7921637537458189
3347.45	-1.812836883745819
3349.12	-1.609508183745819
3350.79	-2.032019683745819
3352.46	0.7631556162541808
3354.13	2.626645616254181
3355.79	5.986747616254181
3357.46	6.75416261625418
3359.13	7.30114971625418
3360.8	5.072735316254181
3362.47	3.51048891625418
3364.13	0.8261025162541807
3365.8	1.100824516254181
3367.47	0.27153120625418103
3369.14	0.9153018162541807
3370.81	0.06692471625418092
3372.47	0.7179577162541811
3374.14	-0.2105750837458192
3375.81	0.41885456625418077
3377.48	-0.46990378374581904
3379.14	0.22192235125418103
3380.81	-0.5714773837458191
3382.48	0.15221368625418102
3384.15	-0.6912519837458191
3385.82	0.00035781625418085383
3387.48	-0.8732852837458189
3389.15	-0.19747033374581896
3390.82	-1.028709683745819
3392.49	-0.39672618374581925
3394.16	-1.236330283745819
3395.82	-0.707174583745819
3397.49	-1.229197183745819
3399.16	0.8073241162541809
3400.83	2.094452496254181
3402.5	6.6850436162541795
3404.16	10.66550891625418
3405.83	15.08742704625418
3407.5	16.19794201625418
3409.17	16.071373116254183
3410.83	12.18439521625418
3412.5	9.35227885625418
3414.17	4.923222816254181
3415.84	3.4259560962541813
3417.51	1.890618516254181
3419.17	2.2776187162541808
3420.84	1.225565316254181
3422.51	1.8484619162541809
3424.18	0.9288936162541809
3425.85	1.6390166962541808
3427.51	0.764816616254181
3429.18	1.511014426254181
3430.85	0.625563681254181
3432.52	1.3483086362541807
3434.18	0.44707171625418096
3435.85	1.1644903162541809
3437.52	0.30542711625418095
3439.19	1.089506806254181
3440.86	0.3076127162541811
3442.52	1.0852181162541812
3444.19	0.23154981625418083
3445.86	0.970043256254181
3447.53	0.09936471625418117
3449.2	0.8872275662541809
3450.86	0.11996981625418077
3452.53	0.9343584162541809
3454.2	0.15988121625418095
3455.87	0.9081542162541808
3457.54	0.034896716254181004
3459.2	0.7965992162541811
3460.87	0.0032434162541809864
3462.54	0.8339260162541813
3464.21	0.09209491625418098
3465.87	0.930608916254181
3467.54	0.16441281625418103
3469.21	0.9736072162541809
3470.88	0.151798816254181
3472.55	0.9231395162541809
3474.21	0.09878767625418103
3475.88	0.846931516254181
3477.55	-0.0033616837458192218
3479.22	0.7473377662541809
3480.89	-0.061078383745818844
3482.55	0.7407984162541809
3484.22	-0.04262846374581895
3485.89	0.779371516254181
3487.56	-0.008978953745819095
3489.23	0.761147616254181
3490.89	-0.06873648374581895
3492.56	0.6811264162541809
3494.23	-0.15065048374581919
3495.9	0.6307976162541811
3497.56	-0.18015998374581926
3499.23	0.6254887162541808
3500.9	-0.14711818374581917
3502.57	0.6975204862541811
3504.24	-0.07772313374581892
3505.9	0.701920616254181
3507.57	-0.10575158374581888
3509.24	0.6224355162541809
3510.91	-0.22508626374581914
3512.58	0.5261871162541809
3514.24	-0.271891183745819
3515.91	0.559617016254181
3517.58	-0.15708339574581923
3519.25	0.6884598162541811
3520.92	-0.001184083745818998
3522.58	0.7871257162541809
3524.25	-0.05136668374581912
3525.92	0.6323279162541812
3527.59	-0.23608518374581902
3529.25	0.4578307162541809
3530.92	-0.37231248374581905
3532.59	0.39716741625418095
3534.26	-0.3771968437458188
3535.93	0.442759316254181
3537.59	-0.3186610437458189
3539.26	0.5321415162541809
3540.93	-0.20406358374581898
3542.6	0.6110467162541807
3544.27	-0.18181058374581896
3545.93	0.5922393652541809
3547.6	-0.2263521837458188
3549.27	0.551141716254181
3550.94	-0.316454323745819
3552.61	0.4188935562541807
3554.27	-0.44445778374581923
3555.94	0.33996721625418086
3557.61	-0.39901388374581936
3559.28	0.48357738625418084
3560.94	-0.18411718374581912
3562.61	0.7025562262541809
3564.28	-0.10034558374581899
3565.95	0.5918628162541808
3567.62	-0.32692988374581894
3569.28	0.3617988162541811
3570.95	-0.5117581837458189
3572.62	0.27643761625418073
3574.29	-0.6063528837458193
3575.96	-0.004625383745819178
3577.62	-0.7680753837458191
3579.29	1.2447504562541811
3580.96	2.720920916254181
3582.63	6.346595616254181
3584.3	7.48358221625418
3585.96	8.922000516254181
3587.63	7.055595416254181
3589.3	5.757342416254181
3590.97	2.594490816254181
3592.63	1.9886365162541815
3594.3	0.6068734162541809
3595.97	1.340378916254181
3597.64	0.300949146254181
3599.31	0.9357071162541812
3600.97	0.03503961625418093
3602.64	0.8048059162541807
3604.31	0.02186611625418098
3605.98	0.8413874162541811
3607.65	0.07842061625418091
3609.31	0.9096710162541808
3610.98	0.10519731625418101
3612.65	0.8594973662541809
3614.32	0.053093316254180914
3615.98	0.805637706254181
3617.65	0.014252516254180803
3619.32	0.807369121254181
3620.99	-0.019823483745819104
3622.66	0.7784260162541811
3624.32	-0.06546608374581893
3625.99	0.6635886062541809
3627.66	-0.17348408374581906
3629.33	0.547279216254181
3631.0	-0.25917788374581885
3632.66	0.5601265962541809
3634.33	-0.20802988374581907
3636.0	0.636453616254181
3637.67	-0.12972548374581905
3639.34	0.6863099162541808
3641.0	-0.06946738374581904
3642.67	0.7839156162541809
3644.34	0.0017981162541809148
3646.01	0.844283716254181
3647.67	0.03930511625418098
3649.34	0.8218919162541809
3651.01	-0.014766883745819092
3652.68	0.751603136254181
3654.35	-0.08576968374581902
3656.01	0.692649916254181
3657.68	-0.1636336837458191
3659.35	0.6185192162541809
3661.02	-0.220509683745819
3662.69	0.541582916254181
3664.35	-0.3138554837458191
3666.02	0.439911006254181
3667.69	-0.37587478374581884
3669.36	0.43174901625418105
3671.03	-0.335025683745819
3672.69	0.4966433162541809
3674.36	-0.30073228374581895
3676.03	0.495178816254181
3677.7	-0.3100722837458191
3679.36	0.48971961625418103
3681.03	-0.2912019837458189
3682.7	0.513653916254181
3684.37	-0.2964430837458189
3686.04	0.491163016254181
3687.7	-0.33999158374581906
3689.37	0.45677681625418104
3691.04	-0.3261951837458189
3692.71	0.4840533162541812
3694.38	-0.276263383745819
3696.04	0.5062854662541809
3697.71	-0.20248208374581908
3699.38	1.0161503662541809
3701.05	0.9567843162541807
3702.72	5.91545471625418
3704.38	11.19446481625418
3706.05	18.15178061625418
3707.72	21.372886016254178
3709.39	22.053698616254177
3711.05	17.175577916254177
3712.72	12.044161616254181
3714.39	4.626438616254182
3716.06	1.9040635162541808
3717.73	0.06222361625418116
3719.39	0.7117622162541809
3721.06	-0.09569618374581916
3722.73	0.5836470162541809
3724.4	-0.2581051837458189
3726.07	0.49329961625418084
3727.73	-0.2738996837458192
3729.4	0.6031079762541811
3731.07	-0.09855278374581901
3732.74	0.7306911162541809
3734.41	-0.07315028374581918
3736.07	0.6563071122541808
3737.74	-0.18552508374581902
3739.41	0.5584077362541808
3741.08	-0.2166842837458191
3742.74	0.6303397162541812
3744.41	-0.1274111837458191
3746.08	0.6863827662541809
3747.75	-0.14114538374581903
3749.42	0.6151999162541809
3751.08	-0.17279868374581903
3752.75	0.639525016254181
3754.42	-0.12461342374581903
3756.09	0.7214190162541809
3757.76	-0.05636568374581914
3759.42	0.7750966162541811
3761.09	-0.0018096837458189351
3762.76	0.8067890162541808
3764.43	0.06089361625418094
3766.1	0.8734387162541808
3767.76	0.07257339625418095
3769.43	0.828136636254181
3771.1	-0.039339083745819
3772.77	0.6853918162541811
3774.43	-0.19746888374581922
3776.1	0.5481816462541811
3777.77	-0.2466394837458191
3779.44	0.5355701862541808
3781.11	-0.21686378374581902
3782.77	0.596031016254181
3784.44	-0.19268218374581905
3786.11	0.620102526254181
3787.78	-0.19642498374581904
3789.45	0.5797695162541808
3791.11	-0.23703828374581898
3792.78	0.4839954162541808
3794.45	-0.3449089537458192
3796.12	0.4403797162541808
3797.78	-0.3712774837458189
3799.45	0.428116676254181
3801.12	-0.34063698374581886
3802.79	0.496902416254181
3804.46	-0.26235358374581896
3806.12	0.5526858162541811
3807.79	-0.2227325837458191
3809.46	0.5926599162541809
3811.13	-0.19148288374581887
3812.8	0.591980016254181
3814.46	-0.21309368374581905
3816.13	0.5929817162541808
3817.8	-0.23192698374581916
3819.47	0.5428935162541808
3821.14	-0.2948787837458193
3822.8	0.4654559362541809
3824.47	-0.34322268374581905
3826.14	0.4533886362541809
3827.81	-0.3157786837458191
3829.47	0.544582178254181
3831.14	-0.2549872837458191
3832.81	0.552928466254181
3834.48	-0.21655118374581894
3836.15	0.6340117062541809
3837.81	-0.059272283745819034
3839.48	0.7397912762541807
3841.15	-0.09945788374581906
3842.82	0.6436911362541811
3844.49	-0.22363208374581908
3846.15	0.512473066254181
3847.82	-0.25131698374581923
3849.49	0.5926354362541809
3851.16	-0.11714348374581898
3852.83	0.6628382162541809
3854.49	-0.15092928374581913
3856.16	0.614648456254181
3857.83	-0.1753994337458192
3859.5	0.575551806254181
3861.16	-0.24860368374581934
3862.83	0.5359118162541807
3864.5	-0.28683028374581887
3866.17	0.4757743162541811
3867.84	-0.31991208374581903
3869.5	0.4916839162541809
3871.17	-0.21197828374581879
3872.84	0.647002216254181
3874.51	-0.098813483745819
3876.18	0.686116476254181
3877.84	-0.1568495837458192
3879.51	0.5339962862541809
3881.18	-0.3450876837458191
3882.85	0.37191838625418094
3884.52	-0.43188138374581897
3886.18	0.354671496254181
3887.85	-0.38048708374581885
3889.52	0.474470116254181
3891.19	-0.24718958374581904
3892.85	0.596429716254181
3894.52	-0.16610508374581917
3896.19	0.598018616254181
3897.86	-0.21508268374581901
3899.53	0.512697216254181
3901.19	-0.3198360837458188
3902.86	0.4650466162541809
3904.53	-0.31040358374581906
3906.2	0.518030316254181
3907.87	-0.19547078374581886
3909.53	0.627625366254181
3911.2	-0.1355419837458191
3912.87	0.6351346162541811
3914.54	-0.192051683745819
3916.21	0.5598856162541808
3917.87	-0.2732841837458191
3919.54	0.4844456162541809
3921.21	-0.3077859837458189
3922.88	0.4841583162541811
3924.54	-0.3100282837458189
3926.21	0.455742746254181
3927.88	-0.373177483745819
3929.55	0.3965437162541808
3931.22	-0.4335076837458189
3932.88	0.339081216254181
3934.55	-0.46041578374581904
3936.22	0.300421216254181
3937.89	-0.5249091837458192
3939.56	0.22568991625418094
3941.22	-0.5789674837458191
3942.89	0.230595416254181
3944.56	-0.507510783745819
3946.23	0.34271270625418104
3947.9	-0.39388808374581885
3949.56	0.44077761625418094
3951.23	-0.3450457837458189
3952.9	0.44890531625418095
3954.57	-0.31658128374581906
3956.23	0.47997529625418095
3957.9	-0.30529068374581925
3959.57	0.46836241625418096
3961.24	-0.354353783745819
3962.91	0.4343653862541809
3964.57	-0.326716983745819
3966.24	0.5030270962541808
3967.91	-0.222989383745819
3969.58	0.594476316254181
3971.25	-0.19827428374581899
3972.91	0.5329430162541808
3974.58	-0.3106452837458191
3976.25	0.42378361625418093
3977.92	-0.3714892837458192
3979.58	0.43324043425418085
3981.25	-0.33824828374581895
3982.92	0.4847281862541809
3984.59	-0.2786917837458191
3986.26	0.505287076254181
3987.92	-0.32034368374581906
3989.59	0.4327856162541808
3991.26	-0.4159196837458191
3992.93	0.32269164625418095
3994.6	-0.5217550837458189
3996.26	0.24384098625418077
3997.93	-0.542202283745819
3999.6	0.29905149625418104
4001.27	-0.411369083745819
4002.94	0.49090301625418087
4004.6	-0.21375918374581912
4006.27	0.6074088162541809
4007.94	-0.19307238374581887
4009.61	0.561441636254181
4011.27	-0.25847208374581904
4012.94	0.522585625254181
4014.61	-0.256213383745819
4016.28	0.552650216254181
4017.95	-0.2529266837458189
4019.61	0.48005551625418086
4021.28	-0.3640013837458188
4022.95	0.3482688162541809
4024.62	-0.49686038374581915
4026.29	0.29534731625418087
4027.95	-0.4864961837458187
4029.62	0.36324201625418107
4031.29	-0.38526808374581895
4032.96	0.46600241625418093
4034.63	-0.28737888374581905
4036.29	0.5156650162541808
4037.96	-0.2965458837458191
4039.63	0.49047901625418094
4041.3	-0.3046736837458191
4042.96	0.5127936162541811
4044.63	-0.29003818374581913
4046.3	0.5224313162541809
4047.97	-0.290453983745819
4049.64	0.450922316254181
4051.3	-0.3682147837458191
4052.97	0.39224491625418095
4054.64	-0.4079090837458191
4056.31	0.38488001625418106
4057.98	-0.42093338374581907
4059.64	0.38877271625418114
4061.31	-0.3825443837458191
4062.98	0.4176043162541808
4064.65	-0.3526004837458189
4066.32	0.43718871625418104
4067.98	-0.32145718374581905
4069.65	0.4938926162541811
4071.32	-0.2416775837458191
4072.99	0.6115847662541808
4074.65	-0.1444047837458192
4076.32	0.6275065462541807
4077.99	-0.21303408374581903
4079.66	0.499500616254181
4081.33	-0.310171683745819
4082.99	0.44472118625418106
4084.66	-0.31847658374581894
4086.33	0.4740987862541809
4088.0	-0.3042100837458189
4089.67	0.489807216254181
4091.33	-0.2926884837458191
4093.0	0.5079892162541808
4094.67	-0.27329358374581914
4096.34	0.512515016254181
4098.01	-0.2568623837458192
4099.67	0.5382304162541811
4101.34	-0.19810958374581894
4103.01	0.6506063362541809
4104.68	-0.1382015837458188
4106.34	0.6117228162541808
4108.01	-0.2695746837458191
4109.68	0.43861831625418085
4111.35	-0.368790083745819
4113.02	0.4111107162541809
4114.68	-0.347072683745819
4116.35	0.4645756162541808
4118.02	-0.32280868374581895
4119.69	0.46323411625418104
4121.36	-0.301453683745819
4123.02	0.542746506254181
4124.69	-0.1647180837458192
4126.36	0.7038145362541808
4128.03	-0.033560883745819184
4129.69	0.7607992762541809
4131.36	-0.06262728374581909
4133.03	0.6353545162541809
4134.7	-0.2574854837458191
4136.37	0.4487016162541808
4138.03	-0.39154048374581885
4139.7	0.39443806325418107
4141.37	-0.40242788374581906
4143.04	0.37869331625418096
4144.71	-0.40936248374581885
4146.37	0.3581350162541809
4148.04	-0.43998078374581906
4149.71	0.36220541625418107
4151.38	-0.4181797837458191
4153.05	0.355919616254181
4154.71	-0.45888258374581914
4156.38	0.292386516254181
4158.05	-0.47863368374581927
4159.72	0.349747016254181
4161.38	-0.398456683745819
4163.05	0.42353791625418075
4164.72	-0.3704177837458192
4166.39	0.3451393162541808
4168.06	-0.526473483745819
4169.72	0.19323941625418092
4171.39	-0.5780954837458191
4173.06	0.24300931625418096
4174.73	-0.5007694837458192
4176.4	0.314728216254181
4178.06	-0.47952758374581894
4179.73	0.295219716254181
4181.4	-0.5247683837458192
4183.07	0.23615711625418098
4184.74	-0.5324885837458189
4186.4	0.25915771625418094
4188.07	-0.49157648374581875
4189.74	0.3270530162541808
4191.41	-0.4467106837458191
4193.07	0.3417139162541808
4194.74	-0.4574696837458189
4196.41	0.3442047162541809
4198.08	-0.4110378837458189
4199.75	0.39896051625418083
4201.41	-0.32224068374581916
4203.08	0.5301041262541808
4204.75	-0.20589428374581917
4206.42	0.6147887662541811
4208.09	-0.1837981837458192
4209.75	0.5849617602541808
4211.42	-0.27848738374581905
4213.09	0.43001111625418104
4214.76	-0.4300085837458191
4216.43	0.323411916254181
4218.09	-0.4977113837458189
4219.76	0.3001282162541809
4221.43	-0.5088953837458189
4223.1	0.3084778162541809
4224.76	-0.47409688374581904
4226.43	0.35929181625418083
4228.1	-0.39637018374581906
4229.77	0.4389945662541811
4231.44	-0.3266406837458191
4233.1	0.512455016254181
4234.77	-0.2598518837458191
4236.44	0.49677981625418094
4238.11	-0.3329103837458191
4239.78	0.44284141625418105
4241.44	-0.33483138374581917
4243.11	0.515050916254181
4244.78	-0.18490118374581918
4246.45	0.652730016254181
4248.12	-0.10093923374581888
4249.78	0.630095116254181
4251.45	-0.2175073937458188
4253.12	0.533743616254181
4254.79	-0.22998502374581925
4256.45	0.570475716254181
4258.12	-0.19251198374581896
4259.79	0.594870316254181
4261.46	-0.199809083745819
4263.13	0.5561831162541809
4264.79	-0.22159497374581916
4266.46	0.5670779162541809
4268.13	-0.19034588374581918
4269.8	0.5747340462541809
4271.47	-0.256573783745819
4273.13	0.4998482162541807
4274.8	-0.2968903837458191
4276.47	0.47063711625418103
4278.14	-0.34696118374581914
4279.81	0.378907616254181
4281.47	-0.4712017837458188
4283.14	0.25708351625418097
4284.81	-0.5348743837458191
4286.48	0.3316909062541809
4288.14	-0.3518814837458191
4289.81	0.540319716254181
4291.48	-0.18513638374581895
4293.15	0.5974913262541808
4294.82	-0.21978118374581915
4296.48	0.5072298352541811
4298.15	-0.35134468374581906
4299.82	0.39183412625418107
4301.49	-0.4315882837458192
4303.16	0.351747816254181
4304.82	-0.427187083745819
4306.49	0.39137431625418106
4308.16	-0.380952983745819
4309.83	0.392907916254181
4311.49	-0.3875857837458189
4313.16	0.37280701625418106
4314.83	-0.4410659837458192
4316.5	0.3370330762541809
4318.17	-0.5013192837458191
4319.83	0.2683857262541808
4321.5	-0.4995412837458192
4323.17	0.292963616254181
4324.84	-0.4129938837458191
4326.51	0.4557946162541809
4328.17	-0.2749457837458191
4329.84	0.546008026254181
4331.51	-0.23954138374581904
4333.18	0.5291248062541809
4334.85	-0.276678483745819
4336.51	0.5163116162541809
4338.18	-0.22855448374581902
4339.85	0.545085876254181
4341.52	-0.24636918374581912
4343.18	0.47620221625418113
4344.85	-0.33638288374581893
4346.52	0.48023041625418095
4348.19	-0.24093848374581897
4349.86	0.6320210162541811
4351.52	-0.08289148374581926
4353.19	0.622699156254181
4354.86	-0.261334883745819
4356.53	0.3623818162541808
4358.2	-0.503452783745819
4359.86	0.28744891625418095
4361.53	-0.4502717837458191
4363.2	0.40577951625418107
4364.87	-0.333822083745819
4366.54	0.4304297162541809
4368.2	-0.3628292837458191
4369.87	0.3754539162541809
4371.54	-0.45864538374581915
4373.21	0.29567421625418083
4374.87	-0.48564698374581905
4376.54	0.28513254625418105
4378.21	-0.4662539837458189
4379.88	0.35780330625418105
4381.55	-0.40015228374581896
4383.21	0.34655351625418096
4384.88	-0.5091826837458191
4386.55	0.17598071625418094
4388.22	-0.6170021837458193
4389.89	0.22593121625418097
4391.55	-0.42896578374581906
4393.22	0.49133291625418113
4394.89	-0.22953298374581896
4396.56	0.5255396962541807
4398.23	-0.3414601837458192
4399.89	0.38024134625418077
4401.56	-0.44203778374581904
4403.23	0.37898201625418093
4404.9	-0.38125068374581905
4406.56	0.40199592625418107
4408.23	-0.41965598374581925
4409.9	0.3425810162541809
4411.57	-0.4896873637458192
4413.24	0.26982401625418106
4414.9	-0.5911981837458191
4416.57	0.16031291625418084
4418.24	-0.6161958837458192
4419.91	0.1925703162541809
4421.58	-0.5311876837458192
4423.24	0.32446331625418107
4424.91	-0.468539783745819
4426.58	0.274767416254181
4428.25	-0.5706968837458192
4429.92	0.19210831625418084
4431.58	-0.5096573837458191
4433.25	0.345606716254181
4434.92	-0.364699983745819
4436.59	0.485306856254181
4438.25	-0.273021083745819
4439.92	0.5041303162541808
4441.59	-0.31562838374581903
4443.26	0.4252787162541809
4444.93	-0.3480798837458191
4446.59	0.42331961625418096
4448.26	-0.35205048374581904
4449.93	0.47843751625418085
4451.6	-0.2464510837458191
4453.27	0.5761189162541808
4454.93	-0.20023548374581898
4456.6	0.5543887362541808
4458.27	-0.25732958374581894
4459.94	0.5137637162541809
4461.61	-0.28933928374581896
4463.27	0.4428308162541811
4464.94	-0.366762683745819
4466.61	0.3648709162541808
4468.28	-0.421045183745819
4469.94	0.3778143162541809
4471.61	-0.351558883745819
4473.28	0.5109021162541811
4474.95	-0.21037108374581912
4476.62	0.5500233162541809
4478.28	-0.30076398374581925
4479.95	0.39812821625418093
4481.62	-0.457738283745819
4483.29	0.252470516254181
4484.96	-0.5326403837458189
4486.62	0.27347011625418094
4488.29	-0.4814186837458189
4489.96	0.35869811625418085
4491.63	-0.39731878374581925
4493.29	0.4081688022541809
4494.96	-0.35354848374581926
4496.63	0.416886016254181
4498.3	-0.38591278374581905
4499.97	0.34582371625418096
4501.63	-0.5051113837458188
4503.3	0.23875231625418092
4504.97	-0.5419456837458189
4506.64	0.24492568625418087
4508.31	-0.4714203837458191
4509.97	0.365080816254181
4511.64	-0.35181948374581884
4513.31	0.461907216254181
4514.98	-0.34161516374581885
4516.65	0.4063103162541809
4518.31	-0.419547683745819
4519.98	0.32788977625418103
4521.65	-0.41998628374581903
4523.32	0.4442564362541809
4524.98	-0.26766878374581904
4526.65	0.541258736254181
4528.32	-0.272172183745819
4529.99	0.4316349162541808
4531.66	-0.40290558374581886
4533.32	0.3980772162541809
4534.99	-0.3434709437458193
4536.66	0.547654516254181
4538.33	-0.172477083745819
4540.0	0.6174357162541808
4541.66	-0.17488828374581905
4543.33	0.5737844062541809
4545.0	-0.22775908374581913
4546.67	0.601726316254181
4548.34	-0.16116372374581894
4550.0	0.652125116254181
4551.67	-0.18230876374581914
4553.34	0.526359016254181
4555.01	-0.345945883745819
4556.67	0.4121412262541809
4558.34	-0.3862376837458191
4560.01	0.45969731625418114
4561.68	-0.29786908374581883
4563.35	0.5039411162541809
4565.01	-0.2939397737458191
4566.68	0.488277336254181
4568.35	-0.31059448374581894
4570.02	0.4763022662541811
4571.69	-0.3279840837458189
4573.35	0.43033454225418105
4575.02	-0.40922338374581885
4576.69	0.3305931162541809
4578.36	-0.49360438374581894
4580.03	0.29192391625418085
4581.69	-0.46042968374581894
4583.36	0.35130141625418093
4585.03	-0.36980738374581895
4586.7	0.462527516254181
4588.36	-0.30698218374581904
4590.03	0.4950991962541808
4591.7	-0.316929883745819
4593.37	0.4394237162541811
4595.04	-0.35866458374581905
4596.7	0.4166089162541809
4598.37	-0.36270478374581894
4600.04	0.462559116254181
4601.71	-0.3370576837458191
4603.38	0.47566531625418085
4605.04	-0.32664118374581885
4606.71	0.4386552162541809
4608.38	-0.3332550837458192
4610.05	0.44256591625418096
4611.72	-0.35918948374581894
4613.38	0.42208271625418103
4615.05	-0.40923368374581903
4616.72	0.35514521625418094
4618.39	-0.4470087837458189
4620.05	0.30612361625418083
4621.72	-0.440670183745819
4623.39	0.354898316254181
4625.06	-0.35192723874581905
4626.73	0.45288767625418114
4628.39	-0.26858598374581927
4630.06	0.5393493862541809
4631.73	-0.22623913374581894
4633.4	0.5622156162541809
4635.07	-0.22859298374581907
4636.73	0.49374171625418084
4638.4	-0.3156798837458191
4640.07	0.38434006625418105
4641.74	-0.44394548374581894
4643.41	0.34150501625418095
4645.07	-0.4076630837458192
4646.74	0.44330640625418083
4648.41	-0.2768595837458191
4650.08	0.5400704162541808
4651.74	-0.2436444837458191
4653.41	0.563736516254181
4655.08	-0.2842858837458191
4656.75	0.4855934162541812
4658.42	-0.31121868374581896
4660.08	0.486127196254181
4661.75	-0.301210383745819
4663.42	0.5087352162541809
4665.09	-0.27966578374581896
4666.76	0.540931116254181
4668.42	-0.26941988374581904
4670.09	0.497895766254181
4671.76	-0.313924383745819
4673.43	0.4534563162541808
4675.09	-0.39416538374581916
4676.76	0.3216800162541811
4678.43	-0.5560019837458191
4680.1	0.1622319162541809
4681.77	-0.6407122837458189
4683.43	0.1468776162541809
4685.1	-0.6001144837458192
4686.77	0.21934281625418092
4688.44	-0.5825332837458191
4690.11	0.24134931625418102
4691.77	-0.506339983745819
4693.44	0.385289196254181
4695.11	-0.31406768374581906
4696.78	0.527111748254181
4698.45	-0.2650548837458192
4700.11	0.47733381625418103
4701.78	-0.3674890837458191
4703.45	0.473650916254181
4705.12	-0.26762675374581907
4706.78	0.551527376254181
4708.45	-0.24746177374581912
4710.12	0.48074791625418084
4711.79	-0.35534978374581927
4713.46	0.4022787162541809
4715.12	-0.3927794837458191
4716.79	0.4118941162541808
4718.46	-0.3426145837458191
4720.13	0.46014811625418106
4721.8	-0.293215783745819
4723.46	0.5223304262541808
4725.13	-0.26001698374581916
4726.8	0.5241953162541808
4728.47	-0.3104328837458191
4730.14	0.397874836254181
4731.8	-0.473570483745819
4733.47	0.26167238625418093
4735.14	-0.540516683745819
4736.81	0.281291657254181
4738.47	-0.4836077837458189
4740.14	0.3936754162541811
4741.81	-0.345406783745819
4743.48	0.438556676254181
4745.15	-0.3180874837458191
4746.81	0.452807316254181
4748.48	-0.3371551837458188
4750.15	0.41916811625418104
4751.82	-0.38368098374581894
4753.49	0.3713788162541809
4755.15	-0.39249558374581917
4756.82	0.3771816162541809
4758.49	-0.39207838374581916
4760.16	0.35723671625418085
4761.83	-0.437327683745819
4763.49	0.2789031162541809
4765.16	-0.49392728374581896
4766.83	0.32146871625418094
4768.5	-0.41466867374581895
4770.16	0.4202467862541811
4771.83	-0.3688567837458191
4773.5	0.35638417625418073
4775.17	-0.4670877837458189
4776.84	0.26877187625418086
4778.5	-0.5287113837458193
4780.17	0.349147546254181
4781.84	-0.3559144837458192
4783.51	0.5349962062541808
4785.18	-0.18874848374581893
4786.84	0.5822570962541809
4788.51	-0.24588368374581931
4790.18	0.503662616254181
4791.85	-0.3045206837458192
4793.52	0.48319861625418115
4795.18	-0.32977434374581927
4796.85	0.39107111625418084
4798.52	-0.44726738374581904
4800.19	0.28302841625418107
4801.85	-0.5649220837458188
4803.52	0.21343181625418098
4805.19	-0.5301111837458193
4806.86	0.296948316254181
4808.53	-0.4258713837458189
4810.19	0.4103093162541809
4811.86	-0.2650375837458191
4813.53	0.566468716254181
4815.2	-0.23616598374581904
4816.87	0.4466664162541809
4818.53	-0.4639504837458189
4820.2	0.22455111625418103
4821.87	-0.6031806837458191
4823.54	0.164039846254181
4825.21	-0.5938344837458189
4826.87	0.20352451625418091
4828.54	-0.567828883745819
4830.21	0.180817416254181
4831.88	-0.6155204837458188
4833.54	0.17236214625418095
4835.21	-0.5618058837458191
4836.88	0.2797433162541808
4838.55	-0.5112363837458191
4840.22	0.282799216254181
4841.88	-0.4609187837458192
4843.55	0.299760016254181
4845.22	-0.4683829837458191
4846.89	0.2900380162541809
4848.56	-0.483840783745819
4850.22	0.29594763625418086
4851.89	-0.49613138374581894
4853.56	0.2671663162541809
4855.23	-0.45129188374581897
4856.89	0.3714797402541808
4858.56	-0.31987158374581925
4860.23	0.5169154162541809
4861.9	-0.22903788374581927
4863.57	0.5098324162541811
4865.23	-0.35624178374581894
4866.9	0.33000571625418107
4868.57	-0.49189008374581905
4870.24	0.31986461625418094
4871.91	-0.397158883745819
4873.57	0.40667535625418083
4875.24	-0.3370912837458192
4876.91	0.466733316254181
4878.58	-0.3010519837458191
4880.25	0.527001816254181
4881.91	-0.2067538837458191
4883.58	0.5519627162541809
4885.25	-0.24746162274581898
4886.92	0.478031316254181
4888.58	-0.31067608374581934
4890.25	0.5055222662541808
4891.92	-0.27344506374581923
4893.59	0.46481991625418095
4895.26	-0.35804434374581906
4896.92	0.29665191625418086
4898.59	-0.621748283745819
4900.26	0.08886711625418095
4901.93	-0.740228383745819
4903.6	0.027308816254181096
4905.26	-0.713995683745819
4906.93	0.16417088625418083
4908.6	-0.5205122837458189
4910.27	0.4178854162541811
4911.94	-0.27133608374581913
4913.6	0.5874129162541809
4915.27	-0.17013328374581888
4916.94	0.551007806254181
4918.61	-0.31161598374581906
4920.27	0.425265916254181
4921.94	-0.40284978374581903
4923.61	0.39040164625418095
4925.28	-0.3811231837458192
4926.95	0.4038473162541809
4928.61	-0.3498568837458191
4930.28	0.43755637625418087
4931.95	-0.289157383745819
4933.62	0.5325590162541811
4935.29	-0.2131788837458192
4936.95	0.6010911362541811
4938.62	-0.16589808374581913
4940.29	0.627175216254181
4941.96	-0.1585317137458191
4943.63	0.583831476254181
4945.29	-0.2658366837458189
4946.96	0.41183408625418094
4948.63	-0.47218574374581923
4950.3	0.24236591625418105
4951.96	-0.5580324837458192
4953.63	0.2964782162541809
4955.3	-0.45457568374581925
4956.97	0.36051761625418094
4958.64	-0.41725178374581906
4960.3	0.3246961162541808
4961.97	-0.4315240837458189
4963.64	0.3653247862541809
4965.31	-0.3877891837458191
4966.98	0.4158818962541809
4968.64	-0.3978499837458188
4970.31	0.3441023162541809
4971.98	-0.4487924837458187
4973.65	0.37844953625418104
4975.32	-0.3137003837458191
4976.98	0.4951256962541809
4978.65	-0.24970828374581905
4980.32	0.5096410162541808
4981.99	-0.32746218374581904
4983.65	0.4884267162541809
4985.32	-0.29960818374581877
4986.99	0.5031098162541812
4988.66	-0.26140138374581917
4990.33	0.485188346254181
4991.99	-0.30588248374581906
4993.66	0.44174232025418103
4995.33	-0.40032838374581914
4997.0	0.3917098462541809
4998.67	-0.3977593837458191
5000.33	0.41175181625418106
5002.0	-0.314175483745819
5003.67	0.5553901162541808
5005.34	-0.18258848374581912
5007.0	0.6077059162541809
5008.67	-0.22281478374581906
5010.34	0.5094392062541809
5012.01	-0.365882083745819
5013.68	0.300822316254181
5015.34	-0.5470851837458192
5017.01	0.21878971625418092
5018.68	-0.581622783745819
5020.35	0.2325749162541808
5022.02	-0.48338898374581907
5023.68	0.3494467162541809
5025.35	-0.3667195837458189
5027.02	0.40933796625418084
5028.69	-0.3465283837458191
5030.36	0.426646116254181
5032.02	-0.3592994837458192
5033.69	0.42439441625418084
5035.36	-0.3511575837458189
5037.03	0.4372658812541809
5038.69	-0.3061520837458192
5040.36	0.47030291625418086
5042.03	-0.2826932837458191
5043.7	0.4718121162541811
5045.37	-0.3517201837458191
5047.03	0.37260146625418095
5048.7	-0.497945183745819
5050.37	0.24869121625418086
5052.04	-0.558657683745819
5053.71	0.2561784162541809
5055.37	-0.49514818374581926
5057.04	0.26688901625418116
5058.71	-0.515671183745819
5060.38	0.19536931625418089
5062.05	-0.6517019837458191
5063.71	0.1631769162541808
5065.38	-0.6243638837458192
5067.05	0.2280822162541809
5068.72	-0.4919723037458191
5070.38	0.33059791625418083
5072.05	-0.4057915937458191
5073.72	0.3917920162541811
5075.39	-0.391883753745819
5077.06	0.409132316254181
5078.72	-0.38203958374581887
5080.39	0.3836389162541808
5082.06	-0.36821318374581935
5083.73	0.4554791162541809
5085.4	-0.28215278374581915
5087.06	0.564036216254181
5088.73	-0.235289883745819
5090.4	0.4960526162541809
5092.07	-0.3629075837458192
5093.74	0.2760118162541809
5095.4	-0.590464883745819
5097.07	0.15135553625418102
5098.74	-0.5859176837458191
5100.41	0.3404697862541808
5102.07	-0.33475718374581914
5103.74	0.489540916254181
5105.41	-0.307074783745819
5107.08	0.3478607162541811
5108.75	-0.546135983745819
5110.41	0.17733331625418103
5112.08	-0.5661207837458192
5113.75	0.3730658062541809
5115.42	-0.28241718374581914
5117.09	0.5376643162541808
5118.75	-0.257948688745819
5120.42	0.41930251625418097
5122.09	-0.40968778374581893
5123.76	0.3402068162541809
5125.43	-0.42042498374581905
5127.09	0.4427723162541808
5128.76	-0.3495793837458193
5130.43	0.35365141625418095
5132.1	-0.49707438374581925
5133.76	0.21603451625418088
5135.43	-0.5292331837458193
5137.1	0.31417771625418073
5138.77	-0.4244955837458192
5140.44	0.3257993162541809
5142.1	-0.49750568374581905
5143.77	0.2290625362541811
5145.44	-0.5670603837458191
5147.11	0.22215831625418106
5148.78	-0.501124783745819
5150.44	0.3281366162541809
5152.11	-0.4012520837458192
5153.78	0.293648276254181
5155.45	-0.558115583745819
5157.12	0.1781769162541811
5158.78	-0.6350984837458191
5160.45	0.159958416254181
5162.12	-0.5428453837458189
5163.79	0.35284341625418086
5165.45	-0.308319383745819
5167.12	0.5216126262541809
5168.79	-0.2757117837458192
5170.46	0.45905101625418093
5172.13	-0.41787288374581893
5173.79	0.296280216254181
5175.46	-0.550687283745819
5177.13	0.22975633825418082
5178.8	-0.5000235837458188
5180.47	0.3452858162541811
5182.13	-0.38933168374581906
5183.8	0.4009516162541811
5185.47	-0.40201578374581926
5187.14	0.30201113625418086
5188.8	-0.5468358837458194
5190.47	0.18755974625418087
5192.14	-0.622502183745819
5193.81	0.14718421625418085
5195.48	-0.5951148837458191
5197.14	0.21402851625418098
5198.81	-0.49413028374581935
5200.48	0.36980780625418097
5202.15	-0.37918669374581915
5203.82	0.43052711625418105
5205.48	-0.3403261837458189
5207.15	0.36128931625418087
5208.82	-0.43774118374581894
5210.49	0.30907196625418093
5212.16	-0.5232113837458192
5213.82	0.235250330254181
5215.49	-0.5855099837458189
5217.16	0.20244312095418104
5218.83	-0.5046953837458189
5220.49	0.3408514162541808
5222.16	-0.3829233837458191
5223.83	0.39602861625418084
5225.5	-0.4275495837458191
5227.17	0.32776341625418093
5228.83	-0.4079702837458192
5230.5	0.4411953162541808
5232.17	-0.28131978374581906
5233.84	0.505293566254181
5235.51	-0.29898718374581923
5237.17	0.4317397162541809
5238.84	-0.37103208374581914
5240.51	0.40236471625418113
5242.18	-0.3489019837458191
5243.85	0.4033166662541808
5245.51	-0.3795746837458192
5247.18	0.3466698162541809
5248.85	-0.4926686937458191
5250.52	0.234018016254181
5252.18	-0.6074014337458192
5253.85	0.135682216254181
5255.52	-0.6864517537458192
5257.19	0.07597474625418102
5258.86	-0.7217389837458189
5260.52	0.07322761625418109
5262.19	-0.693691883745819
5263.86	0.15365581625418084
5265.53	-0.574244183745819
5267.2	0.21211841625418085
5268.86	-0.6207569837458192
5270.53	0.08349121625418099
5272.2	-0.8103195837458188
5273.87	-0.08404158374581917
5275.54	-0.806632883745819
5277.2	0.11907477625418092
5278.87	-0.5545163837458191
5280.54	0.26965841625418085
5282.21	-0.508809883745819
5283.87	0.22187431625418091
5285.54	-0.6299935837458192
5287.21	0.138925316254181
5288.88	-0.5831570837458191
5290.55	0.29789220625418106
5292.21	-0.40800708374581907
5293.88	0.39482787625418103
5295.55	-0.3623954837458191
5297.22	0.39977391625418096
5298.89	-0.4388547837458191
5300.55	0.39073471625418105
5302.22	-0.36893968374581904
5303.89	0.42075721625418094
5305.56	-0.31714638374581894
5307.23	0.4764340162541808
5308.89	-0.26472638374581914
5310.56	0.481686276254181
5312.23	-0.3451790837458192
5313.9	0.41180131625418104
5315.56	-0.47189468374581905
5317.23	0.21168761625418114
5318.9	-0.5860903837458191
5320.57	0.20762487625418094
5322.24	-0.5107348337458191
5323.9	0.30287371625418097
5325.57	-0.4190948837458192
5327.24	0.4474000262541809
5328.91	-0.26118098374581916
5330.58	0.577943916254181
5332.24	-0.154150083745819
5333.91	0.6180786162541809
5335.58	-0.22678009374581923
5337.25	0.4715506362541809
5338.92	-0.37450403374581887
5340.58	0.3580278162541809
5342.25	-0.40260585374581936
5343.92	0.41201407625418096
5345.59	-0.3590208837458192
5347.25	0.46001681625418084
5348.92	-0.36789598374581894
5350.59	0.26257101625418117
5352.26	-0.593957683745819
5353.93	0.09863351625418089
5355.59	-0.6289332837458191
5357.26	0.21912761625418092
5358.93	-0.47318338374581914
5360.6	0.392300016254181
5362.27	-0.3507143837458191
5363.93	0.38351551625418095
5365.6	-0.3680010837458191
5367.27	0.3531123162541808
5368.94	-0.4025699837458191
5370.6	0.35894771625418104
5372.27	-0.3393684837458191
5373.94	0.516181456254181
5375.61	-0.2571588837458189
5377.28	0.447870616254181
5378.94	-0.4103975837458188
5380.61	0.2752362562541809
5382.28	-0.5347137837458191
5383.95	0.29226531625418106
5385.62	-0.3967999837458192
5387.28	0.446796646254181
5388.95	-0.35790738374581904
5390.62	0.312665416254181
5392.29	-0.6070718837458192
5393.96	0.05324280625418083
5395.62	-0.853727383745819
5397.29	-0.13186225374581892
5398.96	-0.890271883745819
5400.63	-0.05356758374581914
5402.29	-0.7564273837458193
5403.96	0.11414911625418105
5405.63	-0.5259453837458191
5407.3	0.36809951625418114
5408.97	-0.34919518374581904
5410.63	0.37057701625418094
5412.3	-0.4712171837458191
5413.97	0.23838891625418088
5415.64	-0.628574523745819
5417.31	0.08335031625418088
5418.97	-0.6965541837458191
5420.64	0.048912616254180905
5422.31	-0.690436083745819
5423.98	0.08407401625418091
5425.65	-0.6562243837458188
5427.31	0.1773668162541811
5428.98	-0.5264329837458189
5430.65	0.285684716254181
5432.32	-0.4508656837458191
5433.98	0.3563545162541809
5435.65	-0.4188851837458191
5437.32	0.367165216254181
5438.99	-0.43088338374581914
5440.66	0.365823016254181
5442.32	-0.35258338374581905
5443.99	0.47895221625418094
5445.66	-0.2546082837458191
5447.33	0.518607816254181
5449.0	-0.31707438374581914
5450.66	0.4533852162541809
5452.33	-0.33686038374581906
5454.0	0.4988905162541807
5455.67	-0.2549616837458192
5457.34	0.4708934762541809
5459.0	-0.41811415374581884
5460.67	0.159867916254181
5462.34	-0.8087363837458191
5464.01	-0.16575108374581893
5465.67	-0.9302863737458189
5467.34	-0.06152878374581916
5469.01	-0.6906967837458191
5470.68	0.2912641162541809
5472.35	-0.30987858374581917
5474.01	0.6281907962541811
5475.68	-0.021724283745819105
5477.35	0.7403336162541809
5479.02	-0.09835072374581891
5480.69	0.5292705162541808
5482.35	-0.35759268374581915
5484.02	0.400473216254181
5485.69	-0.346913783745819
5487.36	0.503361416254181
5489.03	-0.24742940374581918
5490.69	0.48468692625418097
5492.36	-0.38453898374581896
5494.03	0.27701041625418094
5495.7	-0.5630778837458191
5497.36	0.21291761625418087
5499.03	-0.526983083745819
5500.7	0.31218811625418075
5502.37	-0.4328754837458192
5504.04	0.34669237625418087
5505.7	-0.409042283745819
5507.37	0.42585081625418103
5509.04	-0.30728958374581905
5510.71	0.4897774562541809
5512.38	-0.26430118374581896
5514.04	0.523812216254181
5515.71	-0.2255258837458191
5517.38	0.605486516254181
5519.05	-0.13221028374581892
5520.72	0.6693881362541809
5522.38	-0.16445768374581907
5524.05	0.48198511625418095
5525.72	-0.3888025837458189
5527.39	0.34573061625418094
5529.05	-0.3685484837458191
5530.72	0.480468816254181
5532.39	-0.186838883745819
5534.06	0.6267174162541809
5535.73	-0.19522798374581918
5537.39	0.532309816254181
5539.06	-0.31115626374581906
5540.73	0.42476153625418095
5542.4	-0.36847338374581895
5544.07	0.38420801625418105
5545.73	-0.41860828374581904
5547.4	0.3240437262541809
5549.07	-0.5272298837458191
5550.74	0.19949641625418102
5552.4	-0.613505383745819
5554.07	0.20629271625418094
5555.74	-0.574684293745819
5557.41	0.2532555362541809
5559.08	-0.500709453745819
5560.74	0.254852116254181
5562.41	-0.5109426837458191
5564.08	0.27404641625418086
5565.75	-0.41956468374581907
5567.42	0.45680091625418096
5569.08	-0.20808068374581898
5570.75	0.6295955162541809
5572.42	-0.19100048374581918
5574.09	0.4909236162541811
5575.76	-0.391707283745819
5577.42	0.31688722025418087
5579.09	-0.49339728374581904
5580.76	0.2713510962541811
5582.43	-0.4694987837458191
5584.09	0.3284414762541811
5585.76	-0.4689134837458191
5587.43	0.310594216254181
5589.1	-0.46467678374581906
5590.77	0.37027791625418083
5592.43	-0.421201883745819
5594.1	0.37941091625418094
5595.77	-0.4188875837458189
5597.44	0.29100031625418094
5599.11	-0.536904383745819
5600.77	0.1801990162541809
5602.44	-0.6165084837458191
5604.11	0.21749781625418096
5605.78	-0.5365849037458188
5607.45	0.3041606162541809
5609.11	-0.4816097837458194
5610.78	0.26566081625418103
5612.45	-0.5738092227458192
5614.12	0.1520153162541808
5615.78	-0.6094444937458189
5617.45	0.2651594162541809
5619.12	-0.34716934374581915
5620.79	0.510742216254181
5622.46	-0.232413777745819
5624.12	0.5477796262541809
5625.79	-0.29385778374581895
5627.46	0.4190001562541809
5629.13	-0.38096478374581905
5630.8	0.3769044162541812
5632.46	-0.40707848374581895
5634.13	0.30676371625418086
5635.8	-0.44687228374581933
5637.47	0.36707621625418074
5639.14	-0.3267913837458192
5640.8	0.4967139162541809
5642.47	-0.26512598374581897
5644.14	0.465990616254181
5645.81	-0.3660522837458189
5647.47	0.2831663162541808
5649.14	-0.5332700837458191
5650.81	0.20849711625418094
5652.48	-0.5468373837458189
5654.15	0.27106714625418094
5655.81	-0.44658188374581903
5657.48	0.317232196254181
5659.15	-0.45893094374581905
5660.82	0.22149189625418092
5662.49	-0.6428257837458191
5664.15	0.055844416254181
5665.82	-0.7713534837458191
5667.49	-0.007755093745818864
5669.16	-0.723999883745819
5670.83	0.14712101625418111
5672.49	-0.44916931374581903
5674.16	0.5137363162541808
5675.83	-0.05004838374581895
5677.5	0.8331487162541809
5679.16	0.08108901625418088
5680.83	0.7523588302541808
5682.5	-0.19198118374581888
5684.17	0.390524216254181
5685.84	-0.5093868837458192
5687.5	0.1847101162541808
5689.17	-0.5324758837458191
5690.84	0.27628771625418097
5692.51	-0.46423598374581926
5694.18	0.34641201625418094
5695.84	-0.4922158837458189
5697.51	0.24404081625418086
5699.18	-0.6390643637458193
5700.85	-0.0012440237458191006
5702.52	-0.7836036837458188
5704.18	-0.0022556037458191236
5705.85	-0.736847783745819
5707.52	0.1510025162541809
5709.19	-0.605817683745819
5710.85	0.23032261625418088
5712.52	-0.587895883745819
5714.19	0.12918491625418094
5715.86	-0.662084083745819
5717.53	0.1334403162541808
5719.19	-0.6064881837458191
5720.86	0.22653701625418093
5722.53	-0.5532575837458191
5724.2	0.273924756254181
5725.87	-0.5071390837458191
5727.53	0.30664711625418084
5729.2	-0.4469336837458192
5730.87	0.2900471162541808
5732.54	-0.561138183745819
5734.2	0.15400981625418098
5735.87	-0.7050786337458189
5737.54	0.031880716254180944
5739.21	-0.6567282837458192
5740.88	0.21170521625418087
5742.54	-0.41722428374581916
5744.21	0.41695951625418104
5745.88	-0.36877098374581907
5747.55	0.311271716254181
5749.22	-0.5710794137458188
5750.88	0.015057416254180828
5752.55	-0.7960021837458191
5754.22	0.034748416254181125
5755.89	-0.5608244837458191
5757.56	0.360663306254181
5759.22	-0.319935527745819
5760.89	0.4407658162541809
5762.56	-0.4282221837458192
5764.23	0.22720941625418095
5765.89	-0.6286033837458189
5767.56	0.16345691625418107
5769.23	-0.5449463837458188
5770.9	0.2966145162541808
5772.57	-0.4466430837458188
5774.23	0.34147611625418095
5775.9	-0.4920365837458192
5777.57	0.23638425625418086
5779.24	-0.588650783745819
5780.91	0.1622813362541809
5782.57	-0.6284404837458191
5784.24	0.10825371625418087
5785.91	-0.637255383745819
5787.58	0.15671361625418082
5789.25	-0.5956754837458188
5790.91	0.13908781625418085
5792.58	-0.6742247837458188
5794.25	-0.05606078374581913
5795.92	-0.9177108837458192
5797.58	-0.2856266837458191
5799.25	-1.0454773837458187
5800.92	-0.21233638374581928
5802.59	-0.9073493837458194
5804.26	-0.13933068374581897
5805.92	-0.8683923837458192
5807.59	-0.14923018374581887
5809.26	-0.8734340137458192
5810.93	-0.03813078374581904
5812.6	-0.7001256837458188
5814.26	0.250051716254181
5815.93	-0.3558529837458191
5817.6	0.4866340162541808
5819.27	-0.31665038374581916
5820.94	0.39700731625418106
5822.6	-0.42864738374581907
5824.27	0.43629721625418083
5825.94	-0.23239821374581915
5827.61	0.6989321262541811
5829.27	-0.0009160337458190892
5830.94	0.779072716254181
5832.61	-0.17244068374581914
5834.28	0.38787541625418087
5835.95	-0.5858659837458189
5837.61	0.1661005162541809
5839.28	-0.6363063437458192
5840.95	0.25167671625418087
5842.62	-0.331965083745819
5844.29	0.6128356162541808
5845.95	-0.020675183745819094
5847.62	0.7898440562541809
5849.29	-0.12155428374581914
5850.96	0.505942126254181
5852.63	-0.4278545837458189
5854.29	0.23129401625418095
5855.96	-0.4670182837458191
5857.63	0.39250341625418084
5859.3	-0.32139018374581885
5860.96	0.5440418162541809
5862.63	-0.2800911837458189
5864.3	0.348068316254181
5865.97	-0.5556359837458189
5867.64	0.045596416254181
5869.3	-0.7877573837458189
5870.97	-0.006082783745819098
5872.64	-0.7272878837458189
5874.31	0.1805675762541809
5875.98	-0.470962083745819
5877.64	0.417790786254181
5879.31	-0.29546738374581893
5880.98	0.43615251625418094
5882.65	-0.4045984837458191
5884.32	0.271860656254181
5885.98	-0.594509083745819
5887.65	0.11055993625418101
5889.32	-0.668342783745819
5890.99	0.16270981625418088
5892.65	-0.602536883745819
5894.32	0.097698616254181
5895.99	-0.8046010837458193
5897.66	-0.1061272837458191
5899.33	-0.923964483745819
5900.99	-0.06535058374581912
5902.66	-0.7412043837458189
5904.33	0.16172251625418074
5906.0	-0.5820718837458191
5907.67	0.21398711625418096
5909.33	-0.5924156837458192
5911.0	0.17891501625418088
5912.67	-0.712662483745819
5914.34	0.03154651625418092
5916.0	-0.8448805837458192
5917.67	-0.136760083745819
5919.34	-0.961196383745819
5921.01	-0.15082322374581916
5922.68	-0.9117639837458192
5924.34	-0.06167628374581904
5926.01	-0.7869148837458193
5927.68	0.05403681625418102
5929.35	-0.6329994837458189
5931.02	0.22475021625418096
5932.68	-0.5341940837458191
5934.35	0.31018641625418086
5936.02	-0.46303378374581905
5937.69	0.33498021625418106
5939.36	-0.42830038374581897
5941.02	0.3315645552541809
5942.69	-0.4891265837458191
5944.36	0.335031916254181
5946.03	-0.42006788374581916
5947.69	0.41416476625418086
5949.36	-0.35377918374581885
5951.03	0.4530669162541809
5952.7	-0.33947438374581895
5954.37	0.4219242162541811
5956.03	-0.4259766837458191
5957.7	0.365010116254181
5959.37	-0.411498483745819
5961.04	0.35326474625418103
5962.71	-0.39506668374581894
5964.37	0.3822681162541809
5966.04	-0.3871020837458191
5967.71	0.433043356254181
5969.38	-0.34842990374581906
5971.05	0.4462914162541809
5972.71	-0.377084083745819
5974.38	0.29964401625418097
5976.05	-0.558397193745819
5977.72	0.205652416254181
5979.38	-0.5619108837458189
5981.05	0.23137581625418094
5982.72	-0.5160328837458191
5984.39	0.28487223625418095
5986.06	-0.5639423837458187
5987.72	0.2569306162541808
5989.39	-0.4717153337458189
5991.06	0.42079531625418076
5992.73	-0.241213483745819
5994.4	0.558034316254181
5996.06	-0.3106813837458192
5997.73	0.4035359162541809
5999.4	-0.5457107837458193
6001.07	0.06270251625418082
6002.74	-0.7812067537458192
6004.4	-0.06985932374581919
6006.07	-0.8448735837458192
6007.74	0.03183700625418091
6009.41	-0.596839013745819
6011.07	0.388223996254181
6012.74	-0.16856948374581898
6014.41	0.7098523162541811
6016.08	-0.008604023745819034
6017.75	0.689115716254181
6019.41	-0.256517683745819
6021.08	0.3764229162541808
6022.75	-0.559895483745819
6024.42	0.08545751625418108
6026.09	-0.7229037837458189
6027.75	0.11323431625418086
6029.42	-0.47043778374581907
6031.09	0.5794651762541809
6032.76	-0.0117969837458189
6034.43	0.8613381862541811
6036.09	-0.021397783745819087
6037.76	0.532465366254181
6039.43	-0.44282018374581894
6041.1	0.17034981625418083
6042.76	-0.619240393745819
6044.43	0.21758451625418102
6046.1	-0.47473008374581915
6047.77	0.321846516254181
6049.44	-0.49258968374581913
6051.1	0.1718167162541809
6052.77	-0.6908517837458193
6054.44	0.028000716254180956
6056.11	-0.694753083745819
6057.78	0.15555194625418092
6059.44	-0.45159738374581926
6061.11	0.43869731625418096
6062.78	-0.3441623837458191
6064.45	0.31773611625418086
6066.11	-0.6072351837458191
6067.78	0.02815231625418093
6069.45	-0.8191178837458188
6071.12	-0.02215273374581912
6072.79	-0.6781883837458189
6074.45	0.32436831625418094
6076.12	-0.32040958374581896
6077.79	0.427405516254181
6079.46	-0.43936838374581877
6081.13	0.22309416625418094
6082.79	-0.6361423837458193
6084.46	0.18342752625418113
6086.13	-0.48400048374581894
6087.8	0.43259261625418083
6089.47	-0.2765953837458189
6091.13	0.438786116254181
6092.8	-0.4606054837458192
6094.47	0.25013461625418104
6096.14	-0.4724707837458192
6097.8	0.357962916254181
6099.47	-0.37566038374581884
6101.14	0.4439485162541808
6102.81	-0.389155083745819
6104.48	0.305596346254181
6106.14	-0.4923519837458189
6107.81	0.23600831625418098
6109.48	-0.5418471837458191
6111.15	0.18536911625418098
6112.82	-0.6682301837458191
6114.48	0.058558656254180885
6116.15	-0.7209777837458191
6117.82	-0.005090483745818997
6119.49	-0.7083323837458189
6121.16	0.05766678625418076
6122.82	-0.6471143837458191
6124.49	0.18747041625418093
6126.16	-0.44397415374581906
6127.83	0.3964521162541809
6129.49	-0.24084737374581894
6131.16	0.535642016254181
6132.83	-0.17620544374581903
6134.5	0.5603918262541809
6136.17	-0.23892813374581898
6137.83	0.45954734625418087
6139.5	-0.3138206237458191
6141.17	0.43062721625418077
6142.84	-0.3283312837458189
6144.51	0.41518461625418085
6146.17	-0.38858686374581886
6147.84	0.311342416254181
6149.51	-0.5632885837458188
6151.18	0.17427361625418086
6152.85	-0.5939083837458192
6154.51	0.31114491625418095
6156.18	-0.33547938374581915
6157.85	0.561702916254181
6159.52	-0.15344938374581896
6161.18	0.5968471162541811
6162.85	-0.35631768374581885
6164.52	0.20881941625418105
6166.19	-0.8067453837458192
6167.86	-0.14586138374581892
6169.52	-0.914075383745819
6171.19	-0.054252983745819126
6172.86	-0.712171643745819
6174.53	0.251297716254181
6176.2	-0.3666159837458192
6177.86	0.5569417162541811
6179.53	-0.155670583745819
6181.2	0.591799616254181
6182.87	-0.19302568374581922
6184.54	0.5103888162541809
6186.2	-0.3476989837458191
6187.87	0.4340599662541811
6189.54	-0.33735188374581915
6191.21	0.4342284362541811
6192.87	-0.3331715837458191
6194.54	0.4071210862541809
6196.21	-0.3062933837458191
6197.88	0.5052160162541809
6199.55	-0.20334765374581912
6201.21	0.5739116162541809
6202.88	-0.3305677637458191
6204.55	0.21331411625418095
6206.22	-0.7767881837458189
6207.89	-0.18481808374581918
6209.55	-0.9750428837458192
6211.22	-0.062094083745819005
6212.89	-0.5545483837458189
6214.56	0.4691352262541809
6216.23	-0.236766983745819
6217.89	0.47604341625418095
6219.56	-0.3935402837458192
6221.23	0.2634318162541809
6222.9	-0.577060983745819
6224.56	0.21272411625418078
6226.23	-0.5279435837458191
6227.9	0.30945811625418085
6229.57	-0.454017583745819
6231.24	0.38408338625418104
6232.9	-0.24620148374581907
6234.57	0.6110802162541809
6236.24	-0.11758358374581898
6237.91	0.6394179162541811
6239.58	-0.308596373745819
6241.24	0.253305616254181
6242.91	-0.7087516837458192
6244.58	-0.021175883745819135
6246.25	-0.7575873837458189
6247.91	0.15375051625418093
6249.58	-0.45267728374581917
6251.25	0.42900657625418104
6252.92	-0.361020983745819
6254.59	0.29531133625418093
6256.25	-0.5785761837458188
6257.92	0.1533011162541809
6259.59	-0.640693183745819
6261.26	0.16705821625418085
6262.93	-0.5954000337458192
6264.59	0.10150431625418091
6266.26	-0.8180243837458192
6267.93	-0.24351538374581905
6269.6	-1.1613787837458194
6271.27	-0.44857778374581914
6272.93	-1.2437379837458191
6274.6	-0.3709251037458189
6276.27	-0.9779497837458191
6277.94	-0.0052839837458189985
6279.6	-0.536308083745819
6281.27	0.451599916254181
6282.94	-0.1173457837458192
6284.61	0.731536016254181
6286.28	-0.08163938374581896
6287.94	0.563759916254181
6289.61	-0.3651518837458191
6291.28	0.2891907162541809
6292.95	-0.5171007837458191
6294.62	0.19902211625418104
6296.28	-0.4985369637458191
6297.95	0.29280511625418093
6299.62	-0.46505276374581894
6301.29	0.29353601625418096
6302.96	-0.48397902374581914
6304.62	0.22225260625418075
6306.29	-0.5205293837458189
6307.96	0.2226648462541811
6309.63	-0.501535333745819
6311.29	0.30469754625418105
6312.96	-0.4611711837458191
6314.63	0.2365304162541809
6316.3	-0.5696730837458192
6317.97	0.19323741625418092
6319.63	-0.49817818374581896
6321.3	0.3835817162541809
6322.97	-0.3098883837458192
6324.64	0.532082216254181
6326.31	-0.1773064837458192
6327.97	0.6046147162541811
6329.64	-0.1796213837458191
6331.31	0.5660560162541808
6332.98	-0.31161738374581915
6334.65	0.38601211625418097
6336.31	-0.502433383745819
6337.98	0.18776621625418102
6339.65	-0.605818623745819
6341.32	0.1046907362541809
6342.98	-0.7230504837458194
6344.65	0.02709971625418097
6346.32	-0.7577233837458192
6347.99	0.0938476162541807
6349.66	-0.5761693837458193
6351.32	0.25366791625418084
6352.99	-0.47725338374581927
6354.66	0.286165516254181
6356.33	-0.49835088374581904
6358.0	0.233616416254181
6359.66	-0.5327550837458191
6361.33	0.23495041625418098
6363.0	-0.485683583745819
6364.67	0.366369216254181
6366.34	-0.3313323437458191
6368.0	0.5369085162541809
6369.67	-0.14896648374581897
6371.34	0.6601488162541809
6373.01	-0.12799258374581912
6374.67	0.4535069162541811
6376.34	-0.5247046837458189
6378.01	0.010277216254180854
6379.68	-0.876956053745819
6381.35	-0.028327983745819095
6383.01	-0.6202871837458193
6384.68	0.3968707162541809
6386.35	-0.22416908374581893
6388.02	0.4637036162541809
6389.69	-0.4155939837458192
6391.35	0.1996640162541811
6393.02	-0.695251143745819
6394.69	0.116339434254181
6396.36	-0.6234210837458191
6398.03	0.17531934325418103
6399.69	-0.548760553745819
6401.36	0.10562481625418088
6403.03	-0.8380765837458192
6404.7	-0.17497738374581898
6406.36	-1.042003983745819
6408.03	-0.22735801374581904
6409.7	-0.8966513837458192
6411.37	0.04387781625418101
6413.04	-0.5438213837458191
6414.7	0.34204281625418087
6416.37	-0.3984563837458191
6418.04	0.2791827162541809
6419.71	-0.49309628374581893
6421.38	0.26845461625418093
6423.04	-0.5017332837458192
6424.71	0.36634351625418105
6426.38	-0.3816457837458189
6428.05	0.45079631625418093
6429.71	-0.24402168374581912
6431.38	0.5249074162541811
6433.05	-0.2718911837458191
6434.72	0.446289916254181
6436.39	-0.4501283837458191
6438.05	0.18876671625418107
6439.72	-0.6828563837458191
6441.39	0.10840871625418105
6443.06	-0.6104687837458191
6444.73	0.2356166162541808
6446.39	-0.549001483745819
6448.06	0.2269345162541811
6449.73	-0.514333383745819
6451.4	0.2029426162541808
6453.07	-0.5636154837458188
6454.73	0.13552801625418096
6456.4	-0.6414549637458192
6458.07	0.1732725162541809
6459.74	-0.5406823837458189
6461.4	0.3418893862541809
6463.07	-0.376359183745819
6464.74	0.45555441625418097
6466.41	-0.2530810837458192
6468.08	0.5524263162541809
6469.74	-0.22479538374581903
6471.41	0.5352229162541808
6473.08	-0.3973575937458192
6474.75	0.24444211625418086
6476.42	-0.6663415737458193
6478.08	0.12122791625418097
6479.75	-0.5859345837458191
6481.42	0.31266541625418093
6483.09	-0.4086708837458192
6484.76	0.36250451625418084
6486.42	-0.4938594837458191
6488.09	0.1598361162541809
6489.76	-0.656309883745819
6491.43	0.110682916254181
6493.09	-0.6606420837458191
6494.76	0.1493983162541809
6496.43	-0.5290026837458189
6498.1	0.336786916254181
6499.77	-0.3562491837458191
6501.43	0.4926215162541808
6503.1	-0.2843750237458193
6504.77	0.4220278862541811
6506.44	-0.4316706837458192
6508.11	0.24568561625418087
6509.77	-0.661505352745819
6511.44	-0.010508483745818897
6513.11	-0.8765743837458189
6514.78	-0.17632818374581913
6516.45	-0.9739792837458185
6518.11	-0.2139538437458189
6519.78	-0.9185344237458193
6521.45	-0.11993455374581911
6523.12	-0.9003265837458192
6524.78	-0.18433819474581908
6526.45	-0.8972338837458187
6528.12	-0.09183668374581891
6529.79	-0.8291792837458187
6531.46	-0.011772983745819254
6533.12	-0.6958676837458191
6534.79	0.07748835625418092
6536.46	-0.654124283745819
6538.13	0.08243391625418088
6539.8	-0.6398777837458189
6541.46	0.18702501625418097
6543.13	-0.569666473745819
6544.8	0.1420474962541808
6546.47	-0.7054090837458193
6548.14	-0.04265428374581912
6549.8	-0.7972217837458193
6551.47	0.02442441625418108
6553.14	-0.5579588937458191
6554.81	0.4094216162541809
6556.47	-0.19791698374581915
6558.14	0.5496288162541808
6559.81	-0.2859303837458191
6561.48	0.34678471625418095
6563.15	-0.556989013745819
6564.81	0.09527038625418091
6566.48	-0.7731234837458193
6568.15	-0.04071578374581906
6569.82	-0.796970283745819
6571.49	-0.07515138374581902
6573.15	-0.8895475837458191
6574.82	-0.090168583745819
6576.49	-0.9123874837458192
6578.16	-0.1079284137458191
6579.83	-0.891095583745819
6581.49	-0.05221116374581888
6583.16	-0.771880083745819
6584.83	0.05340422625418082
6586.5	-0.731395383745819
6588.16	0.15977681625418083
6589.83	-0.511012883745819
6591.5	0.41373788625418106
6593.17	-0.20714788374581924
6594.84	0.6140426162541808
6596.5	-0.2459315837458192
6598.17	0.36616951625418104
6599.84	-0.5577621837458189
6601.51	0.18832721625418086
6603.18	-0.448304761745819
6604.84	0.46161549625418086
6606.51	-0.159371583745819
6608.18	0.6849569162541809
6609.85	-0.152036483745819
6611.51	0.513272016254181
6613.18	-0.38138258374581924
6614.85	0.2895446162541809
6616.52	-0.5682813837458188
6618.19	0.07433141625418102
6619.85	-0.8078759837458191
6621.52	-0.08275288374581927
6623.19	-0.8487141837458191
6624.86	-0.027009083745819208
6626.53	-0.7049683837458192
6628.19	0.17383321625418102
6629.86	-0.6030183837458191
6631.53	0.15990361625418098
6633.2	-0.674856383745819
6634.87	-0.004642883745818937
6636.53	-0.842510383745819
6638.2	-0.15593488374581885
6639.87	-1.0275887837458193
6641.54	-0.266103183745819
6643.2	-1.102381583745819
6644.87	-0.2669200837458189
6646.54	-0.9545513837458189
6648.21	-0.12050632374581911
6649.88	-0.7917046837458188
6651.54	0.03056771625418093
6653.21	-0.7976874837458191
6654.88	-0.008108883745818996
6656.55	-0.727320653745819
6658.22	0.16468402625418094
6659.88	-0.48614898374581905
6661.55	0.38451371625418107
6663.22	-0.3745059837458192
6664.89	0.275545216254181
6666.56	-0.7598190037458191
6668.22	-0.26741108374581907
6669.89	-1.2225782137458192
6671.56	-0.571291683745819
6673.23	-1.375256383745819
6674.89	-0.48113098374581914
6676.56	-1.006122783745819
6678.23	-0.019547783745818947
6679.9	-0.5770511837458188
6681.57	0.2662879162541811
6683.23	-0.450174583745819
6684.9	0.37235061625418087
6686.57	-0.41317399374581926
6688.24	0.2651776462541809
6689.91	-0.5564558837458192
6691.57	0.094137416254181
6693.24	-0.800599383745819
6694.91	-0.07526025174581893
6696.58	-0.8785290837458193
6698.25	0.010032416254180849
6699.91	-0.6854328837458192
6701.58	0.068450616254181
6703.25	-0.725015483745819
6704.92	0.0788504162541808
6706.58	-0.723991383745819
6708.25	0.07344227625418108
6709.92	-0.6202493837458192
6711.59	0.2708058562541809
6713.26	-0.359341883745819
6714.92	0.504332186254181
6716.59	-0.2676444337458188
6718.26	0.4994434962541809
6719.93	-0.33846328374581913
6721.6	0.30838871625418096
6723.26	-0.5868438837458192
6724.93	0.04905601625418099
6726.6	-0.9585873837458191
6728.27	-0.42107870374581885
6729.94	-1.336930383745819
6731.6	-0.591075583745819
6733.27	-1.192746383745819
6734.94	-0.19355438374581901
6736.61	-0.6834623837458192
6738.27	0.26039821625418097
6739.94	-0.44372938374581905
6741.61	0.2942956162541811
6743.28	-0.46742638374581896
6744.95	0.30587971625418103
6746.61	-0.4140584837458189
6748.28	0.3366052722541809
6749.95	-0.4864007837458189
6751.62	0.01364321625418088
6753.29	-0.9576424837458193
6754.95	-0.3662046837458187
6756.62	-1.0761118837458192
6758.29	-0.04302098374581914
6759.96	-0.535059083745819
6761.63	0.49500731625418093
6763.29	-0.10454058374581905
6764.96	0.587727046254181
6766.63	-0.2070405637458191
6768.3	0.43892271625418094
6769.96	-0.38234238374581914
6771.63	0.41120911625418105
6773.3	-0.3931518837458191
6774.97	0.34623771625418087
6776.64	-0.3876115837458191
6778.3	0.33807301625418085
6779.97	-0.39462868374581894
6781.64	0.29310591625418114
6783.31	-0.46301682374581904
6784.98	0.372589416254181
6786.64	-0.4723843837458189
6788.31	0.3019688162541808
6789.98	-0.44369908374581896
6791.65	0.289787393254181
6793.31	-0.4220851837458193
6794.98	0.48789471625418096
6796.65	-0.183228403745819
6798.32	0.6995409162541808
6799.99	-0.12423548374581905
6801.65	0.42397191625418074
6803.32	-0.5619943837458192
6804.99	-0.04924868374581912
6806.66	-1.044823383745819
6808.33	-0.3687033837458192
6809.99	-1.242904383745819
6811.66	-0.4794863837458193
6813.33	-1.1254292837458193
6815.0	-0.12486908374581893
6816.67	-0.47819428374581907
6818.33	0.6681288462541809
6820.0	0.22061421625418093
6821.67	1.1141177162541809
6823.34	0.3237340662541811
6825.0	0.9970087162541809
6826.67	-0.005119283745818959
6828.34	0.49785731625418084
6830.01	-0.47172308374581917
6831.68	0.16463351625418093
6833.34	-0.6201824837458192
6835.01	0.1746679162541808
6836.68	-0.42617988374581905
6838.35	0.4123552062541808
6840.02	-0.30970308374581906
6841.68	0.45430757625418094
6843.35	-0.29553988374581897
6845.02	0.44903623625418093
6846.69	-0.32932288374581914
6848.36	0.40506021625418115
6850.02	-0.36161788374581894
6851.69	0.3622680162541808
6853.36	-0.497393683745819
6855.03	0.1402435162541811
6856.69	-0.6974975837458193
6858.36	-0.02226528374581894
6860.03	-0.7694143837458192
6861.7	0.01087381625418098
6863.37	-0.7116803837458192
6865.03	0.06108161625418087
6866.7	-0.7676371837458189
6868.37	-0.08733297374581905
6870.04	-0.870363983745819
6871.71	-0.13677879374581894
6873.37	-0.8244264837458193
6875.04	-0.035858483745819215
6876.71	-0.7635764837458193
6878.38	-0.12898898374581919
6880.05	-0.9951676337458188
6881.71	-0.33573248374581915
6883.38	-1.0466449637458188
6885.05	-0.05114288374581906
6886.72	-0.5822196837458191
6888.38	0.3275778162541809
6890.05	-0.3726742837458193
6891.72	0.22645751625418095
6893.39	-0.6085588537458191
6895.06	0.09024070725418096
6896.72	-0.6902605837458191
6898.39	0.10593661625418105
6900.06	-0.5777363837458193
6901.73	0.26901361625418097
6903.4	-0.31828728374581894
6905.06	0.612823816254181
6906.73	0.017103816254181003
6908.4	0.849660378254181
6910.07	0.05930871625418077
6911.74	0.6450917162541809
6913.4	-0.23698778374581927
6915.07	0.36865941625418086
6916.74	-0.5281382837458193
6918.41	0.23002351625418083
6920.07	-0.5029576837458192
6921.74	0.19373181625418084
6923.41	-0.602021983745819
6925.08	-0.001085383745818924
6926.75	-0.9073030837458191
6928.41	-0.20798948374581902
6930.08	-0.9534321837458188
6931.75	-0.03994150374581908
6933.42	-0.6830196837458189
6935.09	0.03521751625418081
6936.75	-0.8124947837458188
6938.42	-0.17447808374581902
6940.09	-1.0154992837458192
6941.76	-0.23605918374581897
6943.42	-0.8727909837458192
6945.09	0.08401629625418083
6946.76	-0.48372048374581916
6948.43	0.4041371162541809
6950.1	-0.21110908374581916
6951.76	0.5554521162541809
6953.43	-0.21503158374581907
6955.1	0.45639561625418085
6956.77	-0.3637694837458189
6958.44	0.3437854162541809
6960.1	-0.44847928374581925
6961.77	0.280530216254181
6963.44	-0.4908507837458192
6965.11	0.21382231625418094
6966.78	-0.637521383745819
6968.44	0.07612031625418089
6970.11	-0.7018338837458188
6971.78	0.03772881625418103
6973.45	-0.711469883745819
6975.11	0.061226356254180866
6976.78	-0.654760683745819
6978.45	0.19968761625418094
6980.12	-0.5706293837458193
6981.79	0.11360161625418094
6983.45	-0.717972383745819
6985.12	-0.003812083745819028
6986.79	-0.7376587837458191
6988.46	0.1717733162541808
6990.13	-0.45996018374581915
6991.79	0.474560816254181
6993.46	-0.178324983745819
6995.13	0.6342606162541811
6996.8	-0.20139940374581897
6998.47	0.44694761625418106
7000.13	-0.5282346837458187
7001.8	-0.0064185637458191724
7003.47	-1.021906683745819
7005.14	-0.27651858374581917
7006.8	-0.9374131837458192
7008.47	0.07346411625418106
7010.14	-0.40743548374581895
7011.81	0.521807816254181
7013.48	0.0019742162541809714
7015.14	0.741101916254181
7016.81	-0.19793308374581892
7018.48	0.2783763562541809
7020.15	-0.8784063837458189
7021.82	-0.41602951374581904
7023.48	-1.2730467537458192
7025.15	-0.521554183745819
7026.82	-0.9943769837458192
7028.49	0.0285586162541809
7030.16	-0.5345615837458191
7031.82	0.30585321625418105
7033.49	-0.466913243745819
7035.16	0.239691606254181
7036.83	-0.5971232837458191
7038.49	0.04308001625418108
7040.16	-0.776862283745819
7041.83	-0.023590283745819108
7043.5	-0.7413382837458191
7045.17	0.0753694162541809
7046.83	-0.650991933745819
7048.5	0.11956621625418107
7050.17	-0.6317545837458189
7051.84	0.11100871625418093
7053.51	-0.605590983745819
7055.17	0.24626188625418094
7056.84	-0.44294078374581913
7058.51	0.39961431625418103
7060.18	-0.25728868374581904
7061.85	0.561577316254181
7063.51	-0.04813838374581891
7065.18	0.6991716362541809
7066.85	-0.1086564837458189
7068.52	0.5677337162541811
7070.18	-0.2777441837458191
7071.85	0.3803034162541809
7073.52	-0.3841030837458191
7075.19	0.319796736254181
7076.86	-0.43939618374581907
7078.52	0.21392591625418095
7080.19	-0.6648508837458189
7081.86	0.05279071625418097
7083.53	-0.7341096837458192
7085.2	0.14338179625418093
7086.86	-0.393926383745819
7088.53	0.5520616162541809
7090.2	-0.06325568374581925
7091.87	0.6568543162541809
7093.54	-0.31964129374581896
7095.2	0.2779100162541809
7096.87	-0.6236724837458189
7098.54	0.2390810062541811
7100.21	-0.47031408374581896
7101.87	0.261971116254181
7103.54	-0.49324914374581885
7105.21	0.37944081625418097
7106.88	-0.13649588374581917
7108.55	0.9092809362541809
7110.21	0.338221716254181
7111.88	1.125666916254181
7113.55	0.10910361625418064
7115.22	0.5603271162541811
7116.89	-0.4298693837458193
7118.55	0.2228872962541811
7120.22	-0.417223383745819
7121.89	0.40073921625418096
7123.56	-0.3278549837458192
7125.22	0.5209384862541808
7126.89	-0.2769713837458193
7128.56	0.41801574925418095
7130.23	-0.4864302837458191
7131.9	0.008909006254180873
7133.56	-0.9048028837458192
7135.23	-0.22300768374581903
7136.9	-1.022617383745819
7138.57	-0.14451519174581895
7140.24	-0.8116664837458192
7141.9	0.138561916254181
7143.57	-0.5285796837458191
7145.24	0.3338046162541809
7146.91	-0.4640860837458193
7148.58	0.25735191625418097
7150.24	-0.6137039837458192
7151.91	0.07573978625418087
7153.58	-0.7313248837458195
7155.25	0.06702821625418073
7156.91	-0.616703583745819
7158.58	0.2983709162541809
7160.25	-0.5018106837458189
7161.92	0.2440129162541808
7163.59	-0.6242212837458192
7165.25	-0.016975363745819004
7166.92	-0.8144559837458187
7168.59	-0.17993578374581892
7170.26	-1.040540083745819
7171.93	-0.22638528374581912
7173.59	-1.0394965837458194
7175.26	-0.33903265374581915
7176.93	-1.067670283745819
7178.6	-0.29090348674581906
7180.27	-0.913569283745819
7181.93	-0.07059388374581894
7183.6	-0.860883053745819
7185.27	-0.11357818374581914
7186.94	-0.903434483745819
7188.6	-0.3098785337458191
7190.27	-1.187289383745819
7191.94	-0.4574207837458193
7193.61	-1.141197383745819
7195.28	-0.2285693837458192
7196.94	-0.824567883745819
7198.61	0.037647416254180846
7200.28	-0.6291460837458193
7201.95	0.051726716254180814
7203.62	-0.8373622837458189
7205.28	-0.11526648374581898
7206.95	-0.875189183745819
7208.62	-0.08349738374581897
7210.29	-0.8283950837458185
7211.96	-0.10075078374581892
7213.62	-0.9073498837458189
7215.29	-0.2574656837458191
7216.96	-1.100061083745819
7218.63	-0.4178813837458188
7220.29	-1.1963683837458188
7221.96	-0.44965038374581906
7223.63	-1.137711383745819
7225.3	-0.2040822837458193
7226.97	-0.7410433837458189
7228.63	0.20839085625418097
7230.3	-0.280211283745819
7231.97	0.6214652662541811
7233.64	-0.019794883745819013
7235.31	0.7235899162541811
7236.97	-0.11032758374581901
7238.64	0.5314853162541808
7240.31	-0.30517486681581907
7241.98	0.35922061625418095
7243.65	-0.41274848374581924
7245.31	0.311610216254181
7246.98	-0.489455083745819
7248.65	0.2092236162541809
7250.32	-0.5596921837458192
7251.98	0.20733041625418105
7253.65	-0.5020845837458191
7255.32	0.29905011625418076
7256.99	-0.3976187837458189
7258.66	0.4276361162541809
7260.32	-0.290002813745819
7261.99	0.42933261625418107
7263.66	-0.402005983745819
7265.33	0.133985816254181
7267.0	-0.9308884837458191
7268.66	-0.38919438374581894
7270.33	-1.3304278837458192
7272.0	-0.555437683745819
7273.67	-1.1521912837458193
7275.34	-0.20399858374581886
7277.0	-0.7125803837458192
7278.67	0.23747638625418083
7280.34	-0.464733903745819
7282.01	0.43434991625418107
7283.67	-0.298597563745819
7285.34	0.47578611625418094
7287.01	-0.23533670374581867
7288.68	0.45649452625418113
7290.35	-0.44748448374581906
7292.01	0.15334281625418086
7293.68	-0.6979114837458189
7295.35	-0.0360419837458192
7297.02	-0.843124383745819
7298.69	-0.18220138374581915
7300.35	-0.9662403837458189
7302.02	-0.18346818374581897
7303.69	-0.876975483745819
7305.36	0.011757416254181008
7307.02	-0.43152818374581925
7308.69	0.49392581625418097
7310.36	-0.174888783745819
7312.03	0.5650781162541811
7313.7	-0.353974583745819
7315.36	0.290017216254181
7317.03	-0.5912693837458193
7318.7	0.05844831625418081
7320.37	-0.629209483745819
7322.04	0.0980635962541809
7323.7	-0.7563393937458193
7325.37	0.02780941625418105
7327.04	-0.7303913837458189
7328.71	0.09381786625418087
7330.38	-0.531288883745819
7332.04	0.359238936254181
7333.71	-0.20732138374581913
7335.38	0.5992647162541809
7337.05	-0.3273849837458192
7338.71	0.23702551625418108
7340.38	-0.783674683745819
7342.05	-0.186897683745819
7343.72	-0.9153916837458193
7345.39	0.04980681625418117
7347.05	-0.40942238374581913
7348.72	0.5036541162541808
7350.39	-0.14186338374581897
7352.06	0.6308476662541807
7353.73	-0.2005088837458191
7355.39	0.333831086254181
7357.06	-0.6370612237458189
7358.73	-0.11731438374581904
7360.4	-0.9099166737458191
7362.07	-0.13719948374581908
7363.73	-0.6268577837458192
7365.4	0.44519571625418075
7367.07	-0.008781383745819027
7368.74	0.922320132254181
7370.4	0.24729451625418095
7372.07	0.8898019162541809
7373.74	0.03857041625418095
7375.41	0.42631058625418117
7377.08	-0.6369440837458191
7378.74	-0.09052318374581918
7380.41	-1.044202083745819
7382.08	-0.34316298374581905
7383.75	-1.1254988837458189
7385.42	-0.401269183745819
7387.08	-1.0143733837458189
7388.75	-0.185025783745819
7390.42	-0.8683333837458191
7392.09	-0.10720108374581923
7393.76	-1.0468655837458187
7395.42	-0.438700583745819
7397.09	-1.362952383745819
7398.76	-0.6142892837458189
7400.43	-1.255410383745819
7402.09	-0.32371188374581894
7403.76	-1.0029337837458192
7405.43	-0.21637463374581914
7407.1	-0.9643528837458188
7408.77	-0.07052758374581887
7410.43	-0.6672880837458189
7412.1	0.2998676162541809
7413.77	-0.39925768374581894
7415.44	0.35244151625418096
7417.11	-0.6278796837458192
7418.77	-0.05731258374581909
7420.44	-0.9590882837458189
7422.11	-0.26313768374581903
7423.78	-1.1567630837458192
7425.45	-0.511368663745819
7427.11	-1.2970819837458192
7428.78	-0.4024053457458191
7430.45	-0.9759702837458193
7432.12	0.03339661625418089
7433.78	-0.627798383745819
7435.45	0.1662282162541809
7437.12	-0.6332852837458192
7438.79	0.06373932625418094
7440.46	-0.662173233745819
7442.12	0.14188720625418105
7443.79	-0.6237222637458191
7445.46	0.066234516254181
7447.13	-0.7439641837458193
7448.8	-0.059847883745819154
7450.46	-0.8432503837458191
7452.13	-0.0195985837458188
7453.8	-0.6414897837458192
7455.47	0.22963421625418104
7457.14	-0.44626338374581886
7458.8	0.1940660162541809
7460.47	-0.678869183745819
7462.14	-0.1445920937458191
7463.81	-1.1251083837458193
7465.47	-0.40814678374581914
7467.14	-1.023008183745819
7468.81	-0.18947118374581878
7470.48	-0.8762408837458189
7472.15	-0.12957918374581917
7473.81	-0.8629513837458191
7475.48	-0.09196108374581921
7477.15	-0.8279218837458192
7478.82	-0.03037388374581913
7480.49	-0.647945983745819
7482.15	0.15796368625418078
7483.82	-0.679643583745819
7485.49	-0.01147038374581919
7487.16	-0.8574285837458193
7488.82	-0.20159558374581907
7490.49	-1.0709164837458192
7492.16	-0.3762824887458192
7493.83	-1.0851677837458191
7495.5	-0.2476816837458192
7497.16	-0.8886538337458193
7498.83	0.04278471625418088
7500.5	-0.48974348374581905
7502.17	0.480571616254181
7503.84	-0.12924528374581906
7505.5	0.6028388162541809
7507.17	-0.17231048374581887
7508.84	0.3485077162541808
7510.51	-0.5322709837458188
7512.18	0.12811411625418093
7513.84	-0.610217283745819
7515.51	0.14542441625418076
7517.18	-0.5814737837458189
7518.85	0.02487631625418092
7520.51	-0.7847568837458191
7522.18	-0.17793308374581904
7523.85	-0.8772643837458192
7525.52	0.033162016254180846
7527.19	-0.5343210837458191
7528.85	0.4308652162541808
7530.52	-0.05478234374581899
7532.19	0.8276529162541811
7533.86	0.135438416254181
7535.53	0.766131516254181
7537.19	-0.2505523837458191
7538.86	0.11533461625418087
7540.53	-0.9090888837458191
7542.2	-0.421614683745819
7543.87	-1.152435883745819
7545.53	-0.25739708374581893
7547.2	-0.8003889837458191
7548.87	0.1829050762541809
7550.54	-0.342742113745819
7552.2	0.531422616254181
7553.87	-0.21889810374581886
7555.54	0.43561817625418103
7557.21	-0.4259774837458191
7558.88	0.19799161625418105
7560.54	-0.5317789837458188
7562.21	0.187564816254181
7563.88	-0.5189608837458193
7565.55	0.29853501625418083
7567.22	-0.5470989837458189
7568.88	0.21102941625418095
7570.55	-0.5270268837458193
7572.22	0.16501231625418084
7573.89	-0.561955783745819
7575.56	0.15847261625418108
7577.22	-0.5611280837458189
7578.89	0.286592816254181
7580.56	-0.47523068374581917
7582.23	0.303660016254181
7583.89	-0.5014163837458192
7585.56	0.09955201625418106
7587.23	-0.822147583745819
7588.9	-0.16427738374581904
7590.57	-0.9751593837458191
7592.23	-0.09762788374581921
7593.9	-0.799608913745819
7595.57	-0.027015683745818954
7597.24	-0.843429583745819
7598.91	-0.311050003745819
7600.57	-1.322098283745819
7602.24	-0.789203083745819
7603.91	-1.533901183745819
7605.58	-0.5576651837458189
7607.25	-1.032996983745819
7608.91	0.0794317162541811
7610.58	-0.292944383745819
7612.25	0.6918739162541807
7613.92	0.024980916254180863
7615.58	0.6308024162541811
7617.25	-0.3601826837458191
7618.92	0.16180896625418098
7620.59	-0.7796910837458187
7622.26	-0.03319838374581896
7623.92	-0.6357494837458189
7625.59	0.2947889162541811
7627.26	-0.38589204374581915
7628.93	0.35773641625418084
7630.6	-0.4352565837458192
7632.26	0.307524186254181
7633.93	-0.44286918374581924
7635.6	0.23854021625418084
7637.27	-0.513442743745819
7638.94	0.11822071625418103
7640.6	-0.6912402837458191
7642.27	0.06544091625418103
7643.94	-0.681215783745819
7645.61	0.046661016254181176
7647.27	-0.7530755837458192
7648.94	-0.14042108374581905
7650.61	-0.8972236037458188
7652.28	-0.19397271774581898
7653.95	-0.868435083745819
7655.61	-0.08675648374581901
7657.28	-0.918498383745819
7658.95	-0.3840680007458189
7660.62	-1.312768783745819
7662.29	-0.6600666837458189
7663.95	-1.401127683745819
7665.62	-0.570712363745819
7667.29	-1.2793314837458194
7668.96	-0.48994738374581914
7670.62	-1.101102483745819
7672.29	-0.26551378374581935
7673.96	-0.8120555837458191
7675.63	0.028026816254180843
7677.3	-0.7508469837458194
7678.96	0.03718161625418086
7680.63	-0.6497433837458192
7682.3	0.25315151625418075
7683.97	-0.24959338374581908
7685.64	0.642662516254181
7687.3	-0.010753983745819063
7688.97	0.7125449162541809
7690.64	-0.09281488374581907
7692.31	0.5278357162541809
7693.98	-0.38987808374581895
7695.64	0.21213243625418113
7697.31	-0.6343825837458189
7698.98	0.10572118625418088
7700.65	-0.49642858374581883
7702.31	0.4259100762541812
7703.98	-0.18792888374581904
7705.65	0.48742354425418116
7707.32	-0.4236753837458188
7708.99	0.11433331625418106
7710.65	-0.7781666837458191
7712.32	-0.08810878374581899
7713.99	-0.8741264107458189
7715.66	-0.268431683745819
7717.33	-0.9776475837458187
7718.99	-0.46713698374581913
7720.66	-1.2800343837458192
7722.33	-0.5373068837458189
7724.0	-1.1023910937458188
7725.67	-0.15595588374581926
7727.33	-0.617575883745819
7729.0	0.11881161625418105
7730.67	-0.570369933745819
7732.34	-0.14699128374581916
7734.0	-1.2077575837458185
7735.67	-0.769549083745819
7737.34	-1.5471870037458193
7739.01	-0.7093320837458192
7740.68	-1.256432173745819
7742.34	-0.23936800374581924
7744.01	-0.7118879837458192
7745.68	0.1624541562541811
7747.35	-0.626336483745819
7749.02	0.19164601625418082
7750.68	-0.4746651837458189
7752.35	0.263219816254181
7754.02	-0.6440845837458191
7755.69	-0.061190003745818934
7757.36	-1.0824492937458192
7759.02	-0.4596287537458189
7760.69	-1.408577083745819
7762.36	-0.6241609837458191
7764.03	-1.213207383745819
7765.69	-0.48325528374581905
7767.36	-1.1944101837458194
7769.03	-0.38633348374581916
7770.7	-1.0927101837458189
7772.37	-0.18830268374581904
7774.03	-0.7951196837458188
7775.7	0.07876021625418086
7777.37	-0.6620848837458189
7779.04	-0.07670478374581897
7780.71	-0.9749408837458191
7782.37	-0.39225952374581874
7784.04	-1.1071995837458188
7785.71	-0.22114874374581905
7787.38	-0.8172441837458188
7789.05	0.041800236254180924
7790.71	-0.775166483745819
7792.38	-0.143259983745819
7794.05	-0.9873532837458192
7795.72	-0.25202748374581896
7797.38	-0.7964524837458192
7799.05	0.27237861625418097
7800.72	-0.18056198374581894
7802.39	0.750845996254181
7804.06	-0.04467958374581902
7805.72	0.5584019162541809
7807.39	-0.3434399837458191
7809.06	0.1925766862541809
7810.73	-0.7257494837458187
7812.4	-0.11443998374581914
7814.06	-0.9525893837458191
7815.73	-0.2822307837458191
7817.4	-1.0072519837458187
7819.07	-0.10930388374581876
7820.73	-0.6153859837458191
7822.4	0.26863051625418094
7824.07	-0.467997883745819
7825.74	0.16536921625418108
7827.41	-0.6408203837458194
7829.07	0.05577641625418084
7830.74	-0.7220205837458191
7832.41	0.12557741625418117
7834.08	-0.5806695837458189
7835.75	0.142021516254181
7837.41	-0.6346511837458191
7839.08	0.22278573525418094
7840.75	-0.3901354837458192
7842.42	0.526911086254181
7844.09	-0.20343158374581924
7845.75	0.43613742625418095
7847.42	-0.5513877837458191
7849.09	0.004601316254180876
7850.76	-0.988331483745819
7852.42	-0.24197658374581898
7854.09	-0.869440783745819
7855.76	-0.06269097374581911
7857.43	-0.691027813745819
7859.1	0.09452371625418095
7860.76	-0.7271334837458191
7862.43	-0.0200380837458189
7864.1	-0.877054983745819
7865.77	-0.24618678374581923
7867.44	-1.0111458837458192
7869.1	-0.37899773374581913
7870.77	-1.2085142837458185
7872.44	-0.48071461374581936
7874.11	-1.1292838837458188
7875.78	-0.23996188374581884
7877.44	-0.7191695837458192
7879.11	0.15207141625418083
7880.78	-0.6310412837458188
7882.45	-0.06296227374581904
7884.11	-1.0658153837458186
7885.78	-0.47485088374581885
7887.45	-1.2074443837458193
7889.12	-0.4158857837458189
7890.79	-1.1839707837458193
7892.45	-0.5489210837458192
7894.12	-1.4351188837458186
7895.79	-0.8352668837458189
7897.46	-1.5132333837458194
7899.13	-0.519177983745819
7900.79	-0.914425383745819
7902.46	0.10691901625418092
7904.13	-0.5519303237458192
7905.8	0.16029916625418072
7907.47	-0.6608317837458191
7909.13	0.06494491625418115
7910.8	-0.6142076837458189
7912.47	0.21635901625418114
7914.14	-0.4233060837458192
7915.8	0.213250416254181
7917.47	-0.760938083745819
7919.14	-0.23580558374581911
7920.81	-1.1247821837458187
7922.48	-0.35868428374581907
7924.14	-0.8803120837458192
7925.81	0.12157891625418085
7927.48	-0.4391869337458191
7929.15	0.2780661592541809
7930.82	-0.629375383745819
7932.48	-0.04976618374581902
7934.15	-0.8463626537458188
7935.82	-0.07445658374581896
7937.49	-0.686007883745819
7939.16	0.047462616254181
7940.82	-0.8802024237458191
7942.49	-0.31781038374581905
7944.16	-1.203383383745819
7945.83	-0.3125073837458191
7947.49	-0.677307383745819
7949.16	0.45974257625418097
7950.83	-0.09875908374581917
7952.5	0.4929661162541808
7954.17	-0.6438229837458191
7955.83	-0.26715738374581927
7957.5	-1.356242683745819
7959.17	-0.8542403837458188
7960.84	-1.543799783745819
7962.51	-0.556032083745819
7964.17	-1.019945883745819
7965.84	-0.106040583745819
7967.51	-0.7921753837458191
7969.18	-0.12490058374581899
7970.85	-1.2032905937458191
7972.51	-0.7926817837458188
7974.18	-1.596895263745819
7975.85	-0.6894456837458188
7977.52	-1.0803396837458192
7979.18	0.11364201625418098
7980.85	-0.35211018374581887
7982.52	0.652776616254181
7984.19	-0.104986383745819
7985.86	0.5589633092541808
7987.52	-0.2930242837458191
7989.19	0.3489179962541809
7990.86	-0.435555663745819
7992.53	0.39772065625418074
7994.2	-0.2683527837458191
7995.86	0.4617456162541811
7997.53	-0.3804481837458187
7999.2	0.192604086254181
8000.87	-0.881006083745819
8002.53	-0.44772388374581923
8004.2	-1.474827383745819
8005.87	-0.9387277837458192
8007.54	-1.7790278837458193
8009.21	-1.005857883745819
8010.87	-1.5713955837458191
8012.54	-0.518513383745819
8014.21	-0.9140633837458187
8015.88	0.168740316254181
8017.55	-0.4043554837458189
8019.21	0.39435491625418095
8020.88	-0.5867167837458193
8022.55	-0.09060878374581907
8024.22	-1.031305783745819
8025.89	-0.4858008837458191
8027.55	-1.273694593745819
8029.22	-0.562204683745819
8030.89	-1.3150239837458193
8032.56	-0.4992573837458192
8034.22	-1.141868883745819
8035.89	-0.2916796737458192
8037.56	-0.982708027745819
8039.23	-0.3883032837458191
8040.9	-1.2797829837458192
8042.56	-0.6615372837458191
8044.23	-1.449394683745819
8045.9	-0.5889873837458192
8047.57	-1.098702383745819
8049.24	-0.004765583745819213
8050.9	-0.4656514837458191
8052.57	0.415823116254181
8054.24	-0.3046299837458192
8055.91	0.361231836254181
8057.58	-0.6099253837458192
8059.24	-0.087011983745819
8060.91	-0.9158096837458192
8062.58	-0.04758818374581899
8064.25	-0.5864832837458189
8065.91	0.3653759162541808
8067.58	-0.19593538374581904
8069.25	0.6827927162541809
8070.92	-0.016413683745818954
8072.59	0.637507916254181
8074.25	-0.2066239837458191
8075.92	0.28516241625418093
8077.59	-0.736487503745819
8079.26	-0.2582795837458189
8080.93	-1.1210725837458189
8082.59	-0.28186278374581897
8084.26	-0.7355203837458191
8085.93	0.28762637625418097
8087.6	-0.19163028374581909
8089.27	0.5344200162541808
8090.93	-0.35281608374581885
8092.6	0.1492606162541809
8094.27	-0.782455383745819
8095.94	-0.1841573837458191
8097.6	-0.9982862837458191
8099.27	-0.23457292374581903
8100.94	-0.966252433745819
8102.61	-0.19318468374581904
8104.28	-0.7659293197458192
8105.94	0.19617721625418105
8107.61	-0.4819055837458189
8109.28	0.2939823162541809
8110.95	-0.661061983745819
8112.62	-0.157695183745819
8114.28	-1.1766278837458188
8115.95	-0.5704534837458193
8117.62	-1.387531483745819
8119.29	-0.5214644837458191
8120.96	-1.197831683745819
8122.62	-0.42206678374581885
8124.29	-1.0434867837458193
8125.96	-0.1876628337458192
8127.63	-0.738289243745819
8129.29	0.2251434162541809
8130.96	-0.542936383745819
8132.63	0.125686416254181
8134.3	-0.704383483745819
8135.97	-0.08083408374581921
8137.63	-0.8249453837458194
8139.3	-0.09228438374581908
8140.97	-0.7003743837458191
8142.64	0.1962559162541809
8144.31	-0.4839666837458189
8145.97	0.4316666162541808
8147.64	-0.2277157837458194
8149.31	0.6577545162541809
8150.98	-0.09891528374581923
8152.65	0.5236326162541811
8154.31	-0.40864928374581916
8155.98	0.264680316254181
8157.65	-0.654235283745819
8159.32	0.011234116254180826
8160.98	-0.7291980837458192
8162.65	0.05416261625418084
8164.32	-0.7034026837458193
8165.99	0.024757226254180954
8167.66	-0.842731383745819
8169.32	-0.06852926374581916
8170.99	-0.8600400837458192
8172.66	-0.26261558374581895
8174.33	-1.004009983745819
8176.0	-0.3166995837458192
8177.66	-1.057595383745819
8179.33	-0.29514498374581905
8181.0	-0.9148111637458193
8182.67	0.10371471625418098
8184.33	-0.5548815837458192
8186.0	0.27216191625418085
8187.67	-0.3456338837458191
8189.34	0.4699510062541812
8191.01	-0.15316238374581911
8192.67	0.624208449254181
8194.34	-0.1736664837458191
8196.01	0.6997512562541812
8197.68	-0.12257958374581909
8199.35	0.531669816254181
8201.01	-0.21156289374581908
8202.68	0.45241211625418104
8204.35	-0.3984819137458192
8206.02	0.15949301625418094
8207.69	-0.7576777137458192
8209.35	-0.029669883745819293
8211.02	-0.730988783745819
8212.69	0.08045761625418088
8214.36	-0.5655843837458191
8216.02	0.11623811625418105
8217.69	-0.6574193837458191
8219.36	-0.06679588374581916
8221.03	-1.0005599837458194
8222.7	-0.32521088374581925
8224.36	-1.089001083745819
8226.03	-0.25628168374581933
8227.7	-0.801645683745819
8229.37	0.16748321625418106
8231.04	-0.33343688374581915
8232.7	0.7026835162541811
8234.37	0.272606216254181
8236.04	1.2244766162541811
8237.71	0.5122335162541809
8239.38	1.0751296162541812
8241.04	-0.11412918374581907
8242.71	0.234414516254181
8244.38	-0.9081967837458194
8246.05	-0.3816290837458193
8247.71	-1.101716683745819
8249.38	-0.22889688374581896
8251.05	-0.8945434837458193
8252.72	-0.1296439837458189
8254.39	-0.8408844837458194
8256.05	-0.08217478374581914
8257.72	-0.958048183745819
8259.39	-0.35249298374581917
8261.06	-1.3493953837458188
8262.73	-0.7456350837458189
8264.39	-1.4435537837458194
8266.06	-0.6361448837458191
8267.73	-1.2086893837458192
8269.4	-0.21615979374581906
8271.07	-0.9012029937458189
8272.73	-0.1492987837458192
8274.4	-0.7732724837458191
8276.07	0.047827416254180966
8277.74	-0.5659429837458193
8279.4	0.2513083162541811
8281.07	-0.681524743745819
8282.74	-0.17018708374581912
8284.41	-1.242764083745819
8286.08	-0.743041783745819
8287.74	-1.3418103537458195
8289.41	-0.23404596374581899
8291.08	-0.5237400037458191
8292.75	0.4565327162541809
8294.42	-0.27388788374581896
8296.08	0.236218216254181
8297.75	-0.8254652837458188
8299.42	-0.31180208374581897
8301.09	-1.1936753837458187
8302.76	-0.427145583745819
8304.42	-1.057749883745819
8306.09	-0.29177058374581893
8307.76	-0.9271837973458192
8309.43	-0.04254478374581912
8311.09	-0.46183487374581933
8312.76	0.4477942162541808
8314.43	-0.15392598374581928
8316.1	0.6724747162541809
8317.77	-0.19149678374581902
8319.43	0.40943272625418087
8321.1	-0.431068323745819
8322.77	0.24634811625418102
8324.44	-0.31005198374581905
8326.11	0.3494037162541809
8327.77	-0.4302306837458188
8329.44	0.1963250162541809
8331.11	-0.6923269837458188
8332.78	-0.14392718374581887
8334.45	-0.9336675837458192
8336.11	-0.269657683745819
8337.78	-1.0088036837458194
8339.45	-0.2829160275458192
8341.12	-0.9402714937458189
8342.78	-0.022421783745819025
8344.45	-0.4538101537458192
8346.12	0.4335125162541809
8347.79	-0.212327383745819
8349.46	0.503209116254181
8351.12	-0.42389338374581903
8352.79	0.12913161625418104
8354.46	-0.7863632837458188
8356.13	-0.07748278374581904
8357.8	-0.8026675837458189
8359.46	-0.13364238374581905
8361.13	-0.964922483745819
8362.8	-0.277830083745819
8364.47	-1.1344007837458192
8366.13	-0.381705383745819
8367.8	-1.0693388837458186
8369.47	-0.2424604657458192
8371.14	-0.889266083745819
8372.81	-0.13727248374581896
8374.47	-1.031996383745819
8376.14	-0.3272896837458189
8377.81	-1.2042490837458188
8379.48	-0.6319282037458189
8381.15	-1.4040103837458193
8382.81	-0.645422783745819
8384.48	-1.2347199837458187
8386.15	-0.13638893374581917
8387.82	-0.6987001837458191
8389.49	0.197806616254181
8391.15	-0.5227973837458191
8392.82	0.03626951625418107
8394.49	-0.8323263837458189
8396.16	-0.1883992237458191
8397.82	-0.866595683745819
8399.49	0.09158482625418096
8401.16	-0.4802089837458192
8402.83	0.47135531625418076
8404.5	-0.27929454474581916
8406.16	0.36150090625418085
8407.83	-0.47127738374581885
8409.5	0.145125416254181
8411.17	-0.5066104837458191
8412.84	0.47999201625418075
8414.5	-0.184867483745819
8416.17	0.7036132162541808
8417.84	-0.1602873637458193
8419.51	0.4591506362541809
8421.18	-0.3756600837458191
8422.84	0.332781416254181
8424.51	-0.3507116837458192
8426.18	0.4329906162541809
8427.85	-0.4214597837458192
8429.51	0.2543022162541809
8431.18	-0.4424335837458189
8432.85	0.42468238625418075
8434.52	-0.21184208374581925
8436.19	0.547691766254181
8437.85	-0.23824358374581917
8439.52	0.371448616254181
8441.19	-0.6144607937458191
8442.86	-0.07957628374581907
8444.53	-0.982215733745819
8446.19	-0.3323607837458189
8447.86	-0.9722526637458191
8449.53	0.006312646254180976
8451.2	-0.3849076837458193
8452.87	0.7188493162541809
8454.53	0.12525118225418116
8456.2	0.8691360162541809
8457.87	-0.091918083745819
8459.54	0.30874571625418096
8461.2	-0.5288842837458191
8462.87	0.0916175162541811
8464.54	-0.643111283745819
8466.21	0.03526865625418081
8467.88	-0.669256003745819
8469.54	-0.018222283745819134
8471.21	-0.7342091837458188
8472.88	-0.04047418374581903
8474.55	-0.5898775337458191
8476.22	0.19166461625418085
8477.88	-0.5225874837458189
8479.55	0.03434841625418095
8481.22	-0.9625831837458192
8482.89	-0.4899468837458191
8484.56	-1.3067267337458188
8486.22	-0.508987313745819
8487.89	-1.1037051837458192
8489.56	-0.07899808374581903
8491.23	-0.5972904837458192
8492.89	0.256220786254181
8494.56	-0.5288327837458187
8496.23	0.24228731625418104
8497.9	-0.605883183745819
8499.57	0.1701735062541808
8501.23	-0.7296878837458192
8502.9	-0.03920106374581929
8504.57	-0.800674823745819
8506.24	-0.09840523374581914
8507.91	-0.814908783745819
8509.57	0.022121316254180946
8511.24	-0.6999107837458188
8512.91	-0.05690078374581897
8514.58	-1.071640683745819
8516.25	-0.672130383745819
8517.91	-1.6692377837458188
8519.58	-0.8516788837458191
8521.25	-1.383142083745819
8522.92	-0.40834608374581904
8524.58	-0.8124493837458189
8526.25	0.011749916254180981
8527.92	-0.7530961437458189
8529.59	-0.11353416374581893
8531.26	-1.064422183745819
8532.92	-0.5634938837458191
8534.59	-1.4991610837458194
8536.26	-1.052747783745819
8537.93	-1.7971093837458192
8539.6	-0.9963203837458192
8541.26	-1.406251683745819
8542.93	-0.34786208374581873
8544.6	-0.8187928837458192
8546.27	-0.048090983745819174
8547.93	-0.6560280837458189
8549.6	0.017361756254180773
8551.27	-0.5427481837458189
8552.94	0.11479061625418092
8554.61	-0.6403263837458189
8556.27	-0.034965283745818934
8557.94	-0.9990267837458191
8559.61	-0.2968020037458191
8561.28	-0.8861166837458191
8562.95	-0.005707283745819236
8564.61	-0.36149578374581914
8566.28	0.4362836162541811
8567.95	-0.25624358374581885
8569.62	0.4542572162541808
8571.29	-0.32817788374581935
8572.95	0.4985847162541809
8574.62	-0.15717268374581866
8576.29	0.606313306254181
8577.96	-0.12639418374581898
8579.62	0.4413109162541809
8581.29	-0.5123573837458192
8582.96	0.12014351625418093
8584.63	-0.46671638374581903
8586.3	0.5014278662541809
8587.96	0.1231976162541808
8589.63	1.047986676254181
8591.3	0.4340619162541811
8592.97	1.050678316254181
8594.64	0.0028335162541806903
8596.3	0.3627661162541811
8597.97	-0.618076483745819
8599.64	-0.23174238374581888
8601.31	-1.0852603837458192
8602.98	-0.4658457837458192
8604.64	-0.9927283837458191
8606.31	0.037824616254180876
8607.98	-0.6801603837458193
8609.65	0.039051916254181106
8611.31	-0.800676683745819
8612.98	-0.220334583745819
8614.65	-0.9590901437458191
8616.32	-0.13339228374581913
8617.99	-0.659012993745819
8619.65	0.3902519162541808
8621.32	-0.3027825837458191
8622.99	0.4552166162541811
8624.66	-0.6598073837458192
8626.33	-0.18840078374581928
8627.99	-1.3064443837458193
8629.66	-0.8191513837458192
8631.33	-1.5701043837458193
8633.0	-0.5885975837458194
8634.67	-1.1102004837458193
8636.33	-0.07800058374581922
8638.0	-0.9864619837458193
8639.67	-0.30287798374581903
8641.34	-1.1789381437458188
8643.0	-0.5707031837458191
8644.67	-1.4027372837458192
8646.34	-0.7314481837458189
8648.01	-1.4194556837458188
8649.68	-0.604733183745819
8651.34	-1.2444897837458189
8653.01	-0.355551383745819
8654.68	-1.066730883745819
8656.35	-0.3122675837458189
8658.02	-0.930764583745819
8659.68	-0.22740938374581893
8661.35	-0.7167839837458192
8663.02	0.26183932625418105
8664.69	-0.33652108374581896
8666.36	0.4261976162541812
8668.02	-0.4700819837458191
8669.69	0.046136516254180894
8671.36	-0.7966294637458187
8673.03	-0.252547783745819
8674.69	-1.080225683745819
8676.36	-0.31816198374581905
8678.03	-0.9750084037458191
8679.7	-0.1246831837458191
8681.37	-0.731423583745819
8683.03	0.2180052262541808
8684.7	-0.398755383745819
8686.37	0.358106916254181
8688.04	-0.42884438374581924
8689.71	0.24802741625418104
8691.37	-0.5932734837458189
8693.04	0.012902566254181024
8694.71	-0.9091016837458195
8696.38	-0.23291068374581894
8698.04	-1.087590883745819
8699.71	-0.37077143374581906
8701.38	-1.1992238737458187
8703.05	-0.4401682837458189
8704.72	-1.0526262837458191
8706.38	-0.17186302374581905
8708.05	-0.7962745837458189
8709.72	0.280129016254181
8711.39	-0.3650477837458193
8713.06	0.49669971625418097
8714.72	-0.369985083745819
8716.39	0.07524683625418098
8718.06	-0.8435168837458191
8719.73	-0.23471162374581905
8721.4	-1.2270381837458193
8723.06	-0.4180044837458192
8724.73	-1.3313425437458193
8726.4	-0.7883953137458191
8728.07	-1.6468067837458193
8729.73	-1.0269192837458188
8731.4	-1.662377583745819
8733.07	-0.7719318837458193
8734.74	-1.3815240337458192
8736.41	-0.5306117837458191
8738.07	-1.1490650837458194
8739.74	-0.379120783745819
8741.41	-0.9560382837458189
8743.08	-0.04705978374581896
8744.75	-0.6122127837458192
8746.41	-0.029938183745818924
8748.08	-0.729288933745819
8749.75	-0.04310731374581892
8751.42	-0.8348480937458191
8753.09	-0.29917011374581887
8754.75	-1.1030823437458193
8756.42	-0.6012334837458189
8758.09	-1.2544320837458192
8759.76	-0.48382378374581914
8761.42	-1.0633678937458189
8763.09	-0.049073183745818906
8764.76	-0.634532583745819
8766.43	0.08859041625418085
8768.1	-0.596413173745819
8769.76	0.05114621645418094
8771.43	-0.7315384837458192
8773.1	-0.04577648374581913
8774.77	-0.8507103837458191
8776.44	-0.008832313745819009
8778.1	-0.6204145137458189
8779.77	0.3093604162541809
8781.44	-0.38334388374581885
8783.11	0.22123121625418082
8784.78	-0.6800885837458189
8786.44	-0.27572958374581913
8788.11	-1.131819883745819
8789.78	-0.5356832837458189
8791.45	-1.333066283745819
8793.11	-0.6561655837458189
8794.78	-1.4047265837458192
8796.45	-0.684728483745819
8798.12	-1.126257873745819
8799.79	-0.34243728374581905
8801.45	-0.6069568837458191
8803.12	0.3461128162541809
8804.79	-0.10271617374581887
8806.46	0.6927475362541811
8808.13	-0.07809798374581911
8809.79	0.41430601625418095
8811.46	-0.460318383745819
8813.13	-0.19804628374581917
8814.8	-1.113536383745819
8816.47	-0.552531483745819
8818.13	-1.060889383745819
8819.8	-0.0928423037458189
8821.47	-0.5103963837458194
8823.14	0.4751446362541807
8824.8	-0.2946222837458189
8826.47	0.124257016254181
8828.14	-1.0111025837458194
8829.81	-0.723647213745819
8831.48	-1.5322458837458193
8833.14	-0.7039174837458191
8834.81	-1.1944791837458193
8836.48	0.05665292625418099
8838.15	-0.3252305837458189
8839.82	0.46548341625418105
8841.48	-0.27716458374581915
8843.15	0.3257175162541809
8844.82	-0.4960699837458188
8846.49	0.23585941625418094
8848.16	-0.5126219837458192
8849.82	0.21026471625418103
8851.49	-0.7056343837458195
8853.16	-0.44716168374581927
8854.83	-1.577510543745819
8856.49	-1.1811681837458192
8858.16	-2.0749982837458187
8859.83	-1.439787383745819
8861.5	-2.0597183837458184
8863.17	-1.003671146745819
8864.83	-1.220952283745819
8866.5	-0.04029898374581899
8868.17	-0.348358483745819
8869.84	0.4618276362541809
8871.51	-0.5219200337458189
8873.17	-0.193841503745819
8874.84	-1.197428683745819
8876.51	-0.6265943837458188
8878.18	-1.210302583745819
8879.84	-0.47541348374581893
8881.51	-1.0200013607458192
8883.18	-0.21398318374581898
8884.85	-1.0234611837458192
8886.52	-0.3180603837458192
8888.18	-1.0532233837458194
8889.85	-0.39983628374581903
8891.52	-1.047795383745819
8893.19	-0.4081144237458192
8894.86	-0.9433337837458188
8896.52	-0.05925518374581906
8898.19	-0.7147598837458191
8899.86	0.1496302162541811
8901.53	-0.5952694937458192
8903.2	0.07390281625418096
8904.86	-0.8279944837458191
8906.53	-0.35413858774581924
8908.2	-1.119990383745819
8909.87	-0.39486798374581905
8911.53	-1.067558183745819
8913.2	-0.2320625837458191
8914.87	-0.9068171837458191
8916.54	-0.19071787374581892
8918.21	-0.996030283745819
8919.87	-0.3691829837458192
8921.54	-1.1926323837458188
8923.21	-0.5612724837458192
8924.88	-1.320217583745819
8926.55	-0.6593055837458189
8928.21	-1.269763383745819
8929.88	-0.37622168374581905
8931.55	-0.902187083745819
8933.22	-0.008017583745819023
8934.89	-0.6686985837458189
8936.55	-0.07430641074581908
8938.22	-1.030787983745819
8939.89	-0.604988783745819
8941.56	-1.6083848837458188
8943.22	-0.952938383745819
8944.89	-1.534866383745819
8946.56	-0.5567067837458191
8948.23	-0.891465783745819
8949.9	0.17647091625418104
8951.56	-0.4266874837458191
8953.23	0.40560401625418085
8954.9	-0.3210583837458189
8956.57	0.3096516162541811
8958.24	-0.42717738374581893
8959.9	0.28377051625418115
8961.57	-0.504820383745819
8963.24	0.16107361625418082
8964.91	-0.7668142837458192
8966.58	-0.3295385837458191
8968.24	-1.124505083745819
8969.91	-0.5458001837458191
8971.58	-1.0464083837458191
8973.25	-0.13280488374581917
8974.91	-0.700442553745819
8976.58	0.05625901625418086
8978.25	-0.7273349337458188
8979.92	-0.17335198374581903
8981.59	-1.0195816837458191
8983.25	-0.48622328374581925
8984.92	-1.2518826837458188
8986.59	-0.8064060837458191
8988.26	-1.673080083745819
8989.93	-0.8767853637458192
8991.59	-1.456068659745819
8993.26	-0.516759183745819
8994.93	-1.161973283745819
8996.6	-0.44164728374581896
8998.27	-1.198717683745819
8999.93	-0.647274383745819
9001.6	-1.4690222737458192
9003.27	-0.6313157837458193
9004.94	-1.2134508837458189
9006.6	-0.28845803374581885
9008.27	-0.733202183745819
9009.94	0.2657764162541807
9011.61	-0.16053808374581927
9013.28	0.6071654962541808
9014.94	-0.1795145837458188
9016.61	0.5220842162541809
9018.28	-0.29455611374581897
9019.95	0.38830015625418113
9021.62	-0.3558997837458192
9023.28	0.19151601625418083
9024.95	-0.5289843837458188
9026.62	0.1604296162541811
9028.29	-0.5511443837458192
9029.96	0.47286331625418104
9031.62	0.17047051625418108
9033.29	1.315778916254181
9034.96	0.8930156162541808
9036.63	1.6014077162541809
9038.29	0.680761916254181
9039.96	1.078577016254181
9041.63	-0.12859698374581915
9043.3	0.21750721625418096
9044.97	-0.749119083745819
9046.63	-0.16490998374581917
9048.3	-0.9131462837458191
9049.97	-0.24393399374581878
9051.64	-0.9888819837458189
9053.31	-0.37074218374581913
9054.97	-1.056324283745819
9056.64	-0.22919008374581895
9058.31	-0.7928282837458189
9059.98	0.01992011625418111
9061.64	-0.664489383745819
9063.31	-0.11479611454581913
9064.98	-1.0484069837458185
9066.65	-0.6254790837458191
9068.32	-1.526390283745819
9069.98	-0.942165383745819
9071.65	-1.8180343837458188
9073.32	-1.005707383745819
9074.99	-1.5563543837458194
9076.66	-0.48578668374581885
9078.32	-0.948521183745819
9079.99	-0.11980536374581918
9081.66	-0.964032883745819
9083.33	-0.44055868374581875
9085.0	-1.353578883745819
9086.66	-0.596095883745819
9088.33	-1.4128323837458192
9090.0	-0.693487483745819
9091.67	-1.4678302837458188
9093.33	-0.5959503837458191
9095.0	-1.054754083745819
9096.67	-0.03793928374581892
9098.34	-0.5240883837458188
9100.01	0.22631901625418083
9101.67	-0.9201830837458191
9103.34	-0.5787190637458189
9105.01	-1.6723013837458194
9106.68	-0.9868018837458191
9108.35	-1.5747119837458192
9110.01	-0.5799769837458191
9111.68	-0.9761867837458194
9113.35	0.06716841625418105
9115.02	-0.529154383745819
9116.69	0.2751974162541811
9118.35	-0.4686193837458189
9120.02	-0.025867883745819255
9121.69	-0.977211983745819
9123.36	-0.5834830837458189
9125.02	-1.4308423837458188
9126.69	-0.625239383745819
9128.36	-1.055598383745819
9130.03	-0.15091049374581908
9131.7	-0.7443451837458188
9133.36	-0.07551278374581909
9135.03	-0.995325183745819
9136.7	-0.44178988374581907
9138.37	-1.262029713745819
9140.04	-0.531975773745819
9141.7	-1.1112612437458194
9143.37	-0.2762428937458193
9145.04	-1.1125788837458193
9146.71	-0.556986383745819
9148.38	-1.4696163537458193
9150.04	-0.804204783745819
9151.71	-1.351198383745819
9153.38	-0.315522693745819
9155.05	-0.8862613837458193
9156.71	-0.2210447837458193
9158.38	-1.0420691837458191
9160.05	-0.6342482267458189
9161.72	-1.5628478837458195
9163.39	-0.732795483745819
9165.05	-1.225645783745819
9166.72	-0.19655138374581907
9168.39	-0.7450460837458189
9170.06	-0.143884083745819
9171.73	-1.0399683837458187
9173.39	-0.7790413837458188
9175.06	-1.9484973837458193
9176.73	-1.5194790837458192
9178.4	-2.258361083745819
9180.07	-1.2469402837458192
9181.73	-1.5128358837458191
9183.4	-0.3317743837458189
9185.07	-0.610662083745819
9186.74	0.2558286162541807
9188.4	-0.37131678374581895
9190.07	0.12126071625418092
9191.74	-0.8042443837458194
9193.41	-0.40632988374581896
9195.08	-1.350508383745819
9196.74	-0.6366108837458191
9198.41	-1.3445353837458192
9200.08	-0.617643383745819
9201.75	-1.1294628837458194
9203.42	-0.22004490374581903
9205.08	-0.7960793837458187
9206.75	-0.004299403745818808
9208.42	-0.7885096837458192
9210.09	-0.063657883745819
9211.76	-0.7271902937458191
9213.42	-0.011463583745819062
9215.09	-0.7330388737458191
9216.76	0.053104716254180936
9218.43	-0.8300310837458194
9220.09	-0.5974719637458193
9221.76	-1.4791887837458189
9223.43	-0.8931950537458189
9225.1	-1.658110583745819
9226.77	-0.7912785637458193
9228.43	-1.5062009837458192
9230.1	-0.9281685837458191
9231.77	-1.6885280837458194
9233.44	-1.338404295145819
9235.11	-1.9745873837458192
9236.77	-1.0732003837458188
9238.44	-1.6293586837458194
9240.11	-0.7075874837458193
9241.78	-1.2720752837458191
9243.44	-0.530557783745819
9245.11	-1.4471082837458185
9246.78	-0.7455535137458192
9248.45	-1.5592199837458192
9250.12	-0.7011036837458191
9251.78	-1.178161383745819
9253.45	-0.363425183745819
9255.12	-0.9253433837458191
9256.79	-0.08021888374581905
9258.46	-1.046739383745819
9260.12	-0.38660268374581896
9261.79	-1.241065643745819
9263.46	-0.5817013837458189
9265.13	-1.262349383745819
9266.8	-0.4583610837458189
9268.46	-1.057241683745819
9270.13	-0.2817725837458189
9271.8	-0.7640173837458193
9273.47	0.03992351625418087
9275.13	-0.6022527837458194
9276.8	0.11118572525418072
9278.47	-0.8241359837458191
9280.14	-0.3300187027458192
9281.81	-1.1440603837458192
9283.47	-0.559629383745819
9285.14	-1.0673933837458187
9286.81	-0.21580078374581904
9288.48	-0.7408347837458195
9290.15	0.09624631625418094
9291.81	-0.7019122637458188
9293.48	-0.203877913745819
9295.15	-1.1897990837458188
9296.82	-0.6361297437458189
9298.49	-1.324620363745819
9300.15	-0.47926738374581906
9301.82	-1.098491883745819
9303.49	-0.20494238374581908
9305.16	-0.9263051837458196
9306.82	-0.050609783745818884
9308.49	-0.7754383837458192
9310.16	0.2228566162541808
9311.83	-0.4507307837458193
9313.5	0.41433188625418105
9315.16	-0.39700398374581913
9316.83	0.05102811625418095
9318.5	-0.8395578837458192
9320.17	-0.21413788374581894
9321.84	-1.1014723837458191
9323.5	-0.3044453837458191
9325.17	-0.9441520837458194
9326.84	-0.04947108374581908
9328.51	-0.6025012837458188
9330.18	0.07579891625418096
9331.84	-0.5797145837458192
9333.51	0.029274716254180877
9335.18	-0.8982972837458192
9336.85	-0.37119148374581906
9338.51	-1.2246187837458191
9340.18	-0.35924188374581945
9341.85	-0.765550183745819
9343.52	0.4085932162541811
9345.19	0.16545121625418108
9346.85	1.191704236254181
9348.52	0.3932607162541811
9350.19	0.8905070162541809
9351.86	-0.2178373237458191
9353.53	0.1027561722541809
9355.19	-1.1054810837458189
9356.86	-0.6013555937458189
9358.53	-1.4801343837458192
9360.2	-0.7613113837458192
9361.87	-1.369720083745819
9363.53	-0.38520840374581916
9365.2	-0.8877755437458189
9366.87	-0.13724016374581927
9368.54	-1.1740683837458192
9370.2	-0.8877473837458194
9371.87	-1.9437573837458195
9373.54	-1.2857493837458194
9375.21	-1.774086693745819
9376.88	-0.4872900837458194
9378.54	-0.7857360337458188
9380.21	0.023034316254180974
9381.88	-0.9331018137458191
9383.55	-0.7652889837458191
9385.22	-1.8649447837458193
9386.88	-1.289911473745819
9388.55	-1.8915559837458193
9390.22	-0.8560636137458191
9391.89	-1.2804457837458192
9393.56	-0.2581657837458188
9395.22	-0.734116383745819
9396.89	-0.07187458374581909
9398.56	-1.0368863837458193
9400.23	-0.6735613837458191
9401.89	-1.692699383745819
9403.56	-1.2346823837458192
9405.23	-1.935667583745819
9406.9	-0.9882605837458192
9408.57	-1.3218204837458196
9410.23	-0.2274891837458192
9411.9	-0.9204923837458192
9413.57	-0.30212178374581905
9415.24	-1.2067152837458188
9416.91	-0.6377027637458191
9418.57	-1.4322047837458192
9420.24	-0.4953823837458192
9421.91	-0.9304634837458188
9423.58	0.059074216254180814
9425.24	-0.4063771837458189
9426.91	0.42724741625418117
9428.58	-0.2141665837458191
9430.25	0.39768231625418093
9431.92	-0.7119697637458191
9433.58	-0.36814659374581876
9435.25	-1.525245183745819
9436.92	-1.1382135837458192
9438.59	-1.8264939837458187
9440.26	-0.8820992237458188
9441.92	-1.2174044837458193
9443.59	-0.2121247837458191
9445.26	-0.6986741837458188
9446.93	0.24190851625418092
9448.6	-0.36019778374581907
9450.26	0.3858766862541808
9451.93	-0.519837783745819
9453.6	-0.05180221374581902
9455.27	-0.991053983745819
9456.93	-0.48426788374581875
9458.6	-1.116443383745819
9460.27	-0.30917148374581904
9461.94	-1.0661807037458189
9463.61	-0.33928058374581876
9465.27	-1.2566017837458192
9466.94	-0.6702529837458189
9468.61	-1.4098896837458188
9470.28	-0.5971315837458194
9471.95	-1.1865277837458192
9473.61	-0.33166848374581914
9475.28	-1.058489183745819
9476.95	-0.4713509837458192
9478.62	-1.439675983745819
9480.29	-0.9139358837458191
9481.95	-1.8692893837458187
9483.62	-1.1496109837458193
9485.29	-1.7730850837458192
9486.96	-0.876132803745819
9488.62	-1.2783709537458188
9490.29	-0.34983238374581915
9491.96	-0.7369953837458191
9493.63	0.34872730625418114
9495.3	-0.3374067837458191
9496.96	0.1709785162541811
9498.63	-1.108966683745819
9500.3	-0.8409310837458192
9501.97	-1.8981065837458189
9503.64	-1.0364372637458192
9505.3	-1.4634031837458195
9506.97	-0.21271318374581877
9508.64	-0.7908295337458191
9510.31	-0.11548738374581904
9511.98	-1.1552063837458189
9513.64	-0.45312238374581904
9515.31	-1.2514146837458189
9516.98	-0.23826658374581897
9518.65	-0.7544106837458189
9520.31	0.21593461625418114
9521.98	-0.544653683745819
9523.65	0.0994827162541811
9525.32	-0.9496918837458193
9526.99	-0.41416538374581896
9528.65	-1.345209883745819
9530.32	-0.7669025337458193
9531.99	-1.4618523037458193
9533.66	-0.5515567837458193
9535.33	-1.250406983745819
9536.99	-0.502280783745819
9538.66	-1.3986144837458192
9540.33	-0.863341483745819
9542.0	-1.6539851837458186
9543.67	-0.709944683745819
9545.33	-1.1508480837458193
9547.0	-0.04606808374581921
9548.67	-0.580209683745819
9550.34	0.05544866625418097
9552.0	-0.780804683745819
9553.67	-0.258862183745819
9555.34	-1.266714083745819
9557.01	-0.8081737837458192
9558.68	-1.8595546837458188
9560.34	-1.3405835837458189
9562.01	-1.9710120237458189
9563.68	-0.8020127837458191
9565.35	-1.0407556837458187
9567.02	-0.008816083745819058
9568.68	-0.749338183745819
9570.35	-0.37164518374581934
9572.02	-1.2712414837458188
9573.69	-0.7002718137458193
9575.35	-1.325609383745819
9577.02	-0.27033168374581895
9578.69	-0.851858883745819
9580.36	-0.10783738374581901
9582.03	-1.0461557837458193
9583.69	-0.5649756837458189
9585.36	-1.228718883745819
9587.03	-0.4061733837458189
9588.7	-0.839005383745819
9590.37	0.11253091625418107
9592.03	-0.3454243837458192
9593.7	0.786325416254181
9595.37	0.10992011625418074
9597.04	1.0313019162541814
9598.71	0.37647631625418115
9600.37	0.9438866162541808
9602.04	0.03210079625418114
9603.71	0.49918871625418104
9605.38	-0.437800403745819
9607.04	0.6169635462541813
9608.71	0.03553437625418089
9610.38	0.838514416254181
9612.05	0.2680367162541809
9613.72	1.0250393162541809
9615.38	0.03293809625418085
9617.05	0.5178895162541807
9618.72	-0.701283383745819
9620.39	-0.40680838374581924
9622.06	-1.372496783745819
9623.72	-1.028736383745819
9625.39	-1.8512317837458194
9627.06	-0.8871095837458188
9628.73	-1.4258034837458193
9630.4	-0.2449294377458191
9632.06	-0.6747620267458191
9633.73	0.18349668625418084
9635.4	-0.6686405837458189
9637.07	-0.2697114837458191
9638.73	-1.303047383745819
9640.4	-0.6829478837458189
9642.07	-1.545641883745819
9643.74	-0.7825634837458189
9645.41	-1.498340383745819
9647.07	-0.7325510837458193
9648.74	-1.465112383745819
9650.41	-0.709675383745819
9652.08	-1.425134883745819
9653.75	-0.8369305837458191
9655.41	-1.7312171837458195
9657.08	-1.179787142745819
9658.75	-1.731462383745819
9660.42	-0.9858831337458186
9662.09	-1.687064683745819
9663.75	-0.940426883745819
9665.42	-1.531029383745819
9667.09	-0.5778711837458193
9668.76	-0.8986557837458193
9670.42	0.132419326254181
9672.09	-0.38751968374581913
9673.76	0.1593456162541808
9675.43	-0.8981878837458191
9677.1	-0.5064529837458192
9678.76	-1.3822157837458189
9680.43	-0.6113944837458191
9682.1	-1.0696941837458191
9683.77	0.11469051625418088
9685.44	-0.442865683745819
9687.1	0.09734321625418083
9688.77	-0.8492743837458189
9690.44	-0.4447657437458189
9692.11	-1.3296446837458191
9693.78	-0.5506838837458192
9695.44	-1.2297823837458193
9697.11	-0.4979883837458191
9698.78	-1.276116383745819
9700.45	-0.7126843837458193
9702.11	-1.460199383745819
9703.78	-0.6035861837458192
9705.45	-1.1522280837458188
9707.12	-0.19180018374581884
9708.79	-0.759398683745819
9710.45	-0.06843744675581923
9712.12	-0.6550905837458189
9713.79	0.015994416254180965
9715.46	-0.7437177837458188
9717.13	0.11034671625418122
9718.79	-0.571883883745819
9720.46	0.21866123625418074
9722.13	-0.31626628374581917
9723.8	0.3432866162541809
9725.47	-0.13208123374581907
9727.13	0.6655677162541808
9728.8	-0.12028298374581925
9730.47	0.6238120162541811
9732.14	-0.2762478837458191
9733.8	0.09658481625418092
9735.47	-0.7454223837458192
9737.14	-0.17409968374581908
9738.81	-0.9261757837458191
9740.48	-0.1651919837458189
9742.14	-1.011592883745819
9743.81	-0.19141911374581896
9745.48	-0.8994423837458194
9747.15	-0.23314138374581903
9748.82	-0.9459333837458193
9750.48	-0.17863988374581902
9752.15	-0.901625743745819
9753.82	0.03194111625418059
9755.49	-0.7656169837458193
9757.15	-0.03191278374581898
9758.82	-0.909293383745819
9760.49	-0.5991633837458192
9762.16	-1.653531383745819
9763.83	-1.1651163837458187
9765.49	-2.084331383745819
9767.16	-1.429684383745819
9768.83	-2.00214338374582
9770.5	-0.9927583837458194
9772.17	-1.4801083837458193
9773.83	-0.5232064837458191
9775.5	-1.1214283837458192
9777.17	-0.4306211837458191
9778.84	-1.0986563837458192
9780.51	-0.506796083745819
9782.17	-1.0197627837458192
9783.84	0.06822051625418099
9785.51	-0.6639997837458191
9787.18	-0.09167308374581902
9788.84	-1.0809483837458194
9790.51	-0.808525383745819
9792.18	-1.8383495837458188
9793.85	-1.056165583745819
9795.52	-1.4774524837458194
9797.18	-0.04155538374581904
9798.85	-0.2651057837458193
9800.52	0.7867659162541807
9802.19	0.1304440162541809
9803.86	0.6217085162541809
9805.52	-0.6008499437458192
9807.19	-0.19024798374581886
9808.86	-1.1845637837458187
9810.53	-0.423624983745819
9812.2	-0.9796413837458193
9813.86	-0.29629047774581896
9815.53	-0.8270349837458191
9817.2	-0.06933998374581891
9818.87	-0.670884483745819
9820.53	0.24743297425418082
9822.2	-0.4075295837458192
9823.87	0.2818348162541807
9825.54	-0.495569823745819
9827.21	-0.0797198837458191
9828.87	-0.7536912837458194
9830.54	0.014115916254180983
9832.21	-0.3966581637458191
9833.88	0.44069181625418097
9835.55	-0.42356039374581905
9837.21	0.10867041625418095
9838.88	-0.9639724837458192
9840.55	-0.44265108374581885
9842.22	-1.1676343837458192
9843.89	-0.5066123837458189
9845.55	-1.2093373837458192
9847.22	-0.5628443837458187
9848.89	-1.523873583745819
9850.56	-0.8108219747458193
9852.22	-1.275995483745819
9853.89	-0.03040318374581934
9855.56	-0.2562640837458191
9857.23	0.808460446254181
9858.9	0.22328221625418085
9860.56	0.852129416254181
9862.23	-0.15095438374581885
9863.9	0.2446171162541811
9865.57	-0.6515792837458191
9867.24	-0.20571548374581888
9868.9	-1.160471283745819
9870.57	-0.8566832537458188
9872.24	-1.670876333745819
9873.91	-0.9629096637458187
9875.58	-1.5753188837458194
9877.24	-0.5832296837458193
9878.91	-1.1295379837458193
9880.58	-0.36851901974581897
9882.25	-1.0050544837458188
9883.91	-0.29175988374581924
9885.58	-0.947850383745819
9887.25	-0.2750890837458192
9888.92	-1.2121632837458185
9890.59	-0.585645283745819
9892.25	-1.5990973837458191
9893.92	-1.0505741837458191
9895.59	-2.0433299837458194
9897.26	-1.4550632637458185
9898.93	-2.1730362837458186
9900.59	-1.4107395837458192
9902.26	-1.8013270837458186
9903.93	-0.736516883745819
9905.6	-1.2987599837458188
9907.27	-0.36724036374581914
9908.93	-1.1175343837458194
9910.6	-0.1902883837458192
9912.27	-0.5697829837458189
9913.94	0.41342861625418104
9915.6	0.0005911462541808632
9917.27	0.832416956254181
9918.94	0.04739941625418091
9920.61	0.673930616254181
9922.28	-0.42808198374581946
9923.94	-0.14004708374581892
9925.61	-1.292339283745819
9927.28	-1.0250273837458188
9928.95	-2.1041464837458195
9930.62	-1.4563356837458188
9932.28	-2.042922383745819
9933.95	-1.117714783745819
9935.62	-1.451618483745819
9937.29	-0.5227324837458189
9938.95	-1.0263959837458192
9940.62	-0.19351738374581917
9942.29	-1.0020433837458191
9943.96	-0.3818226837458193
9945.63	-1.2113184837458193
9947.29	-0.8505736837458187
9948.96	-1.5091015837458193
9950.63	-0.8782677837458189
9952.3	-1.313808883745819
9953.97	-0.20755028374581905
9955.63	-0.5004457837458188
9957.3	0.49018991625418107
9958.97	-0.16054018374581927
9960.64	0.30703491625418095
9962.31	-0.31908968374581925
9963.97	0.4152173162541809
9965.64	-0.05976538374581904
9967.31	0.9822951162541811
9968.98	0.5203865162541808
9970.64	1.115024316254181
9972.31	0.16780001625418112
9973.98	0.495966816254181
9975.65	-0.598375483745819
9977.32	-0.09552938374581914
9978.98	-0.8434644837458194
9980.65	-0.10950898374581888
9982.32	-0.7268899437458188
9983.99	0.10059841625418083
9985.66	-0.526595283745819
9987.32	0.340074416254181
9988.99	-0.384822383745819
9990.66	0.29038471625418094
9992.33	-0.4594155437458191
9994.0	0.20152410625418105
9995.66	-0.37878208374581923
9997.33	0.572805816254181
9999.0	-0.08425918374581917
10000.7	0.655142316254181
10002.3	-0.18944348374581885
10004.0	0.40373241625418094
10005.7	-0.41549028374581914
10007.3	0.00789711625418108
10009.0	-0.8245145837458189
10010.7	-0.20128248374581922
10012.3	-1.2003374837458192
10014.0	-0.495981383745819
10015.7	-0.8945473837458188
10017.3	0.15882041625418078
10019.0	-0.06421038374581949
10020.7	0.7847565162541811
10022.3	0.12502921625418079
10024.0	0.6522198362541809
10025.7	-0.47547210374581894
10027.4	-0.33350698374581916
10029.0	-1.3370156837458194
10030.7	-0.6708386837458191
10032.4	-1.2942092837458188
10034.0	-0.523716483745819
10035.7	-1.2484763837458193
10037.4	-0.6619699837458191
10039.0	-1.5238495837458192
10040.7	-0.9577341837458192
10042.4	-1.6106886837458188
10044.0	-0.3772083837458192
10045.7	-0.6342710837458194
10047.4	0.351770816254181
10049.0	-0.35840208374581894
10050.7	0.27291991625418077
10052.4	-0.8807842837458191
10054.0	-0.740777183745819
10055.7	-1.9916183837458188
10057.4	-1.5125923837458188
10059.0	-2.2492053837458186
10060.7	-1.3087273837458189
10062.4	-1.7221429837458195
10064.0	-0.6466752837458188
10065.7	-1.118458483745819
10067.4	-0.47776468374581915
10069.1	-1.418118883745819
10070.7	-0.9326491837458188
10072.4	-1.7722010837458189
10074.1	-1.041277083745819
10075.7	-1.5694443837458194
10077.4	-0.6653981837458189
10079.1	-1.0949707837458191
10080.7	-0.37489018374581917
10082.4	-1.260927883745819
10084.1	-0.832203283745819
10085.7	-1.5400618837458195
10087.4	-0.7552049837458188
10089.1	-1.0577403337458193
10090.7	0.15011661625418116
10092.4	-0.13503130174581898
10094.1	0.8470336162541813
10095.7	-0.05522718374581894
10097.4	0.22426351625418098
10099.1	-0.935434783745819
10100.7	-0.8749967837458191
10102.4	-1.9262535837458192
10104.1	-1.3849491837458194
10105.7	-2.298978683745819
10107.4	-1.5107260837458194
10109.1	-2.099965983745819
10110.7	-1.261701683745819
10112.4	-1.568305383745819
10114.1	-0.5025923837458192
10115.8	-0.8211593837458194
10117.4	0.1372752162541811
10119.1	-0.6616841337458192
10120.8	-0.25495484374581906
10122.4	-1.2617680537458191
10124.1	-0.9030693837458191
10125.8	-1.6503077837458193
10127.4	-0.9564957737458192
10129.1	-1.4092153837458188
10130.8	-0.45662298374581917
10132.4	-0.9480473837458195
10134.1	-0.3568155837458192
10135.8	-1.2413112837458187
10137.4	-0.6861714837458193
10139.1	-1.3263121837458187
10140.8	-0.5784568637458192
10142.4	-1.009915883745819
10144.1	0.04514847625418104
10145.8	-0.4007763837458187
10147.4	0.3112390162541809
10149.1	-0.535735383745819
10150.8	0.11506746625418114
10152.4	-0.704012829745819
10154.1	-0.2654880737458193
10155.8	-1.1814810837458192
10157.4	-0.47477301374581893
10159.1	-1.222710783745819
10160.8	-0.4916040337458192
10162.5	-1.2847712837458194
10164.1	-0.6613434137458191
10165.8	-1.3917244837458196
10167.5	-0.8492024837458191
10169.1	-1.5214962837458188
10170.8	-0.553031283745819
10172.5	-1.2152037837458194
10174.1	-0.514523083745819
10175.8	-1.3236543837458192
10177.5	-0.760583283745819
10179.1	-1.5900962837458192
10180.8	-0.9867462837458192
10182.5	-1.769092283745819
10184.1	-1.0839591837458191
10185.8	-1.9860704837458194
10187.5	-1.6208271837458188
10189.1	-2.4371529837458192
10190.8	-1.7302795837458191
10192.5	-2.2839229837458186
10194.1	-1.2376672837458191
10195.8	-1.2499967737458189
10197.5	0.06512851625418112
10199.1	-0.20872573374581932
10200.8	0.572106616254181
10202.5	-0.13417537374581903
10204.1	0.28935111625418075
10205.8	-0.5166413837458187
10207.5	0.21828605625418085
10209.2	-0.2638463637458189
10210.8	0.6210217162541809
10212.5	-0.20789618374581892
10214.2	0.21329121625418104
10215.8	-0.838419983745819
10217.5	-0.355195483745819
10219.2	-1.1029909837458192
10220.8	-0.01978368374581896
10222.5	-0.505255010745819
10224.2	0.393420256254181
10225.8	-0.5245350537458194
10227.5	-0.00850078374581913
10229.2	-1.0668355837458194
10230.8	-0.5584599837458187
10232.5	-1.3648872837458192
10234.2	-0.42790140374581914
10235.8	-0.876546883745819
10237.5	0.050104716254181135
10239.2	-0.6275509837458191
10240.8	-0.02673038374581922
10242.5	-0.8009933837458192
10244.2	-0.400952383745819
10245.8	-1.2374999837458194
10247.5	-0.46193193374581887
10249.2	-1.1041654837458192
10250.9	-0.42145708374581903
10252.5	-0.8482168837458192
10254.2	-0.306129813745819
10255.9	-0.962279083745819
10257.5	-0.445844883745819
10259.2	-1.4727359837458192
10260.9	-0.9272395837458192
10262.5	-1.762243383745819
10264.2	-1.1029554437458189
10265.9	-1.2746233837458196
10267.5	-0.16945681374581928
10269.2	-0.33700238374581903
10270.9	0.7585023162541811
10272.5	0.28072566625418094
10274.2	0.829164316254181
10275.9	-0.240558083745819
10277.5	0.040643016254180916
10279.2	-0.9405642837458192
10280.9	-0.31761493474581914
10282.5	-0.750901783745819
10284.2	0.12388311625418107
10285.9	-0.4189193837458192
10287.5	0.261445116254181
10289.2	-0.44523778374581885
10290.9	0.465784216254181
10292.5	-0.17175638374581848
10294.2	0.527210616254181
10295.9	-0.5313935537458192
10297.6	-0.17284175374581914
10299.2	-1.303142183745819
10300.9	-0.7333017837458191
10302.6	-1.1161822837458188
10304.2	0.29415381625418124
10305.9	0.12538201625418083
10307.6	1.163671916254181
10309.2	0.22391161625418105
10310.9	0.6430895162541811
10312.6	-0.601104283745819
10314.2	-0.289717183745819
10315.9	-0.9788793837458192
10317.6	-0.022083783745818895
10319.2	-0.4738072837458187
10320.9	0.08339828625418129
10322.6	-0.9744442837458195
10324.2	-0.5342493837458189
10325.9	-1.3974352837458193
10327.6	-0.5820554837458193
10329.2	-0.8632775837458192
10330.9	0.2169196162541808
10332.6	-0.22092322274581905
10334.2	0.545176416254181
10335.9	-0.08452398374581915
10337.6	0.7380504262541809
10339.2	0.08334761625418094
10340.9	0.6744664162541808
10342.6	-0.3519930837458192
10344.3	0.094102816254181
10345.9	-1.1645347837458195
10347.6	-0.8984203837458192
10349.3	-1.875500383745819
10350.9	-1.4065020837458193
10352.6	-2.047897283745819
10354.3	-1.034474083745819
10355.9	-1.4458337837458193
10357.6	-0.34631638374581886
10359.3	-0.961936383745819
10360.9	-0.27727688374581916
10362.6	-1.0994339837458191
10364.3	-0.43602098374581927
10365.9	-0.9310135837458189
10367.6	0.06538771625418102
10369.3	-0.302786883745819
10370.9	0.402536616254181
10372.6	-0.46047558374581926
10374.3	-0.2327777837458191
10375.9	-1.212673443745819
10377.6	-0.7321181837458189
10379.3	-1.3516455837458188
10380.9	-0.544040383745819
10382.6	-1.156610143745819
10384.3	-0.49017868374581897
10385.9	-1.120949583745819
10387.6	-0.5822709837458188
10389.3	-1.121374583745819
10391.0	-0.3694444837458189
10392.6	-0.9314208837458194
10394.3	-0.048522483745819175
10396.0	-0.7374924837458192
10397.6	-0.08827258374581903
10399.3	-0.8774656837458192
10401.0	-0.32032948374581915
10402.6	-0.9864126837458189
10404.3	-0.189231683745819
10406.0	-0.715367523745819
10407.6	-0.034657583745818954
10409.3	-0.569735383745819
10411.0	0.20302601625418096
10412.6	-0.26254748374581893
10414.3	0.4655715162541812
10416.0	-0.4795333837458192
10417.6	-0.3878658837458191
10419.3	-1.5896713837458194
10421.0	-1.5090555837458193
10422.6	-2.288544783745819
10424.3	-1.344850383745819
10426.0	-1.868985683745819
10427.6	-1.0327723837458191
10429.3	-1.7799443837458189
10431.0	-1.2445656837458192
10432.7	-2.208653483745819
10434.3	-1.6060385737458192
10436.0	-2.44865168374582
10437.7	-1.6290875837458187
10439.3	-2.1751945837458186
10441.0	-0.9792188837458188
10442.7	-1.1241114837458188
10444.3	0.058650316254181024
10446.0	-0.6504374837458193
10447.7	-0.012618483745819175
10449.3	-0.9813218837458191
10451.0	-0.47459998374581913
10452.7	-1.0832844837458189
10454.3	-0.1742296837458191
10456.0	-0.5738389837458191
10457.7	0.13929881625418122
10459.3	-0.7979773237458192
10461.0	-0.424928383745819
10462.7	-1.289914183745819
10464.3	-0.6845370837458192
10466.0	-1.1610803837458188
10467.7	-0.28751938374581887
10469.3	-0.8090893837458193
10471.0	-0.13423958374581915
10472.7	-0.8727834837458193
10474.3	-0.49275308374581905
10476.0	-1.405975383745819
10477.7	-0.773715783745819
10479.4	-1.4570477837458191
10481.0	-0.5912030837458192
10482.7	-1.0997086537458194
10484.4	-0.4696263837458187
10486.0	-1.325754383745819
10487.7	-0.971615973745819
10489.4	-1.8803986837458193
10491.0	-1.117613583745819
10492.7	-1.6988277837458192
10494.4	-0.7336417837458192
10496.0	-1.4073327837458196
10497.7	-0.649834683745819
10499.4	-1.2606097837458192
10501.0	-0.5229417037458189
10502.7	-0.9091432837458189
10504.4	0.06417732625418093
10506.0	-0.46019138374581897
10507.7	0.280099746254181
10509.4	-0.6350842837458194
10511.0	-0.23087438374581898
10512.7	-1.407184983745819
10514.4	-1.1506827637458195
10516.0	-2.2721016837458192
10517.7	-1.815820883745819
10519.4	-2.532985713745819
10521.0	-1.748428383745819
10522.7	-2.203640583745819
10524.4	-1.1289163837458187
10526.1	-1.7540243837458191
10527.7	-0.6853157837458191
10529.4	-1.070095383745819
10531.1	-0.09256718374581918
10532.7	-0.5260431937458191
10534.4	0.330421616254181
10536.1	-0.37630071374581886
10537.7	0.24590041625418085
10539.4	-0.7385204837458189
10541.1	-0.2757513837458189
10542.7	-1.1868350837458195
10544.4	-0.6958827837458189
10546.1	-1.413753583745819
10547.7	-0.6928561337458189
10549.4	-0.9927600937458193
10551.1	0.3200616262541808
10552.7	0.05282065425418092
10554.4	1.2465746162541806
10556.1	0.564650416254181
10557.7	1.001479416254181
10559.4	0.022110816254181032
10561.1	0.32453801625418094
10562.7	-0.5964871837458191
10564.4	0.16493141625418098
10566.1	-0.5294657837458189
10567.7	0.2500888162541807
10569.4	-0.43505715374581877
10571.1	0.234680816254181
10572.8	-0.38097228374581915
10574.4	0.29351571625418094
10576.1	-0.3282066837458191
10577.8	0.3945996162541807
10579.4	-0.13489418374581894
10581.1	0.8268704262541811
10582.8	0.22907991625418084
10584.4	0.823698816254181
10586.1	0.03783281625418085
10587.8	0.451796616254181
10589.4	-0.3451703117458191
10591.1	0.453101116254181
10592.8	-0.008406383745819168
10594.4	0.9573277162541812
10596.1	0.29265391625418113
10597.8	0.634972016254181
10599.4	-0.542000183745819
10601.1	-0.43575374374581893
10602.8	-1.3895133837458193
10604.4	-0.851071683745819
10606.1	-1.314037983745819
10607.8	-0.3232296837458192
10609.4	-0.7753594537458189
10611.1	0.033747516254181154
10612.8	-0.5822738837458191
10614.5	-0.045480533745819084
10616.1	-0.874028083745819
10617.8	-0.38234308374581916
10619.5	-0.9828914837458189
10621.1	-0.4053606837458193
10622.8	-1.2015179437458194
10624.5	-0.8059954837458188
10626.1	-1.8588448837458187
10627.8	-1.3300055837458191
10629.5	-2.0481103837458194
10631.1	-1.1682606837458187
10632.8	-1.380574683745819
10634.5	-0.516461883745819
10636.1	-1.292067383745819
10637.8	-0.806535383745819
10639.5	-1.8731018837458193
10641.1	-1.2134704837458192
10642.8	-1.597072083745819
10644.5	-0.7120019837458192
10646.1	-1.2348796837458191
10647.8	-0.2837962837458191
10649.5	-0.9215209837458191
10651.1	-0.14495378374581896
10652.8	-1.0585716837458192
10654.5	-0.803733383745819
10656.1	-1.6245657837458194
10657.8	-1.2191494837458194
10659.5	-2.0995055837458194
10661.2	-1.094960383745819
10662.8	-1.626000383745819
10664.5	-0.682166383745819
10666.2	-1.299669583745819
10667.8	-0.838805183745819
10669.5	-1.6104963837458186
10671.2	-1.0966956837458188
10672.8	-1.8848343837458192
10674.5	-0.847212933745819
10676.2	-1.3240574837458188
10677.8	-0.36644708374581925
10679.5	-0.8414771837458191
10681.2	0.06427217625418091
10682.8	-0.5172047137458191
10684.5	0.2613965762541811
10686.2	-0.34404458374581903
10687.8	0.38818061625418093
10689.5	-0.574793383745819
10691.2	-0.28437538374581905
10692.8	-1.4320217837458191
10694.5	-0.9056681837458189
10696.2	-1.661642883745819
10697.8	-0.9153758337458189
10699.5	-1.421254083745819
10701.2	-0.5476943837458188
10702.8	-1.414242583745819
10704.5	-0.8605783837458189
10706.2	-1.8176003837458192
10707.9	-1.2858513837458192
10709.5	-2.024535383745819
10711.2	-1.161558283745819
10712.9	-1.5388230837458192
10714.5	-0.49673658374581925
10716.2	-1.025106783745819
10717.9	-0.05772015374581909
10719.5	-0.700948083745819
10721.2	0.1393492162541806
10722.9	-0.727906683745819
10724.5	-0.14440342534581885
10726.2	-1.066276353745819
10727.9	-0.6046208837458189
10729.5	-1.3993274837458196
10731.2	-0.5606120837458188
10732.9	-1.0677640537458186
10734.5	0.004798416254180848
10736.2	-0.721763383745819
10737.9	-0.02894849374581896
10739.5	-0.9909599837458192
10741.2	-0.7587830837458192
10742.9	-1.8083827837458188
10744.5	-1.3622472837458193
10746.2	-2.229850383745819
10747.9	-1.4459996237458193
10749.5	-2.2548113837458184
10751.2	-1.5482088837458194
10752.9	-2.389983883745819
10754.6	-1.7846919237458188
10756.2	-2.39737538374582
10757.9	-1.570261983745819
10759.6	-1.8718903837458192
10761.2	-0.874266283745819
10762.9	-1.5090876837458187
10764.6	-0.860548583745819
10766.2	-1.6587553837458189
10767.9	-1.1020873837458194
10769.6	-1.673154383745819
10771.2	-0.9140868837458189
10772.9	-1.4070743837458193
10774.6	-0.3274966837458192
10776.2	-0.646114383745819
10777.9	0.368499358654181
10779.6	-0.03194788374581901
10781.2	0.577996316254181
10782.9	-0.5663164837458193
10784.6	-0.2326933837458191
10786.2	-1.2516436837458191
10787.9	-0.4312378837458189
10789.6	-0.9344523837458191
10791.2	-0.162899383745819
10792.9	-0.9669733837458192
10794.6	-0.6920500837458191
10796.3	-1.9347426837458195
10797.9	-1.5992205837458193
10799.6	-2.468322383745819
10801.3	-1.4686587837458194
10802.9	-1.9527227837458192
10804.6	-1.233651983745819
10806.3	-1.9788772837458193
10807.9	-1.3774174137458193
10809.6	-1.9529274837458188
10811.3	-0.8421393837458193
10812.9	-1.0011589837458188
10814.6	0.4513715962541811
10816.3	0.06462361625418103
10817.9	0.718152616254181
10819.6	-0.08027198374581893
10821.3	0.35170501625418116
10822.9	-0.5672654837458193
10824.6	-0.09111898374581898
10826.3	-0.982042083745819
10827.9	-0.21213438374581925
10829.6	-0.8889928837458193
10831.3	-0.4566908837458188
10832.9	-1.0610532837458186
10834.6	-0.3893568537458191
10836.3	-1.1830668837458194
10837.9	-0.393511483745819
10839.6	-1.1703324837458193
10841.3	-0.516505283745819
10843.0	-1.302486683745819
10844.6	-0.9918890737458191
10846.3	-1.4135338837458193
10848.0	-0.3852646837458192
10849.6	-0.6836399837458189
10851.3	0.6342316162541808
10853.0	0.101830616254181
10854.6	0.7308416162541806
10856.3	-0.07937048374581876
10858.0	0.2589655162541811
10859.6	-0.5605843837458191
10861.3	-0.08892508374581878
10863.0	-1.0528016837458192
10864.6	-0.22243728374581911
10866.3	-0.9995995837458189
10868.0	-0.1968681874458189
10869.6	-0.8001297837458192
10871.3	0.01590461625418116
10873.0	-0.6178439837458192
10874.6	0.2430716062541809
10876.3	-0.35057848374581907
10878.0	0.42832039625418084
10879.6	-0.30685518374581905
10881.3	0.18982031625418117
10883.0	-0.7855158837458194
10884.6	-0.6309223837458189
10886.3	-1.718732183745819
10888.0	-1.176514083745819
10889.7	-1.5945142837458188
10891.3	-0.644165383745819
10893.0	-0.8130793837458192
10894.7	0.023459316254180917
10896.3	-0.7545273837458188
10898.0	-0.4124079557458188
10899.7	-1.5631796837458192
10901.3	-1.2703253837458193
10903.0	-1.9630850837458191
10904.7	-1.268380983745819
10906.3	-1.6804265837458192
10908.0	-0.9376985837458193
10909.7	-1.6552897437458192
10911.3	-1.0194645837458194
10913.0	-1.7471190837458195
10914.7	-0.974451383745819
10916.3	-1.164399383745819
10918.0	0.0066417162541807075
10919.7	-0.18116228374581916
10921.3	0.6045956162541806
10923.0	-0.17823868374581883
10924.7	0.10425961625418093
10926.3	-0.9019976837458195
10928.0	-0.590592744745819
10929.7	-1.419651783745819
10931.3	-0.7127425837458192
10933.0	-1.473654083745819
10934.7	-0.889460383745819
10936.4	-1.7033213837458192
10938.0	-1.2404683837458192
10939.7	-2.036554483745819
10941.4	-1.541946783745819
10943.0	-2.380119783745819
10944.7	-1.792347783745819
10946.4	-2.652034683745819
10948.0	-2.086367183745819
10949.7	-2.8047793837458195
10951.4	-2.1578773837458183
10953.0	-2.9907273837458193
10954.7	-2.303964383745819
10956.4	-3.0380273837458196
10958.0	-2.131766383745819
10959.7	-2.1884572837458194
10961.4	-0.874404983745819
10963.0	-1.0675473837458191
10964.7	0.009779616254181
10966.4	-1.034014883745819
10968.0	-0.6168068837458189
10969.7	-1.6277863837458195
10971.4	-1.3414879837458191
10973.0	-2.1976353837458196
10974.7	-1.5968183837458187
10976.4	-2.3436317837458196
10978.1	-1.3258472837458193
10979.7	-1.811206683745819
10981.4	-0.9129186937458188
10983.1	-1.3473149237458188
10984.7	-0.5511776837458193
10986.4	-1.1699779837458189
10988.1	-0.28705328374581895
10989.7	-0.8586582837458193
10991.4	0.1364326162541808
10993.1	-0.42304238374581915
10994.7	0.205241956254181
10996.4	-0.6072429137458193
10998.1	-0.1572198837458191
10999.7	-1.0519849837458188
11001.4	-0.4357589837458188
11003.1	-1.2594806837458192
11004.7	-0.7617527837458191
11006.4	-1.330483183745819
11008.1	-0.6551693837458191
11009.7	-1.510352383745819
11011.4	-0.8775272837458191
11013.1	-1.4562644537458187
11014.7	-0.8210535837458185
11016.4	-1.412073683745819
11018.1	-0.8049413837458191
11019.7	-1.4576973837458185
11021.4	-0.5593371837458193
11023.1	-1.283573683745819
11024.8	-0.5038958437458192
11026.4	-1.041359583745819
11028.1	-0.559711183745819
11029.8	-1.5279850637458192
11031.4	-1.1146113837458191
11033.1	-1.939061583745819
11034.8	-1.4008060837458192
11036.4	-2.08070276374582
11038.1	-1.2617911637458188
11039.8	-1.5058294637458194
11041.4	-0.5484189837458191
11043.1	-1.0317819587458188
11044.8	-0.26172829374581924
11046.4	-1.066574383745819
11048.1	-0.4855938837458191
11049.8	-1.389865863745819
11051.4	-0.836630683745819
11053.1	-1.7584713837458188
11054.8	-1.5048715837458189
11056.4	-2.59915032374582
11058.1	-2.065999783745819
11059.8	-2.7333605837458195
11061.4	-1.457011383745819
11063.1	-1.646126383745819
11064.8	-0.6587359837458191
11066.4	-1.131092383745819
11068.1	-0.41433438374581877
11069.8	-0.7245506837458194
11071.5	0.32298986625418097
11073.1	0.17198511625418078
11074.8	1.3128343162541811
11076.5	0.8491171162541811
11078.1	1.2821642162541804
11079.8	0.2845284162541811
11081.5	0.37608471625418094
11083.1	-0.6217643837458192
11084.8	-0.2939053837458191
11086.5	-1.0843660037458194
11088.1	-0.6640964437458189
11089.8	-1.6025715837458194
11091.5	-1.268818983745819
11093.1	-1.9811563837458188
11094.8	-1.3097245837458193
11096.5	-1.7319622837458186
11098.1	-0.729778844745819
11099.8	-0.8630873837458191
11101.5	-0.032891383745819035
11103.1	-0.6590803837458192
11104.8	-0.15034888374581898
11106.5	-0.8879658837458191
11108.1	-0.15394138374581923
11109.8	-0.8185927837458191
11111.5	-0.2910703737458191
11113.1	-1.2541441837458192
11114.8	-1.195231883745819
11116.5	-2.409769383745819
11118.2	-1.9460920637458194
11119.8	-2.290148383745819
11121.5	-0.8054889837458191
11123.2	-0.6137943837458192
11124.8	0.40737161625418067
11126.5	-0.22753838374581897
11128.2	0.02038961625418114
11129.8	-1.2659055837458193
11131.5	-0.9832742837458192
11133.2	-1.9692003837458187
11134.8	-1.2421263537458191
11136.5	-1.6278863537458192
11138.2	-0.670620583745819
11139.8	-0.9879769837458191
11141.5	-0.13299438374581887
11143.2	-1.0454784837458189
11144.8	-0.5524801637458189
11146.5	-1.361464383745819
11148.2	-0.7287173837458191
11149.8	-1.235251383745819
11151.5	-0.28600438374581905
11153.2	-0.689068383745819
11154.8	0.10390161625418096
11156.5	-0.6339058837458194
11158.2	-0.1115775837458191
11159.9	-0.9220164337458193
11161.5	-0.5373449837458191
11163.2	-1.4170986837458188
11164.9	-1.0722658837458194
11166.5	-1.9726521837458193
11168.2	-1.430983282745819
11169.9	-2.012365383745819
11171.5	-0.9029693837458191
11173.2	-1.124725583745819
11174.9	-0.142690183745819
11176.5	-0.5264201837458188
11178.2	0.052620316254181135
11179.9	-0.9013023837458191
11181.5	-0.5767794837458189
11183.2	-1.5468918837458194
11184.9	-0.8753392837458192
11186.5	-1.2466254837458188
11188.2	-0.29099868374581905
11189.9	-0.47909755374581897
11191.5	0.6168384162541809
11193.2	0.3864370162541809
11194.9	1.1557635162541808
11196.5	0.4204439162541809
11198.2	0.8878156162541814
11199.9	-0.04868108374581916
11201.5	0.07671671625418082
11203.2	-1.0299301837458188
11204.9	-0.877092583745819
11206.6	-1.6458078837458192
11208.2	-1.2782750637458193
11209.9	-2.0370363837458196
11211.6	-1.4908663837458191
11213.2	-2.1277063837458194
11214.9	-1.470148183745819
11216.6	-2.1129517637458193
11218.2	-1.5343439837458188
11219.9	-2.1987633837458187
11221.6	-1.6944327837458193
11223.2	-2.5455478637458193
11224.9	-1.9906447337458193
11226.6	-2.580263303745819
11228.2	-1.4994417337458188
11229.9	-1.8950458837458193
11231.6	-0.812641283745819
11233.2	-1.2842952037458188
11234.9	-0.3390666837458193
11236.6	-1.2157633837458195
11238.2	-0.7438283837458188
11239.9	-1.6538383837458195
11241.6	-1.1435583837458192
11243.2	-2.3055097837458187
11244.9	-2.0307319837458193
11246.6	-3.168040083745819
11248.2	-2.4717671837458197
11249.9	-3.353606383745819
11251.6	-2.69715488374582
11253.3	-3.0847435837458184
11254.9	-1.9888526637458188
11256.6	-2.164523583745819
11258.3	-0.7778872837458193
11259.9	-0.9034558087458191
11261.6	0.5534637162541809
11263.3	0.14282391625418073
11264.9	0.9106471162541808
11266.6	0.20494861625418098
11268.3	0.6540616162541808
11269.9	-0.6682363837458191
11271.6	-0.5320306837458189
11273.3	-1.8574208837458186
11274.9	-1.5595726837458193
11276.6	-2.4412664837458182
11278.3	-1.7611013837458191
11279.9	-2.296141383745819
11281.6	-1.4978952837458188
11283.3	-2.107507983745819
11284.9	-1.3137504837458187
11286.6	-1.874682983745819
11288.3	-1.0264712837458192
11289.9	-1.6257147837458188
11291.6	-1.1313190837458191
11293.3	-1.7015492837458193
11294.9	-1.0309132837458193
11296.6	-1.3355207837458185
11298.3	-0.08400928374581915
11300.0	-0.5706173837458189
11301.6	0.12734461625418111
11303.3	-0.7772700837458192
11305.0	-0.6400442707458188
11306.6	-1.3241089837458193
11308.3	-0.563925783745819
11310.0	-0.5213781637458188
11311.6	0.8676650162541808
11313.3	0.7093082162541811
11315.0	1.7454168162541805
11316.6	1.158153616254181
11318.3	1.483183136254181
11320.0	0.36196821625418085
11321.6	0.19922971625418096
11323.3	-0.940517423745819
11325.0	-0.5894803837458189
11326.6	-1.349635083745819
11328.3	-0.4512566837458191
11330.0	-0.8477868837458189
11331.6	-0.18958338374581904
11333.3	-1.2712770837458192
11335.0	-1.1635094237458194
11336.6	-2.236239183745819
11338.3	-1.7159491837458194
11340.0	-2.274825383745819
11341.7	-1.528314583745819
11343.3	-2.0131882837458193
11345.0	-1.348349643745819
11346.7	-2.0086152837458187
11348.3	-1.0655337837458192
11350.0	-1.2460921837458188
11351.7	-0.0838447837458192
11353.3	-0.24054278374581925
11355.0	0.5483231162541807
11356.7	-0.4502322837458195
11358.3	-0.23276808374581875
11360.0	-1.598408383745819
11361.7	-1.5056772837458194
11363.3	-2.631893683745819
11365.0	-2.368916883745819
11366.7	-3.2229017837458187
11368.3	-2.2791157137458185
11370.0	-2.727131683745819
11371.7	-1.609566513745819
11373.3	-1.802005383745819
11375.0	-0.6560892237458195
11376.7	-0.902915283745819
11378.3	0.15425661625418083
11380.0	-0.3258084169458191
11381.7	0.3778267162541809
11383.3	-0.312358483745819
11385.0	0.029322416254181017
11386.7	-1.177296783745819
11388.4	-0.9163163837458193
11390.0	-1.833563583745819
11391.7	-1.2161373037458187
11393.4	-1.8400259837458193
11395.0	-1.2449841037458191
11396.7	-1.9431797837458191
11398.4	-1.2307064837458193
11400.0	-1.671740583745819
11401.7	-0.6560684837458192
11403.4	-0.9146393837458193
11405.0	-0.16596338374581926
11406.7	-1.0152913887458186
11408.4	-0.679785383745819
11410.0	-1.5120823837458197
11411.7	-0.8532019837458191
11413.4	-1.294183283745819
11415.0	-0.46199138374581905
11416.7	-1.1696503837458188
11418.4	-0.994036283745819
11420.0	-2.208699783745819
11421.7	-1.869970983745819
11423.4	-2.5912078937458185
11425.0	-1.8192102837458193
11426.7	-2.1560083837458195
11428.4	-1.0859293837458193
11430.0	-1.5974393837458192
11431.7	-0.8950283837458193
11433.4	-1.6603169837458194
11435.1	-1.1645076837458188
11436.7	-2.001348283745819
11438.4	-1.7021434837458191
11440.1	-2.681774783745819
11441.7	-2.058362783745819
11443.4	-2.731788383745819
11445.1	-1.792074683745819
11446.7	-1.8357028837458187
11448.4	-0.7012989837458189
11450.1	-1.210000183745819
11451.7	-0.535647283745819
11453.4	-1.2753829837458188
11455.1	-0.580630683745819
11456.7	-1.126044483745819
11458.4	-0.47777898374581895
11460.1	-1.121870383745819
11461.7	-0.44378938374581933
11463.4	-1.3428272837458193
11465.1	-0.8696367837458189
11466.7	-1.6026493837458191
11468.4	-1.0723685837458192
11470.1	-1.8842868837458195
11471.7	-1.2231872237458192
11473.4	-1.7036113837458189
11475.1	-0.6562145837458189
11476.7	-1.024799483745819
11478.4	-0.3112456837458191
11480.1	-1.1443938837458194
11481.8	-0.6469699257458189
11483.4	-1.4373523837458189
11485.1	-0.6267538837458189
11486.8	-1.0867859837458187
11488.4	-0.4698523837458189
11490.1	-1.5545753837458194
11491.8	-1.1121805837458194
11493.4	-1.9074343837458188
11495.1	-0.9848270437458193
11496.8	-1.2680684837458185
11498.4	-0.2805258737458193
11500.1	-0.8164347837458192
11501.8	-0.23670538374581915
11503.4	-1.117485313745819
11505.1	-0.28947538374581916
11506.8	-0.5888898737458189
11508.4	0.21639441625418102
11510.1	-0.5261861837458188
11511.8	0.1519739752541814
11513.4	-0.6331581837458191
11515.1	-0.020733383745819012
11516.8	-0.6252003837458193
11518.4	-0.13955638374581905
11520.1	-0.9671793837458189
11521.8	-0.570839083745819
11523.5	-1.3986974837458193
11525.1	-0.480933683745819
11526.8	-0.8327066837458187
11528.5	0.06682961625418118
11530.1	-0.46445838374581944
11531.8	-0.04461458374581913
11533.5	-0.9739942837458191
11535.1	-0.4658070837458187
11536.8	-1.1294703837458189
11538.5	-0.34844168374581896
11540.1	-0.9623734837458187
11541.8	-0.3496364837458191
11543.5	-1.206455765745819
11545.1	-0.6263012837458192
11546.8	-1.519192783745819
11548.5	-0.730095583745819
11550.1	-1.1522465837458191
11551.8	-0.07262338374581893
11553.5	-0.22612918374581917
11555.1	0.9711974162541809
11556.8	0.32321011625418083
11558.5	0.9157019162541807
11560.1	-0.5159142537458191
11561.8	-0.615458883745819
11563.5	-1.7916566837458183
11565.1	-1.246940983745819
11566.8	-1.7325254837458188
11568.5	-0.8219838837458191
11570.2	-1.1972295837458187
11571.8	-0.6410669837458189
11573.5	-1.531950663745819
11575.2	-0.9901567837458188
11576.8	-1.6955212837458187
11578.5	-0.845742383745819
11580.2	-1.355783683745819
11581.8	-0.5638935837458192
11583.5	-0.8840195837458186
11585.2	-0.26282358374581893
11586.8	-1.0111998837458187
11588.5	-0.26970678374581897
11590.2	-1.0459843837458191
11591.8	-0.34745888374581935
11593.5	-1.3587993837458188
11595.2	-0.9076806837458191
11596.8	-1.9160125837458193
11598.5	-1.581966683745819
11600.2	-2.3906282837458193
11601.8	-1.6669367837458189
11603.5	-2.208494383745819
11605.2	-1.396420483745819
11606.8	-2.128117383745819
11608.5	-1.497116383745819
11610.2	-2.2626409837458192
11611.8	-1.530247383745819
11613.5	-1.978822483745819
11615.2	-1.1986352837458192
11616.9	-1.8437457937458195
11618.5	-1.2887970837458191
11620.2	-2.113760383745819
11621.9	-1.5412170837458192
11623.5	-2.220041883745819
11625.2	-1.119090183745819
11626.9	-1.378796283745819
11628.5	-0.5012248637458191
11630.2	-0.9235342837458191
11631.9	-0.236484983745819
11633.5	-0.8921176837458189
11635.2	0.23900021625418094
11636.9	-0.2515523837458189
11638.5	0.8068744792541811
11640.2	0.4414624162541809
11641.9	0.6342909162541812
11643.5	-0.34081678374581903
11645.2	-0.3189139837458189
11646.9	-1.568011083745819
11648.5	-1.008737383745819
11650.2	-1.6781875837458191
11651.9	-0.7709613837458191
11653.5	-0.9688823837458191
11655.2	-0.28829068374581907
11656.9	-0.9704309837458194
11658.5	-0.46680038374581906
11660.2	-1.2915222837458191
11661.9	-0.6356091837458191
11663.6	-1.271732483745819
11665.2	-0.33471838374581897
11666.9	-0.658769383745819
11668.6	0.20323061625418098
11670.2	-0.4945633837458191
11671.9	0.12611071625418102
11673.6	-0.7075263837458191
11675.2	-0.2103629837458191
11676.9	-1.1791301837458188
11678.6	-0.8128324837458191
11680.2	-1.872606503745819
11681.9	-1.728108883745819
11683.6	-2.8722317837458187
11685.2	-2.182229383745819
11686.9	-2.537672383745819
11688.6	-1.190812983745819
11690.2	-1.2156620837458187
11691.9	-0.11457378374581881
11693.6	-0.618372883745819
11695.2	0.2605646162541809
11696.9	-0.41648298374581894
11698.6	0.34402841625418107
11700.2	-0.502867083745819
11701.9	-0.07649564374581885
11703.6	-1.094061383745819
11705.3	-0.9215745837458194
11706.9	-2.227525383745819
11708.6	-1.7500370837458192
11710.3	-2.1985073837458193
11711.9	-1.289587383745819
11713.6	-1.4588003837458192
11715.3	-0.20930338374581897
11716.9	-0.8096594837458188
11718.6	-0.4432763837458188
11720.3	-1.5336851837458192
11721.9	-1.050709673745819
11723.6	-1.602236553745819
11725.3	-0.6564897837458188
11726.9	-1.2287600837458188
11728.6	-0.4104449837458187
11730.3	-1.196835683745819
11731.9	-0.6451185837458189
11733.6	-1.1441003837458186
11735.3	-0.20524868374581923
11736.9	-0.817193783745819
11738.6	0.04383721625418095
11740.3	-0.47653432374581906
11741.9	0.18571301625418082
11743.6	-0.45196098374581906
11745.3	0.23497821625418075
11746.9	-0.45308488374581896
11748.6	-0.07605398374581906
11750.3	-0.7877800337458192
11752.0	-0.257174383745819
11753.6	-0.8596357837458191
11755.3	-0.2857228837458189
11757.0	-1.2161523837458188
11758.6	-0.752087383745819
11760.3	-1.6734524837458191
11762.0	-1.2027420837458191
11763.6	-1.4808417837458188
11765.3	-0.27354038374581896
11767.0	-0.38743358374581915
11768.6	0.7400174462541811
11770.3	0.230194716254181
11772.0	0.570628306254181
11773.6	-0.6599135837458192
11775.3	-0.6199537837458189
11777.0	-1.7220869837458193
11778.6	-1.135572183745819
11780.3	-1.7557086837458187
11782.0	-1.095695483745819
11783.6	-1.576793983745819
11785.3	-1.164987283745819
11787.0	-2.015977483745819
11788.6	-1.711316583745819
11790.3	-2.567863383745819
11792.0	-2.0060862837458187
11793.6	-2.5277382837458187
11795.3	-1.8797883837458194
11797.0	-2.369973323745819
11798.7	-1.8358685837458188
11800.3	-2.497023383745819
11802.0	-1.710263383745819
11803.7	-2.205625383745819
11805.3	-1.3056085837458193
11807.0	-1.7630486837458192
11808.7	-1.3433365837458189
11810.3	-2.303601783745819
11812.0	-1.9424271837458185
11813.7	-2.911270983745818
11815.3	-2.0275797837458196
11817.0	-2.454857383745819
11818.7	-1.5776163837458186
11820.3	-2.13732338374582
11822.0	-1.959513383745819
11823.7	-3.1560613837458193
11825.3	-2.7737453837458186
11827.0	-3.519671383745819
11828.7	-2.4239403837458187
11830.3	-2.6349283837458186
11832.0	-1.6004005837458195
11833.7	-1.997293083745819
11835.3	-1.184651483745819
11837.0	-1.9494215837458193
11838.7	-1.1371220837458187
11840.3	-1.8119753837458188
11842.0	-1.352391383745819
11843.7	-2.248063383745819
11845.4	-1.6568143837458191
11847.0	-2.4107580837458196
11848.7	-1.2224720837458194
11850.4	-1.6697233837458192
11852.0	-0.5891723837458189
11853.7	-0.833530683745819
11855.4	0.03398461625418112
11857.0	-0.522996583745819
11858.7	0.170978716254181
11860.4	-0.7220789837458186
11862.0	-0.4056228837458192
11863.7	-1.4603160837458191
11865.4	-0.9704792837458187
11867.0	-1.6771859837458194
11868.7	-0.9622662837458188
11870.4	-1.5512351737458192
11872.0	-0.9755330837458193
11873.7	-1.6703353837458192
11875.4	-1.0881953837458191
11877.0	-1.599831183745819
11878.7	-0.6179358837458192
11880.4	-0.8406920837458192
11882.0	-0.13715658374581913
11883.7	-0.8592348837458192
11885.4	-0.48945268374581924
11887.1	-1.4076015067458185
11888.7	-0.634792183745819
11890.4	-0.8930876837458195
11892.1	0.23608011625418066
11893.7	-0.030003383745818856
11895.4	0.48817331625418114
11897.1	-0.6442853837458193
11898.7	-0.19923518374581892
11900.4	-1.0197818837458192
11902.1	-0.11093958374581932
11903.7	-0.4117813837458192
11905.4	0.28558931625418105
11907.1	-0.6587926837458191
11908.7	-0.616314383745819
11910.4	-1.9312573837458191
11912.1	-1.266682383745819
11913.7	-1.7142483837458187
11915.4	-1.0504273837458191
11917.1	-1.560329583745819
11918.7	-1.0932187837458192
11920.4	-1.9832450837458189
11922.1	-1.709892783745819
11923.7	-2.6458964837458194
11925.4	-2.017422583745819
11927.1	-2.3653720837458194
11928.7	-1.8513967837458192
11930.4	-2.291298583745819
11932.1	-1.4541103037458192
11933.8	-2.1188796837458193
11935.4	-1.4643833837458187
11937.1	-2.103899883745819
11938.8	-1.1989833837458188
11940.4	-1.3074323837458197
11942.1	-0.4943940737458192
11943.8	-0.8354368837458193
11945.4	-0.08589758374581927
11947.1	-0.988587153745819
11948.8	-0.7855556837458193
11950.4	-1.9261353837458188
11952.1	-1.5869939837458182
11953.8	-2.181717383745819
11955.4	-1.2863253837458193
11957.1	-1.1615746837458194
11958.8	0.28766421625418087
11960.4	0.03168801625418065
11962.1	0.7634444162541808
11963.8	-0.23982588374581876
11965.4	0.2449609162541811
11967.1	-0.5545687837458194
11968.8	0.2964798162541807
11970.4	-0.34428868374581906
11972.1	-0.019862383745819077
11973.8	-1.5130742837458189
11975.4	-1.5504611837458189
11977.1	-2.898816283745819
11978.8	-2.2203393837458187
11980.5	-2.443244283745819
11982.1	-0.8692150837458194
11983.8	-0.8595923837458187
11985.5	0.017483616254181024
11987.1	-0.7771916837458194
11988.8	-0.13743058374581896
11990.5	-0.7046204837458191
11992.1	-0.01823418374581922
11993.8	-0.6175933137458195
11995.5	0.1126513162541806
11997.1	-0.6815937837458189
11998.8	-0.167872683745819
12000.5	-1.3859230837458192
12002.1	-0.7053892837458191
12003.8	-1.3678046837458189
12005.5	-0.896222083745819
12007.1	-1.3638290837458187
12008.8	-0.472156383745819
12010.5	-0.6977542837458192
12012.1	0.577260416254181
12013.8	-0.12525938374581896
12015.5	0.3042796162541809
12017.1	-0.6182183837458192
12018.8	-0.7704763837458193
12020.5	-1.5633933837458187
12022.1	-1.124891783745819
12023.8	-1.9263048837458192
12025.5	-1.5362943837458192
12027.2	-2.437412383745819
12028.8	-2.2608003837458193
12030.5	-2.854055383745819
12032.2	-2.1071253837458195
12033.8	-1.9828283837458194
12035.5	-0.4938316837458192
12037.2	-0.3071036837458189
12038.8	0.4703879162541809
12040.5	-0.2896915137458191
12042.2	-0.21230178374581912
12043.8	-1.5736771837458186
12045.5	-1.8166394837458189
12047.2	-3.1703178837458186
12048.8	-3.2259358337458197
12050.5	-4.190121683745818
12052.2	-3.708552363745819
12053.8	-3.8434622837458177
12055.5	-2.2804170837458195
12057.2	-2.1162093837458196
12058.8	-0.9128219837458189
12060.5	-1.4474011837458192
12062.2	-0.8756038837458189
12063.8	-1.8743709837458191
12065.5	-1.2018010837458193
12067.2	-1.688511913745819
12068.9	-0.729501583745819
12070.5	-1.2073170837458196
12072.2	-0.333277183745819
12073.9	-0.8833273837458187
12075.5	-0.1758738837458187
12077.2	-1.065405383745819
12078.9	-0.6326453837458191
12080.5	-1.304370383745819
12082.2	-0.8772413837458194
12083.9	-1.6233642837458195
12085.5	-1.0728483837458187
12087.2	-1.8117462337458192
12088.9	-1.3451059837458192
12090.5	-2.14738948374582
12092.2	-1.6743655837458191
12093.9	-2.3465200837458187
12095.5	-1.6997805837458195
12097.2	-2.4533235837458194
12098.9	-1.9308809837458192
12100.5	-2.7952380837458195
12102.2	-2.2330794837458194
12103.9	-2.955376483745819
12105.5	-1.8053117837458195
12107.2	-1.9982732437458193
12108.9	-0.8565045837458193
12110.5	-0.9784708837458191
12112.2	0.134588716254181
12113.9	-0.3121879137458186
12115.6	0.529723616254181
12117.2	-0.34923218374581916
12118.9	0.2689420162541808
12120.6	-0.6446129837458191
12122.2	-0.520096783745819
12123.9	-1.7483293837458196
12125.6	-1.5536232837458186
12127.2	-2.626018883745819
12128.9	-2.3105931837458193
12130.6	-3.2128963837458193
12132.2	-2.3309441837458187
12133.9	-2.860061383745819
12135.6	-2.0357234837458185
12137.2	-2.4975143837458194
12138.9	-1.9170592837458191
12140.6	-2.3041731837458186
12142.2	-1.5040644837458188
12143.9	-1.9107056837458185
12145.6	-0.8336783837458193
12147.2	-1.0680377837458193
12148.9	-0.3841961837458192
12150.6	-0.8024802837458191
12152.2	-0.10647138374581924
12153.9	-0.6937312837458189
12155.6	-0.0018353837458189304
12157.2	-0.7414603837458189
12158.9	-0.438034583745819
12160.6	-1.6618713837458188
12162.3	-1.616689683745819
12163.9	-2.615723483745819
12165.6	-1.7752793837458192
12167.3	-2.252502183745819
12168.9	-1.2368583837458194
12170.6	-1.7550078837458192
12172.3	-1.0691312837458187
12173.9	-1.747162783745819
12175.6	-1.3319497837458187
12177.3	-2.279715183745819
12178.9	-1.716578063745819
12180.6	-2.633782403745819
12182.3	-1.940335983745819
12183.9	-2.641306283745819
12185.6	-1.7727011837458193
12187.3	-1.782637983745819
12188.9	-0.5578796837458189
12190.6	-0.9754403837458192
12192.3	-0.0857862837458188
12193.9	-0.9611966837458189
12195.6	-0.3365970317458188
12197.3	-1.355098983745819
12198.9	-0.7516449837458191
12200.6	-1.6184923737458188
12202.3	-1.3056868837458186
12203.9	-2.3523728837458195
12205.6	-1.964155212745819
12207.3	-2.9390119837458193
12209.0	-1.9713976837458187
12210.6	-2.2528064837458195
12212.3	-1.396732383745819
12214.0	-2.035632283745819
12215.6	-1.7509563837458189
12217.3	-2.564710483745819
12219.0	-1.975858383745819
12220.6	-2.4879053837458187
12222.3	-1.4835774837458193
12224.0	-1.4589510837458193
12225.6	-0.7006671537458191
12227.3	-1.5661999137458196
12229.0	-1.4864351837458192
12230.6	-2.5740637837458182
12232.3	-2.2339738837458194
12234.0	-2.5772154837458197
12235.6	-1.4148643837458188
12237.3	-1.6548929837458193
12239.0	-0.7716816837458191
12240.6	-1.4172124837458189
12242.3	-0.8262476837458189
12244.0	-1.4135131837458192
12245.6	-0.5075450837458191
12247.3	-1.228135183745819
12249.0	-0.39892454374581876
12250.7	-1.2198363837458193
12252.3	-0.7421859537458191
12254.0	-1.3685740837458193
12255.7	-0.5697157837458188
12257.3	-1.1014272637458187
12259.0	-0.16848438374581928
12260.7	-1.1037715837458193
12262.3	-0.680701383745819
12264.0	-1.4966453837458191
12265.7	-0.908365783745819
12267.3	-1.550709683745819
12269.0	-0.7231726837458192
12270.7	-1.5980573837458185
12272.3	-1.1231314837458188
12274.0	-2.142500383745819
12275.7	-1.7366963837458187
12277.3	-2.341088383745819
12279.0	-1.4682817037458187
12280.7	-2.0171733837458192
12282.3	-0.9905140837458191
12284.0	-1.862217883745819
12285.7	-1.255489883745819
12287.3	-2.0279763837458185
12289.0	-1.8126929837458188
12290.7	-2.839453383745819
12292.3	-2.3941783837458193
12294.0	-3.289437383745819
12295.7	-2.5725455837458187
12297.4	-2.993566483745819
12299.0	-1.930211983745819
12300.7	-1.9089507837458186
12302.4	-0.533651683745819
12304.0	-0.795843383745819
12305.7	0.07122761625418077
12307.4	-0.8154175837458186
12309.0	-0.533552383745819
12310.7	-1.6241692837458193
12312.4	-1.334996513745819
12314.0	-2.360424183745819
12315.7	-1.7982184837458184
12317.4	-2.493614683745819
12319.0	-1.655111883745819
12320.7	-2.185877983745819
12322.4	-1.1726043837458189
12324.0	-1.753106883745819
12325.7	-1.2655632837458186
12327.4	-2.0510640837458185
12329.0	-1.353564383745819
12330.7	-1.865647383745819
12332.4	-0.8466527837458191
12334.0	-1.129418883745819
12335.7	-0.2956751537458193
12337.4	-0.6853990837458188
12339.0	0.045414516254180984
12340.7	-0.4317484837458191
12342.4	0.5371556162541811
12344.1	0.06584531625418073
12345.7	0.7235723162541811
12347.4	-0.23840178374581927
12349.1	-0.06622738374581898
12350.7	-1.2973783837458188
12352.4	-1.038964183745819
12354.1	-1.7854402837458192
12355.7	-0.8961763837458196
12357.4	-1.245219383745819
12359.1	-0.32859538374581876
12360.7	-0.7909463837458192
12362.4	-0.08638538374581924
12364.1	-0.9689503837458189
12365.7	-0.8253675837458193
12367.4	-2.0394233837458193
12369.1	-1.8658805837458192
12370.7	-2.478675083745819
12372.4	-1.6798122837458187
12374.1	-1.5744221637458193
12375.7	-0.16978218374581883
12377.4	-0.24398168374581916
12379.1	0.6195625162541809
12380.7	-0.1837799837458189
12382.4	-0.04454445374581926
12384.1	-1.160179183745819
12385.7	-0.9559284837458193
12387.4	-1.7939542837458191
12389.1	-1.0875613837458187
12390.8	-1.4332441837458192
12392.4	-0.5451098837458191
12394.1	-0.8998768837458192
12395.8	0.028646616254180923
12397.4	-0.4169784837458187
12399.1	0.48682061625418116
12400.8	0.05106868625418093
12402.4	0.8696647162541808
12404.1	0.18432231625418086
12405.8	0.3292520462541809
12407.4	-0.9168436837458191
12409.1	-1.0113773837458193
12410.8	-2.3714698837458186
12412.4	-2.138313483745818
12414.1	-2.8534353837458193
12415.8	-2.1650983837458186
12417.4	-2.667807383745819
12419.1	-1.8779591837458192
12420.8	-2.3723293837458193
12422.4	-1.5399763837458191
12424.1	-2.1224793837458193
12425.8	-1.3081913837458188
12427.4	-1.5298424837458189
12429.1	-0.7524823837458191
12430.8	-1.3600932837458188
12432.5	-0.9874021837458191
12434.1	-1.9200487837458187
12435.8	-1.4607653837458192
12437.5	-2.244976443745819
12439.1	-1.0697893837458192
12440.8	-1.245509083745819
12442.5	-0.2244952837458188
12444.1	-0.7800223837458194
12445.8	-0.6177673837458191
12447.5	-2.002479083745819
12449.1	-1.9815993537458187
12450.8	-3.415864283745819
12452.5	-2.722146383745819
12454.1	-3.3102413837458187
12455.8	-1.8118503837458189
12457.5	-1.745705183745819
12459.1	-0.5646552837458192
12460.8	-1.1458899837458194
12462.5	-0.37927491374581923
12464.1	-1.0590304837458189
12465.8	-0.21194297374581889
12467.5	-0.6303947837458193
12469.1	0.33221361625418094
12470.8	-0.5497493837458188
12472.5	-0.543883383745819
12474.1	-2.1997819837458192
12475.8	-2.3364130837458195
12477.5	-3.015738383745819
12479.2	-2.1889981537458194
12480.8	-1.8541832837458183
12482.5	0.09747661625418091
12484.2	0.2549696162541809
12485.8	1.5428445162541808
12487.5	0.8203876162541809
12489.2	1.1673439162541812
12490.8	0.1621726162541807
12492.5	0.45379321625418106
12494.2	-0.3999261837458189
12495.8	0.24380021625418102
12497.5	-0.5318323837458193
12499.2	0.3082056162541811
12500.8	-0.301858283745819
12502.5	0.5037214162541811
12504.2	-0.08669238374581907
12505.8	0.5639749162541812
12507.5	-0.11605938374581877
12509.2	0.5017147162541811
12510.8	-0.2806512837458189
12512.5	0.23997891625418083
12514.2	-0.4573011837458191
12515.8	0.03679091625418067
12517.5	-0.5862029837458188
12519.2	0.21246841625418073
12520.8	-0.6943634837458188
12522.5	-0.29115008374581924
12524.2	-1.3102413837458187
12525.9	-1.2076123837458193
12527.5	-1.8243393837458186
12529.2	-1.225964183745819
12530.9	-1.8222018837458194
12532.5	-1.200474083745819
12534.2	-2.1352415837458194
12535.9	-1.940308183745819
12537.5	-2.367114983745819
12539.2	-1.522363383745819
12540.9	-1.5461080837458188
12542.5	-0.511995183745819
12544.2	-0.8630455737458188
12545.9	-0.2880416837458192
12547.5	-1.249119683745819
12549.2	-1.3962753837458188
12550.9	-2.519899383745819
12552.5	-2.228789383745819
12554.2	-2.962331383745819
12555.9	-2.466646383745819
12557.5	-2.867209983745819
12559.2	-1.9126503837458195
12560.9	-2.111753283745819
12562.5	-1.3701738837458195
12564.2	-1.6291585837458187
12565.9	-1.0696413837458192
12567.5	-1.706285383745819
12569.2	-1.4917773837458193
12570.9	-2.209979283745819
12572.6	-1.476368283745819
12574.2	-1.7182643837458191
12575.9	-1.0147822837458194
12577.6	-1.2690263837458184
12579.2	-0.6521013837458189
12580.9	-1.2386913837458189
12582.6	-0.4575827837458192
12584.2	-1.2578919837458191
12585.9	-0.8977518837458192
12587.6	-2.132965383745819
12589.2	-1.9652263837458193
12590.9	-2.6592883837458188
12592.6	-1.6298990837458192
12594.2	-1.8574157837458192
12595.9	-0.8422580137458191
12597.6	-1.450626483745819
12599.2	-0.926869483745819
12600.9	-2.031125083745819
12602.6	-1.404237783745819
12604.2	-2.1157551837458195
12605.9	-1.6360510837458193
12607.6	-2.577131383745819
12609.2	-2.109895483745819
12610.9	-2.886771583745819
12612.6	-2.074529683745819
12614.3	-2.939175083745819
12615.9	-2.4511662837458195
12617.6	-3.23153088374582
12619.3	-2.708259353745819
12620.9	-3.455114383745819
12622.6	-2.203429383745819
12624.3	-2.2926063837458193
12625.9	-1.0258930837458193
12627.6	-1.254830983745819
12629.3	-0.5534883837458192
12630.9	-1.226576083745819
12632.6	-0.7068949837458192
12634.3	-1.7233893837458187
12635.9	-1.1450947837458192
12637.6	-1.6444443837458191
12639.3	-1.059324383745819
12640.9	-1.3697093837458192
12642.6	-0.3767264837458185
12644.3	-0.6737423837458193
12645.9	0.43749111625418086
12647.6	-0.4525249837458187
12649.3	-0.4498487837458187
12650.9	-1.8283821837458192
12652.6	-2.077418383745819
12654.3	-3.0499813837458194
12655.9	-2.3925333837458185
12657.6	-2.8012243837458195
12659.3	-1.801617383745819
12661.0	-2.052141583745819
12662.6	-1.370637383745819
12664.3	-1.973456683745819
12666.0	-1.508626783745819
12667.6	-2.124809473745819
12669.3	-1.366686923745819
12671.0	-1.4648047837458187
12672.6	-0.5633993837458192
12674.3	-0.7423243837458189
12676.0	-0.362833383745819
12677.6	-1.2926896837458188
12679.3	-1.125500383745819
12681.0	-1.9238207837458188
12682.6	-1.191671683745819
12684.3	-1.590758083745819
12686.0	-0.7778359637458186
12687.6	-1.3542878837458192
12689.3	-1.1049315837458191
12691.0	-1.7174873837458189
12692.6	-1.213207283745819
12694.3	-1.555534383745819
12696.0	-0.7109029837458187
12697.6	-1.1936673837458187
12699.3	-0.38679238374581926
12701.0	-0.5902764837458193
12702.6	0.03452351625418097
12704.3	-0.3371925837458189
12706.0	0.03366671625418101
12707.7	-0.9805836837458187
12709.3	-1.0229463027458192
12711.0	-2.298923943745819
12712.7	-1.9987932837458189
12714.3	-2.5530043837458187
12716.0	-1.7964833837458194
12717.7	-2.3619373837458193
12719.3	-1.642158383745819
12721.0	-2.1418091837458193
12722.7	-1.255563383745819
12724.3	-1.8446110837458185
12726.0	-1.2352290837458189
12727.7	-2.1581523837458194
12729.3	-1.971483383745819
12731.0	-3.2251857837458195
12732.7	-2.6986726837458184
12734.3	-2.8908098837458183
12736.0	-1.2978595837458187
12737.7	-0.997650083745819
12739.3	0.20576161625418102
12741.0	-0.147204583745819
12742.7	0.15459261625418086
12744.3	-1.1293777537458187
12746.0	-1.2301437837458191
12747.7	-2.668869213745819
12749.3	-2.493728223745819
12751.0	-3.5524825737458188
12752.7	-3.057125155745819
12754.4	-3.598754483745819
12756.0	-2.570625183745819
12757.7	-2.649209083745819
12759.4	-1.7397941227458191
12761.0	-2.412345083745819
12762.7	-1.3648034837458192
12764.4	-1.9619313937458192
12766.0	-0.9440082837458192
12767.7	-1.478655383745819
12769.4	-0.4873012537458191
12771.0	-0.7409993837458191
12772.7	-0.1614724837458191
12774.4	-1.2657001537458192
12776.0	-0.9038085737458191
12777.7	-2.2371648837458187
12779.4	-2.0532189837458192
12781.0	-2.9595583837458186
12782.7	-2.1480228837458193
12784.4	-2.194250783745819
12786.0	-0.8488813837458192
12787.7	-0.9414537837458191
12789.4	-0.03948698374581898
12791.0	-0.8442242837458188
12792.7	-0.4554058837458189
12794.4	-1.4953643837458195
12796.1	-1.0372668837458185
12797.7	-1.3943154837458194
12799.4	-0.3171115837458188
12801.1	-0.6283705837458189
12802.7	0.3852351162541809
12804.4	-0.5205616537458189
12806.1	-0.2099895537458197
12807.7	-1.5437372937458187
12809.4	-1.9035383837458189
12811.1	-3.058089383745819
12812.7	-2.653403983745819
12814.4	-3.3955010837458195
12816.1	-2.3377682837458194
12817.7	-2.415130033745819
12819.4	-1.1085525837458192
12821.1	-1.220580983745819
12822.7	-0.28453288374581925
12824.4	-0.9693243837458192
12826.1	-0.34499731374581927
12827.7	-1.3140998837458193
12829.4	-1.3348303837458189
12831.1	-2.134990383745819
12832.7	-1.135370383745819
12834.4	-1.4124439837458191
12836.1	-0.008569383745819125
12837.7	-0.4585593837458187
12839.4	0.2951419162541808
12841.1	-0.9679096537458189
12842.8	-1.3596212837458188
12844.4	-2.7971439837458187
12846.1	-2.042456383745819
12847.8	-2.247153383745819
12849.4	-0.8104676837458191
12851.1	-0.8332170837458193
12852.8	0.3025913662541807
12854.4	-0.40601158374581925
12856.1	-0.248424153745819
12857.8	-1.6373879837458183
12859.4	-1.4439040837458186
12861.1	-2.2893291837458194
12862.8	-1.5678772837458186
12864.4	-1.8386418837458187
12866.1	-0.7833065837458191
12867.8	-1.2964004837458187
12869.4	-0.918678083745819
12871.1	-1.9479753837458187
12872.8	-1.6768741837458194
12874.4	-2.273938383745819
12876.1	-1.3293422837458193
12877.8	-1.4896216837458192
12879.4	-0.2661541837458189
12881.1	-0.271576383745819
12882.8	0.6459505162541811
12884.4	0.1383126162541811
12886.1	0.47687471625418104
12887.8	-0.5866041837458189
12889.5	-0.4413001937458191
12891.1	-1.509457083745819
12892.8	-1.239388847745819
12894.5	-1.9306273837458192
12896.1	-1.491196383745819
12897.8	-2.2878083837458187
12899.5	-1.5265233837458188
12901.1	-2.2486593837458186
12902.8	-1.5499845837458195
12904.5	-2.5572303837458183
12906.1	-2.602772783745819
12907.8	-3.588683383745819
12909.5	-2.9357813837458187
12911.1	-2.955453383745819
12912.8	-1.2568778837458192
12914.5	-1.1473722837458191
12916.1	-0.020858483745818824
12917.8	-0.4902243837458194
12919.5	-0.28723605374581923
12921.1	-1.3063156837458192
12922.8	-1.3136721837458185
12924.5	-2.134640383745819
12926.1	-1.9727495837458187
12927.8	-2.6297395837458195
12929.5	-1.487649383745819
12931.1	-1.4890823837458194
12932.8	-0.1227711837458191
12934.5	-0.27963828374581917
12936.2	0.31009661625418095
12937.8	-0.49647568374581896
12939.5	-0.6173392837458189
12941.2	-2.4270026837458185
12942.8	-2.7280025837458184
12944.5	-4.04674778374582
12946.2	-3.444134483745819
12947.8	-3.94046338374582
12949.5	-3.077413383745819
12951.2	-3.4277036837458192
12952.8	-2.7420843837458193
12954.5	-3.574312983745819
12956.2	-3.136790383745819
12957.8	-3.3480582837458193
12959.5	-2.146763383745819
12961.2	-2.2544650237458197
12962.8	-1.492941383745819
12964.5	-1.714894783745819
12966.2	-0.8284351837458189
12967.8	-1.2013330837458192
12969.5	-0.7863785837458187
12971.2	-1.370565473745819
12972.8	-0.8929340837458193
12974.5	-1.608543183745819
12976.2	-1.3982224327458195
12977.9	-2.0487738937458198
12979.5	-1.4406492837458191
12981.2	-1.875391083745819
12982.9	-1.2833013837458191
12984.5	-1.9398183837458192
12986.2	-1.4792473837458189
12987.9	-2.123512383745819
12989.5	-1.8805440837458192
12991.2	-2.738935583745819
12992.9	-2.1062610837458196
12994.5	-2.7299090837458193
12996.2	-2.0094881837458187
12997.9	-2.660295683745819
12999.5	-2.1182942837458194
13001.2	-2.754656683745819
13002.9	-2.363460353745819
13004.5	-2.706295683745819
13006.2	-1.8571550037458189
13007.9	-2.0283913837458187
13009.5	-1.2147293937458188
13011.2	-1.547220963745819
13012.9	-0.8050828837458195
13014.5	-1.070345483745819
13016.2	-0.6209716837458188
13017.9	-1.1308292837458194
13019.5	-0.7062109537458193
13021.2	-1.4655824837458187
13022.9	-1.204146883745819
13024.6	-1.954535283745819
13026.2	-1.7306053837458193
13027.9	-2.339229383745819
13029.6	-1.8238713837458191
13031.2	-2.4250013837458186
13032.9	-1.4892253837458191
13034.6	-1.5761583837458193
13036.2	-0.5406346837458191
13037.9	-0.8533809837458192
13039.6	-0.32910374374581897
13041.2	-1.0075296837458192
13042.9	-0.7114343837458194
13044.6	-1.756670483745819
13046.2	-1.528249383745819
13047.9	-2.4076103837458187
13049.6	-2.115365383745819
13051.2	-2.957865383745818
13052.9	-2.168708383745819
13054.6	-2.5380187837458186
13056.2	-1.560450983745819
13057.9	-1.9696458837458188
13059.6	-1.036316683745819
13061.2	-1.548214383745819
13062.9	-0.7986171837458189
13064.6	-1.5770876837458185
13066.2	-0.622914783745819
13067.9	-1.1358166237458194
13069.6	-0.3017773837458191
13071.3	-0.5976903837458192
13072.9	0.21946171625418076
13074.6	-0.1475833837458187
13076.3	0.6131057162541811
13077.9	-0.3162835837458188
13079.6	0.01625741625418118
13081.3	-1.1276193837458193
13082.9	-1.1462283837458191
13084.6	-1.8651877837458195
13086.3	-1.5801346937458194
13087.9	-1.9890675837458187
13089.6	-1.240962583745819
13091.3	-1.8132202837458187
13092.9	-1.3360313837458189
13094.6	-1.9985533837458191
13096.3	-1.424509383745819
13097.9	-1.8202063837458193
13099.6	-1.3162083837458187
13101.3	-2.1915783837458194
13102.9	-1.947422383745819
13104.6	-3.008455383745819
13106.3	-2.6675277637458192
13107.9	-3.3203563837458185
13109.6	-2.797973083745819
13111.3	-3.5483193837458193
13112.9	-3.067752283745819
13114.6	-3.3999534937458193
13116.3	-2.331356383745819
13118.0	-2.327058383745819
13119.6	-1.092795533745819
13121.3	-1.3388972837458195
13123.0	-0.7076039837458191
13124.6	-1.7478093837458188
13126.3	-1.957613683745819
13128.0	-2.954157883745819
13129.6	-2.8424002137458193
13131.3	-3.522581383745819
13133.0	-2.2131403837458192
13134.6	-1.8868723837458188
13136.3	-0.055593743745818894
13138.0	0.013485816254180816
13139.6	0.8105074162541808
13141.3	0.08679851625418107
13143.0	0.3762989162541811
13144.6	-0.845131783745819
13146.3	-0.44963628374581893
13148.0	-0.9162325837458191
13149.6	0.07952291625418098
13151.3	-0.39086938374581937
13153.0	0.19391261625418105
13154.6	-0.7319813837458188
13156.3	-0.36702838374581886
13158.0	-1.2535824837458185
13159.7	-0.7998701837458191
13161.3	-1.400634283745819
13163.0	-0.7446703837458191
13164.7	-1.5899531837458192
13166.3	-1.241437383745819
13168.0	-1.7334263837458193
13169.7	-0.8047742837458189
13171.3	-0.8417963837458189
13173.0	0.027182516254181
13174.7	-0.47370928374581894
13176.3	0.27633021625418064
13178.0	-0.5175168137458193
13179.7	-0.11368848374581893
13181.3	-0.977969383745819
13183.0	-0.6797123837458185
13184.7	-1.642003883745819
13186.3	-1.545439583745819
13188.0	-2.452007783745819
13189.7	-1.7226644837458192
13191.3	-2.2282222837458185
13193.0	-1.1217589837458197
13194.7	-1.400294383745819
13196.3	-0.4669663837458188
13198.0	-0.9187213837458185
13199.7	-0.11180738374581893
13201.3	-0.3767946837458189
13203.0	0.6036821662541811
13204.7	0.19379090625418088
13206.4	0.8605049162541807
13208.0	0.17515861625418117
13209.7	0.41713636625418093
13211.4	-0.6748944837458192
13213.0	-0.6798143837458193
13214.7	-1.828258783745819
13216.4	-1.8285403837458183
13218.0	-2.769367783745819
13219.7	-2.2584053837458193
13221.4	-2.799630383745819
13223.0	-2.034315013745819
13224.7	-2.701841983745819
13226.4	-2.7724920837458193
13228.0	-3.585093383745819
13229.7	-3.4341690837458194
13231.4	-4.250693083745818
13233.0	-3.474297893745819
13234.7	-3.858770883745818
13236.4	-2.561861883745819
13238.0	-2.349887083745819
13239.7	-1.216328383745819
13241.4	-1.252403383745819
13243.0	-0.09161039374581885
13244.7	-0.714419583745819
13246.4	-0.04276644374581919
13248.0	-1.273660583745819
13249.7	-1.123316283745819
13251.4	-2.4274899837458195
13253.1	-2.132354383745819
13254.7	-2.9177275837458194
13256.4	-1.920780883745819
13258.1	-2.5626594837458185
13259.7	-1.7992290837458185
13261.4	-2.421166383745819
13263.1	-1.8855373837458196
13264.7	-2.598767383745819
13266.4	-2.1508939737458186
13268.1	-2.853064683745819
13269.7	-2.535434083745819
13271.4	-3.158778083745819
13273.1	-2.471528783745819
13274.7	-2.8871965837458187
13276.4	-2.292926883745819
13278.1	-2.992568083745818
13279.7	-2.5786245837458197
13281.4	-2.9907969837458195
13283.1	-2.3507686837458186
13284.7	-2.556864083745819
13286.4	-1.6571548837458194
13288.1	-2.0758460837458195
13289.7	-1.3861107837458193
13291.4	-2.014931383745819
13293.1	-1.130699883745819
13294.7	-1.6817098837458189
13296.4	-1.1410853837458197
13298.1	-1.5568446837458192
13299.8	-0.7490295837458187
13301.4	-1.1053860837458191
13303.1	-0.26061348374581933
13304.8	-1.1217202837458184
13306.4	-0.9066099837458191
13308.1	-2.079558523745819
13309.8	-1.865643583745819
13311.4	-2.536371483745819
13313.1	-1.6959723837458192
13314.8	-1.9995245837458184
13316.4	-1.2204826837458191
13318.1	-1.5363409837458197
13319.8	-0.6713000837458193
13321.4	-0.9388872737458192
13323.1	-0.2839023837458194
13324.8	-1.189974183745819
13326.4	-1.1310320837458192
13328.1	-2.318303583745819
13329.8	-1.938224383745819
13331.4	-2.603538383745819
13333.1	-1.9908017837458192
13334.8	-2.72560038374582
13336.4	-2.2883578837458196
13338.1	-3.317432383745819
13339.8	-2.9156315837458187
13341.5	-3.6440819837458194
13343.1	-2.9311193837458185
13344.8	-3.6565393837458187
13346.5	-2.9719383837458184
13348.1	-3.184260383745819
13349.8	-1.9665563837458186
13351.5	-2.109245383745819
13353.1	-1.2125107837458189
13354.8	-1.6138783837458188
13356.5	-0.8685213837458189
13358.1	-1.6250483837458192
13359.8	-1.3293716837458192
13361.5	-2.017925483745819
13363.1	-1.562691383745819
13364.8	-2.6752589837458194
13366.5	-2.083918983745819
13368.1	-2.6558881837458195
13369.8	-1.740347683745819
13371.5	-1.874777483745819
13373.1	-0.671445983745819
13374.8	-0.7170094837458192
13376.5	0.41988801625418126
13378.1	-0.36356348374581876
13379.8	0.11067701625418076
13381.5	-0.832781881745819
13383.1	-0.6786399837458189
13384.8	-1.417930883745819
13386.5	-0.915138483745819
13388.2	-1.2959769837458193
13389.8	-0.4736370837458191
13391.5	-0.8581553837458191
13393.2	-0.007891883745819039
13394.8	-0.40863538374581926
13396.5	-0.07339938374581903
13398.2	-0.369217383745819
13399.8	0.37388901625418086
13401.5	0.28126154625418087
13403.2	0.955320716254181
13404.8	-0.008356613745819353
13406.5	-0.09847394374581904
13408.2	-1.6480501837458195
13409.8	-1.668484583745819
13411.5	-2.3140869837458187
13413.2	-1.3272042037458192
13414.8	-1.2957885837458192
13416.5	-0.43173128374581904
13418.2	-1.149281383745819
13419.8	-0.7011396837458193
13421.5	-1.3709168837458185
13423.2	-0.3437968837458191
13424.8	-0.8848395837458194
13426.5	-0.37275438374581904
13428.2	-1.3602902837458186
13429.8	-1.0832071837458188
13431.5	-1.9399994177458197
13433.2	-1.054090383745819
13434.9	-0.9064524837458189
13436.5	0.9225776162541812
13438.2	1.0607834862541812
13439.9	1.7412444162541807
13441.5	0.897979616254181
13443.2	0.9011007162541811
13444.9	-0.44441168374581946
13446.5	0.1726133162541808
13448.2	-0.41971768374581886
13449.9	0.4691436162541809
13451.5	-0.1426742837458193
13453.2	-0.025254083745819233
13454.9	-1.2287863837458197
13456.5	-1.0418425837458192
13458.2	-1.6567383837458192
13459.9	-0.613880883745819
13461.5	-1.010512383745819
13463.2	-0.5165609837458192
13464.9	-1.6753602837458192
13466.5	-1.3944263837458195
13468.2	-2.591590383745819
13469.9	-2.4687278837458195
13471.5	-3.1411706837458193
13473.2	-2.576380583745819
13474.9	-3.16449231374582
13476.5	-2.4486335837458184
13478.2	-3.028179183745819
13479.9	-2.0280955837458188
13481.6	-2.678933983745819
13483.2	-2.3115500837458187
13484.9	-3.194858183745819
13486.6	-2.7391413837458196
13488.2	-3.0862503837458193
13489.9	-2.1625968837458194
13491.6	-2.4613183837458186
13493.2	-1.590416383745819
13494.9	-2.363709383745819
13496.6	-1.928795083745819
13498.2	-3.042362983745819
13499.9	-2.909079383745819
13501.6	-3.541081183745819
13503.2	-3.1797479837458185
13504.9	-3.598131383745818
13506.6	-2.991782283745819
13508.2	-3.3969243837458194
13509.9	-2.2724163837458184
13511.6	-2.506966583745819
13513.2	-1.2674287837458191
13514.9	-0.9519877537458191
13516.6	-0.3201257537458189
13518.2	-0.5400320837458192
13519.9	-0.377207183745819
13521.6	-1.279190883745819
13523.3	-0.9296040837458189
13524.9	-1.7412948837458189
13526.6	-1.0401612837458187
13528.3	-1.5512159737458193
13529.9	-1.3994569627458189
13531.6	-2.170702183745819
13533.3	-2.042567183745819
13534.9	-2.891211953745819
13536.6	-2.587771783745819
13538.3	-3.547107283745819
13539.9	-3.043377483745819
13541.6	-3.460356383745819
13543.3	-2.664717283745819
13544.9	-3.0026754737458186
13546.6	-2.3311757837458194
13548.3	-2.993327883745819
13549.9	-2.2136256837458195
13551.6	-2.586315083745819
13553.3	-1.6975248837458192
13554.9	-1.5348589837458189
13556.6	-0.5431035837458191
13558.3	-0.6981309837458193
13559.9	0.1199246162541809
13561.6	-0.32630038374581904
13563.3	0.7800517162541809
13564.9	0.3971396162541808
13566.6	1.0479012162541808
13568.3	0.5100486162541812
13570.0	0.578142616254181
13571.6	-0.3897523837458191
13573.3	-0.16768718374581898
13575.0	-1.279416083745819
13576.6	-0.6738733837458191
13578.3	-1.1761247037458191
13580.0	-0.7282658837458194
13581.6	-1.5570163837458193
13583.3	-1.140016383745819
13585.0	-1.7982183837458188
13586.6	-1.2056432837458186
13588.3	-1.8307937437458193
13590.0	-1.3638344837458194
13591.6	-2.1459940837458187
13593.3	-2.028062983745819
13595.0	-3.0669987837458192
13596.6	-2.789942083745819
13598.3	-3.365284943745819
13600.0	-2.9840643837458196
13601.6	-3.5249174337458187
13603.3	-2.770981383745819
13605.0	-2.809799383745819
13606.6	-1.806186383745819
13608.3	-1.7580633837458186
13610.0	-0.8713903837458188
13611.6	-1.5369336837458192
13613.3	-1.506670083745819
13615.0	-2.573757383745819
13616.7	-2.353226383745819
13618.3	-2.9651183837458186
13620.0	-2.3130603837458197
13621.7	-3.167705383745819
13623.3	-2.7239801837458186
13625.0	-3.5377852837458184
13626.7	-2.9755090837458193
13628.3	-2.941245183745819
13630.0	-1.4106852837458188
13631.7	-1.3698672837458195
13633.3	-0.4037470837458191
13635.0	-1.349229383745819
13636.7	-0.6866354137458188
13638.3	-1.178289583745819
13640.0	-0.8299282837458184
13641.7	-1.4975120837458196
13643.3	-1.4560057537458193
13645.0	-2.5199825837458185
13646.7	-2.0504766837458197
13648.3	-2.618814783745819
13650.0	-1.394157383745819
13651.7	-1.621910913745819
13653.3	-1.1728717837458187
13655.0	-1.7748696837458193
13656.7	-1.186875083745819
13658.3	-1.6239406837458195
13660.0	-0.4492491837458193
13661.7	-0.7775014837458191
13663.4	0.07862201625418117
13665.0	-0.7953684437458188
13666.7	-0.5621427837458194
13668.4	-1.584300983745819
13670.0	-1.0663939337458193
13671.7	-2.005958283745819
13673.4	-1.300077483745819
13675.0	-1.7355908837458187
13676.7	-0.9361298837458192
13678.4	-1.1499685837458191
13680.0	-0.17671338374581888
13681.7	-0.4797613837458187
13683.4	0.48381921625418106
13685.0	-0.24905688374581922
13686.7	0.20043201625418092
13688.4	-0.6691592837458188
13690.0	-0.5983967837458194
13691.7	-1.419146383745819
13693.4	-1.3705152237458191
13695.0	-2.3424404837458193
13696.7	-1.8050806837458189
13698.4	-2.303672383745819
13700.0	-1.1072332837458192
13701.7	-0.9771688937458187
13703.4	-0.1928325837458189
13705.0	-0.7363874837458191
13706.7	-0.6304419837458191
13708.4	-1.7047185837458187
13710.1	-1.435869283745819
13711.7	-1.8080006837458193
13713.4	-0.894918583745819
13715.1	-0.9468755837458189
13716.7	-0.3163662837458191
13718.4	-0.8402745237458195
13720.1	-0.1057404837458189
13721.7	-0.3166534837458191
13723.4	0.35243101625418105
13725.1	0.22505661625418122
13726.7	0.6028455862541808
13728.4	-0.08074818374581919
13730.1	0.10038391625418078
13731.7	-1.042650183745819
13733.4	-0.6748898837458188
13735.1	-1.0072415837458188
13736.7	-0.42022908374581897
13738.4	-0.5448193837458188
13740.1	0.15622981625418073
13741.7	-0.7680243837458189
13743.4	-0.4914123837458194
13745.1	-1.7154552837458195
13746.7	-1.6863629837458192
13748.4	-2.4651078737458194
13750.1	-2.1280166937458187
13751.8	-2.9779733837458187
13753.4	-2.2657157837458195
13755.1	-2.8979911837458188
13756.8	-2.090451383745819
13758.4	-2.482301483745819
13760.1	-2.0539784837458193
13761.8	-2.9346833837458197
13763.4	-2.6064922837458186
13765.1	-2.998874883745819
13766.8	-2.0715776837458186
13768.4	-2.0660778837458187
13770.1	-1.1316137837458193
13771.8	-1.6229697837458192
13773.4	-1.3233248137458191
13775.1	-2.165537683745819
13776.8	-2.076604583745819
13778.4	-2.636785283745819
13780.1	-2.322940873745819
13781.8	-2.890880383745819
13783.4	-2.304344083745819
13785.1	-3.04003798374582
13786.8	-2.5260290837458186
13788.4	-2.9965253837458192
13790.1	-2.379021383745819
13791.8	-2.8604096837458197
13793.4	-2.0927583837458195
13795.1	-2.58503238374582
13796.8	-1.8480583837458195
13798.5	-2.4508597837458197
13800.1	-1.7375412837458193
13801.8	-1.8715613837458185
13803.5	-0.694655583745819
13805.1	-1.117981783745819
13806.8	-0.5690363837458193
13808.5	-1.535059983745819
13810.1	-1.4547153837458189
13811.8	-2.0405533837458187
13813.5	-0.9253991837458193
13815.1	-0.4085646837458188
13816.8	1.4048241162541806
13818.5	1.0975206162541806
13820.1	1.445047216254181
13821.8	-0.22788488374581908
13823.5	-0.8831230837458189
13825.1	-2.2321633837458195
13826.8	-1.7518663837458193
13828.5	-2.0241068837458194
13830.1	-0.9224805637458189
13831.8	-1.7083240737458198
13833.5	-1.2487046837458196
13835.1	-2.027070883745819
13836.8	-1.9515335837458188
13838.5	-2.5275234837458185
13840.1	-1.8005233837458192
13841.8	-2.133397183745818
13843.5	-1.3998043837458192
13845.2	-2.1639453837458196
13846.8	-1.7644643837458194
13848.5	-1.8416343837458193
13850.2	-1.4938083837458191
13851.8	-1.8209143837458193
13853.5	-1.0857021837458194
13855.2	-1.7205783837458184
13856.8	-1.4770943837458195
13858.5	-2.41018458374582
13860.2	-1.8844967837458189
13861.8	-2.364934983745819
13863.5	-1.8846558837458196
13865.2	-2.6070633837458184
13866.8	-1.7863859488158191
13868.5	-1.6505124837458183
13870.2	-0.16520958374581932
13871.8	-0.20355328374581888
13873.5	0.9178087462541809
13875.2	-0.39654728374581916
13876.8	-0.4350883837458193
13878.5	-1.7047251837458184
13880.2	-1.3022078837458193
13881.8	-1.7940863837458187
13883.5	-0.6909896837458191
13885.2	-1.268459032645819
13886.8	-0.3517903837458192
13888.5	-0.9257882837458193
13890.2	-0.246308383745819
13891.9	-1.0323621837458188
13893.5	-0.6555741837458189
13895.2	-2.016168183745819
13896.9	-1.801539683745819
13898.5	-2.5557395837458188
13900.2	-1.530204383745819
13901.9	-1.3618423837458191
13903.5	-0.36321538374581924
13905.2	-1.063017983745819
13906.9	-0.634791283745819
13908.5	-1.6889213837458186
13910.2	-1.4000003837458188
13911.9	-2.006093283745819
13913.5	-1.196631223745819
13915.2	-1.4071580837458189
13916.9	-0.6002691837458192
13918.5	-1.3343845937458192
13920.2	-0.7531767837458188
13921.9	-1.4257585337458192
13923.5	-1.0271781837458192
13925.2	-2.0071775837458192
13926.9	-2.016716383745819
13928.5	-3.2951803837458193
13930.2	-2.978272383745819
13931.9	-3.7369729837458188
13933.6	-3.004251383745819
13935.2	-3.3312093837458194
13936.9	-2.1673843837458193
13938.6	-2.3743254837458188
13940.2	-1.3257075837458192
13941.9	-1.649147483745819
13943.6	-0.580381603745819
13945.2	-0.896402283745819
13946.9	-0.06742166374581879
13948.6	-0.6447105837458188
13950.2	0.04849561625418066
13951.9	-0.9536203837458187
13953.6	-0.3230246837458193
13955.2	-1.202016583745819
13956.9	-0.7062623837458191
13958.6	-1.0469233837458187
13960.2	0.00017561625418118786
13961.9	-0.2533134837458187
13963.6	0.7209442162541804
13965.2	-0.3278735837458191
13966.9	-0.2069513837458185
13968.6	-1.2981718837458192
13970.2	-1.5342093837458188
13971.9	-2.1603826837458193
13973.6	-1.6742897837458195
13975.2	-2.2770833837458193
13976.9	-1.8623367837458193
13978.6	-3.1208253837458195
13980.3	-2.755382183745818
13981.9	-3.324030183745818
13983.6	-2.609942383745819
13985.3	-2.369241883745819
13986.9	-1.3304115837458195
13988.6	-1.5724478837458196
13990.3	-1.2042789037458195
13991.9	-2.563985693745819
13993.6	-2.0512493837458194
13995.3	-2.8480543837458194
13996.9	-2.0937843837458194
13998.6	-2.6750763837458194
14000.3	-2.4318973837458193
14001.9	-3.1468560837458193
14003.6	-2.8575645537458185
14005.3	-3.325072753745819
14006.9	-2.0752289837458187
14008.6	-1.9645623837458186
14010.3	-0.9899991037458193
14011.9	-0.767261383745819
14013.6	0.36411761625418104
14015.3	0.749745616254181
14016.9	1.993621616254181
14018.6	1.529528816254181
14020.3	1.216459686254181
14021.9	-0.29514838374581903
14023.6	-0.8574034837458189
14025.3	-1.3490958437458191
14027.0	-0.510652763745819
14028.6	-0.5953193837458195
14030.3	0.0034901162541808974
14032.0	-1.1070204837458186
14033.6	-1.303775283745819
14035.3	-2.538977983745819
14037.0	-2.4138733837458193
14038.6	-2.85322938374582
14040.3	-2.352945383745819
14042.0	-3.2645663837458185
14043.6	-3.3945795837458186
14045.3	-4.6077041837458195
14047.0	-4.374650383745818
14048.6	-4.703845383745819
14050.3	-3.46825878374582
14052.0	-3.0881523837458187
14053.6	-1.6606715637458194
14055.3	-1.5656311837458194
14057.0	-1.1053713837458192
14058.6	-1.761368383745819
14060.3	-1.2889533837458191
14062.0	-1.846683383745819
14063.6	-1.40906138374582
14065.3	-2.1271812837458195
14067.0	-1.8131435837458192
14068.6	-2.3617832837458193
14070.3	-2.115292883745819
14072.0	-3.0266773837458194
14073.7	-2.540526083745819
14075.3	-2.9836219837458193
14077.0	-2.4479412837458185
14078.7	-2.954257703745819
14080.3	-2.5707724837458192
14082.0	-3.1614173837458197
14083.7	-2.50604538374582
14085.3	-2.89950388374582
14087.0	-2.0692443837458194
14088.7	-2.184860983745819
14090.3	-1.243171483745819
14092.0	-1.4291644837458186
14093.7	-1.0424261837458189
14095.3	-1.8141399837458192
14097.0	-1.610243683745819
14098.7	-2.0430814837458193
14100.3	-1.3584660837458191
14102.0	-1.5701483837458183
14103.7	-0.782400383745819
14105.3	-1.2728592937458196
14107.0	-1.0342983837458193
14108.7	-1.711260383745819
14110.3	-1.0846003837458196
14112.0	-1.324460583745819
14113.7	-0.49201653374581894
14115.4	-1.3235282837458187
14117.0	-1.2303479037458187
14118.7	-2.0705032837458193
14120.4	-1.582678983745819
14122.0	-1.8497780837458184
14123.7	-1.1488713837458189
14125.4	-2.237843383745819
14127.0	-1.8948876837458184
14128.7	-3.0461951837458185
14130.4	-3.0120566237458197
14132.0	-3.340384283745819
14133.7	-2.6887661837458188
14135.4	-2.751696083745819
14137.0	-1.6066558537458193
14138.7	-1.555663783745819
14140.4	-0.023295383745819097
14142.0	-0.04837738374581888
14143.7	0.2933926162541809
14145.4	-0.2823543837458191
14147.0	-0.3084853837458191
14148.7	-1.3456522837458187
14150.4	-1.2570338837458188
14152.0	-2.1947730837458193
14153.7	-1.832287383745819
14155.4	-2.4414093837458184
14157.0	-1.7912583837458194
14158.7	-1.581488383745819
14160.4	-0.6481821837458193
14162.1	-1.088435783745819
14163.7	-1.068509083745819
14165.4	-2.299545971745819
14167.1	-2.0250008837458195
14168.7	-2.2580762837458193
14170.4	-1.0880107837458193
14172.1	-1.1476387837458188
14173.7	-0.6867513837458193
14175.4	-1.5029926837458192
14177.1	-1.3945382837458187
14178.7	-1.9131173837458193
14180.4	-0.5044744937458192
14182.1	0.0033501162541811347
14183.7	1.5767923162541808
14185.4	1.289549716254181
14187.1	1.5359237962541807
14188.7	0.24472511625418097
14190.4	0.41595591625418094
14192.1	-0.539131783745819
14193.7	0.04233091625418104
14195.4	-0.633513383745819
14197.1	-0.5431507337458188
14198.7	-1.7979573837458187
14200.4	-2.1163343837458193
14202.1	-3.5430943837458195
14203.7	-3.0252692837458186
14205.4	-3.0910790437458195
14207.1	-1.7969305837458194
14208.8	-1.3729583837458192
14210.4	-0.5026527837458187
14212.1	-1.0193351037458194
14213.8	-1.1050950837458189
14215.4	-2.6051888837458193
14217.1	-2.890917383745818
14218.8	-3.621857583745819
14220.4	-3.097576983745819
14222.1	-3.266621883745819
14223.8	-2.4898323837458194
14225.4	-2.871134942745819
14227.1	-2.175860083745819
14228.8	-2.861150383745819
14230.4	-2.297945683745819
14232.1	-2.705878083745819
14233.8	-2.3672863837458182
14235.4	-3.334930383745821
14237.1	-2.5662603837458198
14238.8	-2.717733983745819
14240.4	-1.701966583745819
14242.1	-1.7489193837458195
14243.8	-0.8861932837458191
14245.4	-1.5938709837458191
14247.1	-1.5341580837458189
14248.8	-3.1643013837458183
14250.4	-3.197736383745819
14252.1	-3.949530383745819
14253.8	-3.227189383745819
14255.5	-2.793643383745819
14257.1	-0.6547230837458191
14258.8	0.2911006162541809
14260.5	1.6057834162541806
14262.1	0.8187468162541809
14263.8	0.43134061625418074
14265.5	-1.7254493837458185
14267.1	-2.422816983745819
14268.8	-4.062387783745819
14270.5	-3.550126383745819
14272.1	-3.8467899837458193
14273.8	-2.8641702837458185
14275.5	-2.6705550837458185
14277.1	-1.3131303837458184
14278.8	-1.3147693837458192
14280.5	-0.1934967837458191
14282.1	-0.8549305257458194
14283.8	-0.3479266337458194
14285.5	-1.1593639837458194
14287.1	-1.3823174837458188
14288.8	-2.3317833837458184
14290.5	-2.096421383745819
14292.1	-2.6984733837458195
14293.8	-1.897275383745819
14295.5	-2.2390280837458194
14297.2	-1.798235183745819
14298.8	-2.0827414837458194
14300.5	-1.7094615537458189
14302.2	-2.3177143837458196
14303.8	-1.8493764837458186
14305.5	-2.683741383745819
14307.2	-2.643324483745819
14308.8	-3.8270057837458196
14310.5	-4.106090583745819
14312.2	-4.90138448374582
14313.8	-4.271476383745819
14315.5	-4.181103383745819
14317.2	-2.898732383745819
14318.8	-2.7073387837458194
14320.5	-1.6996763837458189
14322.2	-1.716603383745819
14323.8	-0.8776653837458191
14325.5	-1.1766910837458189
14327.2	-0.5763280837458191
14328.8	-1.1719377837458191
14330.5	-0.915016383745819
14332.2	-1.8755333837458195
14333.8	-1.671616383745819
14335.5	-2.3571621837458188
14337.2	-1.6584420837458194
14338.8	-2.2549565837458188
14340.5	-1.2997803837458188
14342.2	-1.2613653837458192
14343.9	-0.2724932837458192
14345.5	-0.8273806837458189
14347.2	-0.5280063837458191
14348.9	-1.8768176837458193
14350.5	-2.3207092837458196
14352.2	-3.8263756837458183
14353.9	-3.7576178137458185
14355.5	-4.2878147837458185
14357.2	-3.108107883745819
14358.9	-3.3352575837458183
14360.5	-2.1018553837458187
14362.2	-2.1549573837458187
14363.9	-1.427309683745819
14365.5	-2.0139396837458188
14367.2	-1.7197299837458189
14368.9	-2.6310093837458197
14370.5	-2.2441099837458185
14372.2	-3.02529748374582
14373.9	-2.123719783745819
14375.5	-2.5030653837458194
14377.2	-1.713828083745819
14378.9	-2.231735383745819
14380.5	-2.0921983837458193
14382.2	-2.363103883745819
14383.9	-1.6330717837458189
14385.5	-2.001814183745819
14387.2	-0.765851683745819
14388.9	-1.049384083745819
14390.6	-0.5619288837458194
14392.2	-1.3443771837458194
14393.9	-1.1927066837458191
14395.6	-1.813532383745819
14397.2	-1.171585383745819
14398.9	-2.155752683745819
14400.6	-1.9788348837458192
14402.2	-3.324469883745819
14403.9	-3.129022383745819
14405.6	-4.226722083745819
14407.2	-3.458955183745819
14408.9	-4.016945383745819
14410.6	-3.3120115837458193
14412.2	-3.7739172837458197
14413.9	-2.816875783745819
14415.6	-2.660358183745819
14417.2	-0.8616312837458192
14418.9	-0.5718762837458188
14420.6	0.6530693162541811
14422.2	-0.34833038374581854
14423.9	-1.258035383745819
14425.6	-3.292703383745819
14427.2	-4.12035238374582
14428.9	-5.12581538374582
14430.6	-3.9745103837458196
14432.2	-3.816392083745819
14433.9	-2.069029083745819
14435.6	-1.7163693837458187
14437.3	-0.7930496837458187
14438.9	-1.0289171837458186
14440.6	-0.11874408374581913
14442.3	-0.7718619837458192
14443.9	-0.223948583745819
14445.6	-1.4061626137458192
14447.3	-1.3577300837458188
14448.9	-2.1307275837458186
14450.6	-1.2621759837458195
14452.3	-1.5901225837458193
14453.9	-0.38468138374581873
14455.6	-0.8324576837458192
14457.3	-0.025316083745819108
14458.9	-0.494325383745819
14460.6	0.3159826162541809
14462.3	0.09178261625418101
14463.9	1.0721266162541814
14465.6	0.5543006162541808
14467.3	1.242250616254181
14468.9	0.26594061625418103
14470.6	0.3610924162541808
14472.3	-1.074881583745819
14473.9	-1.0930375837458193
14475.6	-1.6609653837458194
14477.3	-0.8880823837458189
14479.0	-0.994844383745819
14480.6	0.13830461625418078
14482.3	-0.33110698374581926
14484.0	-0.32489208374581907
14485.6	-1.716658883745819
14487.3	-1.9583590537458186
14489.0	-2.6914959837458197
14490.6	-1.6697679837458186
14492.3	-1.294134583745819
14494.0	0.7279120162541808
14495.6	1.3664527162541806
14497.3	2.1037404062541807
14499.0	1.319966116254181
14500.6	1.171116816254181
14502.3	-0.07704138374581877
14504.0	-0.052577383745818954
14505.6	-0.669178483745819
14507.3	0.060754216254181204
14509.0	-0.4095420837458191
14510.6	0.24319991625418108
14512.3	-0.06305718374581884
14514.0	0.8846435162541809
14515.6	0.49622331625418087
14517.3	0.7604400162541811
14519.0	-0.23006748374581942
14520.6	-0.5470058837458189
14522.3	-2.3612937837458188
14524.0	-2.6617462837458197
14525.7	-3.9836907837458186
14527.3	-3.330524183745819
14529.0	-3.9152356837458187
14530.7	-3.3645210837458195
14532.3	-4.0785625837458195
14534.0	-3.9212479837458183
14535.7	-5.020561383745818
14537.3	-4.254114303745819
14539.0	-4.55592695374582
14540.7	-3.2145449837458195
14542.3	-3.7322088837458183
14544.0	-3.1591120837458186
14545.7	-3.9655686707458186
14547.3	-3.312485383745819
14549.0	-3.45130438374582
14550.7	-1.9637437837458187
14552.3	-1.9702298837458188
14554.0	-1.054230983745819
14555.7	-1.878699283745819
14557.3	-1.6344493837458187
14559.0	-2.450248883745819
14560.7	-1.837099383745819
14562.3	-2.381454783745819
14564.0	-1.3958621837458192
14565.7	-1.4014043837458188
14567.3	-0.3326007837458191
14569.0	-0.14835958374581892
14570.7	0.34192521625418076
14572.4	-0.8762742837458195
14574.0	-0.9273063837458195
14575.7	-2.070533383745819
14577.4	-1.9860383837458193
14579.0	-2.2014965837458194
14580.7	-0.970704083745819
14582.4	-0.6007603237458192
14584.0	0.14660151625418089
14585.7	-0.571269583745819
14587.4	-0.5396309837458189
14589.0	-1.2186850837458187
14590.7	-0.8841730837458194
14592.4	-1.6752443337458196
14594.0	-1.0621632837458195
14595.7	-1.474383783745819
14597.4	-1.6158594537458195
14599.0	-2.6394033837458184
14600.7	-2.833755583745819
14602.4	-4.039970783745819
14604.0	-3.6981386277458186
14605.7	-4.39298548374582
14607.4	-3.411602433745819
14609.0	-3.2860177837458187
14610.7	-2.5279683837458187
14612.4	-2.91307338374582
14614.0	-3.070950383745819
14615.7	-4.39459738374582
14617.4	-4.377243243745818
14619.1	-4.746076383745819
14620.7	-2.858096983745819
14622.4	-1.8240410837458185
14624.1	0.14009101625418122
14625.7	0.4389616962541811
14627.4	0.537596516254181
14629.1	-1.129336783745819
14630.7	-2.003626383745819
14632.4	-3.552540383745819
14634.1	-3.3141303837458187
14635.7	-3.48739638374582
14637.4	-2.080468053745819
14639.1	-1.6469453837458192
14640.7	-0.6549799837458192
14642.4	-0.9408219837458193
14644.1	-0.8673456837458187
14645.7	-1.965084083745819
14647.4	-2.0480353837458187
14649.1	-3.059467283745819
14650.7	-2.727913383745819
14652.4	-3.447386383745818
14654.1	-2.771117183745819
14655.7	-2.777661983745819
14657.4	-1.735178483745819
14659.1	-1.5692333837458192
14660.8	-0.742100983745819
14662.4	-1.6678888837458192
14664.1	-1.564048383745819
14665.8	-2.720400383745819
14667.4	-2.0879371837458196
14669.1	-2.300166383745819
14670.8	-1.6052483837458194
14672.4	-1.9988699837458195
14674.1	-1.6990453837458186
14675.8	-2.6091887837458194
14677.4	-2.246983683745819
14679.1	-3.024503383745819
14680.8	-2.404777383745819
14682.4	-2.855035683745819
14684.1	-2.291226583745819
14685.8	-2.6924533737458196
14687.4	-2.112616663745819
14689.1	-2.7022253837458186
14690.8	-2.049858683745819
14692.4	-2.818548583745819
14694.1	-2.615810583745819
14695.8	-3.2872362837458184
14697.4	-2.414182683745819
14699.1	-2.440914383745819
14700.8	-1.4217383837458188
14702.4	-1.5483690837458188
14704.1	-1.2343942837458193
14705.8	-2.294148683745819
14707.5	-2.3464072837458185
14709.1	-2.891525983745819
14710.8	-1.9457093837458193
14712.5	-2.0300373837458188
14714.1	-1.1957870837458189
14715.8	-1.813398383745819
14717.5	-1.6652138837458188
14719.1	-2.279001683745819
14720.8	-1.7508489837458197
14722.5	-1.9023550837458192
14724.1	-1.130959983745819
14725.8	-1.716549083745819
14727.5	-1.330964383745819
14729.1	-1.9359043837458187
14730.8	-1.4060693837458187
14732.5	-1.9290919497458194
14734.1	-0.9704227837458189
14735.8	-1.5527379837458197
14737.5	-1.170073383745819
14739.1	-1.9920274837458187
14740.8	-1.7556270837458192
14742.5	-2.5367538837458192
14744.1	-1.425759583745819
14745.8	-1.660720783745819
14747.5	-0.2543294837458194
14749.1	-0.511276383745819
14750.8	0.4023190162541813
14752.5	-0.5696783837458193
14754.2	-0.3827495937458193
14755.8	-1.5911014837458188
14757.5	-1.8593850837458188
14759.2	-3.150287483745819
14760.8	-2.7025533837458187
14762.5	-3.420142483745819
14764.2	-2.794324383745819
14765.8	-3.8914913837458185
14767.5	-4.197674383745818
14769.2	-5.37771238374582
14770.8	-5.257104383745818
14772.5	-6.077745383745819
14774.2	-5.473460383745819
14775.8	-5.690251383745819
14777.5	-5.00712738374582
14779.2	-5.36810118374582
14780.8	-4.502054683745819
14782.5	-4.444889983745819
14784.2	-2.926232383745819
14785.8	-2.9342133837458184
14787.5	-2.05750338374582
14789.2	-2.4745743837458196
14790.8	-2.030658483745819
14792.5	-2.646728983745819
14794.2	-2.272344483745819
14795.8	-2.8781762837458187
14797.5	-2.0416287837458187
14799.2	-2.2410313837458187
14800.9	-1.420305983745819
14802.5	-2.334148383745819
14804.2	-2.5588894737458188
14805.9	-3.6725578837458195
14807.5	-3.507267083745819
14809.2	-4.003124283745819
14810.9	-3.057712253745819
14812.5	-3.0644163837458187
14814.2	-1.9453303837458193
14815.9	-2.3550720837458186
14817.5	-1.8104435837458195
14819.2	-1.838042483745819
14820.9	-1.023182653745819
14822.5	-1.5189898837458191
14824.2	-0.9458470837458186
14825.9	-1.961946283745819
14827.5	-1.374236183745819
14829.2	-2.1810846837458184
14830.9	-1.7743488837458188
14832.5	-2.097742353745819
14834.2	-1.3674477837458192
14835.9	-1.964260883745819
14837.5	-1.060018683745819
14839.2	-1.5116025837458185
14840.9	-0.6546036837458191
14842.6	-1.0741572837458189
14844.2	-0.26248518374581936
14845.9	-0.9785993837458189
14847.6	-0.9581743837458191
14849.2	-2.1184043837458186
14850.9	-2.270246483745819
14852.6	-3.1999747837458195
14854.2	-2.991076223745819
14855.9	-3.604187893745819
14857.6	-2.7604447837458195
14859.2	-3.110814283745819
14860.9	-2.9130253837458193
14862.6	-2.9627433837458192
14864.2	-2.117985083745819
14865.9	-2.5502310837458193
14867.6	-2.113281083745819
14869.2	-3.1650511837458186
14870.9	-3.688520483745818
14872.6	-5.11235238374582
14874.2	-5.440637383745819
14875.9	-5.5475079837458185
14877.6	-4.2582196837458195
14879.2	-3.874580383745818
14880.9	-2.4781693837458194
14882.6	-2.2548399837458195
14884.2	-1.735641783745819
14885.9	-2.271443883745819
14887.6	-1.8301063837458194
14889.3	-1.7873743837458194
14890.9	-0.9642033837458189
14892.6	-1.3574708837458191
14894.3	-0.6787657837458191
14895.9	-1.123934683745819
14897.6	-0.5460005837458192
14899.3	-1.0226438837458187
14900.9	-0.06676438374581917
14902.6	-0.3090903837458191
14904.3	0.4686232662541808
14905.9	-0.11123948374581918
14907.6	0.38926073625418084
14909.3	-0.03256138374581914
14910.9	0.9080176162541808
14912.6	0.3202113662541811
14914.3	0.847071016254181
14915.9	0.013689416254181052
14917.6	0.12358761625418087
14919.3	-0.5955473837458192
14920.9	-0.31844798374581923
14922.6	-0.696395283745819
14924.3	-0.40342215374581886
14925.9	-1.4991996837458195
14927.6	-1.6386483837458186
14929.3	-2.6436873837458195
14930.9	-2.2287173837458183
14932.6	-2.613710483745819
14934.3	-1.9410273837458192
14936.0	-2.196490683745818
14937.6	-1.8186865837458186
14939.3	-2.9345989837458193
14941.0	-2.1749525837458195
14942.6	-2.642957083745819
14944.3	-1.592340083745819
14946.0	-2.034239783745819
14947.6	-1.4257273837458193
14949.3	-1.9678373837458192
14951.0	-1.3531083837458189
14952.6	-1.9194945837458188
14954.3	-0.8874852837458189
14956.0	-1.6956076837458192
14957.6	-1.185398583745819
14959.3	-1.8028301837458192
14961.0	-1.3967254837458187
14962.6	-1.4519700837458194
14964.3	-0.5515348437458191
14966.0	-0.8569897837458186
14967.6	-0.3674524837458192
14969.3	-1.526047983745819
14971.0	-1.6818578837458187
14972.6	-2.606620383745819
14974.3	-2.5497113837458194
14976.0	-3.2650273837458195
14977.6	-2.6148986837458192
14979.3	-3.201035383745819
14981.0	-2.958374383745819
14982.7	-3.7312903837458187
14984.3	-2.866455383745819
14986.0	-3.0081843837458186
14987.7	-1.5563023837458192
14989.3	-1.3025183837458194
14991.0	0.2735285162541808
14992.7	0.4866106162541812
14994.3	1.1402206162541808
14996.0	0.450992616254181
14997.7	0.9421443162541809
14999.3	-0.025070383745819224
15001.0	0.22241361625418093
15002.7	-1.2158742837458192
15004.3	-1.677368683745819
15006.0	-3.153710503745819
15007.7	-2.9440645837458197
15009.3	-2.9631782837458185
15011.0	-0.9882703837458191
15012.7	-0.4437361837458188
15014.3	0.5571252162541811
15016.0	-0.25003428374581926
15017.7	-0.6172732837458191
15019.3	-1.7255431837458186
15021.0	-1.055223283745819
15022.7	-1.0988714837458189
15024.4	-0.13973638374581893
15026.0	-0.6121087837458189
15027.7	-0.5794384837458194
15029.4	-1.2060291837458186
15031.0	-0.8339755837458188
15032.7	-1.7290908837458197
15034.4	-1.5066680837458193
15036.0	-2.2244683837458186
15037.7	-2.4741146837458188
15039.4	-2.9511408837458193
15041.0	-2.270385983745819
15042.7	-2.4697580837458193
15044.4	-1.388437883745819
15046.0	-2.3951563837458196
15047.7	-2.4280173837458188
15049.4	-3.359508383745818
15051.0	-3.633061883745819
15052.7	-3.990517883745819
15054.4	-3.0466764837458187
15056.0	-3.0399646837458194
15057.7	-2.1384122837458195
15059.4	-2.769886783745819
15061.0	-2.850240383745819
15062.7	-3.9020301837458184
15064.4	-3.7854123837458182
15066.0	-4.316760783745819
15067.7	-3.3649312837458183
15069.4	-3.4061271837458187
15071.1	-2.4528648737458187
15072.7	-2.6972164587458183
15074.4	-2.165517383745819
15076.1	-2.5249717837458188
15077.7	-1.3834923837458193
15079.4	-1.510313683745819
15081.1	-0.3597583837458191
15082.7	-0.6967850837458196
15084.4	-0.10406918374581905
15086.1	-0.9352403837458192
15087.7	-1.005423383745819
15089.4	-2.6617963837458185
15091.1	-3.16854238374582
15092.7	-4.73838788374582
15094.4	-5.005473183745819
15096.1	-5.817637883745818
15097.7	-5.23452038374582
15099.4	-5.12325038374582
15101.1	-3.8015113837458196
15102.7	-3.4421312837458187
15104.4	-2.3418767837458185
15106.1	-2.359215186745819
15107.7	-1.7058096837458188
15109.4	-2.0261338437458187
15111.1	-1.622683283745819
15112.7	-1.468552483745819
15114.4	-0.17173998374581947
15116.1	0.027817116254181196
15117.8	0.6961048162541807
15119.4	-0.37581448374581944
15121.1	-0.602025583745819
15122.8	-1.5484673837458192
15124.4	-1.1685728137458193
15126.1	-0.9871783837458192
15127.8	0.13293861625418088
15129.4	-0.13168138374581861
15131.1	0.27128361625418107
15132.8	-1.2298103837458194
15134.4	-1.5341710837458193
15136.1	-3.207673583745818
15137.8	-3.571984683745819
15139.4	-4.27824558374582
15141.1	-4.377091483745819
15142.8	-4.842792383745819
15144.4	-3.466833183745819
15146.1	-3.6670343837458192
15147.8	-2.3357879837458198
15149.4	-2.502921283745819
15151.1	-1.965803140745819
15152.8	-2.411364383745819
15154.4	-2.048514383745819
15156.1	-3.2727278837458194
15157.8	-2.590869383745819
15159.4	-2.8262508837458196
15161.1	-1.3709763837458189
15162.8	-0.6631633837458191
15164.5	1.0924605162541812
15166.1	0.6381958162541813
15167.8	1.501953816254181
15169.5	-0.23711438374581917
15171.1	-0.9947723837458191
15172.8	-2.5817943837458186
15174.5	-2.529664383745819
15176.1	-3.2574023837458186
15177.8	-1.8896659837458192
15179.5	-2.019786383745819
15181.1	-0.2813083837458191
15182.8	-0.2974003837458185
15184.5	0.5707194162541809
15186.1	-0.406501183745819
15187.8	-0.5247485037458187
15189.5	-1.8617993837458193
15191.1	-1.5136383837458192
15192.8	-1.9838916837458194
15194.5	-1.1399589437458189
15196.1	-1.2576344837458193
15197.8	-0.8591318837458186
15199.5	-1.997568283745819
15201.1	-1.9611598837458193
15202.8	-2.360600383745819
15204.5	-1.4842579837458192
15206.2	-1.401390583745819
15207.8	-1.1628881837458191
15209.5	-2.13941438374582
15211.2	-2.296501383745819
15212.8	-3.2146673837458195
15214.5	-1.9939003837458187
15216.2	-1.627425383745819
15217.8	-0.5280402837458193
15219.5	-0.7674143837458189
15221.2	-0.09918578374581885
15222.8	-0.7680610937458194
15224.5	-0.04213578374581921
15226.2	-0.7354316837458189
15227.8	-0.05431778374581926
15229.5	-0.5225109537458191
15231.2	0.21360761625418076
15232.8	0.21738951625418085
15234.5	1.175846016254181
15236.2	0.348018716254181
15237.8	0.04033061625418068
15239.5	-1.905353583745819
15241.2	-2.4622482837458186
15242.8	-3.6326194737458204
15244.5	-2.9073655837458188
15246.2	-2.7964573837458198
15247.8	-1.4513423837458195
15249.5	-1.1187703837458185
15251.2	0.1506306162541811
15252.9	0.5617326162541808
15254.5	1.5241766162541805
15256.2	0.8251280162541805
15257.9	0.747952616254181
15259.5	-0.583907383745819
15261.2	-0.682531383745819
15262.9	-1.162162383745819
15264.5	-0.26094338374581916
15266.2	0.36173621625418056
15267.9	1.303323616254181
15269.5	0.5268839162541814
15271.2	-0.11151718374581945
15272.9	-1.9313453837458199
15274.5	-3.096856383745819
15276.2	-4.433601983745819
15277.9	-3.942772583745819
15279.5	-3.953567483745819
15281.2	-2.497299983745819
15282.9	-2.6145713837458198
15284.5	-2.1406545837458193
15286.2	-3.1426163337458197
15287.9	-3.656899683745819
15289.5	-4.649529823745819
15291.2	-4.054675183745819
15292.9	-4.014787383745819
15294.5	-2.545443383745819
15296.2	-2.921155483745819
15297.9	-2.071006883745819
15299.6	-2.8286434837458185
15301.2	-2.6318279837458194
15302.9	-3.260826383745819
15304.6	-2.8775645837458184
15306.2	-3.30773576374582
15307.9	-2.736311183745819
15309.6	-3.689583383745819
15311.2	-3.2471373837458186
15312.9	-3.5936363837458196
15314.6	-2.771217283745819
15316.2	-2.968572683745819
15317.9	-1.8774587837458185
15319.6	-1.9717613837458188
15321.2	-1.3949593837458194
15322.9	-2.1865843837458185
15324.6	-2.332019383745819
15326.2	-3.7589872837458187
15327.9	-3.9549923837458194
15329.6	-4.9931393837458184
15331.2	-4.396439693745819
15332.9	-4.512307203745818
15334.6	-3.67092398374582
15336.2	-4.328154183745819
15337.9	-4.02666048374582
15339.6	-5.077172793745818
15341.2	-4.5791006837458195
15342.9	-4.738212383745819
15344.6	-3.947131083745819
15346.3	-3.853224683745819
15347.9	-3.062292893745819
15349.6	-3.258205383745819
15351.3	-2.0488770837458192
15352.9	-1.6816113837458189
15354.6	-0.29706138374581875
15356.3	-0.2227025837458191
15357.9	0.34557061625418095
15359.6	-0.006626383745819364
15361.3	0.0909397162541814
15362.9	-0.22599638374581899
15364.6	0.6739166162541805
15366.3	0.38959961625418094
15367.9	0.8613908162541808
15369.6	-0.2974463837458192
15371.3	-0.545610383745819
15372.9	-1.6161603837458192
15374.6	-1.5365381837458192
15376.3	-2.016915383745819
15377.9	-1.2197333837458193
15379.6	-1.1748384837458192
15381.3	-0.318126333745819
15382.9	-0.7528567837458191
15384.6	-0.5662023837458193
15386.3	-1.8597180837458194
15388.0	-2.2705843837458195
15389.6	-3.6906296837458195
15391.3	-3.966077383745818
15393.0	-4.53545538374582
15394.6	-4.132498183745819
15396.3	-4.31540328374582
15398.0	-3.2775318837458185
15399.6	-3.1006093837458186
15401.3	-1.5717233837458195
15403.0	-1.2854333837458192
15404.6	-0.016904683745818973
15406.3	0.2575176162541805
15408.0	1.1035486162541805
15409.6	0.2100972162541807
15411.3	0.2332584162541808
15413.0	-1.175382483745819
15414.6	-1.1543083837458188
15416.3	-1.7934833837458186
15418.0	-1.0796688837458195
15419.6	-1.4180803837458194
15421.3	-0.3898573837458194
15423.0	-1.319161383745819
15424.6	-0.9730435837458188
15426.3	-1.672689783745819
15428.0	-1.078796383745819
15429.6	-1.9004703837458188
15431.3	-1.6449627837458187
15433.0	-2.6260194837458193
15434.7	-1.7741413837458193
15436.3	-1.8644916837458194
15438.0	-0.7798091837458188
15439.7	-0.6155963837458187
15441.3	0.5783236162541812
15443.0	0.12682511625418097
15444.7	1.114170416254181
15446.3	0.5730753162541811
15448.0	0.7445890162541813
15449.7	-0.2134702837458185
15451.3	-0.31097238374581915
15453.0	-1.6095561837458185
15454.7	-1.757218183745819
15456.3	-2.8429469837458194
15458.0	-1.9655706837458191
15459.7	-2.1860933837458196
15461.3	-1.467451583745819
15463.0	-1.626121073745819
15464.7	-0.6163571837458189
15466.3	-1.2403613837458185
15468.0	-0.8020304837458188
15469.7	-1.4557343837458192
15471.3	-1.0386440837458193
15473.0	-1.7392359837458191
15474.7	-2.206878483745819
15476.3	-3.3160343837458193
15478.0	-2.9826926837458196
15479.7	-3.794065983745818
15481.4	-2.8524413837458193
15483.0	-2.5560453837458192
15484.7	-1.8411387837458189
15486.4	-2.447214483745819
15488.0	-3.2520094837458187
15489.7	-5.281591823745819
15491.4	-5.925203383745818
15493.0	-6.737477383745819
15494.7	-5.736373283745818
15496.4	-4.511652383745821
15498.0	-2.44793398374582
15499.7	-1.7480534837458186
15501.4	-0.7180864837458187
15503.0	-1.1121395837458188
15504.7	-0.9565345837458189
15506.4	-1.6868869637458193
15508.0	-1.4349863837458188
15509.7	-2.1811139837458184
15511.4	-2.020556583745819
15513.0	-2.7496644837458186
15514.7	-2.5833096837458194
15516.4	-3.1649373837458197
15518.0	-2.6388296837458194
15519.7	-3.0120523837458193
15521.4	-2.294975683745819
15523.0	-2.8771313837458203
15524.7	-2.8455696837458193
15526.4	-3.8595423837458185
15528.1	-4.096424783745819
15529.7	-4.938624383745817
15531.4	-4.661818383745819
15533.1	-4.6896183837458185
15534.7	-3.837479383745818
15536.4	-3.3278602837458187
15538.1	-2.0337853837458186
15539.7	-2.418672383745819
15541.4	-2.477107383745819
15543.1	-3.112983853745818
15544.7	-3.004663983745819
15546.4	-3.17965618374582
15548.1	-2.143413383745819
15549.7	-1.6332553837458192
15551.4	-0.4401943837458191
15553.1	-1.2655319837458185
15554.7	-1.871940383745819
15556.4	-3.312989283745819
15558.1	-3.9975669837458185
15559.7	-5.64475238374582
15561.4	-5.6186204837458185
15563.1	-5.73017738374582
15564.7	-4.295265183745819
15566.4	-3.8351578337458188
15568.1	-2.606097683745819
15569.8	-2.6245725837458194
15571.4	-1.8835583837458187
15573.1	-2.294654183745819
15574.8	-1.5806709837458188
15576.4	-1.541586383745819
15578.1	-1.0440387837458192
15579.8	-2.5927211837458186
15581.4	-3.7630911837458187
15583.1	-5.518075383745819
15584.8	-5.702568483745819
15586.4	-5.648221383745819
15588.1	-3.90616008374582
15589.8	-2.941942483745819
15591.4	-1.523094383745819
15593.1	-2.2569417837458183
15594.8	-2.6123349837458187
15596.4	-3.4430490837458194
15598.1	-3.1170865837458193
15599.8	-3.5499883547458184
15601.4	-2.9050341837458182
15603.1	-3.562737783745819
15604.8	-3.3554963837458187
15606.4	-4.46200238374582
15608.1	-4.084243383745819
15609.8	-4.305937383745819
15611.4	-3.2471233837458184
15613.1	-3.3776310837458183
15614.8	-2.5107276837458192
15616.5	-2.5801866837458194
15618.1	-1.5526844837458187
15619.8	-1.6541893837458193
15621.5	-0.5107724837458185
15623.1	-0.42945318374581937
15624.8	0.5387326162541809
15626.5	0.05068911625418089
15628.1	0.42675001625418113
15629.8	-0.11623938374581941
15631.5	0.3131506162541811
15633.1	-0.4643603837458191
15634.8	-0.062479283745819195
15636.5	-0.967873983745819
15638.1	-0.9253431137458188
15639.8	-2.344493083745819
15641.5	-2.7536047837458186
15643.1	-3.7262603837458195
15644.8	-3.318568883745818
15646.5	-3.464468283745819
15648.1	-2.0565834837458192
15649.8	-1.6787483837458193
15651.5	-0.10252738374581898
15653.1	0.474517416254181
15654.8	1.3077071162541807
15656.5	1.1643786162541807
15658.1	1.0821955162541805
15659.8	-0.06288038374581895
15661.5	-0.134976283745819
15663.2	-1.7038693837458194
15664.8	-1.9035653837458189
15666.5	-2.824318383745819
15668.2	-2.681052683745819
15669.8	-3.2180067837458197
15671.5	-3.1584253837458185
15673.2	-3.7540749837458187
15674.8	-2.83558248374582
15676.5	-3.780495783745819
15678.2	-3.1413008837458194
15679.8	-3.029924683745819
15681.5	-2.0751186837458193
15683.2	-2.073980983745819
15684.8	-1.4064113837458196
15686.5	-1.8616274837458184
15688.2	-1.0021793837458195
15689.8	-2.0217413837458187
15691.5	-2.102721683745819
15693.2	-2.956548483745819
15694.8	-2.9861955837458196
15696.5	-4.121703283745819
15698.2	-3.509027183745819
15699.8	-3.8182960937458192
15701.5	-2.390561383745819
15703.2	-2.0315015837458192
15704.8	-0.8976527837458189
15706.5	-1.1882395837458195
15708.2	-1.2328743837458191
15709.9	-2.714160383745819
15711.5	-2.8536403837458186
15713.2	-4.078992183745819
15714.9	-3.863020203745819
15716.5	-3.9047514837458186
15718.2	-3.0778553837458196
15719.9	-2.67932338374582
15721.5	-1.5992573837458195
15723.2	-1.8196143837458192
15724.9	-1.4925786837458186
15726.5	-2.4382413837458192
15728.2	-2.4795838537458192
15729.9	-2.546994883745819
15731.5	-1.4379273837458193
15733.2	-0.8909243837458188
15734.9	0.1293187162541809
15736.5	-0.4546980837458193
15738.2	-0.9045043837458188
15739.9	-2.2293919837458187
15741.5	-2.2201986837458185
15743.2	-2.622768223745819
15744.9	-1.5947895037458193
15746.5	-1.5637149837458189
15748.2	-0.8761953837458186
15749.9	-1.3176713837458192
15751.6	-1.439800483745819
15753.2	-2.4843584837458192
15754.9	-2.0603923837458193
15756.6	-2.6125913837458192
15758.2	-1.8356143837458192
15759.9	-1.94406738374582
15761.6	-1.465029383745819
15763.2	-1.8504923837458194
15764.9	-1.681646683745819
15766.6	-2.3906841837458193
15768.2	-2.391777883745819
15769.9	-3.094377383745819
15771.6	-2.5192444837458186
15773.2	-2.6313261837458186
15774.9	-1.3036420837458187
15776.6	-1.0352998537458191
15778.2	-0.47767378374581887
15779.9	-0.624025702745819
15781.6	-0.6350493837458193
15783.2	-1.9891293837458193
15784.9	-2.591473383745819
15786.6	-3.619005283745819
15788.2	-3.1817265537458193
15789.9	-2.8754243837458184
15791.6	-1.9057206837458196
15793.2	-1.7664078837458184
15794.9	-0.8010374837458191
15796.6	-1.4453177837458189
15798.3	-1.916408383745819
15799.9	-2.5280138537458194
15801.6	-2.385781783745819
15803.3	-3.0880150437458185
15804.9	-2.917777783745819
15806.6	-3.6397984537458186
15808.3	-2.6795016837458183
15809.9	-2.8707997837458192
15811.6	-2.5908161937458187
15813.3	-3.2703021837458186
15814.9	-3.1986609737458194
15816.6	-4.14636638374582
15818.3	-3.83335238374582
15819.9	-4.562114383745819
15821.6	-4.3028183837458185
15823.3	-4.908455483745818
15824.9	-4.600902383745819
15826.6	-4.539667083745819
15828.3	-3.069778383745819
15829.9	-2.719253683745819
15831.6	-1.7212039837458195
15833.3	-2.554630283745819
15834.9	-2.6670783837458183
15836.6	-3.8289733837458186
15838.3	-3.165108583745819
15839.9	-3.1581172837458182
15841.6	-2.009078783745819
15843.3	-1.9162880837458194
15845.0	-1.3024783837458194
15846.6	-2.426767003745819
15848.3	-2.582787383745819
15850.0	-4.22032978374582
15851.6	-4.23245315374582
15853.3	-5.252827383745818
15855.0	-4.291066716745819
15856.6	-3.77556748374582
15858.3	-2.0067712837458194
15860.0	-1.9534857837458186
15861.6	-1.415141083745819
15863.3	-2.241788383745819
15865.0	-1.7833295837458194
15866.6	-3.17711338374582
15868.3	-2.554041723745819
15870.0	-3.167823283745819
15871.6	-3.058809283745819
15873.3	-4.0657661837458186
15875.0	-4.228361383745819
15876.6	-5.326052183745818
15878.3	-4.913631383745819
15880.0	-6.158546383745819
15881.6	-5.012458183745819
15883.3	-4.200083383745819
15885.0	-2.170494683745819
15886.6	-0.9320993837458194
15888.3	0.707251616254181
15890.0	0.329259616254181
15891.7	0.4566336162541812
15893.3	-0.9135221837458193
15895.0	-0.8991169837458187
15896.7	-1.6770258837458194
15898.3	-1.533509983745819
15900.0	-2.513840883745819
15901.7	-2.695835883745819
15903.3	-3.582633183745819
15905.0	-3.396001113745819
15906.7	-3.7331963837458195
15908.3	-2.9863836837458186
15910.0	-3.185976983745819
15911.7	-2.487688483745819
15913.3	-2.4445258937458187
15915.0	-1.4506123837458194
15916.7	-0.9407625837458189
15918.3	-0.20322438374581892
15920.0	-0.6407663837458186
15921.7	-0.6979873837458188
15923.3	-1.6552803837458192
15925.0	-1.4730963837458186
15926.7	-2.0525404837458194
15928.3	-1.942726383745819
15930.0	-2.737764383745819
15931.7	-3.249377683745819
15933.4	-3.8054840837458186
15935.0	-3.470201883745819
15936.7	-3.0626908737458196
15938.4	-1.2045986437458192
15940.0	-0.4973303837458191
15941.7	0.588178616254181
15943.4	-0.27832538374581867
15945.0	-1.3582833837458186
15946.7	-2.8002093837458193
15948.4	-3.4415537837458197
15950.0	-3.721021783745819
15951.7	-1.9711757837458186
15953.4	-0.7876179837458192
15955.0	1.0906554162541808
15956.7	0.9806112862541813
15958.4	0.5330166162541804
15960.0	-0.8210447837458187
15961.7	-1.699552383745819
15963.4	-2.963729883745818
15965.0	-2.9378842637458193
15966.7	-3.227597783745819
15968.4	-2.485015083745819
15970.0	-3.2954621037458196
15971.7	-3.398494383745819
15973.4	-4.10776328374582
15975.0	-3.6789074837458187
15976.7	-3.7444467837458193
15978.4	-3.0365003837458193
15980.1	-3.2298993837458196
15981.7	-2.5892173837458192
15983.4	-3.6601540837458186
15985.1	-3.58089138374582
15986.7	-4.24513258374582
15988.4	-4.043511883745819
15990.1	-4.7258519837458195
15991.7	-4.614088383745819
15993.4	-5.649226983745819
15995.1	-5.181710883745819
15996.7	-5.278622483745819
15998.4	-4.470530383745819
16000.1	-3.8709843837458195
16001.7	-2.3902283837458187
16003.4	-2.555985983745819
16005.1	-1.6175280837458188
16006.7	-2.2732270837458186
16008.4	-1.8728935837458187
16010.1	-1.6859316837458191
16011.7	-0.680842383745819
16013.4	-0.4093879437458188
16015.1	0.816038916254181
16016.7	0.06513061625418123
16018.4	0.218455016254181
16020.1	-0.957466283745819
16021.7	-1.0287973837458193
16023.4	-1.725832783745819
16025.1	-1.3001616837458188
16026.8	-1.4051313837458193
16028.4	-0.21978828374581916
16030.1	-0.6260903837458194
16031.8	-0.242524983745819
16033.4	-1.732879583745819
16035.1	-1.9159874837458193
16036.8	-3.0916140137458195
16038.4	-3.1155632837458187
16040.1	-3.836596283745819
16041.8	-3.497154283745819
16043.4	-4.474683483745819
16045.1	-4.09207898374582
16046.8	-5.01723038374582
16048.4	-4.395748383745819
16050.1	-4.376774383745818
16051.8	-3.661960383745819
16053.4	-3.620040383745819
16055.1	-3.0816570837458186
16056.8	-3.847975523745819
16058.4	-3.9478108837458192
16060.1	-4.372860103745818
16061.8	-3.471503453745819
16063.4	-2.714804383745819
16065.1	-0.9098637837458192
16066.8	-0.13859018374581913
16068.4	0.663927616254181
16070.1	-0.09248338374581948
16071.8	-0.5185853837458193
16073.5	-1.7330323837458188
16075.1	-1.6321341837458188
16076.8	-2.6789987837458185
16078.5	-2.292180583745819
16080.1	-2.65234808374582
16081.8	-1.6809161837458184
16083.5	-1.1430590837458197
16085.1	0.7502295162541808
16086.8	1.5761196162541808
16088.5	3.0614026162541808
16090.1	2.8824426162541816
16091.8	2.878752616254181
16093.5	1.5239586162541812
16095.1	0.6199236162541811
16096.8	-0.6197733837458196
16098.5	-0.622538453745819
16100.1	-0.9456380837458195
16101.8	-0.674639683745819
16103.5	-0.6358968337458195
16105.1	-0.0076370837458187065
16106.8	-0.19508038374581887
16108.5	0.2601386162541809
16110.1	-0.4798203837458191
16111.8	-0.822132183745819
16113.5	-2.1182223837458194
16115.2	-2.8310372637458188
16116.8	-4.212825263745819
16118.5	-3.7528293437458187
16120.2	-4.117267683745819
16121.8	-3.306048383745819
16123.5	-3.8172399837458193
16125.2	-3.251596783745819
16126.8	-4.134514383745819
16128.5	-3.8879273837458186
16130.2	-4.779532323745818
16131.8	-4.307193383745819
16133.5	-4.879054383745819
16135.2	-4.1863244737458185
16136.8	-5.251324123745819
16138.5	-4.757462983745819
16140.2	-4.49564518374582
16141.8	-3.3119923837458196
16143.5	-2.4926753837458193
16145.2	-0.7364833837458189
16146.8	-0.4180443837458191
16148.5	0.9079190162541811
16150.2	0.8178925162541809
16151.8	1.4627366162541808
16153.5	1.8192471162541808
16155.2	2.4807375162541803
16156.8	1.7562214162541814
16158.5	1.285639616254181
16160.2	-0.38025413374581923
16161.9	-1.1064983837458189
16163.5	-2.655066083745819
16165.2	-2.453644783745819
16166.9	-2.530163633745819
16168.5	-1.8002819837458186
16170.2	-1.9288413837458187
16171.9	-1.149000383745819
16173.5	-1.6022855837458194
16175.2	-0.5686174837458186
16176.9	-0.44250098374581875
16178.5	0.1375229162541806
16180.2	-0.2842976837458191
16181.9	-0.8930850837458187
16183.5	-2.5552713837458194
16185.2	-2.885399383745819
16186.9	-3.7738783837458194
16188.5	-3.1479232037458194
16190.2	-2.912119233745819
16191.9	-2.394134383745819
16193.5	-2.0577063837458196
16195.2	-1.017320383745819
16196.9	-0.4688213837458194
16198.5	0.6175536162541809
16200.2	0.03617631625418068
16201.9	-0.3968064837458193
16203.5	-1.7397133837458187
16205.2	-2.506496683745819
16206.9	-3.090503404745819
16208.6	-2.4885743837458194
16210.2	-2.556214383745819
16211.9	-1.9956800837458188
16213.6	-2.5583172837458195
16215.2	-2.6744563837458193
16216.9	-3.349520783745819
16218.6	-2.6051770837458195
16220.2	-2.151901003745819
16221.9	-0.8931598837458191
16223.6	-0.5494776237458192
16225.2	0.06249261625418097
16226.9	-1.0147213837458193
16228.6	-1.6081193837458188
16230.2	-3.35153038374582
16231.9	-3.5897912837458192
16233.6	-3.7621703837458185
16235.2	-3.158887683745818
16236.9	-3.2026097837458187
16238.6	-2.770867783745819
16240.2	-3.8424295937458197
16241.9	-3.639077483745819
16243.6	-4.371751683745819
16245.2	-3.485597783745819
16246.9	-2.5932362837458194
16248.6	-0.9265006837458187
16250.2	-0.6056523837458198
16251.9	-0.012384283745819059
16253.6	-1.0923740837458191
16255.3	-1.2532253837458192
16256.9	-2.6839663837458185
16258.6	-2.6116133837458193
16260.3	-3.3870160837458188
16261.9	-2.630263983745819
16263.6	-3.140080913745819
16265.3	-2.602962753745819
16266.9	-3.147311383745819
16268.6	-3.0221123837458186
16270.3	-4.226860383745819
16271.9	-3.6106861837458184
16273.6	-3.7729492637458186
16275.3	-2.4327953837458187
16276.9	-2.3039893837458187
16278.6	-1.9532948837458188
16280.3	-3.554007003745819
16281.9	-4.163474383745819
16283.6	-5.128716383745818
16285.3	-4.465653783745819
16286.9	-4.460642283745819
16288.6	-3.378447783745819
16290.3	-3.7277243837458194
16291.9	-3.1273935837458184
16293.6	-4.00890138374582
16295.3	-3.859916283745818
16297.0	-4.360462383745819
16298.6	-3.2923443837458186
16300.3	-3.265583283745819
16302.0	-1.8707443837458193
16303.6	-0.9947117837458199
16305.3	0.06817301625418057
16307.0	-0.8812703837458198
16308.6	-1.4799413837458193
16310.3	-3.4681823837458197
16312.0	-3.49363588374582
16313.6	-4.009910583745819
16315.3	-3.559777383745819
16317.0	-3.51745768374582
16318.6	-2.533070583745819
16320.3	-2.576527383745819
16322.0	-1.8098596837458192
16323.6	-1.915877983745819
16325.3	-0.5712835037458186
16327.0	-0.8284365837458191
16328.6	-0.4424896837458192
16330.3	-1.7325549837458194
16332.0	-2.114899483745819
16333.6	-2.7201023837458185
16335.3	-2.3918296337458185
16337.0	-2.790886383745819
16338.6	-2.5149423837458196
16340.3	-2.9386569237458193
16342.0	-2.931877583745819
16343.7	-3.31262138374582
16345.3	-2.6002423837458197
16347.0	-1.8047568837458197
16348.7	-0.7769563837458195
16350.3	-0.46686904654581873
16352.0	-0.6962712837458194
16353.7	-1.376092883745819
16355.3	-1.4840843837458184
16357.0	-2.3432513837458195
16358.7	-2.173906383745819
16360.3	-2.4114138837458197
16362.0	-2.381999683745818
16363.7	-2.596390083745819
16365.3	-2.770497383745819
16367.0	-3.8269498837458196
16368.7	-3.7263593837458187
16370.3	-4.746335183745819
16372.0	-4.2838212837458185
16373.7	-4.073364383745819
16375.3	-3.423616383745819
16377.0	-3.689157983745818
16378.7	-3.300583033745819
16380.3	-4.085268383745819
16382.0	-3.724733383745819
16383.7	-3.935329383745818
16385.3	-3.3106210837458194
16387.0	-3.521063383745819
16388.7	-2.8460723837458186
16390.4	-3.900764083745819
16392.0	-3.6172120837458195
16393.7	-3.7990810837458193
16395.4	-3.0568740627458184
16397.0	-2.9740183837458196
16398.7	-2.0651143837458195
16400.4	-2.3217777837458193
16402.0	-1.223702583745819
16403.7	-1.7816823837458187
16405.4	-1.1809171837458192
16407.0	-1.5478603837458196
16408.7	-0.920729783745819
16410.4	-1.3968887837458195
16412.0	-1.1970364837458194
16413.7	-2.4351599837458195
16415.4	-2.7919413837458187
16417.0	-4.545224433745818
16418.7	-4.340262083745818
16420.4	-4.875031383745819
16422.0	-4.050074483745819
16423.7	-4.406511783745819
16425.4	-4.18237738374582
16427.0	-4.666967583745819
16428.7	-4.125207983745819
16430.4	-4.38251408374582
16432.0	-3.3940118837458186
16433.7	-3.9368653837458183
16435.4	-3.528687883745819
16437.1	-4.33070538374582
16438.7	-3.826869583745819
16440.4	-3.7599858837458187
16442.1	-2.2812364127458187
16443.7	-1.7342173937458187
16445.4	-1.0176449837458192
16447.1	-2.1089620837458196
16448.7	-2.351188383745819
16450.4	-3.6211298437458197
16452.1	-3.5893963837458194
16453.7	-3.7941443837458193
16455.4	-2.909788383745819
16457.1	-2.800968183745819
16458.7	-2.599572383745819
16460.4	-3.721476083745819
16462.1	-3.5758951837458186
16463.7	-3.99048848374582
16465.4	-3.5150730837458184
16467.1	-3.540596563745818
16468.7	-2.862810983745819
16470.4	-2.8947647137458192
16472.1	-2.502337183745819
16473.7	-2.9171250837458187
16475.4	-2.489923483745819
16477.1	-2.5132921837458193
16478.8	-1.8542813837458194
16480.4	-1.6716337837458188
16482.1	-0.8383979337458192
16483.8	-1.181307523745819
16485.4	-1.5708953837458182
16487.1	-2.8588525837458194
16488.8	-3.3838823837458194
16490.4	-3.6237733837458186
16492.1	-2.360607383745819
16493.8	-1.3482823837458189
16495.4	0.6413215262541812
16497.1	1.1376095162541808
16498.8	1.825726616254181
16500.4	1.136530616254181
16502.1	1.0053506162541812
16503.8	-0.31825998374581904
16505.4	-0.8008311837458193
16507.1	-2.2353570837458188
16508.8	-2.4718433837458185
16510.4	-2.8143587837458193
16512.1	-1.836325383745819
16513.8	-1.7062123837458187
16515.4	-0.536819163745819
16517.1	-1.3166921437458197
16518.8	-1.087919083745819
16520.4	-1.6310380837458187
16522.1	-1.329518483745819
16523.8	-1.540756583745819
16525.5	-1.3400366837458193
16527.1	-2.5918294837458182
16528.8	-2.6759190537458193
16530.5	-3.9338835837458186
16532.1	-4.020834883745819
16533.8	-4.46125788374582
16535.5	-3.957757383745819
16537.1	-4.3364073837458195
16538.8	-3.695367340745819
16540.5	-3.5066383737458198
16542.1	-3.244987183745819
16543.8	-3.9496769837458188
16545.5	-4.17050098374582
16547.1	-5.122463383745819
16548.8	-4.51312538374582
16550.5	-4.353667213745818
16552.1	-2.8228823837458186
16553.8	-1.8682123837458189
16555.5	-0.8406828837458191
16557.1	-0.682972373745819
16558.8	-0.06507578374581864
16560.5	-0.6429329837458189
16562.1	-0.028432483745819147
16563.8	-0.6963454837458192
16565.5	-0.45298638374581895
16567.1	-1.1893323837458187
16568.8	-1.7101638837458186
16570.5	-3.272745383745819
16572.2	-3.89897638374582
16573.8	-5.33245038374582
16575.5	-4.796368383745818
16577.2	-4.593920483745818
16578.8	-3.2708775837458193
16580.5	-3.1520577837458195
16582.2	-2.5054649837458185
16583.8	-3.31683108374582
16585.5	-2.8944593837458195
16587.2	-3.438811183745819
16588.8	-2.478701283745819
16590.5	-2.359822613745819
16592.2	-1.400984383745819
16593.8	-1.7912472837458189
16595.5	-1.472008183745819
16597.2	-1.9875874837458187
16598.8	-0.9355116837458191
16600.5	-0.7634250837458194
16602.2	-0.07020638374581889
16603.8	-0.10200238374581874
16605.5	-0.0905604837458192
16607.2	-1.9519276737458195
16608.8	-2.7299129837458187
16610.5	-4.19513138374582
16612.2	-4.388791383745819
16613.8	-4.395116383745819
16615.5	-3.365501983745819
16617.2	-2.8221268837458187
16618.9	-1.5762819837458186
16620.5	-1.905419783745819
16622.2	-1.1631202837458194
16623.9	-1.4024898837458193
16625.5	-1.1186893837458192
16627.2	-1.8724743837458189
16628.9	-1.9938020837458192
16630.5	-2.9282248837458194
16632.2	-2.703491783745819
16633.9	-3.1527833837458186
16635.5	-1.8922618837458185
16637.2	-1.5220033837458191
16638.9	-0.8870043837458187
16640.5	-1.0519333837458187
16642.2	-0.8275853837458191
16643.9	-1.473946583745819
16645.5	-1.1152737837458189
16647.2	-1.9933276837458191
16648.9	-1.8378713837458185
16650.5	-2.3415993837458196
16652.2	-1.8944777037458191
16653.9	-1.8434712937458193
16655.5	-0.660368383745819
16657.2	-0.751429383745819
16658.9	-0.6126575837458191
16660.6	-1.4814502837458183
16662.2	-1.9906394837458197
16663.9	-3.1010193837458195
16665.6	-3.034829583745819
16667.2	-3.5465203837458197
16668.9	-2.9457863837458182
16670.6	-3.009329983745819
16672.2	-2.7423773837458194
16673.9	-2.713239383745819
16675.6	-1.9597066837458192
16677.2	-1.9260269837458186
16678.9	-1.6188860837458194
16680.6	-2.5430763837458192
16682.2	-3.7804540837458176
16683.9	-5.10722548374582
16685.6	-4.74245888374582
16687.2	-4.257872283745819
16688.9	-2.0175111837458193
16690.6	-1.1475283837458197
16692.2	-0.44287638374581917
16693.9	-2.0305677137458185
16695.6	-2.718681383745819
16697.2	-3.4817043837458193
16698.9	-2.7288135737458186
16700.6	-2.1933218837458184
16702.2	-0.3960723837458189
16703.9	-0.03593038374581905
16705.6	0.7690504162541808
16707.3	0.22717961625418076
16708.9	0.3941602162541808
16710.6	0.2511106162541812
16712.3	0.2584083162541811
16713.9	-0.7320693837458188
16715.6	-0.48292638374581875
16717.3	-0.8207189837458188
16718.9	-0.8864223837458189
16720.6	-1.3741077837458189
16722.3	-1.0579653837458192
16723.9	-1.448898383745819
16725.6	-0.6777873837458189
16727.3	-1.2734838937458188
16728.9	-0.885567783745819
16730.6	-1.8919976837458194
16732.3	-2.051783383745819
16733.9	-3.191622283745819
16735.6	-3.0796808837458194
16737.3	-3.393453983745818
16738.9	-2.019760483745819
16740.6	-1.7375947837458185
16742.3	-0.43242376374581876
16743.9	-0.4750888837458188
16745.6	-0.26307978374581903
16747.3	-0.9807221337458192
16748.9	-1.0917469837458196
16750.6	-2.295154083745819
16752.3	-2.1780071837458186
16754.0	-2.801274383745819
16755.6	-2.4691177837458187
16757.3	-2.661207583745819
16759.0	-2.072446383745819
16760.6	-2.1148413837458184
16762.3	-0.7523823837458188
16764.0	-0.5842011837458192
16765.6	0.01022661625418122
16767.3	-0.8505333837458192
16769.0	-1.3144733837458187
16770.6	-2.7743353837458185
16772.3	-3.1643923837458194
16774.0	-3.76361038374582
16775.6	-2.8489883837458194
16777.3	-2.7140003837458186
16779.0	-1.760677383745819
16780.6	-1.8196639837458193
16782.3	-1.471706083745819
16784.0	-1.2848569837458192
16785.6	-0.5828618837458187
16787.3	-0.9895685837458194
16789.0	-1.0373427837458185
16790.6	-2.616510383745819
16792.3	-3.7027703837458192
16794.0	-4.982276383745818
16795.6	-4.963437383745819
16797.3	-4.6164360837458185
16799.0	-2.2903024837458186
16800.7	-0.8348160837458188
16802.3	1.1589909162541812
16804.0	1.302769516254181
16805.7	0.9798352362541809
16807.3	-0.5764281837458188
16809.0	-1.347849283745819
16810.7	-2.1351277237458186
16812.3	-0.8954427837458191
16814.0	0.10604161625418089
16815.7	1.730877616254181
16817.3	1.2852562162541812
16819.0	0.531426616254181
16820.7	-0.6690563837458197
16822.3	-1.361705383745819
16824.0	-2.0884383837458187
16825.7	-1.6998279837458188
16827.3	-1.9922806837458193
16829.0	-2.0151643837458186
16830.7	-3.6191598837458185
16832.3	-5.033355383745819
16834.0	-6.38846968374582
16835.7	-6.679044383745818
16837.3	-7.0514663837458205
16839.0	-6.023655383745819
16840.7	-5.105682583745819
16842.4	-3.608727983745818
16844.0	-2.606259383745819
16845.7	-1.2039053837458191
16847.4	-0.4774030837458191
16849.0	0.4319154162541808
16850.7	0.28417851625418156
16852.4	-0.060586383745819816
16854.0	-1.4612475037458192
16855.7	-2.3961118837458186
16857.4	-3.796105383745819
16859.0	-3.376794083745819
16860.7	-3.197377383745819
16862.4	-2.370997583745819
16864.0	-1.926824583745819
16865.7	-1.413457383745819
16867.4	-2.4243613837458193
16869.0	-3.1658864837458194
16870.7	-4.902285383745819
16872.4	-4.581576383745818
16874.0	-4.234020383745819
16875.7	-2.925836783745819
16877.4	-1.8097423837458186
16879.0	-0.242985083745819
16880.7	-0.2748621737458192
16882.4	-0.11866298374581916
16884.0	-1.6449203277458193
16885.7	-2.0185865837458192
16887.4	-3.4541732837458197
16889.1	-4.109456383745819
16890.7	-5.196358383745819
16892.4	-4.952975383745819
16894.1	-5.734219383745818
16895.7	-5.1126493837458185
16897.4	-5.15610298374582
16899.1	-3.9202833837458195
16900.7	-3.487105483745819
16902.4	-2.2375136837458194
16904.1	-1.6744343837458195
16905.7	-0.6044233837458192
16907.4	-1.081644883745819
16909.1	-1.3813713837458186
16910.7	-2.8709313837458197
16912.4	-3.8482791837458192
16914.1	-5.343757083745819
16915.7	-5.157841383745819
16917.4	-4.8817975837458185
16919.1	-2.9752042837458195
16920.7	-2.5775310837458187
16922.4	-2.1593053837458194
16924.1	-2.925782383745819
16925.7	-3.07836538374582
16927.4	-3.7254416837458195
16929.1	-3.6595020837458185
16930.7	-3.90461878374582
16932.4	-3.313439983745819
16934.1	-3.93401138374582
16935.8	-3.8001693837458186
16937.4	-3.7584689837458187
16939.1	-3.1037293837458195
16940.8	-2.6453033837458193
16942.4	-2.350649483745819
16944.1	-1.9649738837458195
16945.8	-1.1140571837458189
16947.4	-1.7307633837458192
16949.1	-1.8054253837458192
16950.8	-2.8182993837458183
16952.4	-3.234590383745819
16954.1	-4.347136383745819
16955.8	-5.021697583745818
16957.4	-5.803441583745819
16959.1	-5.658885383745818
16960.8	-6.08161718374582
16962.4	-5.009676943745819
16964.1	-4.732352583745819
16965.8	-3.4405253837458205
16967.4	-3.5420049837458203
16969.1	-2.8102045837458194
16970.8	-3.3686156837458183
16972.4	-3.2953973837458186
16974.1	-4.155616383745819
16975.8	-3.945337383745818
16977.4	-4.923417383745819
16979.1	-4.180350183745818
16980.8	-4.8984382837458185
16982.5	-4.5559418837458185
16984.1	-5.191523383745819
16985.8	-5.0209203837458185
16987.5	-5.173772683745819
16989.1	-3.8021823837458184
16990.8	-3.1938267837458194
16992.5	-2.110735783745819
16994.1	-2.324500383745819
16995.8	-2.6759583837458187
16997.5	-3.8103933837458186
16999.1	-3.811541383745819
17000.8	-4.528751383745819
17002.5	-3.8207153837458194
17004.1	-3.111524383745819
17005.8	-2.0528163837458187
17007.5	-2.3670615837458198
17009.1	-2.353477383745819
17010.8	-3.644162383745819
17012.5	-4.266421383745819
17014.1	-5.295375883745818
17015.8	-5.53352538374582
17017.5	-5.457750383745819
17019.1	-3.95896488374582
17020.8	-3.4814568837458184
17022.5	-2.088494383745819
17024.2	-1.4620054837458185
17025.8	-0.871099183745819
17027.5	-1.3264840837458194
17029.2	-1.6877562837458187
17030.8	-2.7946933837458197
17032.5	-3.5869613837458196
17034.2	-4.36509648374582
17035.8	-4.275587483745818
17037.5	-4.1726292837458185
17039.2	-3.2932543837458192
17040.8	-3.316816183745819
17042.5	-3.165002383745818
17044.2	-3.366746983745819
17045.8	-3.4713043837458186
17047.5	-3.84867248374582
17049.2	-3.5967221837458183
17050.8	-3.782793883745819
17052.5	-3.8089863837458204
17054.2	-4.7127223837458185
17055.8	-4.785194383745818
17057.5	-4.981653613745818
17059.2	-4.5771803837458185
17060.8	-5.1365223837458185
17062.5	-4.926959383745817
17064.2	-5.2239835537458195
17065.8	-4.0344483837458185
17067.5	-3.524987383745819
17069.2	-1.8041954837458196
17070.9	-0.8179953837458189
17072.5	-0.1108123837458189
17074.2	-0.5074619837458189
17075.9	-0.8110132837458188
17077.5	-2.119012483745819
17079.2	-2.45451318374582
17080.9	-3.4803786837458177
17082.5	-3.7304143837458192
17084.2	-4.42919338374582
17085.9	-4.37655378374582
17087.5	-4.791559383745819
17089.2	-3.864071883745818
17090.9	-4.27077638374582
17092.5	-4.534848383745819
17094.2	-5.228784383745819
17095.9	-5.391171383745819
17097.5	-6.02111835374582
17099.2	-5.134230483745819
17100.9	-5.219940583745819
17102.5	-3.8378833837458197
17104.2	-3.270367383745819
17105.9	-2.8592453837458183
17107.5	-2.9191213837458188
17109.2	-2.5709453837458187
17110.9	-2.317656383745819
17112.5	-1.6171072837458191
17114.2	-1.4016793837458188
17115.9	-0.4717448837458192
17117.6	-1.705463683745819
17119.2	-3.3474492837458185
17120.9	-5.847422383745818
17122.6	-8.39410538374582
17124.2	-9.72241038374582
17125.9	-9.350517383745819
17127.6	-9.02682738374582
17129.2	-6.784957283745818
17130.9	-6.171688583745819
17132.6	-5.138461683745819
17134.2	-4.98155848374582
17135.9	-4.54470126374582
17137.6	-5.38229640174582
17139.2	-4.935540583745819
17140.9	-5.70512668374582
17142.6	-5.249152383745818
17144.2	-4.845221383745819
17145.9	-3.36068438374582
17147.6	-1.8547998837458182
17149.2	0.5672977162541814
17150.9	0.8585534162541805
17152.6	0.9968213162541811
17154.2	-0.5082233837458189
17155.9	-2.129383383745819
17157.6	-3.8767269837458187
17159.2	-4.2751773837458185
17160.9	-4.850346883745819
17162.6	-4.385178183745818
17164.3	-4.761107383745818
17165.9	-4.423552163745819
17167.6	-4.181358283745818
17169.3	-2.745818383745818
17170.9	-2.6112993837458185
17172.6	-1.137060283745819
17174.3	-1.3271733837458188
17175.9	-0.9312321837458188
17177.6	-1.5733673837458184
17179.3	-1.3434323837458184
17180.9	-1.8768866837458187
17182.6	-1.6821533837458191
17184.3	-2.414415283745819
17185.9	-2.2273373837458195
17187.6	-3.257492283745819
17189.3	-2.7271030837458192
17190.9	-3.3845166107458198
17192.6	-3.6588265837458196
17194.3	-4.70133738374582
17195.9	-5.284786383745818
17197.6	-5.62728098374582
17199.3	-5.14499738374582
17200.9	-4.978385583745819
17202.6	-3.789384383745819
17204.3	-3.512041283745819
17206.0	-2.371541383745819
17207.6	-2.5203215337458187
17209.3	-2.3242140837458187
17211.0	-2.8866782837458187
17212.6	-3.53327198374582
17214.3	-4.25771918374582
17216.0	-4.30070538374582
17217.6	-4.53993138374582
17219.3	-3.089688383745819
17221.0	-2.734976383745818
17222.6	-2.6209255837458185
17224.3	-3.6462646837458195
17226.0	-4.158456383745819
17227.6	-4.7801343837458194
17229.3	-4.436501383745819
17231.0	-4.22739638374582
17232.6	-2.809725983745819
17234.3	-2.011370283745819
17236.0	-0.7150878837458189
17237.6	-0.16653238374581844
17239.3	1.0594226162541809
17241.0	0.4507515162541808
17242.6	-0.2689833837458192
17244.3	-2.552409383745819
17246.0	-3.7833632837458198
17247.6	-5.163182383745818
17249.3	-4.288508883745819
17251.0	-3.6137842837458196
17252.7	-1.5346253837458188
17254.3	-1.1158003837458188
17256.0	-0.16085738374581884
17257.7	-0.5509063837458189
17259.3	0.5699235162541806
17261.0	0.7102375162541806
17262.7	1.3633476162541807
17264.3	0.402929016254181
17266.0	-0.2728183837458191
17267.7	-1.8318727837458186
17269.3	-2.7593953837458196
17271.0	-4.369491983745819
17272.7	-4.865686383745819
17274.3	-5.364628383745819
17276.0	-5.559271883745818
17277.7	-6.040594383745819
17279.3	-6.1976313837458195
17281.0	-6.331804383745819
17282.7	-5.98404538374582
17284.3	-6.043508783745819
17286.0	-5.557961043745819
17287.7	-5.348737833745818
17289.3	-4.810886183745819
17291.0	-4.9089957837458185
17292.7	-4.505579583745819
17294.3	-4.633740383745819
17296.0	-3.749036383745819
17297.7	-3.3592023837458185
17299.4	-2.2130263837458193
17301.0	-2.131976383745819
17302.7	-1.3667681937458194
17304.4	-1.8204297837458197
17306.0	-1.4917263837458192
17307.7	-2.225556883745819
17309.4	-1.7849753837458189
17311.0	-1.83866028374582
17312.7	-1.1193154837458192
17314.4	-1.3087754837458192
17316.0	-1.2806003837458195
17317.7	-2.512597383745819
17319.4	-2.8848843837458182
17321.0	-4.193943783745818
17322.7	-4.0943293837458175
17324.4	-4.249661383745819
17326.0	-4.126339383745819
17327.7	-4.219865983745819
17329.4	-3.6913663837458186
17331.0	-3.41054438374582
17332.7	-2.4539363837458197
17334.4	-2.2764113837458186
17336.0	-1.5045053837458193
17337.7	-2.1789106837458188
17339.4	-3.243960183745819
17341.0	-4.568214993745819
17342.7	-5.1857553837458195
17344.4	-4.897675683745818
17346.1	-3.6611453837458185
17347.7	-3.037320283745818
17349.4	-1.845320383745819
17351.1	-1.9822873837458181
17352.7	-2.2067403837458186
17354.4	-2.9221933837458187
17356.1	-3.0056333837458196
17357.7	-3.7119914837458183
17359.4	-3.344004723745818
17361.1	-3.801230483745819
17362.7	-3.3992546837458186
17364.4	-3.6799811837458187
17366.1	-3.3635043837458185
17367.7	-3.560148383745818
17369.4	-3.066197383745819
17371.1	-3.587003383745819
17372.7	-2.737006383745819
17374.4	-2.5906463837458182
17376.1	-1.3837404237458197
17377.7	-1.3563093837458193
17379.4	-1.4489573837458187
17381.1	-2.400570313745819
17382.7	-3.0140005837458186
17384.4	-4.128500083745819
17386.1	-3.098610883745819
17387.8	-2.3077399837458197
17389.4	-0.558537383745819
17391.1	-0.15157688374581896
17392.8	-0.18765788374581885
17394.4	-1.5008181837458192
17396.1	-2.1352933837458195
17397.8	-3.633937983745818
17399.4	-3.4501698837458186
17401.1	-3.9788823837458187
17402.8	-3.569023583745819
17404.4	-3.4594633837458204
17406.1	-2.4416076837458194
17407.8	-1.7620122337458182
17409.4	-0.4574951837458189
17411.1	-0.3031683837458193
17412.8	0.20963893625418137
17414.4	-0.9960218837458191
17416.1	-1.5752753837458187
17417.8	-3.5259789837458184
17419.4	-4.65259118374582
17421.1	-6.4850573837458185
17422.8	-7.574975483745819
17424.4	-8.63945088374582
17426.1	-7.957862383745818
17427.8	-7.73821538374582
17429.4	-5.745463283745819
17431.1	-4.932611883745818
17432.8	-3.344014183745819
17434.5	-2.700178883745819
17436.1	-2.221524828745819
17437.8	-3.1629663437458198
17439.5	-3.9009113837458194
17441.1	-5.472753083745818
17442.8	-5.880262383745818
17444.5	-6.448945383745818
17446.1	-5.761691783745819
17447.8	-5.081429383745819
17449.5	-4.086026383745819
17451.1	-4.229355613745819
17452.8	-4.305572083745819
17454.5	-4.823177283745819
17456.1	-4.00891148374582
17457.8	-3.6059433837458195
17459.5	-2.5597273837458188
17461.1	-2.2049083837458197
17462.8	-1.9459023837458187
17464.5	-2.962145483745819
17466.1	-3.3694285837458198
17467.8	-4.798042383745821
17469.5	-5.218022383745819
17471.1	-6.111194383745819
17472.8	-6.763500583745818
17474.5	-7.390272383745819
17476.1	-6.600544383745818
17477.8	-5.489945383745818
17479.5	-3.2315163837458187
17481.2	-2.453746383745819
17482.8	-2.004717383745819
17484.5	-3.2265373837458187
17486.2	-4.0448728837458185
17487.8	-4.780750703745819
17489.5	-4.075119783745819
17491.2	-3.116306483745819
17492.8	-1.2638573837458191
17494.5	-0.8411940837458189
17496.2	0.42190761625418116
17497.8	0.3430503162541811
17499.5	1.233461016254181
17501.2	0.988814616254181
17502.8	1.0997287362541814
17504.5	-0.1298055837458192
17506.2	-0.8541310837458191
17507.8	-2.288877383745818
17509.5	-2.559410783745818
17511.2	-3.7103163837458184
17512.8	-3.426984383745819
17514.5	-3.79858738374582
17516.2	-3.1666304837458195
17517.8	-3.3118786837458183
17519.5	-2.748633483745819
17521.2	-3.0368833837458182
17522.8	-2.723180583745818
17524.5	-3.4409391837458196
17526.2	-3.116875983745819
17527.9	-3.0934677837458198
17529.5	-2.3892421837458184
17531.2	-2.9253546837458186
17532.9	-3.12309558374582
17534.5	-4.19743868374582
17536.2	-4.558631983745819
17537.9	-5.096107383745819
17539.5	-4.972555983745819
17541.2	-5.214657283745818
17542.9	-4.666671383745819
17544.5	-4.6493447837458195
17546.2	-3.7240611837458197
17547.9	-2.871563383745819
17549.5	-0.9996348837458189
17551.2	0.07228621625418077
17552.9	1.382250616254181
17554.5	1.3099156162541812
17556.2	1.7637994162541812
17557.9	1.750339356254181
17559.5	2.5073546162541818
17561.2	2.3558326162541805
17562.9	2.3489676162541806
17564.5	1.0524046162541811
17566.2	0.01731111625418045
17567.9	-2.005440283745819
17569.6	-2.882451383745819
17571.2	-3.526815383745819
17572.9	-2.5770731837458194
17574.6	-1.7704740837458197
17576.2	-0.9289583837458195
17577.9	-0.9160897837458191
17579.6	-0.662155583745819
17581.2	-1.9924593837458193
17582.9	-2.7985055837458197
17584.6	-3.9241884837458194
17586.2	-4.221668373745819
17587.9	-4.6203443837458185
17589.6	-4.839802383745819
17591.2	-5.892244383745819
17592.9	-6.2061523837458195
17594.6	-6.700092383745819
17596.2	-6.389075983745819
17597.9	-5.79681468374582
17599.6	-4.215679783745819
17601.2	-2.9595168837458186
17602.9	-1.075032083745819
17604.6	-0.17056188374581904
17606.2	0.7348807162541808
17607.9	0.0997955162541817
17609.6	-0.7015413837458192
17611.2	-3.1526269837458187
17612.9	-4.246439383745819
17614.6	-5.748206853745819
17616.3	-5.64630774374582
17617.9	-5.98572358374582
17619.6	-4.863000383745819
17621.3	-5.86248538374582
17622.9	-5.52445038374582
17624.6	-6.423845983745819
17626.3	-5.63812918374582
17627.9	-4.6874992837458205
17629.6	-3.415626383745819
17631.3	-2.953542383745819
17632.9	-1.7487003837458186
17634.6	-2.7072403837458197
17636.3	-2.933488383745819
17637.9	-4.24225838374582
17639.6	-4.754798483745819
17641.3	-5.5963383837458185
17642.9	-6.240724383745818
17644.6	-6.593907173745819
17646.3	-5.953790383745818
17647.9	-5.847201383745818
17649.6	-4.756230383745819
17651.3	-4.6256633837458185
17652.9	-3.1491593837458183
17654.6	-2.5321243837458196
17656.3	-1.108072383745819
17657.9	-0.3988903837458188
17659.6	0.1052979162541813
17661.3	-0.8404185527458186
17663.0	-1.239484383745819
17664.6	-2.78045598374582
17666.3	-3.4365563037458187
17668.0	-4.61954438374582
17669.6	-4.946373383745819
17671.3	-5.843980383745819
17673.0	-5.498776383745819
17674.6	-5.323796383745818
17676.3	-3.4711923837458185
17678.0	-2.492414283745819
17679.6	-1.680373383745819
17681.3	-2.169187383745819
17683.0	-2.821143383745819
17684.6	-5.20237238374582
17686.3	-6.42759968374582
17688.0	-8.136067383745816
17689.6	-8.216360383745817
17691.3	-8.473194383745819
17693.0	-7.8495229837458185
17694.6	-7.645519583745819
17696.3	-6.555045183745818
17698.0	-6.565814583745819
17699.6	-5.53562638374582
17701.3	-4.773627783745818
17703.0	-3.411499883745818
17704.6	-3.1646370837458186
17706.3	-2.4720923837458186
17708.0	-2.5804020837458195
17709.7	-2.459725383745819
17711.3	-3.050101683745819
17713.0	-3.2737036837458193
17714.7	-4.059642383745819
17716.3	-3.4166534837458196
17718.0	-4.138474383745819
17719.7	-3.543847383745819
17721.3	-2.785950293745819
17723.0	-1.3433918837458192
17724.7	-0.4822789837458192
17726.3	0.3726554162541816
17728.0	0.1046256162541809
17729.7	0.693309616254181
17731.3	-0.8983113837458188
17733.0	-1.5892621837458192
17734.7	-3.355801383745819
17736.3	-4.5291024837458185
17738.0	-5.2743953837458175
17739.7	-5.515260483745819
17741.3	-5.1279643837458195
17743.0	-3.863890583745819
17744.7	-4.396441483745819
17746.3	-4.69486238374582
17748.0	-6.034585683745818
17749.7	-6.314026383745819
17751.4	-5.934997383745818
17753.0	-4.263237542745818
17754.7	-2.181757383745819
17756.4	-0.19241318374581917
17758.0	0.327532016254181
17759.7	0.23524341625418116
17761.4	-1.0031804837458194
17763.0	-1.722870383745819
17764.7	-3.090224443745819
17766.4	-3.7051113837458187
17768.0	-4.175656383745819
17769.7	-2.4934653837458196
17771.4	-0.9396126837458194
17773.0	1.2334566162541805
17774.7	2.324415616254181
17776.4	1.9074870162541806
17778.0	0.02020961625418032
17779.7	-1.6936193837458187
17781.4	-3.7898523837458193
17783.0	-3.269562383745819
17784.7	-2.911632083745819
17786.4	-1.3247390837458195
17788.0	-0.02046578374581909
17789.7	0.5051029162541809
17791.4	0.3277846162541806
17793.0	0.2596644162541807
17794.7	-0.881234383745819
17796.4	-1.6348803837458188
17798.1	-3.5061073837458188
17799.7	-3.7584733837458186
17801.4	-3.7257079837458194
17803.1	-3.364883683745819
17804.7	-3.241356483745819
17806.4	-2.946117783745819
17808.1	-3.2638702837458196
17809.7	-2.8969463837458185
17811.4	-3.3504659837458206
17813.1	-2.0385236837458196
17814.7	-1.4715753837458192
17816.4	-1.277222783745819
17818.1	-1.8757148837458195
17819.7	-2.476980383745819
17821.4	-3.8085813837458184
17823.1	-3.9393713837458195
17824.7	-4.3479913837458195
17826.4	-3.7483653837458193
17828.1	-3.4732656837458196
17829.7	-3.1520333837458194
17831.4	-3.8573938837458193
17833.1	-3.645366383745819
17834.7	-4.359204383745818
17836.4	-4.66790138374582
17838.1	-4.345897083745819
17839.7	-2.990761383745819
17841.4	-1.9929675837458194
17843.1	-0.22253518374581943
17844.8	-0.34374028374581894
17846.4	-0.689793083745819
17848.1	-2.5412132837458192
17849.8	-4.53774538374582
17851.4	-6.5774115837458185
17853.1	-6.899827383745818
17854.8	-7.30513938374582
17856.4	-6.367197483745819
17858.1	-5.673859683745818
17859.8	-4.62671938374582
17861.4	-3.909022283745821
17863.1	-3.604273383745819
17864.8	-3.9528989837458184
17866.4	-3.6361022837458195
17868.1	-3.5120278837458203
17869.8	-2.5833934837458186
17871.4	-2.188732283745819
17873.1	-1.889763383745819
17874.8	-1.7296058837458195
17876.4	-1.8200775837458187
17878.1	-2.849673883745819
17879.8	-3.8401856337458184
17881.4	-5.26609570374582
17883.1	-5.923349283745819
17884.8	-6.920007383745817
17886.4	-6.741514383745819
17888.1	-6.367309583745818
17889.8	-5.028030383745818
17891.5	-4.35130988374582
17893.1	-3.60467538374582
17894.8	-3.460826383745818
17896.5	-2.717333383745819
17898.1	-2.423948783745819
17899.8	-1.9547893837458195
17901.5	-2.011350383745819
17903.1	-2.165345383745819
17904.8	-2.502941813745819
17906.5	-2.0378801837458194
17908.1	-2.2808188837458188
17909.8	-1.3075845837458189
17911.5	-1.006255383745819
17913.1	-0.5561335837458188
17914.8	-1.0067523837458192
17916.5	-1.5797803837458189
17918.1	-2.417350983745819
17919.8	-2.4934463837458187
17921.5	-3.6565143837458187
17923.1	-4.091852383745818
17924.8	-5.102043583745818
17926.5	-5.123638383745819
17928.1	-4.8358613837458195
17929.8	-4.013777383745819
17931.5	-3.3354073637458184
17933.2	-2.350992383745819
17934.8	-1.5779813837458194
17936.5	-0.768144383745819
17938.2	-0.8925093837458189
17939.8	-0.9221883837458194
17941.5	-1.496145383745819
17943.2	-2.130438383745819
17944.8	-3.295937283745819
17946.5	-3.411437783745818
17948.2	-3.6151903837458192
17949.8	-2.9770263837458186
17951.5	-3.291329803745819
17953.2	-2.263009683745819
17954.8	-2.2363252537458203
17956.5	-1.965556383745819
17958.2	-3.383392383745819
17959.8	-4.03059338374582
17961.5	-5.440114383745819
17963.2	-5.627410183745819
17964.8	-5.779989383745819
17966.5	-4.697511383745818
17968.2	-3.957381083745818
17969.8	-2.630985383745819
17971.5	-2.7992243837458184
17973.2	-2.2934448837458183
17974.8	-2.418867383745819
17976.5	-2.3136181437458196
17978.2	-2.9305759837458183
17979.9	-2.6062685837458193
17981.5	-2.530678283745819
17983.2	-1.919336483745819
17984.9	-2.1167973837458187
17986.5	-2.231978583745819
17988.2	-2.4618673837458194
17989.9	-2.222049383745819
17991.5	-2.7115403837458194
17993.2	-3.339497383745819
17994.9	-3.9442133837458178
17996.5	-4.636119383745818
17998.2	-5.4665853837458185
17999.9	-4.732080383745819
18001.5	-3.2270601837458193
18003.2	-0.7672073837458185
18004.9	1.4781220162541808
18006.5	2.4356455162541812
18008.2	2.226203516254181
18009.9	1.5888956162541814
18011.5	-0.21232038374581896
18013.2	-1.5393153837458189
18014.9	-3.3086623837458182
18016.5	-3.7788787837458195
18018.2	-4.901594183745819
18019.9	-4.809501083745819
18021.5	-4.962319383745819
18023.2	-4.434500883745819
18024.9	-4.211423483745819
18026.6	-3.464479383745819
18028.2	-4.1550608837458185
18029.9	-3.7680153837458192
18031.6	-4.755407383745819
18033.2	-4.796926383745818
18034.9	-5.241650483745819
18036.6	-4.3240388837458195
18038.2	-3.9291054037458197
18039.9	-2.307554383745819
18041.6	-1.8934903837458197
18043.2	-1.349069483745819
18044.9	-1.8591811837458192
18046.6	-1.8392783837458189
18048.2	-2.477919583745819
18049.9	-2.222261483745819
18051.6	-2.154664283745819
18053.2	-1.214783383745819
18054.9	-0.7012143837458193
18056.6	0.25187971625418076
18058.2	0.39339061625418115
18059.9	0.5668206162541812
18061.6	-0.5610573837458194
18063.2	-1.5275364837458194
18064.9	-2.562862383745818
18066.6	-2.805259383745819
18068.2	-3.10657938374582
18069.9	-2.3742293837458197
18071.6	-1.923644383745819
18073.3	-1.3596289637458194
18074.9	-1.551115083745819
18076.6	-1.4439823837458194
18078.3	-2.0873409837458183
18079.9	-2.634817083745819
18081.6	-3.4062783837458186
18083.3	-3.7087723837458184
18084.9	-4.54060938374582
18086.6	-4.4065253837458185
18088.3	-4.591303383745819
18089.9	-3.2005163837458186
18091.6	-2.8476543837458195
18093.3	-2.75407538374582
18094.9	-3.5602119837458197
18096.6	-4.616057383745819
18098.3	-6.646472383745819
18099.9	-6.950550383745818
18101.6	-7.28059838374582
18103.3	-5.898406383745818
18104.9	-5.147030383745819
18106.6	-3.79903038374582
18108.3	-3.1180221837458193
18109.9	-2.694312983745819
18111.6	-3.31570238374582
18113.3	-3.6831903837458193
18115.0	-5.157958383745819
18116.6	-5.400895383745818
18118.3	-6.467726383745818
18120.0	-6.10651138374582
18121.6	-5.680155683745818
18123.3	-5.072782583745818
18125.0	-4.468470383745818
18126.6	-3.182429383745819
18128.3	-3.19754238374582
18130.0	-2.593368383745818
18131.6	-3.085848883745819
18133.3	-2.976662383745819
18135.0	-2.6604960837458185
18136.6	-2.2213755837458193
18138.3	-2.272198383745818
18140.0	-2.1157719837458187
18141.6	-3.091029383745819
18143.3	-3.6981563837458205
18145.0	-4.714453383745818
18146.6	-4.468907093745818
18148.3	-4.399429783745818
18150.0	-3.7976403837458186
18151.6	-3.3717493837458195
18153.3	-2.8467598837458192
18155.0	-3.2917316837458186
18156.6	-3.6645033837458185
18158.3	-4.897908383745819
18160.0	-5.499658383745819
18161.7	-5.952456183745818
18163.3	-5.730209383745819
18165.0	-4.818540383745819
18166.7	-3.6428788837458184
18168.3	-3.13806638374582
18170.0	-3.027717733745819
18171.7	-3.8494222837458194
18173.3	-4.3451123837458185
18175.0	-5.0767493837458195
18176.7	-5.072395383745818
18178.3	-4.919431383745819
18180.0	-4.556386383745819
18181.7	-4.607317583745818
18183.3	-3.901939983745818
18185.0	-3.8042718837458187
18186.7	-2.4633904837458194
18188.3	-1.2855534837458187
18190.0	0.23825901625418133
18191.7	0.0005456162541809916
18193.3	-0.5595943837458192
18195.0	-3.3300320907458185
18196.7	-5.11422138374582
18198.3	-7.366441383745817
18200.0	-7.174827583745818
18201.7	-6.3217473837458185
18203.3	-3.572782383745819
18205.0	-2.5603543837458194
18206.7	-1.6952240837458188
18208.4	-2.5805497837458193
18210.0	-2.885965583745819
18211.7	-3.873900383745819
18213.4	-3.412159383745819
18215.0	-4.0932253837458195
18216.7	-3.3939697837458205
18218.4	-4.10856408374582
18220.0	-4.464704223745818
18221.7	-4.83064148374582
18223.4	-4.754309383745818
18225.0	-5.132490213745819
18226.7	-4.27918938374582
18228.4	-4.46655558374582
18230.0	-3.6059163837458192
18231.7	-3.929193383745819
18233.4	-3.5455490837458186
18235.0	-3.539294383745819
18236.7	-2.950361383745819
18238.4	-3.506952923745819
18240.0	-3.448361283745819
18241.7	-4.01036938374582
18243.4	-4.022289383745819
18245.0	-4.741766583745818
18246.7	-4.286663583745819
18248.4	-3.755545383745819
18250.0	-3.268571383745819
18251.7	-4.333005383745819
18253.4	-4.684209383745819
18255.1	-5.694644383745819
18256.7	-5.240938383745818
18258.4	-5.014469383745821
18260.1	-3.7953225537458186
18261.7	-3.0162234837458195
18263.4	-1.8961483837458188
18265.1	-2.40980048374582
18266.7	-2.0344497837458193
18268.4	-2.1870133837458186
18270.1	-1.5194523837458187
18271.7	-1.731731583745819
18273.4	-1.0716523837458194
18275.1	-2.110935443745819
18276.7	-2.787257383745819
18278.4	-4.546110383745818
18280.1	-5.1874099837458205
18281.7	-5.152943383745819
18283.4	-4.230188383745817
18285.1	-3.4991153837458207
18286.7	-1.9044753837458188
18288.4	-1.4258493837458193
18290.1	-0.6811719237458188
18291.7	-1.489076883745819
18293.4	-2.169978583745819
18295.1	-3.4668473837458196
18296.8	-4.270208383745819
18298.4	-4.826614383745819
18300.1	-3.9241976537458187
18301.8	-2.73353238374582
18303.4	-0.9040672837458186
18305.1	-0.7653163837458188
18306.8	-1.0174503837458182
18308.4	-2.5544873837458195
18310.1	-3.684872683745818
18311.8	-4.960363383745819
18313.4	-5.0568752837458195
18315.1	-4.99722638374582
18316.8	-3.7815103837458195
18318.4	-3.430436983745819
18320.1	-3.0814823837458194
18321.8	-3.7121843837458193
18323.4	-3.75253638374582
18325.1	-4.423520383745819
18326.8	-4.040616383745819
18328.4	-4.27742338374582
18330.1	-3.998951383745819
18331.8	-4.160858383745818
18333.4	-3.324342383745819
18335.1	-2.401942383745819
18336.8	-0.7967273837458192
18338.4	-0.27706538374581907
18340.1	0.06930461625418136
18341.8	-1.3448633837458193
18343.5	-2.942889383745819
18345.1	-5.351477113745821
18346.8	-6.469702383745819
18348.5	-6.650958583745819
18350.1	-5.8251527837458195
18351.8	-4.7069333837458185
18353.5	-3.0598413837458183
18355.1	-2.485515383745819
18356.8	-2.161324383745819
18358.5	-3.2822413837458186
18360.1	-3.76267328374582
18361.8	-4.241413783745819
18363.5	-4.2616433837458185
18365.1	-4.665439083745818
18366.8	-4.323659383745818
18368.5	-4.006590383745819
18370.1	-2.5000283837458186
18371.8	-1.8989492837458186
18373.5	-0.45342438374581917
18375.1	-0.26016338374581843
18376.8	-0.5635421837458194
18378.5	-1.2811613837458182
18380.1	-1.1326364837458192
18381.8	-0.9994585837458189
18383.5	0.2844535162541815
18385.1	0.09991091625417994
18386.8	0.5774020162541807
18388.5	0.5226407162541813
18390.2	0.46359661625418147
18391.8	0.012164606254181365
18393.5	-0.46691668374581957
18395.2	-2.2909583837458194
18396.8	-3.470228083745819
18398.5	-5.1933904837458185
18400.2	-5.7467933837458185
18401.8	-6.022081883745818
18403.5	-5.142379383745819
18405.2	-4.70089438374582
18406.8	-3.4176232837458187
18408.5	-2.8478523837458196
18410.2	-1.741632283745819
18411.8	-1.368098683745819
18413.5	-1.7069233837458193
18415.2	-3.0641793837458193
18416.8	-3.3738423837458194
18418.5	-4.1510065837458185
18420.2	-3.594013383745819
18421.8	-3.637197583745819
18423.5	-3.5926589837458196
18425.2	-4.780846383745818
18426.8	-5.618588683745819
18428.5	-6.804611233745819
18430.2	-7.061693383745821
18431.8	-7.2030973837458205
18433.5	-6.378043983745819
18435.2	-5.977215083745819
18436.9	-4.485589083745818
18438.5	-3.7626253837458186
18440.2	-3.3576237837458196
18441.9	-3.664372383745819
18443.5	-4.2745873837458195
18445.2	-5.2934033837458205
18446.9	-5.262892883745819
18448.5	-5.949480913745819
18450.2	-6.072416183745819
18451.9	-6.676857383745819
18453.5	-6.840419383745821
18455.2	-6.683683383745818
18456.9	-4.98322568374582
18458.5	-3.8690243837458183
18460.2	-2.000460483745818
18461.9	-1.2867373837458194
18463.5	-0.3968736137458192
18465.2	-0.408542383745819
18466.9	0.5378936162541812
18468.5	1.0642919162541804
18470.2	2.1001975162541813
18471.9	1.5078796162541803
18473.5	1.0193996162541807
18475.2	-1.4241953837458188
18476.9	-3.8671648837458195
18478.6	-5.978192783745818
18480.2	-5.946833683745819
18481.9	-4.6311913837458185
18483.6	-2.638729783745819
18485.2	-1.9589063837458185
18486.9	-1.9861043837458194
18488.6	-3.76975118374582
18490.2	-5.51618118374582
18491.9	-6.566880283745819
18493.6	-5.8220675837458185
18495.2	-5.32282108374582
18496.9	-5.033142783745818
18498.6	-5.266479583745819
18500.2	-5.703080383745819
18501.9	-6.738375383745819
18503.6	-6.51882718374582
18505.2	-6.68852038374582
18506.9	-5.059607083745819
18508.6	-4.02894938374582
18510.2	-3.3070823837458185
18511.9	-3.4211423837458192
18513.6	-4.025568383745819
18515.2	-5.95147338374582
18516.9	-6.769907383745819
18518.6	-7.3814691837458195
18520.2	-6.4667503837458185
18521.9	-5.903414383745819
18523.6	-5.631128683745819
18525.3	-5.26692538374582
18526.9	-4.973846853745819
18528.6	-5.159470783745819
18530.3	-4.893074383745818
18531.9	-5.3659223837458185
18533.6	-5.523226983745817
18535.3	-6.428517883745819
18536.9	-7.557280383745821
18538.6	-7.677492383745819
18540.3	-5.818659383745819
18541.9	-4.38710538374582
18543.6	-2.7189143737458195
18545.3	-2.0121765837458185
18546.9	-1.6202934837458192
18548.6	-2.2789863837458193
18550.3	-3.2195991837458187
18551.9	-4.725148083745818
18553.6	-4.852586433745818
18555.3	-5.686584883745819
18556.9	-5.647980883745818
18558.6	-6.0278159837458185
18560.3	-5.607830983745819
18561.9	-5.579927483745818
18563.6	-5.557940383745819
18565.3	-5.72032568374582
18566.9	-4.733266483745818
18568.6	-4.328045083745819
18570.3	-3.230478413745819
18572.0	-3.162719583745819
18573.6	-3.2073923837458183
18575.3	-3.294742283745819
18577.0	-2.893598283745819
18578.6	-2.4698089837458186
18580.3	-2.2881733837458187
18582.0	-1.497545383745819
18583.6	-0.7739303837458186
18585.3	-0.6569503837458186
18587.0	-0.32435598374581875
18588.6	-0.21967538374581902
18590.3	-0.8794453837458196
18592.0	-1.154763383745819
18593.6	-2.0397523837458182
18595.3	-2.662332583745819
18597.0	-2.756939683745819
18598.6	-3.783549283745819
18600.3	-5.074525383745819
18602.0	-6.7461713837458195
18603.6	-7.65303038374582
18605.3	-8.336943383745819
18607.0	-7.311316383745819
18608.6	-5.98659738374582
18610.3	-4.466064583745819
18612.0	-3.3519027837458197
18613.6	-2.906965383745819
18615.3	-3.967860783745819
18617.0	-4.490974383745819
18618.7	-5.3080578837458186
18620.3	-5.473229383745819
18622.0	-5.202582383745819
18623.7	-5.15511608374582
18625.3	-5.052407183745819
18627.0	-5.09039338374582
18628.7	-5.105365383745818
18630.3	-4.83585757374582
18632.0	-4.744745383745819
18633.7	-3.869100383745819
18635.3	-2.853220983745819
18637.0	-2.078183383745819
18638.7	-1.8284277837458192
18640.3	-1.8090523837458192
18642.0	-2.643299383745819
18643.7	-3.5447467837458193
18645.3	-4.46631438374582
18647.0	-4.61412638374582
18648.7	-4.388123383745819
18650.3	-3.957851883745819
18652.0	-3.9748354837458195
18653.7	-3.5896963837458187
18655.3	-3.9923403837458196
18657.0	-4.587508083745819
18658.7	-5.72252588374582
18660.4	-5.951398783745819
18662.0	-6.38731868374582
18663.7	-6.004263383745819
18665.4	-5.524118283745819
18667.0	-4.421823283745818
18668.7	-3.782894983745819
18670.4	-2.9479078837458204
18672.0	-3.122158183745819
18673.7	-2.681300383745818
18675.4	-3.3894703837458193
18677.0	-4.21768038374582
18678.7	-5.84885038374582
18680.4	-6.09838838374582
18682.0	-6.25141838374582
18683.7	-5.421446383745819
18685.4	-4.432818183745819
18687.0	-3.0671215037458186
18688.7	-2.528355383745819
18690.4	-1.7429326837458188
18692.0	-2.6485283837458184
18693.7	-2.614834883745819
18695.4	-3.757811383745819
18697.0	-4.7935993837458195
18698.7	-5.8111943837458195
18700.4	-5.567014583745819
18702.0	-6.139281883745819
18703.7	-5.90947178374582
18705.4	-6.291740383745818
18707.1	-5.377819383745818
18708.7	-5.1987561137458185
18710.4	-4.253292383745818
18712.1	-3.0885246537458197
18713.7	-1.696060183745819
18715.4	-1.4340173837458186
18717.1	-1.0994100837458187
18718.7	-1.469769783745819
18720.4	-1.1577323837458189
18722.1	-1.7135143837458195
18723.7	-2.542131383745819
18725.4	-2.841174383745819
18727.1	-3.103798343745819
18728.7	-3.6358593837458195
18730.4	-3.2572789837458194
18732.1	-3.0517833837458186
18733.7	-2.378212688745819
18735.4	-3.135266383745819
18737.1	-3.7133171837458194
18738.7	-4.647554583745818
18740.4	-4.794743083745819
18742.1	-5.06744148374582
18743.7	-3.9389380837458186
18745.4	-3.338544383745819
18747.1	-1.5564123837458195
18748.7	-1.3433293837458187
18750.4	-0.8005343837458183
18752.1	-0.7336876837458189
18753.8	-0.5098393837458199
18755.4	-1.532998483745819
18757.1	-1.8626603837458187
18758.8	-3.6856716837458188
18760.4	-5.226956983745819
18762.1	-7.119990383745818
18763.8	-8.47004997374582
18765.4	-9.231371383745818
18767.1	-8.48428838374582
18768.8	-8.053999383745818
18770.4	-6.2272993837458195
18772.1	-5.07552738374582
18773.8	-3.932225383745819
18775.4	-3.630682883745819
18777.1	-3.5631983837458185
18778.8	-4.3267012837458205
18780.4	-4.890470383745819
18782.1	-5.76511138374582
18783.8	-5.461955383745819
18785.4	-5.08460238374582
18787.1	-3.635324483745819
18788.8	-2.410079783745819
18790.4	-1.7355183837458186
18792.1	-1.86219908374582
18793.8	-2.8265243837458187
18795.4	-5.341056383745818
18797.1	-6.879993083745819
18798.8	-8.306918243745818
18800.5	-8.00287538374582
18802.1	-6.74014058374582
18803.8	-4.535722383745819
18805.5	-3.8209923837458186
18807.1	-2.687700183745819
18808.8	-3.604901483745819
18810.5	-4.51580461374582
18812.1	-6.0787291837458195
18813.8	-6.70394598374582
18815.5	-8.326041383745821
18817.1	-8.547671283745819
18818.8	-9.097617383745817
18820.5	-7.900663683745819
18822.1	-6.4093853837458195
18823.8	-4.326421383745819
18825.5	-3.3237385837458193
18827.1	-2.272925883745818
18828.8	-2.5551843837458197
18830.5	-3.5087210837458196
18832.1	-4.10008338374582
18833.8	-4.36499558374582
18835.5	-4.940582983745819
18837.1	-4.74924738374582
18838.8	-5.070454383745821
18840.5	-5.083363593745818
18842.2	-5.19942438374582
18843.8	-5.72907818374582
18845.5	-6.646904383745818
18847.2	-6.8739023837458175
18848.8	-7.34289078374582
18850.5	-6.30725827374582
18852.2	-6.11459808374582
18853.8	-4.730748983745817
18855.5	-4.477819323745818
18857.2	-4.006646383745819
18858.8	-4.655205883745819
18860.5	-4.151434983745818
18862.2	-3.710510383745818
18863.8	-1.5201943837458192
18865.5	-0.896720383745819
18867.2	0.5022846162541811
18868.8	0.4747126162541808
18870.5	-0.612104383745819
18872.2	-2.2169863837458186
18873.8	-3.438695383745819
18875.5	-4.858101283745819
18877.2	-5.378299383745818
18878.8	-5.886625383745819
18880.5	-5.8518080837458175
18882.2	-5.2758139837458184
18883.8	-4.269769983745819
18885.5	-3.872270383745819
18887.2	-3.433574383745819
18888.9	-3.2650117837458197
18890.5	-3.7241983837458195
18892.2	-3.477060383745818
18893.9	-2.983873383745819
18895.5	-2.7156123837458184
18897.2	-1.659157183745819
18898.9	-1.5825843837458196
18900.5	-1.6924043837458196
18902.2	-1.975761383745819
18903.9	-2.565145383745819
18905.5	-2.8445033837458187
18907.2	-2.3751362837458188
18908.9	-2.502936483745818
18910.5	-2.725700383745819
18912.2	-3.9628913837458186
18913.9	-5.3205568837458195
18915.5	-7.234589383745819
18917.2	-7.781535383745819
18918.9	-7.701663383745819
18920.5	-6.3331163837458195
18922.2	-5.729241383745818
18923.9	-5.24532718374582
18925.5	-5.62888998374582
18927.2	-5.0444763837458195
18928.9	-5.312980383745819
18930.5	-4.573995383745819
18932.2	-4.23431538374582
18933.9	-3.965160683745819
18935.6	-5.29437238374582
18937.2	-6.03305938374582
18938.9	-7.078637383745819
18940.6	-6.658233383745819
18942.2	-6.004545383745819
18943.9	-4.813484383745818
18945.6	-4.606028583745818
18947.2	-4.005521383745819
18948.9	-4.555030083745819
18950.6	-5.218524783745819
18952.2	-5.91452418374582
18953.9	-6.536049983745819
18955.6	-7.611418383745817
18957.2	-7.76778638374582
18958.9	-7.572004383745819
18960.6	-6.164790383745819
18962.2	-4.80411638374582
18963.9	-3.4734397837458197
18965.6	-3.4252326837458185
18967.2	-3.031085383745819
18968.9	-4.086740383745819
18970.6	-4.381962383745819
18972.2	-4.664099383745819
18973.9	-4.222817983745818
18975.6	-5.20811368374582
18977.2	-5.7324241837458185
18978.9	-7.397796083745819
18980.6	-7.25304998374582
18982.3	-7.654202443745819
18983.9	-5.836855383745819
18985.6	-4.145667383745819
18987.3	-1.4405375837458192
18988.9	-0.3942033837458195
18990.6	0.031078616254181048
18992.3	-1.6173609837458194
18993.9	-2.6046285837458187
18995.6	-4.1652693837458195
18997.3	-4.31930968374582
18998.9	-4.183619083745819
19000.6	-2.9261036837458194
19002.3	-2.3566091837458187
19003.9	-1.9103134837458189
19005.6	-3.3081363837458184
19007.3	-4.8291690737458195
19008.9	-6.231266983745819
19010.6	-7.106800383745821
19012.3	-7.637528383745819
19013.9	-7.0517840937458205
19015.6	-7.078884383745819
19017.3	-6.045638383745819
19018.9	-5.641191383745818
19020.6	-4.799221383745819
19022.3	-3.9583383837458195
19024.0	-2.9014953837458193
19025.6	-2.5935873837458185
19027.3	-2.110074383745819
19029.0	-3.278771383745819
19030.6	-3.9602573837458195
19032.3	-4.44878538374582
19034.0	-4.654850683745819
19035.6	-5.331204583745818
19037.3	-5.202079463745819
19039.0	-5.492508383745819
19040.6	-4.85677318374582
19042.3	-4.25789778374582
19044.0	-3.331863383745818
19045.6	-2.069149483745819
19047.3	-1.190024383745819
19049.0	-1.5764613837458197
19050.6	-2.043087383745819
19052.3	-2.9316271537458185
19054.0	-2.7685786837458193
19055.6	-2.977912573745819
19057.3	-2.896877383745818
19059.0	-3.0448563837458194
19060.6	-2.4029302937458192
19062.3	-1.9978913837458188
19064.0	-1.5092203837458193
19065.6	-1.946196383745819
19067.3	-2.001567799745819
19069.0	-3.742678183745819
19070.7	-4.53675608374582
19072.3	-5.2331953837458185
19074.0	-4.420853683745818
19075.7	-4.74885438374582
19077.3	-4.845243383745818
19079.0	-5.691958383745819
19080.7	-5.820994383745818
19082.3	-6.897520883745817
19084.0	-6.222791383745819
19085.7	-5.8944083837458185
19087.3	-4.15650138374582
19089.0	-3.6511613837458183
19090.7	-2.6892583837458193
19092.3	-2.3436100837458196
19094.0	-1.709059383745819
19095.7	-2.70915738374582
19097.3	-2.310581383745819
19099.0	-3.434794583745819
19100.7	-3.940142183745819
19102.3	-4.746545983745819
19104.0	-5.431569683745819
19105.7	-6.260458383745819
19107.3	-6.387293383745818
19109.0	-6.990028383745821
19110.7	-6.400822383745819
19112.3	-5.945653883745819
19114.0	-4.9259906837458205
19115.7	-4.043885883745819
19117.4	-2.7306173837458205
19119.0	-2.534343083745818
19120.7	-2.1246963837458197
19122.4	-2.323201383745819
19124.0	-2.7568760837458184
19125.7	-3.734350183745819
19127.4	-3.871861083745819
19129.0	-4.4975690837458195
19130.7	-3.874928483745819
19132.4	-4.564551583745819
19134.0	-4.41637738374582
19135.7	-5.004075383745819
19137.4	-5.241877383745818
19139.0	-6.08204598374582
19140.7	-5.482645383745819
19142.4	-5.617499483745819
19144.0	-5.019609145745818
19145.7	-5.590838383745818
19147.4	-5.261433383745819
19149.0	-5.008254383745819
19150.7	-3.300038283745819
19152.4	-3.040079383745818
19154.0	-1.0812693837458194
19155.7	-0.9345696837458188
19157.4	-0.33716938374581906
19159.0	-0.6094386837458188
19160.7	-0.879375683745819
19162.4	-1.5264063837458193
19164.1	-1.4909262837458188
19165.7	-3.519348083745818
19167.4	-4.7347213837458195
19169.1	-6.877001383745819
19170.7	-7.52859738374582
19172.4	-7.120552383745819
19174.1	-5.683736383745817
19175.7	-4.45547738374582
19177.4	-3.0507865837458192
19179.1	-3.392034383745819
19180.7	-3.6730123837458195
19182.4	-4.207656383745819
19184.1	-4.660024383745819
19185.7	-4.842547383745819
19187.4	-4.18225838374582
19189.1	-4.101191383745819
19190.7	-2.983463583745819
19192.4	-2.8322993837458195
19194.1	-2.6812828837458182
19195.7	-2.834022383745819
19197.4	-3.723936183745819
19199.1	-3.711179483745819
19200.7	-2.582803862745819
19202.4	-2.0892977837458195
19204.1	-1.0585735837458192
19205.8	-1.266351213745819
19207.4	-1.532658983745819
19209.1	-1.4550400837458193
19210.8	-1.166206213745819
19212.4	-0.6568783837458182
19214.1	0.9674446162541809
19215.8	1.2510116162541802
19217.4	1.803470616254181
19219.1	0.8068832162541806
19220.8	-0.9216893837458191
19222.4	-3.3721749837458193
19224.1	-4.498072383745819
19225.8	-5.79429838374582
19227.4	-5.28444868374582
19229.1	-5.2263583837458185
19230.8	-4.740167283745819
19232.4	-4.51955638374582
19234.1	-3.9305223837458194
19235.8	-3.7250737837458194
19237.4	-2.2983293837458194
19239.1	-2.3505495837458197
19240.8	-2.6688733837458187
19242.4	-4.024344383745819
19244.1	-4.681096383745819
19245.8	-5.694510383745818
19247.4	-5.7015393837458195
19249.1	-5.819111383745819
19250.8	-5.2119441837458185
19252.5	-4.712132383745819
19254.1	-3.9037293837458185
19255.8	-3.825112383745818
19257.5	-3.5038819837458193
19259.1	-3.7242233837458185
19260.8	-4.19342038374582
19262.5	-4.866006883745819
19264.1	-4.559151383745819
19265.8	-5.0539455837458185
19267.5	-5.0288713264458185
19269.1	-5.449650473745818
19270.8	-5.98511928374582
19272.5	-6.62562488374582
19274.1	-6.481876383745821
19275.8	-7.23721438374582
19277.5	-6.479434583745819
19279.1	-6.104785183745819
19280.8	-5.083748383745819
19282.5	-4.007614883745818
19284.1	-2.8759819837458194
19285.8	-3.0305473837458186
19287.5	-3.146910583745819
19289.1	-3.9700710837458195
19290.8	-5.105704683745818
19292.5	-6.520913483745818
19294.1	-7.946138383745819
19295.8	-8.89807838374582
19297.5	-8.66078538374582
19299.2	-8.056654983745819
19300.8	-7.23002598374582
19302.5	-6.47908538374582
19304.2	-6.263476583745819
19305.8	-6.843955583745819
19307.5	-7.077175093745818
19309.2	-7.511657383745818
19310.8	-6.132930383745821
19312.5	-5.55211718374582
19314.2	-5.277353783745819
19315.8	-5.912066383745819
19317.5	-6.707164493745819
19319.2	-7.69984238374582
19320.8	-8.045912383745819
19322.5	-8.69277338374582
19324.2	-7.406737383745818
19325.8	-6.480646383745818
19327.5	-4.820570383745819
19329.2	-2.991447383745819
19330.8	-1.4840873837458202
19332.5	-0.7756838837458195
19334.2	-0.7469603837458189
19335.8	-2.390809383745819
19337.5	-4.046987383745819
19339.2	-5.264926383745819
19340.8	-6.02244968374582
19342.5	-6.084186383745819
19344.2	-5.990208383745818
19345.9	-6.112841383745819
19347.5	-6.07129138374582
19349.2	-6.615527383745818
19350.9	-7.211089083745819
19352.5	-8.039311383745819
19354.2	-7.92753258374582
19355.9	-7.674539783745817
19357.5	-6.619469383745818
19359.2	-5.116890383745819
19360.9	-3.8688322837458187
19362.5	-3.1484846837458194
19364.2	-3.1653714837458184
19365.9	-4.644812083745819
19367.5	-5.32785768374582
19369.2	-6.187866383745819
19370.9	-6.037545383745819
19372.5	-5.84340518374582
19374.2	-5.411980383745819
19375.9	-3.66007438374582
19377.5	-2.8984767837458185
19379.2	-2.6021629687458185
19380.9	-2.730896083745819
19382.5	-3.7470691837458197
19384.2	-4.63150738374582
19385.9	-5.907584383745819
19387.6	-7.843019383745819
19389.2	-8.276711983745818
19390.9	-9.00356238374582
19392.6	-9.641869383745817
19394.2	-9.07561038374582
19395.9	-8.540035683745819
19397.6	-7.0887757837458185
19399.2	-6.396991383745818
19400.9	-5.9891220837458174
19402.6	-5.935820383745819
19404.2	-5.521288383745819
19405.9	-5.649888583745819
19407.6	-5.023174583745818
19409.2	-4.5385473837458195
19410.9	-2.5742379837458187
19412.6	-2.259735383745819
19414.2	-2.1232901837458185
19415.9	-3.079464383745819
19417.6	-4.3489180837458195
19419.2	-5.587233383745819
19420.9	-5.573565883745818
19422.6	-5.309453283745818
19424.2	-3.8633613837458194
19425.9	-3.315294273745818
19427.6	-2.982858883745819
19429.2	-2.852158283745819
19430.9	-2.200451783745819
19432.6	-1.9334742837458194
19434.3	-1.5068943837458189
19435.9	-1.790911383745819
19437.6	-2.333215583745818
19439.3	-3.5244380837458196
19440.9	-4.278339783745819
19442.6	-5.566907883745818
19444.3	-5.823600383745819
19445.9	-5.640506083745819
19447.6	-5.0984983837458175
19449.3	-4.384919683745819
19450.9	-3.3407873837458206
19452.6	-3.66119608374582
19454.3	-4.64368338374582
19455.9	-7.217610233745819
19457.6	-9.015646383745821
19459.3	-10.25417238374582
19460.9	-9.476713383745821
19462.6	-8.020878383745817
19464.3	-5.358707583745819
19465.9	-3.237044983745819
19467.6	-1.638231183745819
19469.3	-1.1713061837458194
19470.9	-0.8665345637458186
19472.6	-1.8541595837458185
19474.3	-3.041484173745819
19475.9	-5.006839283745818
19477.6	-6.356494083745819
19479.3	-7.37078038374582
19481.0	-6.4120093837458185
19482.6	-5.092733983745819
19484.3	-2.6820440837458195
19486.0	-0.6920153837458194
19487.6	0.3741496162541811
19489.3	0.11707561625418102
19491.0	-0.3571903837458191
19492.6	-1.453528083745819
19494.3	-1.8630559837458194
19496.0	-2.779664903745819
19497.6	-2.8588855837458187
19499.3	-2.41412708374582
19501.0	-1.9236873837458188
19502.6	-1.8909263837458188
19504.3	-2.3139416837458184
19506.0	-3.322743383745819
19507.6	-5.05565148374582
19509.3	-6.905536383745819
19511.0	-7.815573383745817
19512.6	-7.167052383745819
19514.3	-5.90930438374582
19516.0	-4.577877783745819
19517.6	-3.502313683745819
19519.3	-3.535451363745819
19521.0	-4.157087383745819
19522.6	-5.01567748374582
19524.3	-4.79200638374582
19526.0	-4.246461383745818
19527.7	-3.1088423837458192
19529.3	-2.5060820837458193
19531.0	-1.5885493837458182
19532.7	-1.5262538837458188
19534.3	-0.8706020837458188
19536.0	-0.9926143437458194
19537.7	-0.6036443837458191
19539.3	-1.8657823837458192
19541.0	-2.662577083745819
19542.7	-5.32057838374582
19544.3	-6.250905383745819
19546.0	-7.538035583745819
19547.7	-7.359727363745819
19549.3	-7.352375583745818
19551.0	-6.45724182374582
19552.7	-6.81746138374582
19554.3	-5.937378383745819
19556.0	-6.373388383745819
19557.7	-6.465378383745819
19559.3	-7.09675238374582
19561.0	-6.490807183745818
19562.7	-6.75219448374582
19564.3	-5.324797383745819
19566.0	-4.380494383745818
19567.7	-3.5589093837458194
19569.4	-2.95471538374582
19571.0	-3.0625293837458187
19572.7	-4.742026383745818
19574.4	-5.069794383745819
19576.0	-6.208131983745819
19577.7	-5.41473338374582
19579.4	-4.384512103745819
19581.0	-2.596225383745819
19582.7	-1.5025470737458193
19584.4	-0.9370483837458188
19586.0	-1.4891853837458189
19587.7	-2.4714643837458192
19589.4	-3.7876933837458195
19591.0	-4.044903383745819
19592.7	-4.493551083745818
19594.4	-3.9541493837458193
19596.0	-3.235243583745819
19597.7	-2.709277383745819
19599.4	-2.1291453837458185
19601.0	-2.471238983745819
19602.7	-3.607048383745819
19604.4	-4.919456383745819
19606.0	-6.10143858374582
19607.7	-6.028209933745819
19609.4	-5.573425983745819
19611.0	-4.327900383745819
19612.7	-3.58930638374582
19614.4	-2.9940993837458194
19616.1	-3.286231383745819
19617.7	-3.7982703837458187
19619.4	-4.132154383745819
19621.1	-3.27138138374582
19622.7	-2.5681273837458196
19624.4	-1.744821683745819
19626.1	-1.9154637737458189
19627.7	-1.9746253837458192
19629.4	-2.6105837837458195
19631.1	-2.798097283745819
19632.7	-3.239336483745819
19634.4	-3.3458805837458185
19636.1	-4.0382575837458194
19637.7	-4.768187283745819
19639.4	-5.59772638374582
19641.1	-5.212512383745819
19642.7	-4.388159383745819
19644.4	-3.2284983837458183
19646.1	-2.3134553837458194
19647.7	-1.2878733837458185
19649.4	-0.35508238374581913
19651.1	0.9674906162541813
19652.7	2.162307616254181
19654.4	2.1620246162541807
19656.1	1.0830934862541806
19657.7	-1.229965383745819
19659.4	-3.8274992837458193
19661.1	-5.491369383745821
19662.8	-5.693987683745819
19664.4	-4.80661538374582
19666.1	-2.9922623837458193
19667.8	-1.867991383745819
19669.4	-2.5137283837458204
19671.1	-3.041499083745819
19672.8	-4.33936788374582
19674.4	-4.747173383745819
19676.1	-4.45682038374582
19677.8	-4.066575583745818
19679.4	-4.175511883745818
19681.1	-4.580364383745819
19682.8	-5.841698383745819
19684.4	-6.297476383745819
19686.1	-6.509147913745819
19687.8	-5.80473238374582
19689.4	-5.095188783745819
19691.1	-4.5024673837458185
19692.8	-3.9455653837458193
19694.4	-3.5648903837458183
19696.1	-3.6637663837458185
19697.8	-3.571094463745818
19699.4	-3.987604483745818
19701.1	-3.3769753007458205
19702.8	-2.3829993837458185
19704.4	-1.7758215837458184
19706.1	-1.0140985837458192
19707.8	-0.6208760837458189
19709.5	-0.9861363837458181
19711.1	-0.639932283745819
19712.8	-0.5380027837458187
19714.5	-0.9117083837458189
19716.1	-1.5978137837458184
19717.8	-2.9082483837458186
19719.5	-4.26424758374582
19721.1	-6.22051138374582
19722.8	-7.489791383745819
19724.5	-7.900019383745819
19726.1	-7.856578383745815
19727.8	-7.895469383745821
19729.5	-8.11543578374582
19731.1	-7.417721383745819
19732.8	-6.660313383745819
19734.5	-6.286735383745819
19736.1	-5.575967383745818
19737.8	-4.235481383745819
19739.5	-3.4760793837458195
19741.1	-3.772313383745819
19742.8	-4.959132283745818
19744.5	-5.63945338374582
19746.1	-6.235311583745818
19747.8	-5.58684418374582
19749.5	-5.504730583745819
19751.2	-4.697374083745819
19752.8	-4.902364783745819
19754.5	-5.21242638374582
19756.2	-6.5533681737458185
19757.8	-6.71642338374582
19759.5	-7.667419383745818
19761.2	-7.24808538374582
19762.8	-7.657145383745819
19764.5	-6.72662338374582
19766.2	-6.029018683745818
19767.8	-3.9596033837458195
19769.5	-2.8316779837458195
19771.2	-1.329848383745819
19772.8	-0.9687253837458194
19774.5	-0.8162577437458193
19776.2	-1.0180563837458194
19777.8	-0.5304713837458188
19779.5	-0.269081383745819
19781.2	-0.0628001837458192
19782.8	-0.8444373837458196
19784.5	-1.4637623837458196
19786.2	-2.3637351837458196
19787.8	-3.045656483745819
19789.5	-3.340566683745819
19791.2	-3.4807466837458194
19792.8	-4.0672034837458195
19794.5	-4.93490538374582
19796.2	-6.042357383745818
19797.9	-6.330641383745819
19799.5	-6.6773923837458184
19801.2	-6.88767298374582
19802.9	-7.073332383745819
19804.5	-7.08179438374582
19806.2	-6.96375038374582
19807.9	-6.50983838374582
19809.5	-5.851084683745819
19811.2	-4.565296383745819
19812.9	-4.5442653837458185
19814.5	-5.164592983745818
19816.2	-5.463093783745819
19817.9	-5.821485383745818
19819.5	-5.3130233837458185
19821.2	-4.554360423745819
19822.9	-3.7213344837458187
19824.5	-2.8878461037458187
19826.2	-2.768023383745819
19827.9	-3.9553719137458203
19829.5	-3.9034862837458184
19831.2	-4.311813783745818
19832.9	-3.583618483745819
19834.5	-3.5109973837458197
19836.2	-2.955812383745819
19837.9	-2.835449383745819
19839.5	-2.9875303837458187
19841.2	-3.2115063837458195
19842.9	-3.3106594837458188
19844.6	-3.9456783837458196
19846.2	-4.369753383745819
19847.9	-5.148785383745818
19849.6	-5.799954383745818
19851.2	-5.88898438374582
19852.9	-6.601048975745819
19854.6	-6.234940383745818
19856.2	-5.88032238374582
19857.9	-5.950663383745818
19859.6	-6.1701442837458185
19861.2	-5.633157183745818
19862.9	-5.634850383745819
19864.6	-5.1060483837458195
19866.2	-4.993627383745819
19867.9	-4.329951383745818
19869.6	-3.527554383745818
19871.2	-3.5912193837458184
19872.9	-3.74538338374582
19874.6	-4.00069548374582
19876.2	-4.430608283745819
19877.9	-4.88279338374582
19879.6	-5.077548383745818
19881.2	-5.192839383745818
19882.9	-5.028844383745819
19884.6	-5.534109783745818
19886.2	-5.791019283745819
19887.9	-5.922384383745819
19889.6	-5.574115383745821
19891.3	-5.0990013837458195
19892.9	-3.892402943745818
19894.6	-2.5357703837458194
19896.3	-1.7226281837458188
19897.9	-0.6451012837458198
19899.6	-0.8622043837458182
19901.3	-1.312271183745819
19902.9	-1.8469883837458199
19904.6	-2.6453934837458184
19906.3	-3.660163383745818
19907.9	-3.457459383745821
19909.6	-4.411453383745818
19911.3	-4.45571038374582
19912.9	-5.495447283745819
19914.6	-5.992400383745819
19916.3	-5.9192432837458195
19917.9	-5.439199553745818
19919.6	-5.220753983745818
19921.3	-4.196626483745819
19922.9	-4.635141383745819
19924.6	-5.211646383745819
19926.3	-6.13010138374582
19927.9	-6.694965383745819
19929.6	-6.98298518374582
19931.3	-7.103886383745819
19933.0	-7.0540763837458185
19934.6	-6.656607383745819
19936.3	-6.728055383745817
19938.0	-6.5824182837458185
19939.6	-5.729963383745818
19941.3	-4.269735183745818
19943.0	-3.1723799837458193
19944.6	-2.2240835837458186
19946.3	-2.104095383745819
19948.0	-2.380992383745819
19949.6	-3.391894283745819
19951.3	-4.276906383745819
19953.0	-4.88404638374582
19954.6	-4.647983383745819
19956.3	-4.744120383745818
19958.0	-4.553718383745819
19959.6	-4.384916483745819
19961.3	-4.443637383745818
19963.0	-5.0527996837458184
19964.6	-5.6953646837458205
19966.3	-6.081911383745821
19968.0	-5.991321283745819
19969.6	-5.519471483745818
19971.3	-5.137342383745819
19973.0	-5.3416430837458195
19974.6	-5.788076783745818
19976.3	-6.225970283745818
19978.0	-6.166607783745819
19979.7	-5.105928983745819
19981.3	-3.964473483745818
19983.0	-3.119731383745819
19984.7	-2.4123113837458185
19986.3	-2.9606803837458187
19988.0	-3.9099959837458185
19989.7	-4.728393753745819
19991.3	-5.520261383745819
19993.0	-5.557154383745819
19994.7	-4.814203383745818
19996.3	-4.251281383745819
19998.0	-2.6362165837458185
19999.7	-1.7017054837458196
20001.3	-1.132897183745818
20003.0	-0.7977181837458194
20004.7	-0.722107383745819
20006.3	-1.5603543837458194
20008.0	-2.3122605837458186
20009.7	-2.6382541837458193
20011.3	-2.4092355837458195
20013.0	-2.3652060837458193
20014.7	-2.092800283745819
20016.3	-2.27221438374582
20018.0	-2.16516278374582
20019.7	-2.903740383745819
20021.3	-3.8907923837458185
20023.0	-4.68179338374582
20024.7	-5.218154383745819
20026.4	-5.60011038374582
20028.0	-5.010697283745818
20029.7	-3.9162571837458193
20031.4	-2.5995584837458185
20033.0	-2.69429538374582
20034.7	-2.5454255837458195
20036.4	-3.8084143837458186
20038.0	-4.242547583745818
20039.7	-4.454745383745819
20041.4	-3.93690844374582
20043.0	-4.001452583745819
20044.7	-4.726117383745819
20046.4	-6.610712383745819
20048.0	-8.061313383745818
20049.7	-10.319224583745818
20051.4	-10.77529438374582
20053.0	-10.29734018374582
20054.7	-7.730428383745819
20056.4	-4.4984713837458195
20058.0	-1.7476803837458192
20059.7	-0.7565213837458187
20061.4	-0.8869003837458191
20063.0	-2.435154383745819
20064.7	-4.537978383745819
20066.4	-6.254763283745819
20068.0	-7.129402783745819
20069.7	-7.496956083745819
20071.4	-6.964875133745821
20073.1	-6.611417783745819
20074.7	-6.5382103837458185
20076.4	-6.94035738374582
20078.1	-7.929294383745818
20079.7	-8.33970648374582
20081.4	-8.62839948374582
20083.1	-8.514261383745819
20084.7	-8.30185738374582
20086.4	-7.29607438374582
20088.1	-6.781004383745821
20089.7	-6.306230383745819
20091.4	-4.06251838374582
20093.1	-1.6384556837458188
20094.7	0.17448961625418066
20096.4	1.2583464162541804
20098.1	0.9439874162541801
20099.7	0.2766236162541813
20101.4	-0.819852373745819
20103.1	-2.4580883837458196
20104.7	-2.979847383745819
20106.4	-3.5021297837458194
20108.1	-3.33038238374582
20109.7	-4.242768483745818
20111.4	-4.38371288374582
20113.1	-4.608729383745818
20114.8	-3.9898089837458186
20116.4	-3.8078485837458205
20118.1	-3.9887853837458183
20119.8	-4.647892683745819
20121.4	-4.58145279374582
20123.1	-5.34727418374582
20124.8	-5.4454789837458195
20126.4	-5.4497723837458185
20128.1	-5.23112038374582
20129.8	-5.758760283745819
20131.4	-6.617104533745819
20133.1	-7.612567383745818
20134.8	-6.84205418374582
20136.4	-5.600545683745819
20138.1	-3.733903383745819
20139.8	-1.878566383745819
20141.4	-1.2905653837458193
20143.1	-1.4765123837458178
20144.8	-1.3591149837458185
20146.4	-1.947867383745819
20148.1	-2.021735383745819
20149.8	-1.8660453837458193
20151.4	-1.6586373837458186
20153.1	-1.8704876837458186
20154.8	-2.304014583745819
20156.4	-2.3761021537458196
20158.1	-2.688822383745819
20159.8	-3.408162683745819
20161.5	-4.297523383745819
20163.1	-5.520694083745819
20164.8	-5.001911783745819
20166.5	-4.711295683745819
20168.1	-3.344179383745819
20169.8	-1.9207056837458194
20171.5	-1.4710793837458194
20173.1	-2.403324783745819
20174.8	-2.416653383745819
20176.5	-3.5375353837458183
20178.1	-3.6072534837458186
20179.8	-4.333305383745818
20181.5	-3.914520883745819
20183.1	-3.7721673837458183
20184.8	-3.5165133837458193
20186.5	-3.54401138374582
20188.1	-2.370204383745818
20189.8	-1.8734693837458185
20191.5	-2.220639383745819
20193.1	-3.832532283745819
20194.8	-6.34607838374582
20196.5	-9.105361883745818
20198.1	-11.852620383745819
20199.8	-12.738844863745818
20201.5	-11.50804138374582
20203.1	-9.786307383745818
20204.8	-7.96816635374582
20206.5	-6.28407564374582
20208.2	-5.793015583745819
20209.8	-4.996322983745819
20211.5	-4.500171383745819
20213.2	-3.667106583745818
20214.8	-2.820180383745819
20216.5	-3.323548383745819
20218.2	-4.737254383745818
20219.8	-5.677689383745819
20221.5	-6.223781383745821
20223.2	-5.587633383745818
20224.8	-4.46736438374582
20226.5	-3.172020383745819
20228.2	-2.82789538374582
20229.8	-3.482809383745819
20231.5	-4.999758383745819
20233.2	-5.7156386837458175
20234.8	-5.954038383745821
20236.5	-5.1165323837458185
20238.2	-4.863321063745819
20239.8	-4.7612043837458184
20241.5	-4.831582383745819
20243.2	-5.23101458374582
20244.8	-5.712724383745821
20246.5	-5.401974383745819
20248.2	-4.966865383745818
20249.8	-4.42726064374582
20251.5	-3.5916603837458183
20253.2	-4.1892183837458195
20254.9	-4.480671743745819
20256.5	-5.336989383745819
20258.2	-6.69646438374582
20259.9	-7.79381446374582
20261.5	-8.64681338374582
20263.2	-9.056752883745817
20264.9	-8.326428383745817
20266.5	-8.155561383745821
20268.2	-8.52654038374582
20269.9	-9.147724383745818
20271.5	-10.33853408374582
20273.2	-10.53461108374582
20274.9	-9.500802463745819
20276.5	-7.145465183745818
20278.2	-4.23258938374582
20279.9	-1.9951147837458194
20281.5	-1.424300783745819
20283.2	-1.7544923837458182
20284.9	-2.76570438374582
20286.5	-3.6501143837458194
20288.2	-3.09447828374582
20289.9	-2.600595383745819
20291.5	-1.258053383745819
20293.2	-0.601569383745819
20294.9	-0.1848683837458192
20296.6	-0.7274973837458188
20298.2	-1.402867383745819
20299.9	-2.8665884837458178
20301.6	-3.3330493837458186
20303.2	-4.399128383745819
20304.9	-4.297759383745819
20306.6	-5.344418583745819
20308.2	-5.9942906837458185
20309.9	-6.564373083745819
20311.6	-7.5319466837458195
20313.2	-8.61682218374582
20314.9	-9.092385983745817
20316.6	-9.306779883745818
20318.2	-8.273769183745818
20319.9	-6.402665083745819
20321.6	-5.13839378374582
20323.2	-3.426516183745819
20324.9	-3.139757383745819
20326.6	-3.389661383745819
20328.2	-3.798648963745819
20329.9	-3.6174333837458192
20331.6	-3.449590383745819
20333.2	-2.678337383745819
20334.9	-2.8328196837458193
20336.6	-2.9856375837458184
20338.2	-4.09671788374582
20339.9	-4.677295383745819
20341.6	-5.09484038374582
20343.3	-5.918695383745819
20344.9	-5.558676183745819
20346.6	-4.8681793837458205
20348.3	-3.7675403837458186
20349.9	-2.855576583745819
20351.6	-2.560231383745819
20353.3	-2.008721383745819
20354.9	-1.328223383745819
20356.6	-1.154926383745819
20358.3	-1.0666768837458191
20359.9	-2.0912592837458184
20361.6	-2.934382883745818
20363.3	-5.322625383745819
20364.9	-6.142297383745818
20366.6	-6.454518383745819
20368.3	-6.092970383745819
20369.9	-5.7731523837458205
20371.6	-6.262772083745817
20373.3	-7.128110383745818
20374.9	-6.829249283745819
20376.6	-7.01031908374582
20378.3	-6.057543383745819
20379.9	-6.498924383745819
20381.6	-6.377017583745818
20383.3	-6.294184383745818
20384.9	-6.473192383745818
20386.6	-6.2073083837458185
20388.3	-5.971633183745819
20390.0	-6.394373283745819
20391.6	-7.23075738374582
20393.3	-8.55535038374582
20395.0	-8.386175383745819
20396.6	-7.54433238374582
20398.3	-6.389987183745818
20400.0	-5.01245248374582
20401.6	-4.839238553745821
20403.3	-4.85094038374582
20405.0	-5.473734183745818
20406.6	-6.11645108374582
20408.3	-5.412163383745819
20410.0	-4.266960383745819
20411.6	-3.964149683745819
20413.3	-4.319689783745818
20415.0	-6.289920283745819
20416.6	-8.62941138374582
20418.3	-9.99682138374582
20420.0	-10.674977783745819
20421.6	-9.67233738374582
20423.3	-7.582184083745818
20425.0	-5.598310383745819
20426.6	-4.827256383745819
20428.3	-3.925705383745819
20430.0	-3.2467613837458194
20431.6	-1.8550500837458184
20433.3	-0.23404038374581937
20435.0	1.3176206162541808
20436.7	1.4698096162541816
20438.3	1.0454566162541812
20440.0	-1.5851283837458192
20441.7	-3.6343563837458186
20443.3	-5.958883083745819
20445.0	-7.71512938374582
20446.7	-9.04187038374582
20448.3	-9.41683638374582
20450.0	-9.951136383745819
20451.7	-9.798999683745821
20453.3	-9.340891383745818
20455.0	-7.3139950837458185
20456.7	-6.29603698374582
20458.3	-4.76015998374582
20460.0	-4.29100458374582
20461.7	-3.355407283745818
20463.3	-3.43042058374582
20465.0	-3.5901154837458193
20466.7	-3.7798817537458183
20468.3	-3.1485763837458194
20470.0	-4.049156383745819
20471.7	-4.621439183745819
20473.3	-6.17545128374582
20475.0	-6.831285383745819
20476.7	-7.36297238374582
20478.4	-7.373491383745818
20480.0	-7.068184483745819
20481.7	-6.349822033745819
20483.4	-6.456336183745819
20485.0	-6.5314693837458195
20486.7	-6.525764283745818
20488.4	-6.56544738374582
20490.0	-6.87236938374582
20491.7	-7.29304938374582
20493.4	-7.608037383745821
20495.0	-6.93638138374582
20496.7	-5.609031383745819
20498.4	-4.126066183745818
20500.0	-3.1243204937458184
20501.7	-2.9148513837458183
20503.4	-3.804375383745819
20505.0	-5.321099383745819
20506.7	-6.760825983745818
20508.4	-7.438159383745818
20510.0	-7.91058138374582
20511.7	-7.9276027837458205
20513.4	-7.501739383745819
20515.0	-7.35653238374582
20516.7	-6.276492283745819
20518.4	-6.470178383745821
20520.0	-6.7238543837458185
20521.7	-7.238430383745819
20523.4	-7.795385383745819
20525.1	-7.017913383745818
20526.7	-5.329606383745819
20528.4	-3.5910464837458194
20530.1	-1.6328803837458192
20531.7	-2.0499133837458188
20533.4	-2.882140183745819
20535.1	-3.5589780837458185
20536.7	-5.04457938374582
20538.4	-5.07088938374582
20540.1	-5.183418383745818
20541.7	-5.41960038374582
20543.4	-5.850337183745819
20545.1	-5.933292483745818
20546.7	-5.934926383745819
20548.4	-5.414071383745819
20550.1	-5.750289583745819
20551.7	-6.428601583745819
20553.4	-6.807453383745819
20555.1	-6.794183383745819
20556.7	-6.585973383745819
20558.4	-4.434868383745818
20560.1	-1.6190053837458191
20561.7	0.731803616254181
20563.4	1.7760023162541807
20565.1	1.3327146162541808
20566.7	-0.6778453837458194
20568.4	-2.908308783745819
20570.1	-4.946167383745818
20571.8	-5.1733973837458205
20573.4	-4.642651983745818
20575.1	-3.595398383745818
20576.8	-3.4459892837458184
20578.4	-3.561307283745818
20580.1	-4.295593383745819
20581.8	-4.823017383745819
20583.4	-5.76432168374582
20585.1	-6.114072383745819
20586.8	-6.599339383745819
20588.4	-6.31592058374582
20590.1	-6.022489783745819
20591.8	-5.557199393745821
20593.4	-5.30414498374582
20595.1	-4.994834383745819
20596.8	-5.792057383745819
20598.4	-6.550063383745818
20600.1	-7.884290383745819
20601.8	-7.98888038374582
20603.4	-8.192040783745819
20605.1	-7.734814383745819
20606.8	-7.007456383745819
20608.4	-5.6161133837458195
20610.1	-4.605455383745819
20611.8	-3.6053979837458194
20613.4	-3.1183363837458193
20615.1	-2.5507153837458194
20616.8	-3.4022184837458185
20618.5	-4.268956383745819
20620.1	-5.181278243745819
20621.8	-5.551686383745819
20623.5	-4.8756348737458195
20625.1	-3.21289338374582
20626.8	-2.302549283745819
20628.5	-1.4351686837458186
20630.1	-2.633902383745818
20631.8	-3.8794463837458197
20633.5	-4.931097383745819
20635.1	-5.863072983745819
20636.8	-6.735208983745818
20638.5	-6.883139383745821
20640.1	-7.705501383745819
20641.8	-7.795874383745819
20643.5	-8.369133383745817
20645.1	-7.51950858374582
20646.8	-6.4890863837458195
20648.5	-6.03422538374582
20650.1	-6.41817038374582
20651.8	-7.805573383745818
20653.5	-8.647421183745818
20655.1	-8.414940383745817
20656.8	-8.097695383745819
20658.5	-6.491820183745817
20660.2	-4.5423178837458185
20661.8	-3.8168643837458207
20663.5	-3.6977083837458187
20665.2	-4.37896278374582
20666.8	-5.115610383745819
20668.5	-5.717213383745819
20670.2	-6.701767383745819
20671.8	-6.84509138374582
20673.5	-5.531643383745821
20675.2	-4.789505383745819
20676.8	-4.382988883745819
20678.5	-3.499311643745819
20680.2	-3.5883313837458197
20681.8	-2.8122803837458195
20683.5	-2.426929383745819
20685.2	-2.2041843837458184
20686.8	-1.7846283837458194
20688.5	-3.6429053837458185
20690.2	-5.088221383745818
20691.8	-5.079502083745817
20693.5	-5.1202569837458185
20695.2	-4.498963383745819
20696.8	-4.564708383745819
20698.5	-4.964984883745819
20700.2	-5.978858783745818
20701.8	-7.591592383745817
20703.5	-9.05158898374582
20705.2	-9.33639805374582
20706.9	-9.577988583745821
20708.5	-9.232578383745821
20710.2	-8.642661183745819
20711.9	-6.99964108374582
20713.5	-6.611035683745818
20715.2	-5.4437724837458195
20716.9	-4.369555383745819
20718.5	-3.1254359837458194
20720.2	-2.0213836837458183
20721.9	-0.9368040837458187
20723.5	-0.9488910837458182
20725.2	-0.708738987745819
20726.9	-1.5169203837458185
20728.5	-3.149337883745818
20730.2	-4.634404383745819
20731.9	-5.890772383745819
20733.5	-6.33445828374582
20735.2	-4.797790383745818
20736.9	-4.086073783745819
20738.5	-3.22282338374582
20740.2	-3.142932643745819
20741.9	-4.52933858374582
20743.5	-5.349290383745819
20745.2	-4.70843608374582
20746.9	-4.102630383745819
20748.5	-3.726166703745818
20750.2	-5.136371383745818
20751.9	-7.078617483745819
20753.6	-8.905299113745821
20755.2	-9.217559383745819
20756.9	-8.16976238374582
20758.6	-5.43343408374582
20760.2	-3.5165853837458187
20761.9	-2.6322173837458194
20763.6	-3.608509383745819
20765.2	-4.361030383745819
20766.9	-6.631496783745819
20768.6	-7.484927883745819
20770.2	-6.87055218374582
20771.9	-6.075950183745819
20773.6	-4.820396283745819
20775.2	-3.9399203837458194
20776.9	-3.6527464637458187
20778.6	-3.4013613837458188
20780.2	-3.747439383745818
20781.9	-4.495203383745819
20783.6	-4.13797968374582
20785.2	-4.78564738374582
20786.9	-5.1745853837458196
20788.6	-5.381110183745816
20790.2	-5.3672313837458185
20791.9	-5.3560993837458195
20793.6	-4.934763383745819
20795.2	-5.224224783745818
20796.9	-5.966198383745819
20798.6	-6.34919438374582
20800.3	-7.530516383745818
20801.9	-8.23872838374582
20803.6	-9.05866138374582
20805.3	-9.17171738374582
20806.9	-7.802181383745821
20808.6	-5.773161383745818
20810.3	-3.6553591837458184
20811.9	-1.4484903837458196
20813.6	0.09748721625418084
20815.3	-0.2994199837458188
20816.9	-1.7286553837458194
20818.6	-3.55122638374582
20820.3	-4.310593483745819
20821.9	-4.7847033837458195
20823.6	-4.896791983745819
20825.3	-4.83394938374582
20826.9	-3.9161109837458183
20828.6	-3.5731673837458198
20830.3	-3.827305383745819
20831.9	-4.560129383745819
20833.6	-5.405551183745819
20835.3	-6.355083383745819
20836.9	-7.796951383745821
20838.6	-8.652508383745818
20840.3	-8.93224438374582
20842.0	-9.168943883745817
20843.6	-9.39200408374582
20845.3	-9.83381918374582
20847.0	-10.029069863745821
