0.0	0.11517001036789132
1.66789	0.5042591103678916
3.33578	0.12849701036789152
5.00367	0.5392838103678913
6.67156	0.08794201036789133
8.33945	0.48516951036789135
10.0073	0.046742010367891496
11.6752	0.44362301036789153
13.3431	0.0795670103678913
15.011	0.5177499103678913
16.6789	0.17344071036789138
18.3468	0.6227761103678915
20.0147	0.2238998103678913
21.6826	0.6610327103678915
23.3505	0.28827961036789135
25.0183	0.7276340103678913
26.6862	0.37123291036789147
28.3541	0.7927786103678915
30.022	0.3971716103678912
31.6899	0.7996352103678913
33.3578	0.3678850103678914
35.0257	0.7215890103678914
36.6936	0.3518640103678914
38.3615	0.8344200103678915
40.0294	0.5991680103678914
41.6972	1.2731096503678914
43.3651	0.9933650103678915
45.033	1.2900670103678915
46.7009	0.6247090103678913
48.3688	0.5659730103678914
50.0367	-0.20597058963210851
51.7046	-0.08781218963210864
53.3725	-0.6144092996321086
55.0404	0.0903333103678916
56.7083	-0.07190098963210864
58.3761	0.5174149103678916
60.044	0.1852359103678913
61.7119	0.5434597103678913
63.3798	-0.27906358963210864
65.0477	0.1940712103678915
66.7156	0.3896751103678916
68.3835	2.1547980103678914
70.0514	2.986511610367891
71.7193	4.396421710367892
73.3871	4.353346110367891
75.055	4.6992598303678905
76.7229	3.5874721103678917
78.3908	3.2385024103678908
80.0587	2.324527910367891
81.7266	2.2333541103678916
83.3945	1.2895384103678915
85.0624	1.1305045103678917
86.7303	0.3062967103678912
88.3982	0.8854202103678915
90.066	1.0828077103678913
91.7339	2.0186820103678915
93.4018	2.316457210367891
95.0697	2.8748234203678917
96.7376	2.4407480103678916
98.4055	2.4451408103678913
100.073	1.3774451103678913
101.741	1.4559893103678916
103.409	0.9777417103678913
105.077	1.1939952103678915
106.745	0.7419988103678914
108.413	1.0542427103678915
110.081	0.7182361103678916
111.749	1.1222960103678914
113.417	0.7524210103678914
115.084	1.1555575103678914
116.752	0.8493701103678916
118.42	1.3259237103678914
120.088	0.9961505103678915
121.756	1.4772229103678913
123.424	1.2223568103678915
125.092	1.6994412103678915
126.76	1.5260842103678913
128.428	2.3487305103678913
130.095	2.1192585103678914
131.763	2.512056410367892
133.431	1.6688726103678913
135.099	1.4074021103678913
136.767	0.48476701036789144
138.435	0.5293810103678913
140.103	0.0025750103678913614
141.771	0.8120910103678914
143.439	0.6574070103678912
145.106	1.2300429103678916
146.774	0.9197007103678917
148.442	1.1477592103678913
150.11	0.7667875103678914
151.778	1.1196390103678913
153.446	1.0141199103678915
155.114	1.729964310367891
156.782	1.9000478103678915
158.45	2.5138840103678914
160.117	2.3078297103678915
161.785	2.4953998103678914
163.453	1.8856470103678915
165.121	2.0469550103678915
166.789	1.6700130103678916
168.457	1.7920140103678914
170.125	1.2462086103678918
171.793	1.1926750103678914
173.461	0.40897441036789156
175.128	0.5323842103678915
176.796	-0.022609289632108575
178.464	0.3497415903678915
180.132	0.013358210367891444
181.8	0.32825471036789144
183.468	0.03068401036789139
185.136	0.5449510103678915
186.804	0.38643301036789146
188.472	0.9757809603678913
190.139	0.7943918103678914
191.807	1.2552441103678913
193.475	1.1834110103678916
195.143	2.1501797933678914
196.811	2.6471889803678916
198.479	4.193374010367892
200.147	5.522104810367892
201.815	7.67207511036789
203.483	8.618519510367893
205.15	9.565805010367892
206.818	8.450540910367891
208.486	7.017900010367891
210.154	4.110456710367891
211.822	2.082764210367891
213.49	0.2757474103678915
215.158	0.16558651036789124
216.826	-0.060995589632108424
218.494	0.9463392103678917
220.161	1.0701350103678915
221.829	1.9230223103678914
223.497	1.7214509103678917
225.165	2.2349314103678917
226.833	2.026657780367892
228.501	2.411749310367891
230.169	1.9206830103678918
231.837	2.1331582103678914
233.505	1.4233577568678917
235.172	1.7566643103678914
236.84	2.759454510367891
238.508	4.9603709103678915
240.176	6.559582910367891
241.844	8.696976110367892
243.512	8.72845001036789
245.18	8.16283751036789
246.848	6.511798610367892
248.516	4.8881049103678915
250.183	3.6903745103678913
251.851	3.4214531003678923
253.519	2.9397168703678918
255.187	3.5586781103678917
256.855	5.339229510367891
258.523	9.608322010367893
260.191	18.019499610367895
261.859	30.185177010367898
263.527	40.7740850103679
265.194	47.03581151036789
266.862	45.220854010367894
268.53	36.6940680103679
270.198	25.416505010367892
271.866	15.435842310367892
273.534	10.01395291036789
275.202	9.641596510367892
276.87	9.985289010367891
278.538	10.025062010367892
280.205	8.08753251036789
281.873	6.333411510367892
283.541	4.3434770103678915
285.209	3.9495420103678915
286.877	3.619606010367891
288.545	5.420059370367891
290.213	6.708979010367889
291.881	8.21729151036789
293.549	7.876056010367892
295.216	7.5035980103678925
296.884	5.042636510367891
298.552	4.1228359103678915
300.22	2.1334055103678913
301.888	2.4622460103678914
303.556	2.2475020103678913
305.224	2.8100270103678917
306.892	1.8375970103678914
308.56	1.9170940103678915
310.227	0.8932430103678914
311.895	1.3625897103678914
313.563	1.2853828103678915
315.231	2.0975572103678912
316.899	2.0890340103678917
318.567	2.953178010367891
320.235	2.0853070103678912
321.903	2.1114660103678915
323.571	1.2287880103678916
325.238	1.6486500103678914
326.906	1.3732101103678915
328.574	3.4474232103678917
330.242	4.8264746103678915
331.91	7.492566710367892
333.578	8.478575810367891
335.246	8.78658726036789
336.914	7.043340710367891
338.582	5.63334571036789
340.25	2.7594078203678913
341.917	1.9741970103678916
343.585	0.6915350103678917
345.253	0.7741880103678915
346.921	0.10507201036789135
348.589	0.10671501036789141
350.257	-0.22563687963210857
351.925	0.6410549103678913
353.593	0.9692998103678914
355.261	2.1760553103678917
356.928	2.1797680103678916
358.596	2.9517616103678916
360.264	2.4881162103678918
361.932	2.563411910367891
363.6	1.8865307103678917
365.268	2.0413008103678916
366.936	1.1421834603678913
368.604	1.1561790103678913
370.272	0.17053421036789143
371.939	0.5164467103678915
373.607	0.0017838103678914253
375.275	0.6496617103678917
376.943	0.3901787103678914
378.611	1.2039016903678914
380.279	0.6623817203678916
381.947	2.820274630367892
383.615	6.127042810367891
385.283	10.010638010367892
386.95	12.496451610367892
388.618	13.352182010367889
390.286	10.801815010367893
391.954	7.818753010367891
393.622	3.3930491103678917
395.29	0.9090160103678911
396.958	0.06177021036789136
398.626	-0.2603695996321086
400.294	-0.7343685896321084
401.961	-0.4520092896321085
403.629	-0.5008784896321086
405.297	0.18137010036789145
406.965	0.03926911036789142
408.633	0.4142675003678913
410.301	0.17194391036789133
411.969	0.8413575103678914
413.637	1.4992268103678914
415.305	3.0637549103678916
416.972	3.6226844703678913
418.64	4.375595010367893
420.308	3.4964365103678916
421.976	2.7749735003678913
423.644	1.4309280103678914
425.312	0.9558750103678915
426.98	0.2498014103678913
428.648	0.5187772103678915
430.316	0.053840630367891495
431.983	0.46990791036789137
433.651	0.19998371036789145
435.319	0.6781063103678916
436.987	0.3981842103678915
438.655	0.7093091103678916
440.323	0.12790661036789142
441.991	0.31279991036789145
443.659	-0.18679998963210853
445.327	0.19665321036789143
446.994	-0.07873298963210855
448.662	0.33133461036789136
450.33	0.0052995103678915466
451.998	0.33488411036789145
453.666	-0.17549848963210865
455.334	0.1263884103678913
457.002	-0.3021658796321084
458.67	0.0270497103678915
460.338	-0.30409518963210863
462.005	0.14005931036789135
463.673	-0.13512538963210857
465.341	0.3848130103678914
467.009	0.1290482103678915
468.677	0.7383708103678914
470.345	0.5581420103678914
472.013	1.0439588103678914
473.681	0.6180387103678915
475.349	0.8531002103678913
477.016	0.1749025103678915
478.684	0.32744601036789134
480.352	-0.21251698963210855
482.02	0.2659240103678914
483.688	0.11854601036789139
485.356	0.7348415103678916
487.024	0.5007072103678913
488.692	0.8897512103678915
490.36	0.3549018103678915
492.027	0.5109980103678915
493.695	-0.03204678963210864
495.363	0.3364382103678913
497.031	0.06136861036789145
498.699	0.48696201036789155
500.367	0.0681920103678914
502.035	0.40845321036789145
503.703	-0.030790189632108445
505.371	0.3305392103678913
507.038	-0.0800268896321085
508.706	0.37611531036789136
510.374	0.016678430367891562
512.042	0.3931793103678914
513.71	-0.09112698963210857
515.378	0.33283601036789145
517.046	-0.003760989632108469
518.714	0.5000070103678913
520.382	0.22464241036789154
522.049	0.6418574103678916
523.717	0.3704394103678916
525.385	1.0223470103678913
527.053	0.7687228103678915
528.721	1.5119896103678911
530.389	1.3476067003678913
532.057	1.7950049103678913
533.725	1.4794676503678914
535.393	1.8780308103678913
537.06	1.6327246103678914
538.728	2.4347600103678912
540.396	2.2452895103678916
542.064	2.5950245103678915
543.732	1.8811598103678915
545.4	1.5320652703678914
547.068	0.3579970103678915
548.736	0.1816580103678914
550.404	-0.49568098963210855
552.072	-0.056708989632108665
553.739	-0.24732598963210856
555.407	0.21236791036789143
557.075	-0.1291697896321086
558.743	0.1779520103678915
560.411	-0.30610298963210864
562.079	0.07499201036789135
563.747	-0.27120398963210846
565.415	0.24966701036789124
567.083	-0.07066298963210856
568.75	0.38179401036789146
570.418	0.011795010367891346
572.086	0.4120200103678915
573.754	0.008173010367891375
575.422	0.40351601036789136
577.09	-0.007256989632108413
578.758	0.3636020103678913
580.426	-0.07151398963210857
582.094	0.3053870103678914
583.761	-0.0998749896321087
585.429	0.31491401036789135
587.097	-0.07959098963210846
588.765	0.32338901036789136
590.433	-0.09656498963210843
592.101	0.2410720103678914
593.769	-0.21004698963210844
595.437	0.15359901036789123
597.105	-0.2886029896321086
598.772	0.08940301036789136
600.44	-0.2921149896321086
602.108	0.13114701036789148
603.776	-0.2049189896321087
605.444	0.23612361036789134
607.112	-0.1263330896321086
608.78	0.3042627103678914
610.448	-0.07675788963210856
612.116	0.30069281036789136
613.783	-0.10892818963210846
615.451	0.2564020103678914
617.119	-0.1657319896321085
618.787	0.21755501036789124
620.455	-0.15936998963210858
622.123	0.2719580103678914
623.791	-0.07112998963210852
625.459	0.38003401036789136
627.127	0.006908010367891371
628.794	0.4303330103678915
630.462	0.042819010367891416
632.13	0.43600601036789133
633.798	0.016382010367891598
635.466	0.36069601036789145
637.134	-0.09905798963210861
638.802	0.2621980103678915
640.47	-0.17767898963210843
642.138	0.20162001036789157
643.805	-0.19637698963210853
645.473	0.22480401036789138
647.141	-0.1335969896321086
648.809	0.2940270103678916
650.477	-0.06018298963210855
652.145	0.3769820103678916
653.813	-0.014392989632108444
655.481	0.3355610103678915
657.149	-0.15597398963210854
658.816	0.08717001036789152
660.484	-0.44950798963210864
662.152	-0.21783698963210849
663.82	-0.6929349896321085
665.488	-0.21790398963210852
667.156	-0.45438698963210855
668.824	0.20629601036789139
670.492	0.04129701036789155
672.16	0.5806610103678913
673.827	0.25701201036789134
675.495	0.6345970103678915
677.163	0.15391401036789149
678.831	0.5435080103678913
680.499	0.10631501036789151
682.167	0.5289450103678914
683.835	0.11351001036789159
685.503	0.4943120103678913
687.171	0.05519901036789136
688.838	0.4228240103678914
690.506	-0.02038298963210843
692.174	0.37982301036789134
693.842	-0.021330989632108555
695.51	0.4209230103678913
697.178	0.0556230103678915
698.846	0.46673901036789134
700.514	0.0538760103678916
702.182	0.43052501036789126
703.849	-0.01898798963210866
705.517	0.37231201036789136
707.185	-0.03410098963210852
708.853	0.38915101036789146
710.521	0.036769010367891417
712.189	0.46026401036789155
713.857	0.0779770103678914
715.525	0.4959170103678914
717.193	0.09111401036789157
718.86	0.5069810103678914
720.528	0.09879701036789139
722.196	0.5113630103678914
723.864	0.11133801036789133
725.532	0.5079380103678914
727.2	0.1008890103678913
728.868	0.4894430103678914
730.536	0.0720160103678914
732.204	0.4735040103678914
733.871	0.06363401036789143
735.539	0.48124601036789133
737.207	0.1008320103678914
738.875	0.5279520103678914
740.543	0.12660401036789143
742.211	0.5197540103678913
743.879	0.09414601036789128
745.547	0.4756910103678913
747.215	0.06329201036789148
748.882	0.4441970103678915
750.55	0.01593101036789133
752.218	0.4039400103678915
753.886	-0.028449989632108673
755.554	0.37208801036789146
757.222	-0.022031989632108596
758.89	0.4081480103678915
760.558	0.02659101036789142
762.226	0.4519310103678915
763.894	0.04467101036789134
765.561	0.44727601036789155
767.229	0.02662601036789134
768.897	0.4140020103678914
770.565	-0.014991989632108616
772.233	0.3823890103678914
773.901	-0.024082989632108552
775.569	0.39471501036789136
777.237	-0.005645989632108628
778.905	0.41907301036789146
780.572	0.011749010367891378
782.24	0.42288101036789144
783.908	0.018101010367891357
785.576	0.42723101036789135
787.244	0.03814901036789133
788.912	0.45097601036789153
790.58	0.03570501036789151
792.248	0.4504330103678914
793.916	0.043322010367891364
795.583	0.4595760103678915
797.251	0.0709530103678913
798.919	0.4817800103678914
800.587	0.07990201036789142
802.255	0.46632901036789154
803.923	0.046139010367891364
805.591	0.4559810103678915
807.259	0.06190701036789141
808.927	0.4840020103678914
810.594	0.09680801036789152
812.262	0.5090700103678916
813.93	0.10573701036789143
815.598	0.5053700103678913
817.266	0.09706301036789156
818.934	0.5151320103678915
820.602	0.11943701036789137
822.27	0.5555000103678914
823.938	0.18027901036789137
825.605	0.6337228103678914
827.273	0.26099601036789155
828.941	0.6578030103678916
830.609	0.21747301036789146
832.277	0.5806530103678914
833.945	0.1048400103678914
835.613	0.45380301036789145
837.281	-0.019946989632108437
838.949	0.3447020103678914
840.616	-0.08326498963210846
842.284	0.3118180103678914
843.952	-0.09240298963210855
845.62	0.3437320103678914
847.288	-0.05755598963210855
848.956	0.3773970103678914
850.624	-0.0188179896321085
852.292	0.4442170103678915
853.96	0.07036801036789153
855.627	0.5246143103678913
857.295	0.1294344103678914
858.963	0.5930056103678915
860.631	0.18007881036789147
862.299	0.6426456103678916
863.967	0.22919581036789136
865.635	0.6907172103678916
867.303	0.28891751036789143
868.971	0.7859858103678915
870.638	0.36666661036789144
872.306	0.9591519103678914
873.974	0.7015246103678915
875.642	2.7301424403678913
877.31	4.082255110367891
878.978	5.740563210367892
880.646	5.786511710367892
882.314	5.281229910367893
883.982	3.0161302303678914
885.649	1.6378342103678913
887.317	-0.45225098963210864
888.985	-0.2773629896321086
890.653	-0.3191429896321084
892.321	0.11516801036789134
893.989	-0.16542498963210872
895.657	0.2339440103678913
897.325	-0.1474699896321086
898.993	0.21831701036789147
900.66	-0.17566198963210847
902.328	0.20031101036789142
903.996	-0.20574398963210863
905.664	0.14089901036789143
907.332	-0.21104198963210857
909.0	0.28335301036789134
910.668	0.006763010367891486
912.336	0.5365510103678914
914.004	0.19446301036789135
915.671	0.6059220103678914
917.339	0.17604501036789158
919.007	0.5109070103678913
920.675	0.06713701036789141
922.343	0.48935601036789145
924.011	0.03544201036789143
925.679	0.43732101036789145
927.347	-0.027854989632108574
929.015	0.39622601036789157
930.682	-0.07663198963210849
932.35	0.3499220103678914
934.018	-0.06774498963210854
935.686	0.4759210103678913
937.354	0.11747901036789128
939.022	0.6313353103678915
940.69	0.15399001036789145
942.358	0.5843790103678913
944.026	0.31727928036789155
945.693	1.1537418103678916
947.361	0.7941060103678917
949.029	1.7298600103678914
950.697	0.9986763103678914
952.365	4.208130010367891
954.033	9.195555010367888
955.701	14.329280550367892
957.369	17.54157901036789
959.037	17.885210010367892
960.704	13.560917810367892
962.372	8.578315010367891
964.04	2.191610410367891
965.708	-0.44719958963210854
967.376	-0.40909708963210833
969.044	0.3367860103678916
970.712	0.6846120103678914
972.38	1.2678060103678914
974.048	1.247440010367891
975.715	1.4119290103678916
977.383	0.7660494103678914
979.051	0.9509556103678912
980.719	0.44930941036789146
982.387	0.6337540403678914
984.055	0.22082692036789142
985.723	0.5518638203678914
987.391	0.20633379036789154
989.059	0.6064857403678914
990.727	0.29725495036789146
992.394	0.6765070103678914
994.062	0.4428113103678914
995.73	0.8921909103678916
997.398	0.6771795103678914
999.066	1.1585273103678912
1000.73	0.9390460103678911
1002.4	1.3544570103678915
1004.07	1.0657459103678917
1005.74	1.3943618103678914
1007.41	0.9485378103678913
1009.07	1.2220579103678912
1010.74	0.7796516103678915
1012.41	0.9762705103678913
1014.08	0.5301419103678915
1015.74	0.7941259103678913
1017.41	0.4850989203678915
1019.08	1.0270384803678911
1020.75	1.1736847303678912
1022.42	2.297852710367892
1024.08	2.460301010367892
1025.75	3.603619510367892
1027.42	4.0133510103678915
1029.09	5.270634010367892
1030.76	6.41918901036789
1032.42	8.58778201036789
1034.09	10.14557901036789
1035.76	12.878572722367892
1037.43	12.830476010367892
1039.1	12.709330010367891
1040.76	10.68408301036789
1042.43	8.201703210367892
1044.1	4.929505370367891
1045.77	3.0988174403678914
1047.43	0.9211407103678916
1049.1	0.9621191103678916
1050.77	-0.06521968963210875
1052.44	0.0001870103678914603
1054.11	-0.4401639896321087
1055.77	-0.11340698963210842
1057.44	-0.6066577896321085
1059.11	-0.12624708963210857
1060.78	-0.3799342896321085
1062.45	0.17096071036789143
1064.11	-0.24652998963210856
1065.78	0.11031021036789143
1067.45	-0.3495318896321085
1069.12	-0.003979189632108615
1070.79	-0.5358623896321086
1072.45	-0.3170651896321086
1074.12	-0.8157603896321088
1075.79	-0.5120880896321084
1077.46	-0.8820534896321088
1079.12	-0.34077218963210854
1080.79	-0.5513203096321085
1082.46	0.010043310367891412
1084.13	-0.30814218963210854
1085.8	-0.0471624896321086
1087.46	-0.49270928963210847
1089.13	-0.16864168963210852
1090.8	-0.5411561896321087
1092.47	-0.053395089632108636
1094.14	-0.3391873896321086
1095.8	0.02635301036789146
1097.47	-0.3396419896321087
1099.14	-0.06346698963210862
1100.81	-0.37158698963210857
1102.48	0.01600201036789146
1104.14	-0.39955098963210856
1105.81	-0.07158298963210863
1107.48	-0.38645838963210843
1109.15	0.14945231036789136
1110.81	-0.09258028963210865
1112.48	0.2512882103678914
1114.15	-0.23001178963210872
1115.82	0.11182211036789144
1117.49	-0.07326378963210861
1119.15	0.47058141036789125
1120.82	0.3133961103678914
1122.49	0.6611208103678914
1124.16	0.2584050103678915
1125.83	0.16295111036789142
1127.49	2.695914010367891
1129.16	7.492295810367892
1130.83	11.450597010367892
1132.5	15.169979010367891
1134.17	14.905440010367892
1135.83	12.509027010367891
1137.5	8.960107010367892
1139.17	5.330024640367891
1140.84	3.4366231103678913
1142.5	4.001760610367891
1144.17	3.0140123103678915
1145.84	3.079140170367892
1147.51	2.031542810367891
1149.18	1.9670440103678914
1150.84	1.1115697103678912
1152.51	1.5233009103678912
1154.18	0.6743114103678913
1155.85	0.7831915103678915
1157.52	0.0017870103678913063
1159.18	1.1255438103678912
1160.85	1.859361510367891
1162.52	3.583233232367892
1164.19	3.865432910367891
1165.85	4.222113500367891
1167.52	2.9267868103678913
1169.19	2.200631010367892
1170.86	0.4971082103678916
1172.53	0.4233779103678915
1174.19	0.0888403103678915
1175.86	0.44168501036789143
1177.53	0.009885810367891379
1179.2	0.40040411036789136
1180.87	0.005965210367891572
1182.53	0.42754471036789143
1184.2	-0.016385989632108622
1185.87	0.40928501036789144
1187.54	0.0008020103678914259
1189.21	0.4319360103678916
1190.87	0.020838010367891326
1192.54	0.5017677103678913
1194.21	0.08572701036789163
1195.88	0.5568974103678913
1197.54	0.13193931036789147
1199.21	0.5282705103678913
1200.88	0.06664211036789143
1202.55	0.4268711103678914
1204.22	-0.08633158963210844
1205.88	0.2674550103678914
1207.55	-0.24382598963210853
1209.22	0.16855501036789142
1210.89	-0.22283698963210874
1212.56	0.25591601036789136
1214.22	-0.09826698963210853
1215.89	0.3922280103678914
1217.56	0.017652010367891525
1219.23	0.4743160103678915
1220.9	0.01154901036789151
1222.56	0.4074880103678913
1224.23	-0.03667598963210863
1225.9	0.3769400103678916
1227.57	-0.03417788963210851
1229.23	0.4241294103678914
1230.9	0.056091310367891375
1232.57	0.5445967103678914
1234.24	0.15617351036789143
1235.91	0.6461919103678915
1237.57	0.3075614103678913
1239.24	0.7585326103678915
1240.91	0.33358901036789124
1242.58	0.7157338103678914
1244.25	0.19726401036789132
1245.91	0.5429900103678916
1247.58	0.038354010367891433
1249.25	0.4576970103678916
1250.92	0.05937201036789128
1252.59	0.5384500103678913
1254.25	0.19834201036789137
1255.92	0.7513700103678914
1257.59	0.30909801036789153
1259.26	0.7987537103678912
1260.92	0.2599540103678914
1262.59	0.9226390103678913
1264.26	0.4788030103678915
1265.93	2.8274643803678914
1267.6	4.5900314103678905
1269.26	6.714072180367891
1270.93	7.092287160367891
1272.6	6.685995100367892
1274.27	4.179249310367891
1275.94	2.5808991103678913
1277.6	-0.09562898963210849
1279.27	-0.17011918963210865
1280.94	-0.28899603963210846
1282.61	0.058226910367891425
1284.28	-0.18729248963210857
1285.94	0.18614541036789137
1287.61	-0.11067178963210852
1289.28	0.2648562103678914
1290.95	-0.08005148963210854
1292.61	0.29252181036789143
1294.28	-0.053490189632108755
1295.95	0.30368991036789145
1297.62	-0.061066989632108645
1299.29	0.3102451103678915
1300.95	-0.057203989632108446
1302.62	0.34423911036789145
1304.29	-0.053264089632108734
1305.96	0.3265727103678914
1307.63	-0.04722248963210853
1309.29	0.3204267103678914
1310.96	-0.023991989632108503
1312.63	0.3787772103678916
1314.3	0.043761310367891416
1315.97	0.4181505103678914
1317.63	0.03056031036789144
1319.3	0.36911131036789147
1320.97	-0.12284858963210854
1322.64	0.12928401036789125
1324.3	-0.27633878963210856
1325.97	0.045861910367891355
1327.64	-0.21344258963210844
1329.31	0.25799101036789135
1330.98	0.09168431036789135
1332.64	0.5812662103678914
1334.31	0.10242701036789166
1335.98	0.4108640103678913
1337.65	0.024433410367891418
1339.32	0.4281330103678915
1340.98	0.16139171036789124
1342.65	0.6577404103678913
1344.32	0.3776258103678915
1345.99	0.8167442803678917
1347.65	0.31217411036789133
1349.32	0.7562714103678914
1350.99	0.3608862103678914
1352.66	0.7430511103678914
1354.33	0.25238315036789133
1355.99	0.6062534853678915
1357.66	0.1363479103678914
1359.33	0.5799315103678916
1361.0	0.16825511036789148
1362.67	0.6625897103678914
1364.33	0.27164911036789136
1366.0	0.7042956103678912
1367.67	0.28483051036789137
1369.34	0.7855424103678915
1371.01	0.38059261036789144
1372.67	0.8603545103678915
1374.34	0.45197881036789145
1376.01	0.8575757103678914
1377.68	0.3948620103678913
1379.34	0.9172191103678914
1381.01	0.5599547703678913
1382.68	1.2078257103678915
1384.35	0.8280011103678915
1386.02	1.5192197103678913
1387.68	1.525611770367892
1389.35	5.528794910367892
1391.02	8.62059631036789
1392.69	12.073819610367892
1394.36	12.832527010367889
1396.02	11.60906701036789
1397.69	7.574466440367891
1399.36	4.252235710367891
1401.03	0.11603701036789134
1402.7	0.0232842103678915
1404.36	-0.24052398963210858
1406.03	0.16255201036789135
1407.7	-0.07351298963210862
1409.37	0.33953121036789147
1411.03	0.0046353103678913096
1412.7	0.3668791103678913
1414.37	-0.023488989632108548
1416.04	0.3856769103678913
1417.71	-0.02551568963210865
1419.37	0.38537981036789126
1421.04	-0.003653789632108384
1422.71	0.4418688103678914
1424.38	0.05380171036789143
1426.05	0.4906705103678915
1427.71	0.08953901036789151
1429.38	0.5564175103678913
1431.05	0.11544711036789135
1432.72	0.5754333103678915
1434.39	0.12803281036789146
1436.05	0.5893045103678913
1437.72	0.15525001036789146
1439.39	0.6776814103678914
1441.06	0.2583181103678915
1442.72	0.9104135103678914
1444.39	0.4251879103678915
1446.06	1.3041046103678913
1447.73	1.1527741103678917
1449.4	2.0619880103678914
1451.06	1.6936950103678914
1452.73	2.6889153503678918
1454.4	1.7147710103678917
1456.07	6.319340010367891
1457.74	12.200981410367891
1459.4	18.059183010367892
1461.07	21.426760010367893
1462.74	20.73118401036789
1464.41	15.003355410367892
1466.08	9.084752889367891
1467.74	1.7184578103678916
1469.41	-0.8846069896321083
1471.08	-0.45917098963210856
1472.75	-0.16526298963210856
1474.41	0.037168010367891656
1476.08	0.2295520103678915
1477.75	0.07442701036789152
1479.42	0.09012701036789147
1481.09	-0.12190898963210872
1482.75	0.10119201036789145
1484.42	-0.04881198963210853
1486.09	0.2833000103678914
1487.76	0.19293501036789146
1489.43	0.6299070103678913
1491.09	0.7316413103678915
1492.76	1.4414701503678913
1494.43	1.6464975103678916
1496.1	2.1812728103678913
1497.76	2.0909790103678914
1499.43	2.188784940367891
1501.1	1.6460296103678917
1502.77	1.5373499703678914
1504.44	0.9696552103678912
1506.1	0.9208125753678912
1507.77	0.4802475103678915
1509.44	0.45906401036789124
1511.11	0.23903801036789138
1512.78	0.4021145103678913
1514.44	0.9588702103678912
1516.11	4.359172866767892
1517.78	7.141846710367891
1519.45	9.800451070367892
1521.12	10.18280121036789
1522.78	8.76749031036789
1524.45	5.628013010367892
1526.12	2.8948740103678907
1527.79	0.1233555873678914
1529.45	0.25586101036789144
1531.12	-0.06010498963210844
1532.79	0.019955010367891535
1534.46	-0.4896769896321086
1536.13	-0.2742329896321086
1537.79	-0.5398915896321086
1539.46	-0.04149148963210843
1541.13	-0.17841940963210862
1542.8	0.1823670103678914
1544.47	-0.17699238963210867
1546.13	0.09688201036789153
1547.8	-0.18252498963210878
1549.47	0.1801060103678915
1551.14	-0.008930989632108654
1552.81	0.3664830103678913
1554.47	0.12017301036789152
1556.14	0.43729801036789145
1557.81	0.1477030103678913
1559.48	0.4238510103678913
1561.14	0.1978279103678914
1562.81	0.49276501036789166
1564.48	0.26030671036789144
1566.15	0.5056873103678915
1567.82	0.24004921036789165
1569.48	0.4499375103678913
1571.15	0.19368161036789142
1572.82	0.3793169103678914
1574.49	0.1593643103678915
1576.16	0.3338635103678916
1577.82	0.13558991036789134
1579.49	0.3127617103678914
1581.16	0.12993271036789159
1582.83	0.30699691036789145
1584.5	0.3501695103678915
1586.16	0.5076704103678914
1587.83	0.7932353103678912
1589.5	0.5367761103678915
1591.17	3.0048445763678915
1592.83	9.683305510367891
1594.5	14.548162110367892
1596.17	19.20881201036789
1597.84	19.278552010367893
1599.51	15.672402810367894
1601.17	10.174174110367892
1602.84	4.473769310367891
1604.51	0.31741266036789134
1606.18	1.3041328103678913
1607.85	0.7336016103678913
1609.51	1.4272503103678913
1611.18	1.3193319103678913
1612.85	1.9251841103678913
1614.52	2.9068354103678917
1616.19	6.678653010367893
1617.85	12.256486810367893
1619.52	17.85666201036789
1621.19	20.30660901036789
1622.86	19.81180801036789
1624.52	14.849957710367892
1626.19	8.72096401036789
1627.86	2.706081270367892
1629.53	-0.34047498963210865
1631.2	-1.1048140896321086
1632.86	-0.38832208963210846
1634.53	-0.9721809896321085
1636.2	-0.38434998963210865
1637.87	-0.8071829896321084
1639.54	-0.08203998963210865
1641.2	-0.3761729896321085
1642.87	0.23359401036789143
1644.54	-0.21473998963210858
1646.21	0.2277215103678915
1647.88	-0.24846998963210862
1649.54	0.18623801036789137
1651.21	-0.24021198963210857
1652.88	0.2362290103678914
1654.55	-0.11547198963210861
1656.21	0.37002301036789137
1657.88	0.2016310103678915
1659.55	0.9759311103678916
1661.22	1.6733110103678919
1662.89	3.6483854103678914
1664.55	4.092344780367891
1666.22	5.140261510367891
1667.89	4.210656160367892
1669.56	3.434549900367891
1671.23	1.9503843103678917
1672.89	1.3024572103678915
1674.56	0.4118504103678916
1676.23	1.0884161103678915
1677.9	0.41342971036789156
1679.56	1.2297617103678915
1681.23	1.6600797103678915
1682.9	2.8770681103678917
1684.57	3.1018134103678916
1686.24	3.5820797103678914
1687.9	2.3296740103678912
1689.57	1.5992503103678914
1691.24	0.047331560367891566
1692.91	-0.2501382896321088
1694.58	-0.6977799896321084
1696.24	-0.14648098963210848
1697.91	-0.5106269896321086
1699.58	0.007836910367891558
1701.25	-0.44752758963210876
1702.92	-0.08636998963210842
1704.58	-0.6226102896321085
1706.25	-0.1974134896321086
1707.92	-0.6547409896321086
1709.59	-0.15760198963210845
1711.25	-0.47350998963210883
1712.92	0.09558331036789129
1714.59	-0.25252888963210857
1716.26	0.1990608103678914
1717.93	-0.2844330896321086
1719.59	0.08976401036789136
1721.26	-0.40679498963210853
1722.93	0.00793801036789139
1724.6	-0.40338998963210876
1726.27	0.043210010367891315
1727.93	-0.3670529896321086
1729.6	0.07461401036789136
1731.27	-0.3548859896321085
1732.94	0.06500901036789145
1734.61	-0.34930998963210846
1736.27	0.017935010367891423
1737.94	-0.42860698963210836
1739.61	-0.06286598963210852
1741.28	-0.4711859896321086
1742.94	-0.02519798963210873
1744.61	-0.3737469896321085
1746.28	0.09661701036789125
1747.95	-0.28081298963210866
1749.62	0.09737401036789158
1751.28	-0.33162298963210857
1752.95	0.04431401036789147
1754.62	-0.3187289896321087
1756.29	0.11884171036789137
1757.96	-0.20569408963210867
1759.62	0.2712681103678912
1761.29	-0.0780311896321086
1762.96	0.34616821036789147
1764.63	-0.035135289632108616
1766.3	0.3469067103678913
1767.96	-0.05314978963210863
1769.63	0.30993611036789154
1771.3	-0.08651878963210854
1772.97	0.3022412103678915
1774.63	-0.06992228963210864
1776.3	0.3143777103678914
1777.97	-0.06725358963210845
1779.64	0.26493381036789143
1781.31	-0.14838998963210856
1782.97	0.14145371036789142
1784.64	-0.24721498963210867
1786.31	0.09462311036789148
1787.98	-0.12411612963210875
1789.65	0.33326061036789145
1791.31	0.3369384103678914
1792.98	0.7523886103678914
1794.65	1.8298536103678913
1796.32	5.434459710367891
1797.99	7.516346010367892
1799.65	9.806431910367893
1801.32	9.265071110367892
1802.99	7.4582144103678925
1804.66	4.170548510367892
1806.32	1.5189291103678915
1807.99	-0.8953599896321087
1809.66	-0.13295898963210853
1811.33	-0.6963649896321085
1813.0	-0.14075898963210853
1814.66	-0.6561759896321087
1816.33	-0.1121279896321086
1818.0	-0.5753709896321086
1819.67	-0.013964989632108748
1821.34	-0.4567289896321086
1823.0	0.054316010367891486
1824.67	-0.39047998963210845
1826.34	0.10071101036789143
1828.01	-0.3639159896321088
1829.68	0.09082101036789132
1831.34	-0.37896798963210854
1833.01	0.05641801036789127
1834.68	-0.4109889896321085
1836.35	0.04143001036789142
1838.01	-0.39162998963210854
1839.68	0.07924801036789156
1841.35	-0.31952298963210873
1843.02	0.14519301036789142
1844.69	-0.2615819896321085
1846.35	0.1857330103678915
1848.02	-0.2675059896321087
1849.69	0.15025301036789143
1851.36	-0.31219698963210857
1853.03	0.11008101036789134
1854.69	-0.3189879896321085
1856.36	0.12690901036789143
1858.03	-0.3254809896321084
1859.7	0.10334101036789141
1861.36	-0.3526709896321087
1863.03	0.05953201036789153
1864.7	-0.35311898963210864
1866.37	0.09399001036789127
1868.04	-0.3064139896321086
1869.7	0.16101001036789142
1871.37	-0.2680679896321085
1873.04	0.1764620103678914
1874.71	-0.24688998963210848
1876.38	0.1753970103678914
1878.04	-0.2598769896321086
1879.71	0.12331601036789146
1881.38	-0.3235319896321086
1883.05	0.07747701036789137
1884.72	-0.3424029896321087
1886.38	0.11566201036789141
1888.05	-0.28035498963210875
1889.72	0.18594901036789135
1891.39	-0.2250369896321085
1893.05	0.18553401036789136
1894.72	-0.24333298963210853
1896.39	0.16403201036789142
1898.06	-0.2672409896321087
1899.73	0.15383601036789155
1901.39	-0.28299598963210854
1903.06	0.13376201036789143
1904.73	-0.29466298963210863
1906.4	0.11597701036789139
1908.07	-0.3059569896321085
1909.73	0.10771001036789132
1911.4	-0.30117698963210865
1913.07	0.13646201036789135
1914.74	-0.2773919896321086
1916.41	0.15072601036789152
1918.07	-0.2607889896321086
1919.74	0.14461101036789148
1921.41	-0.28671898963210873
1923.08	0.10354701036789152
1924.74	-0.3356769896321085
1926.41	0.07515801036789141
1928.08	-0.3478319896321085
1929.75	0.08702101036789145
1931.42	-0.2853149896321086
1933.08	0.1860290103678915
1934.75	-0.1873689896321085
1936.42	0.2436030103678914
1938.09	-0.18683498963210857
1939.76	0.19800801036789153
1941.42	-0.24581498963210846
1943.09	0.1550330103678914
1944.76	-0.25555098963210854
1946.43	0.17209601036789152
1948.1	-0.2330089896321086
1949.76	0.17024901036789156
1951.43	-0.26688298963210844
1953.1	0.13894001036789144
1954.77	-0.2738499896321086
1956.43	0.16875701036789142
1958.1	-0.22550098963210857
1959.77	0.1963130103678915
1961.44	-0.2333089896321085
1963.11	0.15128501036789155
1964.77	-0.3091369896321085
1966.44	0.10307401036789152
1968.11	-0.30205398963210867
1969.78	0.1604880103678914
1971.45	-0.21604398963210855
1973.11	0.23277901036789128
1974.78	-0.17325998963210876
1976.45	0.2540190103678913
1978.12	-0.1660919896321086
1979.79	0.27028201036789146
1981.45	-0.11984398963210847
1983.12	0.30937701036789156
1984.79	-0.11280298963210848
1986.46	0.27713901036789135
1988.12	-0.17087598963210865
1989.79	0.22019901036789147
1991.46	-0.20873198963210865
1993.13	0.21149001036789153
1994.8	-0.17263498963210852
1996.46	0.24493401036789159
1998.13	-0.1781669896321086
1999.8	0.20160501036789139
2001.47	-0.22133798963210846
2003.14	0.1848920103678914
2004.8	-0.19022098963210854
2006.47	0.2786320103678914
2008.14	-0.07200798963210875
2009.81	0.33876401036789144
2011.48	-0.10775498963210857
2013.14	0.20960701036789126
2014.81	-0.28537498963210844
2016.48	0.0662360103678915
2018.15	-0.3646219896321085
2019.81	0.07399301036789145
2021.48	-0.28768898963210854
2023.15	0.13173101036789142
2024.82	-0.2511439896321087
2026.49	0.17946501036789136
2028.15	-0.2031119896321086
2029.82	0.24876701036789153
2031.49	-0.14193198963210846
2033.16	0.27757301036789145
2034.83	-0.1309489896321086
2036.49	0.25369501036789127
2038.16	-0.14931798963210863
2039.83	0.24984301036789153
2041.5	-0.14960798963210858
2043.16	0.24450201036789138
2044.83	-0.18605698963210854
2046.5	0.20128801036789135
2048.17	-0.23976598963210854
2049.84	0.15636101036789146
2051.5	-0.2484109896321085
2053.17	0.1760670103678916
2054.84	-0.17628898963210854
2056.51	0.25157401036789145
2058.18	-0.13147498963210852
2059.84	0.2945640103678916
2061.51	-0.13520998963210853
2063.18	0.26486401036789137
2064.85	-0.18383698963210854
2066.52	0.1516180103678914
2068.18	-0.28902798963210846
2069.85	0.017368010367891373
2071.52	-0.4767989896321085
2073.19	-0.035392989632108574
2074.85	-0.39189098963210844
2076.52	0.12299901036789158
2078.19	-0.1617387896321087
2079.86	0.2613225103678915
2081.53	-0.15194278963210855
2083.19	0.17454141036789156
2084.86	-0.34877998963210866
2086.53	0.04925971036789149
2088.2	-0.32294298963210843
2089.87	0.14815001036789127
2091.53	-0.16927698963210874
2093.2	0.2694623103678914
2094.87	-0.13551378963210864
2096.54	0.23913501036789153
2098.21	-0.1922330896321085
2099.87	0.20371001036789144
2101.54	-0.1868429896321085
2103.21	0.24199201036789147
2104.88	-0.14040198963210854
2106.54	0.26770931036789136
2108.21	-0.1518408896321085
2109.88	0.23616511036789145
2111.55	-0.17988018963210856
2113.22	0.23709261036789142
2114.88	-0.17312998963210852
2116.55	0.22867151036789143
2118.22	-0.18933818963210863
2119.89	0.1943813103678914
2121.56	-0.22833478963210857
2123.22	0.1709493103678914
2124.89	-0.23979598963210869
2126.56	0.1686120103678915
2128.23	-0.23698998963210852
2129.9	0.18155301036789148
2131.56	-0.19537598963210848
2133.23	0.2361352103678913
2134.9	-0.1567011896321085
2136.57	0.24972081036789145
2138.23	-0.15504228963210853
2139.9	0.24987041036789154
2141.57	-0.14852098963210852
2143.24	0.2621260103678914
2144.91	-0.1438689896321086
2146.57	0.25397701036789144
2148.24	-0.1585959896321086
2149.91	0.2408310103678915
2151.58	-0.16529198963210862
2153.25	0.24181801036789152
2154.91	-0.1665249896321086
2156.58	0.2271540103678916
2158.25	-0.17988738963210865
2159.92	0.23617541036789147
2161.59	-0.1528686896321087
2163.25	0.26893951036789143
2164.92	-0.12506638963210856
2166.59	0.28884071036789144
2168.26	-0.10664898963210856
2169.92	0.29138001036789135
2171.59	-0.1274669896321085
2173.26	0.2577460103678914
2174.93	-0.1672549896321086
2176.6	0.21731801036789128
2178.26	-0.19522398963210855
2179.93	0.20582561036789143
2181.6	-0.19156918963210845
2183.27	0.20158201036789142
2184.94	-0.19864998963210861
2186.6	0.20165101036789138
2188.27	-0.1914449896321087
2189.94	0.23179101036789138
2191.61	-0.14605068963210863
2193.28	0.27661541036789133
2194.94	-0.1292139896321086
2196.61	0.2493670103678915
2198.28	-0.17917698963210854
2199.95	0.21566401036789143
2201.61	-0.19084198963210866
2203.28	0.22065701036789145
2204.95	-0.17746098963210868
2206.62	0.22531301036789148
2208.29	-0.18808798963210868
2209.95	0.20954101036789125
2211.62	-0.17910598963210853
2213.29	0.2500850103678913
2214.96	-0.15201498963210863
2216.63	0.23533531036789151
2218.29	-0.21120298963210865
2219.96	0.15151901036789134
2221.63	-0.26569398963210844
2223.3	0.12403101036789137
2224.96	-0.2586669896321086
2226.63	0.17986601036789154
2228.3	-0.19722798963210858
2229.97	0.2317570103678915
2231.64	-0.17345198963210864
2233.3	0.2302305103678915
2234.97	-0.1774397896321085
2236.64	0.20472401036789156
2238.31	-0.19277608963210868
2239.98	0.2251395103678914
2241.64	-0.16604458963210852
2243.31	0.2435889103678913
2244.98	-0.17161478963210858
2246.65	0.22236881036789144
2248.32	-0.1865749896321086
2249.98	0.2096620103678914
2251.65	-0.18561298963210843
2253.32	0.22962001036789143
2254.99	-0.18279198963210858
2256.65	0.2046180103678914
2258.32	-0.2051209896321084
2259.99	0.19801301036789137
2261.66	-0.20338298963210866
2263.33	0.20447401036789142
2264.99	-0.20430098963210847
2266.66	0.17707001036789144
2268.33	-0.24958798963210863
2270.0	0.12913101036789146
2271.67	-0.26701398963210854
2273.33	0.15435401036789134
2275.0	-0.23869798963210842
2276.67	0.15549601036789137
2278.34	-0.24956498963210852
2280.01	0.13272201036789136
2281.67	-0.2605189896321085
2283.34	0.14936501036789146
2285.01	-0.22723798963210848
2286.68	0.1891870103678914
2288.34	-0.20779298963210846
2290.01	0.20540301036789158
2291.68	-0.15956398963210852
2293.35	0.2765510103678914
2295.02	-0.09127998963210857
2296.68	0.3150208103678914
2298.35	-0.0965800896321086
2300.02	0.2790538103678915
2301.69	-0.1445479896321086
2303.36	0.24876091036789144
2305.02	-0.15631228963210858
2306.69	0.2402666103678916
2308.36	-0.1771719896321085
2310.03	0.20640001036789135
2311.7	-0.20930998963210853
2313.36	0.1909670103678915
2315.03	-0.2031229896321085
2316.7	0.20882901036789142
2318.37	-0.20642798963210854
2320.03	0.19349301036789152
2321.7	-0.2079909896321086
2323.37	0.19060501036789146
2325.04	-0.20043198963210843
2326.71	0.22915501036789135
2328.37	-0.14570298963210865
2330.04	0.2737150103678915
2331.71	-0.12037698963210855
2333.38	0.2627370103678916
2335.05	-0.16116998963210855
2336.71	0.20249401036789133
2338.38	-0.21627698963210853
2340.05	0.20202801036789145
2341.72	-0.1711839896321086
2343.39	0.2499000103678914
2345.05	-0.12903098963210852
2346.72	0.2701380103678915
2348.39	-0.16202398963210857
2350.06	0.20222301036789142
2351.72	-0.22982398963210865
2353.39	0.14908001036789137
2355.06	-0.2645419896321085
2356.73	0.12706901036789137
2358.4	-0.2685969896321085
2360.06	0.15132601036789156
2361.73	-0.2294309896321086
2363.4	0.18593001036789145
2365.07	-0.18545598963210852
2366.74	0.24138801036789143
2368.4	-0.1399219896321085
2370.07	0.2606900103678913
2371.74	-0.1469929896321086
2373.41	0.23263901036789153
2375.07	-0.17972398963210842
2376.74	0.21098401036789144
2378.41	-0.18574398963210842
2380.08	0.22496401036789146
2381.75	-0.17265498963210843
2383.41	0.2216410103678914
2385.08	-0.19529298963210848
2386.75	0.19142301036789147
2388.42	-0.2234089896321086
2390.09	0.16872901036789148
2391.75	-0.22272498963210854
2393.42	0.1804340103678916
2395.09	-0.20139198963210864
2396.76	0.22711601036789136
2398.43	-0.1523509896321085
2400.09	0.2735110103678916
2401.76	-0.1205869896321086
2403.43	0.26781401036789154
2405.1	-0.14087698963210848
2406.76	0.23234601036789143
2408.43	-0.18237898963210858
2410.1	0.2052070103678913
2411.77	-0.2145359896321085
2413.44	0.17275001036789153
2415.1	-0.24235398963210858
2416.77	0.14781901036789152
2418.44	-0.24126698963210869
2420.11	0.1740540103678915
2421.78	-0.20331498963210856
2423.44	0.2073980103678914
2425.11	-0.18583798963210854
2426.78	0.2052650103678914
2428.45	-0.2095619896321086
2430.12	0.17208301036789148
2431.78	-0.23634498963210854
2433.45	0.15243101036789136
2435.12	-0.23676898963210863
2436.79	0.16120601036789142
2438.45	-0.2260569896321086
2440.12	0.1743840103678913
2441.79	-0.21120098963210862
2443.46	0.18854801036789134
2445.13	-0.1919589896321085
2446.79	0.2019060103678915
2448.46	-0.1954009896321086
2450.13	0.19566001036789138
2451.8	-0.20632598963210844
2453.47	0.18129401036789156
2455.13	-0.2109509896321085
2456.8	0.17810801036789137
2458.47	-0.2159779896321085
2460.14	0.17079501036789146
2461.81	-0.23459298963210856
2463.47	0.15273601036789136
2465.14	-0.2580999896321086
2466.81	0.11608501036789136
2468.48	-0.2973419896321087
2470.14	0.07756601036789157
2471.81	-0.33440498963210874
2473.48	0.034481910367891465
2475.15	-0.3554430896321085
2476.82	0.08722071036789146
2478.48	-0.24889828963210864
2480.15	0.22235251036789144
2481.82	-0.10748328963210863
2483.49	0.3110601103678914
2485.16	-0.07900998963210866
2486.82	0.2880440103678915
2488.49	-0.13273898963210856
2490.16	0.2729110103678912
2491.83	-0.13209498963210872
2493.5	0.27252601036789137
2495.16	-0.11017798963210854
2496.83	0.28397101036789146
2498.5	-0.12101398963210863
2500.17	0.2629560103678915
2501.83	-0.15460998963210865
2503.5	0.24559601036789144
2505.17	-0.15599098963210864
2506.84	0.2533703103678914
2508.51	-0.13763548963210848
2510.17	0.24517081036789143
2511.84	-0.1791708896321084
2513.51	0.19271981036789157
2515.18	-0.22374848963210855
2516.85	0.16809461036789136
2518.51	-0.22006138963210856
2520.18	0.18890551036789135
2521.85	-0.20035758963210865
2523.52	0.1967403103678914
2525.19	-0.20238498963210852
2526.85	0.1882970103678914
2528.52	-0.19337598963210842
2530.19	0.21463561036789142
2531.86	-0.15169868963210859
2533.52	0.2656498103678913
2535.19	-0.14101588963210857
2536.86	0.2159305103678914
2538.53	-0.21268298963210858
2540.2	0.1642920103678915
2541.86	-0.22055298963210848
2543.53	0.20147201036789145
2545.2	-0.15837698963210856
2546.87	0.25382801036789143
2548.54	-0.1398109896321085
2550.2	0.24782401036789156
2551.87	-0.1532989896321087
2553.54	0.2703340103678914
2555.21	-0.12364798963210855
2556.87	0.2680990103678914
2558.54	-0.13701898963210862
2560.21	0.2365110103678915
2561.88	-0.17266798963210858
2563.55	0.2183590103678914
2565.21	-0.19439498963210847
2566.88	0.20198001036789143
2568.55	-0.20663848963210868
2570.22	0.18414331036789144
2571.89	-0.19564558963210849
2573.55	0.2108090103678914
2575.22	-0.17654198963210865
2576.89	0.22606501036789134
2578.56	-0.16435298963210856
2580.23	0.24040201036789144
2581.89	-0.1348269896321087
2583.56	0.2661760103678913
2585.23	-0.13268598963210854
2586.9	0.22610171036789134
2588.56	-0.22552538963210847
2590.23	0.13443501036789135
2591.9	-0.2598769896321086
2593.57	0.1484520103678915
2595.24	-0.20562898963210863
2596.9	0.21619801036789155
2598.57	-0.14449298963210866
2600.24	0.25645991036789145
2601.91	-0.1320432896321086
2603.58	0.2547099103678914
2605.24	-0.13194808963210852
2606.91	0.2644006103678913
2608.58	-0.11661498963210862
2610.25	0.28424301036789146
2611.92	-0.09931498963210854
2613.58	0.28536201036789133
2615.25	-0.10551298963210853
2616.92	0.2596550103678913
2618.59	-0.16565898963210854
2620.25	0.22424801036789144
2621.92	-0.1396739896321086
2623.59	0.29068801036789155
2625.26	-0.045655989632108665
2626.93	0.36898071036789143
2628.59	-0.015519589632108654
2630.26	0.32758611036789137
2631.93	-0.13480988963210871
2633.6	0.21678101036789146
2635.27	-0.19233958963210865
2636.93	0.21430291036789156
2638.6	-0.12485748963210837
2640.27	0.27444821036789147
2641.94	-0.12098548963210849
2643.61	0.23900411036789135
2645.27	-0.23733418963210856
2646.94	0.10136771036789141
2648.61	-0.34687428963210876
2650.28	0.02832821036789137
2651.94	-0.3379335896321084
2653.61	0.09064171036789151
2655.28	-0.2780019896321087
2656.95	0.15102101036789145
2658.62	-0.23125698963210847
2660.28	0.1552820103678913
2661.95	-0.16144098963210857
2663.62	0.3045001103678914
2665.29	-0.005708189632108518
2666.96	0.4464992103678914
2668.62	0.018733610367891285
2670.29	0.3226775103678915
2671.96	-0.1789403896321084
2673.63	0.10584001036789141
2675.3	-0.27484498963210857
2676.96	0.13780301036789147
2678.63	-0.1907833896321086
2680.3	0.29468031036789155
2681.97	-0.06754908963210857
2683.63	0.3445200103678915
2685.3	-0.055490989632108544
2686.97	0.29649901036789145
2688.64	-0.12067798963210852
2690.31	0.21680101036789132
2691.97	-0.20685498963210858
2693.64	0.19027101036789143
2695.31	-0.19981598963210848
2696.98	0.1848680103678915
2698.65	-0.21124798963210853
2700.31	0.1783300103678914
2701.98	-0.19918348963210858
2703.65	0.18053641036789142
2705.32	-0.19552998963210852
2706.99	0.1747868103678915
2708.65	-0.2263690896321085
2710.32	0.15554901036789126
2711.99	-0.2335119896321085
2713.66	0.17564701036789154
2715.32	-0.13770398963210856
2716.99	0.2887400103678913
2718.66	-0.0756749896321085
2720.33	0.27688801036789135
2722.0	-0.17472358963210854
2723.66	0.17666671036789142
2725.33	-0.21126818963210842
2727.0	0.18899331036789152
2728.67	-0.13072758963210857
2730.34	0.28483651036789137
2732.0	-0.10795808963210851
2733.67	0.24544931036789128
2735.34	-0.18892498963210863
2737.01	0.17281901036789155
2738.67	-0.23284238963210865
2740.34	0.15081491036789146
2742.01	-0.2056179896321085
2743.68	0.2171277103678914
2745.35	-0.13164048963210861
2747.01	0.2567680103678914
2748.68	-0.12319188963210866
2750.35	0.2370853103678913
2752.02	-0.19353868963210863
2753.69	0.1521828103678915
2755.35	-0.2435706896321086
2757.02	0.15306511036789144
2758.69	-0.20482308963210868
2760.36	0.1945370103678914
2762.03	-0.2331635896321087
2763.69	0.1666630103678914
2765.36	-0.1476997896321085
2767.03	0.28530401036789144
2768.7	-0.01781548963210857
2770.36	0.4196039103678914
2772.03	-0.01820098963210872
2773.7	0.26111801036789134
2775.37	-0.19869098963210857
2777.04	0.17734211036789138
2778.7	-0.06615578963210852
2780.37	0.4212495103678913
2782.04	0.1059717103678914
2783.71	0.41715951036789145
2785.38	-0.020059989632108633
2787.04	0.2514244103678914
2788.71	-0.1428141896321085
2790.38	0.2501040103678915
2792.05	-0.1738100896321086
2793.72	0.1356566103678915
2795.38	-0.3136376896321087
2797.05	-0.05036918963210859
2798.72	-0.4957759896321086
2800.39	-0.05612998963210869
2802.05	-0.41708398963210846
2803.72	0.05798301036789137
2805.39	-0.2502409896321086
2807.06	0.23776001036789154
2808.73	-0.04858298963210865
2810.39	0.4361580103678914
2812.06	0.07267601036789137
2813.73	0.5259970103678913
2815.4	0.1609209103678915
2817.07	0.5244245103678913
2818.73	0.10406391036789131
2820.4	0.4439251103678915
2822.07	-0.051193689632108616
2823.74	0.21523431036789137
2825.41	-0.23023498963210867
2827.07	0.07751701036789135
2828.74	-0.2641339896321087
2830.41	0.1201990103678916
2832.08	-0.3000299896321085
2833.74	0.07143481036789143
2835.41	-0.36751348963210856
2837.08	-0.06627738963210851
2838.75	-0.3917105896321086
2840.42	0.01345921036789156
2842.08	-0.25515788963210867
2843.75	0.13814401036789126
2845.42	-0.2829399896321087
2847.09	0.0667550103678913
2848.76	-0.2817372896321085
2850.42	0.13195071036789144
2852.09	-0.2620191896321086
2853.76	0.23622071036789136
2855.43	-0.1284602896321086
2857.1	0.27339081036789153
2858.76	-0.07659848963210865
2860.43	0.36418328036789144
2862.1	0.09899093036789142
2863.77	0.6990393303678915
2865.43	0.4762725103678914
2867.1	1.1713492103678913
2868.77	0.9514177103678915
2870.44	1.3201898103678915
2872.11	0.7938808103678917
2873.77	0.8949446103678916
2875.44	0.2471714103678913
2877.11	0.3545505103678914
2878.78	-0.14064358963210868
2880.45	0.2070408103678915
2882.11	-0.1607458896321087
2883.78	0.21912951036789136
2885.45	-0.1230004896321085
2887.12	0.13481491036789134
2888.79	-0.28881958963210835
2890.45	-0.025174589632108623
2892.12	-0.37775278963210857
2893.79	0.03332551036789151
2895.46	-0.2663342896321086
2897.12	0.1084500103678913
2898.79	-0.06518358963210856
2900.46	0.2765393103678915
2902.13	0.09496001036789144
2903.8	0.21953231036789161
2905.46	-0.3057540896321083
2907.13	-0.04568428963210876
2908.8	0.36359961036789157
2910.47	5.015376910367891
2912.14	13.519317710367892
2913.8	23.12200001036789
2915.47	29.29212301036789
2917.14	30.795989010367897
2918.81	25.443841010367887
2920.47	17.672279010367895
2922.14	8.493018810367893
2923.81	2.9700590103678914
2925.48	0.8973489103678913
2927.15	1.2069830103678918
2928.81	0.29057063336789135
2930.48	0.4454746803678913
2932.15	-0.19033958963210856
2933.82	0.3344808103678914
2935.49	-0.025556989632108795
2937.15	0.39978201036789135
2938.82	-0.1455209896321087
2940.49	0.1771370103678916
2942.16	-0.19326498963210875
2943.83	0.3762260103678914
2945.49	0.22004071036789136
2947.16	0.8420653103678915
2948.83	0.45126251036789133
2950.5	0.7107200103678913
2952.16	0.2089570103678915
2953.83	0.6010590103678913
2955.5	0.43370001036789124
2957.17	0.9695030103678913
2958.84	0.6255589103678916
2960.5	1.0572486103678913
2962.17	0.5591820103678915
2963.84	1.0213063103678914
2965.51	0.47957051036789133
2967.18	0.7579495103678913
2968.84	0.20545451036789145
2970.51	0.46414031036789155
2972.18	0.13823801036789146
2973.85	0.5881500103678913
2975.52	0.29579701036789147
2977.18	0.8108237103678914
2978.85	0.41323870036789134
2980.52	0.8883720103678915
2982.19	0.6899505103678913
2983.85	1.3883828103678915
2985.52	2.3040300103678915
2987.19	4.631240710367892
2988.86	7.0932078103678915
2990.53	10.526424910367892
2992.19	12.772110380367891
2993.86	14.423576010367892
2995.53	14.486507010367891
2997.2	16.33646491036789
2998.87	20.277309010367894
3000.53	25.79587001036789
3002.2	30.093329010367892
3003.87	30.794146010367893
3005.54	27.70755001036789
3007.21	22.655193410367893
3008.87	17.585106010367888
3010.54	16.56952501036789
3012.21	19.94098841036789
3013.88	24.120503010367894
3015.54	25.775124010367893
3017.21	23.778252010367893
3018.88	18.336015010367895
3020.55	12.18375571036789
3022.22	7.076756010367892
3023.88	4.59078377036789
3025.55	3.8032067903678914
3027.22	4.591171610367892
3028.89	3.5865807103678913
3030.56	3.2116162303678912
3032.22	1.8254690103678914
3033.89	1.4963071103678913
3035.56	0.8953740103678914
3037.23	1.4638401103678913
3038.9	0.8577080103678918
3040.56	1.2191889103678917
3042.23	0.6359421103678915
3043.9	1.1793055103678916
3045.57	0.7988869103678914
3047.23	1.2686740103678917
3048.9	0.7027818103678916
3050.57	0.8113443103678917
3052.24	0.2866731103678915
3053.91	0.6334570103678911
3055.57	1.599860010367891
3057.24	3.974654090367891
3058.91	5.5402455503678905
3060.58	7.001866310367892
3062.25	6.295906830367891
3063.91	5.067039210367891
3065.58	2.779202810367891
3067.25	1.1327863103678915
3068.92	-0.1277052996321086
3070.59	0.2413852103678915
3072.25	-0.16096998963210868
3073.92	0.24517991036789133
3075.59	-0.23980798963210864
3077.26	0.28097571036789154
3078.92	-0.11306698963210864
3080.59	0.4712780103678913
3082.26	0.0895330103678913
3083.93	0.7635516103678912
3085.6	0.42488911036789145
3087.26	1.0427380103678916
3088.93	0.8591800103678915
3090.6	1.6803520103678913
3092.27	1.7091820103678916
3093.94	2.7514100103678913
3095.6	2.5542773103678913
3097.27	3.455504010367892
3098.94	3.5779826103678913
3100.61	4.444450510367892
3102.27	4.726991010367891
3103.94	5.396115010367891
3105.61	4.821113010367891
3107.28	4.89366701036789
3108.95	3.577339010367892
3110.61	2.9521808103678913
3112.28	1.8456161703678913
3113.95	1.6200753103678913
3115.62	0.6910439103678914
3117.29	0.5521623103678912
3118.95	0.0062290103678912965
3120.62	0.4146127103678913
3122.29	0.3031733303678914
3123.96	0.6877474103678913
3125.63	0.4375550103678914
3127.29	0.5227030103678916
3128.96	-0.13069498963210852
3130.63	2.4646792203678913
3132.3	4.177640110367891
3133.96	7.084035810367892
3135.63	7.988414610367892
3137.3	7.913784890367893
3138.97	6.019357950367892
3140.64	4.423375810367891
3142.3	1.5697116103678916
3143.97	2.024615820367891
3145.64	1.2337912103678914
3147.31	1.5838938103678917
3148.98	0.8959560103678912
3150.64	1.3440313103678916
3152.31	0.8118720103678914
3153.98	1.2875803103678913
3155.65	0.8046044103678913
3157.32	1.2572490903678915
3158.98	0.7275961103678913
3160.65	1.1325791103678915
3162.32	0.6594706103678913
3163.99	1.1019980103678915
3165.65	0.5554190103678913
3167.32	0.9120291303678913
3168.99	0.39121811036789145
3170.66	0.7748721103678915
3172.33	0.2735376103678915
3173.99	0.7136549103678915
3175.66	0.26037401036789143
3177.33	0.6686433103678914
3179.0	0.23445701036789135
3180.67	0.6368030103678914
3182.33	0.18570901036789136
3184.0	0.6449820103678914
3185.67	0.25428461036789135
3187.34	0.7000935103678915
3189.01	0.28160131036789127
3190.67	0.7043115103678914
3192.34	0.2516191003678915
3194.01	0.6575851403678914
3195.68	0.11170501036789149
3197.34	0.5171463103678915
3199.01	0.13495221036789146
3200.68	0.6369536103678913
3202.35	0.2787048103678914
3204.02	0.7630409103678912
3205.68	0.26192051036789155
3207.35	0.6072634103678913
3209.02	0.0009710103678916004
3210.69	0.38960951036789143
3212.36	-0.042184989632108504
3214.02	0.4774774303678916
3215.69	0.1026031023678915
3217.36	0.5828047003678914
3219.03	0.1473662103678915
3220.7	0.5829549103678913
3222.36	0.05876201036789128
3224.03	0.44735301036789127
3225.7	-0.05715198963210859
3227.37	0.33079301036789144
3229.03	-0.12112298963210859
3230.7	0.3071460103678915
3232.37	-0.13467598963210864
3234.04	0.30060501036789133
3235.71	-0.16384498963210847
3237.37	0.2315180103678915
3239.04	-0.22026098963210847
3240.71	0.17406401036789146
3242.38	-0.2761649896321085
3244.05	0.12168201036789147
3245.71	-0.37116198963210845
3247.38	0.007955010367891435
3249.05	-0.4401589896321084
3250.72	-0.014843989632108446
3252.38	-0.39254698963210843
3254.05	0.06993001036789141
3255.72	-0.35030898963210844
3257.39	0.06516701036789145
3259.06	-0.3815769896321085
3260.72	-0.0023949896321085796
3262.39	-0.3915619896321084
3264.06	0.0978070103678913
3265.73	-0.2247839896321085
3267.4	0.3266188103678915
3269.06	-0.03523428963210844
3270.73	0.43386351036789145
3272.4	0.0079264103678915
3274.07	0.39824061036789155
3275.74	-0.057524989632108614
3277.4	0.3296390103678914
3279.07	-0.13054098963210856
3280.74	0.30057101036789147
3282.41	-0.1430439896321087
3284.07	0.2906760103678915
3285.74	-0.1341919896321086
3287.41	0.30716001036789153
3289.08	-0.10310398963210862
3290.75	0.31218601036789134
3292.41	-0.1038979896321087
3294.08	0.3617380103678913
3295.75	-0.061671989632108605
3297.42	0.37853301036789144
3299.09	-0.06157798963210877
3300.75	0.34964381036789133
3302.42	-0.08589198963210846
3304.09	0.32044001036789144
3305.76	-0.10291698963210857
3307.43	0.35704001036789135
3309.09	-0.06079968963210865
3310.76	0.4017425103678914
3312.43	-0.032459189632108344
3314.1	0.41940691036789135
3315.76	-0.008537689632108669
3317.43	0.4203771103678915
3319.1	0.00311711036789144
3320.77	0.42286501036789137
3322.44	-0.0047079896321086554
3324.1	0.4162360103678914
3325.77	-0.052323989632108533
3327.44	0.3682070103678912
3329.11	-0.10339098963210858
3330.78	0.2712410103678913
3332.44	-0.17815298963210852
3334.11	0.23969001036789148
3335.78	-0.1380999896321085
3337.45	0.3657770103678915
3339.12	-0.004786989632108418
3340.78	0.4662448103678914
3342.45	0.02140601036789145
3344.12	0.38593581036789165
3345.79	-0.09363298963210873
3347.45	0.30617501036789135
3349.12	-0.10846898963210846
3350.79	0.3554130103678915
3352.46	-0.045124989632108606
3354.13	0.3746700103678915
3355.79	-0.06131098963210848
3357.46	0.3109790103678914
3359.13	-0.14891498963210864
3360.8	0.24142601036789157
3362.47	-0.18402098963210867
3364.13	0.24705401036789149
3365.8	-0.16010998963210846
3367.47	0.28657201036789137
3369.14	-0.07661588963210861
3370.81	0.3707222103678914
3372.47	-0.01872968963210858
3374.14	0.43224341036789155
3375.81	-0.015474089632108579
3377.48	0.3608857103678914
3379.14	-0.1032669896321085
3380.81	0.27653601036789144
3382.48	-0.14013298963210868
3384.15	0.2817830103678915
3385.82	-0.13456898963210856
3387.48	0.3476370103678914
3389.15	-0.037650989632108625
3390.82	0.3785280103678917
3392.49	-0.03697098963210861
3394.16	0.3942466103678914
3395.82	-0.05073178963210869
3397.49	0.3728108103678915
3399.16	-0.0576966896321085
3400.83	0.34550401036789136
3402.5	-0.1065166896321085
3404.16	0.2767600103678914
3405.83	-0.19970798963210862
3407.5	0.21009301036789144
3409.17	-0.24440098963210852
3410.83	0.1934420103678914
3412.5	-0.2279439896321084
3414.17	0.2059170103678914
3415.84	-0.2000494896321085
3417.51	0.25563301036789154
3419.17	-0.16954318963210852
3420.84	0.22064491036789152
3422.51	-0.2549804896321087
3424.18	0.16118601036789132
3425.85	-0.27428198963210865
3427.51	0.16245501036789142
3429.18	-0.22716098963210868
3430.85	0.26596401036789147
3432.52	-0.13172298963210854
3434.18	0.3002840103678914
3435.85	-0.11510698963210864
3437.52	0.33223501036789144
3439.19	-0.0874319896321087
3440.86	0.30361901036789163
3442.52	-0.16107398963210856
3444.19	0.23437901036789138
3445.86	-0.2262519896321086
3447.53	0.1692120103678915
3449.2	-0.21161198963210842
3450.86	0.2537430103678914
3452.53	-0.12147898963210871
3454.2	0.3018910103678915
3455.87	-0.14040598963210868
3457.54	0.24437201036789138
3459.2	-0.1800969896321086
3460.87	0.21174501036789156
3462.54	-0.19683978963210855
3464.21	0.23721821036789148
3465.87	-0.19153818963210859
3467.54	0.25154881036789123
3469.21	-0.1397071896321086
3470.88	0.2844237103678914
3472.55	-0.13079098963210856
3474.21	0.2806670103678915
3475.88	-0.1779799896321086
3477.55	0.2326180103678915
3479.22	-0.19043898963210854
3480.89	0.2309500103678915
3482.55	-0.19875998963210853
3484.22	0.19628101036789133
3485.89	-0.23975598963210848
3487.56	0.18071001036789144
3489.23	-0.2527869896321084
3490.89	0.15738101036789146
3492.56	-0.2590359896321085
3494.23	0.1786320103678915
3495.9	-0.23423498963210862
3497.56	0.20056301036789143
3499.23	-0.18205298963210864
3500.9	0.23547801036789137
3502.57	-0.2340529896321087
3504.24	0.14017501036789143
3505.9	-0.26255498963210855
3507.57	0.20621801036789136
3509.24	-0.11992098963210869
3510.91	0.39330901036789145
3512.58	0.04348601036789144
3514.24	0.4832679103678913
3515.91	0.04604321036789143
3517.58	0.39686961036789137
3519.25	-0.052738989632108636
3520.92	0.29058201036789144
3522.58	-0.1853359896321085
3524.25	0.18993001036789153
3525.92	-0.27301998963210866
3527.59	0.12429831036789137
3529.25	-0.2670578896321087
3530.92	0.20355411036789156
3532.59	-0.16728998963210848
3534.26	0.2851961103678914
3535.93	-0.09297898963210842
3537.59	0.35060441036789136
3539.26	-0.034689989632108564
3540.93	0.41765791036789146
3542.6	0.05548591036789149
3544.27	0.5258291103678915
3545.93	0.14609081036789134
3547.6	0.5415789103678915
3549.27	0.19246051036789125
3550.94	0.5582532103678914
3552.61	0.10689981036789127
3554.27	0.47855221036789153
3555.94	0.052494910367891355
3557.61	0.45844861036789136
3559.28	0.06194101036789146
3560.94	0.41055701036789144
3562.61	0.035358010367891435
3564.28	0.3762129103678915
3565.95	-0.09709398963210858
3567.62	0.27873001036789147
3569.28	-0.12473598963210875
3570.95	0.27614101036789146
3572.62	-0.07154578963210848
3574.29	0.3656929103678913
3575.96	0.02635571036789146
3577.62	0.42001151036789136
3579.29	0.01249371036789173
3580.96	0.28180241036789144
3582.63	0.34541631036789133
3584.3	2.1853242103678916
3585.96	3.0292610103678914
3587.63	4.415136210367892
3589.3	4.125648610367891
3590.97	3.6296491503678916
3592.63	1.9605960103678917
3594.3	1.0113105103678914
3595.97	-0.38133998963210863
3597.64	0.15815201036789134
3599.31	-0.2794809896321084
3600.97	0.11677101036789142
3602.64	-0.30838298963210864
3604.31	0.16603501036789142
3605.98	-0.2410389896321085
3607.65	0.2425040103678914
3609.31	-0.2153469896321087
3610.98	0.22073001036789144
3612.65	-0.2528859896321084
3614.32	0.1971850103678914
3615.98	-0.2512939896321084
3617.65	0.28271601036789146
3619.32	-0.09180898963210864
3620.99	0.4228560103678915
3622.66	0.035631810367891516
3624.32	0.5983257103678915
3625.99	0.3508790103678915
3627.66	0.8814940103678914
3629.33	0.41937801036789146
3631.0	0.7158150103678915
3632.66	-0.024917989632108718
3634.33	0.11335701036789154
3636.0	-0.7224029896321085
3637.67	-0.6670279896321086
3639.34	-1.4858719896321086
3641.0	-1.2846019896321086
3642.67	-1.3239509896321089
3644.34	0.22827581036789146
3646.01	1.2259006403678914
3647.67	2.988221210367891
3649.34	3.161896910367891
3651.01	3.5534030103678917
3652.68	2.356474710367891
3654.35	1.9059300103678916
3656.01	0.8501963703678916
3657.68	1.0724866103678914
3659.35	0.5789239103678915
3661.02	0.9691356103678915
3662.69	0.40957151036789147
3664.35	0.7543132103678915
3666.02	0.11924061036789138
3667.69	0.4556157103678914
3669.36	-0.10693100963210853
3671.03	0.37500731036789137
3672.69	0.00029121036789132583
3674.36	0.5229000103678916
3676.03	0.07762501036789124
3677.7	0.5451553103678913
3679.36	0.02253001036789153
3681.03	0.5113547103678914
3682.7	0.006448510367891558
3684.37	0.5322328103678914
3686.04	0.04805651036789151
3687.7	0.5826256103678913
3689.37	0.031544710367891436
3691.04	0.5387050103678914
3692.71	-0.010747439632108535
3694.38	0.5553178103678913
3696.04	0.015055160367891451
3697.71	0.6370690103678913
3699.38	-0.005946089632108464
3701.05	0.5673420103678914
3702.72	-0.024452589632108567
3704.38	0.8330662103678914
3706.05	0.3350828103678914
3707.72	1.765692010367891
3709.39	0.8728977103678917
3711.05	5.661963090367892
3712.72	15.482046010367892
3714.39	24.398054010367893
3716.06	30.626893110367895
3717.73	32.91815201036788
3719.39	50.8299650103679
3721.06	66.23002901036789
3722.73	77.8588590103679
3724.4	81.29733901036789
3726.07	72.27036901036789
3727.73	50.13327901036789
3729.4	26.408233010367894
3731.07	1.6694337103678911
3732.74	0.04925301036789158
3734.41	0.9345552103678912
3736.07	0.6656845103678913
3737.74	0.9276328103678917
3739.41	0.3010520103678914
3741.08	0.3425986103678914
3742.74	-0.1277789896321086
3744.41	0.12100601036789149
3746.08	-0.1983439896321087
3747.75	0.06350701036789139
3749.42	-0.3033589896321084
3751.08	0.02921801036789142
3752.75	-0.2842769896321086
3754.42	0.03442401036789133
3756.09	-0.32076798963210856
3757.76	-0.045760989632108576
3759.42	-0.34725498963210877
3761.09	0.031106010367891446
3762.76	-0.1781249896321086
3764.43	0.28099501036789143
3766.1	0.029375010367891564
3767.76	0.4028680103678915
3769.43	0.024488510367891504
3771.1	0.3253080103678914
3772.77	-0.0631949896321086
3774.43	0.23876901036789153
3776.1	-0.12776298963210855
3777.77	0.2379820103678913
3779.44	-0.13064498963210852
3781.11	0.2961090103678914
3782.77	-0.013176989632108537
3784.44	0.33567401036789146
3786.11	-0.08514498963210856
3787.78	0.18685001036789142
3789.45	-0.14259998963210863
3791.11	0.5405790103678914
3792.78	0.4727260103678915
3794.45	1.1051595103678913
3796.12	0.8320954403678915
3797.78	1.0594428703678913
3799.45	0.47333581036789135
3801.12	0.6158754703678915
3802.79	0.08583936036789144
3804.46	0.45009751036789136
3806.12	0.0425220103678912
3807.79	0.3413470103678914
3809.46	-0.11855898963210851
3811.13	0.2448890103678913
3812.8	-0.15271798963210848
3814.46	0.2006630103678913
3816.13	-0.16507498963210857
3817.8	0.22795401036789142
3819.47	-0.09760498963210858
3821.14	0.34044501036789143
3822.8	-0.004389989632108615
3824.47	0.42497141036789154
3826.14	0.043745310367891345
3827.81	0.3778957103678914
3829.47	-0.038764289632108616
3831.14	0.28506601036789136
3832.81	-0.16001098963210858
3834.48	0.17516401036789137
3836.15	-0.2319599896321086
3837.81	0.15644101036789143
3839.48	-0.20385628963210856
3841.15	0.18905191036789132
3842.82	-0.15537278963210857
3844.49	0.2800282103678913
3846.15	-0.08048948963210849
3847.82	0.3371812103678915
3849.49	-0.021974789632108627
3851.16	0.3520460103678914
3852.83	-0.0297299896321086
3854.49	0.33918801036789137
3856.16	-0.04931398963210876
3857.83	0.34221601036789134
3859.5	-0.03314098963210839
3861.16	0.2966740103678915
3862.83	-0.10566698963210856
3864.5	0.2067880103678915
3866.17	-0.20049868963210854
3867.84	0.13193971036789137
3869.5	-0.23027688963210863
3871.17	0.1915795103678915
3872.84	-0.0006973896321087359
3874.51	0.5250588103678914
3876.18	0.19377591036789157
3877.84	0.5251620103678913
3879.51	-0.031241989632108624
3881.18	0.0743050103678913
3882.85	-0.5080079896321085
3884.52	-0.2777739896321087
3886.18	-0.6565019896321086
3887.85	-0.17030898963210855
3889.52	-0.5007539896321085
3891.19	0.03239751036789147
3892.85	-0.22838318963210863
3894.52	0.23898341036789122
3896.19	-0.11435198963210876
3897.86	0.24149901036789143
3899.53	-0.19631798963210847
3901.19	0.1909870103678914
3902.86	-0.20648298963210882
3904.53	0.2125770103678915
3906.2	-0.15167998963210863
3907.87	0.23178301036789142
3909.53	-0.18012398963210857
3911.2	0.17381601036789157
3912.87	-0.24471898963210847
3914.54	0.13180701036789136
3916.21	-0.26739998963210854
3917.87	0.1139770103678914
3919.54	-0.27083098963210855
3921.21	0.12456801036789149
3922.88	-0.2965409896321086
3924.54	0.08522601036789143
3926.21	-0.29394198963210866
3927.88	0.1199310103678914
3929.55	-0.24082198963210835
3931.22	0.17377201036789153
3932.88	-0.2510579896321087
3934.55	0.13198101036789148
3936.22	-0.2869613896321085
3937.89	0.10063901036789154
3939.56	-0.23687198963210868
3941.22	0.1627450103678913
3942.89	-0.2601549896321087
3944.56	0.09255201036789136
3946.23	-0.34564698963210877
3947.9	0.0543980103678914
3949.56	-0.31053698963210863
3951.23	0.10641301036789144
3952.9	-0.23131198963210844
3954.57	0.16515001036789134
3956.23	-0.23602198963210874
3957.9	0.12979501036789148
3959.57	-0.2955259896321086
3961.24	0.10357301036789135
3962.91	-0.28324198963210856
3964.57	0.16766001036789152
3966.24	-0.14228698963210856
3967.91	0.2984070103678914
3969.58	-0.09196338963210846
3971.25	0.29160501036789144
3972.91	-0.1934807896321086
3974.58	0.14521201036789136
3976.25	-0.2898119896321085
3977.92	0.0861650103678914
3979.58	-0.3172489896321085
3981.25	0.0547100103678914
3982.92	-0.3757799896321087
3984.59	0.02454001036789135
3986.26	-0.3761469896321084
3987.92	0.05187701036789152
3989.59	-0.2860419896321085
3991.26	0.1787340103678915
3992.93	-0.15760778963210856
3994.6	0.26043501036789163
3996.26	-0.1409215896321084
3997.93	0.1994021103678914
3999.6	-0.23159818963210857
4001.27	0.15503901036789153
4002.94	-0.1889679896321087
4004.6	0.28716901036789133
4006.27	-0.0639159896321085
4007.94	0.3323140103678914
4009.61	-0.08451008963210849
4011.27	0.20067641036789138
4012.94	-0.2712199896321085
4014.61	0.06713801036789135
4016.28	-0.3261839896321087
4017.95	0.10624201036789153
4019.61	-0.24426598963210858
4021.28	0.2092650103678914
4022.95	-0.14793498963210858
4024.62	0.22037801036789126
4026.29	-0.23454198963210865
4027.95	0.09478301036789134
4029.62	-0.35251398963210867
4031.29	0.04486301036789144
4032.96	-0.32600698963210856
4034.63	0.13099601036789144
4036.29	-0.24053398963210854
4037.96	0.13884801036789138
4039.63	-0.2831499896321087
4041.3	0.09324601036789149
4042.96	-0.3063359896321087
4044.63	0.12374801036789145
4046.3	-0.19692398963210853
4047.97	0.2536840103678915
4049.64	-0.10543708963210845
4051.3	0.29347521036789137
4052.97	-0.10222438963210853
4054.64	0.29095811036789127
4056.31	-0.11835698963210868
4057.98	0.2061050103678915
4059.64	-0.2357469896321085
4061.31	0.08528001036789135
4062.98	-0.37169098963210867
4064.65	-0.003089989632108536
4066.32	-0.38380498963210846
4067.98	0.056318010367891545
4069.65	-0.2864719896321087
4071.32	0.09997401036789148
4072.99	-0.2793949896321086
4074.65	0.08142701036789139
4076.32	-0.3324669896321085
4077.99	0.052520010367891376
4079.66	-0.3314499896321086
4081.33	0.07886301036789142
4082.99	-0.3190638896321086
4084.66	0.059916410367891415
4086.33	-0.3272561896321086
4088.0	0.09977001036789149
4089.67	-0.23560998963210872
4091.33	0.20679401036789152
4093.0	-0.13439698963210847
4094.67	0.2625900103678915
4096.34	-0.1782999896321086
4098.01	0.16358701036789136
4099.67	-0.2639679896321086
4101.34	0.10084501036789144
4103.01	-0.3084109896321086
4104.68	0.09224501036789143
4106.34	-0.2680309896321087
4108.01	0.15042501036789147
4109.68	-0.24415298963210857
4111.35	0.14620601036789124
4113.02	-0.23981298963210848
4114.68	0.15150401036789152
4116.35	-0.26962598963210843
4118.02	0.1502500103678914
4119.69	-0.20949398963210858
4121.36	0.19750901036789142
4123.02	-0.2245349896321085
4124.69	0.15495501036789136
4126.36	-0.2642979896321086
4128.03	0.14218701036789155
4129.69	-0.22757898963210868
4131.36	0.22136601036789152
4133.03	-0.11322398963210858
4134.7	0.3040150103678914
4136.37	-0.0920679896321086
4138.03	0.3088225103678913
4139.7	-0.06815048963210846
4141.37	0.35872141036789157
4143.04	-0.03606958963210838
4144.71	0.3328700103678915
4146.37	-0.11517198963210869
4148.04	0.17702201036789147
4149.71	-0.2809439896321087
4151.38	0.08894901036789145
4153.05	-0.2851249896321084
4154.71	0.13065801036789143
4156.38	-0.28101898963210853
4158.05	0.06507201036789141
4159.72	-0.36416398963210855
4161.38	-0.012996989632108557
4163.05	-0.3909149896321085
4164.72	0.0265150103678915
4166.39	-0.3475779896321086
4168.06	0.016564010367891548
4169.72	-0.4326699896321086
4171.39	-0.08624198963210852
4173.06	-0.48513298963210855
4174.73	-0.061278989632108316
4176.4	-0.4185369896321086
4178.06	0.00034601036789152497
4179.73	-0.38001798963210875
4181.4	0.02344501036789124
4183.07	-0.3376649896321087
4184.74	0.08671801036789144
4186.4	-0.2881159896321087
4188.07	0.12902501036789157
4189.74	-0.2680172896321086
4191.41	0.14794311036789132
4193.07	-0.22695268963210857
4194.74	0.21413161036789158
4196.41	-0.15020718963210847
4198.08	0.27653501036789147
4199.75	-0.08616398963210858
4201.41	0.34574601036789143
4203.08	-0.03423498963210856
4204.75	0.3821910103678913
4206.42	-0.022797989632108596
4208.09	0.37939901036789137
4209.75	-0.018329989632108457
4211.42	0.34017621036789136
4213.09	-0.08319318963210862
4214.76	0.29506091036789134
4216.43	-0.14971198963210847
4218.09	0.2115410103678915
4219.76	-0.21055598963210861
4221.43	0.1712010103678914
4223.1	-0.21799998963210862
4224.76	0.1927350103678914
4226.43	-0.17866198963210864
4228.1	0.26821301036789136
4229.77	-0.09696558963210869
4231.44	0.31949231036789144
4233.1	-0.0704887896321086
4234.77	0.3254450103678912
4236.44	-0.06736898963210854
4238.11	0.31210001036789137
4239.78	-0.09359128963210853
4241.44	0.2846423103678912
4243.11	-0.15630778963210862
4244.78	0.22477631036789153
4246.45	-0.17824668963210846
4248.12	0.21131131036789133
4249.78	-0.19099768963210878
4251.45	0.18104611036789145
4253.12	-0.22731858963210838
4254.79	0.17259361036789145
4256.45	-0.22418848963210855
4258.12	0.1656940103678915
4259.79	-0.25993798963210857
4261.46	0.1150970103678914
4263.13	-0.3200109896321087
4264.79	0.0672180103678915
4266.46	-0.28010808963210865
4268.13	0.1600838103678914
4269.8	-0.20810288963210857
4271.47	0.1644878103678914
4273.13	-0.2783610896321087
4274.8	0.04516201036789136
4276.47	-0.40571298963210856
4278.14	-0.04392598963210877
4279.81	-0.42268198963210846
4281.47	0.025709010367891437
4283.14	-0.3505869896321086
4284.81	0.06632301036789139
4286.48	-0.31057998963210864
4288.14	0.06026301036789146
4289.81	-0.3617549896321086
4291.48	0.010906010367891494
4293.15	-0.3865269896321085
4294.82	0.018953010367891432
4296.48	-0.3779349896321087
4298.15	0.03628201036789147
4299.82	-0.33983198963210864
4301.49	0.06678201036789144
4303.16	-0.3264259896321085
4304.82	0.040388010367891435
4306.49	-0.3444229896321085
4308.16	0.025318010367891452
4309.83	-0.3712289896321085
4311.49	0.042077010367891465
4313.16	-0.3599929896321086
4314.83	0.043164010367891435
4316.5	-0.35034998963210856
4318.17	0.02368801036789141
4319.83	-0.35437808963210854
4321.5	0.03727381036789142
4323.17	-0.3364516896321085
4324.84	0.10200571036789138
4326.51	-0.2684595896321085
4328.17	0.1811226103678915
4329.84	-0.16083698963210874
4331.51	0.2862760103678913
4333.18	-0.03739798963210854
4334.85	0.3818470103678915
4336.51	-0.022282089632108516
4338.18	0.31676631036789127
4339.85	-0.14953398963210865
4341.52	0.2055680103678914
4343.18	-0.13207418963210854
4344.85	0.32454051036789133
4346.52	-0.0009979896321085757
4348.19	0.3949276103678914
4349.86	-0.0623888896321087
4351.52	0.22879561036789142
4353.19	-0.2242009896321086
4354.86	0.11173501036789132
4356.53	-0.2721579896321086
4358.2	0.10090601036789135
4359.86	-0.26638998963210864
4361.53	0.14186801036789126
4363.2	-0.2254629896321087
4364.87	0.2105650103678915
4366.54	-0.14346398963210866
4368.2	0.2392320103678914
4369.87	-0.16826898963210865
4371.54	0.1552970103678914
4373.21	-0.2651249896321087
4374.87	0.13145501036789134
4376.54	-0.2560259896321087
4378.21	0.20313021036789145
4379.88	-0.15953148963210845
4381.55	0.21935601036789149
4383.21	-0.21164698963210862
4384.88	0.11536901036789149
4386.55	-0.3463399896321085
4388.22	0.04805801036789157
4389.89	-0.3394979896321086
4391.55	0.06444001036789129
4393.22	-0.33408698963210837
4394.89	0.043680010367891306
4396.56	-0.34445398963210866
4398.23	0.10113201036789143
4399.89	-0.23072998963210853
4401.56	0.21313101036789134
4403.23	-0.14586098963210842
4404.9	0.22653701036789134
4406.56	-0.23595278963210847
4408.23	0.09727771036789148
4409.9	-0.38121048963210863
4411.57	-0.03543098963210876
4413.24	-0.4143099896321085
4414.9	0.028136010367891373
4416.57	-0.32013798963210854
4418.24	0.13698601036789143
4419.91	-0.2618799896321085
4421.58	0.1151740103678915
4423.24	-0.3075639896321086
4424.91	0.06715101036789146
4426.58	-0.2896289896321087
4428.25	0.15433901036789135
4429.92	-0.25424998963210843
4431.58	0.09120601036789133
4433.25	-0.36054198963210854
4434.92	-0.01565498963210865
4436.59	-0.39934598963210854
4438.25	0.029969010367891392
4439.92	-0.2830509896321085
4441.59	0.1674340103678913
4443.26	-0.21437498963210863
4444.93	0.19107801036789152
4446.59	-0.18382498963210853
4448.26	0.21431701036789136
4449.93	-0.16790198963210862
4451.6	0.22156501036789145
4453.27	-0.20674038963210872
4454.93	0.11359931036789143
4456.6	-0.3474604896321085
4458.27	0.05942141036789132
4459.94	-0.26886658963210863
4461.61	0.1996981103678914
4463.27	-0.12497658963210852
4464.94	0.29988391036789136
4466.61	-0.13119998963210852
4468.28	0.1792450103678913
4469.94	-0.2709799896321086
4471.61	0.10305301036789147
4473.28	-0.29495998963210873
4474.95	0.11326801036789144
4476.62	-0.30507308963210844
4478.28	0.05838151036789148
4479.95	-0.3744181896321086
4481.62	-0.018398589632108563
4483.29	-0.38511898963210867
4484.96	0.06183301036789142
4486.62	-0.2985589896321087
4488.29	0.12101201036789129
4489.96	-0.32084598963210836
4491.63	-0.02300998963210856
4493.29	-0.4733759896321085
4494.96	-0.10894018963210858
4496.63	-0.47567838963210873
4498.3	-0.013057789632108564
4499.97	-0.30354028963210844
4501.63	0.15641601036789138
4503.3	-0.12794368963210861
4504.97	0.28357441036789127
4506.64	-0.12655448963210858
4508.31	0.2110809103678915
4509.97	-0.27848648963210854
4511.64	0.028443310367891474
4513.31	-0.3742793896321085
4514.98	0.029595210367891478
4516.65	-0.2750745896321087
4518.31	0.1854406103678915
4519.98	-0.21017638963210836
4521.65	0.17481901036789133
4523.32	-0.2549297896321085
4524.98	0.12641161036789145
4526.65	-0.28186818963210863
4528.32	0.11825901036789135
4529.99	-0.25906498963210856
4531.66	0.12860601036789132
4533.32	-0.29061898963210864
4534.99	0.09055501036789149
4536.66	-0.31514998963210866
4538.33	0.06420801036789137
4540.0	-0.33418598963210844
4541.66	0.04177501036789157
4543.33	-0.3756577896321086
4545.0	0.02379591036789147
4546.67	-0.35060768963210853
4548.34	0.07291101036789138
4550.0	-0.26317598963210853
4551.67	0.1260090103678913
4553.34	-0.2650589896321086
4555.01	0.11719901036789145
4556.67	-0.3174749896321087
4558.34	0.09399291036789152
4560.01	-0.27246068963210873
4561.68	0.15600721036789147
4563.35	-0.15724748963210863
4565.01	0.2529744103678914
4566.68	-0.15058148963210852
4568.35	0.19756601036789148
4570.02	-0.21326198963210863
4571.69	0.1997940103678914
4573.35	-0.16368598963210854
4575.02	0.2681300103678915
4576.69	-0.1033629896321085
4578.36	0.2773790103678914
4580.03	-0.17213498963210835
4581.69	0.13405701036789133
4583.36	-0.3028449896321086
4585.03	0.07720101036789144
4586.7	-0.35334398963210845
4588.36	0.03341201036789141
4590.03	-0.3476159896321086
4591.7	0.07252201036789141
4593.37	-0.2671009896321085
4595.04	0.14102161036789135
4596.7	-0.2590761896321085
4598.37	0.1356650103678915
4600.04	-0.28382098963210856
4601.71	0.048411010367891305
4603.38	-0.39339098963210867
4605.04	-0.027981989632108607
4606.71	-0.43386898963210874
4608.38	-0.025025989632108513
4610.05	-0.37823798963210853
4611.72	0.04677601036789154
4613.38	-0.30576728963210853
4615.05	0.10122351036789139
4616.72	-0.3150445896321086
4618.39	0.09282111036789152
4620.05	-0.2525257896321086
4621.72	0.16621201036789132
4623.39	-0.18441798963210848
4625.06	0.20750101036789131
4626.73	-0.2022679896321086
4628.39	0.22772101036789136
4630.06	-0.12338098963210846
4631.73	0.3132110103678916
4633.4	-0.0331419896321085
4635.07	0.35778901036789124
4636.73	-0.06248298963210843
4638.4	0.2807630103678914
4640.07	-0.14935098963210858
4641.74	0.2295208103678914
4643.41	-0.18070818963210858
4645.07	0.1868330103678914
4646.74	-0.24786198963210845
4648.41	0.10842001036789148
4650.08	-0.2823629896321087
4651.74	0.10920201036789157
4653.41	-0.21052798963210856
4655.08	0.2553280103678913
4656.75	-0.09638798963210857
4658.42	0.31959301036789156
4660.08	-0.1050109896321086
4661.75	0.22540771036789148
4663.42	-0.2275019896321086
4665.09	0.10203201036789152
4666.76	-0.34108098963210853
4668.42	0.05513501036789133
4670.09	-0.37231598963210866
4671.76	0.033563010367891465
4673.43	-0.33821498963210866
4675.09	0.1109738103678913
4676.76	-0.22571998963210857
4678.43	0.19099801036789135
4680.1	-0.21916298963210865
4681.77	0.1309320103678915
4683.43	-0.32130298963210857
4685.1	0.00910501036789133
4686.77	-0.41395998963210856
4688.44	0.0015130103678913987
4690.11	-0.35347698963210866
4691.77	0.05619601036789144
4693.44	-0.31828398963210847
4695.11	0.05461701036789144
4696.78	-0.3596349896321086
4698.45	0.024208010367891265
4700.11	-0.3820369896321087
4701.78	0.040983010367891336
4703.45	-0.3453229896321085
4705.12	0.03595501036789135
4706.78	-0.3564579896321086
4708.45	-0.009684989632108598
4710.12	-0.42249298963210863
4711.79	-0.018518989632108563
4713.46	-0.40182098963210855
4715.12	0.024867010367891317
4716.79	-0.3496869896321087
4718.46	0.01728801036789145
4720.13	-0.3439989896321086
4721.8	0.039732010367891556
4723.46	-0.3496269896321086
4725.13	0.04172801036789138
4726.8	-0.40902098963210853
4728.47	-0.062121989632108555
4730.14	-0.48636298963210856
4731.8	-0.0867769896321087
4733.47	-0.3954929896321086
4735.14	0.09182801036789139
4736.81	-0.22025098963210848
4738.47	0.2534570103678916
4740.14	-0.11457598963210858
4741.81	0.2998145103678914
4743.48	-0.11230868963210847
4745.15	0.23820761036789148
4746.81	-0.20204268963210853
4748.48	0.13608691036789142
4750.15	-0.3099789896321086
4751.82	0.06813311036789146
4753.49	-0.3219501896321084
4755.15	0.08072681036789134
4756.82	-0.2900824896321087
4758.49	0.11739201036789156
4760.16	-0.26611298963210867
4761.83	0.15695901036789156
4763.49	-0.23026798963210854
4765.16	0.15882801036789138
4766.83	-0.22677198963210854
4768.5	0.17461701036789146
4770.16	-0.24678798963210843
4771.83	0.1458940103678913
4773.5	-0.29306298963210853
4775.17	0.06168201036789152
4776.84	-0.3085789896321088
4778.5	0.09736601036789153
4780.17	-0.2591149896321087
4781.84	0.1876822103678914
4783.51	-0.17139688963210856
4785.18	0.25649901036789136
4786.84	-0.18340818963210842
4788.51	0.10999561036789143
4790.18	-0.36466588963210833
4791.85	-0.04684828963210845
4793.52	-0.4863177896321087
4795.18	-0.11459198963210852
4796.85	-0.46680098963210853
4798.52	-0.033854989632108624
4800.19	-0.4274289896321086
4801.85	-0.03325498963210845
4803.52	-0.4107670896321086
4805.19	0.02294741036789142
4806.86	-0.3701899896321085
4808.53	0.02677101036789147
4810.19	-0.35313098963210865
4811.86	0.04015801036789148
4813.53	-0.2831369896321084
4815.2	0.1924950103678914
4816.87	-0.15043898963210864
4818.53	0.25645801036789145
4820.2	-0.18398698963210852
4821.87	0.15157701036789123
4823.54	-0.29591098963210855
4825.21	0.08198581036789132
4826.87	-0.32119318963210863
4828.54	0.07651261036789132
4830.21	-0.3204887896321084
4831.88	0.06325401036789147
4833.54	-0.3008909896321086
4835.21	0.09133901036789145
4836.88	-0.2996887896321086
4838.55	0.10912641036789146
4840.22	-0.2797910896321087
4841.88	0.09959871036789146
4843.55	-0.3018069896321086
4845.22	0.06817701036789134
4846.89	-0.3146279896321086
4848.56	0.045966010367891386
4850.22	-0.3245669896321087
4851.89	0.10868401036789159
4853.56	-0.21956498963210863
4855.23	0.18580701036789143
4856.89	-0.18602098963210856
4858.56	0.2049910103678914
4860.23	-0.19434998963210856
4861.9	0.18139401036789138
4863.57	-0.26303298963210847
4865.23	0.07169121036789126
4866.9	-0.3803386896321086
4868.57	-0.06732998963210861
4870.24	-0.4924559896321085
4871.91	-0.14100498963210872
4873.57	-0.5170429896321085
4875.24	-0.07725098963210868
4876.91	-0.42842998963210877
4878.58	-0.017882989632108815
4880.25	-0.3840339896321086
4881.91	0.048187010367891504
4883.58	-0.32443998963210874
4885.25	0.08877601036789147
4886.92	-0.29764298963210856
4888.58	0.08006001036789134
4890.25	-0.3650409896321085
4891.92	-0.039360989632108614
4893.59	-0.49934598963210847
4895.26	-0.07796998963210866
4896.92	-0.4552659896321086
4898.59	-0.021639989632108513
4900.26	-0.36847798963210876
4901.93	0.05887901036789149
4903.6	-0.34821698963210856
4905.26	0.10563601036789153
4906.93	-0.27136598963210856
4908.6	0.19319001036789146
4910.27	-0.13260788963210862
4911.94	0.28737801036789135
4913.6	-0.07791928963210859
4915.27	0.30907651036789147
4916.94	-0.1237167896321087
4918.61	0.26403381036789153
4920.27	-0.15314898963210857
4921.94	0.2451450103678913
4923.61	-0.10454898963210861
4925.28	0.30078101036789145
4926.95	-0.053090989632108655
4928.61	0.3115090103678913
4930.28	-0.1279239896321086
4931.95	0.2428437103678914
4933.62	-0.12992578963210852
4935.29	0.2914243103678914
4936.95	-0.05964748963210844
4938.62	0.27185761036789147
4940.29	-0.19039548963210867
4941.96	0.11562001036789138
4943.63	-0.3516859896321085
4945.29	0.046213010367891404
4946.96	-0.3246449896321087
4948.63	0.10421401036789138
4950.3	-0.2224439896321085
4951.96	0.2109560103678914
4953.63	-0.12484998963210861
4955.3	0.3491040103678914
4956.97	-0.06601498963210865
4958.64	0.3091140103678914
4960.3	-0.1920749896321086
4961.97	0.07218501036789149
4963.64	-0.3879899896321083
4965.31	-0.04582098963210877
4966.98	-0.4192309896321085
4968.64	-0.01757998963210854
4970.31	-0.41505798963210855
4971.98	-0.0012849896321083909
4973.65	-0.3776279896321086
4975.32	-0.0010789896321085958
4976.98	-0.3969522896321086
4978.65	-0.028771589632108675
4980.32	-0.4010420896321086
4981.99	-0.04830048963210855
4983.65	-0.44758328963210864
4985.32	-0.0074548896321086746
4986.99	-0.33496018963210855
4988.66	0.11127941036789146
4990.33	-0.25079138963210845
4991.99	0.12645381036789155
4993.66	-0.31198098963210874
4995.33	0.018156010367891273
4997.0	-0.4539179896321087
4998.67	-0.055761989632108634
5000.33	-0.3866539896321086
5002.0	0.055381010367891406
5003.67	-0.30602998963210853
5005.34	0.06593701036789153
5007.0	-0.39912798963210855
5008.67	-0.06997798963210869
5010.34	-0.4883409896321087
5012.01	-0.11851198963210856
5013.68	-0.46417298963210846
5015.34	-0.033853989632108485
5017.01	-0.41850098963210847
5018.68	-0.02204698963210856
5020.35	-0.43912398963210864
5022.02	-0.09766298963210858
5023.68	-0.49579198963210863
5025.35	-0.13891098963210852
5027.02	-0.5480359896321086
5028.69	-0.09868298963210864
5030.36	-0.4960269896321086
5032.02	-0.10261298963210877
5033.69	-0.4682859896321084
5035.36	-0.06544898963210855
5037.03	-0.3986539896321085
5038.69	0.039336010367891625
5040.36	-0.35279198963210856
5042.03	0.10405901036789149
5043.7	-0.20480498963210864
5045.37	0.2450080103678914
5047.03	-0.049147989632108646
5048.7	0.4034540103678914
5050.37	-0.0013049896321084998
5052.04	0.28501501036789145
5053.71	-0.24642978963210851
5055.37	0.003679210367891439
5057.04	-0.41583578963210854
5058.71	-0.01944838963210842
5060.38	-0.36344748963210866
5062.05	0.08693521036789136
5063.71	-0.2628442896321085
5065.38	0.08885211036789158
5067.05	-0.26776098963210854
5068.72	0.15954501036789145
5070.38	-0.11160898963210852
5072.05	0.34191701036789146
5073.72	-0.023689989632108555
5075.39	0.2795300103678914
5077.06	-0.26222498963210866
5078.72	-0.05333298963210849
5080.39	-0.5022349896321084
5082.06	-0.12506098963210852
5083.73	-0.45199628963210847
5085.4	-0.001577989632108645
5087.06	-0.32198458963210863
5088.73	0.10890071036789147
5090.4	-0.2970946896321086
5092.07	0.06833001036789135
5093.74	-0.37139398963210857
5095.4	-0.002100989632108541
5097.07	-0.4655649896321085
5098.74	-0.08265198963210862
5100.41	-0.4799949896321086
5102.07	-0.08696098963210852
5103.74	-0.4705629896321085
5105.41	-0.062287989632108666
5107.08	-0.4252479896321087
5108.75	0.022563010367891368
5110.41	-0.3474779896321086
5112.08	0.1255530103678913
5113.75	-0.30680498963210845
5115.42	0.03048801036789157
5117.09	-0.41507598963210857
5118.75	-0.11712598963210855
5120.42	-0.5384429896321085
5122.09	-0.1739609896321086
5123.76	-0.5741284896321085
5125.43	-0.07065018963210849
5127.09	-0.35982998963210855
5128.76	0.10263711036789132
5130.43	-0.19278798963210858
5132.1	0.22861801036789137
5133.76	-0.16575098963210866
5135.43	0.21359201036789144
5137.1	-0.16483098963210857
5138.77	0.2789910103678914
5140.44	-0.05063598963210849
5142.1	0.3171680103678914
5143.77	-0.14776998963210858
5145.44	0.1223160103678915
5147.11	-0.38888898963210844
5148.78	-0.09729798963210845
5150.44	-0.5751939896321085
5152.11	-0.19564998963210872
5153.78	-0.6225449896321087
5155.45	-0.20595798963210865
5157.12	-0.5526529896321086
5158.78	-0.14316798963210878
5160.45	-0.4667708896321086
5162.12	0.027106610367891425
5163.79	-0.29270098963210867
5165.45	0.14199601036789136
5167.12	-0.2208879896321086
5168.79	0.17837511036789136
5170.46	-0.25404498963210864
5172.13	0.10632601036789155
5173.79	-0.3065539896321085
5175.46	0.13208901036789159
5177.13	-0.17216398963210852
5178.8	0.2615290103678912
5180.47	-0.11112998963210866
5182.13	0.2680130103678914
5183.8	-0.1996999896321084
5185.47	0.13391501036789139
5187.14	-0.3119459896321085
5188.8	0.00562201036789145
5190.47	-0.4751749896321088
5192.14	-0.16697098963210855
5193.81	-0.5996439896321085
5195.48	-0.21633998963210863
5197.14	-0.5124329896321086
5198.81	-0.05636798963210861
5200.48	-0.4275799896321086
5202.15	-0.13385398963210848
5203.82	-0.6208109896321087
5205.48	-0.3789929896321086
5207.15	-0.7475059896321085
5208.82	-0.2823129896321085
5210.49	-0.49247798963210865
5212.16	0.04553501036789136
5213.82	-0.25032498963210853
5215.49	0.15704201036789137
5217.16	-0.2225309896321086
5218.83	0.07448501036789139
5220.49	-0.32960298963210877
5222.16	0.007640010367891392
5223.83	-0.42038298963210863
5225.5	-0.11037198963210862
5227.17	-0.5647940896321086
5228.83	-0.18924958963210844
5230.5	-0.5570856896321085
5232.17	-0.13895348963210855
5233.84	-0.42485118963210855
5235.51	0.046724010367891464
5237.17	-0.29789998963210856
5238.84	0.14352201036789153
5240.51	-0.27057998963210883
5242.18	0.05967901036789132
5243.85	-0.4278189896321086
5245.51	-0.16296798963210862
5247.18	-0.6398229896321086
5248.85	-0.28978898963210853
5250.52	-0.6700899896321085
5252.18	-0.16479898963210846
5253.85	-0.39991998963210873
5255.52	0.13433601036789128
5257.19	-0.18830698963210876
5258.86	0.2105730103678914
5260.52	-0.24093298963210855
5262.19	0.11166601036789152
5263.86	-0.3053439896321087
5265.53	0.1212290103678914
5267.2	-0.22437498963210828
5268.86	0.2258853103678915
5270.53	-0.2550649896321085
5272.2	0.07314401036789138
5273.87	-0.3991949896321085
5275.54	-0.04814598963210848
5277.2	-0.4454569896321085
5278.87	-0.037658989632108605
5280.54	-0.4285089896321085
5282.21	0.01573951036789143
5283.87	-0.42244928963210854
5285.54	-0.07662721963210842
5287.21	-0.46714831963210857
5288.88	-0.11468308963210869
5290.55	-0.47428028963210833
5292.21	-0.011726489632108584
5293.88	-0.2899388896321088
5295.55	0.18690491036789128
5297.22	-0.09421268963210858
5298.89	0.32095561036789144
5300.55	-0.034417889632108435
5302.22	0.3832851103678913
5303.89	-0.030771089632108627
5305.56	0.3521270103678914
5307.23	-0.057958689632108554
5308.89	0.23813611036789145
5310.56	-0.18206998963210858
5312.23	0.14517401036789146
5313.9	-0.22288998963210868
5315.56	0.16579201036789132
5317.23	-0.2893689896321086
5318.9	0.04306301036789149
5320.57	-0.4428809896321086
5322.24	-0.14074098963210857
5323.9	-0.5224459896321086
5325.57	-0.1283184896321085
5327.24	-0.46129738963210853
5328.91	-0.046103989632108454
5330.58	-0.46305698963210845
5332.24	-0.04983198963210846
5333.91	-0.3974280896321086
5335.58	0.004959510367891551
5337.25	-0.37417358963210845
5338.92	-0.010840089632108562
5340.58	-0.4202505896321086
5342.25	0.03971041036789149
5343.92	-0.31428288963210854
5345.59	0.1511653903678915
5347.25	-0.23263918963210878
5348.92	0.11910311036789142
5350.59	-0.26377768963210857
5352.26	0.11835571036789146
5353.93	-0.23336898963210842
5355.59	0.19690331036789144
5357.26	-0.2647539196321086
5358.93	0.022173710367891553
5360.6	-0.4761255896321087
5362.27	-0.1311839896321087
5363.93	-0.45708098963210847
5365.6	0.06364561036789136
5367.27	-0.14346578963210868
5368.94	0.3750285103678913
5370.6	0.039251710367891456
5372.27	0.3846756703678914
5373.94	-0.1201143896321086
5375.61	0.1978689103678913
5377.28	-0.2922219896321087
5378.94	0.08807601036789132
5380.61	-0.3194789896321086
5382.28	-0.006200989632108444
5383.95	-0.48008598963210847
5385.62	-0.1804259896321085
5387.28	-0.5852339896321086
5388.95	-0.09978928963210862
5390.62	-0.40480498963210876
5392.29	0.07240101036789148
5393.96	-0.3178351896321086
5395.62	-0.026486789632108654
5397.29	-0.5066393896321086
5398.96	-0.1930895896321087
5400.63	-0.5758177896321085
5402.29	-0.06329518963210856
5403.96	-0.31857698963210873
5405.63	0.20473541036789142
5407.3	-0.12284788963210849
5408.97	0.2327100103678914
5410.63	-0.24038598963210855
5412.3	0.06425301036789136
5413.97	-0.3888069896321086
5415.64	0.06878701036789148
5417.31	-0.20652298963210852
5418.97	0.30137911036789145
5420.64	-0.05922398963210844
5422.31	0.29849601036789153
5423.98	-0.1900729896321085
5425.65	0.0876230103678913
5427.31	-0.33686398963210856
5428.98	0.04198501036789144
5430.65	-0.32811098963210855
5432.32	0.09556501036789156
5433.98	-0.29353198963210864
5435.65	0.12128701036789133
5437.32	-0.2908049896321086
5438.99	0.022046010367891333
5440.66	-0.47907298963210854
5442.32	-0.22240398963210853
5443.99	-0.7394589896321085
5445.66	-0.4367759896321086
5447.33	-0.8229749896321085
5449.0	-0.3384449896321084
5450.66	-0.5858969896321085
5452.33	-0.01473998963210843
5454.0	-0.23775898963210879
5455.67	0.23512201036789157
5457.34	-0.14695098963210845
5459.0	0.1805790103678916
5460.67	-0.3577549896321086
5462.34	-0.08134698963210851
5464.01	-0.5073619896321085
5465.67	-0.11116598963210836
5467.34	-0.44694798963210847
5469.01	-0.004625289632108754
5470.68	-0.34750748963210853
5472.35	0.17701611036789133
5474.01	-0.17223768963210853
5475.68	0.2843157103678914
5477.35	-0.07056538963210858
5479.02	0.26465341036789153
5480.69	-0.23141998963210858
5482.35	0.08049001036789147
5484.02	-0.4475189896321086
5485.69	-0.11962998963210866
5487.36	-0.5514819896321086
5489.03	-0.17334098963210867
5490.69	-0.5468959896321085
5492.36	-0.1315229896321086
5494.03	-0.5345769896321086
5495.7	-0.08776598963210847
5497.36	-0.4674519896321085
5499.03	-0.03900848963210859
5500.7	-0.34985868963210853
5502.37	0.14003481036789145
5504.04	-0.2147534896321087
5505.7	0.19946571036789146
5507.37	-0.2148931896321084
5509.04	0.1683804103678915
5510.71	-0.27464088963210853
5512.38	0.04459161036789132
5514.04	-0.4350469896321085
5515.71	-0.07492198963210861
5517.38	-0.45115478963210853
5519.05	0.046170210367891484
5520.72	-0.24222828963210855
5522.38	0.20408331036789154
5524.05	-0.2803831896321084
5525.72	-0.057358989632108746
5527.39	-0.6603139896321085
5529.05	-0.4085099896321084
5530.72	-0.8045309896321087
5532.39	-0.2987669896321085
5534.06	-0.5478099896321086
5535.73	0.013901010367891287
5537.39	-0.30189798963210857
5539.06	0.13229501036789143
5540.73	-0.26270598963210856
5542.4	0.08276201036789126
5544.07	-0.2844279896321086
5545.73	0.15727231036789152
5547.4	-0.22194148963210852
5549.07	0.16529231036789144
5550.74	-0.2396077896321084
5552.4	0.1387335103678915
5554.07	-0.29161598963210844
5555.74	0.07856501036789136
5557.41	-0.3426389896321086
5559.08	-0.05804398963210859
5560.74	-0.5804919896321087
5562.41	-0.2699609896321088
5564.08	-0.7081933896321085
5565.75	-0.23367928963210857
5567.42	-0.5307330896321086
5569.08	-0.03127038963210862
5570.75	-0.34130498963210865
5572.42	-0.0016529896321086479
5574.09	-0.5029959896321087
5575.76	-0.17782898963210855
5577.42	-0.6653999896321086
5579.09	-0.27008698963210886
5580.76	-0.5418299896321085
5582.43	0.0012810103678913888
5584.09	-0.22951298963210878
5585.76	0.27872161036789145
5587.43	-0.15656638963210862
5589.1	0.22541821036789145
5590.77	-0.20241378963210854
5592.43	0.20257601036789144
5594.1	-0.09679998963210881
5595.77	0.37021201036789153
5597.44	0.03106741036789131
5599.11	0.38286921036789134
5600.77	-0.13076678963210872
5602.44	0.1883000103678915
5604.11	-0.37103398963210876
5605.78	-0.12004998963210853
5607.45	-0.6765029896321086
5609.11	-0.45145498963210845
5610.78	-0.8822429896321085
5612.45	-0.4939299896321086
5614.12	-0.7969609896321087
5615.78	-0.2511489896321086
5617.45	-0.5934479896321085
5619.12	-0.13611198963210852
5620.79	-0.5405399896321087
5622.46	-0.17855088963210847
5624.12	-0.5878604896321086
5625.79	-0.1522369896321087
5627.46	-0.45277398963210863
5629.13	0.019914010367891467
5630.8	-0.32470398963210867
5632.46	0.1039240103678913
5634.13	-0.34491398963210856
5635.8	-0.024051989632108417
5637.47	-0.5103969896321086
5639.14	-0.18533498963210862
5640.8	-0.6522709896321084
5642.47	-0.2771119896321086
5644.14	-0.6642039896321086
5645.81	-0.2522699896321086
5647.47	-0.6219719896321086
5649.14	-0.2313439896321084
5650.81	-0.6403059896321084
5652.48	-0.26961198963210853
5654.15	-0.6089989896321084
5655.81	-0.11232298963210849
5657.48	-0.36583098963210847
5659.15	0.09702101036789143
5660.82	-0.25883498963210855
5662.49	0.08941201036789133
5664.15	-0.35730198963210846
5665.82	-0.10269898963210866
5667.49	-0.4384767896321088
5669.16	-0.07021358963210873
5670.83	-0.3890659896321085
5672.49	0.09104701036789158
5674.16	-0.22913598963210852
5675.83	0.15902001036789143
5677.5	-0.2128969896321084
5679.16	0.13362301036789165
5680.83	-0.22231698963210872
5682.5	0.1814530103678914
5684.17	-0.12858298963210857
5685.84	0.2978050103678915
5687.5	-0.11294898963210846
5689.17	0.23250401036789148
5690.84	-0.17057898963210846
5692.51	0.23161301036789156
5694.18	-0.19215598963210853
5695.84	0.13883601036789142
5697.51	-0.30943198963210855
5699.18	0.044283010367891305
5700.85	-0.3835539896321084
5702.52	-0.015978989632108663
5704.18	-0.3722779896321086
5705.85	0.023232010367891485
5707.52	-0.41982198963210876
5709.19	-0.0812979896321085
5710.85	-0.4894609896321085
5712.52	-0.11264798963210847
5714.19	-0.47165998963210853
5715.86	-0.13016198963210862
5717.53	-0.6149539896321088
5719.19	-0.2360909896321087
5720.86	-0.6600039896321085
5722.53	-0.2668147896321086
5724.2	-0.5828451896321085
5725.87	-0.11374738963210855
5727.53	-0.4062029896321088
5729.2	-0.0022879896321086114
5730.87	-0.46316598963210864
5732.54	-0.14590298963210868
5734.2	-0.6519289896321085
5735.87	-0.25865038963210846
5737.54	-0.5830906896321086
5739.21	-0.018173289632108514
5740.88	-0.18759658963210873
5742.54	0.2528574103678915
5744.21	-0.15237098963210857
5745.88	0.15621001036789142
5747.55	-0.31923698963210867
5749.22	0.004209010367891497
5750.88	-0.3934059896321086
5752.55	-0.054317989632108696
5754.22	-0.4607679896321084
5755.89	-0.12195198963210852
5757.56	-0.5026819896321086
5759.22	-0.061406989632108645
5760.89	-0.2728009896321087
5762.56	0.20799501036789145
5764.23	-0.06991058963210864
5765.89	0.4172303103678915
5767.56	0.08726941036789153
5769.23	0.4640847103678915
5770.9	0.04159801036789128
5772.57	0.28210401036789146
5774.23	-0.2250179896321085
5775.9	-0.015534989632108486
5777.57	-0.5277679896321086
5779.24	-0.2050409896321086
5780.91	-0.5921289896321087
5782.57	-0.2224039896321086
5784.24	-0.5399839896321084
5785.91	-0.10640198963210863
5787.58	-0.4130339896321086
5789.25	-0.00568498963210855
5790.91	-0.3526089896321086
5792.58	0.04110101036789136
5794.25	-0.31138298963210864
5795.92	0.1078620103678914
5797.58	-0.18794798963210835
5799.25	0.2089033103678914
5800.92	-0.23033298963210863
5802.59	0.030761510367891532
5804.26	-0.49246498963210855
5805.92	-0.26644198963210863
5807.59	-0.7230119896321086
5809.26	-0.3618619896321086
5810.93	-0.6603619896321085
5812.6	-0.1701089896321086
5814.26	-0.44705398963210874
5815.93	0.060051110367891326
5817.6	-0.26441498963210863
5819.27	0.15893561036789128
5820.94	-0.23416538963210848
5822.6	0.06543201036789141
5824.27	-0.42445598963210873
5825.94	-0.11039698963210853
5827.61	-0.5721519896321086
5829.27	-0.16764198963210847
5830.94	-0.5992599896321087
5832.61	-0.20619198963210855
5834.28	-0.5985569896321086
5835.95	-0.17619398963210853
5837.61	-0.5325779896321086
5839.28	-0.08230798963210857
5840.95	-0.3703429896321084
5842.62	0.08174801036789134
5844.29	-0.3161401896321086
5845.95	0.032814010367891465
5847.62	-0.4237469896321088
5849.29	-0.0831249896321085
5850.96	-0.4744179896321084
5852.63	-0.11840398963210863
5854.29	-0.4823749896321085
5855.96	-0.05881198963210858
5857.63	-0.45641498963210864
5859.3	-0.022298989632108614
5860.96	-0.2908289896321086
5862.63	0.19044101036789152
5864.3	-0.15448198963210863
5865.97	0.17263401036789142
5867.64	-0.31335498963210845
5869.3	0.0077860103678915275
5870.97	-0.35515098963210845
5872.64	0.1049320103678913
5874.31	-0.24652248963210863
5875.98	0.09547821036789132
5877.64	-0.4686307896321085
5879.31	-0.2778833896321085
5880.98	-0.6915079896321086
5882.65	-0.21000398963210856
5884.32	-0.3584569896321086
5885.98	0.2372760103678913
5887.65	0.04781201036789149
5889.32	0.5308010103678915
5890.99	0.1820724103678915
5892.65	0.48943601036789125
5894.32	0.03644661036789145
5895.99	0.3095171103678915
5897.66	-0.1329436896321085
5899.33	0.11342221036789146
5900.99	-0.3214123896321085
5902.66	-0.0038354896321085795
5904.33	-0.4075719896321085
5906.0	-0.01028698963210859
5907.67	-0.3441569896321085
5909.33	0.1074190103678914
5911.0	-0.2167939896321085
5912.67	0.17187201036789157
5914.34	-0.2636280896321086
5916.0	0.10958021036789137
5917.67	-0.40692728963210867
5919.34	-0.08335198963210855
5921.01	-0.6314699896321085
5922.68	-0.4049009896321086
5924.34	-0.8883369896321087
5926.01	-0.5251679896321085
5927.68	-0.9204179896321085
5929.35	-0.4136579896321086
5931.02	-0.7641119896321086
5932.68	-0.2702235896321087
5934.35	-0.5241046896321084
5936.02	-0.01668198963210852
5937.69	-0.25932598963210846
5939.36	0.20167101036789142
5941.02	-0.19349298963210865
5942.69	0.12385321036789154
5944.36	-0.35778098963210847
5946.03	-0.04356658963210867
5947.69	-0.46708398963210856
5949.36	-0.09037098963210868
5951.03	-0.5474849896321086
5952.7	-0.24767498963210866
5954.37	-0.6445539896321085
5956.03	-0.2061309896321087
5957.7	-0.4912719896321085
5959.37	0.052845010367891534
5961.04	-0.22900198963210833
5962.71	0.2499200103678913
5964.37	-0.09208798963210843
5966.04	0.27684801036789136
5967.71	-0.08895298963210858
5969.38	0.2718427103678915
5971.05	-0.20965498963210863
5972.71	0.07881031036789153
5974.38	-0.4188879896321085
5976.05	-0.13236198963210846
5977.72	-0.5083689896321084
5979.38	-0.12469798963210854
5981.05	-0.4062659896321087
5982.72	0.01767801036789145
5984.39	-0.42172598963210844
5986.06	-0.16334798963210856
5987.72	-0.6809799896321087
5989.39	-0.4122229896321087
5991.06	-0.7801310896321085
5992.73	-0.3922964896321085
5994.4	-0.6612612896321085
5996.06	-0.1753579896321086
5997.73	-0.5659799796321086
5999.4	-0.19046768963210864
6001.07	-0.6150344896321085
6002.74	-0.1813599896321087
6004.4	-0.5403709896321086
6006.07	-0.12878268963210868
6007.74	-0.4262450896321087
6009.41	0.0956260103678914
6011.07	-0.24365678963210852
6012.74	0.23714941036789128
6014.41	-0.23585978963210863
6016.08	0.15333661036789145
6017.75	-0.34398098963210855
6019.41	-0.03935198963210864
6021.08	-0.48716498963210847
6022.75	-0.07189498963210839
6024.42	-0.43220798963210855
6026.09	0.04636301036789139
6027.75	-0.3140869896321085
6029.42	0.14781201036789138
6031.09	-0.24690098963210866
6032.76	0.10524301036789138
6034.43	-0.39790498963210874
6036.09	-0.1331369896321086
6037.76	-0.6003189896321086
6039.43	-0.3548069896321087
6041.1	-0.8025249896321084
6042.76	-0.4547679896321086
6044.43	-0.8481359896321086
6046.1	-0.36837698963210863
6047.77	-0.6295622896321085
6049.44	-0.09027498963210863
6051.1	-0.3558887896321086
6052.77	0.044343610367891494
6054.44	-0.3551904896321087
6056.11	-0.005949489632108618
6057.78	-0.46707808963210856
6059.44	-0.08821878963210847
6061.11	-0.4663070896321086
6062.78	-0.010791589632108679
6064.45	-0.36315678963210873
6066.11	0.09484001036789139
6067.78	-0.2887819896321086
6069.45	0.14356201036789137
6071.12	-0.27502898963210853
6072.79	0.06210601036789145
6074.45	-0.4143259896321084
6076.12	-0.0176383896321085
6077.79	-0.4472379896321087
6079.46	0.019479010367891524
6081.13	-0.3279359896321086
6082.79	0.1654900103678914
6084.46	-0.1659089896321086
6086.13	0.3227630103678914
6087.8	-0.09361798963210861
6089.47	0.39296601036789147
6091.13	0.013043010367891373
6092.8	0.3548728103678915
6094.47	-0.08611438963210852
6096.14	0.18047421036789155
6097.8	-0.3266319896321085
6099.47	0.03038711036789151
6101.14	-0.4274679896321086
6102.81	-0.05586298963210849
6104.48	-0.4708929896321086
6106.14	-0.1738069896321086
6107.81	-0.6074579896321086
6109.48	-0.28624058963210863
6111.15	-0.7343216896321086
6112.82	-0.30949958963210866
6114.48	-0.6866484896321086
6116.15	-0.19721698963210882
6117.82	-0.5511449896321087
6119.49	-0.07615998963210875
6121.16	-0.4116609896321085
6122.82	-0.0034269896321084347
6124.49	-0.45560498963210855
6126.16	-0.11527198963210863
6127.83	-0.6286238896321088
6129.49	-0.2950425896321086
6131.16	-0.7481580896321087
6132.83	-0.3473013896321085
6134.5	-0.6392374896321085
6136.17	-0.15466758963210858
6137.83	-0.45641078963210857
6139.5	-0.021709589632108627
6141.17	-0.4632761896321086
6142.84	-0.10577858963210844
6144.51	-0.5453339896321088
6146.17	-0.15737738963210862
6147.84	-0.43700238963210875
6149.51	0.040421890367891414
6151.18	-0.2726226796321086
6152.85	0.15205615036789133
6154.51	-0.3789804896321085
6156.18	-0.04888658963210849
6157.85	-0.5279774896321087
6159.52	-0.23603408963210856
6161.18	-0.5645031896321085
6162.85	-0.1047314896321085
6164.52	-0.42845138963210855
6166.19	0.05059791036789145
6167.86	-0.3265519896321084
6169.52	0.015478710367891436
6171.19	-0.30640098963210854
6172.86	0.09213701036789139
6174.53	-0.25702998963210855
6176.2	0.15052501036789137
6177.86	-0.30696398963210847
6179.53	-0.0017010896321087098
6181.2	-0.41797438963210853
6182.87	-0.03925108963210859
6184.54	-0.36562868963210865
6186.2	0.12526811036789148
6187.87	-0.2616369896321086
6189.54	0.04983101036789139
6191.21	-0.42109298963210867
6192.87	-0.08678998963210868
6194.54	-0.47577698963210874
6196.21	-0.04723798963210861
6197.88	-0.4316599896321086
6199.55	-0.033349989632108515
6201.21	-0.40065898963210866
6202.88	-0.037809989632108534
6204.55	-0.27183598963210864
6206.22	0.19656901036789132
6207.89	-0.09732998963210851
6209.55	0.30055701036789145
6211.22	-0.14140108963210857
6212.89	0.13149341036789144
6214.56	-0.37496538963210857
6216.23	-0.12547468963210845
6217.89	-0.5406888896321085
6219.56	-0.13817738963210846
6221.23	-0.4861610896321086
6222.9	-0.031656309632108505
6224.56	-0.3544883896321086
6226.23	0.09320751036789161
6227.9	-0.3353731896321084
6229.57	0.001871670367891487
6231.24	-0.4886965896321086
6232.9	-0.1948529896321085
6234.57	-0.6127639896321087
6236.24	-0.16745598963210856
6237.91	-0.42706398963210856
6239.58	0.13949901036789147
6241.24	-0.1865569896321084
6242.91	0.1808313103678914
6244.58	-0.30825578963210853
6246.25	-0.04162638963210867
6247.91	-0.5600320896321084
6249.58	-0.25680088963210856
6251.25	-0.7186269896321085
6252.92	-0.38869398963210855
6254.59	-0.8437629896321086
6256.25	-0.45245698963210845
6257.92	-0.7559459896321084
6259.59	-0.21648768963210868
6261.26	-0.4264990896321085
6262.93	0.10973531036789144
6264.59	-0.19998098963210853
6266.26	0.13108531036789153
6267.93	-0.3678173896321086
6269.6	-0.15326898963210864
6271.27	-0.6763019896321085
6272.93	-0.36697998963210854
6274.6	-0.8696829896321085
6276.27	-0.5101339896321087
6277.94	-0.9518379896321084
6279.6	-0.5414529896321085
6281.27	-0.8730849896321086
6282.94	-0.34351098963210863
6284.61	-0.6521649896321086
6286.28	-0.08678118963210862
6287.94	-0.48288148963210864
6289.61	-0.025645489632108685
6291.28	-0.4837848196321085
6292.95	-0.0020444896321085483
6294.62	-0.33130568963210855
6296.28	0.14676381036789143
6297.95	-0.14374008963210846
6299.62	0.33597891036789146
6301.29	-0.08254798963210852
6302.96	0.25250531036789153
6304.62	-0.26574358963210865
6306.29	0.12879521036789132
6307.96	-0.2177089896321085
6309.63	0.1928650103678915
6311.29	-0.12479798963210875
6312.96	0.32760801036789144
6314.63	-0.06378898963210859
6316.3	0.2808670103678915
6317.97	-0.2638189896321086
6319.63	0.0022960103678914432
6321.3	-0.5346809896321087
6322.97	-0.2141239896321085
6324.64	-0.6247159896321085
6326.31	-0.21145298963210854
6327.97	-0.6452469896321085
6329.64	-0.2817459896321086
6331.31	-0.7442359896321087
6332.98	-0.4111959896321086
6334.65	-0.8452189896321085
6336.31	-0.4584219896321085
6337.98	-0.7758729896321086
6339.65	-0.2470429896321087
6341.32	-0.5561679896321083
6342.98	-0.045781989632108486
6344.65	-0.32780598963210855
6346.32	0.0595252103678914
6347.99	-0.3959399896321087
6349.66	-0.05637798963210856
6351.32	-0.42563598963210864
6352.99	0.0971175103678916
6354.66	-0.21035838963210848
6356.33	0.23968721036789137
6358.0	-0.11860518963210856
6359.66	0.23728661036789145
6361.33	-0.2513420896321086
6363.0	0.006567010367891401
6364.67	-0.4369445896321086
6366.34	-0.1645486696321085
6368.0	-0.6664589896321086
6369.67	-0.3739753896321085
6371.34	-0.7667816896321086
6373.01	-0.34275998963210846
6374.67	-0.6313269896321085
6376.34	-0.1583959896321086
6378.01	-0.4202629896321087
6379.68	0.07090801036789138
6381.35	-0.22144028963210866
6383.01	0.19527131036789144
6384.68	-0.2208307496321087
6386.35	0.020816320367891383
6388.02	-0.5180226896321087
6389.69	-0.18784298963210858
6391.35	-0.5773379896321087
6393.02	-0.06686098963210858
6394.69	-0.3613069896321085
6396.36	0.06086901036789152
6398.03	-0.33651298963210863
6399.69	0.017500010367891304
6401.36	-0.3768239896321085
6403.03	0.09152741036789144
6404.7	-0.19699948963210862
6406.36	0.3576673103678913
6408.03	0.09649421036789149
6409.7	0.49472661036789134
6411.37	0.12380301036789157
6413.04	0.46469361036789136
6414.7	0.05696771036789137
6416.37	0.43593401036789137
6418.04	0.019805010367891684
6419.71	0.3267631103678916
6421.38	-0.1779995896321085
6423.04	-0.008713589632108554
6424.71	-0.4396619896321086
6426.38	0.00100091036789145
6428.05	-0.2913751896321085
6429.71	0.23280491036789136
6431.38	-0.09575599963210878
6433.05	0.21037351036789143
6434.72	-0.2654252896321086
6436.39	0.06086801036789147
6438.05	-0.3441539896321085
6439.72	0.0796270103678913
6441.39	-0.36945698963210855
6443.06	-0.0540199896321085
6444.73	-0.5057579896321085
6446.39	-0.14476398963210851
6448.06	-0.4850019896321086
6449.73	-0.009378989632108547
6451.4	-0.22296698963210854
6453.07	0.2776400103678916
6454.73	-0.07274898963210855
6456.4	0.3270580103678914
6458.07	-0.1356617896321086
6459.74	0.12959801036789126
6461.4	-0.37545698963210883
6463.07	-0.13155598963210846
6464.74	-0.5524130896321086
6466.41	-0.19387858963210874
6468.08	-0.5951473896321088
6469.74	-0.1964905896321088
6471.41	-0.5628979896321086
6473.08	-0.21449188963210855
6474.75	-0.6609779896321089
6476.42	-0.3688475896321087
6478.08	-0.7503645896321087
6479.75	-0.3784795996321083
6481.42	-0.6749884896321087
6483.09	-0.1456009896321085
6484.76	-0.39918398963210844
6486.42	-0.034597989632108694
6488.09	-0.5150729896321085
6489.76	-0.23813698963210855
6491.43	-0.6444819896321085
6493.09	-0.21444498963210848
6494.76	-0.5938619896321086
6496.43	-0.18590398963210852
6498.1	-0.6643540896321086
6499.77	-0.33136998963210856
6501.43	-0.7831849896321087
6503.1	-0.38445798963210864
6504.77	-0.6926939896321086
6506.44	-0.20528798963210848
6508.11	-0.5640479896321087
6509.77	-0.13212218963210862
6511.44	-0.47408908963210833
6513.11	0.009858110367891504
6514.78	-0.3067037896321085
6516.45	0.02675211036789138
6518.11	-0.4420062596321085
6519.78	-0.27001128963210874
6521.45	-0.8123444896321086
6523.12	-0.5916799896321085
6524.78	-0.9937439896321086
6526.45	-0.4686809896321086
6528.12	-0.7149789896321085
6529.79	-0.20764508963210854
6531.46	-0.4202726896321087
6533.12	-0.027478789632108546
6534.79	-0.3526851896321085
6536.46	-0.01165378963210859
6538.13	-0.4737489896321085
6539.8	-0.09717398963210863
6541.46	-0.4844466896321086
6543.13	-0.1694251896321087
6544.8	-0.49530198963210853
6546.47	-0.1682052896321085
6548.14	-0.5363504896321086
6549.8	-0.14634448963210858
6551.47	-0.4989629896321085
6553.14	-0.021271989632108614
6554.81	-0.30925298963210857
6556.47	-0.03758898963210862
6558.14	-0.4995689896321086
6559.81	-0.2678539896321087
6561.48	-0.7752029896321083
6563.15	-0.4663329896321085
6564.81	-0.9057979896321087
6566.48	-0.5884669896321088
6568.15	-1.0937629896321084
6569.82	-0.7451269896321085
6571.49	-1.1247209896321084
6573.15	-0.6736969896321086
6574.82	-0.9215959896321089
6576.49	-0.39290698963210857
6578.16	-0.6330709896321085
6579.83	-0.10481998963210866
6581.49	-0.44070498963210863
6583.16	0.13070421036789137
6584.83	-0.07994616963210836
6586.5	0.3223615103678915
6588.16	-0.08510558963210853
6589.83	0.18133371036789153
6591.5	-0.3092601896321085
6593.17	-0.037204389632108724
6594.84	-0.5576289896321087
6596.5	-0.22540598963210864
6598.17	-0.5962249896321086
6599.84	-0.33265198963210857
6601.51	-0.7528339896321089
6603.18	-0.43638798963210873
6604.84	-0.7491686896321085
6606.51	-0.18802008963210853
6608.18	-0.46344398963210864
6609.85	-0.055840989632108616
6611.51	-0.4468619896321086
6613.18	-0.2387969896321085
6614.85	-0.8586649896321086
6616.52	-0.6083519896321085
6618.19	-0.9596229896321086
6619.85	-0.4294349896321085
6621.52	-0.7219599896321086
6623.19	-0.34398638963210854
6624.86	-0.7512219896321085
6626.53	-0.3731496896321085
6628.19	-0.8133059896321087
6629.86	-0.4024949896321086
6631.53	-0.7437008896321086
6633.2	-0.30696678963210855
6634.87	-0.6685227896321084
6636.53	-0.25999428963210847
6638.2	-0.6539535896321085
6639.87	-0.3539530896321086
6641.54	-0.9405449896321088
6643.2	-0.7839899896321086
6644.87	-1.3703559896321087
6646.54	-1.0375149896321085
6648.21	-1.3514759896321085
6649.88	-0.7320809896321088
6651.54	-0.9692629896321083
6653.21	-0.4212281896321084
6654.88	-0.6813421896321085
6656.55	-0.18583198963210862
6658.22	-0.5153751896321086
6659.88	-0.08256568963210857
6661.55	-0.5025299896321085
6663.22	-0.01189298963210872
6664.89	-0.4344639896321084
6666.56	-0.020722989632108592
6668.22	-0.3961919896321085
6669.89	-0.09749498963210845
6671.56	-0.5090289896321085
6673.23	-0.13715098963210856
6674.89	-0.5112727896321085
6676.56	-0.008752189632108564
6678.23	-0.3209820896321085
6679.9	0.04167891036789142
6681.57	-0.4254175896321087
6683.23	-0.26878098963210856
6684.9	-0.7820519896321085
6686.57	-0.4353079896321085
6688.24	-0.7670289896321086
6689.91	-0.21896598963210856
6691.57	-0.4159619896321084
6693.24	0.15524401036789132
6694.91	-0.1307209896321085
6696.58	0.25559601036789126
6698.25	-0.09921098963210843
6699.91	0.28310101036789154
6701.58	-0.06983298963210867
6703.25	0.37721501036789135
6704.92	-0.09806998963210856
6706.58	0.17596601036789136
6708.25	-0.3191589896321087
6709.92	0.01525101036789156
6711.59	-0.2941223896321086
6713.26	0.19915551036789134
6714.92	0.03639900036789141
6716.59	0.5801405103678915
6718.26	0.1064008803678913
6719.93	0.3063940103678914
6721.6	-0.28337708963210845
6723.26	0.005450510367891482
6724.93	-0.3638881896321085
6726.6	0.10264641036789154
6728.27	-0.11950228963210859
6729.94	0.3387812103678914
6731.6	-0.11608662963210856
6733.27	0.16075451036789146
6734.94	-0.33460298963210855
6736.61	0.027202010367891473
6738.27	-0.34271098963210844
6739.94	0.12600401036789138
6741.61	-0.1807079896321085
6743.28	0.18101901036789128
6744.95	-0.28838868963210845
6746.61	0.00778271036789131
6748.28	-0.5203419896321086
6749.95	-0.15251698963210855
6751.62	-0.6113819896321088
6753.29	-0.19077598963210857
6754.95	-0.5924779896321085
6756.62	-0.2494589896321086
6758.29	-0.7733129896321086
6759.96	-0.44716398963210874
6761.63	-0.8947329896321085
6763.29	-0.4576669896321085
6764.96	-0.8045969896321088
6766.63	-0.3291639896321086
6768.3	-0.5826729896321087
6769.96	-0.06347598963210857
6771.63	-0.30251288963210854
6773.3	0.18184721036789145
6774.97	-0.11545438963210856
6776.64	0.3268154103678916
6778.3	-0.07379198963210865
6779.97	0.14763781036789134
6781.64	-0.4003610896321085
6783.31	-0.19221858963210867
6784.98	-0.5968599896321086
6786.64	-0.1303504896321085
6788.31	-0.3998984896321088
6789.98	0.1336996103678913
6791.65	-0.19599698963210863
6793.31	0.17897531036789147
6794.98	-0.25523308963210856
6796.65	0.11469731036789144
6798.32	-0.32846648963210867
6799.99	0.07348225036789142
6801.65	-0.42501138963210855
6803.32	-0.01127278963210876
6804.99	-0.3318933896321087
6806.66	0.1663166103678915
6808.33	-0.18342328963210847
6809.99	0.1864000103678914
6811.66	-0.2722729896321085
6813.33	0.11832001036789137
6815.0	-0.38456898963210867
6816.67	-0.06375698963210859
6818.33	-0.6371359896321087
6820.0	-0.39926198963210857
6821.67	-0.8921419896321087
6823.34	-0.49283298963210864
6825.0	-0.7026659896321086
6826.67	-0.08556748963210863
6828.34	-0.3970046896321087
6830.01	0.03242301036789137
6831.68	-0.3675529896321085
6833.34	-0.003522989632108664
6835.01	-0.42200898963210853
6836.68	-0.08639368963210846
6838.35	-0.5638159896321088
6840.02	-0.27802898963210854
6841.68	-0.8707519896321086
6843.35	-0.7845329896321086
6845.02	-1.2711589896321087
6846.69	-0.9110549896321084
6848.36	-1.2263619896321087
6850.02	-0.6095709896321087
6851.69	-0.7120489896321084
6853.36	-0.06815828963210832
6855.03	-0.2863719896321085
6856.69	0.0895120103678914
6858.36	-0.37874898963210857
6860.03	-0.04942298963210863
6861.7	-0.5699509896321084
6863.37	-0.26636998963210845
6865.03	-0.7086949896321085
6866.7	-0.38833098963210844
6868.37	-0.8078839896321085
6870.04	-0.4752899896321085
6871.71	-1.1151999896321085
6873.37	-0.7985769896321084
6875.04	-1.1948859896321085
6876.71	-0.6935559896321085
6878.38	-0.9022909896321085
6880.05	-0.28385788963210856
6881.71	-0.4599261896321087
6883.38	0.02876461036789133
6885.05	-0.5219129896321086
6886.72	-0.3523749896321085
6888.38	-0.9179519896321082
6890.05	-0.5735859896321085
6891.72	-0.9190789896321089
6893.39	-0.3405640896321085
6895.06	-0.5570705896321086
6896.72	-0.0705177896321085
6898.39	-0.5213089896321085
6900.06	-0.2392849896321086
6901.73	-0.7106749896321084
6903.4	-0.3744979896321087
6905.06	-0.7289589896321085
6906.73	-0.32281798963210856
6908.4	-0.6926959896321088
6910.07	-0.18041638963210865
6911.74	-0.46600678963210845
6913.4	-0.04709758963210873
6915.07	-0.3503063896321086
6916.74	-0.08362648963210854
6918.41	-0.6284889896321084
6920.07	-0.36352828963210865
6921.74	-0.8210112896321086
6923.41	-0.42716358963210865
6925.08	-0.6922149896321087
6926.75	-0.2578699896321085
6928.41	-0.4977934896321086
6930.08	0.054248710367891494
6931.75	-0.20167835963210842
6933.42	0.3700113303678914
6935.09	0.15255545036789142
6936.75	0.5714129103678914
6938.42	0.15143991036789145
6940.09	0.4469193103678915
6941.76	-0.21082948963210857
6943.42	-0.11829578963210848
6945.09	-0.8113230596321086
6946.76	-0.6094092896321086
6948.43	-1.0239388896321089
6950.1	-0.5236388896321086
6951.76	-0.7402789896321086
6953.43	-0.11199798963210864
6955.1	-0.42757698963210855
6956.77	-0.03795898963210849
6958.44	-0.46274768963210866
6960.1	-0.0951928896321084
6961.77	-0.4596557396321085
6963.44	-0.007114579632108664
6965.11	-0.3062147896321086
6966.78	0.21743981036789126
6968.44	-0.0927374896321084
6970.11	0.31213621036789146
6971.78	-0.058725389632108514
6973.45	0.28580391036789143
6975.11	-0.22849388963210857
6976.78	0.04060541036789143
6978.45	-0.4324459896321085
6980.12	-0.13297398963210852
6981.79	-0.5215269896321088
6983.45	-0.12884338963210873
6985.12	-0.5389280896321087
6986.79	-0.11754518963210867
6988.46	-0.6441333896321085
6990.13	-0.3748927896321085
6991.79	-0.7205181896321087
6993.46	-0.34743468963210844
6995.13	-0.6326419896321088
6996.8	-0.08910938963210871
6998.47	-0.3649370896321087
7000.13	0.12837001036789142
7001.8	-0.17808298963210836
7003.47	0.1036390103678914
7005.14	-0.3539669896321086
7006.8	-0.10240898963210865
7008.47	-0.5416699896321086
7010.14	-0.2212582896321087
7011.81	-0.5169470896321087
7013.48	-0.1871273896321087
7015.14	-0.5868459896321087
7016.81	-0.26170198963210867
7018.48	-0.6451249896321085
7020.15	-0.3218359896321085
7021.82	-0.6417159896321085
7023.48	-0.3006169896321085
7025.15	-0.6380609896321084
7026.82	-0.18763498963210848
7028.49	-0.5690662896321086
7030.16	-0.13394378963210868
7031.82	-0.42746658963210854
7033.49	-0.10714188963210862
7035.16	-0.4629649896321085
7036.83	-0.04663458963210858
7038.49	-0.36594788963210867
7040.16	0.06761611036789128
7041.83	-0.3150618896321086
7043.5	0.02756201036789141
7045.17	-0.3944153896321085
7046.83	-0.1528909896321086
7048.5	-0.5845558896321086
7050.17	-0.3591120896321085
7051.84	-0.8422327896321086
7053.51	-0.5791789896321085
7055.17	-0.9392659896321085
7056.84	-0.4765469896321085
7058.51	-0.6473299896321085
7060.18	-0.01784798963210843
7061.85	-0.21544498963210862
7063.51	0.2836411103678914
7065.18	-0.18384218963210838
7066.85	0.05537021036789138
7068.52	-0.44581938963210865
7070.18	-0.17008678963210858
7071.85	-0.5661104896321085
7073.52	-0.007316789632108378
7075.19	-0.2295919896321085
7076.86	0.28238051036789147
7078.52	-0.16050718963210864
7080.19	0.08223541036789132
7081.86	-0.5037641896321086
7083.53	-0.2715860896321085
7085.2	-0.6608133896321087
7086.86	-0.2523608896321085
7088.53	-0.4010115896321086
7090.2	0.07849131036789146
7091.87	-0.3775249896321087
7093.54	-0.09473398963210862
7095.2	-0.6244249896321085
7096.87	-0.43217698963210865
7098.54	-0.9027909896321085
7100.21	-0.5784179896321087
7101.87	-0.8271559896321087
7103.54	-0.2610139896321086
7105.21	-0.4384588896321088
7106.88	0.00991731036789154
7108.55	-0.3862040896321085
7110.21	-0.15006898963210857
7111.88	-0.7192144896321085
7113.55	-0.3331469896321086
7115.22	-0.6310367896321086
7116.89	-0.0594291796321087
7118.55	-0.14732156663210874
7120.22	0.3704147103678914
7121.89	0.11367941036789157
7123.56	0.4529220103678913
7125.22	-0.05773718963210848
7126.89	0.20834491036789146
7128.56	-0.3785686896321086
7130.23	-0.07094394963210834
7131.9	-0.46810358963210846
7133.56	-0.11113848963210857
7135.23	-0.42123661963210857
7136.9	-0.043832589632108475
7138.57	-0.4710342896321086
7140.24	-0.12468638963210861
7141.9	-0.5673719896321086
7143.57	-0.19607208963210862
7145.24	-0.6603941696321086
7146.91	-0.4411701896321086
7148.58	-0.9469684896321086
7150.24	-0.5785926896321085
7151.91	-0.9023904896321087
7153.58	-0.4330019896321084
7155.25	-0.6610019896321087
7156.91	-0.20032698963210843
7158.58	-0.6249259896321088
7160.25	-0.40398298963210866
7161.92	-1.0010689896321083
7163.59	-0.7045069896321086
7165.25	-1.0518499896321087
7166.92	-0.6190049896321085
7168.59	-0.9282069896321085
7170.26	-0.4953989896321085
7171.93	-0.8764529896321085
7173.59	-0.49985498963210856
7175.26	-0.8676079896321086
7176.93	-0.27343298963210855
7178.6	-0.3406599896321084
7180.27	0.28474261036789156
7181.93	0.01268231036789147
7183.6	0.36345666036789126
7185.27	-0.17073498963210848
7186.94	0.04866611036789137
7188.6	-0.33453038963210857
7190.27	0.15590391036789134
7191.94	0.06505341036789129
7193.61	0.6392852103678914
7195.28	0.47878454036789153
7196.94	0.8181103103678915
7198.61	0.2858020103678913
7200.28	0.3349800103678914
7201.95	-0.21807798963210842
7203.62	0.03763001036789151
7205.28	-0.37115498963210863
7206.95	-0.056020989632108574
7208.62	-0.21152588963210853
7210.29	0.23164861036789142
7211.96	-0.0044809896321085455
7213.62	0.40367941036789146
7215.29	0.020709210367891397
7216.96	0.2687885103678915
7218.63	-0.3725218896321086
7220.29	-0.18812628963210865
7221.96	-0.5976779896321085
7223.63	-0.2479879896321085
7225.3	-0.6929669896321088
7226.97	-0.49471598963210867
7228.63	-1.1144389896321085
7230.3	-1.0413509896321085
7231.97	-1.5624839896321085
7233.64	-1.0130249896321086
7235.31	-1.0916979896321086
7236.97	-0.45661258963210855
7238.64	-0.7547999896321087
7240.31	-0.40646998963210856
7241.98	-1.0221139896321085
7243.65	-0.8922539896321087
7245.31	-1.3114369896321088
7246.98	-0.7212159896321084
7248.65	-0.7801612896321084
7250.32	-0.030094089632108533
7251.98	-0.2280526896321086
7253.65	0.21827871036789145
7255.32	-0.3173689896321085
7256.99	-0.19957675963210858
7258.66	-0.7123872896321084
7260.32	-0.33604458963210854
7261.99	-0.6395777896321084
7263.66	-0.14423528963210863
7265.33	-0.5247149896321087
7267.0	-0.24260698963210858
7268.66	-0.6729049896321088
7270.33	-0.3072549896321086
7272.0	-0.6235879896321086
7273.67	-0.18035898963210856
7275.34	-0.6663199896321086
7277.0	-0.49033198963210867
7278.67	-1.0910339896321084
7280.34	-0.9077989896321084
7282.01	-1.3138159896321089
7283.67	-0.7230476896321084
7285.34	-0.8000319896321088
7287.01	-0.03366588963210866
7288.68	-0.1018529896321084
7290.35	0.48465481036789126
7292.01	0.2815637103678913
7293.68	0.5800685103678914
7295.35	0.02977961036789134
7297.02	0.16761609036789132
7298.69	-0.5098859896321086
7300.35	-0.3117505896321088
7302.02	-0.7212507896321085
7303.69	-0.2372898896321085
7305.36	-0.33900398963210865
7307.02	0.1153590103678916
7308.69	-0.3164159896321087
7310.36	-0.11808998963210848
7312.03	-0.8648029896321086
7313.7	-0.8445839896321085
7315.36	-1.4237839896321085
7317.03	-1.1904019896321085
7318.7	-1.5346169896321085
7320.37	-1.0851229896321084
7322.04	-1.2253679896321086
7323.7	-0.5996389896321086
7325.37	-0.6008986896321085
7327.04	-0.02071648963210875
7328.71	-0.3082037896321086
7330.38	-0.0011154896321086349
7332.04	-0.5223169896321087
7333.71	-0.31626098963210847
7335.38	-0.7724839896321085
7337.05	-0.3722763896321085
7338.71	-0.6688738096321085
7340.38	-0.19490008963210853
7342.05	-0.5416933896321086
7343.72	-0.2475188896321086
7345.39	-0.7385015896321085
7347.05	-0.4139970896321084
7348.72	-0.8307075896321086
7350.39	-0.3060955896321086
7352.06	-0.5652437896321085
7353.73	-0.09741378963210862
7355.39	-0.5270059896321087
7357.06	-0.2691319896321085
7358.73	-0.7396399896321085
7360.4	-0.40663098963210853
7362.07	-0.8242499896321085
7363.73	-0.36968198963210863
7365.4	-0.7225069896321085
7367.07	-0.25662168963210863
7368.74	-0.4960990896321086
7370.4	-0.11916458963210849
7372.07	-0.5363040356321085
7373.74	-0.35564570963210873
7375.41	-1.111134489632109
7377.08	-0.8917599896321085
7378.74	-1.340668989632109
7380.41	-0.8264349896321084
7382.08	-0.9778969896321087
7383.75	-0.5157999896321086
7385.42	-0.9329679896321086
7387.08	-0.5834749896321085
7388.75	-0.9667589896321088
7390.42	-0.47237358963210846
7392.09	-0.6786398896321085
7393.76	-0.1714454896321084
7395.42	-0.5820027896321087
7397.09	-0.3664868896321085
7398.76	-1.0007259896321086
7400.43	-0.7913409896321085
7402.09	-1.1426129896321084
7403.76	-0.6926260896321085
7405.43	-0.8622057896321085
7407.1	-0.3431982896321088
7408.77	-0.6136519896321084
7410.43	-0.1491529896321086
7412.1	-0.5633823896321087
7413.77	-0.24917498963210857
7415.44	-0.6763601896321085
7417.11	-0.38108568963210865
7418.77	-0.7558490896321087
7420.44	-0.3081699896321086
7422.11	-0.6009939896321084
7423.78	0.02804601036789154
7425.45	-0.2908998896321086
7427.11	0.08561721036789154
7428.78	-0.4068399896321086
7430.45	-0.1476599896321085
7432.12	-0.5925569896321088
7433.78	-0.2282629896321086
7435.45	-0.5846159896321085
7437.12	-0.18550498963210865
7438.79	-0.6039359896321087
7440.46	-0.3036119896321085
7442.12	-0.7592649896321085
7443.79	-0.45424598963210877
7445.46	-0.7922389896321087
7447.13	-0.38814598963210856
7448.8	-0.7028809896321088
7450.46	-0.28297698963210854
7452.13	-0.7164009896321086
7453.8	-0.3821419896321084
7455.47	-0.8147589896321087
7457.14	-0.4969049896321085
7458.8	-0.8290379896321086
7460.47	-0.2819389896321086
7462.14	-0.6112949896321087
7463.81	-0.06493498963210856
7465.47	-0.48154098963210873
7467.14	-0.1140269896321087
7468.81	-0.6289509896321085
7470.48	-0.33235798963210855
7472.15	-0.8714049896321088
7473.81	-0.5516969896321087
7475.48	-0.9956559896321087
7477.15	-0.5136849896321086
7478.82	-0.6822929896321085
7480.49	-0.03760368963210854
7482.15	-0.19787498963210867
7483.82	0.3581701103678915
7485.49	-0.05736178963210873
7487.16	0.08180601036789133
7488.82	-0.5501539896321086
7490.49	-0.3703069896321085
7492.16	-0.7916269896321084
7493.83	-0.3165179896321087
7495.5	-0.5491569896321086
7497.16	-0.04361798963210854
7498.83	-0.42917198963210856
7500.5	-0.19330798963210855
7502.17	-0.6497549896321086
7503.84	-0.2981579896321086
7505.5	-0.6553909896321085
7507.17	-0.3080789896321086
7508.84	-0.8476039896321087
7510.51	-0.7061999896321085
7512.18	-1.3036099896321087
7513.84	-1.0172009896321086
7515.51	-1.3552019896321086
7517.18	-0.8205499896321087
7518.85	-1.0020179896321086
7520.51	-0.4613139896321085
7522.18	-0.8146999896321084
7523.85	-0.4268689896321086
7525.52	-0.8978759896321087
7527.19	-0.47654648963210844
7528.85	-0.7899314896321086
7530.52	-0.2744889196321084
7532.19	-0.5205153296321086
7533.86	0.023994910367891364
7535.53	-0.31054918963210854
7537.19	0.22551101036789137
7538.86	-0.1453222896321085
7540.53	0.23867651036789148
7542.2	-0.18496468963210844
7543.87	0.07937581036789136
7545.53	-0.6312189896321085
7547.2	-0.5302799896321085
7548.87	-1.0999779896321087
7550.54	-0.7240269896321087
7552.2	-0.9317721996321084
7553.87	-0.42680638963210865
7555.54	-0.7229286896321087
7557.21	-0.28816708963210874
7558.88	-0.7963564896321087
7560.54	-0.43727508963210865
7562.21	-0.7432860896321085
7563.88	-0.23458126963210885
7565.55	-0.34007901963210846
7567.22	0.2100222103678914
7568.88	-0.04550488963210854
7570.55	0.34604851036789136
7572.22	-0.14318418963210847
7573.89	-0.018419689632108605
7575.56	-0.7406539896321085
7577.22	-0.5416169896321085
7578.89	-1.0558669896321085
7580.56	-0.5833829896321088
7582.23	-0.8456259896321086
7583.89	-0.32743098963210865
7585.56	-0.6346479896321088
7587.23	-0.29886498963210856
7588.9	-0.9049719896321085
7590.57	-0.5563619896321085
7592.23	-1.1210939896321084
7593.9	-0.6964752896321086
7595.57	-1.1136192096321085
7597.24	-0.6506578537321085
7598.91	-1.0024191896321086
7600.57	-0.5676373896321084
7602.24	-1.0136003896321086
7603.91	-0.5360139896321084
7605.58	-0.7657671896321083
7607.25	-0.1890745896321086
7608.91	-0.42886808963210876
7610.58	-0.06611498963210878
7612.25	-0.5493239896321085
7613.92	-0.25363198963210853
7615.58	-0.6444158896321086
7617.25	-0.19931658963210877
7618.92	-0.3363548896321086
7620.59	0.18609641036789135
7622.26	-0.18259728963210875
7623.92	0.10427311036789126
7625.59	-0.3887343896321087
7627.26	-0.21348028963210847
7628.93	-0.5936468896321084
7630.6	-0.2333438896321086
7632.26	-0.5474006896321086
7633.93	0.04692161036789133
7635.6	-0.18439658963210853
7637.27	0.22443401036789118
7638.94	-0.0851741896321087
7640.6	0.03395455036789143
7642.27	-0.4669565896321085
7643.94	-0.22228518963210853
7645.61	-0.6992329896321086
7647.27	-0.2765479896321087
7648.94	-0.5544869896321083
7650.61	-0.12551498963210844
7652.28	-0.30730848963210855
7653.95	-0.035019089632108535
7655.61	-0.48767408963210856
7657.28	-0.3723339296321086
7658.95	-1.0386562896321085
7660.62	-0.8793381896321086
7662.29	-1.2729202896321081
7663.95	-0.8628771896321086
7665.62	-1.0351487896321085
7667.29	-0.5806389896321085
7668.96	-0.7575989896321085
7670.62	-0.12523478963210855
7672.29	-0.1929992896321086
7673.96	0.45072851036789163
7675.63	0.26767841036789114
7677.3	0.6639238103678913
7678.96	0.18074041036789137
7680.63	0.41637861036789153
7682.3	-0.1594529896321088
7683.97	0.14672701036789138
7685.64	-0.3690415896321086
7687.3	-0.18798768963210852
7688.97	-0.8301885896321085
7690.64	-0.5708549896321085
7692.31	-1.0163329896321087
7693.98	-0.5689069896321087
7695.64	-0.9454079896321085
7697.31	-0.5170739896321086
7698.98	-0.7792189896321087
7700.65	-0.25346808963210865
7702.31	-0.4650385896321086
7703.98	0.03738401036789143
7705.65	-0.26139298963210883
7707.32	0.04969931036789137
7708.99	-0.4406695896321082
7710.65	-0.2500835896321086
7712.32	-0.6838331896321086
7713.99	-0.39028548963210846
7715.66	-0.8650757896321085
7717.33	-0.6094056896321086
7718.99	-1.0754004896321088
7720.66	-0.7385689896321085
7722.33	-1.0489079896321085
7724.0	-0.5941489896321085
7725.67	-0.8651999896321085
7727.33	-0.2504460896321087
7729.0	-0.47215488963210844
7730.67	0.030538940367891464
7732.34	-0.2770545896321085
7734.0	0.08099291036789136
7735.67	-0.44125645963210863
7737.34	-0.12754758963210866
7739.01	-0.6776689896321086
7740.68	-0.31313548963210847
7742.34	-0.6658230896321087
7744.01	-0.3903145896321084
7745.68	-0.7561249896321085
7747.35	-0.3574188896321086
7749.02	-0.7200789896321086
7750.68	-0.2769612896321085
7752.35	-0.5919579896321085
7754.02	-0.037452989632108705
7755.69	-0.3128229896321087
7757.36	0.04859601036789145
7759.02	-0.33275698963210854
7760.69	-0.034288889632108376
7762.36	-0.3834229896321085
7764.03	-0.043753989632108525
7765.69	-0.4427909896321086
7767.36	-0.02191298963210846
7769.03	-0.44455298963210865
7770.7	-0.0672069896321084
7772.37	-0.3226869896321084
7774.03	0.25267241036789134
7775.7	0.05474681036789145
7777.37	0.4395529003678913
7779.04	-0.040237789632108736
7780.71	0.1617872103678914
7782.37	-0.3316599896321086
7784.04	-0.10063298963210857
7785.71	-0.48822198963210833
7787.38	-0.12871798963210854
7789.05	-0.6574579896321086
7790.71	-0.4409909896321086
7792.38	-0.9646449896321088
7794.05	-0.6464489896321086
7795.72	-1.0628139896321085
7797.38	-0.7790059896321085
7799.05	-1.213579989632109
7800.72	-0.9522839896321088
7802.39	-1.3730249896321085
7804.06	-0.9906489896321086
7805.72	-1.3092079896321085
7807.39	-0.7365063896321086
7809.06	-0.9319910896321086
7810.73	-0.3484632296321085
7812.4	-0.45068538963210847
7814.06	0.09788711036789137
7815.73	-0.1848179896321086
7817.4	0.06148901036789149
7819.07	-0.5681369896321085
7820.73	-0.5667249896321085
7822.4	-1.0267799896321086
7824.07	-0.5842192896321086
7825.74	-0.7577999896321086
7827.41	-0.10130968963210862
7829.07	-0.1726558896321085
7830.74	0.2907547103678914
7832.41	-0.0380528896321086
7834.08	0.2722245203678914
7835.75	-0.11672108963210873
7837.41	0.3089749803678915
7839.08	-0.07627508963210854
7840.75	0.24847571036789134
7842.42	-0.1609621896321087
7844.09	0.13151034036789142
7845.75	-0.3937916196321087
7847.42	-0.1529781896321084
7849.09	-0.5080480896321087
7850.76	-0.18795998963210855
7852.42	-0.6706768896321085
7854.09	-0.2955687896321087
7855.76	-0.7904677896321084
7857.43	-0.3858382896321085
7859.1	-0.6861245896321085
7860.76	-0.18575938963210864
7862.43	-0.2665107896321085
7864.1	0.24121611036789145
7865.77	-0.05963158963210857
7867.44	0.24944851036789134
7869.1	-0.34656098963210863
7870.77	-0.18373898963210855
7872.44	-0.7822649896321086
7874.11	-0.5014139896321086
7875.78	-0.9004419896321085
7877.44	-0.6077109896321087
7879.11	-0.9258685896321086
7880.78	-0.3935588896321088
7882.45	-0.5919787896321087
7884.11	0.13236571036789144
7885.78	-0.06410878963210848
7887.45	0.4324094103678916
7889.12	-0.12248682963210866
7890.79	0.06900131036789152
7892.45	-0.5020436896321087
7894.12	-0.10642078963210852
7895.79	-0.5829669896321086
7897.46	-0.22117878963210855
7899.13	-0.7628519896321085
7900.79	-0.41686298963210844
7902.46	-0.7810749896321084
7904.13	-0.21455628963210865
7905.8	-0.4220800896321085
7907.47	0.1851143103678915
7909.13	-0.26100953963210866
7910.8	-0.006025689632108433
7912.47	-0.48628148963210843
7914.14	-0.2579917796321086
7915.8	-0.6059651896321088
7917.47	-0.19921148963210866
7919.14	-0.7075750896321086
7920.81	-0.2986819896321086
7922.48	-0.8148907196321087
7924.14	-0.4719877396321085
7925.81	-0.8163427796321086
7927.48	-0.5743668896321086
7929.15	-0.9856829896321088
7930.82	-0.6266389896321086
7932.48	-0.9862729896321086
7934.15	-0.31003398963210876
7935.82	-0.4942129896321085
7937.49	0.05732601036789142
7939.16	-0.3401929896321084
7940.82	-0.1709789896321086
7942.49	-0.6885479896321085
7944.16	-0.47696138963210843
7945.83	-0.9988268896321086
7947.49	-0.7868619896321086
7949.16	-1.3638779896321087
7950.83	-1.1391499896321087
7952.5	-1.5191919896321084
7954.17	-1.0219569896321086
7955.83	-1.0679809896321086
7957.5	-0.39947198963210867
7959.17	-0.48233978963210855
7960.84	0.04457091036789138
7962.51	-0.06685343963210869
7964.17	0.5215285503678913
7965.84	0.21161481036789126
7967.51	0.5040798103678915
7969.18	-0.1727229896321084
7970.85	-0.06148398963210846
7972.51	-0.6247409896321086
7974.18	-0.4303119896321085
7975.85	-0.7272019896321087
7977.52	-0.29088028963210866
7979.18	-0.7015000896321085
7980.85	-0.3751307896321085
7982.52	-0.7602747896321084
7984.19	-0.3391077896321084
7985.86	-0.7285317076321087
7987.52	-0.3988080896321084
7989.19	-0.7318619896321085
7990.86	-0.34204898963210856
7992.53	-0.6031099896321085
7994.2	-0.19859698963210864
7995.86	-0.6155149896321086
7997.53	-0.3569669896321085
7999.2	-1.0580949896321084
8000.87	-0.9206569896321083
8002.53	-1.4241739896321088
8004.2	-1.0609795896321086
8005.87	-1.4076175896321084
8007.54	-0.9148296896321086
8009.21	-1.2410471896321087
8010.87	-0.7204509896321085
8012.54	-0.9955029896321085
8014.21	-0.6035139896321084
8015.88	-1.0661249896321086
8017.55	-0.8666769896321089
8019.21	-1.4607139896321084
8020.88	-1.3356319896321083
8022.55	-1.8364499896321085
8024.22	-1.4882519896321085
8025.89	-1.7033249896321088
8027.55	-1.0944139896321083
8029.22	-1.2858999896321084
8030.89	-0.7177159896321086
8032.56	-0.7403089896321087
8034.22	-0.07120978963210853
8035.89	-0.054541489632108656
8037.56	0.5799421103678916
8039.23	0.2800843103678914
8040.9	0.5113758103678914
8042.56	-0.1896119896321084
8044.23	-0.11600898963210853
8045.9	-0.5969309896321087
8047.57	-0.1591462896321086
8049.24	-0.4783773896321086
8050.9	-0.15558098963210848
8052.57	-0.5855481896321086
8054.24	-0.23336658963210866
8055.91	-0.5270239896321086
8057.58	0.12769041036789144
8059.24	0.005481810367891282
8060.91	0.5280031103678913
8062.58	0.31415431036789154
8064.25	0.6578798103678912
8065.91	0.25896911036789144
8067.58	0.5830753103678916
8069.25	-0.0690285896321086
8070.92	-0.01200784663210872
8072.59	-0.7034221896321087
8074.25	-0.5925513896321088
8075.92	-0.9248908396321085
8077.59	-0.4577647756321087
8079.26	-0.6977989096321087
8080.93	-0.061869069632108586
8082.59	-0.4329951896321086
8084.26	-0.04561022963210857
8085.93	-0.4330165896321086
8087.6	-0.08750588963210855
8089.27	-0.4151148896321085
8090.93	-0.025979989632108614
8092.6	-0.47592498963210855
8094.27	-0.03789398963210864
8095.94	-0.39809898963210855
8097.6	0.02918351036789133
8099.27	-0.2180539896321086
8100.94	0.12395451036789125
8102.61	-0.49477248963210857
8104.28	-0.5078258896321086
8105.94	-1.2067998596321086
8107.61	-1.0705180896321085
8109.28	-1.4955939896321087
8110.95	-1.0375129896321087
8112.62	-1.3281819896321088
8114.28	-0.9207759896321084
8115.95	-1.4235339896321089
8117.62	-1.0875478896321085
8119.29	-1.2944956896321087
8120.96	-0.6364386896321086
8122.62	-0.7658509896321084
8124.29	-0.32260298963210854
8125.96	-0.7576329896321085
8127.63	-0.5963889896321086
8129.29	-1.2537649896321086
8130.96	-0.9558919896321084
8132.63	-1.2118769896321087
8134.3	-0.5976629896321084
8135.97	-0.7619129896321085
8137.63	-0.31637198963210855
8139.3	-0.6676239896321086
8140.97	-0.29061798963210866
8142.64	-0.7022189896321086
8144.31	-0.27330968963210867
8145.97	-0.5693712896321085
8147.64	-0.2095851896321085
8149.31	-0.7373279896321087
8150.98	-0.3126229896321086
8152.65	-0.6289249896321087
8154.31	-0.024094989632108498
8155.98	-0.20624398963210852
8157.65	0.3091920103678914
8159.32	-0.059587889632108614
8160.98	0.11328901036789125
8162.65	-0.6491059896321089
8164.32	-0.5323709896321086
8165.99	-1.1409539896321086
8167.66	-0.8803959896321084
8169.32	-1.2805389896321082
8170.99	-0.8937459896321084
8172.66	-1.2785839896321085
8174.33	-1.0549829896321086
8176.0	-1.4560009896321087
8177.66	-1.0358868896321085
8179.33	-1.1095976896321087
8181.0	-0.4236475896321085
8182.67	-0.5555343896321085
8184.33	-0.08806178963210856
8186.0	-0.46235078963210857
8187.67	-0.2334630896321086
8189.34	-0.6141910896321086
8191.01	-0.28775308963210855
8192.67	-0.5695425896321086
8194.34	-0.19941018963210874
8196.01	-0.7093759896321086
8197.68	-0.4094417896321086
8199.35	-0.6416927896321087
8201.01	-0.11554778963210847
8202.68	-0.25481939963210853
8204.35	0.07250761036789137
8206.02	-0.32890568963210887
8207.69	-0.15136038963210835
8209.35	-0.7725056896321083
8211.02	-0.5892043896321087
8212.69	-0.8672699896321084
8214.36	-0.34960698963210846
8216.02	-0.5575759896321086
8217.69	-0.2035501896321085
8219.36	-0.7033862896321086
8221.03	-0.5770378896321088
8222.7	-1.2642159896321084
8224.36	-1.1312319896321086
8226.03	-1.4751599896321088
8227.7	-0.8398319896321084
8229.37	-0.8523579896321086
8231.04	-0.08309898963210853
8232.7	-0.25401898963210845
8234.37	0.032147310367891424
8236.04	-0.5486439896321086
8237.71	-0.4150780896321087
8239.38	-0.9723897896321088
8241.04	-0.5930650896321084
8242.71	-0.8073886896321085
8244.38	-0.2743969896321087
8246.05	-0.36456098963210853
8247.71	0.19050001036789144
8249.38	-0.11801368963210852
8251.05	0.2645356103678916
8252.72	-0.29693128963210863
8254.39	-0.19075528963210853
8256.05	-0.8380259896321085
8257.72	-0.5919119596321086
8259.39	-0.8919373996321086
8261.06	-0.35419768963210857
8262.73	-0.5931467296321087
8264.39	-0.22094478963210848
8266.06	-0.6909421896321086
8267.73	-0.3230772896321087
8269.4	-0.7925604496321086
8271.07	-0.33377018963210847
8272.73	-0.5574369896321085
8274.4	-0.12950798963210858
8276.07	-0.5659399896321086
8277.74	-0.29513198963210857
8279.4	-0.9359289896321086
8281.07	-0.5821058896321084
8282.74	-0.9226889896321083
8284.41	-0.29966358963210854
8286.08	-0.25497328963210847
8287.74	0.4759588603678912
8289.41	0.3107699103678914
8291.08	0.7045943103678916
8292.75	0.07249201036789141
8294.42	0.13261801036789123
8296.08	-0.6237859896321085
8297.75	-0.4707479896321084
8299.42	-0.7940706896321087
8301.09	-0.29544458963210846
8302.76	-0.47451698963210853
8304.42	-0.05733638963210863
8306.09	-0.44123338963210845
8307.76	-0.29455708963210864
8309.43	-1.0297003896321084
8311.09	-0.8808410896321087
8312.76	-1.2591013896321086
8314.43	-0.6345160896321087
8316.1	-0.6046903896321087
8317.77	0.027628410367891355
8319.43	-0.2784593896321085
8321.1	-0.027292789632108506
8322.77	-0.6024026896321087
8324.44	-0.39486488963210836
8326.11	-1.0189824896321085
8327.77	-0.7535709896321083
8329.44	-1.1094475896321083
8331.11	-0.6297854896321083
8332.78	-0.8761216896321086
8334.45	-0.2479040896321086
8336.11	-0.2874832896321086
8337.78	0.1831257103678914
8339.45	-0.4036597896321085
8341.12	-0.2778639896321084
8342.78	-0.8129939896321087
8344.45	-0.6061049896321082
8346.12	-1.0862534896321083
8347.79	-0.7973537956321085
8349.46	-1.1015375896321085
8351.12	-0.7079503896321084
8352.79	-1.0546339896321086
8354.46	-0.5073699896321087
8356.13	-0.6986079896321085
8357.8	-0.22978558963210852
8359.46	-0.5238569896321086
8361.13	-0.14800698963210873
8362.8	-0.5642909896321084
8364.47	-0.2514329896321087
8366.13	-0.8173679896321083
8367.8	-0.4464616896321084
8369.47	-0.9066795896321086
8371.14	-0.5721957896321084
8372.81	-0.9693186896321088
8374.47	-0.5843575896321085
8376.14	-1.0109799896321086
8377.81	-0.6427689896321087
8379.48	-1.0390129896321088
8381.15	-0.5370889896321087
8382.81	-0.9722719896321088
8384.48	-0.6404389896321085
8386.15	-1.1303279896321083
8387.82	-0.8887639896321087
8389.49	-1.3164839896321086
8391.15	-0.9820539896321085
8392.82	-1.3119109896321086
8394.49	-0.6945619896321086
8396.16	-0.9511886896321087
8397.82	-0.3824428496321084
8399.49	-0.7006404896321086
8401.16	-0.43169318963210845
8402.83	-0.8117934496321085
8404.5	-0.5714431896321086
8406.16	-0.9039229896321086
8407.83	-0.33635358963210865
8409.5	-0.6714629896321085
8411.17	-0.09833728963210864
8412.84	-0.3685382896321087
8414.5	0.0199248103678914
8416.17	-0.2431369896321085
8417.84	-0.0024369896321086103
8419.51	-0.5815409896321084
8421.18	-0.3400519896321085
8422.84	-0.9004915896321084
8424.51	-0.44533018963210863
8426.18	-0.6607337896321086
8427.85	-0.2313228896321086
8429.51	-0.6366374896321086
8431.18	-0.4606288896321086
8432.85	-1.0600809896321084
8434.52	-0.8166187896321084
8436.19	-1.1493432896321083
8437.85	-0.6368359896321084
8439.52	-0.8222229896321085
8441.19	-0.35912898963210854
8442.86	-0.5394219896321086
8444.53	-0.18670798963210872
8446.19	-0.4318359896321084
8447.86	-0.21620398963210857
8449.53	-0.7258076896321087
8451.2	-0.5468690896321087
8452.87	-1.0586662896321086
8454.53	-0.8424184896321087
8456.2	-1.1615301896321086
8457.87	-0.7943427896321084
8459.54	-0.9215998896321086
8461.2	-0.3543204796321085
8462.87	-0.4450779896321084
8464.54	0.22385416036789127
8466.21	0.16863711036789147
8467.88	0.7132382103678914
8469.54	0.31657591036789157
8471.21	0.5567827103678915
8472.88	-0.035434189632108606
8474.55	0.14066921036789143
8476.22	-0.3864369896321086
8477.88	-0.12096288963210858
8479.55	-0.46966418963210865
8481.22	-0.3040519896321086
8482.89	-0.9842609896321084
8484.56	-0.8384099896321086
8486.22	-1.4984049896321086
8487.89	-1.0744909896321084
8489.56	-1.2939012896321087
8491.23	-0.8496599896321086
8492.89	-0.9876648896321086
8494.56	-0.6436231896321085
8496.23	-0.9527672896321088
8497.9	-0.43795488963210855
8499.57	-0.7237429896321087
8501.23	-0.21078098963210845
8502.9	-0.47325818963210853
8504.57	-0.18434136963210862
8506.24	-0.5954006796321086
8507.91	-0.4051836896321087
8509.57	-0.8350285296321086
8511.24	-0.41709268963210855
8512.91	-0.6111622896321087
8514.58	-0.17590208963210857
8516.25	-0.41434898963210837
8517.91	-0.1349848896321086
8519.58	-0.6849041896321084
8521.25	-0.4500617896321086
8522.92	-1.0393247896321085
8524.58	-0.6789270896321086
8526.25	-1.010646889632109
8527.92	-0.7034509896321083
8529.59	-1.0956709896321084
8531.26	-0.7377609896321087
8532.92	-1.1566624896321085
8534.59	-0.7854909896321087
8536.26	-1.2213169896321083
8537.93	-0.7461579896321087
8539.6	-1.1275591896321084
8541.26	-0.6655452896321087
8542.93	-1.0098889296321087
8544.6	-0.7442687896321085
8546.27	-1.0910409896321087
8547.93	-0.7236319896321087
8549.6	-1.0732109896321083
8551.27	-0.5711346896321086
8552.94	-0.9420585896321085
8554.61	-0.49049148963210876
8556.27	-0.7620338396321086
8557.94	-0.43008008963210853
8559.61	-0.8155329896321085
8561.28	-0.6341919896321089
8562.95	-1.2535529896321083
8564.61	-1.0774149896321084
8566.28	-1.5703999896321084
8567.95	-1.1631979896321087
8569.62	-1.4755979896321088
8571.29	-1.0205609896321086
8572.95	-1.2878149896321087
8574.62	-0.9250759896321087
8576.29	-1.3083939896321086
8577.96	-1.0106419896321086
8579.62	-1.4713239896321086
8581.29	-1.1219259896321088
8582.96	-1.4144839896321089
8584.63	-0.9369600896321085
8586.3	-1.1274075896321087
8587.96	-0.5857926096321087
8589.63	-0.8263772896321084
8591.3	-0.34163078963210847
8592.97	-0.7122999896321083
8594.64	-0.24727628963210843
8596.3	-0.5797996896321087
8597.97	-0.3251367896321087
8599.64	-0.8693329896321085
8601.31	-0.6102038896321087
8602.98	-1.0418368896321089
8604.64	-0.6594411896321085
8606.31	-1.0049666896321088
8607.98	-0.40403808963210847
8609.65	-0.5864988896321085
8611.31	-0.1881562896321086
8612.98	-0.6558939896321088
8614.65	-0.42111498963210847
8616.32	-1.0686449896321089
8617.99	-1.0151829896321085
8619.65	-1.7731219896321087
8621.32	-1.5913249896321084
8622.99	-1.9836389896321087
8624.66	-1.4491209896321087
8626.33	-1.5543559896321084
8627.99	-0.8999809896321089
8629.66	-1.0506160896321082
8631.33	-0.2676198896321084
8633.0	-0.20483368963210857
8634.67	0.7393221103678915
8636.33	0.6174900103678915
8638.0	1.0037891103678913
8639.67	0.19932151036789147
8641.34	-0.10201358963210863
8643.0	-1.1563619896321087
8644.67	-1.1788999896321086
8646.34	-1.6893429896321084
8648.01	-1.2448879896321083
8649.68	-1.4590492896321088
8651.34	-0.7533506196321086
8653.01	-0.9505523896321085
8654.68	-0.4426302896321085
8656.35	-0.8132462196321084
8658.02	-0.7860190396321086
8659.68	-1.3656224896321087
8661.35	-1.1214399896321088
8663.02	-1.3785585896321089
8664.69	-0.6846193896321086
8666.36	-0.8801899896321086
8668.02	-0.4618369896321085
8669.69	-0.8584879896321086
8671.36	-0.7007359896321085
8673.03	-1.2625219896321087
8674.69	-0.9434359896321084
8676.36	-1.4191089896321085
8678.03	-1.1550192896321088
8679.7	-1.6263059896321086
8681.37	-1.3491279896321091
8683.03	-1.7156219896321083
8684.7	-1.1810269896321084
8686.37	-1.4766849896321088
8688.04	-1.0367569896321087
8689.71	-1.4428969896321087
8691.37	-1.1573659896321087
8693.04	-1.3677779896321085
8694.71	-0.8884243896321085
8696.38	-1.1583559896321085
8698.04	-0.7595458896321085
8699.71	-1.3541139896321086
8701.38	-1.2338769896321087
8703.05	-1.7714269896321084
8704.72	-1.4707239896321085
8706.38	-1.5874139896321087
8708.05	-0.9181069896321086
8709.72	-1.1188589896321084
8711.39	-0.8281479896321088
8713.06	-1.3781489896321086
8714.72	-1.1201119896321088
8716.39	-1.3878259896321083
8718.06	-0.7640768896321087
8719.73	-0.8653386896321086
8721.4	-0.05841508963210851
8723.06	-0.04982318963210848
8724.73	0.5128033103678916
8726.4	0.3147680103678915
8728.07	0.6882540103678914
8729.73	0.09680701036789159
8731.4	0.01351801036789151
8733.07	-0.9212029896321086
8734.74	-0.8036679896321088
8736.41	-1.2186149896321086
8738.07	-0.7241844896321086
8739.74	-0.8688588896321084
8741.41	-0.2810124896321085
8743.08	-0.5285833196321084
8744.75	-0.32167088963210855
8746.41	-0.8841332896321082
8748.08	-0.7051827996321086
8749.75	-1.2595486896321086
8751.42	-0.9677769896321082
8753.09	-1.2675079896321084
8754.75	-0.6073689896321086
8756.42	-0.6968270896321086
8758.09	-0.2679518896321085
8759.76	-0.6112486896321088
8761.42	-0.4600169896321084
8763.09	-0.9841759896321086
8764.76	-0.7359529896321085
8766.43	-1.0440559896321084
8768.1	-0.38379838963210855
8769.76	-0.4923568896321086
8771.43	0.027780410367891382
8773.1	-0.20954468963210857
8774.77	0.12887841036789144
8776.44	-0.2800077896321085
8778.1	0.00724051036789145
8779.77	-0.4264293896321085
8781.44	-0.17997348963210852
8783.11	-0.6938786696321085
8784.78	-0.5173446896321087
8786.44	-1.0904209896321087
8788.11	-0.8516600896321085
8789.78	-1.3618359896321086
8791.45	-1.1708579896321087
8793.11	-1.4759759896321083
8794.78	-1.0231345896321085
8796.45	-1.1218353896321083
8798.12	-0.47612598963210856
8799.79	-0.6041972896321084
8801.45	0.012387510367891397
8803.12	-0.29040088963210836
8804.79	0.031931510367891394
8806.46	-0.5433419896321083
8808.13	-0.3462227896321088
8809.79	-0.9383829896321085
8811.46	-0.7559230896321084
8813.13	-1.2616719896321082
8814.8	-0.6904199896321087
8816.47	-0.8827519896321088
8818.13	-0.21011698963210862
8819.8	-0.5417089896321086
8821.47	-0.03762368963210851
8823.14	-0.5081120896321085
8824.8	-0.18758338963210858
8826.47	-0.7417912896321086
8828.14	-0.37932058963210846
8829.81	-0.6080990896321086
8831.48	-0.1309930896321087
8833.14	-0.4396069596321087
8834.81	0.08556801036789145
8836.48	-0.3268650896321085
8838.15	0.006107410367891442
8839.82	-0.4727063896321086
8841.48	-0.4015829896321086
8843.15	-0.8279319896321088
8844.82	-0.5656439896321086
8846.49	-1.0084639896321084
8848.16	-0.43566398963210845
8849.82	-0.6777689896321087
8851.49	-0.14954418963210875
8853.16	-0.36251648963210864
8854.83	-0.08507498963210865
8856.49	-0.6063109896321086
8858.16	-0.3711839896321086
8859.83	-0.9501409896321084
8861.5	-0.5361559896321084
8863.17	-0.8393119896321087
8864.83	-0.19036208963210868
8866.5	-0.34566168963210875
8868.17	0.19680101036789135
8869.84	-0.17966218963210867
8871.51	0.06021651036789146
8873.17	-0.4160624896321085
8874.84	-0.11103478963210871
8876.51	-0.4888883896321087
8878.18	-0.022315889632108565
8879.84	-0.4327026896321085
8881.51	-0.28587730563210856
8883.18	-1.0258446896321085
8884.85	-1.1078323896321087
8886.52	-1.8553382896321087
8888.18	-1.5866591896321087
8889.85	-1.8510229896321089
8891.52	-1.0784536896321086
8893.19	-1.0269570796321086
8894.86	-0.4294164896321086
8896.52	-0.7779393896321085
8898.19	-0.3941219896321086
8899.86	-0.8984509896321086
8901.53	-0.6356519896321086
8903.2	-1.1794699896321086
8904.86	-1.0077499896321087
8906.53	-1.4169669896321087
8908.2	-0.9986549896321085
8909.87	-1.1347769896321085
8911.53	-0.3814689896321085
8913.2	-0.5154939896321087
8914.87	-0.21918498963210845
8916.54	-0.9573699896321084
8918.21	-1.1058549896321084
8919.87	-1.8262349896321084
8921.54	-1.6507379896321084
8923.21	-1.910277989632109
8924.88	-1.2462039896321082
8926.55	-1.3645409896321086
8928.21	-0.6514036896321085
8929.88	-1.0039719896321087
8931.55	-0.6058039896321085
8933.22	-1.0119285896321084
8934.89	-0.7221789896321085
8936.55	-1.0914569896321085
8938.22	-0.6745969896321087
8939.89	-0.9961483896321084
8941.56	-0.5030457896321087
8943.22	-0.8657474896321086
8944.89	-0.5427124796321086
8946.56	-1.0533084896321085
8948.23	-0.9029889896321086
8949.9	-1.3695759896321085
8951.56	-1.3203329896321085
8953.23	-1.7801779896321084
8954.9	-1.5320019896321087
8956.57	-1.7410119896321086
8958.24	-1.257553389632109
8959.9	-1.4063470896321086
8961.57	-0.8983216896321086
8963.24	-1.154223989632109
8964.91	-0.8720089896321086
8966.58	-1.2312139896321088
8968.24	-0.7614919896321084
8969.91	-0.8935299896321087
8971.58	-0.35474298963210865
8973.25	-0.7160317896321087
8974.91	-0.49180066963210833
8976.58	-1.0496948896321086
8978.25	-0.6609298896321085
8979.92	-0.9169760896321086
8981.59	-0.19265768963210853
8983.25	-0.27539388963210854
8984.92	0.17723551036789154
8986.59	-0.2507163896321085
8988.26	-0.22867298963210886
8989.93	-0.9121809896321083
8991.59	-0.6918209896321087
8993.26	-1.1693969896321086
8994.93	-0.8048249896321087
8996.6	-1.1508578896321087
8998.27	-0.8317843896321084
8999.93	-1.3051896896321087
9001.6	-1.1176732896321084
9003.27	-1.521466989632109
9004.94	-0.9928029896321087
9006.6	-0.9558079896321084
9008.27	-0.025135389632108485
9009.94	0.14242851036789148
9011.61	0.8688564103678914
9013.28	0.5381718103678916
9014.94	0.8029874103678913
9016.61	0.15308891036789135
9018.28	0.2148740103678916
9019.95	-0.3005159896321085
9021.62	-0.03570238963210852
9023.28	-0.4225802896321085
9024.95	-0.0029169296321086557
9026.62	-0.5839879896321085
9028.29	-0.3901679896321085
9029.96	-0.9933079896321086
9031.62	-0.9084009896321085
9033.29	-1.5212969896321085
9034.96	-1.2999079896321086
9036.63	-1.9130859896321084
9038.29	-1.616382989632109
9039.96	-2.0973629896321087
9041.63	-1.8005599896321083
9043.3	-2.059506989632109
9044.97	-1.515848989632109
9046.63	-1.794874989632109
9048.3	-1.2486669696321087
9049.97	-1.5210578996321087
9051.64	-0.8469346896321085
9053.31	-0.9578699896321086
9054.97	-0.6521092796321086
9056.64	-1.1447966896321087
9058.31	-1.0883021896321083
9059.98	-1.742666089632109
9061.64	-1.2989301996321085
9063.31	-1.5944608896321089
9064.98	-1.1022328896321087
9066.65	-1.3186929896321087
9068.32	-1.1525249896321086
9069.98	-1.5576879896321087
9071.65	-1.1699059896321087
9073.32	-1.4050861896321085
9074.99	-0.6617323936321083
9076.66	-0.7130252896321085
9078.32	-0.14575478963210853
9079.99	-0.35518218963210857
9081.66	-0.018998989632108488
9083.33	-0.47596598963210857
9085.0	-0.3710886896321085
9086.66	-1.0521919896321084
9088.33	-1.0432469896321086
9090.0	-1.7446949896321091
9091.67	-1.5315899896321084
9093.33	-1.8871689896321087
9095.0	-1.3479988896321085
9096.67	-1.5006687896321085
9098.34	-0.9753452896321086
9100.01	-1.3288435896321085
9101.67	-1.0220289896321089
9103.34	-1.4927230896321084
9105.01	-1.0614266896321085
9106.68	-1.1237215896321087
9108.35	-0.37225648963210844
9110.01	-0.4519119896321085
9111.68	0.12308901036789133
9113.35	-0.18299458963210857
9115.02	0.22307340036789144
9116.69	-0.1458588896321086
9118.35	0.09809201036789128
9120.02	-0.2543019896321086
9121.69	0.1320320103678915
9123.36	-0.1522183896321086
9125.02	0.22632061036789164
9126.69	-0.10921624963210848
9128.36	0.1382581103678914
9130.03	-0.27912928963210853
9131.7	-0.14278108963210837
9133.36	-0.6626871896321086
9135.03	-0.3541225896321085
9136.7	-0.7381952896321087
9138.37	-0.5520639896321085
9140.04	-0.9826024896321087
9141.7	-0.8786529896321087
9143.37	-1.2166599896321084
9145.04	-0.6957129896321087
9146.71	-0.8362529896321089
9148.38	-0.28568198963210867
9150.04	-0.5193729896321087
9151.71	-0.2721469896321086
9153.38	-0.7004889896321085
9155.05	-0.40051418963210866
9156.71	-0.6848010896321085
9158.38	-0.2687382896321087
9160.05	-0.5028109896321087
9161.72	-0.14417288963210853
9163.39	-0.5697059896321085
9165.05	-0.18989598963210852
9166.72	-0.6139789896321087
9168.39	-0.2545829896321086
9170.06	-0.7666889896321084
9171.73	-0.5598379896321086
9173.39	-0.9571559896321087
9175.06	-0.37876998963210856
9176.73	-0.6635319896321088
9178.4	-0.2015759896321086
9180.07	-0.6539539896321085
9181.73	-0.3830619896321085
9183.4	-0.9276859896321087
9185.07	-0.37715118963210853
9186.74	-0.6108921896321087
9188.4	0.12794671036789151
9190.07	-0.07973158963210855
9191.74	0.31727281036789134
9193.41	-0.11946068963210851
9195.08	0.0497014103678914
9196.74	-0.6627048896321086
9198.41	-0.42138678963210874
9200.08	-0.9442859896321089
9201.75	-0.6806239896321086
9203.42	-0.9814839896321086
9205.08	-0.4023659896321088
9206.75	-0.6638838896321088
9208.42	-0.24810065963210876
9210.09	-0.7399246896321083
9211.76	-0.7351585896321087
9213.42	-1.3282592896321084
9215.09	-1.0773668896321085
9216.76	-1.4040359896321088
9218.43	-0.8284811896321086
9220.09	-0.941659329632109
9221.76	-0.4613021996321088
9223.43	-0.9102249896321084
9225.1	-0.7647387896321087
9226.77	-1.2286634896321087
9228.43	-0.9914569896321085
9230.1	-1.3763723896321083
9231.77	-1.2420737896321086
9233.44	-1.6712497896321086
9235.11	-1.1328739896321085
9236.77	-1.3898819896321086
9238.44	-0.8958359896321086
9240.11	-1.0427709896321087
9241.78	-0.7741099896321084
9243.44	-1.069240989632109
9245.11	-0.7128147896321084
9246.78	-0.9818508896321086
9248.45	-0.4564549896321086
9250.12	-0.7481329896321085
9251.78	-0.4257828896321085
9253.45	-0.8667852896321087
9255.12	-0.8120521896321085
9256.79	-1.3507631896321086
9258.46	-1.3681639896321085
9260.12	-1.9772649896321082
9261.79	-1.7489979896321084
9263.46	-1.9059299896321082
9265.13	-1.0257576896321083
9266.8	-0.8833298896321088
9268.46	-0.4359310996321085
9270.13	-0.8651673896321086
9271.8	-0.8929759896321086
9273.47	-1.5136689896321087
9275.13	-1.2248669896321087
9276.8	-1.4978929896321085
9278.47	-1.0773719896321086
9280.14	-1.2324699896321085
9281.81	-0.9206909896321086
9283.47	-1.3043179896321084
9285.14	-0.7263799896321086
9286.81	-0.8313719896321086
9288.48	-0.16471198963210856
9290.15	-0.15853698963210844
9291.81	0.22542761036789147
9293.48	-0.1258739896321085
9295.15	0.06087781036789144
9296.82	-0.5953743196321085
9298.49	-0.36940558963210846
9300.15	-0.8735030896321089
9301.82	-0.6237783896321087
9303.49	-1.2797359896321088
9305.16	-1.3422559896321082
9306.82	-2.0175699896321087
9308.49	-1.7833169896321084
9310.16	-1.9798099896321084
9311.83	-1.2344389896321086
9313.5	-1.0854529896321086
9315.16	-0.47404858963210883
9316.83	-0.6943832896321085
9318.5	-0.44239261963210863
9320.17	-0.9160966496321086
9321.84	-0.6097103996321085
9323.5	-1.1097836896321085
9325.17	-1.0928168896321084
9326.84	-1.4373329896321085
9328.51	-1.1498419896321088
9330.18	-1.3355129896321085
9331.84	-0.6169829896321084
9333.51	-0.8342989896321086
9335.18	-0.3506755896321086
9336.85	-0.8315158896321087
9338.51	-1.0909437896321088
9340.18	-2.0722779896321084
9341.85	-2.1556979896321087
9343.52	-2.717340989632109
9345.19	-2.1757279896321085
9346.85	-2.081062989632109
9348.52	-1.2338399896321086
9350.19	-1.0295481896321086
9351.86	-0.46238998963210853
9353.53	-0.8403753896321087
9355.19	-0.5213020896321086
9356.86	-0.9515280896321086
9358.53	-0.7940399896321085
9360.2	-1.2042359896321086
9361.87	-0.8712679896321085
9363.53	-1.0470495896321084
9365.2	-0.4001571896321085
9366.87	-0.4934119896321086
9368.54	-0.01061658963210863
9370.2	-0.5477506896321085
9371.87	-0.3694936896321085
9373.54	-1.0478932896321085
9375.21	-0.8678259896321083
9376.88	-1.2029549896321088
9378.54	-0.8320409896321085
9380.21	-1.2522619896321083
9381.88	-1.0084154896321085
9383.55	-1.5769813896321085
9385.22	-1.2351555896321085
9386.88	-1.5647031896321084
9388.55	-1.1978504896321085
9390.22	-1.4372065896321087
9391.89	-1.1670239896321086
9393.56	-1.7272329896321086
9395.22	-1.5646609896321084
9396.89	-2.1858989896321086
9398.56	-1.8090969896321085
9400.23	-2.1049239896321086
9401.89	-1.629857989632109
9403.56	-1.7114649896321084
9405.23	-1.1890564896321085
9406.9	-1.4674202896321085
9408.57	-0.9627462896321084
9410.23	-1.2396119896321083
9411.9	-0.7025169896321086
9413.57	-0.9815179896321087
9415.24	-0.8460119896321088
9416.91	-1.3081019896321089
9418.57	-0.8971349896321087
9420.24	-0.9982259896321084
9421.91	-0.31406898963210866
9423.58	-0.2704118896321087
9425.24	0.22850581036789125
9426.91	-0.0830001696321085
9428.58	-0.17599698963210864
9430.25	-0.6821593896321084
9431.92	-0.5000459896321083
9433.58	-0.8279149896321087
9435.25	-0.46664598963210857
9436.92	-0.6031339896321086
9438.59	-0.2871239896321088
9440.26	-0.5533034896321085
9441.92	-0.23772278963210852
9443.59	-0.4601490896321086
9445.26	-0.015947089632108558
9446.93	-0.15713838963210852
9448.6	0.32090901036789143
9450.26	0.24056441036789128
9451.93	0.6452744103678916
9453.6	0.11488481036789129
9455.27	0.3497671103678913
9456.93	-0.24151588963210852
9458.6	-0.2494489896321086
9460.27	-0.8232999896321088
9461.94	-0.5716289896321086
9463.61	-0.9262946896321088
9465.27	-0.5741381896321085
9466.94	-1.0906676896321084
9468.61	-0.9138680896321085
9470.28	-1.4637286896321082
9471.95	-1.286430389632109
9473.61	-1.683740989632108
9475.28	-1.2357779896321086
9476.95	-1.375316389632109
9478.62	-0.9219709896321084
9480.29	-1.1287204896321086
9481.95	-0.6835989896321084
9483.62	-0.9675509896321086
9485.29	-0.24782588963210853
9486.96	-0.3462339896321085
9488.62	0.2131180103678915
9490.29	-0.009679489632108606
9491.96	0.010601010367891406
9493.63	-0.7033337896321086
9495.3	-0.7058919896321088
9496.96	-1.4223109896321087
9498.63	-1.1008289896321084
9500.3	-1.3145659896321082
9501.97	-0.8903799896321086
9503.64	-1.0556039896321083
9505.3	-0.5052889896321086
9506.97	-0.7719439896321086
9508.64	-0.36231298963210856
9510.31	-0.8185029896321089
9511.98	-0.6943219896321086
9513.64	-1.1365957896321086
9515.31	-0.9521769896321084
9516.98	-1.3944489896321084
9518.65	-1.0446429896321086
9520.31	-1.2993379896321084
9521.98	-0.6442336896321085
9523.65	-0.6953884896321084
9525.32	0.08581061036789137
9526.99	0.06320281036789155
9528.65	0.3482955103678914
9530.32	-0.009566589632108513
9531.99	0.13288501036789152
9533.66	-0.21116698963210875
9535.33	0.32515251036789133
9536.99	0.009043510367891394
9538.66	0.42731691036789154
9540.33	0.09918201036789134
9542.0	0.18936301036789133
9543.67	-0.3953362896321087
9545.33	-0.5122940896321084
9547.0	-1.2221139896321087
9548.67	-1.0418999896321086
9550.34	-1.5012389896321086
9552.0	-1.0555549896321086
9553.67	-1.2341569896321087
9555.34	-0.7635919896321086
9557.01	-1.1232090896321083
9558.68	-1.0342419896321087
9560.34	-1.5187190896321086
9562.01	-1.2960168896321085
9563.68	-1.6645649896321086
9565.35	-1.1946639896321085
9567.02	-1.4943239896321088
9568.68	-1.0559049896321084
9570.35	-1.2587569896321087
9572.02	-1.0965375896321086
9573.69	-1.4006935896321087
9575.35	-0.9381709896321084
9577.02	-1.2136611896321088
9578.69	-0.6921056896321087
9580.36	-0.8710924896321085
9582.03	-0.5941791896321085
9583.69	-0.9718842896321087
9585.36	-0.9359316896321085
9587.03	-1.6836679896321083
9588.7	-1.3471179896321086
9590.37	-1.7427249896321086
9592.03	-1.3227939896321088
9593.7	-1.4958469896321085
9595.37	-1.1476092896321086
9597.04	-1.5251699896321085
9598.71	-1.2105979896321086
9600.37	-1.6404009896321088
9602.04	-1.1156999896321085
9603.71	-1.2978839896321084
9605.38	-1.0571559896321088
9607.04	-1.4215459896321085
9608.71	-1.1853238896321083
9610.38	-1.5952109896321087
9612.05	-1.2616649896321086
9613.72	-1.7534949896321084
9615.38	-1.6139719896321083
9617.05	-2.1187429896321084
9618.72	-1.9395689896321087
9620.39	-2.2035409896321085
9622.06	-1.5880019896321087
9623.72	-1.5791209896321088
9625.39	-0.9761623896321087
9627.06	-1.1585921896321085
9628.73	-0.7320779896321088
9630.4	-1.0443739896321085
9632.06	-0.6644007896321085
9633.73	-1.0526894896321086
9635.4	-0.6883129896321084
9637.07	-0.9936779896321084
9638.73	-0.6054789896321086
9640.4	-0.9355409896321085
9642.07	-0.6194339896321084
9643.74	-0.9074509896321086
9645.41	-0.39400298963210856
9647.07	-0.7669549896321082
9648.74	-0.4634849896321085
9650.41	-0.9100939896321085
9652.08	-0.7415319896321086
9653.75	-1.3187709896321083
9655.41	-1.0373209896321087
9657.08	-1.4563565896321085
9658.75	-0.9807450896321086
9660.42	-1.3981685896321085
9662.09	-1.2812205896321083
9663.75	-1.9171899896321083
9665.42	-1.6989909896321087
9667.09	-2.1101159896321087
9668.76	-1.5739289896321087
9670.42	-1.840753489632109
9672.09	-1.3119499896321087
9673.76	-1.6838709896321085
9675.43	-1.2780936896321085
9677.1	-1.5244352896321085
9678.76	-0.8969855896321086
9680.43	-0.8335749896321086
9682.1	-0.11005758963210857
9683.77	-0.3570939896321085
9685.44	0.002715910367891361
9687.1	-0.41232507963210824
9688.77	-0.21747498963210857
9690.44	-0.7723056896321088
9692.11	-0.7745915896321084
9693.78	-1.3396753896321087
9695.44	-1.2475674896321085
9697.11	-1.8314479896321085
9698.78	-1.644341989632108
9700.45	-1.9038789896321089
9702.11	-1.4563029896321085
9703.78	-1.5626449896321088
9705.45	-1.1005989896321084
9707.12	-1.3197560896321088
9708.79	-0.7438211896321085
9710.45	-1.0440276896321086
9712.12	-0.8023946896321086
9713.79	-1.1319203896321084
9715.46	-0.7721220896321086
9717.13	-1.1363849896321088
9718.79	-0.6210669896321087
9720.46	-0.7925259896321084
9722.13	-0.15113098963210855
9723.8	-0.1606679896321085
9725.47	0.46662401036789125
9727.13	0.10336001036789148
9728.8	0.4041090103678914
9730.47	-0.41957198963210846
9732.14	-0.6324069896321085
9733.8	-1.4332541896321085
9735.47	-1.3981439896321086
9737.14	-1.8035069896321088
9738.81	-1.2580369896321086
9740.48	-1.288612789632109
9742.14	-0.6369824296321089
9743.81	-0.8654070896321086
9745.48	-0.49831598963210855
9747.15	-0.9757399896321086
9748.82	-0.7541429896321087
9750.48	-1.1375919896321087
9752.15	-0.8290870896321086
9753.82	-1.2793754896321086
9755.49	-1.0238409896321086
9757.15	-1.4731889896321089
9758.82	-1.2132209896321084
9760.49	-1.6231119896321087
9762.16	-1.2108819896321086
9763.83	-1.4065853896321083
9765.49	-0.9672691896321087
9767.16	-1.3829119896321083
9768.83	-1.1904263896321083
9770.5	-1.552063889632108
9772.17	-1.1464579896321085
9773.83	-1.5503599896321085
9775.5	-1.1758349896321085
9777.17	-1.4141609896321083
9778.84	-0.8569119896321087
9780.51	-1.2027165896321086
9782.17	-0.6462639896321087
9783.84	-0.8613479896321085
9785.51	-0.23587698963210874
9787.18	-0.4093249896321086
9788.84	0.07412451036789129
9790.51	-0.28225478963210865
9792.18	0.24782631036789163
9793.85	-0.006608489632108449
9795.52	0.6217931103678914
9797.18	0.3491426103678915
9798.85	0.43484638836789136
9800.52	-0.19392828963210848
9802.19	-0.2392132896321085
9803.86	-0.9067298896321085
9805.52	-0.8213059896321084
9807.19	-1.3232729896321085
9808.86	-1.065449989632109
9810.53	-1.4696979896321087
9812.2	-1.2539109896321086
9813.86	-1.5347699896321083
9815.53	-1.0909179896321086
9817.2	-1.3511609896321082
9818.87	-0.9805949896321083
9820.53	-1.3068429896321085
9822.2	-0.8015449896321082
9823.87	-1.0820709896321083
9825.54	-0.5993635896321085
9827.21	-0.8666611896321086
9828.87	-0.40055288963210867
9830.54	-0.5303738896321085
9832.21	-0.14890798963210858
9833.88	-0.4675269896321086
9835.55	-0.1915529896321086
9837.21	-0.7599029896321084
9838.88	-0.49090098963210843
9840.55	-0.8620199896321085
9842.22	-0.5604679896321084
9843.89	-0.9064379896321089
9845.55	-0.8059876896321088
9847.22	-1.2122304896321083
9848.89	-0.9631089896321082
9850.56	-1.5332679896321084
9852.22	-1.2032319896321086
9853.89	-1.608632989632109
9855.56	-1.1838680896321088
9857.23	-1.3997393896321084
9858.9	-0.9197489896321086
9860.56	-1.1030942896321083
9862.23	-0.6799695896321089
9863.9	-1.2055309896321085
9865.57	-0.7692439896321088
9867.24	-1.0393047896321088
9868.9	-0.38411628963210853
9870.57	-0.5370965896321086
9872.24	-0.08860398963210858
9873.91	-0.47445898963210864
9875.58	-0.15016298963210853
9877.24	-0.4868566896321086
9878.91	-0.16466368963210876
9880.58	-0.40902138963210843
9882.25	0.08608101036789133
9883.91	-0.2492919896321087
9885.58	0.10455501036789142
9887.25	-0.5486429896321088
9888.92	-0.4607289896321086
9890.59	-0.9161569896321085
9892.25	-0.8180600896321089
9893.92	-1.1074924096321088
9895.59	-0.7474819896321085
9897.26	-1.1708259896321087
9898.93	-0.9372319896321082
9900.59	-1.5214239896321087
9902.26	-1.1135899896321086
9903.93	-1.428149989632109
9905.6	-0.9606469896321089
9907.27	-1.1453069896321089
9908.93	-0.9544039896321086
9910.6	-1.4528129896321087
9912.27	-1.1606929896321083
9913.94	-1.3493149896321088
9915.6	-0.4730369896321086
9917.27	-0.4821637896321083
9918.94	0.2348206403678915
9920.61	0.07123011036789144
9922.28	0.41805401036789147
9923.94	-0.056852989632108476
9925.61	0.12882691036789132
9927.28	-0.25564958963210865
9928.95	0.07563981036789132
9930.62	-0.46879198963210855
9932.28	-0.11983898963210864
9933.95	-0.5857299896321083
9935.62	-0.1709569896321085
9937.29	-0.39248498963210837
9938.95	-0.03119288963210868
9940.62	-0.5544002896321084
9942.29	-0.34050588963210837
9943.96	-0.9222849896321087
9945.63	-0.48549798963210833
9947.29	-0.8092389896321086
9948.96	-0.3670369896321085
9950.63	-0.8376989896321085
9952.3	-0.7590869896321085
9953.97	-1.3717789896321086
9955.63	-1.0715009896321086
9957.3	-1.236369989632109
9958.97	-0.3825209896321085
9960.64	-0.6468439896321085
9962.31	-0.22102628963210846
9963.97	-0.7496744896321086
9965.64	-0.8099461896321083
9967.31	-1.2343888896321085
9968.98	-0.8828869896321085
9970.64	-1.1686639896321083
9972.31	-0.6254649896321085
9973.98	-1.0355079896321084
9975.65	-0.6731299896321086
9977.32	-0.8968849896321084
9978.98	-0.5088899896321085
9980.65	-0.7213119896321082
9982.32	-0.32869958963210844
9983.99	-0.9260988896321084
9985.66	-0.8861713896321086
9987.32	-1.622166989632109
9988.99	-1.4638379896321088
9990.66	-1.9242669896321085
9992.33	-1.5242159896321084
9994.0	-1.8735859896321088
9995.66	-1.3571409896321087
9997.33	-1.7626469896321084
9999.0	-1.3891709896321087
10000.7	-1.7414779896321089
10002.3	-1.2342229896321084
10004.0	-1.4969329896321084
10005.7	-0.9402759896321085
10007.3	-1.2012669896321087
10009.0	-0.9648219896321086
10010.7	-1.567551989632109
10012.3	-1.730036689632109
10014.0	-2.4244434896321088
10015.7	-2.3547371896321083
10017.3	-2.5306871896321086
10019.0	-1.8229822896321086
10020.7	-1.5796815896321086
10022.3	-0.8568029896321084
10024.0	-0.8710121896321084
10025.7	-0.5931354896321086
10027.4	-0.8457524896321088
10029.0	-0.43747798963210843
10030.7	-0.4520000196321085
10032.4	0.14479561036789126
10034.0	-0.12593780963210857
10035.7	-0.10002618963210859
10037.4	-0.8965906896321085
10039.0	-0.9563150896321087
10040.7	-1.5129932896321086
10042.4	-0.9343769896321085
10044.0	-1.0666279896321087
10045.7	-0.7239979896321085
10047.4	-1.0674889896321087
10049.0	-0.9780359896321084
10050.7	-1.4118949896321085
10052.4	-0.8793089896321085
10054.0	-0.9930309896321085
10055.7	-0.3065175896321087
10057.4	-0.5271390896321088
10059.0	-0.45482848963210853
10060.7	-0.9595558896321086
10062.4	-0.8996927896321083
10064.0	-1.5172099896321087
10065.7	-1.2100788896321089
10067.4	-1.5089222896321088
10069.1	-0.9298231896321086
10070.7	-0.9407589896321085
10072.4	-0.40593298963210855
10074.1	-0.7372879896321086
10075.7	-0.4399069896321085
10077.4	-1.0513419896321088
10079.1	-0.8560939896321085
10080.7	-0.9850269896321086
10082.4	-0.2824099896321083
10084.1	-0.09985217963210866
10085.7	0.4485963103678913
10087.4	-0.07597778963210869
10089.1	-0.20372348963210865
10090.7	-1.0853426896321083
10092.4	-1.2003212896321085
10094.1	-1.5448669896321088
10095.7	-1.2736459896321084
10097.4	-1.3937369896321088
10099.1	-0.9449399896321088
10100.7	-1.1549418896321086
10102.4	-0.7132228896321086
10104.1	-0.9433439896321085
10105.7	-0.5164509896321086
10107.4	-0.8935659896321084
10109.1	-0.7480099896321085
10110.7	-1.4879719896321084
10112.4	-1.3222708896321085
10114.1	-1.6661458896321082
10115.8	-1.0862983896321083
10117.4	-1.2114064496321082
10119.1	-0.7832522896321086
10120.8	-1.2146708896321088
10122.4	-0.9377734896321087
10124.1	-1.3871889896321083
10125.8	-0.7522209896321086
10127.4	-0.9290369896321085
10129.1	-0.3442979896321085
10130.8	-0.8681239896321082
10132.4	-1.0935099896321085
10134.1	-1.7713919896321084
10135.8	-1.5390629896321086
10137.4	-1.7362629896321085
10139.1	-1.0545329896321083
10140.8	-1.2592076896321085
10142.4	-0.8979650196321085
10144.1	-1.6668339396321088
10145.8	-1.787696389632109
10147.4	-2.4190919896321086
10149.1	-2.062399989632109
10150.8	-2.0322199896321087
10152.4	-1.2323469896321082
10154.1	-1.1619789896321084
10155.8	-0.5539309896321085
10157.4	-0.9544789896321084
10159.1	-0.6099519896321085
10160.8	-0.8149349896321088
10162.5	-0.43495088963210843
10164.1	-0.6394149896321089
10165.8	-0.3078509896321086
10167.5	-0.8246349896321087
10169.1	-0.7518222896321087
10170.8	-1.4867944896321088
10172.5	-1.4689189896321087
10174.1	-1.8755679896321087
10175.8	-1.6749419896321087
10177.5	-1.8181169896321088
10179.1	-1.1929159896321084
10180.8	-1.3526904896321086
10182.5	-0.7846448896321084
10184.1	-1.0076325896321088
10185.8	-0.5856938396321085
10187.5	-0.6946075896321088
10189.1	-0.11135088963210844
10190.8	-0.21335398963210875
10192.5	0.05559101036789142
10194.1	-0.5228769896321086
10195.8	-0.48138118963210863
10197.5	-0.8715129896321085
10199.1	-0.3558699896321087
10200.8	-0.4672691896321085
10202.5	0.24568201036789147
10204.1	0.06539273036789131
10205.8	0.12122554036789127
10207.5	-0.617770289632109
10209.2	-0.7145127896321088
10210.8	-1.4045749896321085
10212.5	-1.1890939896321087
10214.2	-1.5936379896321085
10215.8	-0.9447848896321084
10217.5	-0.9431475896321085
10219.2	-0.21663498963210878
10220.8	-0.23923518963210855
10222.5	0.24502491036789148
10224.2	-0.19421258963210855
10225.8	-0.23449138963210858
10227.5	-1.0203807896321089
10229.2	-1.1817539896321085
10230.8	-1.8847569896321084
10232.5	-1.6496019896321088
10234.2	-1.9616929896321085
10235.8	-1.5121589896321088
10237.5	-1.3664019896321087
10239.2	-0.5539029896321086
10240.8	-0.3403170896321087
10242.5	0.42211921036789146
10244.2	0.4376916103678914
10245.8	0.9168342103678914
10247.5	0.44338851036789145
10249.2	0.35393501036789143
10250.9	-0.4387069896321087
10252.5	-0.6142089896321086
10254.2	-1.4548883896321083
10255.9	-1.297250289632108
10257.5	-1.5383679896321083
10259.2	-1.1107566896321084
10260.9	-1.4172050696321088
10262.5	-1.2479559506321085
10264.2	-1.7515289896321082
10265.9	-1.6183159896321087
10267.5	-2.0881849896321083
10269.2	-1.5113049896321085
10270.9	-1.589726989632109
10272.5	-1.1279179896321085
10274.2	-1.3963323896321085
10275.9	-1.1320049896321085
10277.5	-1.2649182896321085
10279.2	-0.6426746276321087
10280.9	-0.6362999896321089
10282.5	0.14016371036789138
10284.2	0.048763410367891336
10285.9	0.2632595103678914
10287.5	-0.5289656896321088
10289.2	-0.7625359896321084
10290.9	-1.4915019896321087
10292.5	-1.3320599896321086
10294.2	-1.5447849896321084
10295.9	-0.8732699896321087
10297.6	-0.7767769896321085
10299.2	-0.1815621896321085
10300.9	-0.6015399896321084
10302.6	-0.3437439896321086
10304.2	-0.7817129896321087
10305.9	-0.44357498963210873
10307.6	-0.6439379896321087
10309.2	-0.1723439896321086
10310.9	-0.45202698963210847
10312.6	-0.14414948963210847
10314.2	-0.7882064896321084
10315.9	-0.5243933896321087
10317.6	-0.9774542896321087
10319.2	-0.6947873896321087
10320.9	-1.0170163096321083
10322.6	-0.5661461896321086
10324.2	-0.9100666896321087
10325.9	-0.3888143896321085
10327.6	-0.7166660896321086
10329.2	-0.21671168963210855
10330.9	-0.5701420896321086
10332.6	-0.3927518896321085
10334.2	-0.8942209896321088
10335.9	-0.6112809896321088
10337.6	-0.9083969896321087
10339.2	-0.37972668963210865
10340.9	-0.48763258963210826
10342.6	0.08991741036789139
10344.3	-0.1474369396321086
10345.9	0.0705043103678914
10347.6	-0.2688733896321085
10349.3	-0.10028148963210856
10350.9	-0.5716969896321087
10352.6	-0.2672539896321085
10354.3	-0.8028569896321086
10355.9	-0.7563089896321087
10357.6	-1.5992199896321082
10359.3	-1.8946819896321088
10360.9	-2.581218989632108
10362.6	-2.4676959896321082
10364.3	-2.8246749896321086
10365.9	-2.1478279896321086
10367.6	-2.256791789632109
10369.3	-1.635785989632108
10370.9	-1.651047589632109
10372.6	-1.0621522896321087
10374.3	-1.034555789632108
10375.9	-0.25152928963210863
10377.6	-0.2924829896321087
10379.3	0.2760263103678914
10380.9	0.0640039103678915
10382.6	0.1366132103678914
10384.3	-0.4034804896321086
10385.9	-0.43244638963210835
10387.6	-1.2315629896321085
10389.3	-1.1129110896321084
10391.0	-1.5974682896321086
10392.6	-1.4572819896321083
10394.3	-1.8169999896321083
10396.0	-1.3608899896321085
10397.6	-1.4278849896321089
10399.3	-0.7050999896321087
10401.0	-0.7005658896321086
10402.6	-0.07595158963210864
10404.3	-0.3364889896321087
10406.0	-0.05478898963210861
10407.6	-0.7372779896321084
10409.3	-0.7810689896321085
10411.0	-1.6896164896321089
10412.6	-1.9093064896321086
10414.3	-2.6715809896321088
10416.0	-2.3969679896321088
10417.6	-2.5794987896321087
10419.3	-1.9609345896321089
10421.0	-2.1678649896321085
10422.6	-1.6613349896321086
10424.3	-2.1873602896321085
10426.0	-1.7999015896321082
10427.6	-1.8941877896321084
10429.3	-1.0407806896321083
10431.0	-0.9144881896321089
10432.7	-0.29530206963210853
10434.3	-0.7544509896321087
10436.0	-0.7213144896321084
10437.7	-1.7729092596321085
10439.3	-2.107083989632108
10441.0	-2.7614948896321083
10442.7	-2.457388789632109
10444.3	-2.5720145896321087
10446.0	-1.8928879896321085
10447.7	-1.6526929896321085
10449.3	-0.7799409896321087
10451.0	-0.7728559896321086
10452.7	-0.5860799896321086
10454.3	-1.251530989632109
10456.0	-1.2553259896321087
10457.7	-2.1133639896321093
10459.3	-1.9017389896321089
10461.0	-2.1816709896321087
10462.7	-1.5211329896321086
10464.3	-1.5249729896321085
10466.0	-0.8546319896321084
10467.7	-1.0473469896321084
10469.3	-0.5451089896321084
10471.0	-1.1059129896321085
10472.7	-0.8936914896321083
10474.3	-1.6008258896321084
10476.0	-1.2099538896321085
10477.7	-1.4250196896321088
10479.4	-0.7011720896321086
10481.0	-0.5980323896321086
10482.7	0.018029010367891396
10484.4	-0.2491442896321087
10486.0	0.19130091036789137
10487.7	-0.3221606896321087
10489.4	-0.2989241896321087
10491.0	-1.0619489896321084
10492.7	-1.3376569896321084
10494.4	-2.2262478896321083
10496.0	-2.243820589632109
10497.7	-2.6955066896321087
10499.4	-2.009823989632108
10501.0	-1.8022929896321085
10502.7	-0.8642815896321085
10504.4	-0.7460745896321086
10506.0	-0.2570115896321085
10507.7	-0.8199377896321088
10509.4	-0.8501364896321085
10511.0	-1.6576859396321086
10512.7	-1.3852541896321084
10514.4	-1.7428720896321086
10516.0	-1.2430487896321085
10517.7	-1.3780693896321083
10519.4	-0.8232635896321086
10521.0	-1.0618941896321084
10522.7	-0.6089664896321085
10524.4	-1.0798359896321084
10526.1	-1.0941409896321086
10527.7	-1.9228659896321088
10529.4	-2.1026079896321086
10531.1	-2.6024669896321084
10532.7	-1.9789369896321083
10534.4	-1.9034799896321082
10536.1	-1.1526469896321085
10537.7	-1.5226169896321085
10539.4	-1.4369269896321089
10541.1	-2.2632469896321092
10542.7	-2.1060019896321087
10544.4	-2.4010989896321084
10546.1	-1.8607659896321085
10547.7	-1.9861519896321091
10549.4	-1.5062989896321086
10551.1	-1.7785019896321088
10552.7	-1.3150809896321085
10554.4	-1.3516739896321086
10556.1	-0.7186869896321086
10557.7	-0.5652549896321087
10559.4	-0.08476598963210857
10561.1	-0.4164199896321087
10562.7	-0.12304998963210853
10564.4	-0.5726839896321086
10566.1	-0.4707767896321087
10567.7	-0.9153669896321087
10569.4	-0.8741819896321086
10571.1	-1.1812519896321088
10572.8	-0.9032169896321085
10574.4	-1.3892999896321085
10576.1	-1.1687629896321088
10577.8	-1.7577069896321085
10579.4	-1.7241879896321084
10581.1	-2.2552074896321086
10582.8	-1.9808806896321087
10584.4	-2.114559489632109
10586.1	-1.5033768896321085
10587.8	-1.4357358896321084
10589.4	-0.5893268396321085
10591.1	-0.5852490896321085
10592.8	-0.00938198963210859
10594.4	-0.14160098963210865
10596.1	0.03332531036789155
10597.8	-0.4491115936321085
10599.4	-0.1712120896321086
10601.1	-0.4861878796321085
10602.8	-0.07069578963210862
10604.4	-0.3411229896321085
10606.1	-0.1649979896321085
10607.8	-0.5533516896321085
10609.4	-0.5304855896321087
10611.1	-1.2600669896321086
10612.8	-1.1656939896321084
10614.5	-1.6532902896321082
10616.1	-1.4537975896321085
10617.8	-1.7342136196321085
10619.5	-1.520706289632109
10621.1	-2.156149989632109
10622.8	-2.0104829896321084
10624.5	-2.6361599896321084
10626.1	-2.176762989632109
10627.8	-2.490108989632109
10629.5	-1.8813772896321084
10631.1	-2.1562340896321084
10632.8	-1.9315318896321085
10634.5	-2.6294325896321085
10636.1	-2.0302789896321087
10637.8	-2.0046229896321086
10639.5	-1.2020869896321085
10641.1	-1.2347229896321086
10642.8	-0.6784224896321085
10644.5	-0.9490887896321084
10646.1	-0.5095552896321085
10647.8	-0.9559484896321088
10649.5	-0.6439317896321086
10651.1	-0.8969269896321089
10652.8	-0.8461609896321087
10654.5	-1.2986651896321089
10656.1	-1.2377065896321087
10657.8	-1.8415109896321085
10659.5	-1.6947669896321087
10661.2	-2.254307989632108
10662.8	-2.1593119896321085
10664.5	-2.461593989632108
10666.2	-2.1076989896321083
10667.8	-2.321276889632109
10669.5	-1.6824929896321084
10671.2	-1.7918593896321091
10672.8	-1.0897070896321086
10674.5	-1.1790054896321085
10676.2	-0.746218789632109
10677.8	-1.2438718896321084
10679.5	-1.0481599896321085
10681.2	-1.4549625396321089
10682.8	-1.0033445196321085
10684.5	-1.3440153896321085
10686.2	-0.8392496896321084
10687.8	-1.1053689896321086
10689.5	-0.6576969896321085
10691.2	-0.5525209896321086
10692.8	0.26762342036789155
10694.5	0.47404390036789124
10696.2	1.2780354713678914
10697.8	0.6212044103678915
10699.5	0.5292323103678912
10701.2	-0.4030114896321086
10702.8	-0.9232451896321086
10704.5	-1.6045805896321084
10706.2	-1.3286576896321085
10707.9	-1.6912812896321086
10709.5	-1.0357281896321087
10711.2	-1.2711854296321086
10712.9	-0.9370663896321085
10714.5	-1.1388416896321085
10716.2	-0.7676949896321084
10717.9	-0.9429712896321083
10719.5	-0.37647778963210854
10721.2	-0.8741169896321088
10722.9	-0.7534109896321086
10724.5	-1.5137542896321086
10726.2	-1.6743018896321082
10727.9	-2.3484159896321084
10729.5	-2.1636399896321086
10731.2	-2.3095869896321086
10732.9	-1.6262739896321086
10734.5	-1.5556596896321082
10736.2	-0.6887375296321084
10737.9	-0.8205074896321086
10739.5	-0.6966503896321088
10741.2	-1.4191349896321086
10742.9	-1.5787179896321084
10744.5	-2.092611989632109
10746.2	-1.7070299896321086
10747.9	-1.896129989632109
10749.5	-1.419117989632109
10751.2	-1.7665323896321088
10752.9	-1.6151009896321085
10754.6	-2.1385189896321086
10756.2	-1.807450449632108
10757.9	-2.1271572896321085
10759.6	-1.5230172896321084
10761.2	-1.6080340896321084
10762.9	-0.9426319896321085
10764.6	-0.9198718846321086
10766.2	-0.33103108963210864
10767.9	-0.6348443896321087
10769.6	-0.5371399896321086
10771.2	-1.5628859896321088
10772.9	-1.8246529896321082
10774.6	-2.4779199896321087
10776.2	-2.4202919896321085
10777.9	-2.618846989632109
10779.6	-1.8899689896321086
10781.2	-1.8152604896321083
10782.9	-1.2146523896321089
10784.6	-1.6710355896321083
10786.2	-1.5736133896321083
10787.9	-1.9716304896321089
10789.6	-1.6638967896321084
10791.2	-1.905013119632109
10792.9	-1.2696144896321084
10794.6	-1.1315325896321087
10796.3	-0.5051259896321085
10797.9	-0.6430324896321085
10799.6	-0.2732169896321085
10801.3	-0.7495349896321084
10802.9	-0.6086839896321086
10804.6	-1.0810449896321086
10806.3	-0.802328589632109
10807.9	-1.072207589632108
10809.6	-0.7160859896321086
10811.3	-1.1152579896321082
10812.9	-0.7789519896321087
10814.6	-1.1760389896321084
10816.3	-0.7208599896321085
10817.9	-1.1956989896321089
10819.6	-0.9608036896321085
10821.3	-1.8471119896321084
10822.9	-2.0666359896321085
10824.6	-2.8337709896321086
10826.3	-2.3030809896321083
10827.9	-2.414140189632109
10829.6	-1.6265236896321085
10831.3	-1.8182509896321082
10832.9	-1.4787699896321083
10834.6	-1.9258859896321088
10836.3	-1.7052859896321082
10837.9	-1.9573919896321086
10839.6	-1.2285779896321087
10841.3	-1.1390339896321084
10843.0	-0.5552239896321084
10844.6	-0.8078959896321086
10846.3	-0.4506521896321086
10848.0	-0.9525578896321083
10849.6	-0.6140401896321087
10851.3	-0.8136149896321087
10853.0	-0.32092068963210874
10854.6	-0.7236489896321084
10856.3	-0.9073729896321083
10858.0	-1.8796299896321085
10859.6	-1.9983619896321083
10861.3	-2.514530989632109
10863.0	-1.8982562896321085
10864.6	-2.0039979896321087
10866.3	-1.4114939896321086
10868.0	-1.7376749896321086
10869.6	-1.679659189632109
10871.3	-2.1825029896321086
10873.0	-1.8416104896321084
10874.6	-2.2000323896321086
10876.3	-1.5845059896321088
10878.0	-1.7843749896321086
10879.6	-1.1531218196321082
10881.3	-1.3705429896321086
10883.0	-0.9724539896321087
10884.6	-1.3741309896321088
10886.3	-1.0761626896321086
10888.0	-1.6612193896321088
10889.7	-1.2876183896321087
10891.3	-1.6736053896321086
10893.0	-1.3054650896321087
10894.7	-1.9146469896321086
10896.3	-1.931248889632109
10898.0	-2.6291569896321088
10899.7	-2.383854989632108
10901.3	-2.5083059896321087
10903.0	-1.4840919896321085
10904.7	-1.2397819896321085
10906.3	-0.46248328963210844
10908.0	-0.9200192896321084
10909.7	-0.7379679896321084
10911.3	-1.332983989632108
10913.0	-1.0053599296321087
10914.7	-0.9655554896321086
10916.3	-0.19323798963210867
10918.0	-0.19276298963210853
10919.7	0.28340501036789134
10921.3	-0.15926378963210847
10923.0	0.11986911036789147
10924.7	-0.6521119896321085
10926.3	-0.8147239896321086
10928.0	-1.4834229896321087
10929.7	-1.6195763896321083
10931.3	-2.1483537896321083
10933.0	-1.6791739896321083
10934.7	-2.014788989632109
10936.4	-1.4837799896321084
10938.0	-2.028889989632108
10939.7	-2.0792439896321087
10941.4	-2.5350134896321084
10943.0	-2.225917789632109
10944.7	-2.2187778396321085
10946.4	-1.0255491596321085
10948.0	-0.8315848896321085
10949.7	-0.29911798963210856
10951.4	-0.5979339896321085
10953.0	-0.6343509896321086
10954.7	-1.1185709896321085
10956.4	-0.9104359896321086
10958.0	-1.2084689896321086
10959.7	-0.5906764896321088
10961.4	-0.6425107196321086
10963.0	-0.16544498963210855
10964.7	-0.4753498896321086
10966.4	-0.27660318963210856
10968.0	-0.8162033896321084
10969.7	-0.7604551996321083
10971.4	-1.4383919896321087
10973.0	-1.1115109896321085
10974.7	-1.3370429896321085
10976.4	-0.6037119896321085
10978.1	-0.8416489896321085
10979.7	-0.27909278963210865
10981.4	-0.4697089896321085
10983.1	-0.0014459896321086462
10984.7	-0.3633379896321086
10986.4	-0.003914489632108631
10988.1	-0.07446828963210869
10989.7	0.6031171103678914
10991.4	0.3724320103678914
10993.1	0.8334085103678917
10994.7	0.32149331036789147
10996.4	0.37446667036789166
10998.1	-0.43681878963210863
10999.7	-0.46448948963210873
11001.4	-0.8391344896321085
11003.1	-0.3181319896321087
11004.7	-0.42223898963210854
11006.4	0.11947601036789138
11008.1	-0.26567298963210845
11009.7	-0.057441189632108425
11011.4	-0.7208089896321087
11013.1	-0.5146859896321083
11014.7	-0.8423089896321088
11016.4	-0.3701776896321086
11018.1	-0.7614539896321085
11019.7	-0.46956798963210866
11021.4	-0.8259406896321086
11023.1	-0.5540539896321086
11024.8	-0.8324335896321087
11026.4	-0.5498526896321085
11028.1	-1.0923809896321086
11029.8	-0.9452242896321085
11031.4	-1.5204593896321086
11033.1	-1.1037908896321087
11034.8	-1.3419269896321087
11036.4	-0.8755649896321087
11038.1	-1.3797459896321085
11039.8	-1.1738449896321084
11041.4	-1.7885668896321085
11043.1	-1.7245660896321091
11044.8	-2.125812789632108
11046.4	-1.5958708896321085
11048.1	-1.8234305896321086
11049.8	-0.9084389896321085
11051.4	-0.9815754896321085
11053.1	-0.39346398963210855
11054.8	-0.8373079896321087
11056.4	-0.8936119896321086
11058.1	-1.5499319896321087
11059.8	-1.5164729896321085
11061.4	-1.9431771896321084
11063.1	-1.5158159896321086
11064.8	-1.6393769896321086
11066.4	-1.0334088896321088
11068.1	-1.1859937896321084
11069.8	-0.7996053896321086
11071.5	-1.1427440896321086
11073.1	-0.9603949896321087
11074.8	-1.4143659896321086
11076.5	-1.2209339896321083
11078.1	-1.4241669896321085
11079.8	-1.128922989632109
11081.5	-1.6615009896321085
11083.1	-1.9078329896321087
11084.8	-2.698397989632108
11086.5	-2.6069639896321086
11088.1	-2.6923839896321082
11089.8	-2.0137389896321083
11091.5	-1.792858989632108
11093.1	-0.9174801896321085
11094.8	-0.8402516896321087
11096.5	-0.5803973896321086
11098.1	-1.0423074896321087
11099.8	-0.9852808916321086
11101.5	-1.4198202896321084
11103.1	-1.2381061896321086
11104.8	-1.7427815896321088
11106.5	-1.3369877896321083
11108.1	-1.649400089632109
11109.8	-1.2803776896321089
11111.5	-1.5536999896321086
11113.1	-1.1728469896321088
11114.8	-1.1180589896321087
11116.5	-0.5361689896321086
11118.2	-0.5559799896321087
11119.8	0.14700951036789123
11121.5	-0.08174228963210872
11123.2	-0.09246288963210851
11124.8	-0.8367977896321085
11126.5	-1.3467749896321086
11128.2	-2.020281189632109
11129.8	-2.266091989632108
11131.5	-2.754565989632109
11133.2	-2.229782989632109
11134.8	-2.395271989632109
11136.5	-1.8438649896321084
11138.2	-1.8551914896321082
11139.8	-1.5102813896321081
11141.5	-1.5104941896321091
11143.2	-1.1304805896321084
11144.8	-1.4935022896321084
11146.5	-0.8826289896321086
11148.2	-1.1939259896321084
11149.8	-0.8613139896321087
11151.5	-1.2445419896321086
11153.2	-1.0096260896321083
11154.8	-1.6174669996321085
11156.5	-1.5978510896321085
11158.2	-2.3117413896321084
11159.9	-2.035752189632109
11161.5	-2.3162520896321084
11163.2	-1.7364801896321087
11164.9	-1.7373698896321084
11166.5	-0.9593223896321087
11168.2	-1.3565893896321082
11169.9	-1.1168819896321085
11171.5	-1.6338896896321085
11173.2	-1.3846128896321084
11174.9	-1.7869259896321086
11176.5	-1.6158105896321087
11178.2	-1.9025699896321087
11179.9	-1.2665782896321087
11181.5	-1.1207709896321087
11183.2	-0.2125739896321086
11184.9	-0.2647927896321086
11186.5	0.23487501036789146
11188.2	-0.46457898963210853
11189.9	-0.46892598963210874
11191.5	-1.0513469896321088
11193.2	-0.9541089896321087
11194.9	-1.143845989632108
11196.5	-0.4535356896321086
11198.2	-0.6547149896321083
11199.9	-0.1113429896321085
11201.5	-0.5229439896321086
11203.2	-0.043050989632108586
11204.9	-0.34724898963210854
11206.6	0.14579661036789143
11208.2	-0.02944728963210865
11209.9	0.2694607103678914
11211.6	-0.2883382896321084
11213.2	-0.6729979896321087
11214.9	-1.5859749896321085
11216.6	-1.6917859896321086
11218.2	-2.1581379896321087
11219.9	-1.6295399896321086
11221.6	-1.5177961896321086
11223.2	-0.8805867896321086
11224.9	-0.8194841896321083
11226.6	-0.3183441896321086
11228.2	-0.4213439896321087
11229.9	-0.2644539896321086
11231.6	-1.0016596896321082
11233.2	-1.1941719896321086
11234.9	-1.8575159896321085
11236.6	-1.9285959896321085
11238.2	-2.466703989632108
11239.9	-2.1907729896321086
11241.6	-2.623038989632108
11243.2	-2.1654579896321087
11244.9	-2.357735489632108
11246.6	-1.7770629896321082
11248.2	-1.6133699896321088
11249.9	-0.9887089896321083
11251.6	-1.225383989632109
11253.3	-0.9421523896321087
11254.9	-1.459992689632109
11256.6	-1.097510689632109
11258.3	-1.1740952596321086
11259.9	-0.5860573896321085
11261.6	-0.6564362896321085
11263.3	-0.16939168963210852
11264.9	-0.4159518796321084
11266.6	-0.2876950896321085
11268.3	-0.5495029896321085
11269.9	-0.46479398963210866
11271.6	-1.1025129896321084
11273.3	-0.9494430896321082
11274.9	-1.6342209896321087
11276.6	-1.5630479896321088
11278.3	-1.8314419896321088
11279.9	-1.5644013896321085
11281.6	-1.8158851896321084
11283.3	-1.481519089632109
11284.9	-1.8910345096321095
11286.6	-1.3443617796321088
11288.3	-1.5356583896321083
11289.9	-1.0446693896321084
11291.6	-1.0701879896321087
11293.3	-0.5036769896321085
11294.9	-0.7676009896321088
11296.6	-0.4025259896321086
11298.3	-0.9041829896321086
11300.0	-0.9741649896321085
11301.6	-1.9763949896321082
11303.3	-2.1666889896321084
11305.0	-3.0852549896321086
11306.6	-3.1463439896321086
11308.3	-3.644744989632108
11310.0	-3.3565169896321088
11311.6	-3.597545989632109
11313.3	-3.3020739896321083
11315.0	-4.074727989632108
11316.6	-3.9855499896321085
11318.3	-4.953900989632108
11320.0	-4.801550989632108
11321.6	-4.721185989632108
11323.3	-3.5977859896321087
11325.0	-2.929630989632108
11326.6	-1.4763559896321083
11328.3	-0.9271586896321086
11330.0	-0.01945398963210867
11331.6	-0.2367389896321086
11333.3	0.057872110367891375
11335.0	-0.4980044896321084
11336.6	-0.37886988963210866
11338.3	-1.1507214896321085
11340.0	-1.0327249896321085
11341.7	-1.2450199896321084
11343.3	-0.8696409896321082
11345.0	-1.1978719896321086
11346.7	-0.9197403896321085
11348.3	-1.7654729896321086
11350.0	-1.8225339896321084
11351.7	-2.5453239896321085
11353.3	-2.123033989632108
11355.0	-1.8658759896321082
11356.7	-0.9503287896321085
11358.3	-1.0811849896321086
11360.0	-0.7555619896321086
11361.7	-1.5034689896321083
11363.3	-1.7525719896321086
11365.0	-2.0852809896321083
11366.7	-1.4673399896321087
11368.3	-1.5832449896321084
11370.0	-1.1222189896321086
11371.7	-1.5735348896321086
11373.3	-1.5641204196321083
11375.0	-2.023758859632109
11376.7	-2.0327714896321085
11378.3	-2.2396144896321086
11380.0	-1.6606363896321086
11381.7	-1.901278989632108
11383.3	-1.6205699896321086
11385.0	-1.9198379896321085
11386.7	-1.4492583896321085
11388.4	-1.3953639896321086
11390.0	-0.6091859896321086
11391.7	-0.31728108963210866
11393.4	0.4039430103678914
11395.0	0.22414581036789127
11396.7	0.21105940036789148
11398.4	-0.7636439896321086
11400.0	-0.9935684896321086
11401.7	-1.5372829896321085
11403.4	-1.2270519896321086
11405.0	-1.1622019896321087
11406.7	-0.2985679896321086
11408.4	-0.03903958963210859
11410.0	0.5067842103678913
11411.7	0.13480461036789135
11413.4	0.06715101036789166
11415.0	-0.7104733896321085
11416.7	-0.8232634896321086
11418.4	-1.3304868896321085
11420.0	-0.8054682896321086
11421.7	-0.7286905896321086
11423.4	-0.22651158963210882
11425.0	-0.2668659896321085
11426.7	-0.02510608963210863
11428.4	-0.6554269896321085
11430.0	-0.7641707896321085
11431.7	-1.4774859896321089
11433.4	-1.4187939896321087
11435.1	-1.8088879896321082
11436.7	-1.421727989632109
11438.4	-1.5387719896321084
11440.1	-1.1165060596321084
11441.7	-1.4132329296321087
11443.4	-1.2489697296321085
11445.1	-1.8128573896321085
11446.7	-1.917400989632109
11448.4	-2.7238539896321083
11450.1	-2.645469989632109
11451.7	-3.202735989632109
11453.4	-2.9261249896321084
11455.1	-3.3426899896321083
11456.7	-2.7942719896321084
11458.4	-3.0084869896321087
11460.1	-2.4952885896321084
11461.7	-2.3005036896321083
11463.4	-1.3994832896321088
11465.1	-1.4192089896321085
11466.7	-0.5019955896321087
11468.4	-0.7382759896321085
11470.1	-0.3593086896321086
11471.7	-1.0498117896321089
11473.4	-1.3381989896321085
11475.1	-2.207027689632109
11476.7	-2.2451025896321086
11478.4	-2.6686331896321085
11480.1	-1.8562801896321086
11481.8	-1.735862519632109
11483.4	-1.4191049896321086
11485.1	-2.1201789896321084
11486.8	-2.3949949896321088
11488.4	-3.3907319896321084
11490.1	-3.416885989632109
11491.8	-3.6556379896321083
11493.4	-2.9353009896321085
11495.1	-3.0985799896321082
11496.8	-2.605401989632109
11498.4	-2.8235539896321082
11500.1	-2.3882689896321083
11501.8	-2.624284989632109
11503.4	-2.0708219896321083
11505.1	-2.304320289632108
11506.8	-1.6031189896321085
11508.4	-1.7824339896321084
11510.1	-1.1954192896321083
11511.8	-1.2361139896321087
11513.4	-0.8125859896321085
11515.1	-1.1917188896321083
11516.8	-1.0150942896321085
11518.4	-1.7073039896321085
11520.1	-1.5869545896321084
11521.8	-1.6943120896321084
11523.5	-1.1701166896321085
11525.1	-1.1979495896321088
11526.8	-0.7302739896321084
11528.5	-1.1261279896321086
11530.1	-1.0756739896321086
11531.8	-1.6370339896321089
11533.5	-1.5401741896321088
11535.1	-1.6244889896321084
11536.8	-1.1504913896321087
11538.5	-1.2298779896321086
11540.1	-0.9863819896321088
11541.8	-1.4680307896321083
11543.5	-1.4726098096321087
11545.1	-2.0709606896321087
11546.8	-2.1876319896321084
11548.5	-2.667781989632109
11550.1	-2.6047809896321086
11551.8	-2.81602898963211
11553.5	-2.160559989632109
11555.1	-2.0973447896321087
11556.8	-1.4629779896321087
11558.5	-1.6377589896321088
11560.1	-1.5543539896321086
11561.8	-2.1852527896321083
11563.5	-2.0474139896321084
11565.1	-2.5450329896321082
11566.8	-2.007181989632109
11568.5	-2.125551089632109
11570.2	-1.3748786896321086
11571.8	-1.1005389896321085
11573.5	-0.4217526896321083
11575.2	-0.6413187496321087
11576.8	-0.3794530896321088
11578.5	-1.0344192096321085
11580.2	-0.9648142896321085
11581.8	-1.7098543896321086
11583.5	-1.7917889896321089
11585.2	-2.1445669896321085
11586.8	-2.0023329896321087
11588.5	-2.2619841896321082
11590.2	-1.8618702896321082
11591.8	-2.3656112896321084
11593.5	-2.1712963896321087
11595.2	-2.6833879896321085
11596.8	-2.520405989632109
11598.5	-2.759971989632109
11600.2	-1.9727239896321085
11601.8	-1.7930899896321086
11603.5	-1.2514209896321087
11605.2	-1.7854729896321087
11606.8	-1.6558919896321087
11608.5	-2.2448399896321085
11610.2	-2.181520989632109
11611.8	-2.7673511896321084
11613.5	-2.2164096696321085
11615.2	-2.0035158896321086
11616.9	-1.2048019896321083
11618.5	-1.3434544896321083
11620.2	-1.1730585896321086
11621.9	-1.7926239896321081
11623.5	-1.9050104896321087
11625.2	-2.2785952896321087
11626.9	-1.3941364896321087
11628.5	-1.0296469896321088
11630.2	-0.2318567896321085
11631.9	-0.4272054896321086
11633.5	-0.4481746896321085
11635.2	-1.3745299896321086
11636.9	-1.5420221896321082
11638.5	-2.1736204896321087
11640.2	-1.7901111996321089
11641.9	-1.7382444896321083
11643.5	-0.9084433996321086
11645.2	-0.8836316896321085
11646.9	-0.34539628963210867
11648.5	-1.2913941896321086
11650.2	-1.6803489896321087
11651.9	-2.6100124896321084
11653.5	-2.2810916896321087
11655.2	-2.077616589632109
11656.9	-0.7906943896321087
11658.5	-0.6121264896321084
11660.2	-0.2040484896321086
11661.9	-1.1206411896321087
11663.6	-1.5255953896321082
11665.2	-2.5476899896321084
11666.9	-2.4208399896321082
11668.6	-2.717518989632109
11670.2	-2.0495509896321087
11671.9	-1.7415669896321084
11673.6	-0.8525263896321087
11675.2	-0.7035394896321086
11676.9	-0.12035648963210858
11678.6	-0.40624286963210865
11680.2	-0.2918440896321085
11681.9	-0.9502739896321083
11683.6	-0.9180759896321085
11685.2	-1.3816749896321086
11686.9	-0.9130039896321087
11688.6	-1.1546379896321088
11690.2	-0.8292934836321088
11691.9	-1.0090881896321087
11693.6	-0.8958069896321087
11695.2	-1.6563799896321085
11696.9	-1.6400105896321087
11698.6	-2.109378989632109
11700.2	-1.4281759896321085
11701.9	-1.4459759896321085
11703.6	-0.6422812896321085
11705.3	-0.6198429896321086
11706.9	-0.15753238963210872
11708.6	-0.6253249896321085
11710.3	-0.39099928963210867
11711.9	-0.7730689896321085
11713.6	-0.15311798963210865
11715.3	-0.42953798963210865
11716.9	0.25345891036789137
11718.6	-0.18224813963210867
11720.3	0.07122401036789139
11721.9	-0.6931389796321087
11723.6	-0.8419345896321087
11725.3	-1.5228699896321087
11726.9	-1.1964945896321086
11728.6	-1.6239639896321088
11730.3	-1.2050549896321086
11731.9	-1.6689509896321089
11733.6	-1.1930422896321087
11735.3	-1.1436119896321084
11736.9	-0.5865899896321085
11738.6	-0.5580939896321087
11740.3	0.11597901036789145
11741.9	-0.15168788963210877
11743.6	0.3471770103678915
11745.3	-0.04510508963210844
11746.9	0.3106982103678916
11748.6	0.14393511036789147
11750.3	0.41433671036789166
11752.0	-0.1793459896321085
11753.6	-0.059991289632108466
11755.3	-0.9253937896321087
11757.0	-1.1475315896321086
11758.6	-2.1707489896321084
11760.3	-2.4479759896321087
11762.0	-2.8766309896321087
11763.6	-2.441474989632108
11765.3	-2.7396649896321086
11767.0	-2.1215774896321085
11768.6	-2.064544989632109
11770.3	-1.5277028896321085
11772.0	-1.5838479896321085
11773.6	-1.0928936896321086
11775.3	-1.0808389896321084
11777.0	-0.4377409896321085
11778.6	-0.8702119896321083
11780.3	-0.5631330896321086
11782.0	-0.8587831896321088
11783.6	-0.9046130896321088
11785.3	-1.5200083896321088
11787.0	-1.3130789896321085
11788.6	-1.7642389896321085
11790.3	-1.6095379896321087
11792.0	-2.3815579896321086
11793.6	-2.6776249596321082
11795.3	-3.2007286896321085
11797.0	-2.8730979896321083
11798.7	-2.753824989632109
11800.3	-1.4861199896321087
11802.0	-0.9081875896321087
11803.7	-0.4113749896321086
11805.3	-0.8403484896321085
11807.0	-1.0703919896321086
11808.7	-1.8536230896321082
11810.3	-1.7731609896321086
11812.0	-2.0656009896321086
11813.7	-1.5052829896321085
11815.3	-1.5822329896321086
11817.0	-1.2213652896321088
11818.7	-1.5004420296321082
11820.3	-1.2388979896321088
11822.0	-1.6398555896321088
11823.7	-1.501035989632109
11825.3	-1.9517889896321088
11827.0	-1.6278131896321084
11828.7	-2.3517129896321083
11830.3	-2.202078989632109
11832.0	-2.6216499896321084
11833.7	-2.0713579896321086
11835.3	-1.835857989632109
11837.0	-1.1797319896321086
11838.7	-1.2512579896321083
11840.3	-1.0999525996321085
11842.0	-2.012651589632109
11843.7	-2.168136989632108
11845.4	-2.9663418896321088
11847.0	-2.4986579896321093
11848.7	-2.526872989632108
11850.4	-2.0783089896321085
11852.0	-2.1448999896321084
11853.7	-1.7587209896321088
11855.4	-1.8541219896321088
11857.0	-1.2467939896321085
11858.7	-1.5210718896321085
11860.4	-0.9565794896321085
11862.0	-1.2024543896321085
11863.7	-1.0345836896321083
11865.4	-1.6785463896321087
11867.0	-1.5323793896321085
11868.7	-2.097179889632109
11870.4	-1.9671605896321087
11872.0	-2.3875739896321084
11873.7	-1.9579929896321082
11875.4	-1.8051059896321084
11877.0	-0.9979949896321084
11878.7	-0.7642463896321084
11880.4	0.11699651036789138
11882.0	0.13882981036789138
11883.7	0.4187277103678914
11885.4	-0.36378848963210847
11887.1	-0.26616738963210873
11888.7	-0.5815098896321083
11890.4	-0.47450058963210895
11892.1	-0.8097539896321084
11893.7	-0.5160789896321089
11895.4	-0.9744059896321083
11897.1	-0.5702929896321086
11898.7	-1.2651335896321085
11900.4	-1.2696365896321085
11902.1	-1.9103259896321085
11903.7	-2.1894479896321086
11905.4	-2.8322559896321087
11907.1	-2.0138859896321084
11908.7	-1.6314969896321088
11910.4	-0.24220538963210858
11912.1	0.05523301036789161
11913.7	0.5374852103678915
11915.4	-0.014791289632108651
11917.1	-0.08545848963210863
11918.7	-0.8502619896321086
11920.4	-0.8273042896321086
11922.1	-0.8636099896321087
11923.7	-0.14947308963210865
11925.4	-0.2324154896321086
11927.1	0.6470460103678912
11928.7	0.5095942603678913
11930.4	0.7343786103678914
11932.1	-0.02955068963210854
11933.8	-0.4859019896321087
11935.4	-1.1327249896321088
11937.1	-1.1040489896321086
11938.8	-1.8895046896321088
11940.4	-1.5705509896321082
11942.1	-1.8054029896321087
11943.8	-1.1596759896321085
11945.4	-1.1969229896321087
11947.1	-0.5496729896321088
11948.8	-0.5999478896321085
11950.4	-0.5965069896321084
11952.1	-1.2818281896321082
11953.8	-1.2421151896321083
11955.4	-1.7434309896321083
11957.1	-1.3620179896321085
11958.8	-1.6813429896321082
11960.4	-1.4228519896321086
11962.1	-1.7156757896321086
11963.8	-1.3596006896321087
11965.4	-1.398179989632109
11967.1	-0.9882089896321086
11968.8	-1.3945959896321087
11970.4	-1.0704390896321088
11972.1	-1.1633689896321084
11973.8	-0.5680969896321086
11975.4	-0.685547989632109
11977.1	-0.4321245596321086
11978.8	-0.8683431896321085
11980.5	-0.9424266896321084
11982.1	-1.7206002896321082
11983.8	-1.5613582896321088
11985.5	-1.9165614896321088
11987.1	-1.7415355896321085
11988.8	-2.2516269896321086
11990.5	-2.2300329896321083
11992.1	-2.4888329896321086
11993.8	-2.2562231896321086
11995.5	-2.6431621896321085
11997.1	-2.4651099896321087
11998.8	-3.1056639896321085
12000.5	-2.8111826896321084
12002.1	-2.9116071896321087
12003.8	-2.2828581896321083
12005.5	-2.152975189632109
12007.1	-1.8211339896321082
12008.8	-2.0527005896321087
12010.5	-1.6467804896321083
12012.1	-1.9825916896321085
12013.8	-1.7131280896321086
12015.5	-1.9211647896321087
12017.1	-1.7033323896321086
12018.8	-2.0207363896321087
12020.5	-2.0712540896321086
12022.1	-2.500678989632109
12023.8	-2.247285289632109
12025.5	-2.4199098896321085
12027.2	-1.9831108896321084
12028.8	-1.8657779896321085
12030.5	-1.2929539896321085
12032.2	-1.3729219896321088
12033.8	-1.1318979996321086
12035.5	-1.8761039896321088
12037.2	-1.8249469896321089
12038.8	-2.625936989632108
12040.5	-2.524148989632108
12042.2	-3.0795919696321077
12043.8	-2.793415289632109
12045.5	-3.076769389632109
12047.2	-2.2182489896321083
12048.8	-2.0581519896321088
12050.5	-1.2078196896321087
12052.2	-1.4656867896321084
12053.8	-1.0656429896321082
12055.5	-1.5447419896321088
12057.2	-1.1214659896321084
12058.8	-1.1291256896321085
12060.5	-0.23290268963210864
12062.2	-0.17357318963210858
12063.8	0.1347287103678913
12065.5	-0.6616699896321085
12067.2	-1.0011929896321088
12068.9	-2.1315489896321087
12070.5	-2.2779309896321083
12072.2	-2.6190659896321082
12073.9	-1.9661209896321086
12075.5	-1.7297009896321085
12077.2	-0.8523214896321086
12078.9	-0.8561439896321087
12080.5	-0.23886768963210847
12082.2	-0.5160445896321086
12083.9	-0.31819648963210845
12085.5	-0.5246253896321087
12087.2	-0.4562360896321088
12088.9	-0.9247417696321086
12090.5	-1.0638041896321089
12092.2	-2.0628939896321086
12093.9	-2.2736540896321085
12095.5	-2.8494573896321085
12097.2	-2.839803489632108
12098.9	-3.0626049896321086
12100.5	-2.340844989632109
12102.2	-2.0704599896321083
12103.9	-1.3046637896321087
12105.5	-1.4676595896321085
12107.2	-1.0617829896321085
12108.9	-1.4449519896321088
12110.5	-1.1855079896321086
12112.2	-1.5232109896321087
12113.9	-0.9370169896321083
12115.6	-1.0303703896321086
12117.2	-0.6273278896321086
12118.9	-1.4331198896321085
12120.6	-1.8659909896321085
12122.2	-2.815507989632109
12123.9	-3.1194229896321084
12125.6	-3.5125189896321083
12127.2	-2.8907049896321086
12128.9	-2.952608989632109
12130.6	-2.2429498896321083
12132.2	-2.4445909896321085
12133.9	-2.2929754896321084
12135.6	-2.535237989632109
12137.2	-2.0972063896321087
12138.9	-2.4461319896321085
12140.6	-1.6964539896321085
12142.2	-2.1451931896321086
12143.9	-1.6838889896321085
12145.6	-2.1069329896321083
12147.2	-1.907561989632109
12148.9	-2.4511737896321093
12150.6	-2.2680233896321083
12152.2	-2.9705445896321088
12153.9	-2.5918872896321092
12155.6	-2.851763389632109
12157.2	-2.3893909896321084
12158.9	-2.3790039896321082
12160.6	-1.9232019896321084
12162.3	-2.4724659896321084
12163.9	-2.626713989632109
12165.6	-3.2841359896321087
12167.3	-2.945820989632108
12168.9	-2.649243989632109
12170.6	-1.6484875896321085
12172.3	-1.0898689896321085
12173.9	-0.03982098963210856
12175.6	-0.08001398963210835
12177.3	0.05144901036789149
12178.9	-0.7016309896321086
12180.6	-0.7643509896321085
12182.3	-1.4502219896321085
12183.9	-1.4940322896321088
12185.6	-1.8840326896321087
12187.3	-1.4447409896321086
12188.9	-1.4812719896321083
12190.6	-0.9752159896321085
12192.3	-1.1792259896321082
12193.9	-0.6969279996321085
12195.6	-0.7808729896321085
12197.3	-0.2211749896321086
12198.9	-0.3881805896321087
12200.6	-0.22570838963210843
12202.3	-0.7122064896321085
12203.9	-0.7032309896321087
12205.6	-1.1325231896321086
12207.3	-0.8874897896321083
12209.0	-1.0437589846321087
12210.6	-0.39781798963210857
12212.3	-0.5936240896321083
12214.0	-0.6352824896321086
12215.6	-1.4105145896321087
12217.3	-1.8953772896321088
12219.0	-3.017292589632109
12220.6	-3.4402969896321083
12222.3	-3.9852916896321084
12224.0	-3.521924989632109
12225.6	-3.3582676396321083
12227.3	-2.5927069896321084
12229.0	-2.6103979896321077
12230.6	-2.0302809896321086
12232.3	-2.3243309896321085
12234.0	-1.992293989632109
12235.6	-2.0156889896321086
12237.3	-1.5221439896321087
12239.0	-1.5091494896321085
12240.6	-1.0026169896321087
12242.3	-1.1250729896321086
12244.0	-0.6841439896321087
12245.6	-0.8144569896321083
12247.3	-0.5142679896321086
12249.0	-1.0630112896321087
12250.7	-1.4972731896321083
12252.3	-2.490879889632109
12254.0	-3.045300989632109
12255.7	-3.7543244896321086
12257.3	-3.717957989632108
12259.0	-4.075466989632108
12260.7	-3.5899544896321083
12262.3	-3.5554735896321086
12264.0	-2.860712989632109
12265.7	-2.3937950896321096
12267.3	-1.4642905896321086
12269.0	-1.3914487896321086
12270.7	-0.8931509596321086
12272.3	-1.7378519896321083
12274.0	-1.6069099896321084
12275.7	-2.0572409896321084
12277.3	-1.4007509896321086
12279.0	-0.9287479896321086
12280.7	0.2723150103678913
12282.3	0.2866660103678914
12284.0	1.0417035103678913
12285.7	0.3678726103678914
12287.3	0.4584881103678914
12289.0	-0.5858933096321085
12290.7	-1.0951885096321086
12292.3	-2.128213989632108
12294.0	-2.072852989632109
12295.7	-2.5787659896321085
12297.4	-1.8848719896321087
12299.0	-1.7782179896321082
12300.7	-1.2432359896321086
12302.4	-1.4482079896321083
12304.0	-1.1839980896321087
12305.7	-1.5730359896321089
12307.4	-1.3677897896321087
12309.0	-1.8767741896321084
12310.7	-2.2128861896321084
12312.4	-2.9638669896321086
12314.0	-2.8189369896321086
12315.7	-2.858318989632109
12317.4	-1.6899699896321088
12319.0	-1.3148929896321087
12320.7	-0.8201499896321085
12322.4	-1.1904929896321086
12324.0	-1.0891184896321084
12325.7	-1.609000989632109
12327.4	-1.2348721896321089
12329.0	-1.6230176896321082
12330.7	-1.1953831896321088
12332.4	-1.721940269632109
12334.0	-1.6727846896321086
12335.7	-2.2408769896321084
12337.4	-1.8538198896321085
12339.0	-2.1433280896321087
12340.7	-1.7330739896321083
12342.4	-2.103422989632109
12344.1	-1.7826169896321082
12345.7	-2.2580139896321083
12347.4	-2.0591550896321094
12349.1	-2.5431639896321085
12350.7	-1.8390179896321086
12352.4	-1.8438190896321083
12354.1	-1.1457159896321083
12355.7	-1.478453289632108
12357.4	-1.1752597896321084
12359.1	-2.1200989896321083
12360.7	-2.0989799896321086
12362.4	-2.6803369896321083
12364.1	-2.138137089632109
12365.7	-2.2774084896321085
12367.4	-1.5448881596321091
12369.1	-1.9412719896321087
12370.7	-1.4691052896321084
12372.4	-1.6819854896321087
12374.1	-1.0496076896321087
12375.7	-1.0562499896321085
12377.4	-0.4625059896321086
12379.1	-0.6462196896321085
12380.7	-0.036151189632108414
12382.4	-0.22300078963210845
12384.1	-0.02084518963210833
12385.7	-0.7796139896321088
12387.4	-0.8161999896321085
12389.1	-1.5806305896321087
12390.8	-1.401918989632109
12392.4	-1.5592899896321089
12394.1	-0.9233559896321084
12395.8	-1.1005192896321083
12397.4	-0.6121439896321086
12399.1	-1.0648539896321085
12400.8	-0.6454469896321087
12402.4	-0.7944585896321086
12404.1	-0.17382808963210836
12405.8	-0.46258248963210835
12407.4	-0.13502538963210836
12409.1	-0.7199494896321086
12410.8	-0.5368771896321087
12412.4	-1.3353647896321088
12414.1	-1.3300690896321083
12415.8	-1.9979969896321084
12417.4	-1.8652799896321084
12419.1	-2.3473809896321094
12420.8	-1.9832949896321086
12422.4	-2.3252513896321085
12424.1	-1.7590399896321085
12425.8	-1.7840205896321084
12427.4	-1.153343789632109
12429.1	-1.0034454896321088
12430.8	-0.6015519896321082
12432.5	-0.8408369896321084
12434.1	-0.3917109896321084
12435.8	-0.5208309896321086
12437.5	-0.10718798963210854
12439.1	0.03589583036789146
12440.8	0.5149408303678913
12442.5	0.48601011036789143
12444.1	0.7266501103678916
12445.8	0.24332391036789147
12447.5	0.3633630903678916
12449.1	-0.32896828963210856
12450.8	-0.5130346896321085
12452.5	-1.2131769896321087
12454.1	-1.0464289896321086
12455.8	-1.7194020896321085
12457.5	-1.5064879896321084
12459.1	-1.9498553896321087
12460.8	-1.3476249896321086
12462.5	-1.4555971896321085
12464.1	-0.9725219896321088
12465.8	-1.3851366896321085
12467.5	-1.0608009896321087
12469.1	-2.007284989632109
12470.8	-1.8489719896321084
12472.5	-2.519379689632109
12474.1	-2.0788067896321083
12475.8	-2.4668121896321082
12477.5	-1.9732608896321087
12479.2	-2.169466789632109
12480.8	-1.8233596896321085
12482.5	-2.2654733896321084
12484.2	-1.7693859896321087
12485.8	-2.098374989632108
12487.5	-1.4562869896321087
12489.2	-1.6277779896321083
12490.8	-1.0191782896321087
12492.5	-1.4635909896321084
12494.2	-1.3818419896321086
12495.8	-2.185474089632109
12497.5	-2.246841489632108
12499.2	-2.7843473896321087
12500.8	-2.8099410896321086
12502.5	-3.3754964896321082
12504.2	-3.110195089632109
12505.8	-3.553956789632108
12507.5	-2.9974276896321084
12509.2	-3.0605499896321087
12510.8	-2.5789339896321084
12512.5	-2.639052989632109
12514.2	-2.3264559896321084
12515.8	-2.573648889632109
12517.5	-2.2664819896321085
12519.2	-2.4916987896321086
12520.8	-1.971197889632109
12522.5	-2.0074129896321082
12524.2	-1.4737930896321085
12525.9	-1.6987942896321084
12527.5	-1.6309319896321086
12529.2	-2.4290739896321085
12530.9	-2.5752459896321085
12532.5	-3.1380229896321086
12534.2	-2.5595589896321087
12535.9	-2.320207489632109
12537.5	-1.3898253896321084
12539.2	-1.2873418896321085
12540.9	-1.0073080896321085
12542.5	-1.4912872896321083
12544.2	-1.429130989632109
12545.9	-1.8843489896321084
12547.5	-1.5149329896321089
12549.2	-1.9165340896321088
12550.9	-1.6554287896321085
12552.5	-1.9019112896321082
12554.2	-1.5719054896321085
12555.9	-1.2575027896321087
12557.5	-0.08525798963210862
12559.2	0.24609101036789136
12560.9	0.8259771103678915
12562.5	0.2619659103678913
12564.2	-0.02622788963210878
12565.9	-0.7272049896321084
12567.5	-0.4820346896321087
12569.2	-0.5487621896321084
12570.9	0.1018151103678914
12572.6	-0.32028518963210856
12574.2	-0.4688639896321086
12575.9	-1.3857929896321086
12577.6	-1.5980649896321086
12579.2	-2.5405679896321085
12580.9	-2.439888989632108
12582.6	-2.484527589632108
12584.2	-1.8159619896321086
12585.9	-1.819815989632108
12587.6	-1.148010989632109
12589.2	-1.4529408096321084
12590.9	-1.2297039896321085
12592.6	-1.6745869896321082
12594.2	-1.6488799896321087
12595.9	-2.347546989632108
12597.6	-2.5250229896321086
12599.2	-3.7219362896321093
12600.9	-4.160911989632109
12602.6	-4.458490989632109
12604.2	-3.8652869896321094
12605.9	-3.0393979896321084
12607.6	-1.5498489896321086
12609.2	-1.3828449896321087
12610.9	-0.8661840896321087
12612.6	-1.4629667696321085
12614.3	-2.0110760096321085
12615.9	-2.664435089632108
12617.6	-2.965223789632108
12619.3	-3.488046989632108
12620.9	-3.2263889896321087
12622.6	-3.480074989632109
12624.3	-2.6131419896321084
12625.9	-2.0719309896321083
12627.6	-1.1711679896321086
12629.3	-1.1254169896321087
12630.9	-1.0726329896321087
12632.6	-2.033342989632109
12634.3	-2.261435989632109
12635.9	-2.8954719896321093
12637.6	-2.0922379896321086
12639.3	-1.6869099896321085
12640.9	-0.6342119896321087
12642.6	-0.35051398963210845
12644.3	0.24474501036789148
12645.9	-0.31935268963210844
12647.6	-0.5901468896321088
12649.3	-1.7672031896321088
12650.9	-2.4391936896321083
12652.6	-3.195858989632108
12654.3	-2.9719049896321086
12655.9	-2.9001116896321086
12657.6	-1.9544631896321085
12659.3	-1.8697145496321084
12661.0	-1.6538900396321086
12662.6	-2.004951689632109
12664.3	-2.3322199896321085
12666.0	-2.7919109896321084
12667.6	-2.3035569896321086
12669.3	-2.2662885896321083
12671.0	-1.4133609896321087
12672.6	-1.3922489896321086
12674.3	-0.9649102896321086
12676.0	-1.0503479896321086
12677.6	-0.7369723896321084
12679.3	-0.8467701896321087
12681.0	-0.1513642896321083
12682.6	0.02651323036789157
12684.3	0.8295454103678915
12686.0	0.6690960103678913
12687.6	0.7259839103678913
12689.3	-0.2384099896321085
12691.0	-0.7085309896321087
12692.6	-1.9150159896321086
12694.3	-2.4438026896321086
12696.0	-3.084081989632108
12697.6	-3.096395989632109
12699.3	-3.401741989632108
12701.0	-2.7714659896321088
12702.6	-2.774207789632109
12704.3	-1.6623089896321086
12706.0	-1.642178989632108
12707.7	-1.5510129896321083
12709.3	-2.1840479896321083
12711.0	-2.276124989632109
12712.7	-2.6623896896321084
12714.3	-1.7314363896321088
12716.0	-1.3284805896321086
12717.7	-0.32608698963210864
12719.3	-0.6227659896321085
12721.0	-0.9374529196321084
12722.7	-2.0533869896321075
12724.3	-2.4759559896321086
12726.0	-3.2129469896321083
12727.7	-2.9550041896321084
12729.3	-3.009524989632108
12731.0	-1.994555589632109
12732.7	-1.9235199896321085
12734.3	-1.3561869896321086
12736.0	-1.7308229896321083
12737.7	-1.5321489896321083
12739.3	-2.148372989632109
12741.0	-1.7887854896321085
12742.7	-2.0446309896321084
12744.3	-0.9852829896321085
12746.0	-0.8713569896321083
12747.7	-0.17507633963210845
12749.3	-0.781281389632109
12751.0	-1.0681898896321085
12752.7	-2.139346489632109
12754.4	-2.7519819896321085
12756.0	-3.3820449896321088
12757.7	-2.7987419896321084
12759.4	-2.5396544896321087
12761.0	-1.4642302896321087
12762.7	-1.346689089632109
12764.4	-1.3062832896321084
12766.0	-1.4805085496321089
12767.7	-1.5916606296321087
12769.4	-1.8470863896321084
12771.0	-1.5804375896321088
12772.7	-1.9687599896321082
12774.4	-1.7759489896321086
12776.0	-2.2524179896321086
12777.7	-2.3699416896321086
12779.4	-2.7648346896321083
12781.0	-2.299332489632109
12782.7	-2.3169350096321084
12784.4	-1.8435669896321087
12786.0	-1.9938269896321086
12787.7	-1.7336429896321088
12789.4	-2.0700809896321086
12791.0	-1.5634401896321086
12792.7	-1.918123989632108
12794.4	-1.2600239896321086
12796.1	-1.4008216896321082
12797.7	-1.2437040896321085
12799.4	-1.6002209896321085
12801.1	-1.6491986896321087
12802.7	-1.9523038896321085
12804.4	-1.5182131896321085
12806.1	-1.8553944896321084
12807.7	-1.5536189896321089
12809.4	-1.766228269632108
12811.1	-1.4585876796321084
12812.7	-1.491204989632109
12814.4	-1.1240006896321086
12816.1	-1.0660278696321086
12817.7	-0.5509643896321085
12819.4	-0.6965397896321084
12821.1	-0.2797959896321087
12822.7	-0.40299498963210867
12824.4	-0.47655498963210885
12826.1	-1.4473019896321084
12827.7	-2.068425989632108
12829.4	-3.2068409896321084
12831.1	-3.242715389632109
12832.7	-3.308350989632108
12834.4	-2.4607549896321084
12836.1	-1.9689464896321087
12837.7	-1.4745182876321086
12839.4	-1.7903035896321087
12841.1	-1.7299312896321086
12842.8	-2.266897289632109
12844.4	-2.416437989632109
12846.1	-2.7891339896321083
12847.8	-2.1901019896321086
12849.4	-2.210713989632109
12851.1	-1.3182687896321081
12852.8	-1.3553364896321087
12854.4	-0.9637939896321086
12856.1	-1.3896429896321085
12857.8	-1.9007947896321085
12859.4	-3.038713889632109
12861.1	-3.1877359896321087
12862.8	-4.063198989632109
12864.4	-3.6971199896321076
12866.1	-4.102709989632109
12867.8	-3.629976989632108
12869.4	-3.7270509896321093
12871.1	-3.1866499896321083
12872.8	-3.2431269896321084
12874.4	-2.5021919896321085
12876.1	-2.470440089632108
12877.8	-1.8908704896321082
12879.4	-2.0396059896321086
12881.1	-1.5250149896321081
12882.8	-1.6365729896321088
12884.4	-1.0022567896321086
12886.1	-1.0017088896321087
12887.8	-0.44023348963210845
12889.5	-0.6507839896321084
12891.1	-0.39376108963210843
12892.8	-0.9480591896321087
12894.5	-0.7878291896321086
12896.1	-1.1337889896321085
12897.8	-0.7246079896321087
12899.5	-0.9036079896321088
12901.1	-0.7618099896321086
12902.8	-1.5401469896321083
12904.5	-1.8259089896321086
12906.1	-2.718752989632109
12907.8	-2.267668989632108
12909.5	-2.0712019896321086
12911.1	-0.7468966896321086
12912.8	-0.13482298963210876
12914.5	0.8213480103678915
12916.1	0.27469701036789146
12917.8	-0.03359098963210849
12919.5	-1.5416009896321086
12921.1	-2.1003129896321084
12922.8	-3.117492989632108
12924.5	-2.808432989632109
12926.1	-2.813169989632109
12927.8	-1.6101200896321086
12929.5	-1.050727589632109
12931.1	-0.08492498963210862
12932.8	-0.07017018963210866
12934.5	0.028968010367891317
12936.2	-1.1306879896321087
12937.8	-1.394566989632109
12939.5	-2.4467047896321086
12941.2	-2.1921862396321083
12942.8	-2.165275189632109
12944.5	-1.4721117896321083
12946.2	-1.3736258896321085
12947.8	-0.8968559896321086
12949.5	-1.5798599896321084
12951.2	-1.2480629896321083
12952.8	-2.1478479896321088
12954.5	-2.2291899996321085
12956.2	-2.690353089632109
12957.8	-2.4106402896321084
12959.5	-2.695396589632108
12961.2	-2.1483687696321088
12962.8	-2.160657569632108
12964.5	-1.3221226896321085
12966.2	-1.1889262896321087
12967.8	-0.8850729896321086
12969.5	-1.3742799896321087
12971.2	-1.4831042896321085
12972.8	-2.2973939896321083
12974.5	-2.356075989632109
12976.2	-2.7786559896321092
12977.9	-2.1734679896321083
12979.5	-2.413380989632109
12981.2	-2.074300989632108
12982.9	-2.5346879896321086
12984.5	-2.4897579896321087
12986.2	-2.9096239896321086
12987.9	-2.728626989632109
12989.5	-2.9666659896321086
12991.2	-2.0977359896321084
12992.9	-2.0764199896321087
12994.5	-1.4129398896321086
12996.2	-1.7038654896321088
12997.9	-1.573423989632109
12999.5	-1.7422549896321091
13001.2	-1.4191360896321086
13002.9	-1.4064123896321084
13004.5	-0.8960589896321085
13006.2	-1.3337397896321086
13007.9	-1.2620419896321085
13009.5	-1.8409149896321086
13011.2	-1.6845216896321091
13012.9	-1.9552693896321085
13014.5	-1.3009111896321088
13016.2	-0.8512592896321085
13017.9	0.23788834036789144
13019.5	0.5987195103678913
13021.2	1.3591510103678914
13022.9	1.0115660103678914
13024.6	0.8434420103678913
13026.2	-0.33733798963210865
13027.9	-0.48521558963210876
13029.6	-0.8480002896321084
13031.2	-0.5022107896321089
13032.9	-0.7539563896321086
13034.6	-0.5476500896321086
13036.2	-1.1661572896321089
13037.9	-1.3761325896321086
13039.6	-2.201321579632109
13041.2	-1.998955989632109
13042.9	-2.610674289632109
13044.6	-2.7202529896321086
13046.2	-3.3798489896321087
13047.9	-2.992691989632108
13049.6	-3.0275689896321083
13051.2	-2.1908659896321083
13052.9	-2.3324269896321086
13054.6	-1.709606289632109
13056.2	-2.204925689632109
13057.9	-1.8800867896321083
13059.6	-2.0008019096321084
13061.2	-0.9882989896321087
13062.9	-0.7198253896321083
13064.6	-0.20280248963210865
13066.2	-0.8354385896321087
13067.9	-0.8925369896321085
13069.6	-1.5266419896321086
13071.3	-1.6536109896321087
13072.9	-2.0516609896321087
13074.6	-1.7139449896321082
13076.3	-1.7946289896321084
13077.9	-1.5037529896321085
13079.6	-1.8972429896321088
13081.3	-1.3788819896321083
13082.9	-1.8089409896321083
13084.6	-1.9546609896321083
13086.3	-2.7946189896321085
13087.9	-2.815265989632109
13089.6	-3.143453989632109
13091.3	-2.3263249896321088
13092.9	-2.2430089896321084
13094.6	-0.7889532996321087
13096.3	-0.4625749896321086
13097.9	0.008031010367891288
13099.6	-0.5681886896321086
13101.3	-0.9563391896321087
13102.9	-2.0997183896321086
13104.6	-2.244498989632109
13106.3	-3.0131509896321096
13107.9	-2.793202989632108
13109.6	-2.873400989632109
13111.3	-2.3295723896321094
13112.9	-2.5483064896321084
13114.6	-2.084520989632108
13116.3	-2.122009989632108
13118.0	-1.4633229896321087
13119.6	-1.1282469896321086
13121.3	-0.3861385896321085
13123.0	-0.5110839896321083
13124.6	-0.07019588963210859
13126.3	-0.6883059896321085
13128.0	-0.8003351896321087
13129.6	-1.5391989896321083
13131.3	-1.8624269896321088
13133.0	-2.672266989632108
13134.6	-2.7835049896321093
13136.3	-3.4853039896321087
13138.0	-3.2741815896321085
13139.6	-3.227914989632108
13141.3	-2.4592419896321087
13143.0	-2.1861309896321077
13144.6	-1.5548374996321086
13146.3	-1.5849414896321081
13148.0	-0.8883558896321088
13149.6	-0.9805174896321084
13151.3	-0.8283232896321087
13153.0	-1.0978439896321084
13154.6	-1.2470908896321087
13156.3	-2.009978989632108
13158.0	-2.3317209896321085
13159.7	-3.0608159896321085
13161.3	-2.9565882896321085
13163.0	-2.949342159632109
13164.7	-2.1940529896321084
13166.3	-1.8738534396321085
13168.0	-1.3350244096321084
13169.7	-2.015804589632109
13171.3	-2.536471989632109
13173.0	-3.5066679896321085
13174.7	-3.211822989632109
13176.3	-3.073797989632109
13178.0	-1.9856896896321086
13179.7	-1.6990159896321089
13181.3	-1.1072489896321083
13183.0	-1.4716579896321087
13184.7	-1.1242959896321083
13186.3	-1.4490608896321084
13188.0	-0.5957268896321086
13189.7	-0.5024264896321083
13191.3	0.03497601036789151
13193.0	-0.6911479896321084
13194.7	-1.1053949896321087
13196.3	-1.951932789632108
13198.0	-2.0948386896321085
13199.7	-2.541593489632108
13201.3	-2.1890969896321084
13203.0	-2.2179850896321085
13204.7	-1.669283589632109
13206.4	-1.8715194896321083
13208.0	-1.8894313896321087
13209.7	-2.4380157896321086
13211.4	-2.530125989632108
13213.0	-3.3633709896321085
13214.7	-3.580607989632108
13216.4	-3.897428189632109
13218.0	-3.2831149896321086
13219.7	-2.7969039896321086
13221.4	-1.7374719896321085
13223.0	-1.6352579896321084
13224.7	-1.0891069896321084
13226.4	-1.5120399896321086
13228.0	-1.4516189896321088
13229.7	-2.0330559896321083
13231.4	-1.6576228896321088
13233.0	-1.9237634896321083
13234.7	-1.3363191896321087
13236.4	-1.3436965626321085
13238.0	-0.9716931336321085
13239.7	-1.3863949896321084
13241.4	-1.3892749896321086
13243.0	-2.339215989632109
13244.7	-2.2030710896321084
13246.4	-2.7680189896321084
13248.0	-2.5560859896321086
13249.7	-2.856365989632108
13251.4	-2.4811799896321083
13253.1	-2.783197989632108
13254.7	-2.4245649896321084
13256.4	-2.4670199896321083
13258.1	-1.9161379896321091
13259.7	-2.0556743896321086
13261.4	-1.9382376896321083
13263.1	-2.632359389632108
13264.7	-2.5296398896321084
13266.4	-3.0317107896321085
13268.1	-3.058123689632109
13269.7	-3.831052089632108
13271.4	-4.013879989632109
13273.1	-4.621566989632109
13274.7	-4.472091989632108
13276.4	-4.823008989632109
13278.1	-4.120839989632108
13279.7	-4.365579989632109
13281.4	-3.7690569896321087
13283.1	-3.839762989632109
13284.7	-3.0853539896321087
13286.4	-2.4731439896321086
13288.1	-1.3071079896321085
13289.7	-1.0217677896321085
13291.4	-0.17370368963210886
13293.1	-0.5458262896321084
13294.7	-0.8270989896321085
13296.4	-2.240572049632109
13298.1	-3.253559989632109
13299.8	-4.1861046296321085
13301.4	-3.977116289632108
13303.1	-3.671408989632108
13304.8	-2.5575672896321087
13306.4	-1.8109999896321085
13308.1	-0.9301009896321085
13309.8	-0.9721119896321084
13311.4	-0.7846199896321087
13313.1	-0.7042732896321084
13314.8	-0.45022888963210866
13316.4	-0.6958999896321086
13318.1	-0.4763390896321086
13319.8	-0.8076839896321084
13321.4	-0.2949555896321085
13323.1	-0.24811135963210856
13324.8	0.08231411036789141
13326.4	0.17804201036789133
13328.1	0.5983140103678917
13329.8	0.09454901036789139
13331.4	0.17462601036789147
13333.1	-0.42611198963210856
13334.8	-0.4945399896321082
13336.4	-1.1533679896321085
13338.1	-1.5813679896321087
13339.8	-2.5701989896321082
13341.5	-2.4678899896321083
13343.1	-2.7184146896321084
13344.8	-1.9854410896321084
13346.5	-1.870981589632109
13348.1	-1.6752599896321088
13349.8	-2.7429315896321085
13351.5	-3.7069749896321085
13353.1	-5.199141989632109
13354.8	-5.194127989632109
13356.5	-5.307135989632109
13358.1	-3.885441989632109
13359.8	-3.1895069896321084
13361.5	-1.9812809896321089
13363.1	-1.7401139896321087
13364.8	-1.473195989632109
13366.5	-2.321111689632109
13368.1	-2.315039449632109
13369.8	-3.1257425896321083
13371.5	-3.078795989632108
13373.1	-3.2042769896321084
13374.8	-2.6871899896321083
13376.5	-2.7195199896321087
13378.1	-2.1318619896321085
13379.8	-2.489698989632109
13381.5	-2.262560989632108
13383.1	-2.5072719896321085
13384.8	-2.225659989632109
13386.5	-2.2516319896321084
13388.2	-1.7372919896321082
13389.8	-2.1690739896321083
13391.5	-2.2763989896321086
13393.2	-3.168916989632108
13394.8	-3.492791989632108
13396.5	-4.135009989632109
13398.2	-3.607324989632109
13399.8	-3.0636819896321086
13401.5	-1.7136329896321087
13403.2	-1.1575759896321087
13404.8	-0.44909895163210856
13406.5	-0.8289229896321085
13408.2	-0.8527613596321082
13409.8	-1.7148021896321086
13411.5	-1.1673950896321086
13413.2	-1.6151247896321084
13414.8	-1.4266945896321084
13416.5	-2.328659389632109
13418.2	-2.8698129896321087
13419.8	-3.621245989632109
13421.5	-3.0791399896321083
13423.2	-2.937812989632108
13424.8	-1.6116322896321087
13426.5	-1.9183483796321084
13428.2	-2.0279093496321083
13429.8	-2.9454682896321085
13431.5	-2.7481843896321085
13433.2	-2.9048480896321083
13434.9	-2.2564149896321086
13436.5	-1.8734221896321084
13438.2	-0.9880354896321085
13439.9	-0.9952166296321089
13441.5	-0.3246094396321085
13443.2	-0.4078347896321084
13444.9	0.5123967103678916
13446.5	0.46522101036789126
13448.2	0.6526162103678915
13449.9	-0.3257376896321086
13451.5	-1.1388562896321086
13453.2	-2.4109169896321085
13454.9	-2.704435389632109
13456.5	-3.2094064896321086
13458.2	-2.8977572896321084
13459.9	-3.516121789632109
13461.5	-3.6046776596321086
13463.2	-4.655155989632108
13464.9	-4.660742989632108
13466.5	-4.714917989632108
13468.2	-4.103013989632108
13469.9	-4.089079989632109
13471.5	-3.9674919896321086
13473.2	-4.526167989632109
13474.9	-3.997231989632108
13476.5	-4.037681989632109
13478.2	-3.0276785896321092
13479.9	-2.6957199896321087
13481.6	-2.059062789632109
13483.2	-2.293708079632109
13484.9	-2.259715189632108
13486.6	-2.9215477896321085
13488.2	-2.4699379896321085
13489.9	-2.1188059896321088
13491.6	-0.729827089632109
13493.2	-0.1875129896321086
13494.9	0.4961040103678914
13496.6	-0.1420045896321085
13498.2	-0.6492710896321082
13499.9	-1.9703789896321084
13501.6	-2.3862069896321083
13503.2	-2.900170989632108
13504.9	-2.598073219632109
13506.6	-3.085956589632109
13508.2	-3.1447940896321085
13509.9	-3.3990869896321088
13511.6	-3.0277230296321087
13513.2	-3.0963365896321084
13514.9	-2.8133513896321087
13516.6	-2.9884759896321085
13518.2	-2.5624640896321083
13519.9	-3.099894989632109
13521.6	-2.766052989632108
13523.3	-2.6335319896321088
13524.9	-1.6343769896321088
13526.6	-1.2605195896321084
13528.3	-0.8298096896321084
13529.9	-1.5967552896321087
13531.6	-1.8913916896321084
13533.3	-3.4528769896321085
13534.9	-3.436775989632108
13536.6	-3.8406089896321083
13538.3	-3.2531229896321086
13539.9	-3.282459489632108
13541.6	-3.1935875896321084
13543.3	-3.6636979896321087
13544.9	-3.372358989632109
13546.6	-3.8510359896321082
13548.3	-3.1982499896321084
13549.9	-3.0767539896321088
13551.6	-2.696257989632109
13553.3	-2.3784983896321092
13554.9	-1.609791389632108
13556.6	-1.2766167896321086
13558.3	-0.4782713896321086
13559.9	-1.1465999896321086
13561.6	-1.3637319896321085
13563.3	-2.3312462896321087
13564.9	-2.8516229896321086
13566.6	-3.6998699896321083
13568.3	-3.795885989632109
13570.0	-4.307692989632108
13571.6	-3.8473319896321088
13573.3	-3.8129989896321086
13575.0	-2.8103779896321086
13576.6	-2.3667655896321085
13578.3	-1.5236731896321087
13580.0	-1.6792109896321086
13581.6	-1.2967914896321084
13583.3	-1.7699635396321085
13585.0	-1.627926989632109
13586.6	-1.8235859896321087
13588.3	-1.2660169896321085
13590.0	-1.1069289896321088
13591.6	-0.4032391196321085
13593.3	-0.8148552896321085
13595.0	-0.9345109896321088
13596.6	-1.966017054632109
13598.3	-2.8196709896321086
13600.0	-3.9021819896321084
13601.6	-3.338024989632109
13603.3	-3.143797989632109
13605.0	-2.1342119896321083
13606.6	-2.0945891896321087
13608.3	-1.741702989632109
13610.0	-2.065925989632108
13611.6	-1.7008239896321087
13613.3	-1.8763779896321082
13615.0	-0.8220269896321089
13616.7	-0.9212549896321084
13618.3	-0.5865888896321081
13620.0	-1.5494389896321086
13621.7	-1.4066299896321088
13623.3	-2.3904508896321084
13625.0	-2.2338339896321084
13626.7	-2.9147759896321093
13628.3	-2.591337989632109
13630.0	-2.9041119896321077
13631.7	-2.2157029896321085
13633.3	-2.2900039896321083
13635.0	-1.5799947896321087
13636.7	-1.8670225196321084
13638.3	-1.6715374896321085
13640.0	-2.1594781896321082
13641.7	-2.0500051896321088
13643.3	-2.5672617896321084
13645.0	-2.3749535896321086
13646.7	-2.7590022896321083
13648.3	-2.3958156896321086
13650.0	-2.5455018896321087
13651.7	-1.7815739896321088
13653.3	-1.2440549896321085
13655.0	-0.006478989632108601
13656.7	0.3353654103678914
13658.3	1.0105840103678916
13660.0	0.35464871036789153
13661.7	0.12768831036789158
13663.4	-1.1226859896321082
13665.0	-1.3927009896321088
13666.7	-1.9903919896321085
13668.4	-1.5333759896321086
13670.0	-1.5271849896321084
13671.7	-1.3198734896321085
13673.4	-2.216546989632108
13675.0	-2.6469749896321084
13676.7	-3.4321799896321084
13678.4	-2.8292124896321083
13680.0	-2.4957789896321083
13681.7	-1.1939837896321084
13683.4	-0.8946881896321086
13685.0	-0.41368355963210857
13686.7	-1.2408631896321083
13688.4	-1.4815611896321088
13690.0	-2.0983709896321088
13691.7	-1.5205919896321085
13693.4	-1.788952989632109
13695.0	-1.0194809896321086
13696.7	-1.3460079896321084
13698.4	-0.8923889896321086
13700.0	-1.419276989632109
13701.7	-1.4219248896321084
13703.4	-2.160061989632108
13705.0	-1.8371439896321085
13706.7	-2.364247989632109
13708.4	-2.1856749896321084
13710.1	-2.4189670896321087
13711.7	-1.7110623896321087
13713.4	-1.8920643896321088
13715.1	-1.5315519896321081
13716.7	-1.9235727896321084
13718.4	-1.804476089632108
13720.1	-2.671382889632109
13721.7	-2.581204889632109
13723.4	-2.727986189632109
13725.1	-1.8953228896321086
13726.7	-1.9178759896321087
13728.4	-1.7882439896321085
13730.1	-2.2885473896321082
13731.7	-2.1064665896321086
13733.4	-2.7900609896321087
13735.1	-2.343063989632109
13736.7	-2.0931292896321088
13738.4	-1.5960476696321089
13740.1	-1.8969826896321085
13741.7	-2.0419446896321087
13743.4	-2.748578489632109
13745.1	-2.7524957896321087
13746.7	-3.3308939896321084
13748.4	-3.5772919896321094
13750.1	-4.055520989632109
13751.8	-4.082024989632108
13753.4	-4.182624989632108
13755.1	-3.7875159896321096
13756.8	-3.5839679896321086
13758.4	-2.925069989632109
13760.1	-2.9203799896321074
13761.8	-2.6888872896321088
13763.4	-3.085907989632108
13765.1	-2.5413209896321085
13766.8	-2.6164679896321084
13768.4	-2.254316489632109
13770.1	-2.4886142896321086
13771.8	-2.1298969896321087
13773.4	-2.1001239896321087
13775.1	-1.4118299896321083
13776.8	-1.8097269896321087
13778.4	-1.3774319896321086
13780.1	-1.8503091896321084
13781.8	-1.469033989632108
13783.4	-1.5779789896321086
13785.1	-1.2528855896321087
13786.8	-1.5847894896321082
13788.4	-1.5757932896321085
13790.1	-2.2622597896321084
13791.8	-2.470086989632108
13793.4	-2.9083839896321084
13795.1	-2.651585989632108
13796.8	-2.9331399896321084
13798.5	-2.5712299896321085
13800.1	-2.7613499896321088
13801.8	-2.8875409896321087
13803.5	-3.2990265896321085
13805.1	-3.683798889632108
13806.8	-4.2037352896321085
13808.5	-4.109576789632107
13810.1	-4.249135689632108
13811.8	-3.5293879896321085
13813.5	-3.1527089896321088
13815.1	-2.4814429896321086
13816.8	-2.343292789632109
13818.5	-2.0413409896321077
13820.1	-2.5608431896321084
13821.8	-3.0184089896321082
13823.5	-3.788901989632109
13825.1	-3.777231989632109
13826.8	-3.9398489896321087
13828.5	-3.058455989632108
13830.1	-2.911266989632108
13831.8	-2.4171944896321085
13833.5	-3.1548234896321086
13835.1	-3.5758969896321084
13836.8	-4.444175989632108
13838.5	-4.27346298963211
13840.1	-4.078214989632109
13841.8	-2.889674989632108
13843.5	-2.1255478896321085
13845.2	-0.9436452596321085
13846.8	-0.9123039896321083
13848.5	-0.8017357896321087
13850.2	-1.8368487896321084
13851.8	-2.056883089632108
13853.5	-3.005273289632109
13855.2	-3.171710089632109
13856.8	-3.7072729896321084
13858.5	-3.8171529896321084
13860.2	-4.222999989632109
13861.8	-3.8368633896321085
13863.5	-4.072655989632109
13865.2	-3.176306989632109
13866.8	-2.997847989632109
13868.5	-2.2329169896321086
13870.2	-1.8788389896321085
13871.8	-1.0824249896321085
13873.5	-1.1320567896321083
13875.2	-0.7881454896321084
13876.8	-1.5565024896321082
13878.5	-1.9618699896321086
13880.2	-2.6902489896321087
13881.8	-2.571645989632109
13883.5	-3.0583309896321085
13885.2	-2.2639986896321087
13886.8	-2.485255389632109
13888.5	-1.9392649896321086
13890.2	-1.8430421896321083
13891.9	-1.3179829896321087
13893.5	-1.5259172896321087
13895.2	-1.1523072896321087
13896.9	-2.0543241596321087
13898.5	-1.8237349896321084
13900.2	-2.1023121896321078
13901.9	-1.3694490896321088
13903.5	-0.6714858896321083
13905.2	0.3825141103678914
13906.9	-0.3833955896321085
13908.5	-0.7104467896321086
13910.2	-1.7288109896321084
13911.9	-2.1199159896321085
13913.5	-2.5148338896321087
13915.2	-1.8983970896321085
13916.9	-1.876155089632109
13918.5	-1.4713949896321086
13920.2	-2.7282780896321093
13921.9	-3.1099275896321092
13923.5	-3.4647719896321094
13925.2	-2.8154149896321083
13926.9	-2.2513609896321087
13928.5	-0.6444659896321084
13930.2	0.20061901036789145
13931.9	1.1468940103678915
13933.6	0.5841860103678915
13935.2	0.13159391036789145
13936.9	-1.1021599896321086
13938.6	-1.6467479896321084
13940.2	-2.274830989632109
13941.9	-1.6600319896321083
13943.6	-1.3781269896321082
13945.2	-0.8804549896321088
13946.9	-1.2148695896321084
13948.6	-1.3256944896321086
13950.2	-2.108047989632109
13951.9	-2.084523989632108
13953.6	-2.6192938896321083
13955.2	-2.1975079896321086
13956.9	-2.0070299896321084
13958.6	-1.5611409896321085
13960.2	-1.6936039896321087
13961.9	-1.2130145896321087
13963.6	-1.3592223896321083
13965.2	-1.2558135896321088
13966.9	-1.3133430896321083
13968.6	-0.6015403896321087
13970.2	-0.6035617896321085
13971.9	-0.3431961896321086
13973.6	-0.8692313896321087
13975.2	-1.4900429896321088
13976.9	-1.975858389632109
13978.6	-2.0888622896321087
13980.3	-2.0876369896321085
13981.9	-0.9160149896321086
13983.6	-0.41497898963210866
13985.3	0.19290961036789148
13986.9	0.3552840103678916
13988.6	0.3046575403678914
13990.3	-0.7058352896321087
13991.9	-0.5520329896321083
13993.6	-1.2606086896321085
13995.3	-0.6188399896321085
13996.9	-0.3875784896321085
13998.6	0.08047201036789157
14000.3	-0.09609718963210838
14001.9	-0.17919158963210852
14003.6	-1.3752209896321088
14005.3	-1.2945953896321085
14006.9	-2.5935509896321083
14008.6	-2.8196309896321083
14010.3	-3.736378989632108
14011.9	-3.5671286896321086
14013.6	-3.343176889632109
14015.3	-2.6357109896321083
14016.9	-2.595246989632108
14018.6	-2.0737279896321086
14020.3	-2.3318699896321085
14021.9	-1.6581189896321085
14023.6	-1.655469989632108
14025.3	-0.7543819896321085
14027.0	-0.8317059896321084
14028.6	-1.1398749896321085
14030.3	-2.5547737896321085
14032.0	-3.5057099896321082
14033.6	-4.259128989632108
14035.3	-3.8331789896321076
14037.0	-3.808412389632109
14038.6	-2.626709989632108
14040.3	-2.5066271896321086
14042.0	-1.8262709896321088
14043.6	-1.7880749896321082
14045.3	-1.170064589632109
14047.0	-1.1247699896321084
14048.6	-0.4669499896321085
14050.3	-0.8304949896321083
14052.0	-0.4154219896321088
14053.6	-0.8147159896321086
14055.3	-1.1725351896321086
14057.0	-2.1687319896321093
14058.6	-2.2797474666321085
14060.3	-3.093432989632108
14062.0	-3.0132149896321083
14063.6	-3.4287419896321083
14065.3	-3.3230879896321084
14067.0	-3.527663589632108
14068.6	-3.5591461896321084
14070.3	-4.108779989632108
14072.0	-3.4309719896321083
14073.7	-3.334166989632108
14075.3	-2.4624239896321085
14077.0	-2.859635989632109
14078.7	-3.021476489632108
14080.3	-3.946391989632109
14082.0	-4.297570989632108
14083.7	-5.064196989632109
14085.3	-4.523718989632109
14087.0	-4.725594989632109
14088.7	-4.02604888963211
14090.3	-3.9425282896321088
14092.0	-3.0944949896321097
14093.7	-2.730954989632108
14095.3	-1.6969243896321082
14097.0	-1.4636239896321086
14098.7	-0.8925389496321084
14100.3	-1.3821349896321087
14102.0	-1.8114941896321084
14103.7	-2.3653226896321087
14105.3	-2.0762289896321082
14107.0	-2.083039989632108
14108.7	-1.633893497632109
14110.3	-1.5586945196321087
14112.0	-1.1984775496321085
14113.7	-1.5409149896321086
14115.4	-1.5732539896321085
14117.0	-2.3831899896321085
14118.7	-2.265827289632109
14120.4	-3.0519514796321086
14122.0	-2.831576289632108
14123.7	-3.265365989632109
14125.4	-2.8552469896321084
14127.0	-2.981681089632109
14128.7	-2.0849254896321083
14130.4	-2.2673236896321085
14132.0	-1.5193022896321084
14133.7	-1.6514439896321087
14135.4	-1.2096909896321084
14137.0	-1.7109350896321083
14138.7	-1.6578297896321086
14140.4	-2.0887166896321085
14142.0	-1.6873099896321087
14143.7	-1.3739088176321086
14145.4	-0.7792433896321086
14147.0	-0.5583359896321086
14148.7	-0.07223498963210859
14150.4	-0.8429026896321087
14152.0	-1.0667809896321088
14153.7	-2.2839214996321084
14155.4	-2.813754989632108
14157.0	-3.363653789632109
14158.7	-2.7632464896321087
14160.4	-2.6477079896321087
14162.1	-1.5627493896321085
14163.7	-1.7096790896321086
14165.4	-1.1476536896321088
14167.1	-1.754581289632109
14168.7	-1.6679459896321085
14170.4	-2.302141989632109
14172.1	-1.7946689896321086
14173.7	-2.251587989632109
14175.4	-1.9392239896321086
14177.1	-2.579352989632109
14178.7	-2.481772289632109
14180.4	-2.877591649632109
14182.1	-2.6028704896321084
14183.7	-2.7675905896321082
14185.4	-2.1744989896321085
14187.1	-2.3426607896321086
14188.7	-2.246428989632109
14190.4	-3.1850289896321082
14192.1	-3.6825379896321087
14193.7	-4.315628189632109
14195.4	-4.422950389632108
14197.1	-4.716073989632108
14198.7	-4.395396189632108
14200.4	-4.580693489632108
14202.1	-4.066709189632109
14203.7	-3.918463389632108
14205.4	-2.8193139896321084
14207.1	-1.9597947896321088
14208.8	-0.9670649896321086
14210.4	-1.2890755896321084
14212.1	-1.4397329896321087
14213.8	-2.8188729896321076
14215.4	-3.4416719896321077
14217.1	-4.056848989632109
14218.8	-3.717009989632109
14220.4	-3.353567789632109
14222.1	-2.4707961896321087
14223.8	-2.732600989632109
14225.4	-2.6068179896321086
14227.1	-3.122283989632108
14228.8	-3.2484761696321085
14230.4	-3.276243189632109
14232.1	-2.5877749896321083
14233.8	-2.3103415896321087
14235.4	-1.5346750896321086
14237.1	-1.5794139896321087
14238.8	-1.4995929896321087
14240.4	-1.8500996896321087
14242.1	-1.6406659896321087
14243.8	-2.4625919896321085
14245.4	-2.6509819896321085
14247.1	-3.4922649896321083
14248.8	-3.6297499896321086
14250.4	-4.002467989632108
14252.1	-3.624340989632109
14253.8	-3.695146989632108
14255.5	-3.1481649896321082
14257.1	-3.625347989632109
14258.8	-3.1691709896321085
14260.5	-3.5966449896321087
14262.1	-2.7821959896321085
14263.8	-2.7401959896321086
14265.5	-2.1305531896321086
14267.1	-1.9220072896321085
14268.8	-1.3688382896321083
14270.5	-1.7652164896321085
14272.1	-1.5794899896321088
14273.8	-2.6018199896321086
14275.5	-2.344219989632108
14277.1	-3.090165989632109
14278.8	-2.9411599896321086
14280.5	-2.8527959896321087
14282.1	-2.4549309896321083
14283.8	-2.5672949896321082
14285.5	-2.1496261896321083
14287.1	-2.115395889632109
14288.8	-1.0440957896321084
14290.5	-0.6080807896321085
14292.1	0.25706533036789136
14293.8	0.26389906036789135
14295.5	0.14151891036789133
14297.2	-1.0261288896321088
14298.8	-1.881782989632109
14300.5	-2.885771989632109
14302.2	-3.513939989632109
14303.8	-4.377848989632108
14305.5	-4.3059419896321085
14307.2	-4.875573789632108
14308.8	-4.693683989632109
14310.5	-4.553938389632109
14312.2	-3.8651059896321085
14313.8	-3.559315989632109
14315.5	-2.8597189896321087
14317.2	-2.9075644896321085
14318.8	-2.340484389632109
14320.5	-2.4686288896321087
14322.2	-2.300920689632109
14323.8	-2.3406222896321087
14325.5	-2.0301979896321085
14327.2	-2.6106999896321086
14328.8	-2.7549122896321085
14330.5	-3.4344987896321086
14332.2	-3.574930089632108
14333.8	-3.626666989632109
14335.5	-2.8928509896321084
14337.2	-2.6938419896321086
14338.8	-1.979575989632108
14340.5	-2.353867789632109
14342.2	-2.5683139896321086
14343.9	-3.0055849896321094
14345.5	-2.893249989632108
14347.2	-2.749177889632109
14348.9	-1.8554573896321087
14350.5	-1.9743149896321086
14352.2	-1.5220122896321089
14353.9	-2.0868459896321085
14355.5	-2.3428539896321086
14357.2	-3.0972939896321083
14358.9	-3.2067332896321075
14360.5	-3.4082646896321087
14362.2	-2.942856189632108
14363.9	-3.318694189632108
14365.5	-3.0910049896321086
14367.2	-3.5752926896321093
14368.9	-3.444012989632108
14370.5	-3.688179989632109
14372.2	-3.266272989632108
14373.9	-3.0245459896321085
14375.5	-2.367327589632109
14377.2	-2.590225889632108
14378.9	-1.9844054496321086
14380.5	-1.9696991896321088
14382.2	-1.7120858896321085
14383.9	-2.4041879896321086
14385.5	-2.7935549896321086
14387.2	-3.6913749896321093
14388.9	-3.7226312896321083
14390.6	-3.726148889632108
14392.2	-2.472571989632109
14393.9	-1.6027169896321083
14395.6	-0.49973708963210883
14397.2	-0.9430156896321084
14398.9	-0.8373695896321088
14400.6	-1.7227599896321084
14402.2	-2.2335949896321083
14403.9	-2.6451340896321085
14405.6	-2.3834550896321085
14407.2	-2.264360989632109
14408.9	-1.012430989632109
14410.6	-0.9358319896321087
14412.2	-0.28244998963210854
14413.9	-0.9263418896321085
14415.6	-1.3432079896321083
14417.2	-1.7821089896321083
14418.9	-1.3136379896321082
14420.6	-0.9247059896321084
14422.2	0.4475560103678915
14423.9	0.5325320103678912
14425.6	0.6292270103678915
14427.2	-0.45196728963210847
14428.9	-1.1518029896321085
14430.6	-2.5595179896321083
14432.2	-3.1844609896321083
14433.9	-4.382628689632108
14435.6	-3.7786394896321083
14437.3	-3.6277619896321083
14438.9	-2.389495989632109
14440.6	-1.7421589896321088
14442.3	-0.9192289896321088
14443.9	-1.4061229896321088
14445.6	-1.4548869896321086
14447.3	-2.427747989632109
14448.9	-2.0222819896321087
14450.6	-2.1858409896321085
14452.3	-1.6068044896321083
14453.9	-1.7236909896321086
14455.6	-1.5319249896321085
14457.3	-2.2445359896321087
14458.9	-2.7896550896321086
14460.6	-3.8662509896321082
14462.3	-4.182308759632109
14463.9	-4.5778709896321095
14465.6	-3.875689989632108
14467.3	-3.7173329896321077
14468.9	-3.2000545896321086
14470.6	-3.3680559896321087
14472.3	-3.245148989632109
14473.9	-3.7740901896321084
14475.6	-3.700094489632108
14477.3	-3.9919451896321076
14479.0	-3.7197189896321086
14480.6	-3.711245989632109
14482.3	-3.1756505896321086
14484.0	-2.998435389632109
14485.6	-2.4215180896321087
14487.3	-2.7560714896321086
14489.0	-2.902196989632109
14490.6	-3.743838289632108
14492.3	-3.5566428896321076
14494.0	-3.5589164896321086
14495.6	-2.611023989632108
14497.3	-1.9993809896321086
14499.0	-1.5256644896321085
14500.6	-1.5843103896321085
14502.3	-1.1765746896321088
14504.0	-1.6658942896321087
14505.6	-1.4067279896321083
14507.3	-1.8876159896321087
14509.0	-2.0331509896321087
14510.6	-2.4279879896321086
14512.3	-2.7475829896321087
14514.0	-3.2759769896321087
14515.6	-3.3927929896321083
14517.3	-4.256649989632108
14519.0	-4.759894989632108
14520.6	-5.280621989632109
14522.3	-5.117935789632108
14524.0	-5.078347989632108
14525.7	-4.119054989632108
14527.3	-3.915123989632108
14529.0	-3.450304989632108
14530.7	-3.746324189632108
14532.3	-3.7753479896321083
14534.0	-4.056059989632109
14535.7	-3.7438029896321083
14537.3	-4.112137989632108
14539.0	-3.9614975896321076
14540.7	-4.360365989632109
14542.3	-4.368456989632108
14544.0	-4.419022989632109
14545.7	-3.7164909896321086
14547.3	-3.1621459896321085
14549.0	-2.519473989632109
14550.7	-2.780269989632109
14552.3	-3.0718479896321087
14554.0	-3.6099129896321087
14555.7	-3.4142379896321087
14557.3	-2.9775147896321084
14559.0	-2.061873489632109
14560.7	-1.4168446896321085
14562.3	-0.8292569896321085
14564.0	-1.0911209896321088
14565.7	-1.3325529896321087
14567.3	-2.0868827896321083
14569.0	-2.5762799896321082
14570.7	-3.378614889632108
14572.4	-2.866704989632108
14574.0	-2.582953989632108
14575.7	-1.7190679896321086
14577.4	-1.3618557896321088
14579.0	-0.994891889632109
14580.7	-1.4676714396321082
14582.4	-1.6904419896321088
14584.0	-2.517321989632109
14585.7	-2.2937509896321084
14587.4	-2.5216233896321087
14589.0	-2.0521849896321087
14590.7	-2.105437689632109
14592.4	-1.7212777896321085
14594.0	-1.9785183896321086
14595.7	-2.2023541896321084
14597.4	-2.9641886896321084
14599.0	-2.9821306896321085
14600.7	-3.6057596896321087
14602.4	-3.4239808896321087
14604.0	-3.564779989632109
14605.7	-3.0725909896321086
14607.4	-3.0033659896321088
14609.0	-2.5851859896321088
14610.7	-3.012150089632109
14612.4	-3.0625699896321086
14614.0	-3.3943369896321087
14615.7	-2.8598565896321086
14617.4	-2.315319689632109
14619.1	-1.4444777896321086
14620.7	-1.6444621896321086
14622.4	-2.1879233896321084
14624.1	-3.616654289632109
14625.7	-4.801395989632108
14627.4	-5.829102989632108
14629.1	-5.760096989632109
14630.7	-5.496968989632109
14632.4	-4.51866398963211
14634.1	-4.076353989632108
14635.7	-2.877358589632108
14637.4	-2.6425889896321086
14639.1	-2.0629576896321087
14640.7	-1.7818719896321085
14642.4	-1.4322659896321084
14644.1	-1.5952479896321083
14645.7	-1.1666439896321084
14647.4	-1.7139549896321085
14649.1	-1.3805189896321086
14650.7	-1.5573039896321086
14652.4	-1.2704509896321088
14654.1	-1.0906439896321083
14655.7	-0.7447409896321082
14657.4	-1.2778709896321083
14659.1	-0.9797858896321087
14660.8	-1.6010103896321088
14662.4	-1.6505061896321087
14664.1	-1.9655596896321086
14665.8	-1.8723103896321085
14667.4	-2.507862199632109
14669.1	-2.519861989632108
14670.8	-3.4577379896321085
14672.4	-3.41815088963211
14674.1	-4.065224989632108
14675.8	-4.017669989632108
14677.4	-4.104107989632108
14679.1	-3.4791549896321086
14680.8	-2.944066989632108
14682.4	-1.8619957196321084
14684.1	-1.4690892896321088
14685.8	-0.48262198963210834
14687.4	-0.6975310896321091
14689.1	-0.8381889896321087
14690.8	-1.6792829896321089
14692.4	-2.3091599896321084
14694.1	-2.8860499896321086
14695.8	-2.7461819896321087
14697.4	-2.9730719896321083
14699.1	-2.4326019896321083
14700.8	-2.546649989632108
14702.4	-2.747654989632109
14704.1	-3.8178414896321087
14705.8	-4.44935528963211
14707.5	-5.131739189632109
14709.1	-4.632552989632108
14710.8	-3.5527185896321085
14712.5	-1.9208302896321086
14714.1	-0.8791212896321088
14715.8	-0.2657558896321085
14717.5	-1.3514109896321085
14719.1	-2.569910989632109
14720.8	-3.97780198963211
14722.5	-4.718561989632109
14724.1	-4.903848989632109
14725.8	-4.116309989632109
14727.5	-3.463158989632108
14729.1	-2.597274989632109
14730.8	-2.570158989632109
14732.5	-2.546298989632109
14734.1	-3.1401409896321084
14735.8	-3.2537919896321084
14737.5	-3.472231989632108
14739.1	-3.0812589896321088
14740.8	-2.9465346896321085
14742.5	-2.1799729896321085
14744.1	-2.0268353896321085
14745.8	-1.2756339896321085
14747.5	-0.9711997896321082
14749.1	-0.2627428896321087
14750.8	0.25400901036789153
14752.5	1.0355033103678917
14754.2	0.8612105003678916
14755.8	0.7843517603678912
14757.5	-0.4505518896321086
14759.2	-1.5043402896321083
14760.8	-2.7447878896321085
14762.5	-2.8061046896321087
14764.2	-2.7383259896321084
14765.8	-1.7721369896321086
14767.5	-1.3154009896321082
14769.2	-1.1907467896321087
14770.8	-2.028290989632109
14772.5	-2.5709945796321088
14774.2	-3.5790339896321077
14775.8	-3.439403989632109
14777.5	-3.7426709896321086
14779.2	-3.0043737896321083
14780.8	-2.9533709896321083
14782.5	-2.185174989632108
14784.2	-2.012957689632109
14785.8	-1.4209042956321087
14787.5	-1.5480958896321089
14789.2	-1.4074689896321084
14790.8	-2.1610269896321084
14792.5	-1.8975148896321083
14794.2	-2.024785889632109
14795.8	-0.9870539896321084
14797.5	-0.06208047963210859
14799.2	0.6694990103678915
14800.9	0.43764241036789125
14802.5	0.5076784103678913
14804.2	-0.1639381896321085
14805.9	-0.21211748963210858
14807.5	-0.23212498963210848
14809.2	0.0018359103678913691
14810.9	-0.41470918963210857
14812.5	-0.7217559896321082
14814.2	-2.045049189632109
14815.9	-2.7372839896321084
14817.5	-3.789216989632108
14819.2	-4.126307989632109
14820.9	-4.607963989632108
14822.5	-3.957904689632109
14824.2	-3.818827069632109
14825.9	-2.918280689632109
14827.5	-2.5831205896321086
14829.2	-2.2223509896321088
14830.9	-2.476831989632109
14832.5	-2.6456230896321085
14834.2	-3.614393789632108
14835.9	-3.922107989632109
14837.5	-4.864162989632109
14839.2	-4.874410989632109
14840.9	-4.322495989632109
14842.6	-2.8597879896321086
14844.2	-1.2770444896321085
14845.9	-0.09672668963210865
14847.6	-0.28248768263210866
14849.2	-0.5863804896321085
14850.9	-1.8087606196321087
14852.6	-2.432987989632109
14854.2	-2.687353989632109
14855.9	-2.2008829896321087
14857.6	-2.550265889632109
14859.2	-2.6307819896321085
14860.9	-3.2316039896321085
14862.6	-3.048800569632108
14864.2	-3.238008689632108
14865.9	-2.9468935896321087
14867.6	-3.3896413896321085
14869.2	-3.1596319896321083
14870.9	-4.298427989632108
14872.6	-4.177856989632108
14874.2	-4.392271989632108
14875.9	-3.6556009896321084
14877.6	-3.8557383896321085
14879.2	-3.266771389632109
14880.9	-3.3929777896321083
14882.6	-2.881801989632108
14884.2	-3.280146989632109
14885.9	-2.8672596896321085
14887.6	-3.533384989632109
14889.3	-3.558038989632108
14890.9	-4.555684989632108
14892.6	-4.367723989632109
14894.3	-4.596816589632109
14895.9	-4.0864850896321085
14897.6	-3.659823789632109
14899.3	-2.7839789896321085
14900.9	-2.7481202896321086
14902.6	-2.0345729896321085
14904.3	-2.2195089896321085
14905.9	-1.5221459896321088
14907.6	-1.7361039896321089
14909.3	-1.8276711896321085
14910.9	-2.2399611896321083
14912.6	-2.3071834896321084
14914.3	-3.1844723896321083
14915.9	-3.685793189632109
14917.6	-4.7005725896321096
14919.3	-5.144572089632109
14920.9	-5.539641989632107
14922.6	-4.670538989632108
14924.3	-3.8499285896321083
14925.9	-2.0108908896321083
14927.6	-1.4895792896321085
14929.3	-1.3930919896321083
14930.9	-2.434900989632109
14932.6	-2.902442989632109
14934.3	-3.4133340896321087
14936.0	-3.1368879896321085
14937.6	-3.1471809896321083
14939.3	-2.4795879896321096
14941.0	-3.022967089632109
14942.6	-3.0452859896321085
14944.3	-3.4295213896321086
14946.0	-2.756921989632109
14947.6	-1.925672989632109
14949.3	-1.1023739896321083
14951.0	-0.8781757896321087
14952.6	-0.46468438963210834
14954.3	-1.031891189632109
14956.0	-1.2621731896321091
14957.6	-1.8638922896321084
14959.3	-1.7732457896321083
14961.0	-1.9498570896321084
14962.6	-1.8259259896321083
14964.3	-2.007286989632108
14966.0	-1.5382839896321086
14967.6	-1.4325629896321084
14969.3	-1.2855951896321085
14971.0	-1.992819989632109
14972.6	-2.523167989632109
14974.3	-3.386371989632108
14976.0	-3.5424399896321086
14977.6	-3.5550319896321083
14979.3	-2.784355189632109
14981.0	-2.4252792896321087
14982.7	-1.8961792896321086
14984.3	-2.1239505896321083
14986.0	-2.2539790896321086
14987.7	-2.780005279632109
14989.3	-3.083715449632109
14991.0	-3.893795989632109
14992.7	-3.8773029896321085
14994.3	-4.668707989632109
14996.0	-4.346942989632109
14997.7	-4.338424989632108
14999.3	-4.073610989632108
15001.0	-4.339012989632108
15002.7	-3.954297989632109
15004.3	-4.260765989632109
15006.0	-3.6531299896321086
15007.7	-3.8951781896321087
15009.3	-3.1204021896321086
15011.0	-2.945838489632109
15012.7	-2.724938989632109
15014.3	-3.624951989632109
15016.0	-3.9948399896321076
15017.7	-4.837207989632109
15019.3	-4.514827489632109
15021.0	-4.613773989632109
15022.7	-3.3413865896321093
15024.4	-3.074885989632109
15026.0	-2.5990349896321083
15027.7	-2.859670989632108
15029.4	-2.6763589896321087
15031.0	-2.8177549896321086
15032.7	-2.536529989632109
15034.4	-2.9145349896321084
15036.0	-2.384722289632109
15037.7	-3.2797778896321086
15039.4	-3.864462289632108
15041.0	-4.652471889632108
15042.7	-4.749572989632108
15044.4	-4.454789989632108
15046.0	-3.503669989632109
15047.7	-2.9952709896321084
15049.4	-2.002153989632109
15051.0	-2.380603989632109
15052.7	-2.858383989632108
15054.4	-4.097003989632109
15056.0	-4.518676989632109
15057.7	-5.0283579896321084
15059.4	-4.657867989632107
15061.0	-4.729636389632109
15062.7	-4.291888389632108
15064.4	-4.055178349632108
15066.0	-3.169151489632108
15067.7	-3.0595095896321083
15069.4	-1.9644428396321083
15071.1	-1.4658447496321088
15072.7	-0.6971489896321085
15074.4	-0.3311269896321087
15076.1	-0.2025889896321087
15077.7	-0.5101172896321087
15079.4	-0.4335517896321085
15081.1	-1.4048736896321086
15082.7	-1.8328019896321082
15084.4	-2.4970049896321087
15086.1	-2.548906989632109
15087.7	-2.4343929896321086
15089.4	-2.000218989632109
15091.1	-2.015971989632108
15092.7	-1.7651933896321084
15094.4	-2.1046269896321084
15096.1	-2.2293499896321087
15097.7	-3.070595989632109
15099.4	-3.5942779896321086
15101.1	-4.691479989632109
15102.7	-5.09324018963211
15104.4	-5.34926196963211
15106.1	-4.4868548896321085
15107.7	-3.7224639896321086
15109.4	-2.5567786896321083
15111.1	-2.1149993896321084
15112.7	-1.9069831896321083
15114.4	-2.646160889632109
15116.1	-2.7816689896321085
15117.8	-3.438633989632109
15119.4	-3.0860482896321084
15121.1	-2.897619989632108
15122.8	-2.864837989632109
15124.4	-2.512005989632109
15126.1	-1.9051260896321083
15127.8	-1.9278459896321087
15129.4	-0.8716412896321089
15131.1	-0.9623879026321085
15132.8	-1.1819623296321087
15134.4	-1.7482753896321088
15136.1	-2.9153738896321086
15137.8	-3.4067815896321094
15139.4	-2.5586626896321087
15141.1	-2.0320597896321084
15142.8	-0.2866010896321085
15144.4	-0.0831609896321086
15146.1	-0.24631198963210837
15147.8	-0.8200853896321085
15149.4	-1.2750371896321087
15151.1	-1.8339283496321088
15152.8	-1.5227889896321085
15154.4	-2.000085989632108
15156.1	-1.2844789896321087
15157.8	-0.9242182996321088
15159.4	-0.13168598963210848
15161.1	0.16548901036789154
15162.8	0.37579801036789157
15164.5	-1.2055979896321085
15166.1	-1.9676539896321081
15167.8	-3.4136989896321084
15169.5	-3.5301788896321087
15171.1	-3.574537989632108
15172.8	-2.9875206896321083
15174.5	-3.3416539896321082
15176.1	-3.3358119896321083
15177.8	-4.356411989632109
15179.5	-4.236823989632109
15181.1	-4.413265989632109
15182.8	-3.8556379896321085
15184.5	-3.754330989632109
15186.1	-2.9142769896321084
15187.8	-2.5738809896321087
15189.5	-1.892245989632108
15191.1	-2.0866569896321088
15192.8	-1.8840022896321096
15194.5	-2.4429369896321083
15196.1	-3.0711589896321083
15197.8	-3.6745449896321083
15199.5	-4.1388519896321085
15201.1	-4.488195989632108
15202.8	-3.6296149896321084
15204.5	-3.4434589896321084
15206.2	-2.018997989632109
15207.8	-1.0096820896321086
15209.5	-0.29288598963210866
15211.2	-0.07371174963210851
15212.8	-0.5712897896321085
15214.5	-1.624416989632109
15216.2	-2.5080079896321084
15217.8	-4.083284989632109
15219.5	-4.5766461896321085
15221.2	-4.900262089632108
15222.8	-4.3267199896321085
15224.5	-3.839806989632109
15226.2	-3.0352579896321084
15227.8	-2.764467889632108
15229.5	-2.2019951896321084
15231.2	-2.3028679896321087
15232.8	-1.9559440896321085
15234.5	-1.7857855896321084
15236.2	-1.7543663896321084
15237.8	-2.3355582896321088
15239.5	-2.6522516896321084
15241.2	-3.392880189632108
15242.8	-3.431045289632108
15244.5	-3.0405046896321086
15246.2	-2.756635089632109
15247.8	-2.700409989632109
15249.5	-2.78612698963211
15251.2	-3.450918989632109
15252.9	-4.028193989632108
15254.5	-4.827370392632109
15256.2	-5.408749989632108
15257.9	-6.084913989632109
15259.5	-6.017434989632108
15261.2	-5.87962698963211
15262.9	-4.864929789632109
15264.5	-4.143108989632109
15266.2	-3.0809219896321087
15267.9	-2.6702239896321087
15269.5	-1.9330079896321082
15271.2	-2.0634420896321086
15272.9	-1.4329357896321082
15274.5	-0.9867709896321086
15276.2	-0.017156989632108634
15277.9	-0.20555498963210844
15279.5	-0.21388588963210853
15281.2	-0.8694796896321085
15282.9	-1.6541878896321087
15284.5	-3.094520989632109
15286.2	-3.5406849896321084
15287.9	-4.176350989632108
15289.5	-3.3480479896321085
15291.2	-2.9157219896321087
15292.9	-1.5451395896321085
15294.5	-0.9731659896321088
15296.2	-0.6202871896321088
15297.9	-1.6420839896321087
15299.6	-2.1304974896321083
15301.2	-3.6378889896321085
15302.9	-4.197606989632109
15304.6	-4.8780429896321085
15306.2	-4.065394989632109
15307.9	-3.5089199896321075
15309.6	-2.134323389632109
15311.2	-1.2372173296321087
15312.9	0.07565001036789161
15314.6	0.3421449103678911
15316.2	0.3161020103678915
15317.9	-0.1317939896321085
15319.6	-0.6178719896321084
15321.2	-1.9363109896321085
15322.9	-3.124759989632109
15324.6	-4.251987989632109
15326.2	-4.375950589632109
15327.9	-3.820677989632108
15329.6	-2.6039301896321083
15331.2	-1.845354848632109
15332.9	-1.3316449896321088
15334.6	-2.037841989632109
15336.2	-2.461333569632108
15337.9	-3.031732989632108
15339.6	-3.095680999632109
15341.2	-3.203299989632108
15342.9	-2.7210347996321085
15344.6	-3.1943088896321084
15346.3	-3.0882589896321084
15347.9	-3.6394989896321093
15349.6	-3.8226989896321095
15351.3	-4.161789989632108
15352.9	-4.484127989632109
15354.6	-5.1071379896321085
15356.3	-4.857557889632109
15357.9	-4.9578649896321085
15359.6	-4.396484089632109
15361.3	-4.248719489632108
15362.9	-3.648488989632109
15364.6	-3.3512849896321084
15366.3	-2.5731699896321087
15367.9	-2.734716289632108
15369.6	-2.940726889632109
15371.3	-3.737418989632109
15372.9	-4.033317989632108
15374.6	-4.7249072896321085
15376.3	-4.170981989632108
15377.9	-3.8155109896321093
15379.6	-2.682737789632109
15381.3	-2.061889989632109
15382.9	-1.4978359896321085
15384.6	-1.5281821896321084
15386.3	-1.8374957896321082
15388.0	-3.225344439632109
15389.6	-4.028349989632108
15391.3	-5.207671989632107
15393.0	-4.813990089632109
15394.6	-3.8996489896321087
15396.3	-2.0296469896321083
15398.0	-1.0955479896321085
15399.6	-0.6173229896321082
15401.3	-2.0794501896321083
15403.0	-3.149542289632109
15404.6	-4.460905689632109
15406.3	-4.6679574896321085
15408.0	-4.397669989632108
15409.6	-3.3470319896321086
15411.3	-3.1326906896321085
15413.0	-2.417171189632109
15414.6	-3.1082902896321087
15416.3	-3.488395989632109
15418.0	-4.119100989632108
15419.6	-4.476048989632108
15421.3	-4.8467109896321094
15423.0	-4.524641989632109
15424.6	-4.701678989632108
15426.3	-4.138864189632108
15428.0	-3.9594887896321076
15429.6	-3.379072789632109
15431.3	-2.8639522896321084
15433.0	-2.1777227656321076
15434.7	-2.4677712896321085
15436.3	-2.217824789632109
15438.0	-2.444536989632108
15439.7	-2.6118669896321083
15441.3	-3.1565889896321084
15443.0	-3.3826911896321077
15444.7	-3.7343901896321086
15446.3	-3.789899237732109
15448.0	-4.017356989632108
15449.7	-3.6422179896321074
15451.3	-3.460031989632109
15453.0	-3.348234489632109
15454.7	-4.244162769632108
15456.3	-4.854779589632108
15458.0	-5.705944989632108
15459.7	-6.16567098963211
15461.3	-6.440169989632108
15463.0	-5.76549948963211
15464.7	-4.843095589632108
15466.3	-3.5674629896321095
15468.0	-3.1763682896321086
15469.7	-2.659534189632108
15471.3	-3.3438777896321086
15473.0	-3.267728889632108
15474.7	-3.5097659896321076
15476.3	-3.2886141896321086
15478.0	-3.1823860896321086
15479.7	-2.963856689632109
15481.4	-3.9617199896321083
15483.0	-4.452867989632109
15484.7	-5.439332989632109
15486.4	-5.129674989632109
15488.0	-4.457619989632108
15489.7	-3.250324989632108
15491.4	-2.666301989632108
15493.0	-1.5090349896321082
15494.7	-1.5109794896321085
15496.4	-1.4179637896321087
15498.0	-1.6770566896321086
15499.7	-1.4800589896321081
15501.4	-1.7487287896321089
15503.0	-1.8849274896321089
15504.7	-2.568986189632108
15506.4	-2.5654359896321086
15508.0	-3.2849871896321092
15509.7	-3.4076988896321083
15511.4	-4.0771139896321085
15513.0	-4.201713989632109
15514.7	-4.363643989632109
15516.4	-3.8538744896321084
15518.0	-3.080735889632108
15519.7	-1.6267459896321086
15521.4	-1.3291529896321086
15523.0	-0.5351463896321084
15524.7	-1.0111362896321083
15526.4	-1.6815078996321084
15528.1	-2.2699639896321084
15529.7	-2.644802989632108
15531.4	-3.4031639896321098
15533.1	-3.330705989632108
15534.7	-4.284566989632109
15536.4	-3.987878989632108
15538.1	-3.6485269896321078
15539.7	-3.385468989632109
15541.4	-3.0297460896321082
15543.1	-2.3775319896321085
15544.7	-2.368635989632108
15546.4	-1.2208979896321086
15548.1	-0.6544059896321084
15549.7	-0.08751598963210842
15551.4	-0.5013979896321087
15553.1	-1.1437719896321084
15554.7	-2.3898019896321085
15556.4	-2.642295689632108
15558.1	-3.0979649896321098
15559.7	-2.678926989632109
15561.4	-3.2842209896321086
15563.1	-3.932918989632109
15564.7	-5.481826289632109
15566.4	-5.5487807096321085
15568.1	-5.573592989632108
15569.8	-4.1205959896321085
15571.4	-3.165971989632108
15573.1	-1.7875638896321093
15574.8	-1.1533077796321092
15576.4	-0.3236785996321086
15578.1	-0.34709558963210874
15579.8	0.20688161036789152
15581.4	-0.07545438963210857
15583.1	-0.058609989632108575
15584.8	-1.0135267896321085
15586.4	-1.9109419896321085
15588.1	-3.0151899896321086
15589.8	-3.0974790896321087
15591.4	-3.1877799896321086
15593.1	-2.395940989632108
15594.8	-2.0955389896321086
15596.4	-1.3078499896321087
15598.1	-1.7318558896321086
15599.8	-1.9025519896321081
15601.4	-2.5085079896321085
15603.1	-2.1324589896321084
15604.8	-2.3261046896321087
15606.4	-1.8050470896321087
15608.1	-1.837808709632108
15609.8	-1.1908393996321087
15611.4	-1.7825045896321083
15613.1	-1.9606719896321088
15614.8	-2.224140989632108
15616.5	-2.173176989632109
15618.1	-2.5205422896321092
15619.8	-2.4484373596321087
15621.5	-2.616532989632109
15623.1	-2.4587219896321084
15624.8	-3.009474989632109
15626.5	-3.0707150896321087
15628.1	-3.0529457896321093
15629.8	-2.8337275896321086
15631.5	-2.783476589632109
15633.1	-2.696022989632109
15634.8	-2.6164449896321083
15636.5	-1.9768029896321082
15638.1	-1.6176482696321088
15639.8	-0.7428929896321085
15641.5	-0.7092589896321086
15643.1	-1.080937489632109
15644.8	-2.4173139896321088
15646.5	-3.422490289632109
15648.1	-4.491942389632109
15649.8	-4.012984989632107
15651.5	-3.5965201896321077
15653.1	-2.5170419896321095
15654.8	-1.9138659896321086
15656.5	-1.8798738896321088
15658.1	-2.788114989632109
15659.8	-3.379701989632109
15661.5	-4.506460989632108
15663.2	-4.662169989632108
15664.8	-5.018007089632109
15666.5	-4.694604989632109
15668.2	-3.9133459896321083
15669.8	-2.8086989896321084
15671.5	-2.499246089632108
15673.2	-1.6532620896321084
15674.8	-2.100868689632108
15676.5	-2.099468789632108
15678.2	-3.108470389632108
15679.8	-3.2065968896321086
15681.5	-3.5095849896321085
15683.2	-3.2296829896321086
15684.8	-3.8963749896321085
15686.5	-3.5490439896321084
15688.2	-4.127655989632109
15689.8	-3.5915379896321094
15691.5	-3.8231166896321085
15693.2	-3.4594559896321093
15694.8	-3.892499989632108
15696.5	-4.545969989632108
15698.2	-5.998829989632108
15699.8	-6.223608989632108
15701.5	-6.551983989632109
15703.2	-5.891447989632108
15704.8	-5.53557878963211
15706.5	-4.629875989632109
15708.2	-4.611335589632109
15709.9	-4.589153989632108
15711.5	-5.175337989632109
15713.2	-4.973655989632109
15714.9	-5.397786989632109
15716.5	-5.3551549896321085
15718.2	-5.471296989632108
15719.9	-4.809155989632108
15721.5	-4.481464989632109
15723.2	-3.805130989632108
15724.9	-3.6304389896321085
15726.5	-2.9303719896321083
15728.2	-3.1460712896321086
15729.9	-3.1929101896321095
15731.5	-3.438384989632108
15733.2	-3.1454919896321085
15734.9	-3.5718959896321087
15736.5	-3.442262989632108
15738.2	-4.083303989632109
15739.9	-4.263348989632108
15741.5	-4.8631169896321085
15743.2	-4.690661989632108
15744.9	-4.020480989632109
15746.5	-2.797570989632108
15748.2	-2.253073489632108
15749.9	-1.8251429896321085
15751.6	-2.2749639896321083
15753.2	-2.3490819896321087
15754.9	-2.4312799896321087
15756.6	-1.8343689896321091
15758.2	-1.491348989632109
15759.9	-1.2384969896321085
15761.6	-2.1422135896321084
15763.2	-2.7820379896321086
15764.9	-3.1589049896321084
15766.6	-2.803109989632109
15768.2	-2.3411107896321086
15769.9	-1.9814669896321089
15771.6	-2.358059989632108
15773.2	-2.5206519896321082
15774.9	-3.2930427896321084
15776.6	-3.3639459896321093
15778.2	-3.063349989632109
15779.9	-2.1225849896321085
15781.6	-1.5914081896321084
15783.2	-1.2947980896321087
15784.9	-1.9294555896321086
15786.6	-2.576965789632109
15788.2	-3.463758989632109
15789.9	-3.3508279896321085
15791.6	-3.248724989632108
15793.2	-2.2035262896321086
15794.9	-2.201313029632108
15796.6	-2.2003468896321086
15798.3	-3.432383679632108
15799.9	-3.4605349896321087
15801.6	-3.1494139896321087
15803.3	-1.9956643896321087
15804.9	-1.7769580896321084
15806.6	-1.8849099896321078
15808.3	-2.997697389632109
15809.9	-3.8245924896321086
15811.6	-4.737291289632109
15813.3	-4.360363989632108
15814.9	-3.884529489632109
15816.6	-3.326293689632108
15818.3	-3.5856505896321083
15819.9	-3.5455779896321085
15821.6	-3.449194689632109
15823.3	-3.1507880896321088
15824.9	-3.2674743896321083
15826.6	-3.276346589632108
15828.3	-3.7301979896321087
15829.9	-3.153143699632109
15831.6	-3.178775989632108
15833.3	-2.6740109896321087
15834.9	-2.160045989632109
15836.6	-1.602556789632109
15838.3	-1.8959989896321083
15839.9	-1.7670019896321079
15841.6	-2.5607971896321082
15843.3	-3.223657189632108
15845.0	-4.0309889896321085
15846.6	-4.444071989632108
15848.3	-4.474478989632109
15850.0	-3.537437389632109
15851.6	-2.8028559896321084
15853.3	-2.0947009896321083
15855.0	-1.8005427046321087
15856.6	-1.8204069896321085
15858.3	-1.842338989632109
15860.0	-1.1438459896321083
15861.6	-1.1199535896321084
15863.3	-1.4541649896321087
15865.0	-2.340388989632108
15866.6	-3.0516669896321083
15868.3	-4.1757179896321075
15870.0	-3.8624381896321083
15871.6	-3.316588589632109
15873.3	-2.3123969896321084
15875.0	-1.2132149896321085
15876.6	-0.3554919896321085
15878.3	-0.5501369896321083
15880.0	-0.4190661896321085
15881.6	-1.636695989632108
15883.3	-2.722684229632109
15885.0	-3.8654319896321097
15886.6	-4.010447989632109
15888.3	-3.496949989632109
15890.0	-2.1113099896321086
15891.7	-1.3455519896321086
15893.3	-0.8900409896321083
15895.0	-1.4985899896321082
15896.7	-1.7710779896321085
15898.3	-2.4630089896321077
15900.0	-1.9945589896321088
15901.7	-1.581796989632109
15903.3	-1.107709989632108
15905.0	-1.4811169896321081
15906.7	-1.7269499896321086
15908.3	-2.925917989632109
15910.0	-3.1931019896321087
15911.7	-3.2576179896321085
15913.3	-2.863352989632108
15915.0	-2.6785361896321085
15916.7	-2.633925489632108
15918.3	-3.6731084896321087
15920.0	-4.249622989632108
15921.7	-4.906628989632109
15923.3	-3.770162989632108
15925.0	-2.6538370996321086
15926.7	-1.3283929896321087
15928.3	-1.1934046896321084
15930.0	-1.2920619896321086
15931.7	-2.227591989632109
15933.4	-2.2393059896321086
15935.0	-2.3793368896321088
15936.7	-1.5648732896321094
15938.4	-1.3438381896321085
15940.0	-1.0509653896321085
15941.7	-1.8991808896321078
15943.4	-2.456197489632109
15945.0	-3.6039179896321074
15946.7	-3.966252989632109
15948.4	-4.082849289632109
15950.0	-3.670795589632108
15951.7	-3.092553989632109
15953.4	-2.0037676896321086
15955.0	-1.745860289632109
15956.7	-1.9562545896321086
15958.4	-3.238720789632109
15960.0	-4.263676989632108
15961.7	-5.259059789632109
15963.4	-5.033615989632109
15965.0	-4.169203989632109
15966.7	-2.477265089632108
15968.4	-1.6335515796321083
15970.0	-1.0266229896321089
15971.7	-1.9287523896321084
15973.4	-2.7117529596321086
15975.0	-3.9651549896321088
15976.7	-4.122695989632108
15978.4	-4.592728989632108
15980.1	-4.375480989632109
15981.7	-4.4674387896321095
15983.4	-4.00400578963211
15985.1	-3.6593948896321096
15986.7	-2.8202092996321086
15988.4	-2.676456089632109
15990.1	-1.5328199896321084
15991.7	-1.4685449896321086
15993.4	-1.4718459896321086
15995.1	-2.1178569896321084
15996.7	-2.9325539896321082
15998.4	-3.6124229896321096
16000.1	-4.042332989632109
16001.7	-4.949046989632108
16003.4	-5.060760989632108
16005.1	-5.490820989632108
16006.7	-5.880516989632108
16008.4	-6.856897989632108
16010.1	-7.103823989632109
16011.7	-6.741402989632109
16013.4	-5.63158368963211
16015.1	-4.769657089632108
16016.7	-3.937010589632108
16018.4	-3.743334189632109
16020.1	-3.60534368963211
16021.7	-4.582386989632108
16023.4	-4.912137989632109
16025.1	-5.263482989632109
16026.8	-4.604995989632108
16028.4	-4.673944789632108
16030.1	-4.327319289632109
16031.8	-4.379339689632109
16033.4	-3.942188989632109
16035.1	-3.8388309896321084
16036.8	-3.581216989632108
16038.4	-3.592959219632108
16040.1	-3.2927904896321087
16041.8	-3.8115189896321082
16043.4	-4.146368289632108
16045.1	-4.9320479896321086
16046.8	-5.666618989632108
16048.4	-5.768138989632108
16050.1	-5.981713989632108
16051.8	-6.235515689632109
16053.4	-6.117297989632108
16055.1	-6.6033889896321085
16056.8	-6.157366989632109
16058.4	-5.826874989632108
16060.1	-5.274954989632109
16061.8	-4.931954589632109
16063.4	-4.249170789632109
16065.1	-4.0762483896321084
16066.8	-3.2393799896321083
16068.4	-2.940981789632108
16070.1	-2.2067489896321084
16071.8	-2.9886909896321097
16073.5	-3.631989989632109
16075.1	-4.920311989632108
16076.8	-4.720640189632109
16078.5	-3.8058822896321076
16080.1	-2.269949289632109
16081.8	-1.7733039896321088
16083.5	-1.5157299896321086
16085.1	-2.9008309896321096
16086.8	-4.242483089632108
16088.5	-5.260662089632109
16090.1	-5.145948589632108
16091.8	-4.724207689632108
16093.5	-4.415250589632108
16095.1	-5.070179989632109
16096.8	-5.0835319896321085
16098.5	-5.722453989632109
16100.1	-5.867143989632107
16101.8	-5.590404089632108
16103.5	-5.040903389632108
16105.1	-4.2778217896321085
16106.8	-3.498686989632108
16108.5	-3.410253489632108
16110.1	-2.263094089632108
16111.8	-1.6465459896321086
16113.5	-1.2743809896321088
16115.2	-1.1370619896321084
16116.8	-0.6843805896321088
16118.5	-1.1481062896321084
16120.2	-1.6116171296321085
16121.8	-3.0318609896321087
16123.5	-3.990226989632108
16125.2	-4.7135389896321085
16126.8	-4.839572989632107
16128.5	-5.3669429896321095
16130.2	-4.589036989632108
16131.8	-4.327277979632109
16133.5	-3.761385489632109
16135.2	-3.2858634896321086
16136.8	-2.2144210896321086
16138.5	-2.008254989632109
16140.2	-1.3500309896321085
16141.8	-1.928971989632108
16143.5	-1.9975259896321087
16145.2	-2.2353943896321082
16146.8	-1.9874849896321085
16148.5	-2.5101992896321086
16150.2	-2.4005878896321087
16151.8	-3.3697127896321084
16153.5	-3.6085899896321094
16155.2	-3.7047629896321084
16156.8	-2.8452019896321086
16158.5	-2.6048369896321084
16160.2	-1.7762729896321088
16161.9	-2.090187989632109
16163.5	-2.0579419896321087
16165.2	-3.061389989632109
16166.9	-3.379202989632108
16168.5	-3.3423849896321087
16170.2	-2.2708654896321088
16171.9	-2.0430135896321087
16173.5	-1.4613329896321083
16175.2	-1.6536149896321088
16176.9	-1.1238959896321083
16178.5	-1.2376188896321083
16180.2	-1.1657402596321087
16181.9	-1.7689872896321084
16183.5	-1.6574249896321085
16185.2	-2.0098549896321085
16186.9	-2.2219279896321087
16188.5	-2.2716058896321085
16190.2	-1.5103617896321087
16191.9	-0.8999986896321083
16193.5	-0.29080788963210874
16195.2	-0.8292342896321083
16196.9	-1.3749581896321081
16198.5	-1.9963900196321085
16200.2	-2.350772989632108
16201.9	-2.591070889632108
16203.5	-2.021083989632109
16205.2	-1.5501359896321094
16206.9	-1.4349511896321085
16208.6	-2.0498279896321088
16210.2	-2.6809529896321083
16211.9	-3.664876989632108
16213.6	-4.078095989632109
16215.2	-4.485234989632109
16216.9	-4.535183989632109
16218.6	-4.705581989632108
16220.2	-4.07623398963211
16221.9	-3.000553789632108
16223.6	-1.8725053896321087
16225.2	-1.3528212196321086
16226.9	-1.3542086896321086
16228.6	-2.4270819896321085
16230.2	-2.9215269896321083
16231.9	-4.2773859896321085
16233.6	-4.964283989632109
16235.2	-5.203931989632109
16236.9	-4.943452389632108
16238.6	-4.9615819896321085
16240.2	-4.180960989632109
16241.9	-3.3985559896321087
16243.6	-2.555858989632109
16245.2	-2.748906989632109
16246.9	-2.8475259896321092
16248.6	-3.3242519896321077
16250.2	-2.6972766896321088
16251.9	-2.8326329896321085
16253.6	-2.6430559896321077
16255.3	-2.945634989632109
16256.9	-3.829030989632109
16258.6	-5.169747989632109
16260.3	-5.447993989632108
16261.9	-5.573144989632109
16263.6	-4.244230689632108
16265.3	-4.13465078963211
16266.9	-3.2526901896321085
16268.6	-3.0160852896321084
16270.3	-2.885511689632108
16271.9	-2.972514989632108
16273.6	-2.6760347896321086
16275.3	-2.9654070896321088
16276.9	-2.733425589632108
16278.6	-3.325676889632109
16280.3	-3.105579389632109
16281.9	-2.7129653496321087
16283.6	-2.4633043196321083
16285.3	-2.0332190896321087
16286.9	-1.7032297896321082
16288.6	-2.3573990896321093
16290.3	-2.068419989632109
16291.9	-2.5439189896321084
16293.6	-2.346961289632108
16295.3	-1.7275589896321084
16297.0	-1.3916109896321083
16298.6	-1.5376439896321084
16300.3	-1.5576169896321086
16302.0	-3.097040989632108
16303.6	-3.643020789632108
16305.3	-4.9292009896321085
16307.0	-5.397445089632107
16308.6	-5.832433989632108
16310.3	-5.541796989632108
16312.0	-5.5729019896321095
16313.6	-5.037033989632109
16315.3	-5.114425589632109
16317.0	-4.68191918963211
16318.6	-4.710054989632108
16320.3	-3.6164051696321082
16322.0	-2.4887031896321083
16323.6	-1.1545649896321082
16325.3	-0.7342432896321084
16327.0	-0.4497579896321085
16328.6	-1.8120814896321082
16330.3	-3.2750306396321087
16332.0	-4.7555079896321075
16333.6	-5.342606989632108
16335.3	-5.514466489632108
16337.0	-4.714800089632109
16338.6	-4.397545279632109
16340.3	-3.4974469896321083
16342.0	-3.1768789896321086
16343.7	-2.838859189632109
16345.3	-2.9759669896321084
16347.0	-2.4681277196321085
16348.7	-2.7664999896321087
16350.3	-2.1150359896321085
16352.0	-2.3612559896321086
16353.7	-2.7223919896321087
16355.3	-3.959579989632109
16357.0	-4.9472529896321085
16358.7	-6.030235989632109
16360.3	-5.291727989632109
16362.0	-4.636420589632108
16363.7	-2.161004389632109
16365.3	-1.2211344896321088
16367.0	0.031265810367891333
16368.7	0.12191201036789127
16370.3	0.2601937663678916
16372.0	-0.19950228963210853
16373.7	-0.3059158896321083
16375.3	-1.1620501896321085
16377.0	-1.4150451896321088
16378.7	-2.6805318896321086
16380.3	-2.7101119896321086
16382.0	-2.478629789632108
16383.7	-1.9160045896321087
16385.3	-1.8433379896321085
16387.0	-1.996873289632108
16388.7	-3.2114922896321083
16390.4	-4.355111989632109
16392.0	-5.777479289632108
16393.7	-6.340721889632109
16395.4	-6.295822989632108
16397.0	-5.379947989632108
16398.7	-4.803442989632109
16400.4	-3.7960439896321083
16402.0	-3.643768989632109
16403.7	-3.255084989632109
16405.4	-3.6982646896321087
16407.0	-3.7919191896321087
16408.7	-4.742294989632109
16410.4	-5.566926989632109
16412.0	-6.529181989632109
16413.7	-7.605731989632107
16415.4	-8.209081989632107
16417.0	-7.4495599896321085
16418.7	-6.377160989632109
16420.4	-4.178238989632109
16422.0	-2.5196709896321092
16423.7	-1.3381706896321086
16425.4	-1.025770189632109
16427.0	-1.3748109896321086
16428.7	-2.6317323896321088
16430.4	-3.2326696896321083
16432.0	-3.536277989632109
16433.7	-3.065451989632108
16435.4	-2.5500594896321087
16437.1	-1.8099754896321092
16438.7	-1.8597497896321085
16440.4	-1.6895089896321085
16442.1	-2.667612989632109
16443.7	-2.927890989632109
16445.4	-3.1664982796321084
16447.1	-3.4415199896321083
16448.7	-3.697936989632109
16450.4	-3.973558989632108
16452.1	-4.402819389632108
16453.7	-4.450192989632108
16455.4	-5.236048989632108
16457.1	-5.378802989632108
16458.7	-5.762677989632108
16460.4	-5.810787989632108
16462.1	-5.673920989632109
16463.7	-4.9703709896321095
16465.4	-4.679676089632109
16467.1	-4.052922989632108
16468.7	-4.233199289632109
16470.4	-4.2472523896321075
16472.1	-4.3806875896321085
16473.7	-4.020069469632108
16475.4	-3.8599859896321087
16477.1	-3.0258882396321085
16478.8	-3.2608726896321087
16480.4	-3.200100289632109
16482.1	-4.101110989632108
16483.8	-4.861569989632109
16485.4	-5.28487108963211
16487.1	-5.220916439632109
16488.8	-5.0123699896321074
16490.4	-4.2522299896321085
16492.1	-4.2682739896321085
16493.8	-4.166237989632108
16495.4	-4.788163989632109
16497.1	-4.664295989632109
16498.8	-4.691196489632109
16500.4	-4.234237789632108
16502.1	-4.2630151996321075
16503.8	-3.796275289632109
16505.4	-3.369987889632108
16507.1	-2.873414189632108
16508.8	-2.6777199896321084
16510.4	-1.925356989632108
16512.1	-1.849073989632108
16513.8	-1.4601749896321086
16515.4	-2.0376519896321086
16517.1	-1.5269989896321088
16518.8	-1.1150850896321085
16520.4	-0.9584509096321083
16522.1	-1.250143689632108
16523.8	-1.830850389632109
16525.5	-3.3232539896321085
16527.1	-4.424852989632109
16528.8	-5.15030598963211
16530.5	-4.748229989632109
16532.1	-3.9689649896321084
16533.8	-3.309721389632108
16535.5	-3.104566089632109
16537.1	-2.7819489896321086
16538.8	-2.7543869896321085
16540.5	-3.252919189632108
16542.1	-3.700960089632109
16543.8	-4.546166489632109
16545.5	-5.539290989632109
16547.1	-5.782411489632109
16548.8	-5.548791989632109
16550.5	-4.915465989632109
16552.1	-4.412157889632107
16553.8	-4.34381698963211
16555.5	-4.974873589632108
16557.1	-5.354817989632108
16558.8	-6.07537498963211
16560.5	-5.660552489632108
16562.1	-5.264279989632108
16563.8	-5.166285989632109
16565.5	-5.588863989632108
16567.1	-5.583554989632109
16568.8	-6.2171869896321095
16570.5	-6.229216989632109
16572.2	-6.349718989632109
16573.8	-5.589080989632109
16575.5	-4.620697589632109
16577.2	-4.438823989632109
16578.8	-5.2522999896321085
16580.5	-5.738705189632109
16582.2	-6.827765989632108
16583.8	-7.486310989632107
16585.5	-7.87830398963211
16587.2	-7.95006698963211
16588.8	-8.043150789632108
16590.5	-8.10735018963211
16592.2	-7.851281489632109
16593.8	-6.673071089632108
16595.5	-5.815686989632111
16597.2	-4.637273989632109
16598.8	-4.058278989632108
16600.5	-3.5225109896321087
16602.2	-3.255388989632108
16603.8	-2.9986139896321085
16605.5	-2.7179659896321082
16607.2	-2.4065482896321084
16608.8	-3.257716589632108
16610.5	-4.119487989632109
16612.2	-5.251297989632109
16613.8	-5.947066989632109
16615.5	-5.735234989632109
16617.2	-5.0506299896321085
16618.9	-4.363538989632109
16620.5	-3.8121211896321086
16622.2	-3.866787789632108
16623.9	-4.243959089632108
16625.5	-5.754482989632107
16627.2	-6.484029989632107
16628.9	-6.55810698963211
16630.5	-5.915840389632108
16632.2	-5.200982989632109
16633.9	-4.714983489632108
16635.5	-4.6912049896321095
16637.2	-4.576311989632108
16638.9	-5.57325298963211
16640.5	-5.0292159896321085
16642.2	-4.68582998963211
16643.9	-3.3300279896321094
16645.5	-2.7759069896321082
16647.2	-2.5116655896321083
16648.9	-3.101416989632109
16650.5	-3.439282989632109
16652.2	-4.581787189632108
16653.9	-4.861859889632109
16655.5	-5.341373989632108
16657.2	-4.556730989632109
16658.9	-3.992993389632108
16660.6	-2.6330367896321087
16662.2	-2.289788989632109
16663.9	-2.2498469896321085
16665.6	-2.8729693896321082
16667.2	-3.045733989632107
16668.9	-3.3501989896321076
16670.6	-2.4856629896321087
16672.2	-2.2204869896321084
16673.9	-1.3702870896321087
16675.6	-1.6101335896321085
16677.2	-1.8798646896321087
16678.9	-2.549279289632109
16680.6	-2.637584989632109
16682.2	-3.4834749896321084
16683.9	-3.595120989632109
16685.6	-4.508394989632109
16687.2	-4.226790989632109
16688.9	-4.37145598963211
16690.6	-3.5332882096321088
16692.2	-3.0382509896321084
16693.9	-1.9759149896321084
16695.6	-1.9935699896321082
16697.2	-2.0268669896321088
16698.9	-2.971112469632108
16700.6	-2.899581989632109
16702.2	-3.0654565896321087
16703.9	-1.8825452896321093
16705.6	-1.9378659896321082
16707.3	-1.8310219896321083
16708.9	-3.1765247896321083
16710.6	-4.8926389896321085
16712.3	-7.371996989632109
16713.9	-8.530608989632109
16715.6	-9.520026989632107
16717.3	-8.704106989632109
16718.9	-8.562724989632109
16720.6	-7.278918989632108
16722.3	-6.3306979896321085
16723.9	-4.992726089632109
16725.6	-4.907115989632109
16727.3	-4.840289989632109
16728.9	-4.935577989632108
16730.6	-4.23431398963211
16732.3	-3.871816189632109
16733.9	-2.8213002896321084
16735.6	-2.4717779896321086
16737.3	-2.242963989632109
16738.9	-3.1926189896321087
16740.6	-3.9015019896321084
16742.3	-4.420987989632109
16743.9	-3.7837256896321088
16745.6	-3.9200859896321085
16747.3	-3.8304129896321086
16748.9	-4.8488069896321075
16750.6	-5.701177989632108
16752.3	-6.86915498963211
16754.0	-6.565878989632109
16755.6	-6.156864989632108
16757.3	-4.5685299896321085
16759.0	-3.7456589896321093
16760.6	-3.1703999896321093
16762.3	-3.2576841996321084
16764.0	-3.5081496896321083
16765.6	-4.3921939896321085
16767.3	-4.224037989632109
16769.0	-4.359661989632107
16770.6	-4.3746569896321095
16772.3	-4.73060298963211
16774.0	-5.150379989632109
16775.6	-5.747541989632109
16777.3	-5.892132989632108
16779.0	-6.559152989632108
16780.6	-6.000450089632109
16782.3	-5.404257999632109
16784.0	-4.575927989632109
16785.6	-3.6718099896321093
16787.3	-2.334177889632109
16789.0	-1.2821049896321086
16790.6	-0.1322929896321087
16792.3	-0.22535568963210836
16794.0	-0.33077398963210847
16795.6	-1.233621989632109
16797.3	-1.8210374896321084
16799.0	-2.8811562896321083
16800.7	-3.143581089632108
16802.3	-3.547892989632109
16804.0	-3.8089815896321086
16805.7	-4.461554989632108
16807.3	-4.882413989632108
16809.0	-5.913357489632108
16810.7	-5.736249189632109
16812.3	-6.130995989632109
16814.0	-5.567338989632108
16815.7	-4.518314189632108
16817.3	-3.1827049896321093
16819.0	-2.2207629896321084
16820.7	-1.773908989632109
16822.3	-2.1054159896321085
16824.0	-2.2238409896321087
16825.7	-2.6271159896321086
16827.3	-2.298744989632108
16829.0	-2.0453299896321084
16830.7	-1.4937059896321085
16832.3	-2.2647669896321085
16834.0	-3.5784809896321086
16835.7	-5.200332989632109
16837.3	-6.160255989632109
16839.0	-6.51200598963211
16840.7	-6.072844989632109
16842.4	-5.0578989896321085
16844.0	-3.439620689632109
16845.7	-2.4949972196321086
16847.4	-2.030352689632109
16849.0	-2.358407989632109
16850.7	-3.099105589632109
16852.4	-3.5669156896321086
16854.0	-3.917431989632108
16855.7	-3.7845399896321084
16857.4	-3.2854109896321093
16859.0	-3.290142989632109
16860.7	-3.638164989632108
16862.4	-4.682613989632108
16864.0	-5.406335989632109
16865.7	-5.889624989632109
16867.4	-5.916616989632109
16869.0	-5.677642989632109
16870.7	-5.132011989632109
16872.4	-4.918259989632108
16874.0	-4.001895159632109
16875.7	-3.6785259896321088
16877.4	-3.0065157896321084
16879.0	-2.321193889632109
16880.7	-1.2212507896321088
16882.4	-0.0876999896321083
16884.0	1.1440127103678914
16885.7	1.3362401103678914
16887.4	1.3151328103678916
16889.1	-0.07479798963210822
16890.7	-1.3498489896321082
16892.4	-3.5898749896321087
16894.1	-4.738180989632108
16895.7	-5.836286989632107
16897.4	-6.385605989632109
16899.1	-6.7177199896321085
16900.7	-6.2600379896321074
16902.4	-6.241200989632107
16904.1	-5.431064989632109
16905.7	-5.437634989632109
16907.4	-4.759380989632108
16909.1	-3.949939989632109
16910.7	-2.896570289632108
16912.4	-2.578729189632109
16914.1	-2.3286404896321082
16915.7	-2.4978843296321087
16917.4	-3.2299647896321084
16919.1	-3.914143589632109
16920.7	-3.832468989632109
16922.4	-4.094254989632108
16924.1	-3.6138926896321086
16925.7	-3.5302359896321085
16927.4	-3.437117989632109
16929.1	-3.4164149896321083
16930.7	-3.8849039896321087
16932.4	-4.690413889632109
16934.1	-4.663042989632109
16935.8	-4.752469749632109
16937.4	-4.769936989632109
16939.1	-4.671002989632108
16940.8	-4.3281369896321085
16942.4	-4.391745889632108
16944.1	-3.9321359896321093
16945.8	-3.746859389632108
16947.4	-3.415317989632109
16949.1	-3.6638769896321093
16950.8	-4.229418989632108
16952.4	-5.000142989632108
16954.1	-4.856316189632108
16955.8	-4.747188989632109
16957.4	-3.4522982896321084
16959.1	-2.3309651296321086
16960.8	-1.2250951896321083
16962.4	-0.9194509896321084
16964.1	-0.5571861896321083
16965.8	-1.7492392896321083
16967.4	-3.1524348896321093
16969.1	-5.062209989632108
16970.8	-6.3170239896321085
16972.4	-7.203865989632108
16974.1	-6.836072989632109
16975.8	-6.2049869896321095
16977.4	-5.084912989632108
16979.1	-4.825117989632108
16980.8	-4.8900728896321075
16982.5	-4.977887989632109
16984.1	-4.536096589632108
16985.8	-5.165491989632109
16987.5	-4.813091989632109
16989.1	-4.761490989632109
16990.8	-5.107726989632108
16992.5	-5.62318498963211
16994.1	-5.250845789632109
16995.8	-5.177518989632109
16997.5	-4.521136989632109
16999.1	-4.871326989632108
17000.8	-4.673555989632108
17002.5	-4.125650789632108
17004.1	-3.4979959896321082
17005.8	-3.1512709896321085
17007.5	-2.1623799896321083
17009.1	-2.1141229896321088
17010.8	-2.1563249896321084
17012.5	-2.4793541296321084
17014.1	-2.4786419896321084
17015.8	-2.5375159896321082
17017.5	-2.638451589632109
17019.1	-3.3415679896321087
17020.8	-4.250163789632109
17022.5	-5.819178789632108
17024.2	-6.675657989632109
17025.8	-7.404101289632109
17027.5	-6.999538989632109
17029.2	-6.7139399896321095
17030.8	-6.011725089632108
17032.5	-5.123649989632108
17034.2	-5.067543989632108
17035.8	-5.6565796896321086
17037.5	-5.427624459632108
17039.2	-5.077268419632108
17040.8	-3.333924589632109
17042.5	-1.8647359896321085
17044.2	-0.8823484896321085
17045.8	-0.33618798963210883
17047.5	-0.8255098896321087
17049.2	-2.2113309896321085
17050.8	-2.7239779896321075
17052.5	-3.5308103896321086
17054.2	-3.1343319896321087
17055.8	-3.3773817896321083
17057.5	-3.7906979896321085
17059.2	-3.9309099896321085
17060.8	-3.475633989632109
17062.5	-3.209977989632108
17064.2	-1.997718989632109
17065.8	-1.992835789632108
17067.5	-2.044113489632108
17069.2	-3.009291589632109
17070.9	-4.088558789632108
17072.5	-4.470099389632109
17074.2	-4.469732989632108
17075.9	-4.532196989632109
17077.5	-4.029068989632108
17079.2	-4.235042989632109
17080.9	-4.159404989632108
17082.5	-4.417193989632109
17084.2	-4.101022089632108
17085.9	-3.554895989632109
17087.5	-2.7222179896321084
17089.2	-2.2674209896321083
17090.9	-1.8394329896321089
17092.5	-1.823544989632109
17094.2	-1.9029689896321087
17095.9	-2.701676479632108
17097.5	-2.9140956896321084
17099.2	-3.5570973896321085
17100.9	-4.0402048896321086
17102.5	-4.553867599632109
17104.2	-5.6835419896321095
17105.9	-6.906469989632109
17107.5	-7.547800989632108
17109.2	-8.447901989632108
17110.9	-8.43349898963211
17112.5	-7.893440989632109
17114.2	-7.097760989632109
17115.9	-6.614194989632109
17117.6	-5.290339989632108
17119.2	-4.959212989632109
17120.9	-3.949809989632109
17122.6	-3.9054799896321084
17124.2	-3.924978989632108
17125.9	-4.979966689632109
17127.6	-5.727359989632108
17129.2	-7.563270989632107
17130.9	-7.7552419896321085
17132.6	-7.97023998963211
17134.2	-6.422941689632109
17135.9	-4.965374589632108
17137.6	-3.317066989632108
17139.2	-2.7761609896321087
17140.9	-2.1728136896321084
17142.6	-2.347490989632109
17144.2	-1.7167412896321088
17145.9	-2.054688989632109
17147.6	-1.780364089632109
17149.2	-2.3449195896321084
17150.9	-2.9231635896321086
17152.6	-4.328843989632109
17154.2	-4.351228989632109
17155.9	-5.006827989632108
17157.6	-4.984264989632108
17159.2	-5.866194989632108
17160.9	-6.406013189632108
17162.6	-7.140262989632109
17164.3	-6.68936698963211
17165.9	-6.310142689632109
17167.6	-4.924194989632109
17169.3	-4.299158989632107
17170.9	-3.7516399896321078
17172.6	-4.020596789632108
17174.3	-3.621336989632108
17175.9	-3.9145929896321077
17177.6	-3.449207589632109
17179.3	-3.3243309896321085
17180.9	-2.6089539896321083
17182.6	-2.7825719896321077
17184.3	-3.263743989632109
17185.9	-4.188313989632109
17187.6	-4.342311989632109
17189.3	-5.109864989632109
17190.9	-5.42990948963211
17192.6	-5.223548589632109
17194.3	-4.196361689632109
17195.9	-3.4944999896321094
17197.6	-3.5217009896321088
17199.3	-4.042010989632109
17200.9	-3.838147989632108
17202.6	-3.2863966896321073
17204.3	-2.603862989632108
17206.0	-1.2526029896321085
17207.6	0.08304681036789144
17209.3	-0.4211386896321082
17211.0	-1.5625203896321092
17212.6	-3.8780717896321093
17214.3	-5.214214989632109
17216.0	-6.488095989632109
17217.6	-7.210265989632108
17219.3	-7.632999989632109
17221.0	-7.774356989632109
17222.6	-8.817294989632108
17224.3	-9.011139989632108
17226.0	-9.313428989632108
17227.6	-8.775718989632109
17229.3	-8.287648989632107
17231.0	-7.3208189896321105
17232.6	-6.587492989632109
17234.3	-6.0763519896321085
17236.0	-6.4720929896321095
17237.6	-6.961903989632108
17239.3	-7.384128959632108
17241.0	-7.607498239632108
17242.6	-7.646571989632109
17244.3	-6.838212989632109
17246.0	-6.661593989632108
17247.6	-6.197481989632108
17249.3	-5.848567989632109
17251.0	-5.971528789632108
17252.7	-5.977128509632109
17254.3	-5.4634664896321095
17256.0	-5.50004218963211
17257.7	-4.141452289632108
17259.3	-3.812409489632109
17261.0	-2.6189551896321084
17262.7	-2.4320289896321086
17264.3	-2.3553472896321086
17266.0	-3.4579619896321083
17267.7	-3.756041989632108
17269.3	-5.045122989632108
17271.0	-4.8285629896321085
17272.7	-5.051899989632108
17274.3	-4.233679689632107
17276.0	-4.503501889632107
17277.7	-4.7312359896321095
17279.3	-5.544756989632108
17281.0	-5.804082989632109
17282.7	-6.337409389632109
17284.3	-5.549855889632108
17286.0	-4.569099989632109
17287.7	-3.2179639896321084
17289.3	-2.494331989632109
17291.0	-2.291976789632108
17292.7	-2.3817710896321094
17294.3	-2.598518989632108
17296.0	-3.7698024896321085
17297.7	-4.223266189632109
17299.4	-5.18120598963211
17301.0	-5.13443098963211
17302.7	-4.8357651896321086
17304.4	-4.229529989632108
17306.0	-3.221933989632108
17307.7	-2.5397989896321085
17309.4	-2.5114379896321086
17311.0	-2.317241389632109
17312.7	-2.816346764632108
17314.4	-2.602393989632108
17316.0	-2.6496789896321085
17317.7	-2.475822989632109
17319.4	-3.0163647396321083
17321.0	-3.650419489632109
17322.7	-4.532668989632108
17324.4	-5.245746989632108
17326.0	-5.923732989632109
17327.7	-6.095257989632108
17329.4	-6.85258348963211
17331.0	-6.89200398963211
17332.7	-7.418692989632109
17334.4	-6.628429989632108
17336.0	-6.370575289632109
17337.7	-5.984026789632109
17339.4	-6.2096878596321075
17341.0	-6.839431989632109
17342.7	-8.45140408963211
17344.4	-9.25567398963211
17346.1	-9.40485798963211
17347.7	-8.25300398963211
17349.4	-7.398957989632109
17351.1	-6.618353489632108
17352.7	-6.362114589632109
17354.4	-5.44028328963211
17356.1	-5.061584229632109
17357.7	-4.638527089632109
17359.4	-3.4672519896321092
17361.1	-2.9384986896321093
17362.7	-3.6183239896321084
17364.4	-4.357175989632109
17366.1	-5.605262989632108
17367.7	-5.4318439896321085
17369.4	-5.404980989632109
17371.1	-4.8629389896321085
17372.7	-4.676123689632108
17374.4	-4.73102048963211
17376.1	-5.4885939896321085
17377.7	-5.625144989632109
17379.4	-5.689375989632109
17381.1	-5.056317989632109
17382.7	-5.2108557896321095
17384.4	-4.902329489632109
17386.1	-4.922141989632109
17387.8	-4.970308189632108
17389.4	-4.619129989632109
17391.1	-3.6936589896321097
17392.8	-2.997531189632108
17394.4	-2.6617729896321096
17396.1	-3.0810779896321088
17397.8	-3.166966989632109
17399.4	-3.100952989632108
17401.1	-2.322962989632109
17402.8	-0.8084603896321081
17404.4	0.3933630103678919
17406.1	0.6189150103678916
17407.8	-0.11753128963210839
17409.4	-1.9149735896321083
17411.1	-2.618137989632108
17412.8	-2.7501062896321082
17414.4	-2.396933989632109
17416.1	-1.5010199896321084
17417.8	-1.597335289632109
17419.4	-2.557595989632108
17421.1	-3.6076989896321088
17422.8	-4.7790199896321095
17424.4	-4.968012989632109
17426.1	-4.882925989632108
17427.8	-4.334474989632108
17429.4	-4.229456989632109
17431.1	-3.110418299632108
17432.8	-2.5235720896321077
17434.5	-1.9653723896321083
17436.1	-2.379628189632109
17437.8	-2.1560169096321085
17439.5	-2.6781428896321087
17441.1	-2.2389866896321085
17442.8	-2.629694989632109
17444.5	-1.6595489896321083
17446.1	-1.4826089896321086
17447.8	-1.667137389632109
17449.5	-2.835159739632109
17451.1	-3.351725989632108
17452.8	-4.082658989632108
17454.5	-3.854233989632109
17456.1	-4.0152499896321086
17457.8	-2.911221829632109
17459.5	-2.4940447896321087
17461.1	-2.467830389632109
17462.8	-2.804495489632109
17464.5	-2.7639549896321083
17466.1	-3.478694989632108
17467.8	-3.483976989632109
17469.5	-4.571958989632108
17471.1	-5.402390989632108
17472.8	-6.566886289632107
17474.5	-6.378485989632109
17476.1	-5.677812989632109
17477.8	-3.9458379896321083
17479.5	-3.0077452896321093
17481.2	-2.2762299896321085
17482.8	-2.5906267896321085
17484.5	-3.2459168896321087
17486.2	-4.708742989632109
17487.8	-5.7567219896321085
17489.5	-6.982943989632109
17491.2	-7.874056989632107
17492.8	-8.722106989632106
17494.5	-9.13845198963211
17496.2	-8.941564989632107
17497.8	-7.919114989632109
17499.5	-7.138778989632108
17501.2	-5.952077989632109
17502.8	-4.6865529896321085
17504.5	-3.2285485896321084
17506.2	-2.253004789632109
17507.8	-1.9479418896321086
17509.5	-2.762833989632109
17511.2	-3.074308789632109
17512.8	-4.375758989632109
17514.5	-5.452158089632109
17516.2	-5.789824689632108
17517.8	-5.449628989632108
17519.5	-4.990649019632108
17521.2	-4.015763989632109
17522.8	-3.796134989632109
17524.5	-2.569831789632109
17526.2	-1.9710925896321085
17527.9	-1.5696099896321085
17529.5	-2.3952353896321084
17531.2	-3.3960529896321083
17532.9	-5.031677989632108
17534.5	-5.897368989632108
17536.2	-6.186584989632108
17537.9	-5.32511398963211
17539.5	-4.674768789632108
17541.2	-3.7498039896321087
17542.9	-4.410467189632109
17544.5	-4.666344989632109
17546.2	-4.885747989632109
17547.9	-4.1308969896321095
17549.5	-3.8730419896321093
17551.2	-3.3497589896321083
17552.9	-3.9948858896321084
17554.5	-4.160074689632108
17556.2	-4.377697089632109
17557.9	-3.9308471896321073
17559.5	-3.4368780596321082
17561.2	-2.0924079896321084
17562.9	-2.6185619896321084
17564.5	-2.9527639896321083
17566.2	-3.5536777896321086
17567.9	-3.286672889632108
17569.6	-2.6724729896321087
17571.2	-1.7813530596321083
17572.9	-2.1045639896321084
17574.6	-2.643470519632108
17576.2	-4.120636089632109
17577.9	-5.494600989632108
17579.6	-6.04835898963211
17581.2	-5.762892989632109
17582.9	-5.869325989632108
17584.6	-5.121366989632109
17586.2	-4.555977089632109
17587.9	-3.7702551896321084
17589.6	-3.1344907896321086
17591.2	-2.4047634896321077
17592.9	-2.101454189632109
17594.6	-1.9033139896321092
17596.2	-3.0256049896321087
17597.9	-3.1783719896321085
17599.6	-3.2357739896321087
17601.2	-2.5206659896321084
17602.9	-2.212392989632108
17604.6	-1.917655779632108
17606.2	-2.7661209896321086
17607.9	-3.7256929896321083
17609.6	-5.306003989632108
17611.2	-5.785025989632108
17612.9	-5.077510989632108
17614.6	-3.684495989632109
17616.3	-3.060213489632109
17617.9	-2.351831589632109
17619.6	-2.3844459896321086
17621.3	-2.6482176896321086
17622.9	-2.9161019896321085
17624.6	-2.9409049896321084
17626.3	-2.919234989632108
17627.9	-2.3845649896321084
17629.6	-2.446559989632109
17631.3	-2.2047039896321086
17632.9	-2.1608009896321088
17634.6	-2.360364889632109
17636.3	-3.488239989632109
17637.9	-3.8761609896321083
17639.6	-4.35096648963211
17641.3	-4.122939289632108
17642.9	-3.4956809896321084
17644.6	-2.8937909896321083
17646.3	-2.529476489632108
17647.9	-2.137526389632108
17649.6	-3.078815989632108
17651.3	-3.5710639896321084
17652.9	-4.445234989632109
17654.6	-4.542384989632109
17656.3	-4.673794089632109
17657.9	-4.278578989632108
17659.6	-3.653927989632109
17661.3	-3.010503989632108
17663.0	-3.687163989632108
17664.6	-3.976827989632109
17666.3	-4.675319889632108
17668.0	-4.912682989632109
17669.6	-5.238592989632109
17671.3	-5.035067989632109
17673.0	-4.597718889632108
17674.6	-3.777834189632108
17676.3	-3.910844989632109
17678.0	-3.826302989632109
17679.6	-3.7491219896321084
17681.3	-3.6777549896321076
17683.0	-3.463221989632109
17684.6	-2.955722529632108
17686.3	-2.520245989632109
17688.0	-2.401190089632109
17689.6	-3.1186939896321086
17691.3	-4.221311089632108
17693.0	-5.2929219896321085
17694.6	-5.8127089896321085
17696.3	-5.995883389632108
17698.0	-5.440997989632107
17699.6	-4.480133989632109
17701.3	-3.7650709896321084
17703.0	-3.3116739896321086
17704.6	-3.0450994896321086
17706.3	-3.020713457632108
17708.0	-2.573602789632109
17709.7	-2.2663349896321083
17711.3	-1.5913734396321082
17713.0	-1.0785286896321087
17714.7	-0.8100129896321085
17716.3	-1.801074989632109
17718.0	-2.8323689896321085
17719.7	-4.671776989632109
17721.3	-5.69819628963211
17723.0	-6.034778989632108
17724.7	-5.556260989632109
17726.3	-4.733612989632109
17728.0	-4.0542269896321095
17729.7	-4.824902489632108
17731.3	-5.139216989632109
17733.0	-5.84438598963211
17734.7	-5.523178989632108
17736.3	-5.519256289632109
17738.0	-5.58628128963211
17739.7	-6.242331989632109
17741.3	-6.697612589632108
17743.0	-7.23048298963211
17744.7	-6.172056989632108
17746.3	-4.838702989632108
17748.0	-3.2021489896321085
17749.7	-2.785381389632108
17751.4	-2.0334019896321083
17753.0	-2.715756839632108
17754.7	-2.8741423896321088
17756.4	-3.694862989632109
17758.0	-4.288034989632108
17759.7	-5.186541989632109
17761.4	-5.567912989632109
17763.0	-7.006285089632106
17764.7	-7.55368108963211
17766.4	-8.105608989632108
17768.0	-6.848189989632109
17769.7	-5.119811289632108
17771.4	-2.989161389632108
17773.0	-1.9285227896321087
17774.7	-1.3832939896321086
17776.4	-2.3649839896321088
17778.0	-3.694846589632109
17779.7	-4.613844989632108
17781.4	-4.503176989632108
17783.0	-4.355405989632109
17784.7	-4.684747989632109
17786.4	-5.503771989632108
17788.0	-6.199943989632108
17789.7	-6.843148989632108
17791.4	-7.03121298963211
17793.0	-7.042920289632107
17794.7	-6.958956989632109
17796.4	-6.738862989632109
17798.1	-5.624964989632109
17799.7	-3.896427089632109
17801.4	-1.829495889632108
17803.1	-0.9335019896321086
17804.7	-1.0547043896321084
17806.4	-2.5505221896321086
17808.1	-4.764926989632109
17809.7	-6.894749989632108
17811.4	-6.89873798963211
17813.1	-6.288445389632108
17814.7	-4.607146989632109
17816.4	-3.8165699896321086
17818.1	-3.4221099896321077
17819.7	-3.4570049896321087
17821.4	-3.9524033896321087
17823.1	-4.783479289632109
17824.7	-4.492975989632108
17826.4	-4.109037689632109
17828.1	-3.483460309632109
17829.7	-2.9381594896321084
17831.4	-2.4341129896321085
17833.1	-2.5267763896321087
17834.7	-2.4129029896321086
17836.4	-3.1652689896321085
17838.1	-2.4967181896321087
17839.7	-2.263415989632109
17841.4	-1.7180789896321087
17843.1	-1.7517819896321085
17844.8	-2.3686499896321083
17846.4	-3.716768989632109
17848.1	-4.9891849896321085
17849.8	-6.57048698963211
17851.4	-6.361915089632108
17853.1	-5.615459989632109
17854.8	-3.9057679896321096
17856.4	-3.308412489632109
17858.1	-3.004743189632109
17859.8	-3.224497589632109
17861.4	-4.365823089632108
17863.1	-5.4095409896321085
17864.8	-5.555162589632109
17866.4	-5.604985089632109
17868.1	-4.400942989632109
17869.8	-4.568832989632108
17871.4	-4.453656989632109
17873.1	-5.006782989632109
17874.8	-5.2977389896321085
17876.4	-6.674106989632106
17878.1	-6.432941989632108
17879.8	-6.285105989632108
17881.4	-5.864208989632109
17883.1	-5.163693989632109
17884.8	-4.607654989632108
17886.4	-4.5222079896321095
17888.1	-4.139776989632108
17889.8	-5.103099989632109
17891.5	-5.535090689632108
17893.1	-5.927901989632108
17894.8	-6.372267489632107
17896.5	-5.822097089632109
17898.1	-5.465903189632107
17899.8	-5.210994189632109
17901.5	-4.528089989632109
17903.1	-4.767761289632109
17904.8	-4.5452669896321085
17906.5	-4.583489429632108
17908.1	-4.295194989632108
17909.8	-4.059619989632109
17911.5	-3.932230589632108
17913.1	-3.6433529896321075
17914.8	-2.716940989632108
17916.5	-2.0549869896321082
17918.1	-1.0201629896321085
17919.8	-0.13035798963210823
17921.5	0.04269941036789175
17923.1	-0.3306599896321087
17924.8	-0.7926010996321086
17926.5	-1.7749489896321085
17928.1	-2.2944969196321088
17929.8	-3.0199399896321086
17931.5	-3.5565659896321087
17933.2	-3.9668330896321082
17934.8	-4.557180789632108
17936.5	-5.723625889632109
17938.2	-5.346299489632108
17939.8	-5.453070589632109
17941.5	-5.006689189632108
17943.2	-5.132142989632108
17944.8	-5.029262989632109
17946.5	-5.335627989632108
17948.2	-4.704230189632108
17949.8	-4.216998989632109
17951.5	-2.691186989632109
17953.2	-1.6641862896321087
17954.8	-0.1795549896321087
17956.5	0.32404061036789145
17958.2	0.23135791036789125
17959.8	0.41602031036789155
17961.5	0.49323771036789144
17963.2	-0.4728890896321086
17964.8	-0.8532389896321086
17966.5	-2.082171989632109
17968.2	-2.064992989632109
17969.8	-2.623938769632109
17971.5	-3.8049939896321083
17973.2	-4.955261989632108
17974.8	-6.4085759896321095
17976.5	-7.968466989632108
17978.2	-8.459740989632108
17979.9	-8.82644498963211
17981.5	-8.051808989632109
17983.2	-7.891838989632108
17984.9	-7.216860989632108
17986.5	-6.2849029896321085
17988.2	-5.693505989632109
17989.9	-5.183825989632109
17991.5	-4.4796279896321085
17993.2	-4.420076989632109
17994.9	-4.461575989632109
17996.5	-4.900452989632107
17998.2	-4.878319729632108
17999.9	-4.986872389632108
18001.5	-5.021744989632108
18003.2	-5.775645989632109
18004.9	-5.683361989632108
18006.5	-5.6891126896321085
18008.2	-5.234347989632109
18009.9	-4.572459989632108
18011.5	-3.389613989632108
18013.2	-2.5248439896321084
18014.9	-1.3033636896321088
18016.5	-0.9466697896321085
18018.2	-0.8097056896321092
18019.9	-1.7132704396321088
18021.5	-2.799475989632108
18023.2	-4.001548989632108
18024.9	-4.914241149632109
18026.6	-6.17547698963211
18028.2	-6.055618689632108
18029.9	-6.02332198963211
18031.6	-4.679789989632108
18033.2	-4.114843989632108
18034.9	-3.3133969896321083
18036.6	-3.2565973056321083
18038.2	-3.1803492896321086
18039.9	-4.247922989632109
18041.6	-4.70523598963211
18043.2	-5.4884539896321085
18044.9	-5.249729989632107
18046.6	-6.000163989632108
18048.2	-6.410629989632109
18049.9	-7.321362989632108
18051.6	-7.672354989632109
18053.2	-8.25636698963211
18054.9	-8.184850789632106
18056.6	-8.01936328963211
18058.2	-7.75220928963211
18059.9	-7.6582373896321085
18061.6	-7.055099989632107
18063.2	-6.301860989632109
18064.9	-4.505181989632108
18066.6	-3.592512989632108
18068.2	-2.2110759896321084
18069.9	-2.3581219896321084
18071.6	-3.404466989632108
18073.3	-5.035365189632108
18074.9	-6.381926689632108
18076.6	-6.817155389632108
18078.3	-5.921225989632108
18079.9	-5.7281551896321075
18081.6	-4.27879548963211
18083.3	-4.474467989632109
18084.9	-5.068166989632109
18086.6	-6.160922989632109
18088.3	-6.668530989632108
18089.9	-6.714483989632109
18091.6	-5.830971989632109
18093.3	-5.777685989632109
18094.9	-5.2914539896321084
18096.6	-5.615101989632109
18098.3	-5.777243989632109
18099.9	-6.541299989632108
18101.6	-6.549869989632109
18103.3	-7.354960989632109
18104.9	-7.655006389632109
18106.6	-8.397688989632107
18108.3	-7.879989989632108
18109.9	-7.265456989632108
18111.6	-5.739080989632109
18113.3	-5.067655989632108
18115.0	-3.864671889632109
18116.6	-3.5818995896321084
18118.3	-3.220519789632109
18120.0	-3.953319789632109
18121.6	-4.930830989632109
18123.3	-5.585354989632107
18125.0	-5.551367989632109
18126.6	-5.955933989632108
18128.3	-5.692700989632109
18130.0	-5.41102658963211
18131.6	-5.437545989632108
18133.3	-5.420313989632109
18135.0	-5.125150989632109
18136.6	-4.003646389632109
18138.3	-2.479774389632109
18140.0	-1.9315899896321085
18141.6	-2.182025989632109
18143.3	-2.204600989632109
18145.0	-2.2237369896321084
18146.6	-1.7412311896321082
18148.3	-0.5385509896321086
18150.0	-0.2575773896321086
18151.6	-0.3996519896321085
18153.3	-1.5409549896321084
18155.0	-3.063944989632108
18156.6	-3.997118989632109
18158.3	-3.7221758896321093
18160.0	-2.8930649896321086
18161.7	-1.066489181632108
18163.3	-0.5195002896321084
18165.0	-0.5022087896321086
18166.7	-1.733788389632109
18168.3	-2.6661039896321084
18170.0	-3.971565789632108
18171.7	-3.863933989632108
18173.3	-3.998892989632109
18175.0	-3.5476553896321095
18176.7	-3.322664989632109
18178.3	-3.7169689896321088
18180.0	-4.874236989632109
18181.7	-4.998369989632108
18183.3	-5.274252989632108
18185.0	-4.7622629896321085
18186.7	-4.120363989632109
18188.3	-3.7054529896321085
18190.0	-2.849965989632109
18191.7	-1.8898069896321086
18193.3	-1.6980459896321087
18195.0	-0.7556549896321085
18196.7	-0.953827489632109
18198.3	-1.5134644896321086
18200.0	-2.8342135896321086
18201.7	-3.391469089632109
18203.3	-4.069690989632109
18205.0	-3.6428719896321082
18206.7	-3.3750455896321085
18208.4	-2.612666889632108
18210.0	-2.364972489632108
18211.7	-1.8201161896321083
18213.4	-2.1471541896321082
18215.0	-2.3076877896321086
18216.7	-2.9510139896321084
18218.4	-3.9837409896321083
18220.0	-4.737538389632109
18221.7	-4.620065989632108
18223.4	-4.194404989632109
18225.0	-3.7703389896321085
18226.7	-3.9703641896321082
18228.4	-4.214155989632109
18230.0	-4.558461989632108
18231.7	-4.30563598963211
18233.4	-4.281477989632109
18235.0	-3.984505989632109
18236.7	-4.608443989632108
18238.4	-5.905544149632108
18240.0	-7.3886599896321075
18241.7	-7.616620789632108
18243.4	-7.823828989632109
18245.0	-7.239993489632108
18246.7	-6.732885189632109
18248.4	-6.024253889632107
18250.0	-5.634265389632108
18251.7	-5.074575989632109
18253.4	-4.588857989632109
18255.1	-3.766966389632109
18256.7	-3.739425489632109
18258.4	-4.366748989632109
18260.1	-5.178483989632109
18261.7	-5.379153989632108
18263.4	-5.713958989632108
18265.1	-5.0058519896321085
18266.7	-4.943204789632109
18268.4	-4.902861589632108
18270.1	-5.381505989632109
18271.7	-6.276826989632109
18273.4	-7.916219989632109
18275.1	-8.572467989632107
18276.7	-8.919730989632109
18278.4	-7.832161989632108
18280.1	-7.082400089632108
18281.7	-6.000140489632108
18283.4	-5.739704189632108
18285.1	-5.103917989632109
18286.7	-4.910516989632109
18288.4	-3.6892659896321085
18290.1	-2.461406689632109
18291.7	-0.26887138963210855
18293.4	1.2358261103678914
18295.1	1.9577432103678913
18296.8	1.0440166103678912
18298.4	-0.3177339896321083
18300.1	-1.952791489632109
18301.8	-2.9335915896321083
18303.4	-4.150505089632108
18305.1	-3.9748129896321083
18306.8	-3.475616989632109
18308.4	-3.7434849896321074
18310.1	-4.475506989632109
18311.8	-4.935314989632109
18313.4	-5.946800689632108
18315.1	-6.621272989632109
18316.8	-7.076926989632109
18318.4	-6.111232989632109
18320.1	-4.995595989632109
18321.8	-3.1296242896321087
18323.4	-2.2457989896321084
18325.1	-0.6433277896321086
18326.8	-0.8280079896321084
18328.4	-1.3697249896321084
18330.1	-2.5701749896321084
18331.8	-3.581100989632109
18333.4	-5.288378989632109
18335.1	-5.368150989632108
18336.8	-5.7374129896321096
18338.4	-5.221229667632108
18340.1	-5.624358989632109
18341.8	-5.595062989632107
18343.5	-6.157293989632107
18345.1	-6.436740989632109
18346.8	-6.527968989632109
18348.5	-5.377355089632107
18350.1	-4.436016989632109
18351.8	-3.4281519896321084
18353.5	-3.5424275996321084
18355.1	-2.7202659896321086
18356.8	-2.9919729896321092
18358.5	-2.7584859896321077
18360.1	-2.900651989632108
18361.8	-2.516879989632109
18363.5	-2.808695989632109
18365.1	-3.1993569896321086
18366.8	-4.55716998963211
18368.5	-4.430896289632108
18370.1	-4.586438989632109
18371.8	-3.449748989632108
18373.5	-2.5091252896321086
18375.1	-1.3122287896321088
18376.8	-0.8755669896321081
18378.5	-1.1988350896321078
18380.1	-2.6444239896321085
18381.8	-3.395458689632109
18383.5	-3.871684989632108
18385.1	-3.035637589632109
18386.8	-2.265933989632108
18388.5	-1.8446836896321084
18390.2	-1.9139509896321083
18391.8	-2.650723989632108
18393.5	-4.666882689632108
18395.2	-6.125196989632109
18396.8	-7.334332989632108
18398.5	-6.929369869632109
18400.2	-6.359129989632109
18401.8	-5.775462989632109
18403.5	-5.061124989632108
18405.2	-4.632240089632108
18406.8	-5.206295989632109
18408.5	-4.915872989632108
18410.2	-5.234419189632108
18411.8	-4.512896989632109
18413.5	-4.687279989632108
18415.2	-4.317192989632109
18416.8	-4.440056989632108
18418.5	-5.073527989632109
18420.2	-5.748814689632108
18421.8	-5.655602989632109
18423.5	-5.555416989632109
18425.2	-5.107987989632109
18426.8	-5.159249916632108
18428.5	-4.423802989632109
18430.2	-4.822610989632109
18431.8	-4.985545989632108
18433.5	-5.250626989632107
18435.2	-5.744745689632109
18436.9	-6.603493989632109
18438.5	-8.209950989632109
18440.2	-9.767468089632107
18441.9	-9.71179948963211
18443.5	-9.056650989632109
18445.2	-6.4879519896321085
18446.9	-3.957537989632109
18448.5	-2.578832889632108
18450.2	-2.091272389632109
18451.9	-2.0150368896321083
18453.5	-1.6018909896321083
18455.2	-1.321712989632109
18456.9	-0.8834096896321088
18458.5	-0.8870547896321082
18460.2	-1.3628559896321086
18461.9	-2.2684899896321085
18463.5	-3.3485179896321084
18465.2	-4.167951389632108
18466.9	-5.095137289632109
18468.5	-5.912636589632109
18470.2	-6.135058989632109
18471.9	-5.920141989632109
18473.5	-5.6521579896321095
18475.2	-5.544400989632107
18476.9	-6.4777789896321085
18478.6	-7.391605989632109
18480.2	-8.785540989632107
18481.9	-9.465510989632108
18483.6	-9.315536989632108
18485.2	-7.690969789632109
18486.9	-6.6823098896321085
18488.6	-5.062274589632108
18490.2	-4.787182989632109
18491.9	-5.492124989632108
18493.6	-6.612113989632109
18495.2	-7.137249689632109
18496.9	-7.406876989632108
18498.6	-5.428870989632109
18500.2	-4.495349989632109
18501.9	-3.1053299896321085
18503.6	-3.3022311896321086
18505.2	-4.552172989632108
18506.9	-5.977989989632109
18508.6	-5.918942789632109
18510.2	-5.369608989632109
18511.9	-3.2825751896321087
18513.6	-2.282275819632109
18515.2	-1.9229958896321087
18516.9	-2.363848989632109
18518.6	-2.898509989632108
18520.2	-3.459039989632109
18521.9	-3.153783889632108
18523.6	-3.6524379896321095
18525.3	-4.071246989632109
18526.9	-5.257815989632109
18528.6	-5.835961689632109
18530.3	-5.097657989632109
18531.9	-3.7643729896321085
18533.6	-2.9649205896321087
18535.3	-2.0845297896321093
18536.9	-2.6768419896321083
18538.6	-3.005194989632108
18540.3	-3.449875989632109
18541.9	-4.50936898963211
18543.6	-4.941423989632108
18545.3	-5.80078578963211
18546.9	-7.41527398963211
18548.6	-7.571290989632108
18550.3	-7.684943389632108
18551.9	-6.704994989632108
18553.6	-5.244765989632109
18555.3	-4.623436389632109
18556.9	-4.663894189632108
18558.6	-5.253841589632108
18560.3	-6.7565661896321085
18561.9	-7.611194779632109
18563.6	-8.32103098963211
18565.3	-8.337434989632108
18566.9	-8.289058789632108
18568.6	-8.07896398963211
18570.3	-7.61262298963211
18572.0	-6.9505287896321075
18573.6	-6.4101848896321085
18575.3	-5.714257889632108
18577.0	-5.377267989632108
18578.6	-5.167465989632108
18580.3	-5.058650989632108
18582.0	-5.097734989632109
18583.6	-5.188992389632109
18585.3	-5.1112210896321075
18587.0	-5.1859109896321085
18588.6	-4.926466589632109
18590.3	-4.668276189632108
18592.0	-4.113579989632108
18593.6	-4.104214489632108
18595.3	-3.989574989632108
18597.0	-4.246137989632108
18598.6	-4.552485189632108
18600.3	-4.793545989632109
18602.0	-4.883169989632109
18603.6	-4.937829989632109
18605.3	-4.022929989632109
18607.0	-3.5536067896321084
18608.6	-2.765789989632109
18610.3	-2.6541947896321085
18612.0	-3.2122414896321088
18613.6	-4.285308989632108
18615.3	-4.944238989632109
18617.0	-5.931132989632109
18618.7	-6.448983989632109
18620.3	-6.748825089632109
18622.0	-7.432393989632108
18623.7	-8.797281989632108
18625.3	-10.06654498963211
18627.0	-10.912902989632107
18628.7	-10.914741089632107
18630.3	-10.567506989632108
18632.0	-9.943407989632108
18633.7	-8.57773898963211
18635.3	-7.6923669896321085
18637.0	-7.510658889632109
18638.7	-7.461455989632109
18640.3	-8.02264398963211
18642.0	-8.394751989632109
18643.7	-9.128142989632108
18645.3	-9.496004289632108
18647.0	-9.26283498963211
18648.7	-8.39684998963211
18650.3	-8.409913989632107
18652.0	-7.402906989632109
18653.7	-7.809427989632107
18655.3	-7.467301989632108
18657.0	-7.343749989632109
18658.7	-6.752858989632108
18660.4	-5.961401789632108
18662.0	-4.686994989632108
18663.7	-4.199147989632109
18665.4	-4.252970989632109
18667.0	-5.800212989632109
18668.7	-6.972460789632111
18670.4	-8.284225489632108
18672.0	-8.447491989632109
18673.7	-7.951389989632109
18675.4	-6.623057989632109
18677.0	-6.064119989632108
18678.7	-5.955630989632108
18680.4	-6.026276989632109
18682.0	-5.879050989632108
18683.7	-5.8522129896321085
18685.4	-5.273643989632109
18687.0	-6.3636249896321075
18688.7	-7.21907698963211
18690.4	-9.15187998963211
18692.0	-10.916674989632106
18693.7	-10.697310989632111
18695.4	-8.87840798963211
18697.0	-6.898445989632108
18698.7	-4.6172719896321075
18700.4	-3.8582309896321094
18702.0	-3.771523089632109
18703.7	-3.7486139896321076
18705.4	-4.155808589632109
18707.1	-3.8286729896321092
18708.7	-3.174615989632108
18710.4	-3.221814489632107
18712.1	-3.358292989632109
18713.7	-4.553083989632108
18715.4	-4.980137989632108
18717.1	-5.272835878632109
18718.7	-5.067998989632109
18720.4	-4.8968579896321085
18722.1	-4.097234989632109
18723.7	-3.447784989632108
18725.4	-2.749526989632108
18727.1	-3.0703489896321092
18728.7	-3.1975344896321087
18730.4	-3.9451004896321082
18732.1	-4.393302989632109
18733.7	-5.267786989632109
18735.4	-5.238576989632109
18737.1	-4.6548899896321085
18738.7	-4.013653989632109
18740.4	-4.628795989632108
18742.1	-4.643890989632109
18743.7	-5.345354989632109
18745.4	-5.7716315896321095
18747.1	-5.9427197896321085
18748.7	-5.917277989632108
18750.4	-5.782051989632108
18752.1	-4.69049998963211
18753.8	-4.254025889632109
18755.4	-2.497886689632108
18757.1	-1.0349199896321086
18758.8	-0.39346228963210883
18760.4	-0.873954989632109
18762.1	-2.549183989632109
18763.8	-4.693967889632107
18765.4	-5.805067989632108
18767.1	-6.546592989632108
18768.8	-6.374208989632107
18770.4	-6.446920989632109
18772.1	-6.641950989632109
18773.8	-7.302051989632109
18775.4	-7.145196989632109
18777.1	-7.061011989632109
18778.8	-5.785546989632109
18780.4	-5.340258989632109
18782.1	-4.934345389632108
18783.8	-5.1334379896321085
18785.4	-5.677513989632109
18787.1	-5.710535989632109
18788.8	-4.661320989632109
18790.4	-3.7881139896321088
18792.1	-2.5714681896321085
18793.8	-1.7039429896321088
18795.4	-1.5753189896321083
18797.1	-1.8745059896321083
18798.8	-2.631020989632108
18800.5	-3.391684489632108
18802.1	-3.490888989632109
18803.8	-4.099805289632108
18805.5	-4.720383989632109
18807.1	-4.491901989632109
18808.8	-4.67831998963211
18810.5	-5.599935989632108
18812.1	-6.712046989632109
18813.8	-8.583236989632109
18815.5	-9.26447298963211
18817.1	-10.32535398963211
18818.8	-10.646598989632109
18820.5	-9.987546989632111
18822.1	-8.940921789632108
18823.8	-7.561944989632108
18825.5	-6.707962989632108
18827.1	-6.223326989632108
18828.8	-5.1646819896321094
18830.5	-4.754292489632109
18832.1	-4.324252989632109
18833.8	-3.2658643096321085
18835.5	-2.2123595896321087
18837.1	-1.5494688896321087
18838.8	-2.2386784896321084
18840.5	-4.3934069896321075
18842.2	-6.814927989632108
18843.8	-8.89182998963211
18845.5	-10.258285989632109
18847.2	-10.265672989632108
18848.8	-9.16827898963211
18850.5	-7.925236989632109
18852.2	-7.021738989632108
18853.8	-5.989131989632108
18855.5	-4.938047989632109
18857.2	-4.676305989632108
18858.8	-4.451375989632109
18860.5	-4.477812989632108
18862.2	-4.8167379896321085
18863.8	-4.655515889632108
18865.5	-4.585334989632108
18867.2	-4.589750189632108
18868.8	-4.219064889632109
18870.5	-4.227076589632107
18872.2	-4.105274989632109
18873.8	-3.8035529896321085
18875.5	-3.5815687896321093
18877.2	-3.7980969896321084
18878.8	-4.25361258963211
18880.5	-4.865874989632108
18882.2	-4.642294989632108
18883.8	-3.7953437896321085
18885.5	-3.0514749896321076
18887.2	-2.468206989632109
18888.9	-2.6708762296321082
18890.5	-3.8600329896321086
18892.2	-5.136740989632108
18893.9	-6.497358989632109
18895.5	-6.856404989632108
18897.2	-6.441707989632107
18898.9	-6.107427989632109
18900.5	-5.185689989632109
18902.2	-3.8400149896321083
18903.9	-3.1398389896321084
18905.5	-3.4016070896321082
18907.2	-4.677810989632109
18908.9	-6.274262489632109
18910.5	-7.656604989632109
18912.2	-7.439575719632108
18913.9	-6.995501989632109
18915.5	-5.748997989632108
18917.2	-4.842680989632109
18918.9	-4.513705989632109
18920.5	-4.3153209896321085
18922.2	-4.033385989632109
18923.9	-3.4392949896321086
18925.5	-2.6764771896321085
18927.2	-2.986163989632108
18928.9	-4.089482689632108
18930.5	-5.880004289632108
18932.2	-7.307893989632109
18933.9	-8.427611889632107
18935.6	-8.29898168963211
18937.2	-6.934515889632108
18938.9	-4.579649289632108
18940.6	-1.471062989632109
18942.2	1.2611212103678913
18943.9	2.7242090103678915
18945.6	2.8797107103678914
18947.2	1.0062415103678917
18948.9	-1.2750547896321083
18950.6	-3.212200189632108
18952.2	-4.167927789632108
18953.9	-4.497706189632109
18955.6	-3.9182003896321085
18957.2	-3.5518539896321086
18958.9	-3.236289689632109
18960.6	-3.0525643896321086
18962.2	-3.446953989632109
18963.9	-3.9143719896321088
18965.6	-4.263788589632108
18967.2	-5.015222019632108
18968.9	-5.114856489632109
18970.6	-5.627549069632108
18972.2	-6.0909659896321084
18973.9	-6.404788789632109
18975.6	-6.813321989632108
18977.2	-6.919057989632108
18978.9	-6.169001189632108
18980.6	-5.402702989632108
18982.3	-5.020914289632108
18983.9	-5.147226989632109
18985.6	-5.3376629896321095
18987.3	-5.721351589632109
18988.9	-5.390280989632108
18990.6	-4.405877089632108
18992.3	-4.741558689632107
18993.9	-5.025211989632108
18995.6	-5.991389989632108
18997.3	-6.902520889632109
18998.9	-7.064896989632108
19000.6	-6.56207798963211
19002.3	-5.283230989632109
19003.9	-3.3645286896321083
19005.6	-2.8522134896321085
19007.3	-1.993945089632108
19008.9	-1.3306306896321085
19010.6	-0.5707029896321087
19012.3	-0.6252723096321083
19013.9	-0.6320219896321089
19015.6	-0.327324989632109
19017.3	-0.27863958963210866
19018.9	-1.2603829896321084
19020.6	-2.209407689632109
19022.3	-2.730458689632109
19024.0	-3.944278889632108
19025.6	-4.990265989632109
19027.3	-5.883392989632108
19029.0	-6.115713989632107
19030.6	-5.820203989632107
19032.3	-5.176697989632109
19034.0	-4.7904379896321085
19035.6	-3.153748989632109
19037.3	-2.314689989632109
19039.0	-0.6379359896321095
19040.6	-0.4935414896321088
19042.3	-1.0134829896321085
19044.0	-3.0529589896321085
19045.6	-4.772867289632108
19047.3	-6.556135989632108
19049.0	-6.511179889632108
19050.6	-6.702938989632109
19052.3	-5.1686539896321095
19054.0	-4.883784989632107
19055.6	-4.643612989632109
19057.3	-5.356176089632109
19059.0	-5.4322379896321085
19060.6	-6.372402989632108
19062.3	-6.978625789632109
19064.0	-8.326959989632108
19065.6	-8.461208989632109
19067.3	-8.633811989632107
19069.0	-8.161114189632109
19070.7	-7.526199289632109
19072.3	-6.37738398963211
19074.0	-5.946011989632109
19075.7	-5.647079059632108
19077.3	-5.3661498896321085
19079.0	-4.652450089632109
19080.7	-4.754103989632109
19082.3	-3.9261346896321094
19084.0	-3.195723989632109
19085.7	-2.357919989632108
19087.3	-2.316142989632109
19089.0	-3.0729474896321087
19090.7	-4.114149989632109
19092.3	-4.514748989632109
19094.0	-5.369373989632107
19095.7	-4.945892989632108
19097.3	-4.958700389632109
19099.0	-4.747793989632109
19100.7	-4.7775905896321085
19102.3	-5.003236889632108
19104.0	-4.385285689632108
19105.7	-3.0562141896321084
19107.3	-2.4273829896321084
19109.0	-1.242156989632108
19110.7	-1.7923849896321087
19112.3	-1.553348239632108
19114.0	-2.3241289896321087
19115.7	-3.5127149896321086
19117.4	-5.759831189632108
19119.0	-6.649450889632109
19120.7	-8.328036989632107
19122.4	-8.819759989632109
19124.0	-9.147135989632108
19125.7	-8.360270289632108
19127.4	-8.129376989632108
19129.0	-7.432424989632108
19130.7	-7.356838989632108
19132.4	-6.153218169632108
19134.0	-4.9969673896321085
19135.7	-4.5251388896321085
19137.4	-4.233310989632107
19139.0	-4.278444989632108
19140.7	-4.610956589632108
19142.4	-4.3541103496321085
19144.0	-4.175064989632108
19145.7	-3.7339052896321094
19147.4	-3.960015989632108
19149.0	-4.200593689632109
19150.7	-5.441624989632109
19152.4	-5.8680669896321085
19154.0	-6.09039698963211
19155.7	-5.111640589632108
19157.4	-4.412823589632108
19159.0	-3.3243507896321085
19160.7	-3.7914183896321085
19162.4	-4.2511109896321075
19164.1	-5.356842989632108
19165.7	-5.604085989632109
19167.4	-5.805296989632109
19169.1	-5.018153989632109
19170.7	-5.1520549896321075
19172.4	-5.365846589632108
19174.1	-5.587526689632108
19175.7	-5.949480989632109
19177.4	-5.8496079896321085
19179.1	-5.357875439632109
19180.7	-5.209409089632109
19182.4	-4.21468628963211
19184.1	-4.064022989632109
19185.7	-3.9729035896321085
19187.4	-4.416787989632108
19189.1	-5.144945989632109
19190.7	-6.109694359632108
19192.4	-6.863188989632109
19194.1	-6.726241989632108
19195.7	-5.863304089632108
19197.4	-5.335993989632108
19199.1	-5.103134989632108
19200.7	-5.318705889632108
19202.4	-5.122121989632109
19204.1	-5.035042989632108
19205.8	-4.353768989632108
19207.4	-2.925288289632108
19209.1	-2.334176389632108
19210.8	-1.8115031896321085
19212.4	-2.781387989632109
19214.1	-4.186320989632109
19215.8	-5.488207589632109
19217.4	-7.34731598963211
19219.1	-8.236753589632107
19220.8	-8.461767509632107
19222.4	-8.612252489632109
19224.1	-8.43503799963211
19225.8	-8.88945998963211
19227.4	-9.73871298963211
19229.1	-9.798668989632109
19230.8	-10.05827098963211
19232.4	-9.453964989632109
19234.1	-8.82211198963211
19235.8	-8.535809989632108
19237.4	-8.074873075632107
19239.1	-8.191924989632108
19240.8	-9.106140789632109
19242.4	-10.20983998963211
19244.1	-10.50041698963211
19245.8	-10.47694098963211
19247.4	-9.18516098963211
19249.1	-7.815311889632109
19250.8	-6.691377989632109
19252.5	-5.767005989632108
19254.1	-6.4733458896321086
19255.8	-7.269864989632109
19257.5	-7.005453989632107
19259.1	-6.3733400896321095
19260.8	-5.391124989632109
19262.5	-4.411118989632109
19264.1	-4.300287989632109
19265.8	-4.743416989632109
19267.5	-5.231839589632108
19269.1	-5.887719989632108
19270.8	-6.345712989632109
19272.5	-5.869805989632108
19274.1	-4.787822989632108
19275.8	-4.075815389632108
19277.5	-2.850678789632109
19279.1	-2.771450989632109
19280.8	-2.4713582896321094
19282.5	-2.7347399896321085
19284.1	-3.382786989632109
19285.8	-3.869480989632108
19287.5	-4.066328989632109
19289.1	-4.919234989632108
19290.8	-6.013730989632109
19292.5	-6.779809989632109
19294.1	-7.7872929896321095
19295.8	-8.748064579632109
19297.5	-9.08533898963211
19299.2	-8.55652298963211
19300.8	-7.732845989632108
19302.5	-5.683721989632108
19304.2	-4.595926689632108
19305.8	-2.872491989632109
19307.5	-2.581440989632109
19309.2	-2.885134189632109
19310.8	-3.7384630896321083
19312.5	-3.9674612896321086
19314.2	-4.461157429632109
19315.8	-3.4822484896321093
19317.5	-3.748672089632109
19319.2	-3.611060089632109
19320.8	-3.4916097896321086
19322.5	-3.5463369896321084
19324.2	-3.4036189896321076
19325.8	-2.9645865896321077
19327.5	-2.5005448896321085
19329.2	-1.8608548896321089
19330.8	-1.5767700896321084
19332.5	-2.220321989632109
19334.2	-2.1464938896321084
19335.8	-3.173151989632108
19337.5	-3.5651699896321083
19339.2	-4.004179989632109
19340.8	-3.817662689632108
19342.5	-4.177609989632108
19344.2	-4.204178189632108
19345.9	-4.447133989632109
19347.5	-3.902866289632109
19349.2	-3.69176478963211
19350.9	-3.209547989632109
19352.5	-3.245365589632108
19354.2	-3.6201779896321087
19355.9	-5.450528879632109
19357.5	-7.070544989632109
19359.2	-7.618352989632109
19360.9	-7.788979349632109
19362.5	-7.248777189632108
19364.2	-6.53819398963211
19365.9	-5.313677989632107
19367.5	-4.731226989632108
19369.2	-4.587659389632109
19370.9	-4.833604089632109
19372.5	-5.062778489632109
19374.2	-5.62730648963211
19375.9	-5.849508039632108
19377.5	-6.276901389632108
19379.2	-5.647847989632108
19380.9	-5.410564989632109
19382.5	-4.366140989632109
19384.2	-3.110796989632108
19385.9	-1.9708548896321083
19387.6	-1.7697290896321078
19389.2	-1.2918589896321078
19390.9	-1.3743348396321085
19392.6	-0.8197470896321086
19394.2	-1.0606339896321084
19395.9	-1.2736609896321087
19397.6	-1.6925390896321084
19399.2	-1.8218829896321083
19400.9	-2.5720995896321086
19402.6	-3.092207069632108
19404.2	-4.170468989632108
19405.9	-5.423380989632109
19407.6	-7.297262289632108
19409.2	-8.831012989632109
19410.9	-9.041310189632108
19412.6	-8.443874989632109
19414.2	-7.701132989632107
19415.9	-7.3567787896321075
19417.6	-6.827533389632109
19419.2	-6.298210989632109
19420.9	-6.055295989632109
19422.6	-6.002888989632108
19424.2	-5.578048189632108
19425.9	-5.479717989632109
19427.6	-6.026465989632108
19429.2	-5.931661989632109
19430.9	-5.510398989632107
19432.6	-5.030953489632108
19434.3	-4.499811989632109
19435.9	-4.775054989632109
19437.6	-4.729394989632108
19439.3	-4.819428389632108
19440.9	-5.657387989632109
19442.6	-5.63364998963211
19444.3	-5.36486518963211
19445.9	-5.535462489632108
19447.6	-5.470611289632108
19449.3	-5.663876089632108
19450.9	-5.826382689632108
19452.6	-6.164755989632107
19454.3	-7.799188989632109
19455.9	-9.522161989632108
19457.6	-10.464970989632109
19459.3	-10.855443989632109
19460.9	-9.719871989632107
19462.6	-7.320069989632108
19464.3	-5.303753989632109
19465.9	-3.7941787896321086
19467.6	-3.634695989632109
19469.3	-4.337540989632108
19470.9	-4.6785409896321095
19472.6	-4.798170989632109
19474.3	-4.701729089632108
19475.9	-4.251110189632109
19477.6	-3.4225619896321087
19479.3	-3.2989133896321086
19481.0	-3.2687429896321083
19482.6	-3.8586777896321083
19484.3	-5.427796389632109
19486.0	-5.603034989632109
19487.6	-5.464466889632108
19489.3	-4.512588989632109
19491.0	-3.0082589896321084
19492.6	-2.4718704896321086
19494.3	-2.540465989632108
19496.0	-3.0262659896321082
19497.6	-3.8466889896321077
19499.3	-3.631033989632108
19501.0	-3.3602119896321083
19502.6	-3.5466623896321097
19504.3	-3.728303989632109
19506.0	-4.622281989632107
19507.6	-5.53656998963211
19509.3	-6.842286689632109
19511.0	-7.77995908963211
19512.6	-8.46383998963211
19514.3	-8.877123989632107
19516.0	-8.589562989632109
19517.6	-7.722496989632108
19519.3	-6.657772889632109
19521.0	-6.109543819632108
19522.6	-4.744560989632109
19524.3	-4.125398989632108
19526.0	-3.168014989632108
19527.7	-3.401602389632109
19529.3	-3.005690589632109
19531.0	-3.2702529896321098
19532.7	-3.0605719896321086
19534.3	-3.627400989632109
19536.0	-2.7844609896321093
19537.7	-2.750640989632108
19539.3	-2.393332689632109
19541.0	-3.3869659896321087
19542.7	-4.217506989632108
19544.3	-5.3690022896321095
19546.0	-5.918792689632108
19547.7	-6.718763289632108
19549.3	-6.407825989632109
19551.0	-6.2398639896321075
19552.7	-5.555173689632108
19554.3	-4.584914989632109
19556.0	-3.722163989632108
19557.7	-3.152419989632109
19559.3	-2.4070509896321086
19561.0	-3.1235988896321087
19562.7	-3.3887379896321077
19564.3	-3.988068989632107
19566.0	-4.474768989632109
19567.7	-4.942050989632109
19569.4	-5.10296898963211
19571.0	-5.866747989632109
19572.7	-6.285639989632108
19574.4	-7.313600989632109
19576.0	-7.666250989632109
19577.7	-8.857955989632108
19579.4	-9.249592989632108
19581.0	-9.594567989632107
19582.7	-8.59113598963211
19584.4	-7.495298089632106
19586.0	-7.222197989632107
19587.7	-7.079014189632109
19589.4	-6.903718789632109
19591.0	-6.40330098963211
19592.7	-5.243421189632109
19594.4	-3.2179099896321093
19596.0	-2.480236989632109
19597.7	-1.8280919896321088
19599.4	-3.252271989632109
19601.0	-4.403050989632109
19602.7	-5.328396169632108
19604.4	-5.415281189632109
19606.0	-6.039779789632108
19607.7	-5.790263989632109
19609.4	-5.886503989632108
19611.0	-5.0611709896321075
19612.7	-4.531078989632109
19614.4	-4.06805118963211
19616.1	-3.723845789632108
19617.7	-4.2800419896321085
19619.4	-5.002869789632109
19621.1	-6.1160957896321095
19622.7	-6.289062989632109
19624.4	-6.103627589632109
19626.1	-6.011667989632109
19627.7	-6.231641989632108
19629.4	-6.104513989632109
19631.1	-6.549280989632109
19632.7	-6.891746989632108
19634.4	-7.564916989632107
19636.1	-7.696680989632109
19637.7	-7.3555733896321085
19639.4	-6.674844989632109
19641.1	-5.739811989632107
19642.7	-4.869327489632109
19644.4	-4.580075301132108
19646.1	-4.3241279896321085
19647.7	-4.579740989632109
19649.4	-4.874259989632108
19651.1	-5.309144989632108
19652.7	-6.348615989632108
19654.4	-7.203215989632111
19656.1	-7.563911389632108
19657.7	-8.35665798963211
19659.4	-7.375974989632108
19661.1	-6.398041989632107
19662.8	-5.059638499632109
19664.4	-4.539493989632108
19666.1	-4.505566889632108
19667.8	-4.41662098963211
19669.4	-3.582589789632108
19671.1	-4.084331989632109
19672.8	-3.686784989632108
19674.4	-4.128483489632107
19676.1	-4.472908989632109
19677.8	-4.650820989632108
19679.4	-5.170161489632108
19681.1	-5.095673989632109
19682.8	-4.612022689632108
19684.4	-4.038680289632108
19686.1	-3.0765574896321093
19687.8	-2.1503669896321087
19689.4	-2.141294689632109
19691.1	-2.4371119896321085
19692.8	-3.374214989632108
19694.4	-4.429903989632109
19696.1	-5.431521989632108
19697.8	-6.353102389632108
19699.4	-7.470422989632107
19701.1	-9.09975098963211
19702.8	-10.518067989632108
19704.4	-11.67884398963211
19706.1	-11.868965989632107
19707.8	-11.58980798963211
19709.5	-10.96490898963211
19711.1	-10.07546898963211
19712.8	-9.90061398963211
19714.5	-9.96821198963211
19716.1	-9.97934998963211
19717.8	-9.72517898963211
19719.5	-8.957575689632108
19721.1	-8.13961928963211
19722.8	-7.029756189632108
19724.5	-5.975437689632108
19726.1	-6.075218989632108
19727.8	-6.185794989632108
19729.5	-6.1575519896321085
19731.1	-6.128209789632109
19732.8	-5.977054089632108
19734.5	-6.667550389632109
19736.1	-6.794529289632109
19737.8	-6.685618589632109
19739.5	-6.322924019632108
19741.1	-5.782516569632109
19742.8	-5.589292689632109
19744.5	-5.876461789632108
19746.1	-6.120770289632108
19747.8	-6.393447989632109
19749.5	-6.30827698963211
19751.2	-5.285642689632108
19752.8	-4.375851989632109
19754.5	-4.016182589632108
19756.2	-3.8318117896321082
19757.8	-4.666219989632107
19759.5	-5.4704149896321095
19761.2	-6.520661089632108
19762.8	-7.189287989632109
19764.5	-6.462846989632108
19766.2	-5.748474989632109
19767.8	-4.890083629632109
19769.5	-3.88878898963211
19771.2	-3.8776729896321087
19772.8	-4.0358800896321085
19774.5	-4.974258989632109
19776.2	-5.879753989632109
19777.8	-6.379340589632109
19779.5	-7.020408089632109
19781.2	-7.232046289632109
19782.8	-6.49521398963211
19784.5	-6.51364798963211
19786.2	-6.417380989632109
19787.8	-6.565112989632108
19789.5	-6.797144389632109
19791.2	-7.287365989632107
19792.8	-7.295186289632109
19794.5	-7.985309989632109
19796.2	-7.572515989632109
19797.9	-7.531666989632107
19799.5	-6.487290989632109
19801.2	-5.853996689632109
19802.9	-5.456244989632109
19804.5	-5.999258989632109
19806.2	-7.19250498963211
19807.9	-8.336225989632108
19809.5	-8.355116989632107
19811.2	-8.863741989632109
19812.9	-7.781270239632109
19814.5	-6.86572998963211
19816.2	-5.527134989632108
19817.9	-3.939505189632108
19819.5	-3.540685989632108
19821.2	-3.4162898896321083
19822.9	-3.0988580896321083
19824.5	-3.3929128896321084
19826.2	-3.6435281896321086
19827.9	-3.383666989632109
19829.5	-2.098665559632108
19831.2	-1.6636408896321087
19832.9	-1.2763699896321092
19834.5	-1.0605539896321088
19836.2	-1.2752019896321083
19837.9	-1.6803849896321086
19839.5	-2.643972189632109
19841.2	-4.169378989632108
19842.9	-5.269681989632109
19844.6	-7.4221159896321085
19846.2	-9.51257188963211
19847.9	-11.081075989632108
19849.6	-11.90154898963211
19851.2	-11.74341798963211
19852.9	-10.68633198963211
19854.6	-9.077152289632108
19856.2	-6.936403989632109
19857.9	-4.943051989632108
19859.6	-3.6223649896321084
19861.2	-3.312191989632109
19862.9	-4.141042989632108
19864.6	-4.834983889632108
19866.2	-5.795749789632106
19867.9	-6.9147389896321085
19869.6	-7.0675579896321095
19871.2	-7.215472989632109
19872.9	-7.1283619896321095
19874.6	-7.513178989632108
19876.2	-7.7657639896321085
19877.9	-7.334722989632107
19879.6	-7.287512989632108
19881.2	-7.6926339896321085
19882.9	-7.985501719632109
19884.6	-8.851350289632109
19886.2	-9.051776989632108
19887.9	-9.141692989632109
19889.6	-8.71214598963211
19891.3	-7.1988479896321085
19892.9	-5.834895989632108
19894.6	-4.550028989632108
19896.3	-3.4107348896321086
19897.9	-3.3446828896321086
19899.6	-4.973902089632108
19901.3	-7.015339989632109
19902.9	-9.624899889632108
19904.6	-11.881051989632109
19906.3	-13.158215989632112
19907.9	-12.98335398963211
19909.6	-11.34925788963211
19911.3	-9.358972289632108
19912.9	-8.300207889632109
19914.6	-7.893338989632108
19916.3	-7.131835989632108
19917.9	-7.480556289632109
19919.6	-7.715632989632108
19921.3	-7.52960198963211
19922.9	-6.950559989632109
19924.6	-6.620541989632107
19926.3	-5.990885989632109
19927.9	-6.211660989632108
19929.6	-6.447052989632108
19931.3	-7.842172989632107
19933.0	-9.901448989632108
19934.6	-10.748882989632108
19936.3	-10.112601989632108
19938.0	-8.813300989632108
19939.6	-6.961236989632108
19941.3	-4.69957898963211
19943.0	-3.606079989632108
19944.6	-3.1716173896321083
19946.3	-3.874953989632109
19948.0	-4.421072589632108
19949.6	-4.527877989632108
19951.3	-5.448963989632109
19953.0	-6.183778989632108
19954.6	-7.161724989632107
19956.3	-7.330881989632109
19958.0	-7.056856989632108
19959.6	-6.772785989632108
19961.3	-5.936610989632109
19963.0	-5.249620989632108
19964.6	-5.2115949896321085
19966.3	-4.26367498963211
19968.0	-3.6140501896321107
19969.6	-2.864626889632108
19971.3	-1.9501759896321087
19973.0	-1.9087929896321083
19974.6	-1.9027457796321088
19976.3	-3.2878209896321087
19978.0	-4.371110289632108
19979.7	-5.2787116196321096
19981.3	-5.779702089632108
19983.0	-7.036038989632108
19984.7	-8.264870289632109
19986.3	-9.70364098963211
19988.0	-9.92043298963211
19989.7	-9.046360489632107
19991.3	-7.750999089632108
19993.0	-5.442145489632109
19994.7	-4.1569679896321095
19996.3	-4.282952989632109
19998.0	-5.400412489632108
19999.7	-6.565568989632108
20001.3	-8.35208598963211
20003.0	-9.49634798963211
20004.7	-11.82198198963211
20006.3	-13.180752989632108
20008.0	-13.44441198963211
20009.7	-12.527479889632108
20011.3	-11.859695989632108
20013.0	-9.93935698963211
20014.7	-8.75702738963211
20016.3	-8.13582098963211
20018.0	-7.952035989632108
20019.7	-8.633819989632109
20021.3	-9.781691989632112
20023.0	-10.894310989632107
20024.7	-12.375706989632107
20026.4	-11.610696989632109
20028.0	-9.517230989632107
20029.7	-7.2786889896321085
20031.4	-5.834234989632108
20033.0	-5.807688989632109
20034.7	-6.363490119632108
20036.4	-7.232463989632109
20038.0	-8.263533989632109
20039.7	-8.205316989632108
20041.4	-9.144270089632109
20043.0	-9.813768989632107
20044.7	-10.481743989632111
20046.4	-10.61352898963211
20048.0	-10.662431989632108
20049.7	-10.219776989632111
20051.4	-9.666123989632109
20053.0	-7.881362989632111
20054.7	-6.293922589632109
20056.4	-4.779478289632108
20058.0	-4.340865989632109
20059.7	-3.995485989632108
20061.4	-5.708875989632109
20063.0	-6.648952989632109
20064.7	-7.031622989632109
20066.4	-7.476220989632109
20068.0	-7.9805914896321095
20069.7	-9.489632189632108
20071.4	-11.39701568963211
20073.1	-12.95707298963211
20074.7	-14.19405408963211
20076.4	-14.13967198963211
20078.1	-12.911663989632109
20079.7	-11.33931698963211
20081.4	-9.39940398963211
20083.1	-8.202319989632109
20084.7	-6.951414789632109
20086.4	-6.533306089632108
20088.1	-5.987542989632108
20089.7	-5.499409989632109
20091.4	-5.425244989632107
20093.1	-5.078081689632109
20094.7	-4.824313178632107
20096.4	-4.808551989632108
20098.1	-4.989950989632108
20099.7	-4.6868509896321076
20101.4	-4.834584989632107
20103.1	-4.8688229896321085
20104.7	-5.7604848896321075
20106.4	-6.2257848896321075
20108.1	-6.615467989632107
20109.7	-5.833521989632107
20111.4	-4.942893189632108
20113.1	-3.3629749896321086
20114.8	-2.7996234896321086
20116.4	-2.2357025696321084
20118.1	-2.5012184896321092
20119.8	-2.766763789632108
20121.4	-3.76547698963211
20123.1	-4.169659989632109
20124.8	-4.383442789632109
20126.4	-4.052757989632108
20128.1	-3.003078989632109
20129.8	-1.9402277196321092
20131.4	-0.9592369896321081
20133.1	-1.0558149896321083
20134.8	-1.9525789896321075
20136.4	-3.336360589632109
20138.1	-4.067854989632108
20139.8	-4.196404989632109
20141.4	-3.2844399896321095
20143.1	-2.736206989632109
20144.8	-2.5173244896321085
20146.4	-2.9315149896321087
20148.1	-3.3336639896321087
20149.8	-3.7138609896321086
20151.4	-3.882862189632108
20153.1	-3.7593579896321083
20154.8	-3.9118639896321086
20156.4	-3.8238039896321085
20158.1	-3.9236339896321084
20159.8	-3.9963334896321094
20161.5	-4.019587989632109
20163.1	-4.167657289632108
20164.8	-4.885375289632108
20166.5	-5.606668989632109
20168.1	-6.958202989632108
20169.8	-7.1895009896321085
20171.5	-6.800893989632108
20173.1	-6.77353898963211
20174.8	-6.5102739896321085
20176.5	-6.486836689632111
20178.1	-6.729189589632109
20179.8	-6.29292098963211
20181.5	-6.5041869896321085
20183.1	-5.786711989632108
20184.8	-4.8246489896321085
20186.5	-4.088001989632109
20188.1	-3.528509789632109
20189.8	-3.254840989632109
20191.5	-3.687101989632109
20193.1	-4.113538989632109
20194.8	-5.024395589632109
20196.5	-5.075406989632109
20198.1	-5.267303989632109
20199.8	-5.339046989632108
20201.5	-5.616710989632109
20203.1	-6.160126989632107
20204.8	-6.2531531896321075
20206.5	-5.875804989632108
20208.2	-5.110029989632109
20209.8	-3.7676227896321093
20211.5	-2.918623709632109
20213.2	-2.8925109896321084
20214.8	-3.4718629896321085
20216.5	-4.223121189632109
20218.2	-5.514606689632108
20219.8	-6.664084989632109
20221.5	-7.271617989632108
20223.2	-7.297124989632107
20224.8	-6.945498789632109
20226.5	-6.372313989632109
20228.2	-6.490773989632109
20229.8	-5.933539989632108
20231.5	-5.802890989632108
20233.2	-6.103063789632109
20234.8	-6.708872389632108
20236.5	-7.588066989632108
20238.2	-8.60868898963211
20239.8	-8.339884989632107
20241.5	-7.829348989632109
20243.2	-7.061694989632109
20244.8	-5.639240989632109
20246.5	-5.381627049632108
20248.2	-5.377866989632109
20249.8	-5.697584989632109
20251.5	-6.028793989632108
20253.2	-5.856532989632108
20254.9	-5.783251989632108
20256.5	-6.168848989632108
20258.2	-6.338222989632109
20259.9	-6.257109989632108
20261.5	-5.8325659896321085
20263.2	-6.628886989632109
20264.9	-8.060200989632108
20266.5	-9.72437298963211
20268.2	-11.624238989632108
20269.9	-12.71052598963211
20271.5	-12.810789989632108
20273.2	-11.721970989632107
20274.9	-9.65164298963211
20276.5	-7.965552389632107
20278.2	-6.75415398963211
20279.9	-5.410817989632109
20281.5	-4.4877859896321075
20283.2	-3.7459599896321087
20284.9	-3.4820549896321085
20286.5	-3.9459249896321085
20288.2	-5.472964989632108
20289.9	-7.117472489632108
20291.5	-8.654233089632108
20293.2	-8.861879989632106
20294.9	-8.062974989632108
20296.6	-6.224630989632109
20298.2	-4.776792989632109
20299.9	-3.3101759896321084
20301.6	-3.3118320896321096
20303.2	-3.6080229896321088
20304.9	-4.2221841896321095
20306.6	-4.948161989632109
20308.2	-6.019046989632107
20309.9	-6.536940989632109
20311.6	-7.729370989632111
20313.2	-7.98941198963211
20314.9	-8.400766989632109
20316.6	-8.96221798963211
20318.2	-9.268575989632108
20319.9	-8.824782089632109
20321.6	-8.72879558963211
20323.2	-7.52834498963211
20324.9	-6.49521228963211
20326.6	-4.870516989632109
20328.2	-3.3889589896321075
20329.9	-3.0847769896321084
20331.6	-3.2847081896321093
20333.2	-3.7087629896321084
20334.9	-5.5444653896321086
20336.6	-6.898850989632107
20338.2	-8.40597798963211
20339.9	-9.801625989632111
20341.6	-9.606509989632107
20343.3	-9.61176298963211
20344.9	-8.97069298963211
20346.6	-7.594429289632108
20348.3	-6.278019989632108
20349.9	-5.350184989632109
20351.6	-5.234435989632108
20353.3	-6.323731989632108
20354.9	-6.974896889632109
20356.6	-7.890573989632109
20358.3	-7.742303989632108
20359.9	-7.57857518963211
20361.6	-6.516189889632109
20363.3	-5.211095039632109
20364.9	-4.724424989632108
20366.6	-4.0039997896321085
20368.3	-2.4262193896321085
20369.9	-1.4867009896321086
20371.6	-1.3049530896321087
20373.3	-3.1586513896321087
20374.9	-6.4621960896321085
20376.6	-9.280031189632108
20378.3	-11.595833789632108
20379.9	-11.864944989632109
20381.6	-10.039123489632107
20383.3	-7.073529089632108
20384.9	-5.282626209632108
20386.6	-4.722098989632109
20388.3	-6.365026989632108
20390.0	-8.35604614463211
20391.6	-10.819960989632108
20393.3	-11.771363989632107
20395.0	-10.639725989632108
20396.6	-7.847387989632109
20398.3	-4.842194889632109
20400.0	-2.657943989632108
20401.6	-2.405859989632108
20403.3	-3.3748519896321083
20405.0	-5.950523989632109
20406.6	-8.125726789632107
20408.3	-9.078363989632109
20410.0	-9.368116989632108
20411.6	-8.669951989632107
20413.3	-7.92061998963211
20415.0	-7.414665989632108
20416.6	-6.917049989632109
20418.3	-7.017020989632108
20420.0	-6.545598989632109
20421.6	-5.806780719632109
20423.3	-5.780884989632108
20425.0	-6.117152989632109
20426.6	-7.376524989632108
20428.3	-9.330716989632108
20430.0	-10.889949989632107
20431.6	-10.910250989632107
20433.3	-9.966255989632112
20435.0	-7.3248116896321065
20436.7	-5.519620989632108
20438.3	-4.507906989632109
20440.0	-4.45682298963211
20441.7	-5.38644556963211
20443.3	-7.398019989632108
20445.0	-8.123591989632107
20446.7	-9.311592989632107
20448.3	-9.925700989632109
20450.0	-9.760336689632108
20451.7	-9.70906998963211
20453.3	-8.567556989632111
20455.0	-7.242126989632108
20456.7	-6.374651989632107
20458.3	-6.102960889632108
20460.0	-6.750892989632109
20461.7	-7.953001989632108
20463.3	-8.119501989632106
20465.0	-8.40354098963211
20466.7	-6.9257439896321085
20468.3	-5.845517989632108
20470.0	-4.42698698963211
20471.7	-3.7575029896321084
20473.3	-4.340899989632109
20475.0	-4.825605989632109
20476.7	-5.272066689632109
20478.4	-6.564464079632108
20480.0	-6.232758989632107
20481.7	-6.297075989632107
20483.4	-5.7435537896321085
20485.0	-5.060846889632109
20486.7	-5.559740989632108
20488.4	-5.698680389632107
20490.0	-6.375991989632109
20491.7	-7.732273989632108
20493.4	-7.55168298963211
20495.0	-7.7549499896321095
20496.7	-7.890622989632109
20498.4	-7.935021289632109
20500.0	-8.39862198963211
20501.7	-8.655413989632109
20503.4	-9.10800798963211
20505.0	-9.719580989632108
20506.7	-10.11211398963211
20508.4	-10.37180098963211
20510.0	-10.397001989632109
20511.7	-9.60963198963211
20513.4	-7.626764889632108
20515.0	-5.768817989632108
20516.7	-3.6329639896321084
20518.4	-2.5048739896321086
20520.0	-3.0725797896321083
20521.7	-4.723940989632109
20523.4	-6.9143949896321075
20525.1	-9.412739989632108
20526.7	-11.273911989632108
20528.4	-12.093821989632108
20530.1	-10.515885989632107
20531.7	-7.973004989632109
20533.4	-5.212665989632109
20535.1	-3.244843989632108
20536.7	-2.173144989632108
20538.4	-2.386519689632108
20540.1	-3.7219865896321083
20541.7	-3.863715289632109
20543.4	-3.6039289896321085
20545.1	-3.1681389896321077
20546.7	-3.000236989632108
20548.4	-3.498190989632108
20550.1	-4.3193489896321084
20551.7	-4.727293989632108
20553.4	-5.506499089632109
20555.1	-5.783262989632108
20556.7	-5.641721989632108
20558.4	-6.212010989632109
20560.1	-6.0427249896321085
20561.7	-5.551103989632108
20563.4	-4.855851989632109
20565.1	-4.53901698963211
20566.7	-4.23366798963211
20568.4	-5.743431089632109
20570.1	-6.445602989632109
20571.8	-7.749208989632106
20573.4	-7.669858989632109
20575.1	-7.256564989632109
20576.8	-6.375704989632109
20578.4	-5.8235640736321095
20580.1	-5.639934989632108
20581.8	-6.477298989632109
20583.4	-7.159034789632109
20585.1	-8.490850589632108
20586.8	-9.433345989632107
20588.4	-9.520583989632106
20590.1	-8.862131989632108
20591.8	-7.05530578963211
20593.4	-5.398467989632108
20595.1	-3.9113440896321094
20596.8	-3.016584989632109
20598.4	-2.958091139632108
20600.1	-4.205032989632109
20601.8	-4.766269889632109
20603.4	-4.850684989632109
20605.1	-4.5228809896321085
20606.8	-5.344516989632109
20608.4	-5.505252989632109
20610.1	-6.441032989632109
20611.8	-7.087102989632109
20613.4	-7.921017989632108
20615.1	-8.11158758963211
20616.8	-8.342265789632107
20618.5	-8.143627989632108
20620.1	-9.108557989632109
20621.8	-9.56086298963211
20623.5	-9.750738989632108
20625.1	-9.618871989632108
20626.8	-8.349755989632108
20628.5	-7.475464889632109
20630.1	-7.79760698963211
20631.8	-8.392500089632106
20633.5	-9.406393089632108
20635.1	-10.48231798963211
20636.8	-10.281662989632109
20638.5	-9.935162979632107
20640.1	-8.596188989632108
20641.8	-7.233045989632108
20643.5	-7.027741989632108
20645.1	-5.397763989632109
20646.8	-4.330844489632108
20648.5	-4.001677989632109
20650.1	-4.206694989632109
20651.8	-6.107623419632108
20653.5	-7.90019088963211
20655.1	-9.529056989632107
20656.8	-11.405626189632109
20658.5	-11.532414589632108
20660.2	-11.56126798963211
20661.8	-10.671107389632109
20663.5	-9.462766589632107
20665.2	-8.196352589632108
20666.8	-6.56068998963211
20668.5	-5.721589889632109
20670.2	-5.546124989632108
20671.8	-4.745307289632109
20673.5	-4.253958989632109
20675.2	-3.290726989632108
20676.8	-2.943554989632108
20678.5	-3.0671335896321086
20680.2	-3.4650083896321084
20681.8	-4.3378649896321075
20683.5	-6.1114009896321075
20685.2	-6.793807989632109
20686.8	-7.199379189632109
20688.5	-7.572610689632109
20690.2	-7.354578089632106
20691.8	-7.0063108896321085
20693.5	-6.469838589632109
20695.2	-6.02983098963211
20696.8	-6.391049989632108
20698.5	-6.482594989632108
20700.2	-6.639759289632108
20701.8	-7.012454589632108
20703.5	-7.983704989632107
20705.2	-8.280272989632108
20706.9	-8.376101989632108
20708.5	-7.519250989632108
20710.2	-6.891800589632109
20711.9	-5.7444044896321085
20713.5	-5.452087989632109
20715.2	-4.303125289632108
20716.9	-4.384475989632109
20718.5	-3.9364845896321086
20720.2	-4.511617989632109
20721.9	-4.695691989632108
20723.5	-5.4016847896321085
20725.2	-5.513248989632109
20726.9	-6.182482989632109
20728.5	-5.534627989632108
20730.2	-5.685863989632109
20731.9	-5.645511989632109
20733.5	-6.9196329896321105
20735.2	-8.36077628963211
20736.9	-8.791540689632109
20738.5	-7.713282989632108
20740.2	-6.216688589632109
20741.9	-3.730278989632108
20743.5	-2.4489959896321083
20745.2	-2.793384289632109
20746.9	-4.458359989632109
20748.5	-6.868155089632109
20750.2	-7.800925989632108
20751.9	-7.451563989632108
20753.6	-6.471071989632108
20755.2	-5.489901069632108
20756.9	-4.778299989632109
20758.6	-5.143723989632109
20760.2	-4.740869289632108
20761.9	-5.171475989632109
20763.6	-4.1976599896321085
20765.2	-3.9682279896321075
20766.9	-3.163640789632108
20768.6	-2.7326625896321084
20770.2	-3.451614989632109
20771.9	-5.4341069896321095
20773.6	-7.7447129896321085
20775.2	-10.04122098963211
20776.9	-10.239865989632108
20778.6	-10.252904989632107
20780.2	-9.809732989632108
20781.9	-9.606015989632107
20783.6	-10.786583989632108
20785.2	-10.627856689632107
20786.9	-10.51129598963211
20788.6	-9.21163098963211
20790.2	-8.035385989632108
20791.9	-8.005260989632106
20793.6	-9.504281989632108
20795.2	-10.32297298963211
20796.9	-10.876335989632109
20798.6	-9.358081989632108
20800.3	-8.01309798963211
20801.9	-6.800129989632109
20803.6	-6.752332989632109
20805.3	-5.95319598963211
20806.9	-5.714388989632109
20808.6	-4.174282789632108
20810.3	-3.3753534736321087
20811.9	-3.108919389632108
20813.6	-3.8244499896321074
20815.3	-4.9299439896321084
20816.9	-7.068734789632107
20818.6	-7.886562989632109
20820.3	-9.884127989632109
20821.9	-10.903691889632107
20823.6	-11.907680989632107
20825.3	-12.54302598963211
20826.9	-13.006995989632111
20828.6	-12.481085989632108
20830.3	-12.885064989632108
20831.9	-12.334791989632107
20833.6	-12.08591598963211
20835.3	-11.31761598963211
20836.9	-10.448714989632109
20838.6	-8.959596989632107
20840.3	-8.443672989632109
20842.0	-7.96739868963211
20843.6	-7.393411989632108
20845.3	-7.453394989632109
20847.0	-7.499751989632108
